sample_id,sample_name,point_id,w_pred,w_true,w_diff,w_abs_error,w_sq_error
0,merged_z_m0p002_dedup_filtered,0,-0.0107423709705472,-0.001447714283131063,-0.009294656687416136,0.009294656687416136,8.63906429369295e-05
0,merged_z_m0p002_dedup_filtered,1,-0.00916291307657957,-0.001375006278976798,-0.007787906797602773,0.007787906797602773,6.0651492288147475e-05
0,merged_z_m0p002_dedup_filtered,2,-0.006762438919395208,-0.0013246310409158468,-0.0054378078784793615,0.0054378078784793615,2.9569754523252215e-05
0,merged_z_m0p002_dedup_filtered,3,-0.01112975925207138,-0.0008837009663693607,-0.01024605828570202,0.01024605828570202,0.00010498171039400301
0,merged_z_m0p002_dedup_filtered,4,-0.006624627858400345,-0.0008428021101281047,-0.00578182574827224,0.00578182574827224,3.342950898338385e-05
0,merged_z_m0p002_dedup_filtered,5,-0.0038806123193353415,-0.001263270853087306,-0.0026173414662480354,0.0026173414662480354,6.850476350941416e-06
0,merged_z_m0p002_dedup_filtered,6,-0.0008862100075930357,-0.0012019394198432565,0.0003157294122502208,0.0003157294122502208,9.968506175986986e-08
0,merged_z_m0p002_dedup_filtered,7,-0.00200708769261837,-0.0008019231609068811,-0.001205164531711489,0.001205164531711489,1.4524215484953725e-06
0,merged_z_m0p002_dedup_filtered,8,0.002130300272256136,-0.0007610530010424554,0.0028913532732985914,0.0028913532732985914,8.359923751014479e-06
0,merged_z_m0p002_dedup_filtered,9,0.0018582886550575495,-0.0011406324338167906,0.00299892108887434,0.00299892108887434,8.993527697295257e-06
0,merged_z_m0p002_dedup_filtered,10,0.0040581608191132545,-0.0010793345281854272,0.005137495347298682,0.005137495347298682,2.6393858443515602e-05
0,merged_z_m0p002_dedup_filtered,11,0.005319361574947834,-0.0007201872649602592,0.006039548839908093,0.006039548839908093,3.647615018963519e-05
0,merged_z_m0p002_dedup_filtered,12,0.007285521365702152,-0.0006793235661461949,0.007964844931848347,0.007964844931848347,6.34387547883903e-05
0,merged_z_m0p002_dedup_filtered,13,0.005527622997760773,-0.0010180397657677531,0.006545662763528526,0.006545662763528526,4.28457010138439e-05
0,merged_z_m0p002_dedup_filtered,14,0.006209039129316807,-0.0009567463421262801,0.007165785471443087,0.007165785471443087,5.134848142274482e-05
0,merged_z_m0p002_dedup_filtered,15,0.007977264933288097,-0.000638460973277688,0.008615725906565785,0.008615725906565785,7.423073289706882e-05
0,merged_z_m0p002_dedup_filtered,16,0.007552138064056635,-0.0005975988460704684,0.008149736910127103,0.008149736910127103,6.641821170428807e-05
0,merged_z_m0p002_dedup_filtered,17,0.006786365527659655,-0.0006223798263818026,0.007408745354041457,0.007408745354041457,5.488950772103088e-05
0,merged_z_m0p002_dedup_filtered,18,0.00011618295684456825,-4.381816864906796e-08,0.00011622677501321732,0.00011622677501321732,1.3508663229973037e-08
0,merged_z_m0p002_dedup_filtered,19,0.0006215230096131563,-3.940547443903597e-08,0.0006215624150875954,0.0006215624150875954,3.8633983584952416e-07
0,merged_z_m0p002_dedup_filtered,20,0.0009169450495392084,-3.528859693346931e-08,0.0009169803381361419,0.0009169803381361419,8.408529405282731e-07
0,merged_z_m0p002_dedup_filtered,21,0.0010449683759361506,-3.133590809056841e-08,0.0010449997118442411,0.0010449997118442411,1.0920243977545469e-06
0,merged_z_m0p002_dedup_filtered,22,0.0010541987139731646,-2.7436634297828277e-08,0.0010542261506074624,0.0010542261506074624,1.111392776624628e-06
0,merged_z_m0p002_dedup_filtered,23,0.0009915088303387165,-2.3607100274603e-08,0.0009915324374389911,0.0009915324374389911,9.831365744937068e-07
0,merged_z_m0p002_dedup_filtered,24,0.0008965229499153793,-1.99208045614796e-08,0.0008965428707199408,0.0008965428707199408,8.037891190387525e-07
0,merged_z_m0p002_dedup_filtered,25,0.0007989061996340752,-1.6569588368042787e-08,0.0007989227692224432,0.0007989227692224432,6.382775911820573e-07
0,merged_z_m0p002_dedup_filtered,26,0.0007182681001722813,-1.3542215349104936e-08,0.0007182816423876304,0.0007182816423876304,5.159285177910717e-07
0,merged_z_m0p002_dedup_filtered,27,0.0006658951751887798,-1.0667145389220423e-08,0.000665905842334169,0.000665905842334169,4.434305908547792e-07
0,merged_z_m0p002_dedup_filtered,28,0.0006472049281001091,-7.969680915209665e-09,0.0006472128977810243,0.0006472128977810243,4.188845350541106e-07
0,merged_z_m0p002_dedup_filtered,29,0.0052635204046964645,9.47217849898152e-05,0.005168798619706649,0.005168798619706649,2.6716479171081363e-05
0,merged_z_m0p002_dedup_filtered,30,0.01330343447625637,0.00021143874619156122,0.01309199573006481,0.01309199573006481,0.00017140035219603519
0,merged_z_m0p002_dedup_filtered,31,0.012378966435790062,0.00025207229191437364,0.012126894143875688,0.012126894143875688,0.00014706156157676646
0,merged_z_m0p002_dedup_filtered,32,0.016034414991736412,0.00037894511478953063,0.01565546987694688,0.01565546987694688,0.0002450937370679912
0,merged_z_m0p002_dedup_filtered,33,0.012985173612833023,-4.058691411046311e-05,0.013025760526943486,0.013025760526943486,0.00016967043730527906
0,merged_z_m0p002_dedup_filtered,34,0.01063845120370388,0.0004891888820566237,0.010149262321647257,0.010149262321647257,0.00010300752567360866
0,merged_z_m0p002_dedup_filtered,35,0.008436709642410278,0.0003336321096867323,0.008103077532723546,0.008103077532723546,6.565986550132911e-05
0,merged_z_m0p002_dedup_filtered,36,0.005886133760213852,0.00037446481292136014,0.005511668947292492,0.005511668947292492,3.0378494584548324e-05
0,merged_z_m0p002_dedup_filtered,37,0.0033200373873114586,0.0004153090703766793,0.0029047283169347793,0.0029047283169347793,8.437446595202755e-06
0,merged_z_m0p002_dedup_filtered,38,0.0030721123330295086,0.0006241575465537608,0.002447954786475748,0.002447954786475748,5.992482636629524e-06
0,merged_z_m0p002_dedup_filtered,39,0.0010009771212935448,0.0004561584210023284,0.0005448187002912164,0.0005448187002912164,2.9682741618701025e-07
0,merged_z_m0p002_dedup_filtered,40,-0.0008636577986180782,0.0004970102454535663,-0.0013606680440716445,0.0013606680440716445,1.8514175261577548e-06
0,merged_z_m0p002_dedup_filtered,41,-0.002145031001418829,0.0005378634086810052,-0.002682894410099834,0.002682894410099834,7.197922415744937e-06
0,merged_z_m0p002_dedup_filtered,42,-0.0028019119054079056,0.0005787170375697315,-0.003380628942977637,0.003380628942977637,1.1428652050098096e-05
0,merged_z_m0p002_dedup_filtered,43,-0.002874994184821844,0.0006195716559886932,-0.0034945658408105373,0.0034945658408105373,1.2211990415759858e-05
0,merged_z_m0p002_dedup_filtered,44,-0.0024690127465873957,0.0006604263326153159,-0.0031294390792027116,0.0031294390792027116,9.793388950441115e-06
0,merged_z_m0p002_dedup_filtered,45,-0.0017271761316806078,0.0007012812420725822,-0.00242845737375319,0.00242845737375319,5.897405216136241e-06
0,merged_z_m0p002_dedup_filtered,46,-0.0008035550708882511,0.0007421369664371014,-0.0015456920373253524,0.0015456920373253524,2.3891638742509987e-06
0,merged_z_m0p002_dedup_filtered,47,0.00016113411402329803,0.0007829946698620915,-0.0006218605558387935,0.0006218605558387935,3.8671055090813323e-07
0,merged_z_m0p002_dedup_filtered,48,0.0010562012903392315,0.0008238583686761558,0.00023234292166307569,0.00023234292166307569,5.3983233246934125e-08
0,merged_z_m0p002_dedup_filtered,49,0.0018080451991409063,0.0008647360373288393,0.000943309161812067,0.000943309161812067,8.898321747585845e-07
0,merged_z_m0p002_dedup_filtered,50,0.0023779142647981644,0.0009056436247192323,0.001472270640078932,0.001472270640078932,2.1675808376384283e-06
0,merged_z_m0p002_dedup_filtered,51,0.0027528107166290283,0.0009466128540225327,0.0018061978626064956,0.0018061978626064956,3.2623507188842732e-06
0,merged_z_m0p002_dedup_filtered,52,0.0029333666898310184,0.0009877001866698265,0.001945666503161192,0.001945666503161192,3.7856181415235005e-06
0,merged_z_m0p002_dedup_filtered,53,-0.0023569215554744005,0.0014846447156742215,-0.003841566271148622,0.003841566271148622,1.4757631415626728e-05
0,merged_z_m0p002_dedup_filtered,54,-0.0010883298236876726,0.0013856397708877921,-0.0024739695945754647,0.0024739695945754647,6.120525554883889e-06
0,merged_z_m0p002_dedup_filtered,55,0.0028123788069933653,0.00046105115325190127,0.002351327653741464,0.002351327653741464,5.528741735249338e-06
0,merged_z_m0p002_dedup_filtered,56,0.004171925596892834,0.0004815375432372093,0.0036903880536556244,0.0036903880536556244,1.3618963986564148e-05
0,merged_z_m0p002_dedup_filtered,57,0.004678243771195412,0.0005020664539188147,0.004176177317276597,0.004176177317276597,1.7440456985335555e-05
0,merged_z_m0p002_dedup_filtered,58,-0.010000258684158325,-8.765365322460639e-08,-0.0100001710305051,0.0100001710305051,0.00010000342063935345
0,merged_z_m0p002_dedup_filtered,59,-0.009582003578543663,-8.278884422452393e-08,-0.009581920789699439,0.009581920789699439,9.181320602007432e-05
0,merged_z_m0p002_dedup_filtered,60,-0.008771276101469994,-7.802069035278691e-08,-0.00877119808077964,0.00877119808077964,7.693391577227246e-05
0,merged_z_m0p002_dedup_filtered,61,-0.00764623424038291,-7.334247698054241e-08,-0.007646160897905929,0.007646160897905929,5.8463776476665604e-05
0,merged_z_m0p002_dedup_filtered,62,-0.006311236415058374,-6.88823433847574e-08,-0.00631116753271499,0.00631116753271499,3.983083562599581e-05
0,merged_z_m0p002_dedup_filtered,63,-0.004882909823209047,-6.451631406889646e-08,-0.004882845306894978,0.004882845306894978,2.3842178291066315e-05
0,merged_z_m0p002_dedup_filtered,64,-0.003475333796814084,-6.008493613762766e-08,-0.0034752737118779464,0.0034752737118779464,1.207752737246992e-05
0,merged_z_m0p002_dedup_filtered,65,-0.0021866834722459316,-5.5533046605660275e-08,-0.002186627939199326,0.002186627939199326,4.7813417444870915e-06
0,merged_z_m0p002_dedup_filtered,66,-0.0010893309954553843,-5.0840792908957155e-08,-0.0010892801546624753,0.0010892801546624753,1.186531255341506e-06
0,merged_z_m0p002_dedup_filtered,67,0.0070276325568556786,-0.0003287561412435025,0.007356388698099181,0.007356388698099181,5.411645467752136e-05
0,merged_z_m0p002_dedup_filtered,68,0.005531494040042162,-0.0003491897659841925,0.005880683806026354,0.005880683806026354,3.458244202646061e-05
0,merged_z_m0p002_dedup_filtered,69,0.0025685513392090797,-0.00036962368176318705,0.002938175020972267,0.002938175020972267,8.63287245386538e-06
0,merged_z_m0p002_dedup_filtered,70,-0.0016876724548637867,-0.00039005829603411257,-0.0012976141588296741,0.0012976141588296741,1.6838025051952427e-06
0,merged_z_m0p002_dedup_filtered,71,-0.006812839303165674,-0.00041049456922337413,-0.0064023447339423,0.0064023447339423,4.09900180922387e-05
0,merged_z_m0p002_dedup_filtered,72,-0.0121881403028965,-0.00043093538261018693,-0.011757204920286313,0.011757204920286313,0.0001382318675376047
0,merged_z_m0p002_dedup_filtered,73,-0.017097871750593185,-0.00045138722634874284,-0.016646484524244443,0.016646484524244443,0.00027710544701590973
0,merged_z_m0p002_dedup_filtered,74,-0.02085036039352417,-0.000471863808343187,-0.020378496585180983,0.020378496585180983,0.000415283123072233
0,merged_z_m0p002_dedup_filtered,75,-0.022899094969034195,-0.0004923840169794858,-0.02240671095205471,0.02240671095205471,0.0005020606956889285
0,merged_z_m0p002_dedup_filtered,76,-0.018049459904432297,-0.0009862297447398305,-0.017063230159692466,0.017063230159692466,0.0002911538234826386
0,merged_z_m0p002_dedup_filtered,77,-0.01633903943002224,-0.0009451392688788474,-0.015393900161143392,0.015393900161143392,0.00023697216217125056
0,merged_z_m0p002_dedup_filtered,78,0.000827631214633584,0.0004405994259286672,0.00038703178870491683,0.00038703178870491683,1.497936054681274e-07
0,merged_z_m0p002_dedup_filtered,79,-0.0014532757923007011,0.0004201637639198452,-0.0018734395562205464,0.0018734395562205464,3.5097757708118377e-06
0,merged_z_m0p002_dedup_filtered,80,-0.0036595966666936874,0.0003997348539996892,-0.004059331520693377,0.004059331520693377,1.64781723948948e-05
0,merged_z_m0p002_dedup_filtered,81,-0.0054442319087684155,0.00037930873804725707,-0.0058235406468156725,0.0058235406468156725,3.39136256651143e-05
0,merged_z_m0p002_dedup_filtered,82,-0.006542460061609745,0.00035888361162506044,-0.0069013436732348055,0.0069013436732348055,4.7628544496098076e-05
0,merged_z_m0p002_dedup_filtered,83,-0.006812990177422762,0.0003384589799679816,-0.0071514491573907435,0.0071514491573907435,5.114322505074477e-05
0,merged_z_m0p002_dedup_filtered,84,-0.006254136096686125,0.0003180345520377159,-0.006572170648723841,0.006572170648723841,4.319342703594715e-05
0,merged_z_m0p002_dedup_filtered,85,-0.004993137437850237,0.00029760986217297614,-0.005290747300023213,0.005290747300023213,2.7992006992702918e-05
0,merged_z_m0p002_dedup_filtered,86,-0.0032521625980734825,0.00027718511410057545,-0.003529347712174058,0.003529347712174058,1.2456295273428257e-05
0,merged_z_m0p002_dedup_filtered,87,-0.001299188006669283,0.00025676030782051384,-0.0015559483144897968,0.0015559483144897968,2.4209751573636395e-06
0,merged_z_m0p002_dedup_filtered,88,0.0006053530960343778,0.00023633554519619793,0.0003690175508381799,0.0003690175508381799,1.3617395282660868e-07
0,merged_z_m0p002_dedup_filtered,89,0.0022548609413206577,0.0002159112336812541,0.0020389497076394036,0.0020389497076394036,4.157315910282809e-06
0,merged_z_m0p002_dedup_filtered,90,0.0035265854094177485,0.0001954879699042067,0.0033310974395135418,0.0033310974395135418,1.1096210151533674e-05
0,merged_z_m0p002_dedup_filtered,91,0.004390167538076639,0.0001750672236084938,0.004215100314468145,0.004215100314468145,1.7767070661029458e-05
0,merged_z_m0p002_dedup_filtered,92,0.0048945024609565735,0.0001546525745652616,0.004739849886391312,0.004739849886391312,2.2466176945523732e-05
0,merged_z_m0p002_dedup_filtered,93,0.005137628875672817,0.00013425250654108822,0.005003376369131729,0.005003376369131729,2.5033775091185803e-05
0,merged_z_m0p002_dedup_filtered,94,-0.00011163204908370972,-0.0001346870994893834,2.3055050405673683e-05,2.3055050405673683e-05,5.315353492081542e-10
0,merged_z_m0p002_dedup_filtered,95,0.00021965522319078445,-0.00011431432358222082,0.0003339695467730053,0.0003339695467730053,1.1153565817176656e-07
0,merged_z_m0p002_dedup_filtered,96,0.000664934515953064,-0.00023012967722024769,0.0008950641931733117,0.0008950641931733117,8.011399099009914e-07
0,merged_z_m0p002_dedup_filtered,97,0.0007162028923630714,-0.00034439569571986794,0.0010605985880829394,0.0010605985880829394,1.1248693650435245e-06
0,merged_z_m0p002_dedup_filtered,98,0.0007601713296025991,-0.00040538940811529756,0.0011655607377178967,0.0011655607377178967,1.3585318333094876e-06
0,merged_z_m0p002_dedup_filtered,99,0.00045865075662732124,-0.0002708356478251517,0.0007294864044524729,0.0007294864044524729,5.321504142809969e-07
0,merged_z_m0p002_dedup_filtered,100,0.00027828337624669075,-0.000311625306494534,0.0005899086827412248,0.0005899086827412248,3.47992253973487e-07
0,merged_z_m0p002_dedup_filtered,101,0.0009011572692543268,-0.00046654770267196,0.0013677049719262868,0.0013677049719262868,1.870616890231885e-06
0,merged_z_m0p002_dedup_filtered,102,0.0012148870155215263,-0.0005277741001918912,0.0017426611157134175,0.0017426611157134175,3.036867764219533e-06
0,merged_z_m0p002_dedup_filtered,103,0.00031401379965245724,-0.0003524541389197111,0.0006664679385721684,0.0006664679385721684,4.4417951314463557e-07
0,merged_z_m0p002_dedup_filtered,104,0.0007408047094941139,-0.00039330110303126276,0.0011341058125253767,0.0011341058125253767,1.2861959940038448e-06
0,merged_z_m0p002_dedup_filtered,105,0.001762384083122015,-0.0005890292231924832,0.002351413306314498,0.002351413306314498,5.52914453711288e-06
0,merged_z_m0p002_dedup_filtered,106,0.002559422282502055,-0.0006503114709630609,0.003209733753465116,0.003209733753465116,1.0302390768133262e-05
0,merged_z_m0p002_dedup_filtered,107,0.0016556823393329978,-0.000434155750554055,0.0020898380898870528,0.0020898380898870528,4.367423241942765e-06
0,merged_z_m0p002_dedup_filtered,108,0.0005062953568994999,-0.00024187102098949254,0.0007481663778889924,0.0007481663778889924,5.597529290035346e-07
0,merged_z_m0p002_dedup_filtered,109,-0.000356398057192564,-0.000195943663129583,-0.000160454394062981,0.000160454394062981,2.5745612574118395e-08
0,merged_z_m0p002_dedup_filtered,110,-0.0006287561263889074,-0.00017551530618220568,-0.00045324082020670176,0.00045324082020670176,2.0542724110164375e-07
0,merged_z_m0p002_dedup_filtered,111,-0.000472822692245245,-0.0001550936867715791,-0.0003177290054736659,0.0003177290054736659,1.0095172091928481e-07
0,merged_z_m0p002_dedup_filtered,112,0.0007528555579483509,-0.00018960496527142823,0.0009424605232197791,0.0009424605232197791,8.882318378276998e-07
0,merged_z_m0p002_dedup_filtered,113,0.0030297162011265755,-0.00047501467633992434,0.0035047308774665,0.0035047308774665,1.2283138523467102e-05
0,merged_z_m0p002_dedup_filtered,114,0.003554137423634529,-0.0007115888292901218,0.004265726252924651,0.004265726252924651,1.8196420464890583e-05
0,merged_z_m0p002_dedup_filtered,115,0.004619738087058067,-0.0007728756172582507,0.005392613704316318,0.005392613704316318,2.908028256398016e-05
0,merged_z_m0p002_dedup_filtered,116,0.004687946289777756,-0.0005158754647709429,0.005203821754548699,0.005203821754548699,2.7079760853114297e-05
0,merged_z_m0p002_dedup_filtered,117,0.00632450869306922,-0.0005567368352785707,0.00688124552834779,0.00688124552834779,4.735154002140646e-05
0,merged_z_m0p002_dedup_filtered,118,0.005565857980400324,-0.0008341713109984994,0.006400029291398823,0.006400029291398823,4.0960374930762924e-05
0,merged_z_m0p002_dedup_filtered,119,0.0061678458005189896,-0.0008954599034041166,0.007063305703923106,0.007063305703923106,4.989028746707269e-05
0,merged_z_m0p002_dedup_filtered,120,0.0054044537246227264,-0.00027767239953391254,0.005682126124156639,0.005682126124156639,3.228655729082335e-05
0,merged_z_m0p002_dedup_filtered,121,0.003623876255005598,-0.00025723950238898396,0.003881115757394582,0.003881115757394582,1.506305952229652e-05
0,merged_z_m0p002_dedup_filtered,122,-0.001024284865707159,0.000771452090702951,-0.00179573695641011,0.00179573695641011,3.2246712166170453e-06
0,merged_z_m0p002_dedup_filtered,123,-0.0008927010931074619,0.0008390358416363597,-0.0017317369347438216,0.0017317369347438216,2.998912811155927e-06
0,merged_z_m0p002_dedup_filtered,124,0.0012744429986923933,0.0009618177427910268,0.00031262525590136647,0.00031262525590136647,9.773455062739487e-08
0,merged_z_m0p002_dedup_filtered,125,0.0031197411008179188,0.0010490822605788708,0.002070658840239048,0.002070658840239048,4.287628032660119e-06
0,merged_z_m0p002_dedup_filtered,126,0.0033072978258132935,-0.0011203712783753872,0.004427669104188681,0.004427669104188681,1.9604253696186994e-05
0,merged_z_m0p002_dedup_filtered,127,0.0027547134086489677,0.0011778248008340597,0.001576888607814908,0.001576888607814908,2.486577681456439e-06
1,merged_z_m0p004_dedup_filtered,0,-0.010748574510216713,-0.001447714283131063,-0.00930086022708565,0.00930086022708565,8.650600096378373e-05
1,merged_z_m0p004_dedup_filtered,1,-0.009168891236186028,-0.001375006278976798,-0.0077938849572092295,0.0077938849572092295,6.074464272621231e-05
1,merged_z_m0p004_dedup_filtered,2,-0.00676804268732667,-0.0013246310409158468,-0.005443411646410823,0.005443411646410823,2.9630730352280985e-05
1,merged_z_m0p004_dedup_filtered,3,-0.011135471053421497,-0.0008837009663693607,-0.010251770087052137,0.010251770087052137,0.00010509878991777697
1,merged_z_m0p004_dedup_filtered,4,-0.006629840936511755,-0.0008428021101281047,-0.00578703882638365,0.00578703882638365,3.348981837807186e-05
1,merged_z_m0p004_dedup_filtered,5,-0.003885699203237891,-0.001263270853087306,-0.002622428350150585,0.002622428350150585,6.87713045167352e-06
1,merged_z_m0p004_dedup_filtered,6,-0.000890644732862711,-0.0012019394198432565,0.0003112946869805455,0.0003112946869805455,9.690438214231582e-08
1,merged_z_m0p004_dedup_filtered,7,-0.002011653734371066,-0.0008019231609068811,-0.001209730573464185,0.001209730573464185,1.463448060373986e-06
1,merged_z_m0p004_dedup_filtered,8,0.0021265284158289433,-0.0007610530010424554,0.0028875814168713987,0.0028875814168713987,8.338126439061034e-06
1,merged_z_m0p004_dedup_filtered,9,0.0018546326318755746,-0.0011406324338167906,0.002995265065692365,0.002995265065692365,8.971612813757089e-06
1,merged_z_m0p004_dedup_filtered,10,0.004055398516356945,-0.0010793345281854272,0.005134733044542372,0.005134733044542372,2.636548343871538e-05
1,merged_z_m0p004_dedup_filtered,11,0.005316521041095257,-0.0007201872649602592,0.006036708306055516,0.006036708306055516,3.6441847172399654e-05
1,merged_z_m0p004_dedup_filtered,12,0.007283730432391167,-0.0006793235661461949,0.007963053998537362,0.007963053998537362,6.341022898362186e-05
1,merged_z_m0p004_dedup_filtered,13,0.005525853484869003,-0.0010180397657677531,0.006543893250636756,0.006543893250636756,4.2822538875729295e-05
1,merged_z_m0p004_dedup_filtered,14,0.006208344362676144,-0.0009567463421262801,0.007165090704802424,0.007165090704802424,5.133852480804609e-05
1,merged_z_m0p004_dedup_filtered,15,0.007976621389389038,-0.000638460973277688,0.008615082362666726,0.008615082362666726,7.42196441155313e-05
1,merged_z_m0p004_dedup_filtered,16,0.007552702445536852,-0.0005975988460704684,0.00815030129160732,0.00815030129160732,6.642741114397595e-05
1,merged_z_m0p004_dedup_filtered,17,0.006786668673157692,-0.0012447596527636051,0.008031428325921297,0.008031428325921297,6.450384095441097e-05
1,merged_z_m0p004_dedup_filtered,18,0.0001151813194155693,-4.381816864906796e-08,0.00011522513758421837,0.00011522513758421837,1.3276832331302053e-08
1,merged_z_m0p004_dedup_filtered,19,0.0006216914625838399,-3.940547443903597e-08,0.0006217308680582789,0.0006217308680582789,3.8654927229650106e-07
1,merged_z_m0p004_dedup_filtered,20,0.0009183443617075682,-3.528859693346931e-08,0.0009183796503045016,0.0009183796503045016,8.434211820934188e-07
1,merged_z_m0p004_dedup_filtered,21,0.0010476193856447935,-3.133590809056841e-08,0.001047650721552884,0.001047650721552884,1.0975720343702786e-06
1,merged_z_m0p004_dedup_filtered,22,0.0010580774396657944,-2.7436634297828277e-08,0.0010581048763000922,0.0010581048763000922,1.1195859292500335e-06
1,merged_z_m0p004_dedup_filtered,23,0.000996542046777904,-2.3607100274603e-08,0.0009965656538781786,0.0009965656538781786,9.931431024896417e-07
1,merged_z_m0p004_dedup_filtered,24,0.0009025874896906316,-1.99208045614796e-08,0.0009026074104951931,0.0009026074104951931,8.14700137480838e-07
1,merged_z_m0p004_dedup_filtered,25,0.0008058318635448813,-1.6569588368042787e-08,0.0008058484331332494,0.0008058484331332494,6.493916971833131e-07
1,merged_z_m0p004_dedup_filtered,26,0.000725843827240169,-1.3542215349104936e-08,0.0007258573694555182,0.0007258573694555182,5.268689207928846e-07
1,merged_z_m0p004_dedup_filtered,27,0.0006738777738064528,-1.0667145389220423e-08,0.000673888440951842,0.000673888440951842,4.541256308485042e-07
1,merged_z_m0p004_dedup_filtered,28,0.0006553309503942728,-7.969680915209665e-09,0.000655338920075188,0.000655338920075188,4.294691001653137e-07
1,merged_z_m0p004_dedup_filtered,29,0.005271592177450657,9.47217849898152e-05,0.005176870392460842,0.005176870392460842,2.679998706033767e-05
1,merged_z_m0p004_dedup_filtered,30,0.013311538845300674,0.00021143874619156122,0.013100100099109113,0.013100100099109113,0.00017161262260667858
1,merged_z_m0p004_dedup_filtered,31,0.012386417016386986,0.00025207229191437364,0.012134344724472612,0.012134344724472612,0.0001472423218923363
1,merged_z_m0p004_dedup_filtered,32,0.016041871160268784,0.00037894511478953063,0.015662926045479253,0.015662926045479253,0.00024532725230615236
1,merged_z_m0p004_dedup_filtered,33,0.012991487048566341,-8.117382822092623e-05,0.013072660876787268,0.013072660876787268,0.00017089446239948445
1,merged_z_m0p004_dedup_filtered,34,0.010643278248608112,0.0004891888820566237,0.010154089366551489,0.010154089366551489,0.00010310553086391401
1,merged_z_m0p004_dedup_filtered,35,0.008441423997282982,0.0003336321096867323,0.00810779188759625,0.00810779188759625,6.573628929257156e-05
1,merged_z_m0p004_dedup_filtered,36,0.005889140069484711,0.00037446481292136014,0.0055146752565633506,0.0055146752565633506,3.0411643185352055e-05
1,merged_z_m0p004_dedup_filtered,37,0.003321385709568858,0.0004153090703766793,0.002906076639192179,0.002906076639192179,8.445281432858508e-06
1,merged_z_m0p004_dedup_filtered,38,0.0030730492435395718,0.0006241575465537608,0.002448891696985811,0.002448891696985811,5.997070543566045e-06
1,merged_z_m0p004_dedup_filtered,39,0.0010008905082941055,0.0004561584210023284,0.0005447320872917771,0.0005447320872917771,2.967330469252563e-07
1,merged_z_m0p004_dedup_filtered,40,-0.000864845234900713,0.0004970102454535663,-0.0013618554803542793,0.0013618554803542793,1.8546503493709848e-06
1,merged_z_m0p004_dedup_filtered,41,-0.0021469537168741226,0.0005378634086810052,-0.002684817125555128,0.002684817125555128,7.208242997674099e-06
1,merged_z_m0p004_dedup_filtered,42,-0.0028042474295943975,0.0005787170375697315,-0.003382964467164129,0.003382964467164129,1.144444858609508e-05
1,merged_z_m0p004_dedup_filtered,43,-0.0028775245882570744,0.0006195716559886932,-0.0034970962442457676,0.0034970962442457676,1.2229682141517853e-05
1,merged_z_m0p004_dedup_filtered,44,-0.002471654210239649,0.0006604263326153159,-0.0031320805428549647,0.0031320805428549647,9.80992852693065e-06
1,merged_z_m0p004_dedup_filtered,45,-0.0017299747560173273,0.0007012812420725822,-0.0024312559980899096,0.0024312559980899096,5.911005728248162e-06
1,merged_z_m0p004_dedup_filtered,46,-0.0008066549198701978,0.0007421369664371014,-0.0015487918863072991,0.0015487918863072991,2.398756307091322e-06
1,merged_z_m0p004_dedup_filtered,47,0.0001575477363076061,0.0007829946698620915,-0.0006254469335544854,0.0006254469335544854,3.911838666927089e-07
1,merged_z_m0p004_dedup_filtered,48,0.0010519654024392366,0.0008238583686761558,0.00022810703376308084,0.00022810703376308084,5.20328188521913e-08
1,merged_z_m0p004_dedup_filtered,49,0.001803075079806149,0.0008647360373288393,0.0009383390424773097,0.0009383390424773097,8.804801586372344e-07
1,merged_z_m0p004_dedup_filtered,50,0.002372240647673607,0.0009056436247192323,0.0014665970229543746,0.0014665970229543746,2.1509068277386342e-06
1,merged_z_m0p004_dedup_filtered,51,0.002746587386354804,0.0009466128540225327,0.0017999745323322713,0.0017999745323322713,3.239908317044779e-06
1,merged_z_m0p004_dedup_filtered,52,0.0029268492944538593,0.0009877001866698265,0.0019391491077840328,0.0019391491077840328,3.7602992622196105e-06
1,merged_z_m0p004_dedup_filtered,53,-0.002363555133342743,0.0014846447156742215,-0.0038481998490169644,0.0038481998490169644,1.4808642077974188e-05
1,merged_z_m0p004_dedup_filtered,54,-0.0010942360386252403,0.0013856397708877921,-0.0024798758095130324,0.0024798758095130324,6.149784030607918e-06
1,merged_z_m0p004_dedup_filtered,55,0.002806339180096984,0.00046105115325190127,0.0023452880268450826,0.0023452880268450826,5.500375928862901e-06
1,merged_z_m0p004_dedup_filtered,56,0.0041656410321593285,0.0004815375432372093,0.003684103488922119,0.003684103488922119,1.357261851708813e-05
1,merged_z_m0p004_dedup_filtered,57,0.004671869333833456,0.0005020664539188147,0.004169802879914641,0.004169802879914641,1.7387256057344437e-05
1,merged_z_m0p004_dedup_filtered,58,-0.010006604716181755,-8.765365322460639e-08,-0.01000651706252853,0.01000651706252853,0.00010013038372267461
1,merged_z_m0p004_dedup_filtered,59,-0.009588262066245079,-8.278884422452393e-08,-0.009588179277400855,0.009588179277400855,9.193318185557917e-05
1,merged_z_m0p004_dedup_filtered,60,-0.008777355775237083,-7.802069035278691e-08,-0.00877727775454673,0.00877727775454673,7.70406047804609e-05
1,merged_z_m0p004_dedup_filtered,61,-0.007652031723409891,-7.334247698054241e-08,-0.007651958380932911,0.007651958380932911,5.855246706352941e-05
1,merged_z_m0p004_dedup_filtered,62,-0.006316641345620155,-6.88823433847574e-08,-0.006316572463276771,0.006316572463276771,3.989908768382637e-05
1,merged_z_m0p004_dedup_filtered,63,-0.004887802992016077,-6.451631406889646e-08,-0.004887738475702008,0.004887738475702008,2.388998740685779e-05
1,merged_z_m0p004_dedup_filtered,64,-0.0034795873798429966,-6.008493613762766e-08,-0.003479527294906859,0.003479527294906859,1.2107110196001844e-05
1,merged_z_m0p004_dedup_filtered,65,-0.0021901647560298443,-5.5533046605660275e-08,-0.0021901092229832386,0.0021901092229832386,4.7965784085962455e-06
1,merged_z_m0p004_dedup_filtered,66,-0.0010919093620032072,-5.0840792908957155e-08,-0.0010918585212102982,0.0010918585212102982,1.1921550303395392e-06
1,merged_z_m0p004_dedup_filtered,67,0.007026076782494783,-0.0003287561412435025,0.007354832923738286,0.007354832923738286,5.409356733610466e-05
1,merged_z_m0p004_dedup_filtered,68,0.005528799258172512,-0.0003491897659841925,0.0058779890241567045,0.0058779890241567045,3.455075496810669e-05
1,merged_z_m0p004_dedup_filtered,69,0.002564859576523304,-0.00036962368176318705,0.002934483258286491,0.002934483258286491,8.6111919931637e-06
1,merged_z_m0p004_dedup_filtered,70,-0.0016921996138989925,-0.00039005829603411257,-0.00130214131786488,0.00130214131786488,1.6955720116908864e-06
1,merged_z_m0p004_dedup_filtered,71,-0.006818032823503017,-0.00041049456922337413,-0.006407538254279643,0.006407538254279643,4.1056546480057015e-05
1,merged_z_m0p004_dedup_filtered,72,-0.012193836271762848,-0.00043093538261018693,-0.011762900889152661,0.011762900889152661,0.00013836583732802847
1,merged_z_m0p004_dedup_filtered,73,-0.017103921622037888,-0.00045138722634874284,-0.016652534395689145,0.016652534395689145,0.00027730690179961003
1,merged_z_m0p004_dedup_filtered,74,-0.02085663378238678,-0.000471863808343187,-0.020384769974043593,0.020384769974043593,0.0004155388468946692
1,merged_z_m0p004_dedup_filtered,75,-0.02290547639131546,-0.0004923840169794858,-0.022413092374335974,0.022413092374335974,0.0005023467097805174
1,merged_z_m0p004_dedup_filtered,76,-0.018055781722068787,-0.0009862297447398305,-0.017069551977328956,0.017069551977328956,0.00029136960470673486
1,merged_z_m0p004_dedup_filtered,77,-0.016345225274562836,-0.0009451392688788474,-0.015400086005683988,0.015400086005683988,0.00023716264898246381
1,merged_z_m0p004_dedup_filtered,78,0.0008219575975090265,0.0004405994259286672,0.00038135817158035934,0.00038135817158035934,1.454340550311148e-07
1,merged_z_m0p004_dedup_filtered,79,-0.0014585060998797417,0.0004201637639198452,-0.001878669863799587,0.001878669863799587,3.5294004571487584e-06
1,merged_z_m0p004_dedup_filtered,80,-0.0036643496714532375,0.0003997348539996892,-0.004064084525452927,0.004064084525452927,1.651678303002594e-05
1,merged_z_m0p004_dedup_filtered,81,-0.005448506213724613,0.00037930873804725707,-0.00582781495177187,0.00582781495177187,3.3963427112095766e-05
1,merged_z_m0p004_dedup_filtered,82,-0.0065462649799883366,0.00035888361162506044,-0.006905148591613397,0.006905148591613397,4.768107707226048e-05
1,merged_z_m0p004_dedup_filtered,83,-0.006816317792981863,0.0003384589799679816,-0.007154776772949845,0.007154776772949845,5.119083067074259e-05
1,merged_z_m0p004_dedup_filtered,84,-0.006256940774619579,0.0003180345520377159,-0.006574975326657295,0.006574975326657295,4.3230300546152206e-05
1,merged_z_m0p004_dedup_filtered,85,-0.004995319992303848,0.00029760986217297614,-0.005292929854476824,0.005292929854476824,2.8015106444412057e-05
1,merged_z_m0p004_dedup_filtered,86,-0.003253571456298232,0.00027718511410057545,-0.0035307565703988075,0.0035307565703988075,1.246624195941435e-05
1,merged_z_m0p004_dedup_filtered,87,-0.0012996334116905928,0.00025676030782051384,-0.0015563937195111066,0.0015563937195111066,2.422361410133617e-06
1,merged_z_m0p004_dedup_filtered,88,0.0006060695159249008,0.00023633554519619793,0.00036973397072870284,0.00036973397072870284,1.367032091108133e-07
1,merged_z_m0p004_dedup_filtered,89,0.002256907057017088,0.0002159112336812541,0.002040995823335834,0.002040995823335834,4.165663950874318e-06
1,merged_z_m0p004_dedup_filtered,90,0.0035300583112984896,0.0001954879699042067,0.003334570341394283,0.003334570341394283,1.1119359361706384e-05
1,merged_z_m0p004_dedup_filtered,91,0.004395060241222382,0.0001750672236084938,0.004219993017613888,0.004219993017613888,1.7808341068709967e-05
1,merged_z_m0p004_dedup_filtered,92,0.004900680854916573,0.0001546525745652616,0.004746028280351311,0.004746028280351311,2.2524784437894422e-05
1,merged_z_m0p004_dedup_filtered,93,0.005144832190126181,0.00013425250654108822,0.005010579683585092,0.005010579683585092,2.5105908765555684e-05
1,merged_z_m0p004_dedup_filtered,94,-0.00010361196473240852,-0.0001346870994893834,3.1075134756974876e-05,3.1075134756974876e-05,9.65664000164148e-10
1,merged_z_m0p004_dedup_filtered,95,0.00022792862728238106,-0.00011431432358222082,0.0003422429508646019,0.0003422429508646019,1.171302374165103e-07
1,merged_z_m0p004_dedup_filtered,96,0.0006734072230756283,-0.00023012967722024769,0.000903536900295876,0.000903536900295876,8.163789301962797e-07
1,merged_z_m0p004_dedup_filtered,97,0.0007247421890497208,-0.00034439569571986794,0.0010691378847695887,0.0010691378847695887,1.1430558166495903e-06
1,merged_z_m0p004_dedup_filtered,98,0.0007683797739446163,-0.00040538940811529756,0.0011737691820599139,0.0011737691820599139,1.3777340927535992e-06
1,merged_z_m0p004_dedup_filtered,99,0.00046683428809046745,-0.0002708356478251517,0.0007376699359156191,0.0007376699359156191,5.441569343537536e-07
1,merged_z_m0p004_dedup_filtered,100,0.0002859928645193577,-0.000311625306494534,0.0005976181710138917,0.0005976181710138917,3.571474783259891e-07
1,merged_z_m0p004_dedup_filtered,101,0.0009088276419788599,-0.00046654770267196,0.00137537534465082,0.00137537534465082,1.8916573386733616e-06
1,merged_z_m0p004_dedup_filtered,102,0.0012218330521136522,-0.0005277741001918912,0.0017496071523055434,0.0017496071523055434,3.061125187398713e-06
1,merged_z_m0p004_dedup_filtered,103,0.000321071594953537,-0.0003524541389197111,0.0006735257338732481,0.0006735257338732481,4.536369141894974e-07
1,merged_z_m0p004_dedup_filtered,104,0.0007470459677278996,-0.00039330110303126276,0.0011403470707591623,0.0011403470707591623,1.300391441789002e-06
1,merged_z_m0p004_dedup_filtered,105,0.0017684478079900146,-0.0005890292231924832,0.0023574770311824977,0.0023574770311824977,5.557697952553043e-06
1,merged_z_m0p004_dedup_filtered,106,0.0025644772686064243,-0.0006503114709630609,0.003214788739569485,0.003214788739569485,1.033486664006276e-05
1,merged_z_m0p004_dedup_filtered,107,0.001660961308516562,-0.000434155750554055,0.002095117059070617,0.002095117059070617,4.389515491208711e-06
1,merged_z_m0p004_dedup_filtered,108,0.0005115184467285872,-0.00048374204197898507,0.0009952604887075722,0.0009952604887075722,9.905434403824355e-07
1,merged_z_m0p004_dedup_filtered,109,-0.0003501984756439924,-0.000195943663129583,-0.00015425481251440942,0.00015425481251440942,2.3794547183855602e-08
1,merged_z_m0p004_dedup_filtered,110,-0.0006217719055712223,-0.00017551530618220568,-0.00044625659938901663,0.00044625659938901663,1.9914495249824928e-07
1,merged_z_m0p004_dedup_filtered,111,-0.0004652310162782669,-0.0001550936867715791,-0.0003101373295066878,0.0003101373295066878,9.618516315353986e-08
1,merged_z_m0p004_dedup_filtered,112,0.0007614260539412498,-0.00018960496527142823,0.0009510310192126781,0.0009510310192126781,9.044599995047053e-07
1,merged_z_m0p004_dedup_filtered,113,0.003033912740647793,-0.00047501467633992434,0.003508927416987717,0.003508927416987717,1.2312571617688093e-05
1,merged_z_m0p004_dedup_filtered,114,0.0035580918192863464,-0.0007115888292901218,0.004269680648576468,0.004269680648576468,1.823017284082837e-05
1,merged_z_m0p004_dedup_filtered,115,0.004622535314410925,-0.0007728756172582507,0.005395410931669176,0.005395410931669176,2.9110459121575242e-05
1,merged_z_m0p004_dedup_filtered,116,0.004690971691161394,-0.0005158754647709429,0.005206847155932337,0.005206847155932337,2.7111257305240667e-05
1,merged_z_m0p004_dedup_filtered,117,0.006326310336589813,-0.0005567368352785707,0.006883047171868384,0.006883047171868384,4.737633837016536e-05
1,merged_z_m0p004_dedup_filtered,118,0.005567473359405994,-0.0008341713109984994,0.006401644670404494,0.006401644670404494,4.098105448611826e-05
1,merged_z_m0p004_dedup_filtered,119,0.006168288178741932,-0.0008954599034041166,0.0070637480821460485,0.0070637480821460485,4.989653696802198e-05
1,merged_z_m0p004_dedup_filtered,120,0.005406096111983061,-0.00027767239953391254,0.005683768511516973,0.005683768511516973,3.230522449251187e-05
1,merged_z_m0p004_dedup_filtered,121,0.0036268073599785566,-0.00025723950238898396,0.0038840468623675406,0.0038840468623675406,1.5085820029067137e-05
1,merged_z_m0p004_dedup_filtered,122,-0.0010260515846312046,0.000771452090702951,-0.0017975036753341556,0.0017975036753341556,3.2310194628397973e-06
1,merged_z_m0p004_dedup_filtered,123,-0.0008949032053351402,0.0008390358416363597,-0.0017339390469715,0.0017339390469715,3.0065446186124334e-06
1,merged_z_m0p004_dedup_filtered,124,0.001272226800210774,0.0009618177427910268,0.0003104090574197471,0.0003104090574197471,9.635378292821586e-08
1,merged_z_m0p004_dedup_filtered,125,0.003117418847978115,0.0010490822605788708,0.0020683365873992443,0.0020683365873992443,4.278016238774352e-06
1,merged_z_m0p004_dedup_filtered,126,0.003304593963548541,-0.0022407425567507744,0.0055453365202993155,0.0055453365202993155,3.075075712336532e-05
1,merged_z_m0p004_dedup_filtered,127,0.002751357387751341,0.0011778248008340597,0.0015735325869172812,0.0015735325869172812,2.476004802090591e-06
2,merged_z_m0p006_dedup_filtered,0,-0.010754775255918503,-0.001447714283131063,-0.00930706097278744,0.00930706097278744,8.662138395118309e-05
2,merged_z_m0p006_dedup_filtered,1,-0.00917486660182476,-0.001375006278976798,-0.007799860322847962,0.007799860322847962,6.083782105593792e-05
2,merged_z_m0p006_dedup_filtered,2,-0.006773641332983971,-0.0013246310409158468,-0.005449010292068124,0.005449010292068124,2.969171316306434e-05
2,merged_z_m0p006_dedup_filtered,3,-0.011141173541545868,-0.0008837009663693607,-0.010257472575176507,0.010257472575176507,0.00010521574363049816
2,merged_z_m0p006_dedup_filtered,4,-0.006635045632719994,-0.0008428021101281047,-0.005792243522591889,0.005792243522591889,3.3550085025007694e-05
2,merged_z_m0p006_dedup_filtered,5,-0.003890781197696924,-0.001263270853087306,-0.002627510344609618,0.002627510344609618,6.9038106110305545e-06
2,merged_z_m0p006_dedup_filtered,6,-0.0008950738701969385,-0.0012019394198432565,0.00030686554964631796,0.00030686554964631796,9.416646555973683e-08
2,merged_z_m0p006_dedup_filtered,7,-0.0020162120927125216,-0.0008019231609068811,-0.0012142889318056405,0.0012142889318056405,1.4744976099056833e-06
2,merged_z_m0p006_dedup_filtered,8,0.0021227621473371983,-0.0007610530010424554,0.0028838151483796537,0.0028838151483796537,8.316389810023964e-06
2,merged_z_m0p006_dedup_filtered,9,0.0018509816145524383,-0.0011406324338167906,0.002991614048369229,0.002991614048369229,8.949754614400127e-06
2,merged_z_m0p006_dedup_filtered,10,0.004052639473229647,-0.0010793345281854272,0.005131974001415074,0.005131974001415074,2.6337157151200245e-05
2,merged_z_m0p006_dedup_filtered,11,0.0053136833012104034,-0.0007201872649602592,0.006033870566170663,0.006033870566170663,3.640759400930067e-05
2,merged_z_m0p006_dedup_filtered,12,0.00728194322437048,-0.0006793235661461949,0.007961266790516675,0.007961266790516675,6.338176890978367e-05
2,merged_z_m0p006_dedup_filtered,13,0.005524085834622383,-0.0010180397657677531,0.006542125600390136,0.006542125600390136,4.279940737128e-05
2,merged_z_m0p006_dedup_filtered,14,0.006207650527358055,-0.0009567463421262801,0.007164396869484335,0.007164396869484335,5.132858250347694e-05
2,merged_z_m0p006_dedup_filtered,15,0.007975977845489979,-0.000638460973277688,0.008614438818767667,0.008614438818767667,7.420855616229127e-05
2,merged_z_m0p006_dedup_filtered,16,0.007553269155323505,-0.0005975988460704684,0.008150868001393974,0.008150868001393974,6.64366491761482e-05
2,merged_z_m0p006_dedup_filtered,17,0.006786978803575039,-0.0018671395955607295,0.008654118399135768,0.008654118399135768,7.489376526626024e-05
2,merged_z_m0p006_dedup_filtered,18,0.00011418154463171959,-4.381816864906796e-08,0.00011422536280036866,0.00011422536280036866,1.3047433506875843e-08
2,merged_z_m0p006_dedup_filtered,19,0.0006218614289537072,-3.940547443903597e-08,0.0006219008344281463,0.0006219008344281463,3.8676064786242456e-07
2,merged_z_m0p006_dedup_filtered,20,0.000919744314160198,-3.528859693346931e-08,0.0009197796027571314,0.0009197796027571314,8.459945176480665e-07
2,merged_z_m0p006_dedup_filtered,21,0.001050270744599402,-3.133590809056841e-08,0.0010503020805074925,0.0010503020805074925,1.1031344603183672e-06
2,merged_z_m0p006_dedup_filtered,22,0.0010619563981890678,-2.7436634297828277e-08,0.0010619838348233657,0.0010619838348233657,1.1278096654261417e-06
2,merged_z_m0p006_dedup_filtered,23,0.001001575612463057,-2.3607100274603e-08,0.0010015992195633316,0.0010015992195633316,1.003200996629875e-06
2,merged_z_m0p006_dedup_filtered,24,0.000908652669750154,-1.99208045614796e-08,0.0009086725905547155,0.0009086725905547155,8.256858768254176e-07
2,merged_z_m0p006_dedup_filtered,25,0.000812758575193584,-1.6569588368042787e-08,0.000812775144781952,0.000812775144781952,6.60603435975323e-07
2,merged_z_m0p006_dedup_filtered,26,0.0007334208348765969,-1.3542215349104936e-08,0.000733434377091946,0.000733434377091946,5.379259855002509e-07
2,merged_z_m0p006_dedup_filtered,27,0.0006818622350692749,-1.0667145389220423e-08,0.0006818729022146641,0.0006818729022146641,4.649506547746489e-07
2,merged_z_m0p006_dedup_filtered,28,0.0006634588353335857,-7.969680915209665e-09,0.000663466805014501,0.000663466805014501,4.4018820135614984e-07
2,merged_z_m0p006_dedup_filtered,29,0.00527967419475317,9.47217849898152e-05,0.005184952409763355,0.005184952409763355,2.688373149151082e-05
2,merged_z_m0p006_dedup_filtered,30,0.013319649733603,0.00021143874619156122,0.01310821098741144,0.01310821098741144,0.00017182519529049397
2,merged_z_m0p006_dedup_filtered,31,0.012393871322274208,0.00025207229191437364,0.012141799030359834,0.012141799030359834,0.000147423283693647
2,merged_z_m0p006_dedup_filtered,32,0.016049327328801155,0.00037894511478953063,0.015670382214011624,0.015670382214011624,0.0002455608787332119
2,merged_z_m0p006_dedup_filtered,33,0.012997802346944809,-0.00012176075688330457,0.013119563103828114,0.013119563103828114,0.00017212293603532797
2,merged_z_m0p006_dedup_filtered,34,0.010648108087480068,0.0004891888820566237,0.010158919205423445,0.010158919205423445,0.0001032036394223213
2,merged_z_m0p006_dedup_filtered,35,0.008446142077445984,0.0003336321096867323,0.008112509967759252,0.008112509967759252,6.581281797699321e-05
2,merged_z_m0p006_dedup_filtered,36,0.005892150104045868,0.00037446481292136014,0.005517685291124508,0.005517685291124508,3.0444850971891743e-05
2,merged_z_m0p006_dedup_filtered,37,0.0033227361273020506,0.0004153090703766793,0.0029074270569253713,0.0029074270569253713,8.453132091341725e-06
2,merged_z_m0p006_dedup_filtered,38,0.0030739912763237953,0.0006241575465537608,0.0024498337297700346,0.0024498337297700346,6.001685303518959e-06
2,merged_z_m0p006_dedup_filtered,39,0.0010008057579398155,0.0004561584210023284,0.0005446473369374871,0.0005446473369374871,2.9664072163309663e-07
2,merged_z_m0p006_dedup_filtered,40,-0.0008660308085381985,0.0004970102454535663,-0.0013630410539917648,0.0013630410539917648,1.857880914866981e-06
2,merged_z_m0p006_dedup_filtered,41,-0.0021488741040229797,0.0005378634086810052,-0.002686737512703985,0.002686737512703985,7.218558462170796e-06
2,merged_z_m0p006_dedup_filtered,42,-0.002806581323966384,0.0005787170375697315,-0.0033852983615361154,0.0033852983615361154,1.1460244996619108e-05
2,merged_z_m0p006_dedup_filtered,43,-0.002880053361877799,0.0006195716559886932,-0.0034996250178664923,0.0034996250178664923,1.2247375265677046e-05
2,merged_z_m0p006_dedup_filtered,44,-0.0024742931127548218,0.0006604263326153159,-0.0031347194453701377,0.0031347194453701377,9.826466001181664e-06
2,merged_z_m0p006_dedup_filtered,45,-0.0017327709356322885,0.0007012812420725822,-0.0024340521777048707,0.0024340521777048707,5.9246100037898235e-06
2,merged_z_m0p006_dedup_filtered,46,-0.0008097518002614379,0.0007421369664371014,-0.0015518887666985393,0.0015518887666985393,2.408358744205113e-06
2,merged_z_m0p006_dedup_filtered,47,0.00015396482194773853,0.0007829946698620915,-0.000629029847914353,0.000629029847914353,3.956785495671541e-07
2,merged_z_m0p006_dedup_filtered,48,0.0010477332398295403,0.0008238583686761558,0.00022387487115338445,0.00022387487115338445,5.011995793394449e-08
2,merged_z_m0p006_dedup_filtered,49,0.0017981092678382993,0.0008647360373288393,0.00093337323050946,0.00093337323050946,8.711855874316655e-07
2,merged_z_m0p006_dedup_filtered,50,0.0023665721528232098,0.0009056436247192323,0.0014609285281039774,0.0014609285281039774,2.134312164228054e-06
2,merged_z_m0p006_dedup_filtered,51,0.0027403696440160275,0.0009466128540225327,0.0017937567899934947,0.0017937567899934947,3.2175634216477664e-06
2,merged_z_m0p006_dedup_filtered,52,0.002920337487012148,0.0009877001866698265,0.0019326373003423214,0.0019326373003423214,3.735086934674456e-06
2,merged_z_m0p006_dedup_filtered,53,-0.002370176836848259,0.0014846447156742215,-0.0038548215525224805,0.0038548215525224805,1.4859649201791827e-05
2,merged_z_m0p006_dedup_filtered,54,-0.001100132241845131,0.0013856397708877921,-0.002485772012732923,0.002485772012732923,6.179062499286287e-06
2,merged_z_m0p006_dedup_filtered,55,0.0028003016486763954,0.00046105115325190127,0.002339250495424494,0.002339250495424494,5.472092880343741e-06
2,merged_z_m0p006_dedup_filtered,56,0.0041593583300709724,0.0004815375432372093,0.003677820786833763,0.003677820786833763,1.352636574006652e-05
2,merged_z_m0p006_dedup_filtered,57,0.004665495827794075,0.0005020664539188147,0.00416342937387526,0.00416342937387526,1.7334144151247342e-05
2,merged_z_m0p006_dedup_filtered,58,-0.010012943297624588,-8.765365322460639e-08,-0.010012855643971363,0.010012855643971363,0.00010025727814700918
2,merged_z_m0p006_dedup_filtered,59,-0.009594513103365898,-8.278884422452393e-08,-0.009594430314521674,0.009594430314521674,9.205309306021246e-05
2,merged_z_m0p006_dedup_filtered,60,-0.008783426135778427,-7.802069035278691e-08,-0.008783348115088074,0.008783348115088074,7.714720411082123e-05
2,merged_z_m0p006_dedup_filtered,61,-0.007657820824533701,-7.334247698054241e-08,-0.00765774748205672,0.00765774748205672,5.8641096498946044e-05
2,merged_z_m0p006_dedup_filtered,62,-0.006322039291262627,-6.88823433847574e-08,-0.006321970408919242,0.006321970408919242,3.9967309851250525e-05
2,merged_z_m0p006_dedup_filtered,63,-0.004892690107226372,-6.451631406889646e-08,-0.004892625590912303,0.004892625590912303,2.393778517284996e-05
2,merged_z_m0p006_dedup_filtered,64,-0.003483835142105818,-6.008493613762766e-08,-0.00348377505716968,0.00348377505716968,1.2136688648957609e-05
2,merged_z_m0p006_dedup_filtered,65,-0.0021936416160315275,-5.5533046605660275e-08,-0.002193586082984922,0.002193586082984922,4.811819903465132e-06
2,merged_z_m0p006_dedup_filtered,66,-0.0010944842360913754,-5.0840792908957155e-08,-0.0010944333952984664,0.0010944333952984664,1.1977844567445292e-06
2,merged_z_m0p006_dedup_filtered,67,0.007024525664746761,-0.0003287561412435025,0.007353281805990264,0.007353281805990264,5.4070753318307435e-05
2,merged_z_m0p006_dedup_filtered,68,0.005526112392544746,-0.0003491897659841925,0.005875302158528939,0.005875302158528939,3.451917545401481e-05
2,merged_z_m0p006_dedup_filtered,69,0.002561174798756838,-0.00036962368176318705,0.002930798480520025,0.002930798480520025,8.589579733418486e-06
2,merged_z_m0p006_dedup_filtered,70,-0.0016967188566923141,-0.00039005829603411257,-0.0013066605606582016,0.0013066605606582016,1.7073618207796057e-06
2,merged_z_m0p006_dedup_filtered,71,-0.0068232170306146145,-0.00041049456922337413,-0.00641272246139124,0.00641272246139124,4.1123009366831725e-05
2,merged_z_m0p006_dedup_filtered,72,-0.0121995210647583,-0.00043093538261018693,-0.011768585682148114,0.011768585682148114,0.0001384996089580616
2,merged_z_m0p006_dedup_filtered,73,-0.017109958454966545,-0.00045138722634874284,-0.016658571228617802,0.016658571228617802,0.00027750799537893284
2,merged_z_m0p006_dedup_filtered,74,-0.020862892270088196,-0.000471863808343187,-0.02039102846174501,0.02039102846174501,0.000415794041727695
2,merged_z_m0p006_dedup_filtered,75,-0.02291184291243553,-0.0004923840169794858,-0.022419458895456046,0.022419458895456046,0.0005026321371650432
2,merged_z_m0p006_dedup_filtered,76,-0.01806209608912468,-0.0009862297447398305,-0.01707586634438485,0.01707586634438485,0.0002915852114112952
2,merged_z_m0p006_dedup_filtered,77,-0.016351399943232536,-0.0009451392688788474,-0.015406260674353689,0.015406260674353689,0.00023735286796613698
2,merged_z_m0p006_dedup_filtered,78,0.0008162874728441238,0.0004405994259286672,0.00037568804691545665,0.00037568804691545665,1.4114150859515036e-07
2,merged_z_m0p006_dedup_filtered,79,-0.0014637314015999436,0.0004201637639198452,-0.0018838951655197889,0.0018838951655197889,3.5490609946688327e-06
2,merged_z_m0p006_dedup_filtered,80,-0.003669097786769271,0.0003997348539996892,-0.00406883264076896,0.00406883264076896,1.655539905858691e-05
2,merged_z_m0p006_dedup_filtered,81,-0.005452776327729225,0.00037930873804725707,-0.005832085065776482,0.005832085065776482,3.4013216214453074e-05
2,merged_z_m0p006_dedup_filtered,82,-0.006550065707415342,0.00035888361162506044,-0.006908949319040403,0.006908949319040403,4.7733580693068844e-05
2,merged_z_m0p006_dedup_filtered,83,-0.00681964261457324,0.0003384589799679816,-0.007158101594541222,0.007158101594541222,5.123841843777358e-05
2,merged_z_m0p006_dedup_filtered,84,-0.006259744055569172,0.0003180345520377159,-0.006577778607606888,0.006577778607606888,4.326717141069081e-05
2,merged_z_m0p006_dedup_filtered,85,-0.004997503478080034,0.00029760986217297614,-0.00529511334025301,0.00529511334025301,2.8038225286125392e-05
2,merged_z_m0p006_dedup_filtered,86,-0.003254982875660062,0.00027718511410057545,-0.0035321679897606373,0.0035321679897606373,1.2476210707889701e-05
2,merged_z_m0p006_dedup_filtered,87,-0.0013000820763409138,0.00025676030782051384,-0.0015568423841614276,0.0015568423841614276,2.423758209121438e-06
2,merged_z_m0p006_dedup_filtered,88,0.000606782385148108,0.00023633554519619793,0.0003704468399519101,0.0003704468399519101,1.3723086123035608e-07
2,merged_z_m0p006_dedup_filtered,89,0.002258950611576438,0.0002159112336812541,0.002043039377895184,0.002043039377895184,4.17400989963034e-06
2,merged_z_m0p006_dedup_filtered,90,0.003533530980348587,0.0001954879699042067,0.0033380430104443803,0.0033380430104443803,1.1142531139576581e-05
2,merged_z_m0p006_dedup_filtered,91,0.004399954341351986,0.0001750672236084938,0.004224887117743492,0.004224887117743492,1.7849671157674912e-05
2,merged_z_m0p006_dedup_filtered,92,0.004906864371150732,0.0001546525745652616,0.0047522117965854704,0.0047522117965854704,2.2583516959606105e-05
2,merged_z_m0p006_dedup_filtered,93,0.005152043420821428,0.00013425250654108822,0.00501779091428034,0.00501779091428034,2.517822565943433e-05
2,merged_z_m0p006_dedup_filtered,94,-9.559700265526772e-05,-0.0001346870994893834,3.9090096834115684e-05,3.9090096834115684e-05,1.528035670500541e-09
2,merged_z_m0p006_dedup_filtered,95,0.00023619597777724266,-0.00011431432358222082,0.0003505103013594635,0.0003505103013594635,1.228574713591019e-07
2,merged_z_m0p006_dedup_filtered,96,0.0006818817928433418,-0.00023012967722024769,0.0009120114700635895,0.0009120114700635895,8.317649215275496e-07
2,merged_z_m0p006_dedup_filtered,97,0.0007332905661314726,-0.00034439569571986794,0.0010776862618513405,0.0010776862618513405,1.1614076789831161e-06
2,merged_z_m0p006_dedup_filtered,98,0.0007765947375446558,-0.00040538940811529756,0.0011819841456599534,0.0011819841456599534,1.3970865205914898e-06
2,merged_z_m0p006_dedup_filtered,99,0.0004750206135213375,-0.0002708356478251517,0.0007458562613464892,0.0007458562613464892,5.563015625897624e-07
2,merged_z_m0p006_dedup_filtered,100,0.00029370421543717384,-0.000311625306494534,0.0006053295219317079,0.0006053295219317079,3.6642383012207e-07
2,merged_z_m0p006_dedup_filtered,101,0.0009165015071630478,-0.00046654770267196,0.0013830492098350078,0.0013830492098350078,1.9128251168252394e-06
2,merged_z_m0p006_dedup_filtered,102,0.0012287807185202837,-0.0005277741001918912,0.001756554818712175,0.001756554818712175,3.0854848311409616e-06
2,merged_z_m0p006_dedup_filtered,103,0.0003281300887465477,-0.0003524541389197111,0.0006805842276662588,0.0006805842276662588,4.63194890948078e-07
2,merged_z_m0p006_dedup_filtered,104,0.0007532874587923288,-0.00039330110303126276,0.0011465885618235916,0.0011465885618235916,1.3146653301046921e-06
2,merged_z_m0p006_dedup_filtered,105,0.0017745104851201177,-0.0005890292231924832,0.002363539708312601,0.002363539708312601,5.586319952770414e-06
2,merged_z_m0p006_dedup_filtered,106,0.002569529227912426,-0.0006503114709630609,0.003219840698875487,0.003219840698875487,1.0367374126134984e-05
2,merged_z_m0p006_dedup_filtered,107,0.0016662402777001262,-0.000434155750554055,0.002100396028254181,0.002100396028254181,4.411663475505939e-06
2,merged_z_m0p006_dedup_filtered,108,0.0005167444469407201,-0.000725613150279969,0.001242357597220689,0.001242357597220689,1.5434523993719639e-06
2,merged_z_m0p006_dedup_filtered,109,-0.00034399726428091526,-0.000195943663129583,-0.00014805360115133226,0.00014805360115133226,2.1919868813877773e-08
2,merged_z_m0p006_dedup_filtered,110,-0.0006147886160761118,-0.00017551530618220568,-0.0004392733098939061,0.0004392733098939061,1.9296104078514768e-07
2,merged_z_m0p006_dedup_filtered,111,-0.0004576430656015873,-0.0001550936867715791,-0.0003025493788300082,0.0003025493788300082,9.153612663042382e-08
2,merged_z_m0p006_dedup_filtered,112,0.000769998412579298,-0.00018960496527142823,0.0009596033778507262,0.0009596033778507262,9.208386427825237e-07
2,merged_z_m0p006_dedup_filtered,113,0.003038108814507723,-0.00047501467633992434,0.003513123490847647,0.003513123490847647,1.2342036661945559e-05
2,merged_z_m0p006_dedup_filtered,114,0.003562041325494647,-0.0007115888292901218,0.004273630154784769,0.004273630154784769,1.8263914699885687e-05
2,merged_z_m0p006_dedup_filtered,115,0.004625326953828335,-0.0007728756172582507,0.0053982025710865855,0.0053982025710865855,2.9140590998485822e-05
2,merged_z_m0p006_dedup_filtered,116,0.004693996161222458,-0.0005158754647709429,0.005209871625993401,0.005209871625993401,2.7142762359331122e-05
2,merged_z_m0p006_dedup_filtered,117,0.006328112445771694,-0.0005567368352785707,0.006884849281050265,0.006884849281050265,4.740114962277835e-05
2,merged_z_m0p006_dedup_filtered,118,0.0055690850131213665,-0.0008341713109984994,0.006403256324119866,0.006403256324119866,4.100169155238106e-05
2,merged_z_m0p006_dedup_filtered,119,0.006168728228658438,-0.0008954599034041166,0.007064188132062554,0.007064188132062554,4.990275396517344e-05
2,merged_z_m0p006_dedup_filtered,120,0.005407745484262705,-0.00027767239953391254,0.005685417883796617,0.005685417883796617,3.2323976513394406e-05
2,merged_z_m0p006_dedup_filtered,121,0.003629744052886963,-0.00025723950238898396,0.003886983555275947,0.003886983555275947,1.510864115898564e-05
2,merged_z_m0p006_dedup_filtered,122,-0.0010278117842972279,0.000771452090702951,-0.0017992638750001788,0.0017992638750001788,3.237350491880659e-06
2,merged_z_m0p006_dedup_filtered,123,-0.0008970992639660835,0.0008390358416363597,-0.0017361351056024432,0.0017361351056024432,3.0141651049052067e-06
2,merged_z_m0p006_dedup_filtered,124,0.001270015025511384,0.0009618177427910268,0.0003081972827203572,0.0003081972827203572,9.498556507621177e-08
2,merged_z_m0p006_dedup_filtered,125,0.0031150998547673225,0.0010490822605788708,0.0020660175941884518,0.0020660175941884518,4.268428699496238e-06
2,merged_z_m0p006_dedup_filtered,126,0.003301894525066018,-0.0033611140679568052,0.006663008593022823,0.006663008593022823,4.4395683510695984e-05
2,merged_z_m0p006_dedup_filtered,127,0.0027480076532810926,0.0011778248008340597,0.001570182852447033,0.001570182852447033,2.4654741901187008e-06
3,merged_z_m0p008_dedup_filtered,0,-0.010760963894426823,-0.001447714283131063,-0.00931324961129576,0.00931324961129576,8.673661832230062e-05
3,merged_z_m0p008_dedup_filtered,1,-0.009180830791592598,-0.001375006278976798,-0.0078058245126158,0.0078058245126158,6.093089632175369e-05
3,merged_z_m0p008_dedup_filtered,2,-0.006779234856367111,-0.0013246310409158468,-0.005454603815451264,0.005454603815451264,2.975270278353549e-05
3,merged_z_m0p008_dedup_filtered,3,-0.011146873235702515,-0.0008837009663693607,-0.010263172269333154,0.010263172269333154,0.00010533270503000904
3,merged_z_m0p008_dedup_filtered,4,-0.006640249397605658,-0.0008428021101281047,-0.005797447287477553,0.005797447287477553,3.3610395051080836e-05
3,merged_z_m0p008_dedup_filtered,5,-0.003895862028002739,-0.001263270853087306,-0.002632591174915433,0.002632591174915433,6.93053629424262e-06
3,merged_z_m0p008_dedup_filtered,6,-0.0008995069656521082,-0.0012019394198432565,0.0003024324541911483,0.0003024324541911483,9.1465389348081e-08
3,merged_z_m0p008_dedup_filtered,7,-0.0020207706838846207,-0.0008019231609068811,-0.0012188475229777396,0.0012188475229777396,1.4855892842689714e-06
3,merged_z_m0p008_dedup_filtered,8,0.002118994016200304,-0.0007610530010424554,0.0028800470172427595,0.0028800470172427595,8.294670821528916e-06
3,merged_z_m0p008_dedup_filtered,9,0.001847322448156774,-0.0011406324338167906,0.0029879548819735646,0.0029879548819735646,8.927874376709659e-06
3,merged_z_m0p008_dedup_filtered,10,0.00404986971989274,-0.0010793345281854272,0.0051292042480781674,0.0051292042480781674,2.630873621850312e-05
3,merged_z_m0p008_dedup_filtered,11,0.005310842767357826,-0.0007201872649602592,0.006031030032318085,0.006031030032318085,3.637332325072268e-05
3,merged_z_m0p008_dedup_filtered,12,0.007280150428414345,-0.0006793235661461949,0.00795947399456054,0.00795947399456054,6.335322627008551e-05
3,merged_z_m0p008_dedup_filtered,13,0.005522306077182293,-0.0010180397657677531,0.006540345842950046,0.006540345842950046,4.277612374539395e-05
3,merged_z_m0p008_dedup_filtered,14,0.006206944584846497,-0.0009567463421262801,0.007163690926972777,0.007163690926972777,5.131846769719208e-05
3,merged_z_m0p008_dedup_filtered,15,0.007975328713655472,-0.000638460973277688,0.00861378968693316,0.00861378968693316,7.419737277071606e-05
3,merged_z_m0p008_dedup_filtered,16,0.0075538270175457,-0.0005975988460704684,0.008151425863616168,0.008151425863616168,6.64457436100306e-05
3,merged_z_m0p008_dedup_filtered,17,0.0067872838117182255,-0.0024895190726965666,0.009276802884414792,0.009276802884414792,8.60590717562866e-05
3,merged_z_m0p008_dedup_filtered,18,0.00011318153701722622,-4.381816864906796e-08,0.00011322535518587529,0.00011322535518587529,1.2819981056967615e-08
3,merged_z_m0p008_dedup_filtered,19,0.0006220320938155055,-3.940547443903597e-08,0.0006220714992899445,0.0006220714992899445,3.869729502288395e-07
3,merged_z_m0p008_dedup_filtered,20,0.0009211450233124197,-3.528859693346931e-08,0.0009211803119093531,0.0009211803119093531,8.485731670494131e-07
3,merged_z_m0p008_dedup_filtered,21,0.0010529218707233667,-3.133590809056841e-08,0.0010529532066314573,0.0010529532066314573,1.1087104553554684e-06
3,merged_z_m0p008_dedup_filtered,22,0.0010658326791599393,-2.7436634297828277e-08,0.0010658601157942371,0.0010658601157942371,1.1360577864409046e-06
3,merged_z_m0p008_dedup_filtered,23,0.0010066030081361532,-2.3607100274603e-08,0.0010066266152364278,0.0010066266152364278,1.0132971425023474e-06
3,merged_z_m0p008_dedup_filtered,24,0.0009147078380919993,-1.99208045614796e-08,0.0009147277588965608,0.0009147277588965608,8.367268728959246e-07
3,merged_z_m0p008_dedup_filtered,25,0.000819671549834311,-1.6569588368042787e-08,0.000819688119422679,0.000819688119422679,6.718886131226881e-07
3,merged_z_m0p008_dedup_filtered,26,0.0007409809622913599,-1.3542215349104936e-08,0.000740994504506709,0.000740994504506709,5.490728557091431e-07
3,merged_z_m0p008_dedup_filtered,27,0.0006898269057273865,-1.0667145389220423e-08,0.0006898375728727757,0.0006898375728727757,4.758758769470021e-07
3,merged_z_m0p008_dedup_filtered,28,0.0006715664640069008,-7.969680915209665e-09,0.000671574433687816,0.000671574433687816,4.5101221998311076e-07
3,merged_z_m0p008_dedup_filtered,29,0.005287741310894489,9.47217849898152e-05,0.005193019525904674,0.005193019525904674,2.6967451796427206e-05
3,merged_z_m0p008_dedup_filtered,30,0.013327758759260178,0.00021143874619156122,0.013116320013068616,0.013116320013068616,0.0001720378506852243
3,merged_z_m0p008_dedup_filtered,31,0.01240132562816143,0.00025207229191437364,0.012149253336247057,0.012149253336247057,0.00014760435662831023
3,merged_z_m0p008_dedup_filtered,32,0.016056790947914124,0.00037894511478953063,0.015677845833124593,0.015677845833124593,0.0002457948499672222
3,merged_z_m0p008_dedup_filtered,33,0.013004120439291,-0.00016234764188993722,0.013166468081180938,0.013166468081180938,0.00017335588173275645
3,merged_z_m0p008_dedup_filtered,34,0.010652938857674599,0.0004891888820566237,0.010163749975617975,0.010163749975617975,0.00010330181356687438
3,merged_z_m0p008_dedup_filtered,35,0.008450860157608986,0.0003336321096867323,0.008117228047922254,0.008117228047922254,6.588939118197572e-05
3,merged_z_m0p008_dedup_filtered,36,0.005895158741623163,0.00037446481292136014,0.005520693928701803,0.005520693928701803,3.047806145440495e-05
3,merged_z_m0p008_dedup_filtered,37,0.003324085846543312,0.0004153090703766793,0.0029087767761666328,0.0029087767761666328,8.460982333566348e-06
3,merged_z_m0p008_dedup_filtered,38,0.00307492446154356,0.0006241575465537608,0.0024507669149897993,0.0024507669149897993,6.006258471608618e-06
3,merged_z_m0p008_dedup_filtered,39,0.0010007196106016636,0.0004561584210023284,0.0005445611895993352,0.0005445611895993352,2.965468892178431e-07
3,merged_z_m0p008_dedup_filtered,40,-0.0008672187104821205,0.0004970102454535663,-0.0013642289559356868,0.0013642289559356868,1.8611206442133741e-06
3,merged_z_m0p008_dedup_filtered,41,-0.0021507975179702044,0.0005378634086810052,-0.0026886609266512096,0.0026886609266512096,7.228897578500941e-06
3,merged_z_m0p008_dedup_filtered,42,-0.002808917546644807,0.0005787170375697315,-0.0033876345842145383,0.0033876345842145383,1.1476068076166408e-05
3,merged_z_m0p008_dedup_filtered,43,-0.002882584696635604,0.0006195716559886932,-0.003502156352624297,0.003502156352624297,1.226509911822672e-05
3,merged_z_m0p008_dedup_filtered,44,-0.002476933877915144,0.0006604263326153159,-0.00313736021053046,0.00313736021053046,9.843029090619732e-06
3,merged_z_m0p008_dedup_filtered,45,-0.0017355676973238587,0.0007012812420725822,-0.002436848939396441,0.002436848939396441,5.938232753437559e-06
3,merged_z_m0p008_dedup_filtered,46,-0.0008128475164994597,0.0007421369664371014,-0.001554984482936561,0.001554984482936561,2.4179767421734843e-06
3,merged_z_m0p008_dedup_filtered,47,0.00015038528363220394,0.0007829946698620915,-0.0006326093862298876,0.0006326093862298876,4.001946355461551e-07
3,merged_z_m0p008_dedup_filtered,48,0.0010435068979859352,0.0008238583686761558,0.0002196485293097794,0.0002196485293097794,4.824547642794902e-08
3,merged_z_m0p008_dedup_filtered,49,0.0017931513721123338,0.0008647360373288393,0.0009284153347834945,0.0009284153347834945,8.619550338611481e-07
3,merged_z_m0p008_dedup_filtered,50,0.0023609125055372715,0.0009056436247192323,0.0014552688808180392,0.0014552688808180392,2.1178075154773883e-06
3,merged_z_m0p008_dedup_filtered,51,0.0027341623790562153,0.0009466128540225327,0.0017875495250336826,0.0017875495250336826,3.195333304448144e-06
3,merged_z_m0p008_dedup_filtered,52,0.0029138377867639065,0.0009877001866698265,0.00192613760009408,0.00192613760009408,3.710006054496182e-06
3,merged_z_m0p008_dedup_filtered,53,-0.0023767859674990177,0.0014846447156742215,-0.0038614306831732392,0.0038614306831732392,1.4910646920951749e-05
3,merged_z_m0p008_dedup_filtered,54,-0.0011060142423957586,0.0013856397708877921,-0.0024916540132835507,0.0024916540132835507,6.208339721912025e-06
3,merged_z_m0p008_dedup_filtered,55,0.002794262720271945,0.00046105115325190127,0.0023332115670200437,0.0023332115670200437,5.443876216476128e-06
3,merged_z_m0p008_dedup_filtered,56,0.004153076559305191,0.0004815375432372093,0.0036715390160679817,0.0036715390160679817,1.3480198746509443e-05
3,merged_z_m0p008_dedup_filtered,57,0.0046591246500611305,0.0005020664539188147,0.004157058196142316,0.004157058196142316,1.7281132846114005e-05
3,merged_z_m0p008_dedup_filtered,58,-0.010019290260970592,-8.765365322460639e-08,-0.010019202607317368,0.010019202607317368,0.00010038442088647515
3,merged_z_m0p008_dedup_filtered,59,-0.009600773453712463,-8.278884422452393e-08,-0.009600690664868239,0.009600690664868239,9.217326124248815e-05
3,merged_z_m0p008_dedup_filtered,60,-0.008789505809545517,-7.802069035278691e-08,-0.008789427788855164,0.008789427788855164,7.725404085549938e-05
3,merged_z_m0p008_dedup_filtered,61,-0.007663619238883257,-7.334247698054241e-08,-0.007663545896406276,0.007663545896406276,5.872993570632548e-05
3,merged_z_m0p008_dedup_filtered,62,-0.006327446550130844,-6.88823433847574e-08,-0.006327377667787459,0.006327377667787459,4.0035708150815465e-05
3,merged_z_m0p008_dedup_filtered,63,-0.004897584673017263,-6.451631406889646e-08,-0.0048975201567031945,0.0048975201567031945,2.3985703685314084e-05
3,merged_z_m0p008_dedup_filtered,64,-0.0034880894236266613,-6.008493613762766e-08,-0.0034880293386905237,0.0034880293386905237,1.2166348667565851e-05
3,merged_z_m0p008_dedup_filtered,65,-0.002197123132646084,-5.5533046605660275e-08,-0.002197067599599478,0.002197067599599478,4.827106037209813e-06
3,merged_z_m0p008_dedup_filtered,66,-0.001097062136977911,-5.0840792908957155e-08,-0.001097011296185002,0.001097011296185002,1.2034337839574984e-06
3,merged_z_m0p008_dedup_filtered,67,0.0070229764096438885,-0.0003287561412435025,0.007351732550887391,0.007351732550887391,5.4047971499777224e-05
3,merged_z_m0p008_dedup_filtered,68,0.005523426458239555,-0.0003491897659841925,0.005872616224223748,0.005872616224223748,3.448762131701599e-05
3,merged_z_m0p008_dedup_filtered,69,0.0025574928149580956,-0.00036962368176318705,0.0029271164967212826,0.0029271164967212826,8.568010985377874e-06
3,merged_z_m0p008_dedup_filtered,70,-0.0017012362368404865,-0.00039005829603411257,-0.001311177940806374,0.001311177940806374,1.719187592457243e-06
3,merged_z_m0p008_dedup_filtered,71,-0.006828400772064924,-0.00041049456922337413,-0.00641790620284155,0.00641790620284155,4.118952002847204e-05
3,merged_z_m0p008_dedup_filtered,72,-0.012205208651721478,-0.00043093538261018693,-0.01177427326911129,0.01177427326911129,0.00013863351101570868
3,merged_z_m0p008_dedup_filtered,73,-0.01711600087583065,-0.00045138722634874284,-0.016664613649481907,0.016664613649481907,0.0002777093480864987
3,merged_z_m0p008_dedup_filtered,74,-0.02086915820837021,-0.000471863808343187,-0.020397294400027022,0.020397294400027022,0.0004160496188413737
3,merged_z_m0p008_dedup_filtered,75,-0.0229182168841362,-0.0004923840169794858,-0.022425832867156714,0.022425832867156714,0.0005029179797856464
3,merged_z_m0p008_dedup_filtered,76,-0.018068403005599976,-0.0009862297447398305,-0.017082173260860145,0.017082173260860145,0.0002918006433140453
3,merged_z_m0p008_dedup_filtered,77,-0.01635757088661194,-0.0009451392688788474,-0.015412431617733091,0.015412431617733091,0.00023754304837129866
3,merged_z_m0p008_dedup_filtered,78,0.0008106117602437735,0.0004405994259286672,0.00037001233431510627,0.00037001233431510627,1.3690912754531397e-07
3,merged_z_m0p008_dedup_filtered,79,-0.0014689667150378227,0.0004201637639198452,-0.001889130478957668,0.001889130478957668,3.568813966526828e-06
3,merged_z_m0p008_dedup_filtered,80,-0.0036738584749400616,0.0003997348539996892,-0.004073593328939751,0.004073593328939751,1.659416260958244e-05
3,merged_z_m0p008_dedup_filtered,81,-0.005457059480249882,0.00037930873804725707,-0.005836368218297139,0.005836368218297139,3.406319397954892e-05
3,merged_z_m0p008_dedup_filtered,82,-0.006553879007697105,0.00035888361162506044,-0.006912762619322166,0.006912762619322166,4.778628703109785e-05
3,merged_z_m0p008_dedup_filtered,83,-0.006822977680712938,0.0003384589799679816,-0.00716143666068092,0.00716143666068092,5.128617504494468e-05
3,merged_z_m0p008_dedup_filtered,84,-0.0062625533901154995,0.0003180345520377159,-0.006580587942153215,0.006580587942153215,4.330413766441229e-05
3,merged_z_m0p008_dedup_filtered,85,-0.0049996874295175076,0.00029760986217297614,-0.005297297291690484,0.005297297291690484,2.8061358596551333e-05
3,merged_z_m0p008_dedup_filtered,86,-0.003256389405578375,0.00027718511410057545,-0.0035335745196789503,0.0035335745196789503,1.2486148886124324e-05
3,merged_z_m0p008_dedup_filtered,87,-0.0013005227083340287,0.00025676030782051384,-0.0015572830161545426,0.0015572830161545426,2.4251303924033893e-06
3,merged_z_m0p008_dedup_filtered,88,0.0006075052078813314,0.00023633554519619793,0.0003711696626851335,0.0003711696626851335,1.377669184977958e-07
3,merged_z_m0p008_dedup_filtered,89,0.002261003013700247,0.0002159112336812541,0.0020450917800189927,0.0020450917800189927,4.182400388701252e-06
3,merged_z_m0p008_dedup_filtered,90,0.003537009237334132,0.0001954879699042067,0.0033415212674299255,0.0033415212674299255,1.1165764380686495e-05
3,merged_z_m0p008_dedup_filtered,91,0.004404849838465452,0.0001750672236084938,0.004229782614856958,0.004229782614856958,1.789106096894617e-05
3,merged_z_m0p008_dedup_filtered,92,0.004913043230772018,0.0001546525745652616,0.004758390656206757,0.004758390656206757,2.264228163707577e-05
3,merged_z_m0p008_dedup_filtered,93,0.0051592448726296425,0.00013425250654108822,0.005024992366088554,0.005024992366088554,2.5250548279248246e-05
3,merged_z_m0p008_dedup_filtered,94,-8.759740740060806e-05,-0.0001346870994893834,4.708969208877534e-05,4.708969208877534e-05,2.2174391010156705e-09
3,merged_z_m0p008_dedup_filtered,95,0.0002444479614496231,-0.00011431432358222082,0.00035876228503184393,0.00035876228503184393,1.2871037716127003e-07
3,merged_z_m0p008_dedup_filtered,96,0.0006903465837240219,-0.00023012967722024769,0.0009204762609442696,0.0009204762609442696,8.472765469619431e-07
3,merged_z_m0p008_dedup_filtered,97,0.0007418324239552021,-0.00034439569571986794,0.00108622811967507,0.00108622811967507,1.1798915279728383e-06
3,merged_z_m0p008_dedup_filtered,98,0.0007848041132092476,-0.00040538940811529756,0.0011901935213245451,0.0011901935213245451,1.4165606182029205e-06
3,merged_z_m0p008_dedup_filtered,99,0.0004831966944038868,-0.0002708356478251517,0.0007540323422290385,0.0007540323422290385,5.685647731274098e-07
3,merged_z_m0p008_dedup_filtered,100,0.00030140578746795654,-0.000311625306494534,0.0006130310939624906,0.0006130310939624906,3.7580712216484793e-07
3,merged_z_m0p008_dedup_filtered,101,0.0009241716470569372,-0.00046654770267196,0.0013907193497288972,0.0013907193497288972,1.9341003097103667e-06
3,merged_z_m0p008_dedup_filtered,102,0.0012357246596366167,-0.0005277741001918912,0.001763498759828508,0.001763498759828508,3.1099278759166854e-06
3,merged_z_m0p008_dedup_filtered,103,0.00033517880365252495,-0.0003524541389197111,0.0006876329425722361,0.0006876329425722361,4.728390637105521e-07
3,merged_z_m0p008_dedup_filtered,104,0.0007595184724777937,-0.00039330110303126276,0.0011528195755090564,0.0011528195755090564,1.328992973676881e-06
3,merged_z_m0p008_dedup_filtered,105,0.0017805706011131406,-0.0005890292231924832,0.0023695998243056238,0.0023695998243056238,5.615003327349243e-06
3,merged_z_m0p008_dedup_filtered,106,0.00257457816042006,-0.0006503114709630609,0.003224889631383121,0.003224889631383121,1.0399913134602362e-05
3,merged_z_m0p008_dedup_filtered,107,0.001671508769504726,-0.000434155750554055,0.002105664520058781,0.002105664520058781,4.433823071034376e-06
3,merged_z_m0p008_dedup_filtered,108,0.0005219541490077972,-0.0009674840257503092,0.0014894381747581065,0.0014894381747581065,2.2184260764267597e-06
3,merged_z_m0p008_dedup_filtered,109,-0.00033781398087739944,-0.000195943663129583,-0.00014187031774781644,0.00014187031774781644,2.01271870578664e-08
3,merged_z_m0p008_dedup_filtered,110,-0.0006078225560486317,-0.00017551530618220568,-0.000432307249866426,0.000432307249866426,1.8688955828707248e-07
3,merged_z_m0p008_dedup_filtered,111,-0.00045007094740867615,-0.0001550936867715791,-0.00029497726063709706,0.00029497726063709706,8.701158429296589e-08
3,merged_z_m0p008_dedup_filtered,112,0.0007785609923303127,-0.00018960496527142823,0.000968165957601741,0.000968165957601741,9.373453214588961e-07
3,merged_z_m0p008_dedup_filtered,113,0.0030422951094806194,-0.00047501467633992434,0.0035173097858205438,0.0035173097858205438,1.237146812942896e-05
3,merged_z_m0p008_dedup_filtered,114,0.00356598780490458,-0.0007115888292901218,0.004277576634194702,0.004277576634194702,1.8297661861408475e-05
3,merged_z_m0p008_dedup_filtered,115,0.004628113005310297,-0.0007728756172582507,0.005400988622568548,0.005400988622568548,2.91706781011149e-05
3,merged_z_m0p008_dedup_filtered,116,0.004697011783719063,-0.0005158754647709429,0.005212887248490006,0.005212887248490006,2.7174193465469703e-05
3,merged_z_m0p008_dedup_filtered,117,0.006329905707389116,-0.0005567368352785707,0.006886642542667687,0.006886642542667687,4.7425845510480464e-05
3,merged_z_m0p008_dedup_filtered,118,0.005570688284933567,-0.0008341713109984994,0.0064048595959320664,0.0064048595959320664,4.1022226443603073e-05
3,merged_z_m0p008_dedup_filtered,119,0.006169158965349197,-0.0008954599034041166,0.007064618868753314,0.007064618868753314,4.9908839760745354e-05
3,merged_z_m0p008_dedup_filtered,120,0.005409385077655315,-0.00027767239953391254,0.005687057477189228,0.005687057477189228,3.2342622748853905e-05
3,merged_z_m0p008_dedup_filtered,121,0.003632668638601899,-0.00025723950238898396,0.003889908140990883,0.003889908140990883,1.5131385345347148e-05
3,merged_z_m0p008_dedup_filtered,122,-0.0010295826941728592,0.000771452090702951,-0.0018010347848758101,0.0018010347848758101,3.2437262963326557e-06
3,merged_z_m0p008_dedup_filtered,123,-0.0008993027731776237,0.0008390358416363597,-0.0017383386148139834,0.0017383386148139834,3.0218211397533987e-06
3,merged_z_m0p008_dedup_filtered,124,0.001267804647795856,0.0009618177427910268,0.00030598690500482917,0.00030598690500482917,9.362798603443435e-08
3,merged_z_m0p008_dedup_filtered,125,0.0031127906404435635,0.0010490822605788708,0.0020637083798646927,0.0020637083798646927,4.258892277123755e-06
3,merged_z_m0p008_dedup_filtered,126,0.003299207892268896,-0.004481485113501549,0.007780693005770445,0.007780693005770445,6.053918365004512e-05
3,merged_z_m0p008_dedup_filtered,127,0.002744672354310751,0.0011778248008340597,0.0015668475534766912,0.0015668475534766912,2.455011255835893e-06
4,merged_z_m0p010_dedup_filtered,0,-0.010767180472612381,-0.001447714283131063,-0.009319466189481318,0.009319466189481318,8.685245005688544e-05
4,merged_z_m0p010_dedup_filtered,1,-0.009186818264424801,-0.001375006278976798,-0.007811811985448003,0.007811811985448003,6.102440649598907e-05
4,merged_z_m0p010_dedup_filtered,2,-0.006784847937524319,-0.0013246310409158468,-0.005460216896608472,0.005460216896608472,2.981396855800865e-05
4,merged_z_m0p010_dedup_filtered,3,-0.011152585968375206,-0.0008837009663693607,-0.010268885002005845,0.010268885002005845,0.00010544999918442059
4,merged_z_m0p010_dedup_filtered,4,-0.006645461078733206,-0.0008428021101281047,-0.005802658968605101,0.005802658968605101,3.3670851105933216e-05
4,merged_z_m0p010_dedup_filtered,5,-0.0039009556639939547,-0.001263270853087306,-0.0026376848109066486,0.0026376848109066486,6.957381161687643e-06
4,merged_z_m0p010_dedup_filtered,6,-0.0009039462311193347,-0.0012019394198432565,0.0002979931887239218,0.0002979931887239218,8.879994052585086e-08
4,merged_z_m0p010_dedup_filtered,7,-0.002025333931669593,-0.0008019231609068811,-0.0012234107707627118,0.0012234107707627118,1.4967339140182125e-06
4,merged_z_m0p010_dedup_filtered,8,0.002115224953740835,-0.0007610530010424554,0.0028762779547832906,0.0028762779547832906,8.27297487317235e-06
4,merged_z_m0p010_dedup_filtered,9,0.0018436636310070753,-0.0011406324338167906,0.002984296064823866,0.002984296064823866,8.906023002523212e-06
4,merged_z_m0p010_dedup_filtered,10,0.004047104623168707,-0.0010793345281854272,0.005126439151354134,0.005126439151354134,2.6280378372536494e-05
4,merged_z_m0p010_dedup_filtered,11,0.0053080045618116856,-0.0007201872649602592,0.006028191826771945,0.006028191826771945,3.633909670036007e-05
4,merged_z_m0p010_dedup_filtered,12,0.0072783613577485085,-0.0006793235661461949,0.007957684923894703,0.007957684923894703,6.332474934798105e-05
4,merged_z_m0p010_dedup_filtered,13,0.005520534701645374,-0.0010180397657677531,0.006538574467413127,0.006538574467413127,4.275295606590686e-05
4,merged_z_m0p010_dedup_filtered,14,0.0062062484212219715,-0.0009567463421262801,0.007162994763348252,0.007162994763348252,5.130849397975447e-05
4,merged_z_m0p010_dedup_filtered,15,0.007974686101078987,-0.000638460973277688,0.008613147074356675,0.008613147074356675,7.418630252449895e-05
4,merged_z_m0p010_dedup_filtered,16,0.007554393727332354,-0.0005975988460704684,0.008151992573402822,0.008151992573402822,6.645498291681476e-05
4,merged_z_m0p010_dedup_filtered,17,0.006787597667425871,-0.003111898899078369,0.00989949656650424,0.00989949656650424,9.800003227022924e-05
4,merged_z_m0p010_dedup_filtered,18,0.0001121873501688242,-4.381816864906796e-08,0.00011223116833747326,0.00011223116833747326,1.259583514639426e-08
4,merged_z_m0p010_dedup_filtered,19,0.0006222083466127515,-3.940547443903597e-08,0.0006222477520871905,0.0006222477520871905,3.871922649775617e-07
4,merged_z_m0p010_dedup_filtered,20,0.0009225523681379855,-3.528859693346931e-08,0.0009225876567349189,0.0009225876567349189,8.511679843596286e-07
4,merged_z_m0p010_dedup_filtered,21,0.0010555812623351812,-3.133590809056841e-08,0.0010556125982432718,0.0010556125982432718,1.1143179575699112e-06
4,merged_z_m0p010_dedup_filtered,22,0.001069719553925097,-2.7436634297828277e-08,0.0010697469905593948,0.0010697469905593948,1.144358623810882e-06
4,merged_z_m0p010_dedup_filtered,23,0.0010116440244019032,-2.3607100274603e-08,0.0010116676315021778,0.0010116676315021778,1.023471396629226e-06
4,merged_z_m0p010_dedup_filtered,24,0.0009207797702401876,-1.99208045614796e-08,0.0009207996910447491,0.0009207996910447491,8.478720710281055e-07
4,merged_z_m0p010_dedup_filtered,25,0.0008266038494184613,-1.6569588368042787e-08,0.0008266204190068294,0.0008266204190068294,6.833013171190261e-07
4,merged_z_m0p010_dedup_filtered,26,0.0007485626265406609,-1.3542215349104936e-08,0.00074857616875601,0.00074857616875601,5.603662804294263e-07
4,merged_z_m0p010_dedup_filtered,27,0.0006978155579417944,-1.0667145389220423e-08,0.0006978262250871836,0.0006978262250871836,4.869614404194286e-07
4,merged_z_m0p010_dedup_filtered,28,0.0006796983070671558,-7.969680915209665e-09,0.000679706276748071,0.000679706276748071,4.6200062265072535e-07
4,merged_z_m0p010_dedup_filtered,29,0.0052958205342292786,9.47217849898152e-05,0.005201098749239463,0.005201098749239463,2.705142819934031e-05
4,merged_z_m0p010_dedup_filtered,30,0.01333586685359478,0.00021143874619156122,0.013124428107403219,0.013124428107403219,0.00017225061314639562
4,merged_z_m0p010_dedup_filtered,31,0.012408776208758354,0.00025207229191437364,0.01215670391684398,0.01215670391684398,0.00014778545012180978
4,merged_z_m0p010_dedup_filtered,32,0.016064245253801346,0.00037894511478953063,0.015685300139011815,0.015685300139011815,0.0002460286404508841
4,merged_z_m0p010_dedup_filtered,33,0.013010432943701744,-0.00020293456327635795,0.013213367506978102,0.013213367506978102,0.0001745930808744647
4,merged_z_m0p010_dedup_filtered,34,0.010657763108611107,0.0004891888820566237,0.010168574226554483,0.010168574226554483,0.0001033999018009481
4,merged_z_m0p010_dedup_filtered,35,0.008455576375126839,0.0003336321096867323,0.008121944265440106,0.008121944265440106,6.596597865091543e-05
4,merged_z_m0p010_dedup_filtered,36,0.005898166447877884,0.00037446481292136014,0.005523701634956524,0.005523701634956524,3.0511279752021373e-05
4,merged_z_m0p010_dedup_filtered,37,0.003325434634461999,0.0004153090703766793,0.0029101255640853196,0.0029101255640853196,8.468830798742899e-06
4,merged_z_m0p010_dedup_filtered,38,0.0030758590437471867,0.0006241575465537608,0.002451701497193426,0.002451701497193426,6.010840231340486e-06
4,merged_z_m0p010_dedup_filtered,39,0.0010006341617554426,0.0004561584210023284,0.0005444757407531142,0.0005444757407531142,2.9645383226865245e-07
4,merged_z_m0p010_dedup_filtered,40,-0.0008684052154421806,0.0004970102454535663,-0.001365415460895747,0.001365415460895747,1.864359380853145e-06
4,merged_z_m0p010_dedup_filtered,41,-0.0021527183707803488,0.0005378634086810052,-0.002690581779461354,0.002690581779461354,7.239230311969426e-06
4,merged_z_m0p010_dedup_filtered,42,-0.0028112519066780806,0.0005787170375697315,-0.003389968944247812,0.003389968944247812,1.1491889442964625e-05
4,merged_z_m0p010_dedup_filtered,43,-0.002885113237425685,0.0006195716559886932,-0.003504684893414378,0.003504684893414378,1.2282816202126951e-05
4,merged_z_m0p010_dedup_filtered,44,-0.002479572780430317,0.0006604263326153159,-0.003139999113045633,0.003139999113045633,9.859594429927361e-06
4,merged_z_m0p010_dedup_filtered,45,-0.001738363760523498,0.0007012812420725822,-0.0024396450025960803,0.0024396450025960803,5.951867738692029e-06
4,merged_z_m0p010_dedup_filtered,46,-0.0008159448625519872,0.0007421369664371014,-0.0015580818289890885,0.0015580818289890885,2.4276189858259833e-06
4,merged_z_m0p010_dedup_filtered,47,0.0001468014088459313,0.0007829946698620915,-0.0006361932610161602,0.0006361932610161602,4.047418653623762e-07
4,merged_z_m0p010_dedup_filtered,48,0.0010392731055617332,0.0008238583686761558,0.00021541473688557744,0.00021541473688557744,4.640350886748256e-08
4,merged_z_m0p010_dedup_filtered,49,0.001788183581084013,0.0008647360373288393,0.0009234475437551737,0.0009234475437551737,8.527553660674634e-07
4,merged_z_m0p010_dedup_filtered,50,0.0023552412167191505,0.0009056436247192323,0.0014495975919999182,0.0014495975919999182,2.1013331787319614e-06
4,merged_z_m0p010_dedup_filtered,51,0.002727941144257784,0.0009466128540225327,0.0017813282902352512,0.0017813282902352512,3.1731304775924433e-06
4,merged_z_m0p010_dedup_filtered,52,0.0029073222540318966,0.0009877001866698265,0.00191962206736207,0.00191962206736207,3.684948881503428e-06
4,merged_z_m0p010_dedup_filtered,53,-0.0023834158200770617,0.0014846447156742215,-0.003868060535751283,0.003868060535751283,1.4961892308236504e-05
4,merged_z_m0p010_dedup_filtered,54,-0.0011119164992123842,0.0013856397708877921,-0.0024975562701001763,0.0024975562701001763,6.237787322316705e-06
4,merged_z_m0p010_dedup_filtered,55,0.002788225654512644,0.00046105115325190127,0.0023271745012607425,0.0023271745012607425,5.415741159318186e-06
4,merged_z_m0p010_dedup_filtered,56,0.00414679478853941,0.0004815375432372093,0.0036652572453022003,0.0036652572453022003,1.3434110674240274e-05
4,merged_z_m0p010_dedup_filtered,57,0.004652753472328186,0.0005020664539188147,0.004150687018409371,0.004150687018409371,1.7228202724792077e-05
4,merged_z_m0p010_dedup_filtered,58,-0.01002562791109085,-8.765365322460639e-08,-0.010025540257437626,0.010025540257437626,0.0001005114574535025
4,merged_z_m0p010_dedup_filtered,59,-0.009607024490833282,-8.278884422452393e-08,-0.009606941701989058,0.009606941701989058,9.229332886541642e-05
4,merged_z_m0p010_dedup_filtered,60,-0.008795577101409435,-7.802069035278691e-08,-0.008795499080719082,0.008795499080719082,7.736080407893022e-05
4,merged_z_m0p010_dedup_filtered,61,-0.007669409271329641,-7.334247698054241e-08,-0.007669335928852661,0.007669335928852661,5.88187135895903e-05
4,merged_z_m0p010_dedup_filtered,62,-0.006332844495773315,-6.88823433847574e-08,-0.006332775613429931,0.006332775613429931,4.0104046970052835e-05
4,merged_z_m0p010_dedup_filtered,63,-0.004902471788227558,-6.451631406889646e-08,-0.004902407271913489,0.004902407271913489,2.403359705971026e-05
4,merged_z_m0p010_dedup_filtered,64,-0.003492336254566908,-6.008493613762766e-08,-0.0034922761696307703,0.0034922761696307703,1.2195992844970964e-05
4,merged_z_m0p010_dedup_filtered,65,-0.002200597897171974,-5.5533046605660275e-08,-0.0022005423641253685,0.0022005423641253685,4.842386696310466e-06
4,merged_z_m0p010_dedup_filtered,66,-0.0010996335186064243,-5.0840792908957155e-08,-0.0010995826778135154,0.0010995826778135154,1.209082065347541e-06
4,merged_z_m0p010_dedup_filtered,67,0.007021431811153889,-0.0003287561412435025,0.007350187952397391,0.007350187952397391,5.4025262935567753e-05
4,merged_z_m0p010_dedup_filtered,68,0.005520743317902088,-0.0003491897659841925,0.005869933083886281,0.005869933083886281,3.44561144093027e-05
4,merged_z_m0p010_dedup_filtered,69,0.002553811762481928,-0.00036962368176318705,0.002923435444245115,0.002923435444245115,8.546474796668632e-06
4,merged_z_m0p010_dedup_filtered,70,-0.0017057531513273716,-0.00039005829603411257,-0.001315694855293259,0.001315694855293259,1.7310529522451498e-06
4,merged_z_m0p010_dedup_filtered,71,-0.006833584979176521,-0.00041049456922337413,-0.006423090409953147,0.006423090409953147,4.1256090414432085e-05
4,merged_z_m0p010_dedup_filtered,72,-0.012210897170007229,-0.00043093538261018693,-0.011779961787397042,0.011779961787397042,0.00013876749971253452
4,merged_z_m0p010_dedup_filtered,73,-0.017122045159339905,-0.00045138722634874284,-0.016670657932991162,0.016670657932991162,0.00027791083591880117
4,merged_z_m0p010_dedup_filtered,74,-0.02087542414665222,-0.000471863808343187,-0.020403560338309035,0.020403560338309035,0.0004163052744790175
4,merged_z_m0p010_dedup_filtered,75,-0.022924592718482018,-0.0004923840169794858,-0.022432208701502532,0.022432208701502532,0.0005032039872277659
4,merged_z_m0p010_dedup_filtered,76,-0.018074728548526764,-0.0009862297447398305,-0.017088498803786933,0.017088498803786933,0.00029201679136702744
4,merged_z_m0p010_dedup_filtered,77,-0.016363758593797684,-0.0009451392688788474,-0.015418619324918836,0.015418619324918836,0.0002377338218867606
4,merged_z_m0p010_dedup_filtered,78,0.0008049402385950089,0.0004405994259286672,0.00036434081266634166,0.00036434081266634166,1.3274422777437027e-07
4,merged_z_m0p010_dedup_filtered,79,-0.0014741950435563922,0.0004201637639198452,-0.0018943588074762374,0.0018943588074762374,3.5885952914627923e-06
4,merged_z_m0p010_dedup_filtered,80,-0.0036786103155463934,0.0003997348539996892,-0.004078345169546083,0.004078345169546083,1.6632899321959865e-05
4,merged_z_m0p010_dedup_filtered,81,-0.005461333319544792,0.00037930873804725707,-0.005840642057592049,0.005840642057592049,3.4113099644913086e-05
4,merged_z_m0p010_dedup_filtered,82,-0.006557682994753122,0.00035888361162506044,-0.006916566606378183,0.006916566606378183,4.783889362046581e-05
4,merged_z_m0p010_dedup_filtered,83,-0.0068263038992881775,0.0003384589799679816,-0.007164762879256159,0.007164762879256159,5.1333827115967e-05
4,merged_z_m0p010_dedup_filtered,84,-0.006265356205403805,0.0003180345520377159,-0.006583390757441521,0.006583390757441521,4.334103386516644e-05
4,merged_z_m0p010_dedup_filtered,85,-0.005001867190003395,0.00029760986217297614,-0.005299477052176371,0.005299477052176371,2.808445702654396e-05
4,merged_z_m0p010_dedup_filtered,86,-0.0032577950041741133,0.00027718511410057545,-0.0035349801182746887,0.0035349801182746887,1.2496084436597332e-05
4,merged_z_m0p010_dedup_filtered,87,-0.001300963805988431,0.00025676030782051384,-0.0015577241138089448,0.0015577241138089448,2.4265044147418625e-06
4,merged_z_m0p010_dedup_filtered,88,0.0006082265172153711,0.00023633554519619793,0.0003718909720191732,0.0003718909720191732,1.3830289506936547e-07
4,merged_z_m0p010_dedup_filtered,89,0.0022630547173321247,0.0002159112336812541,0.0020471434836508706,0.0020471434836508706,4.190796442654222e-06
4,merged_z_m0p010_dedup_filtered,90,0.003540488425642252,0.0001954879699042067,0.0033450004557380453,0.0033450004557380453,1.118902804888773e-05
4,merged_z_m0p010_dedup_filtered,91,0.00440974859520793,0.0001750672236084938,0.004234681371599436,0.004234681371599436,1.793252631897128e-05
4,merged_z_m0p010_dedup_filtered,92,0.00491922814399004,0.0001546525745652616,0.004764575569424778,0.004764575569424778,2.270118035675945e-05
4,merged_z_m0p010_dedup_filtered,93,0.0051664551720023155,0.00013425250654108822,0.005032202665461227,0.005032202665461227,2.532306366627508e-05
4,merged_z_m0p010_dedup_filtered,94,-7.957359775900841e-05,-0.0001346870994893834,5.511350173037499e-05,5.511350173037499e-05,3.0374980729840472e-09
4,merged_z_m0p010_dedup_filtered,95,0.00025272462517023087,-0.00011431432358222082,0.0003670389487524517,0.0003670389487524517,1.3471758990130486e-07
4,merged_z_m0p010_dedup_filtered,96,0.0006988267414271832,-0.00023012967722024769,0.0009289564186474308,0.0009289564186474308,8.629600277462608e-07
4,merged_z_m0p010_dedup_filtered,97,0.0007503810338675976,-0.00034439569571986794,0.0010947767295874655,0.0010947767295874655,1.1985360876462266e-06
4,merged_z_m0p010_dedup_filtered,98,0.000793020473793149,-0.00040538940811529756,0.0011984098819084466,0.0011984098819084466,1.4361862450558168e-06
4,merged_z_m0p010_dedup_filtered,99,0.0004913876764476299,-0.0002708356478251517,0.0007622233242727816,0.0007622233242727816,5.8098439606545e-07
4,merged_z_m0p010_dedup_filtered,100,0.00030912039801478386,-0.000311625306494534,0.0006207457045093179,0.0006207457045093179,3.853252296667694e-07
4,merged_z_m0p010_dedup_filtered,101,0.0009318473748862743,-0.00046654770267196,0.0013983950775582343,0.0013983950775582343,1.9555087929391002e-06
4,merged_z_m0p010_dedup_filtered,102,0.0012426739558577538,-0.0005277741001918912,0.001770448056049645,0.001770448056049645,3.1344863191699667e-06
4,merged_z_m0p010_dedup_filtered,103,0.0003422400914132595,-0.0003524541389197111,0.0006946942303329706,0.0006946942303329706,4.826000736579184e-07
4,merged_z_m0p010_dedup_filtered,104,0.0007657615933567286,-0.00039330110303126276,0.0011590626963879913,0.0011590626963879913,1.343426334158201e-06
4,merged_z_m0p010_dedup_filtered,105,0.0017866352573037148,-0.0005890292231924832,0.002375664480496198,0.002375664480496198,5.64378172389127e-06
4,merged_z_m0p010_dedup_filtered,106,0.0025796324480324984,-0.0006503114709630609,0.003229943918995559,0.003229943918995559,1.0432537719856392e-05
4,merged_z_m0p010_dedup_filtered,107,0.0016767880879342556,-0.000434155750554055,0.0021109438384883106,0.0021109438384883106,4.456083889251763e-06
4,merged_z_m0p010_dedup_filtered,108,0.0005271834088489413,-0.0012093550758436322,0.0017365384846925735,0.0017365384846925735,3.0155659088183795e-06
4,merged_z_m0p010_dedup_filtered,109,-0.0003316090442240238,-0.000195943663129583,-0.00013566538109444082,0.00013566538109444082,1.840509562749986e-08
4,merged_z_m0p010_dedup_filtered,110,-0.0006008339114487171,-0.00017551530618220568,-0.00042531860526651144,0.00042531860526651144,1.8089591598585057e-07
4,merged_z_m0p010_dedup_filtered,111,-0.0004424760118126869,-0.0001550936867715791,-0.00028738232504110783,0.00028738232504110783,8.258860074603295e-08
4,merged_z_m0p010_dedup_filtered,112,0.0007871394045650959,-0.00018960496527142823,0.0009767443698365241,0.0009767443698365241,9.540295640073486e-07
4,merged_z_m0p010_dedup_filtered,113,0.0030464911833405495,-0.00047501467633992434,0.003521505859680474,0.003521505859680474,1.2401003519763913e-05
4,merged_z_m0p010_dedup_filtered,114,0.003569939872249961,-0.0007115888292901218,0.004281528701540083,0.004281528701540083,1.8331488022111507e-05
4,merged_z_m0p010_dedup_filtered,115,0.0046309069730341434,-0.0007728756172582507,0.005403782590292394,0.005403782590292394,2.9200866283147177e-05
4,merged_z_m0p010_dedup_filtered,116,0.004700036719441414,-0.0005158754647709429,0.005215912184212357,0.005215912184212357,2.720573991341492e-05
4,merged_z_m0p010_dedup_filtered,117,0.00633170735090971,-0.0005567368352785707,0.006888444186188281,0.006888444186188281,4.745066330623112e-05
4,merged_z_m0p010_dedup_filtered,118,0.005572301335632801,-0.0008341713109984994,0.0064064726466313004,0.0064064726466313004,4.104289177203506e-05
4,merged_z_m0p010_dedup_filtered,119,0.006169598549604416,-0.0008954599034041166,0.0070650584530085325,0.0070650584530085325,4.991505094442732e-05
4,merged_z_m0p010_dedup_filtered,120,0.005411038175225258,-0.00027767239953391254,0.00568871057475917,0.00568871057475917,3.236142800337681e-05
4,merged_z_m0p010_dedup_filtered,121,0.003635608358308673,-0.00025723950238898396,0.003892847860697657,0.003892847860697657,1.5154264466538324e-05
4,merged_z_m0p010_dedup_filtered,122,-0.0010313484817743301,0.000771452090702951,-0.001802800572477281,0.001802800572477281,3.2500899041244124e-06
4,merged_z_m0p010_dedup_filtered,123,-0.0009015025570988655,0.0008390358416363597,-0.0017405383987352252,0.0017405383987352252,3.029473917471782e-06
4,merged_z_m0p010_dedup_filtered,124,0.0012655933387577534,0.0009618177427910268,0.00030377559596672654,0.00030377559596672654,9.227961270493989e-08
4,merged_z_m0p010_dedup_filtered,125,0.0031104744412004948,0.0010490822605788708,0.002061392180621624,0.002061392180621624,4.249337722327974e-06
4,merged_z_m0p010_dedup_filtered,126,0.0032965107820928097,-0.005601856391876936,0.008898367173969746,0.008898367173969746,7.918093836278232e-05
4,merged_z_m0p010_dedup_filtered,127,0.0027413221541792154,0.0011778248008340597,0.0015634973533451557,0.0015634973533451557,2.4445239739173067e-06
5,merged_z_m0p012_dedup_filtered,0,-0.010773384012281895,-0.001447714283131063,-0.009325669729150832,0.009325669729150832,8.696811589720015e-05
5,merged_z_m0p012_dedup_filtered,1,-0.009192795492708683,-0.001375006278976798,-0.007817789213731885,0.007817789213731885,6.11178281903426e-05
5,merged_z_m0p012_dedup_filtered,2,-0.00679045170545578,-0.0013246310409158468,-0.005465820664539933,0.005465820664539933,2.9875195536911757e-05
5,merged_z_m0p012_dedup_filtered,3,-0.0111582912504673,-0.0008837009663693607,-0.01027459028409794,0.01027459028409794,0.00010556720550607978
5,merged_z_m0p012_dedup_filtered,4,-0.006650668568909168,-0.0008428021101281047,-0.0058078664587810636,0.0058078664587810636,3.373131280303409e-05
5,merged_z_m0p012_dedup_filtered,5,-0.0039060432463884354,-0.001263270853087306,-0.0026427723933011293,0.0026427723933011293,6.984245922794579e-06
5,merged_z_m0p012_dedup_filtered,6,-0.0009083817712962627,-0.0012019394198432565,0.00029355764854699373,0.00029355764854699373,8.617609302044029e-08
5,merged_z_m0p012_dedup_filtered,7,-0.0020298941526561975,-0.0008019231609068811,-0.0012279709917493165,0.0012279709917493165,1.5079127565777998e-06
5,merged_z_m0p012_dedup_filtered,8,0.002111456822603941,-0.0007610530010424554,0.0028725098236463964,0.0028725098236463964,8.251312686945051e-06
5,merged_z_m0p012_dedup_filtered,9,0.0018400060944259167,-0.0011406324338167906,0.0029806385282427073,0.0029806385282427073,8.884206036044852e-06
5,merged_z_m0p012_dedup_filtered,10,0.004044339992105961,-0.0010793345281854272,0.005123674520291388,0.005123674520291388,2.6252040589883185e-05
5,merged_z_m0p012_dedup_filtered,11,0.005305166356265545,-0.0007201872649602592,0.006025353621225804,0.006025353621225804,3.630488626081891e-05
5,merged_z_m0p012_dedup_filtered,12,0.007276573218405247,-0.0006793235661461949,0.007955896784551442,0.007955896784551442,6.329629364643597e-05
5,merged_z_m0p012_dedup_filtered,13,0.005518761929124594,-0.0010180397657677531,0.006536801694892347,0.006536801694892347,4.272977639834746e-05
5,merged_z_m0p012_dedup_filtered,14,0.006205550394952297,-0.0009567463421262801,0.007162296737078577,0.007162296737078577,5.129849454996643e-05
5,merged_z_m0p012_dedup_filtered,15,0.007974041625857353,-0.000638460973277688,0.008612502599135041,0.008612502599135041,7.417520102010784e-05
5,merged_z_m0p012_dedup_filtered,16,0.007554958574473858,-0.0005975988460704684,0.008152557420544326,0.008152557420544326,6.646419249527236e-05
5,merged_z_m0p012_dedup_filtered,17,0.006787908263504505,-0.0037342789582908154,0.01052218722179532,0.01052218722179532,0.00011071642393051273
5,merged_z_m0p012_dedup_filtered,18,0.00011118780821561813,-4.381816864906796e-08,0.0001112316263842672,0.0001112316263842672,1.2372474708089207e-08
5,merged_z_m0p012_dedup_filtered,19,0.0006223780801519752,-3.940547443903597e-08,0.0006224174856264142,0.0006224174856264142,3.8740352641350753e-07
5,merged_z_m0p012_dedup_filtered,20,0.0009239513310603797,-3.528859693346931e-08,0.0009239866196573132,0.0009239866196573132,8.537512733057483e-07
5,merged_z_m0p012_dedup_filtered,21,0.0010582307586446404,-3.133590809056841e-08,0.001058262094552731,0.001058262094552731,1.1199186607671334e-06
5,merged_z_m0p012_dedup_filtered,22,0.0010735952528193593,-2.7436634297828277e-08,0.0010736226894536571,0.0010736226894536571,1.152665679309704e-06
5,merged_z_m0p012_dedup_filtered,23,0.0010166728170588613,-2.3607100274603e-08,0.0010166964241591359,0.0010166964241591359,1.0336716188979734e-06
5,merged_z_m0p012_dedup_filtered,24,0.0009268386638723314,-1.99208045614796e-08,0.0009268585846768929,0.0009268585846768929,8.59066835989253e-07
5,merged_z_m0p012_dedup_filtered,25,0.000833523110486567,-1.6569588368042787e-08,0.0008335396800749351,0.0008335396800749351,6.947883982594251e-07
5,merged_z_m0p012_dedup_filtered,26,0.0007561311358585954,-1.3542215349104936e-08,0.0007561446780739445,0.0007561446780739445,5.717547741795491e-07
5,merged_z_m0p012_dedup_filtered,27,0.0007057904731482267,-1.0667145389220423e-08,0.000705801140293616,0.000705801140293616,4.981552496397686e-07
5,merged_z_m0p012_dedup_filtered,28,0.0006878161802887917,-7.969680915209665e-09,0.0006878241499697069,0.0006878241499697069,4.731020612815498e-07
5,merged_z_m0p012_dedup_filtered,29,0.005303889513015747,9.47217849898152e-05,0.005209167728025932,0.005209167728025932,2.713542841870685e-05
5,merged_z_m0p012_dedup_filtered,30,0.013343972153961658,0.00021143874619156122,0.013132533407770097,0.013132533407770097,0.00017246343370619767
5,merged_z_m0p012_dedup_filtered,31,0.012416226789355278,0.00025207229191437364,0.012164154497440904,0.012164154497440904,0.00014796665463761178
5,merged_z_m0p012_dedup_filtered,32,0.016071701422333717,0.00037894511478953063,0.015692756307544187,0.015692756307544187,0.00024626260052796787
5,merged_z_m0p012_dedup_filtered,33,0.013016747310757637,-0.00024352151376660913,0.013260268824524246,0.013260268824524246,0.00017583472929864964
5,merged_z_m0p012_dedup_filtered,34,0.010662593878805637,0.0004891888820566237,0.010173404996749014,0.010173404996749014,0.0001034981692278778
5,merged_z_m0p012_dedup_filtered,35,0.008460291661322117,0.0003336321096867323,0.008126659551635385,0.008126659551635385,6.604259546818663e-05
5,merged_z_m0p012_dedup_filtered,36,0.005901174154132605,0.00037446481292136014,0.0055267093412112445,0.0055267093412112445,3.054451614223163e-05
5,merged_z_m0p012_dedup_filtered,37,0.0033267850521951914,0.0004153090703766793,0.002911475981818512,0.002911475981818512,8.476692392706068e-06
5,merged_z_m0p012_dedup_filtered,38,0.003076800610870123,0.0006241575465537608,0.002452643064316362,0.002452643064316362,6.015458000939155e-06
5,merged_z_m0p012_dedup_filtered,39,0.00100054987706244,0.0004561584210023284,0.0005443914560601115,0.0005443914560601115,2.9636205743124833e-07
5,merged_z_m0p012_dedup_filtered,40,-0.0008695898577570915,0.0004970102454535663,-0.0013666001032106578,0.0013666001032106578,1.8675958420953806e-06
5,merged_z_m0p012_dedup_filtered,41,-0.0021546375937759876,0.0005378634086810052,-0.002692501002456993,0.002692501002456993,7.2495616482319115e-06
5,merged_z_m0p012_dedup_filtered,42,-0.002813584404066205,0.0005787170375697315,-0.0033923014416359365,0.0033923014416359365,1.1507709070925253e-05
5,merged_z_m0p012_dedup_filtered,43,-0.0028876413125544786,0.0006195716559886932,-0.003507212968543172,0.003507212968543172,1.2300542806717408e-05
5,merged_z_m0p012_dedup_filtered,44,-0.002482212148606777,0.0006604263326153159,-0.003142638481222093,0.003142638481222093,9.876176623657904e-06
5,merged_z_m0p012_dedup_filtered,45,-0.0017411613371223211,0.0007012812420725822,-0.0024424425791949034,0.0024424425791949034,5.965525752664252e-06
5,merged_z_m0p012_dedup_filtered,46,-0.000819044653326273,0.0007421369664371014,-0.0015611816197633743,0.0015611816197633743,2.437288049886993e-06
5,merged_z_m0p012_dedup_filtered,47,0.00014321375056169927,0.0007829946698620915,-0.0006397809193003923,0.0006397809193003923,4.0931962470085505e-07
5,merged_z_m0p012_dedup_filtered,48,0.0010350346565246582,0.0008238583686761558,0.0002111762878485024,0.0002111762878485024,4.459542454947354e-08
5,merged_z_m0p012_dedup_filtered,49,0.0017832096200436354,0.0008647360373288393,0.0009184735827147961,0.0009184735827147961,8.435937221449533e-07
5,merged_z_m0p012_dedup_filtered,50,0.00234956294298172,0.0009056436247192323,0.0014439193182624876,0.0014439193182624876,2.084902997651607e-06
5,merged_z_m0p012_dedup_filtered,51,0.0027217126917093992,0.0009466128540225327,0.0017750998376868665,0.0017750998376868665,3.15097943375594e-06
5,merged_z_m0p012_dedup_filtered,52,0.0029007999692112207,0.0009877001866698265,0.0019130997825413942,0.0019130997825413942,3.65995077795993e-06
5,merged_z_m0p012_dedup_filtered,53,-0.0023900512605905533,0.0014846447156742215,-0.003874695976264775,0.003874695976264775,1.5013268908482436e-05
5,merged_z_m0p012_dedup_filtered,54,-0.0011178238783031702,0.0013856397708877921,-0.0025034636491909623,0.0025034636491909623,6.26733024282053e-06
5,merged_z_m0p012_dedup_filtered,55,0.0027821806725114584,0.00046105115325190127,0.002321129519259557,0.002321129519259557,5.387642245178103e-06
5,merged_z_m0p012_dedup_filtered,56,0.004140505101531744,0.0004815375432372093,0.0036589675582945347,0.0036589675582945347,1.3388043592651869e-05
5,merged_z_m0p012_dedup_filtered,57,0.004646373447030783,0.0005020664539188147,0.004144306993111968,0.004144306993111968,1.7175280453156762e-05
5,merged_z_m0p012_dedup_filtered,58,-0.010031970217823982,-8.765365322460639e-08,-0.010031882564170758,0.010031882564170758,0.00010063866778131326
5,merged_z_m0p012_dedup_filtered,59,-0.00961328111588955,-8.278884422452393e-08,-0.009613198327045325,0.009613198327045325,9.241358207510702e-05
5,merged_z_m0p012_dedup_filtered,60,-0.008801651187241077,-7.802069035278691e-08,-0.008801573166550725,0.008801573166550725,7.746769020614575e-05
5,merged_z_m0p012_dedup_filtered,61,-0.007675202563405037,-7.334247698054241e-08,-0.007675129220928056,0.007675129220928056,5.890760855794371e-05
5,merged_z_m0p012_dedup_filtered,62,-0.006338245235383511,-6.88823433847574e-08,-0.006338176353040126,0.006338176353040126,4.017247948223703e-05
5,merged_z_m0p012_dedup_filtered,63,-0.004907360300421715,-6.451631406889646e-08,-0.004907295784107646,0.004907295784107646,2.4081551912720673e-05
5,merged_z_m0p012_dedup_filtered,64,-0.003496585413813591,-6.008493613762766e-08,-0.0034965253288774534,0.0034965253288774534,1.2225689375481583e-05
5,merged_z_m0p012_dedup_filtered,65,-0.002204074990004301,-5.5533046605660275e-08,-0.0022040194569576954,0.0022040194569576954,4.8577017666480945e-06
5,merged_z_m0p012_dedup_filtered,66,-0.0011022086255252361,-5.0840792908957155e-08,-0.0011021577847323272,0.0011021577847323272,1.2147517824460708e-06
5,merged_z_m0p012_dedup_filtered,67,0.007019884884357452,-0.0003287561412435025,0.007348641025600955,0.007348641025600955,5.400252492314545e-05
5,merged_z_m0p012_dedup_filtered,68,0.005518060177564621,-0.0003491897659841925,0.0058672499435488135,0.0058672499435488135,3.4424621900073554e-05
5,merged_z_m0p012_dedup_filtered,69,0.0025501311756670475,-0.00036962368176318705,0.0029197548574302346,0.0029197548574302346,8.524968427487448e-06
5,merged_z_m0p012_dedup_filtered,70,-0.001710269134491682,-0.00039005829603411257,-0.0013202108384575695,0.0013202108384575695,1.7429566579808386e-06
5,merged_z_m0p012_dedup_filtered,71,-0.006838766857981682,-0.00041049456922337413,-0.006428272288758308,0.006428272288758308,4.132268461841797e-05
5,merged_z_m0p012_dedup_filtered,72,-0.012216581963002682,-0.00043093538261018693,-0.011785646580392495,0.011785646580392495,0.0001389014653179173
5,merged_z_m0p012_dedup_filtered,73,-0.01712808385491371,-0.00045138722634874284,-0.01667669662856497,0.01667669662856497,0.0002781122104411902
5,merged_z_m0p012_dedup_filtered,74,-0.020881688222289085,-0.000471863808343187,-0.0204098244139459,0.0204098244139459,0.00041656093260810203
5,merged_z_m0p012_dedup_filtered,75,-0.022930964827537537,-0.0004923840169794858,-0.02243858081055805,0.02243858081055805,0.000503489908791944
5,merged_z_m0p012_dedup_filtered,76,-0.018081044778227806,-0.0009862297447398305,-0.017094815033487976,0.017094815033487976,0.0002922327010291665
5,merged_z_m0p012_dedup_filtered,77,-0.016369938850402832,-0.0009451392688788474,-0.015424799581523985,0.015424799581523985,0.0002379244421301825
5,merged_z_m0p012_dedup_filtered,78,0.0007992619648575783,0.0004405994259286672,0.0003586625389289111,0.0003586625389289111,1.2863881683093266e-07
5,merged_z_m0p012_dedup_filtered,79,-0.001479429192841053,0.0004201637639198452,-0.0018995929567608982,0.0018995929567608982,3.6084534013756118e-06
5,merged_z_m0p012_dedup_filtered,80,-0.0036833672784268856,0.0003997348539996892,-0.004083102132426575,0.004083102132426575,1.6671723023826442e-05
5,merged_z_m0p012_dedup_filtered,81,-0.005465611349791288,0.00037930873804725707,-0.0058449200878385454,0.0058449200878385454,3.416309083321855e-05
5,merged_z_m0p012_dedup_filtered,82,-0.006561490707099438,0.00035888361162506044,-0.006920374318724498,0.006920374318724498,4.789158071126156e-05
5,merged_z_m0p012_dedup_filtered,83,-0.0068296343088150024,0.0003384589799679816,-0.007168093288782984,0.007168093288782984,5.138156139669565e-05
5,merged_z_m0p012_dedup_filtered,84,-0.006268163211643696,0.0003180345520377159,-0.006586197763681412,0.006586197763681412,4.337800098232203e-05
5,merged_z_m0p012_dedup_filtered,85,-0.00500405253842473,0.00029760986217297614,-0.0053016624005977064,0.0053016624005977064,2.8107624209911435e-05
5,merged_z_m0p012_dedup_filtered,86,-0.0032592061907052994,0.00027718511410057545,-0.003536391304805875,0.003536391304805875,1.2506063460706598e-05
5,merged_z_m0p012_dedup_filtered,87,-0.0013014115393161774,0.00025676030782051384,-0.0015581718471366912,0.0015581718471366912,2.427899505209368e-06
5,merged_z_m0p012_dedup_filtered,88,0.0006089404341764748,0.00023633554519619793,0.0003726048889802769,0.0003726048889802769,1.3883440329200446e-07
5,merged_z_m0p012_dedup_filtered,89,0.0022650982718914747,0.0002159112336812541,0.0020491870382102206,0.0020491870382102206,4.199167517568776e-06
5,merged_z_m0p012_dedup_filtered,90,0.0035439585335552692,0.0001954879699042067,0.0033484705636510625,0.0033484705636510625,1.1212255115637664e-05
5,merged_z_m0p012_dedup_filtered,91,0.004414638038724661,0.0001750672236084938,0.004239570815116167,0.004239570815116167,1.797396069638476e-05
5,merged_z_m0p012_dedup_filtered,92,0.004925403743982315,0.0001546525745652616,0.0047707511694170535,0.0047707511694170535,2.2760066720494183e-05
5,merged_z_m0p012_dedup_filtered,93,0.005173656158149242,0.00013425250654108822,0.005039403651608154,0.005039403651608154,2.5395589163841598e-05
5,merged_z_m0p012_dedup_filtered,94,-7.156375795602798e-05,-0.0001346870994893834,6.312334153335541e-05,6.312334153335541e-05,3.984556246336633e-09
5,merged_z_m0p012_dedup_filtered,95,0.0002609868533909321,-0.00011431432358222082,0.0003753011769731529,0.0003753011769731529,1.4085097343743384e-07
5,merged_z_m0p012_dedup_filtered,96,0.0007072910666465759,-0.00023012967722024769,0.0009374207438668236,0.0009374207438668236,8.787576510318289e-07
5,merged_z_m0p012_dedup_filtered,97,0.0007589138112962246,-0.00034439569571986794,0.0011033095070160925,0.0011033095070160925,1.2172918682720932e-06
5,merged_z_m0p012_dedup_filtered,98,0.0008012217003852129,-0.00040538940811529756,0.0012066111085005105,0.0012066111085005105,1.4559103671568306e-06
5,merged_z_m0p012_dedup_filtered,99,0.0004995646886527538,-0.0002708356478251517,0.0007704003364779055,0.0007704003364779055,5.9351667844527e-07
5,merged_z_m0p012_dedup_filtered,100,0.0003168238326907158,-0.000311625306494534,0.0006284491391852498,0.0006284491391852498,3.949483205426815e-07
5,merged_z_m0p012_dedup_filtered,101,0.0009395107626914978,-0.00046654770267196,0.0014060584653634578,0.0014060584653634578,1.977000408020242e-06
5,merged_z_m0p012_dedup_filtered,102,0.0012496132403612137,-0.0005277741001918912,0.0017773873405531049,0.0017773873405531049,3.159105758358439e-06
5,merged_z_m0p012_dedup_filtered,103,0.00034929183311760426,-0.0003524541389197111,0.0007017459720373154,0.0007017459720373154,4.924474092705966e-07
5,merged_z_m0p012_dedup_filtered,104,0.0007719974964857101,-0.00039330110303126276,0.001165298599516973,0.001165298599516973,1.3579208260362184e-06
5,merged_z_m0p012_dedup_filtered,105,0.001792692462913692,-0.0005890292231924832,0.002381721686106175,0.002381721686106175,5.672598190068442e-06
5,merged_z_m0p012_dedup_filtered,106,0.002584681147709489,-0.0006503114709630609,0.0032349926186725497,0.0032349926186725497,1.046517724286588e-05
5,merged_z_m0p012_dedup_filtered,107,0.0016820627497509122,-0.000434155750554055,0.002116218500304967,0.002116218500304967,4.478380741033004e-06
5,merged_z_m0p012_dedup_filtered,108,0.0005324037047103047,-0.0014512261841446161,0.001983629888854921,0.001983629888854921,3.934787535958586e-06
5,merged_z_m0p012_dedup_filtered,109,-0.0003254141192883253,-0.000195943663129583,-0.0001294704561587423,0.0001294704561587423,1.6762599017952814e-08
5,merged_z_m0p012_dedup_filtered,110,-0.0005938566755503416,-0.00017551530618220568,-0.00041834136936813593,0.00041834136936813593,1.7500950132480714e-07
5,merged_z_m0p012_dedup_filtered,111,-0.0004348931834101677,-0.0001550936867715791,-0.0002797994966385886,0.0002797994966385886,7.828775831920756e-08
5,merged_z_m0p012_dedup_filtered,112,0.0007957015186548233,-0.00018960496527142823,0.0009853064839262515,0.0009853064839262515,9.708288672671126e-07
5,merged_z_m0p012_dedup_filtered,113,0.003050684230402112,-0.00047501467633992434,0.0035256989067420363,0.0035256989067420363,1.243055278100199e-05
5,merged_z_m0p012_dedup_filtered,114,0.003573888447135687,-0.0007115888292901218,0.004285477276425809,0.004285477276425809,1.8365315486761967e-05
5,merged_z_m0p012_dedup_filtered,115,0.004633698146790266,-0.0007728756172582507,0.005406573764048517,0.005406573764048517,2.9231039866097746e-05
5,merged_z_m0p012_dedup_filtered,116,0.004703059792518616,-0.0005158754647709429,0.005218935257289559,0.005218935257289559,2.7237285219780032e-05
5,merged_z_m0p012_dedup_filtered,117,0.006333507597446442,-0.0005567368352785707,0.006890244432725012,0.006890244432725012,4.7475468342698027e-05
5,merged_z_m0p012_dedup_filtered,118,0.0055739120580255985,-0.0008341713109984994,0.006408083369024098,0.006408083369024098,4.106353246436323e-05
5,merged_z_m0p012_dedup_filtered,119,0.0061700367368757725,-0.0008954599034041166,0.007065496640279889,0.007065496640279889,4.99212427738064e-05
5,merged_z_m0p012_dedup_filtered,120,0.005412685219198465,-0.00027767239953391254,0.005690357618732378,0.005690357618732378,3.238016982906562e-05
5,merged_z_m0p012_dedup_filtered,121,0.003638541791588068,-0.00025723950238898396,0.003895781293977052,0.003895781293977052,1.5177111890501513e-05
5,merged_z_m0p012_dedup_filtered,122,-0.001033108215779066,0.000771452090702951,-0.001804560306482017,0.001804560306482017,3.2564378997304713e-06
5,merged_z_m0p012_dedup_filtered,123,-0.0009036962874233723,0.0008390358416363597,-0.001742732129059732,0.001742732129059732,3.0371152736570663e-06
5,merged_z_m0p012_dedup_filtered,124,0.0012633856385946274,0.0009618177427910268,0.00030156789580360055,0.00030156789580360055,9.094319577941128e-08
5,merged_z_m0p012_dedup_filtered,125,0.003108158241957426,0.0010490822605788708,0.0020590759813785553,0.0020590759813785553,4.239793897090061e-06
5,merged_z_m0p012_dedup_filtered,126,0.0032938115764409304,-0.0067222281359136105,0.01001603971235454,0.01001603971235454,0.00010032105151946323
5,merged_z_m0p012_dedup_filtered,127,0.0027379696257412434,0.0011778248008340597,0.0015601448249071836,0.0015601448249071836,2.4340518746846667e-06
6,merged_z_m0p014_dedup_filtered,0,-0.010779595002532005,-0.001447714283131063,-0.009331880719400942,0.009331880719400942,8.708399776112705e-05
6,merged_z_m0p014_dedup_filtered,1,-0.009198779240250587,-0.001375006278976798,-0.00782377296127379,0.00782377296127379,6.121142334955884e-05
6,merged_z_m0p014_dedup_filtered,2,-0.006796058267354965,-0.0013246310409158468,-0.005471427226439118,0.005471427226439118,2.9936515894219264e-05
6,merged_z_m0p014_dedup_filtered,3,-0.011164003051817417,-0.0008837009663693607,-0.010280302085448056,0.010280302085448056,0.00010568461096806766
6,merged_z_m0p014_dedup_filtered,4,-0.0066558802500367165,-0.0008428021101281047,-0.005813078139908612,0.005813078139908612,3.3791877460683366e-05
6,merged_z_m0p014_dedup_filtered,5,-0.003911131992936134,-0.001263270853087306,-0.0026478611398488283,0.0026478611398488283,7.011168615921536e-06
6,merged_z_m0p014_dedup_filtered,6,-0.000912817195057869,-0.0012019394198432565,0.0002891222247853875,0.0002891222247853875,8.359166086485215e-08
6,merged_z_m0p014_dedup_filtered,7,-0.0020344590302556753,-0.0008019231609068811,-0.0012325358693487942,0.0012325358693487942,1.519144669231388e-06
6,merged_z_m0p014_dedup_filtered,8,0.002107685897499323,-0.0007610530010424554,0.0028687388985417783,0.0028687388985417783,8.229662868006696e-06
6,merged_z_m0p014_dedup_filtered,9,0.0018363496055826545,-0.0011406324338167906,0.002976982039399445,0.002976982039399445,8.862422062906879e-06
6,merged_z_m0p014_dedup_filtered,10,0.004041576292365789,-0.0010793345281854272,0.005120910820551217,0.005120910820551217,2.6223727632038535e-05
6,merged_z_m0p014_dedup_filtered,11,0.005302324425429106,-0.0007201872649602592,0.006022511690389365,0.006022511690389365,3.627064706087656e-05
6,merged_z_m0p014_dedup_filtered,12,0.0072747813537716866,-0.0006793235661461949,0.007954104919917881,0.007954104919917881,6.326778507706185e-05
6,merged_z_m0p014_dedup_filtered,13,0.005516990553587675,-0.0010180397657677531,0.006535030319355428,0.006535030319355428,4.270662127489471e-05
6,merged_z_m0p014_dedup_filtered,14,0.006204851903021336,-0.0009567463421262801,0.007161598245147616,0.007161598245147616,5.1288489424901405e-05
6,merged_z_m0p014_dedup_filtered,15,0.00797339528799057,-0.000638460973277688,0.008611856261268258,0.008611856261268258,7.41640682647453e-05
6,merged_z_m0p014_dedup_filtered,16,0.007555520161986351,-0.0005975988460704684,0.00815311900805682,0.00815311900805682,6.647334955953742e-05
6,merged_z_m0p014_dedup_filtered,17,0.006788212805986404,-0.004356659483164549,0.011144872289150953,0.011144872289150953,0.0001242081783414848
6,merged_z_m0p014_dedup_filtered,18,0.00011018430814146996,-4.381816864906796e-08,0.00011022812631011902,0.00011022812631011902,1.2150239829839553e-08
6,merged_z_m0p014_dedup_filtered,19,0.0006225435063242912,-3.940547443903597e-08,0.0006225829117987303,0.0006225829117987303,3.8760948206378554e-07
6,merged_z_m0p014_dedup_filtered,20,0.0009253463358618319,-3.528859693346931e-08,0.0009253816244587654,0.0009253816244587654,8.563311508859435e-07
6,merged_z_m0p014_dedup_filtered,21,0.0010608771117404103,-3.133590809056841e-08,0.001060908447648501,0.001060908447648501,1.125526734291952e-06
6,merged_z_m0p014_dedup_filtered,22,0.0010774692054837942,-2.7436634297828277e-08,0.001077496642118092,0.001077496642118092,1.1609990137757637e-06
6,merged_z_m0p014_dedup_filtered,23,0.0010217012604698539,-2.3607100274603e-08,0.0010217248675701285,0.0010217248675701285,1.0439217050111966e-06
6,merged_z_m0p014_dedup_filtered,24,0.000932899012695998,-1.99208045614796e-08,0.0009329189335005594,0.0009329189335005594,8.703377364838212e-07
6,merged_z_m0p014_dedup_filtered,25,0.0008404453983530402,-1.6569588368042787e-08,0.0008404619679414083,0.0008404619679414083,7.063763195559448e-07
6,merged_z_m0p014_dedup_filtered,26,0.0007637040689587593,-1.3542215349104936e-08,0.0007637176111741084,0.0007637176111741084,5.832645896174867e-07
6,merged_z_m0p014_dedup_filtered,27,0.0007137707434594631,-1.0667145389220423e-08,0.0007137814106048523,0.0007137814106048523,5.094839021250528e-07
6,merged_z_m0p014_dedup_filtered,28,0.0006959401071071625,-7.969680915209665e-09,0.0006959480767880777,0.0006959480767880777,4.84343725585024e-07
6,merged_z_m0p014_dedup_filtered,29,0.005311975255608559,9.47217849898152e-05,0.0052172534706187434,0.0052172534706187434,2.7219733776683324e-05
6,merged_z_m0p014_dedup_filtered,30,0.013352084904909134,0.00021143874619156122,0.013140646158717573,0.013140646158717573,0.00017267658146861889
6,merged_z_m0p014_dedup_filtered,31,0.01242368295788765,0.00025207229191437364,0.012171610665973276,0.012171610665973276,0.0001481481062040344
6,merged_z_m0p014_dedup_filtered,32,0.01607915759086609,0.00037894511478953063,0.015700212476076558,0.015700212476076558,0.00024649667179395
6,merged_z_m0p014_dedup_filtered,33,0.013023065403103828,-0.00028410847880877554,0.013307173881912604,0.013307173881912604,0.00017708087672345697
6,merged_z_m0p014_dedup_filtered,34,0.010667422786355019,0.0004891888820566237,0.010178233904298395,0.010178233904298395,0.00010359644541060934
6,merged_z_m0p014_dedup_filtered,35,0.008465008810162544,0.0003336321096867323,0.008131376700475812,0.008131376700475812,6.61192870450409e-05
6,merged_z_m0p014_dedup_filtered,36,0.005904181860387325,0.00037446481292136014,0.005529717047465965,0.005529717047465965,3.057777062503571e-05
6,merged_z_m0p014_dedup_filtered,37,0.0033281329087913036,0.0004153090703766793,0.0029128238384146243,0.0029128238384146243,8.484542713636505e-06
6,merged_z_m0p014_dedup_filtered,38,0.0030777407810091972,0.0006241575465537608,0.0024535832344554365,0.0024535832344554365,6.020070688400801e-06
6,merged_z_m0p014_dedup_filtered,39,0.0010004618670791388,0.0004561584210023284,0.0005443034460768104,0.0005443034460768104,2.962662414110912e-07
6,merged_z_m0p014_dedup_filtered,40,-0.0008707796223461628,0.0004970102454535663,-0.0013677898677997291,0.0013677898677997291,1.8708491224556004e-06
6,merged_z_m0p014_dedup_filtered,41,-0.002156562404707074,0.0005378634086810052,-0.0026944258133880794,0.0026944258133880794,7.259930463852013e-06
6,merged_z_m0p014_dedup_filtered,42,-0.0028159215580672026,0.0005787170375697315,-0.003394638595636934,0.003394638595636934,1.1523571194987896e-05
6,merged_z_m0p014_dedup_filtered,43,-0.00289017241448164,0.0006195716559886932,-0.003509744070470333,0.003509744070470333,1.2318303440201663e-05
6,merged_z_m0p014_dedup_filtered,44,-0.002484852448105812,0.0006604263326153159,-0.003145278780721128,0.003145278780721128,9.892778608454586e-06
6,merged_z_m0p014_dedup_filtered,45,-0.001743957749567926,0.0007012812420725822,-0.002445238991640508,0.002445238991640508,5.979193726239089e-06
6,merged_z_m0p014_dedup_filtered,46,-0.0008221410680562258,0.0007421369664371014,-0.0015642780344933271,0.0015642780344933271,2.4469657691983068e-06
6,merged_z_m0p014_dedup_filtered,47,0.00013963220408186316,0.0007829946698620915,-0.0006433624657802284,0.0006433624657802284,4.1391526237481553e-07
6,merged_z_m0p014_dedup_filtered,48,0.0010308042401447892,0.0008238583686761558,0.0002069458714686334,0.0002069458714686334,4.282659371791214e-08
6,merged_z_m0p014_dedup_filtered,49,0.0017782460199669003,0.0008647360373288393,0.000913509982638061,0.000913509982638061,8.345004883793906e-07
6,merged_z_m0p014_dedup_filtered,50,0.002343895845115185,0.0009056436247192323,0.0014382522203959525,0.0014382522203959525,2.0685694494738874e-06
6,merged_z_m0p014_dedup_filtered,51,0.002715496812015772,0.0009466128540225327,0.0017688839579932392,0.0017688839579932392,3.1289504568458275e-06
6,merged_z_m0p014_dedup_filtered,52,0.002894289791584015,0.0009877001866698265,0.0019065896049141884,0.0019065896049141884,3.635083921566841e-06
6,merged_z_m0p014_dedup_filtered,53,-0.0023966734297573566,0.0014846447156742215,-0.003881318145431578,0.003881318145431578,1.5064630546056425e-05
6,merged_z_m0p014_dedup_filtered,54,-0.001123719965107739,0.0013856397708877921,-0.002509359735995531,0.002509359735995531,6.2968862846355615e-06
6,merged_z_m0p014_dedup_filtered,55,0.0027761433739215136,0.00046105115325190127,0.0023150922206696123,0.0023150922206696123,5.359651990204957e-06
6,merged_z_m0p014_dedup_filtered,56,0.004134222865104675,0.0004815375432372093,0.003652685321867466,0.003652685321867466,1.3342110060586033e-05
6,merged_z_m0p014_dedup_filtered,57,0.004639999940991402,0.0005020664539188147,0.004137933487072587,0.004137933487072587,1.71224935434367e-05
6,merged_z_m0p014_dedup_filtered,58,-0.010038311593234539,-8.765365322460639e-08,-0.010038223939581314,0.010038223939581314,0.0001007659398611834
6,merged_z_m0p014_dedup_filtered,59,-0.009619534946978092,-8.278884422452393e-08,-0.009619452158133868,0.009619452158133868,9.253385982262632e-05
6,merged_z_m0p014_dedup_filtered,60,-0.00880772527307272,-7.802069035278691e-08,-0.008807647252382367,0.008807647252382367,7.757465012239865e-05
6,merged_z_m0p014_dedup_filtered,61,-0.007680994458496571,-7.334247698054241e-08,-0.00768092111601959,0.00768092111601959,5.8996549190515624e-05
6,merged_z_m0p014_dedup_filtered,62,-0.006343645974993706,-6.88823433847574e-08,-0.006343577092650321,0.006343577092650321,4.02409703303979e-05
6,merged_z_m0p014_dedup_filtered,63,-0.004912249743938446,-6.451631406889646e-08,-0.004912185227624377,0.004912185227624377,2.4129563710491154e-05
6,merged_z_m0p014_dedup_filtered,64,-0.0035008355043828487,-6.008493613762766e-08,-0.003500775419446711,0.003500775419446711,1.2255428537402296e-05
6,merged_z_m0p014_dedup_filtered,65,-0.002207553945481777,-5.5533046605660275e-08,-0.0022074984124351715,0.0022074984124351715,4.8730492409038024e-06
6,merged_z_m0p014_dedup_filtered,66,-0.0011047867592424154,-5.0840792908957155e-08,-0.0011047359184495065,0.0011047359184495065,1.2204414495124745e-06
6,merged_z_m0p014_dedup_filtered,67,0.007018330041319132,-0.0003287561412435025,0.007347086182562634,0.007347086182562634,5.397967537400278e-05
6,merged_z_m0p014_dedup_filtered,68,0.00551536725834012,-0.0003491897659841925,0.005864557024324313,0.005864557024324313,3.439302909155164e-05
6,merged_z_m0p014_dedup_filtered,69,0.0025464408099651337,-0.00036962368176318705,0.0029160644917283207,0.0029160644917283207,8.503432119918749e-06
6,merged_z_m0p014_dedup_filtered,70,-0.0017147944308817387,-0.00039005829603411257,-0.001324736134847626,0.001324736134847626,1.7549258269710278e-06
6,merged_z_m0p014_dedup_filtered,71,-0.006843957584351301,-0.00041049456922337413,-0.006433463015127927,0.006433463015127927,4.1389446367018915e-05
6,merged_z_m0p014_dedup_filtered,72,-0.012222275137901306,-0.00043093538261018693,-0.01179133975529112,0.01179133975529112,0.00013903569322470884
6,merged_z_m0p014_dedup_filtered,73,-0.017134128138422966,-0.00045138722634874284,-0.016682740912074223,0.016682740912074223,0.0002783138443393951
6,merged_z_m0p014_dedup_filtered,74,-0.0208879541605711,-0.000471863808343187,-0.02041609035222791,0.02041609035222791,0.0004168167452703336
6,merged_z_m0p014_dedup_filtered,75,-0.022937336936593056,-0.0004923840169794858,-0.02244495291961357,0.02244495291961357,0.0005037759115636697
6,merged_z_m0p014_dedup_filtered,76,-0.018087368458509445,-0.0009862297447398305,-0.017101138713769615,0.017101138713769615,0.00029244894530758986
6,merged_z_m0p014_dedup_filtered,77,-0.01637612283229828,-0.0009451392688788474,-0.015430983563419431,0.015430983563419431,0.00023811525373452065
6,merged_z_m0p014_dedup_filtered,78,0.0007935920730233192,0.0004405994259286672,0.00035299264709465206,0.00035299264709465206,1.2460380890288957e-07
6,merged_z_m0p014_dedup_filtered,79,-0.0014846546109765768,0.0004201637639198452,-0.001904818374896422,0.001904818374896422,3.628333041343046e-06
6,merged_z_m0p014_dedup_filtered,80,-0.0036881156265735626,0.0003997348539996892,-0.004087850480573252,0.004087850480573252,1.6710521551522965e-05
6,merged_z_m0p014_dedup_filtered,81,-0.005469881929457188,0.00037930873804725707,-0.005849190667504445,0.005849190667504445,3.421303146482109e-05
6,merged_z_m0p014_dedup_filtered,82,-0.006565292365849018,0.00035888361162506044,-0.0069241759774740785,0.0069241759774740785,4.794421296702911e-05
6,merged_z_m0p014_dedup_filtered,83,-0.006832960993051529,0.0003384589799679816,-0.0071714199730195105,0.0071714199730195105,5.1429264429423153e-05
6,merged_z_m0p014_dedup_filtered,84,-0.006270970217883587,0.0003180345520377159,-0.006589004769921303,0.006589004769921303,4.341498385804568e-05
6,merged_z_m0p014_dedup_filtered,85,-0.005006239749491215,0.00029760986217297614,-0.005303849611664191,0.005303849611664191,2.8130820703150388e-05
6,merged_z_m0p014_dedup_filtered,86,-0.0032606213353574276,0.00027718511410057545,-0.003537806449458003,0.003537806449458003,1.2516074473826642e-05
6,merged_z_m0p014_dedup_filtered,87,-0.0013018641620874405,0.00025676030782051384,-0.0015586244699079543,0.0015586244699079543,2.4293102381958516e-06
6,merged_z_m0p014_dedup_filtered,88,0.0006096498691476882,0.00023633554519619793,0.0003733143239514902,0.0003733143239514902,1.393635844673582e-07
6,merged_z_m0p014_dedup_filtered,89,0.0022671392653137445,0.0002159112336812541,0.0020512280316324905,0.0020512280316324905,4.207536437754901e-06
6,merged_z_m0p014_dedup_filtered,90,0.003547429805621505,0.0001954879699042067,0.003351941835717298,0.003351941835717298,1.123551407003185e-05
6,merged_z_m0p014_dedup_filtered,91,0.0044195326045155525,0.0001750672236084938,0.004244465380907059,0.004244465380907059,1.8015486369718503e-05
6,merged_z_m0p014_dedup_filtered,92,0.004931588191539049,0.0001546525745652616,0.0047769356169737875,0.0047769356169737875,2.281911388871274e-05
6,merged_z_m0p014_dedup_filtered,93,0.005180869251489639,0.00013425250654108822,0.005046616744948551,0.005046616744948551,2.5468340570395108e-05
6,merged_z_m0p014_dedup_filtered,94,-6.355671212077141e-05,-0.0001346870994893834,7.113038736861199e-05,7.113038736861199e-05,5.059532007208796e-09
6,merged_z_m0p014_dedup_filtered,95,0.00026924582198262215,-0.00011431432358222082,0.00038356014556484297,0.00038356014556484297,1.4711838526572353e-07
6,merged_z_m0p014_dedup_filtered,96,0.000715755857527256,-0.00023012967722024769,0.0009458855347475037,0.0009458855347475037,8.94699444844571e-07
6,merged_z_m0p014_dedup_filtered,97,0.0007674549706280231,-0.00034439569571986794,0.001111850666347891,0.001111850666347891,1.2362119042582494e-06
6,merged_z_m0p014_dedup_filtered,98,0.0008094296790659428,-0.00040538940811529756,0.0012148190871812403,0.0012148190871812403,1.475785414579862e-06
6,merged_z_m0p014_dedup_filtered,99,0.0005077412351965904,-0.0002708356478251517,0.0007785768830217421,0.0007785768830217421,6.061819627758515e-07
6,merged_z_m0p014_dedup_filtered,100,0.0003245258703827858,-0.000311625306494534,0.0006361511768773198,0.0006361511768773198,4.0468831984239904e-07
6,merged_z_m0p014_dedup_filtered,101,0.0009471781086176634,-0.00046654770267196,0.0014137258112896234,0.0014137258112896234,1.998620669506504e-06
6,merged_z_m0p014_dedup_filtered,102,0.0012565541546791792,-0.0005277741001918912,0.0017843282548710704,0.0017843282548710704,3.1838273211312395e-06
6,merged_z_m0p014_dedup_filtered,103,0.00035634241066873074,-0.0003524541389197111,0.0007087965495884418,0.0007087965495884418,5.023925487084805e-07
6,merged_z_m0p014_dedup_filtered,104,0.0007782313041388988,-0.00039330110303126276,0.0011715324071701616,0.0011715324071701616,1.3724881810499133e-06
6,merged_z_m0p014_dedup_filtered,105,0.001798748504370451,-0.0005890292231924832,0.002387777727562934,0.002387777727562934,5.70148247624561e-06
6,merged_z_m0p014_dedup_filtered,106,0.002589726820588112,-0.0006503114709630609,0.0032400382915511727,0.0032400382915511727,1.0497848130717842e-05
6,merged_z_m0p014_dedup_filtered,107,0.001687334501184523,-0.000434155750554055,0.002121490251738578,0.002121490251738578,4.500720888221815e-06
6,merged_z_m0p014_dedup_filtered,108,0.0005376229528337717,-0.0016930975252762437,0.0022307204781100154,0.0022307204781100154,4.976113851459376e-06
6,merged_z_m0p014_dedup_filtered,109,-0.0003192205913364887,-0.000195943663129583,-0.00012327692820690572,0.00012327692820690572,1.5197201028130588e-08
6,merged_z_m0p014_dedup_filtered,110,-0.000586881535127759,-0.00017551530618220568,-0.0004113662289455533,0.0004113662289455533,1.6922217431688538e-07
6,merged_z_m0p014_dedup_filtered,111,-0.0004273131489753723,-0.0001550936867715791,-0.00027221946220379323,0.00027221946220379323,7.410343560252241e-08
6,merged_z_m0p014_dedup_filtered,112,0.0008042645640671253,-0.00018960496527142823,0.0009938695293385535,0.0009938695293385535,9.87776641347638e-07
6,merged_z_m0p014_dedup_filtered,113,0.0030548744834959507,-0.00047501467633992434,0.003529889159835875,0.003529889159835875,1.246011748072682e-05
6,merged_z_m0p014_dedup_filtered,114,0.0035778325982391834,-0.0007115888292901218,0.004289421427529305,0.004289421427529305,1.8399136182947543e-05
6,merged_z_m0p014_dedup_filtered,115,0.0046364846639335155,-0.0007728756172582507,0.005409360281191766,0.005409360281191766,2.9261178651735065e-05
6,merged_z_m0p014_dedup_filtered,116,0.004706079140305519,-0.0005158754647709429,0.005221954605076462,0.005221954605076462,2.726880989747927e-05
6,merged_z_m0p014_dedup_filtered,117,0.006335304584354162,-0.0005567368352785707,0.006892041419632733,0.006892041419632733,4.7500234929933176e-05
6,merged_z_m0p014_dedup_filtered,118,0.00557551858946681,-0.0008341713109984994,0.00640968990046531,0.00640968990046531,4.108412462012699e-05
6,merged_z_m0p014_dedup_filtered,119,0.0061704725958406925,-0.0008954599034041166,0.007065932499244809,0.007065932499244809,4.9927402083883995e-05
6,merged_z_m0p014_dedup_filtered,120,0.005414329469203949,-0.00027767239953391254,0.0056920018687378615,0.0056920018687378615,3.239888527371531e-05
6,merged_z_m0p014_dedup_filtered,121,0.0036414724308997393,-0.00025723950238898396,0.0038987119332887232,0.0038987119332887232,1.5199954738767894e-05
6,merged_z_m0p014_dedup_filtered,122,-0.0010348712094128132,0.000771452090702951,-0.0018063233001157641,0.0018063233001157641,3.262803864541105e-06
6,merged_z_m0p014_dedup_filtered,123,-0.0009058951400220394,0.0008390358416363597,-0.001744930981658399,0.001744930981658399,3.0447841307513444e-06
6,merged_z_m0p014_dedup_filtered,124,0.0012611717684194446,0.0009618177427910268,0.00029935402562841773,0.00029935402562841773,8.961283265993938e-08
6,merged_z_m0p014_dedup_filtered,125,0.003105839481577277,0.0010490822605788708,0.0020567572209984064,0.0020567572209984064,4.230250266129088e-06
6,merged_z_m0p014_dedup_filtered,126,0.003291112370789051,-0.007842599414288998,0.011133711785078049,0.011133711785078049,0.00012395953811318583
6,merged_z_m0p014_dedup_filtered,127,0.002734620124101639,0.0011778248008340597,0.001556795323267579,0.001556795323267579,2.423611678547806e-06
7,merged_z_m0p016_dedup_filtered,0,-0.010785798542201519,-0.001447714283131063,-0.009338084259070456,0.009338084259070456,8.719981762949943e-05
7,merged_z_m0p016_dedup_filtered,1,-0.009204758331179619,-0.001375006278976798,-0.00782975205220282,0.00782975205220282,6.130501719897428e-05
7,merged_z_m0p016_dedup_filtered,2,-0.006801662966609001,-0.0013246310409158468,-0.005477031925693154,0.005477031925693154,2.9997878715062062e-05
7,merged_z_m0p016_dedup_filtered,3,-0.011169709265232086,-0.0008837009663693607,-0.010286008298862725,0.010286008298862725,0.00010580196672427286
7,merged_z_m0p016_dedup_filtered,4,-0.006661088205873966,-0.0008428021101281047,-0.0058182860957458615,0.0058182860957458615,3.385245309194962e-05
7,merged_z_m0p016_dedup_filtered,5,-0.003916218876838684,-0.001263270853087306,-0.002652948023751378,0.002652948023751378,7.038133216726342e-06
7,merged_z_m0p016_dedup_filtered,6,-0.0009172526188194752,-0.0012019394198432565,0.0002846868010237813,0.0002846868010237813,8.104657467715405e-08
7,merged_z_m0p016_dedup_filtered,7,-0.002039019949734211,-0.0008019231609068811,-0.0012370967888273299,0.0012370967888273299,1.5304084649268912e-06
7,merged_z_m0p016_dedup_filtered,8,0.0021039177663624287,-0.0007610530010424554,0.002864970767404884,0.002864970767404884,8.20805749808453e-06
7,merged_z_m0p016_dedup_filtered,9,0.0018326921854168177,-0.0011406324338167906,0.0029733246192336082,0.0029733246192336082,8.840659291340681e-06
7,merged_z_m0p016_dedup_filtered,10,0.004038810729980469,-0.0010793345281854272,0.005118145258165896,0.005118145258165896,2.6195410883686046e-05
7,merged_z_m0p016_dedup_filtered,11,0.005299485754221678,-0.0007201872649602592,0.006019673019181937,0.006019673019181937,3.623646325786697e-05
7,merged_z_m0p016_dedup_filtered,12,0.00727299228310585,-0.0006793235661461949,0.007952315849252045,0.007952315849252045,6.323932736626528e-05
7,merged_z_m0p016_dedup_filtered,13,0.00551521684974432,-0.0010180397657677531,0.006533256615512073,0.006533256615512073,4.268344200413227e-05
7,merged_z_m0p016_dedup_filtered,14,0.006204152479767799,-0.0009567463421262801,0.0071608988218940794,0.0071608988218940794,5.127847193740401e-05
7,merged_z_m0p016_dedup_filtered,15,0.007972749881446362,-0.000638460973277688,0.00861121085472405,0.00861121085472405,7.41529523845173e-05
7,merged_z_m0p016_dedup_filtered,16,0.007556082680821419,-0.0005975988460704684,0.008153681526891887,0.008153681526891887,6.648252244197802e-05
7,merged_z_m0p016_dedup_filtered,17,0.006788521073758602,-0.0049790386110544205,0.011767559684813023,0.011767559684813023,0.00013847546093563676
7,merged_z_m0p016_dedup_filtered,18,0.00010918267071247101,-4.381816864906796e-08,0.00010922648888112008,0.00010922648888112008,1.1930425873297447e-08
7,merged_z_m0p016_dedup_filtered,19,0.0006227107951417565,-3.940547443903597e-08,0.0006227502006161956,0.0006227502006161956,3.878178123675118e-07
7,merged_z_m0p016_dedup_filtered,20,0.000926743436139077,-3.528859693346931e-08,0.0009267787247360104,0.0009267787247360104,8.589188046233058e-07
7,merged_z_m0p016_dedup_filtered,21,0.0010635248618200421,-3.133590809056841e-08,0.0010635561977281327,0.0010635561977281327,1.1311517857259229e-06
7,merged_z_m0p016_dedup_filtered,22,0.0010813442058861256,-2.7436634297828277e-08,0.0010813716425204234,0.0010813716425204234,1.1693646292473183e-06
7,merged_z_m0p016_dedup_filtered,23,0.0010267304023727775,-2.3607100274603e-08,0.001026754009473052,0.001026754009473052,1.0542237959689884e-06
7,merged_z_m0p016_dedup_filtered,24,0.0009389594779349864,-1.99208045614796e-08,0.0009389793987395478,0.0009389793987395478,8.816823112572827e-07
7,merged_z_m0p016_dedup_filtered,25,0.0008473671041429043,-1.6569588368042787e-08,0.0008473836737312723,0.0008473836737312723,7.180590905063074e-07
7,merged_z_m0p016_dedup_filtered,26,0.0007712760707363486,-1.3542215349104936e-08,0.0007712896129516977,0.0007712896129516977,5.948876670471797e-07
7,merged_z_m0p016_dedup_filtered,27,0.0007217498496174812,-1.0667145389220423e-08,0.0007217605167628705,0.0007217605167628705,5.209382435578058e-07
7,merged_z_m0p016_dedup_filtered,28,0.000704062869772315,-7.969680915209665e-09,0.0007040708394532302,0.0007040708394532302,4.957157469683763e-07
7,merged_z_m0p016_dedup_filtered,29,0.005320045631378889,9.47217849898152e-05,0.005225323846389074,0.005225323846389074,2.7304009299642306e-05
7,merged_z_m0p016_dedup_filtered,30,0.013360187411308289,0.00021143874619156122,0.013148748665116727,0.013148748665116727,0.0001728895914584089
7,merged_z_m0p016_dedup_filtered,31,0.012431129813194275,0.00025207229191437364,0.012179057521279901,0.012179057521279901,0.00014832944210664453
7,merged_z_m0p016_dedup_filtered,32,0.01608661189675331,0.00037894511478953063,0.01570766678196378,0.01570766678196378,0.0002467307957332084
7,merged_z_m0p016_dedup_filtered,33,0.013029376044869423,-0.0003246953128837049,0.013354071357753128,0.013354071357753128,0.00017833122182796246
7,merged_z_m0p016_dedup_filtered,34,0.010672248899936676,0.0004891888820566237,0.010183060017880052,0.010183060017880052,0.00010369471132774729
7,merged_z_m0p016_dedup_filtered,35,0.008469721302390099,0.0003336321096867323,0.008136089192703366,0.008136089192703366,6.619594735162451e-05
7,merged_z_m0p016_dedup_filtered,36,0.0059071872383356094,0.00037446481292136014,0.005532722425414249,0.005532722425414249,3.061101743668173e-05
7,merged_z_m0p016_dedup_filtered,37,0.0033294802997261286,0.0004153090703766793,0.0029141712293494493,0.0029141712293494493,8.49239395396808e-06
7,merged_z_m0p016_dedup_filtered,38,0.003078678622841835,0.0006241575465537608,0.0024545210762880743,0.0024545210762880743,6.0246737139423664e-06
7,merged_z_m0p016_dedup_filtered,39,0.0010003747884184122,0.0004561584210023284,0.0005442163674160838,0.0005442163674160838,2.9617145456355793e-07
7,merged_z_m0p016_dedup_filtered,40,-0.0008719665929675102,0.0004970102454535663,-0.0013689768384210765,0.0013689768384210765,1.8740975841333663e-06
7,merged_z_m0p016_dedup_filtered,41,-0.002158483723178506,0.0005378634086810052,-0.002696347131859511,0.002696347131859511,7.270287855487012e-06
7,merged_z_m0p016_dedup_filtered,42,-0.0028182559181004763,0.0005787170375697315,-0.0033969729556702077,0.0033969729556702077,1.1539425261554787e-05
7,merged_z_m0p016_dedup_filtered,43,-0.0028927007224410772,0.0006195716559886932,-0.0035122723784297705,0.0035122723784297705,1.2336057260280717e-05
7,merged_z_m0p016_dedup_filtered,44,-0.002487491350620985,0.0006604263326153159,-0.003147917683236301,0.003147917683236301,9.9093857404318e-06
7,merged_z_m0p016_dedup_filtered,45,-0.0017467545112594962,0.0007012812420725822,-0.0024480357533320785,0.0024480357533320785,5.992879049592157e-06
7,merged_z_m0p016_dedup_filtered,46,-0.0008252391708083451,0.0007421369664371014,-0.0015673761372454464,0.0015673761372454464,2.4566679556064566e-06
7,merged_z_m0p016_dedup_filtered,47,0.0001360469323117286,0.0007829946698620915,-0.0006469477375503629,0.0006469477375503629,4.185413751215333e-07
7,merged_z_m0p016_dedup_filtered,48,0.0010265687014907598,0.0008238583686761558,0.00020271033281460404,0.00020271033281460404,4.109147902980754e-08
7,merged_z_m0p016_dedup_filtered,49,0.0017732756678014994,0.0008647360373288393,0.0009085396304726601,0.0009085396304726601,8.254442601393977e-07
7,merged_z_m0p016_dedup_filtered,50,0.00233822176232934,0.0009056436247192323,0.0014325781376101077,0.0014325781376101077,2.0522801203584446e-06
7,merged_z_m0p016_dedup_filtered,51,0.002709271851927042,0.0009466128540225327,0.0017626589979045093,0.0017626589979045093,3.106966742893729e-06
7,merged_z_m0p016_dedup_filtered,52,0.002887771464884281,0.0009877001866698265,0.0019000712782144547,0.0019000712782144547,3.6102708622955115e-06
7,merged_z_m0p016_dedup_filtered,53,-0.002403304912149906,0.0014846447156742215,-0.0038879496278241277,0.0038879496278241277,1.5116152308497773e-05
7,merged_z_m0p016_dedup_filtered,54,-0.0011296237353235483,0.0013856397708877921,-0.0025152635062113404,0.0025152635062113404,6.326550505678566e-06
7,merged_z_m0p016_dedup_filtered,55,0.0027701007202267647,0.00046105115325190127,0.0023090495669748634,0.0023090495669748634,5.331709902746804e-06
7,merged_z_m0p016_dedup_filtered,56,0.004127934575080872,0.0004815375432372093,0.0036463970318436623,0.0036463970318436623,1.329621131383827e-05
7,merged_z_m0p016_dedup_filtered,57,0.004633622709661722,0.0005020664539188147,0.0041315562557429075,0.0041315562557429075,1.7069757094368353e-05
7,merged_z_m0p016_dedup_filtered,58,-0.010044654831290245,-8.765365322460639e-08,-0.01004456717763702,0.01004456717763702,0.00010089332978606294
7,merged_z_m0p016_dedup_filtered,59,-0.009625790640711784,-8.278884422452393e-08,-0.00962570785186756,0.00962570785186756,9.26542516495048e-05
7,merged_z_m0p016_dedup_filtered,60,-0.008813800290226936,-7.802069035278691e-08,-0.008813722269536584,0.008813722269536584,7.76817002445251e-05
7,merged_z_m0p016_dedup_filtered,61,-0.007686787750571966,-7.334247698054241e-08,-0.007686714408094986,0.007686714408094986,5.9085578391615047e-05
7,merged_z_m0p016_dedup_filtered,62,-0.006349047180265188,-6.88823433847574e-08,-0.0063489782979218035,0.0063489782979218035,4.030952542748204e-05
7,merged_z_m0p016_dedup_filtered,63,-0.00491713872179389,-6.451631406889646e-08,-0.004917074205479821,0.004917074205479821,2.4177618742195015e-05
7,merged_z_m0p016_dedup_filtered,64,-0.0035050855949521065,-6.008493613762766e-08,-0.003505025510015969,0.003505025510015969,1.2285203825862703e-05
7,merged_z_m0p016_dedup_filtered,65,-0.0022110326681286097,-5.5533046605660275e-08,-0.002210977135082004,0.002210977135082004,4.888419891855426e-06
7,merged_z_m0p016_dedup_filtered,66,-0.0011073632631450891,-5.0840792908957155e-08,-0.0011073124223521802,0.0011073124223521802,1.226140800695453e-06
7,merged_z_m0p016_dedup_filtered,67,0.007016781717538834,-0.0003287561412435025,0.007345537858782336,0.007345537858782336,5.3956926434804586e-05
7,merged_z_m0p016_dedup_filtered,68,0.005512681789696217,-0.0003491897659841925,0.005861871555680409,0.005861871555680409,3.436153813529506e-05
7,merged_z_m0p016_dedup_filtered,69,0.0025427588261663914,-0.00036962368176318705,0.0029123825079295784,0.0029123825079295784,8.48197187249418e-06
7,merged_z_m0p016_dedup_filtered,70,-0.0017193113453686237,-0.00039005829603411257,-0.0013292530493345112,0.0013292530493345112,1.7669136691650964e-06
7,merged_z_m0p016_dedup_filtered,71,-0.006849141791462898,-0.00041049456922337413,-0.006438647222239524,0.006438647222239524,4.1456178052452737e-05
7,merged_z_m0p016_dedup_filtered,72,-0.012227961793541908,-0.00043093538261018693,-0.011797026410931721,0.011797026410931721,0.00013916983214022058
7,merged_z_m0p016_dedup_filtered,73,-0.01714017242193222,-0.00045138722634874284,-0.016688785195583478,0.016688785195583478,0.00027851555130432626
7,merged_z_m0p016_dedup_filtered,74,-0.02089422009885311,-0.000471863808343187,-0.020422356290509924,0.020422356290509924,0.00041707263645653027
7,merged_z_m0p016_dedup_filtered,75,-0.022943712770938873,-0.0004923840169794858,-0.022451328753959388,0.022451328753959388,0.0005040621628183636
7,merged_z_m0p016_dedup_filtered,76,-0.018093686550855637,-0.0009862297447398305,-0.017107456806115806,0.017107456806115806,0.000292665078373118
7,merged_z_m0p016_dedup_filtered,77,-0.016382303088903427,-0.0009451392688788474,-0.01543716382002458,0.01543716382002458,0.00023830602680627587
7,merged_z_m0p016_dedup_filtered,78,0.0007879156619310379,0.0004405994259286672,0.0003473162360023707,0.0003473162360023707,1.2062856779085447e-07
7,merged_z_m0p016_dedup_filtered,79,-0.0014898874796926975,0.0004201637639198452,-0.0019100512436125427,0.0019100512436125427,3.648295753225821e-06
7,merged_z_m0p016_dedup_filtered,80,-0.0036928714253008366,0.0003997348539996892,-0.004092606279300526,0.004092606279300526,1.6749426157370092e-05
7,merged_z_m0p016_dedup_filtered,81,-0.0054741594940423965,0.00037930873804725707,-0.005853468232089654,0.005853468232089654,3.4263090344082774e-05
7,merged_z_m0p016_dedup_filtered,82,-0.0065691000781953335,0.00035888361162506044,-0.006927983689820394,0.006927983689820394,4.79969580064174e-05
7,merged_z_m0p016_dedup_filtered,83,-0.006836291868239641,0.0003384589799679816,-0.007174750848207623,0.007174750848207623,5.1477049733856e-05
7,merged_z_m0p016_dedup_filtered,84,-0.006273777224123478,0.0003180345520377159,-0.006591811776161194,0.006591811776161194,4.345198249233739e-05
7,merged_z_m0p016_dedup_filtered,85,-0.00500842509791255,0.00029760986217297614,-0.005306034960085526,0.005306034960085526,2.815400699764981e-05
7,merged_z_m0p016_dedup_filtered,86,-0.003262032987549901,0.00027718511410057545,-0.0035392181016504765,0.0035392181016504765,1.2526064771050402e-05
7,merged_z_m0p016_dedup_filtered,87,-0.001302312477491796,0.00025676030782051384,-0.0015590727853123099,0.0015590727853123099,2.430707949901484e-06
7,merged_z_m0p016_dedup_filtered,88,0.0006103633204475045,0.00023633554519619793,0.0003740277752513066,0.0003740277752513066,1.3989677665944192e-07
7,merged_z_m0p016_dedup_filtered,89,0.0022691828198730946,0.0002159112336812541,0.0020532715861918405,0.0020532715861918405,4.215924206662756e-06
7,merged_z_m0p016_dedup_filtered,90,0.0035509003791958094,0.0001954879699042067,0.0033554124092916027,0.0033554124092916027,1.1258792436428078e-05
7,merged_z_m0p016_dedup_filtered,91,0.004424422979354858,0.0001750672236084938,0.004249355755746365,0.004249355755746365,1.8057024338894757e-05
7,merged_z_m0p016_dedup_filtered,92,0.004937765188515186,0.0001546525745652616,0.004783112613949925,0.004783112613949925,2.287816627772688e-05
7,merged_z_m0p016_dedup_filtered,93,0.005188072100281715,0.00013425250654108822,0.005053819593740627,0.005053819593740627,2.5541092486076677e-05
7,merged_z_m0p016_dedup_filtered,94,-5.554221570491791e-05,-0.0001346870994893834,7.914488378446549e-05,7.914488378446549e-05,6.263912629256549e-09
7,merged_z_m0p016_dedup_filtered,95,0.00027751363813877106,-0.00011431432358222082,0.0003918279617209919,0.0003918279617209919,1.5352915158642708e-07
7,merged_z_m0p016_dedup_filtered,96,0.000724228098988533,-0.00023012967722024769,0.0009543577762087807,0.0009543577762087807,9.107987650101692e-07
7,merged_z_m0p016_dedup_filtered,97,0.0007759970612823963,-0.00034439569571986794,0.0011203927570022643,0.0011203927570022643,1.2552799299431348e-06
7,merged_z_m0p016_dedup_filtered,98,0.0008176395203918219,-0.00040538940811529756,0.0012230289285071194,0.0012230289285071194,1.4957997599652726e-06
7,merged_z_m0p016_dedup_filtered,99,0.0005159243009984493,-0.0002708356478251517,0.000786759948823601,0.000786759948823601,6.189912170729153e-07
7,merged_z_m0p016_dedup_filtered,100,0.0003322334960103035,-0.000311625306494534,0.0006438588025048375,0.0006438588025048375,4.1455415756296336e-07
7,merged_z_m0p016_dedup_filtered,101,0.0009548480156809092,-0.00046654770267196,0.0014213957183528692,0.0014213957183528692,2.020365788151869e-06
7,merged_z_m0p016_dedup_filtered,102,0.0012634978629648685,-0.0005277741001918912,0.0017912719631567597,0.0017912719631567597,3.208655245991472e-06
7,merged_z_m0p016_dedup_filtered,103,0.000363396480679512,-0.0003524541389197111,0.0007158506195992231,0.0007158506195992231,5.124421095805917e-07
7,merged_z_m0p016_dedup_filtered,104,0.0007844679057598114,-0.00039330110303126276,0.0011777690087910742,0.0011777690087910742,1.3871398380687093e-06
7,merged_z_m0p016_dedup_filtered,105,0.001804807921871543,-0.0005890292231924832,0.002393837145064026,0.002393837145064026,5.730456277088287e-06
7,merged_z_m0p016_dedup_filtered,106,0.002594776451587677,-0.0006503114709630609,0.003245087922550738,0.003245087922550738,1.0530595625084664e-05
7,merged_z_m0p016_dedup_filtered,107,0.0016926084645092487,-0.000434155750554055,0.0021267642150633037,0.0021267642150633037,4.52312602647383e-06
7,merged_z_m0p016_dedup_filtered,108,0.0005428422009572387,-0.0019349680515006185,0.002477810252457857,0.002477810252457857,6.13954364718527e-06
7,merged_z_m0p016_dedup_filtered,109,-0.00031302589923143387,-0.000195943663129583,-0.00011708223610185087,0.00011708223610185087,1.370825001060955e-08
7,merged_z_m0p016_dedup_filtered,110,-0.0005799026694148779,-0.00017551530618220568,-0.0004043873632326722,0.0004043873632326722,1.6352913954227318e-07
7,merged_z_m0p016_dedup_filtered,111,-0.00041972706094384193,-0.0001550936867715791,-0.00026463337417226285,0.00026463337417226285,7.003082272579687e-08
7,merged_z_m0p016_dedup_filtered,112,0.000812834594398737,-0.00018960496527142823,0.0010024395596701652,0.0010024395596701652,1.0048850707917147e-06
7,merged_z_m0p016_dedup_filtered,113,0.003059064969420433,-0.00047501467633992434,0.0035340796457603574,0.0035340796457603574,1.2489718942577653e-05
7,merged_z_m0p016_dedup_filtered,114,0.003581780008971691,-0.0007115888292901218,0.004293368838261813,0.004293368838261813,1.843301598135759e-05
7,merged_z_m0p016_dedup_filtered,115,0.004639273975044489,-0.0007728756172582507,0.00541214959230274,0.00541214959230274,2.929136320946271e-05
7,merged_z_m0p016_dedup_filtered,116,0.004709099419414997,-0.0005158754647709429,0.00522497488418594,0.00522497488418594,2.7300362540373877e-05
7,merged_z_m0p016_dedup_filtered,117,0.00633710203692317,-0.0005567368352785707,0.006893838872201741,0.006893838872201741,4.752501439587977e-05
7,merged_z_m0p016_dedup_filtered,118,0.005577126517891884,-0.0008341713109984994,0.006411297828890383,0.006411297828890383,4.110473985073454e-05
7,merged_z_m0p016_dedup_filtered,119,0.0061709084548056126,-0.0008954599034041166,0.007066368358209729,0.007066368358209729,4.9933561773907664e-05
7,merged_z_m0p016_dedup_filtered,120,0.00541597418487072,-0.00027767239953391254,0.0056936465844046324,0.0056936465844046324,3.2417611428102537e-05
7,merged_z_m0p016_dedup_filtered,121,0.0036444030702114105,-0.00025723950238898396,0.0039016425726003945,0.0039016425726003945,1.5222814764327825e-05
7,merged_z_m0p016_dedup_filtered,122,-0.001036633737385273,0.000771452090702951,-0.001808085828088224,0.001808085828088224,3.2691743617334785e-06
7,merged_z_m0p016_dedup_filtered,123,-0.0009080911986529827,0.0008390358416363597,-0.0017471270402893424,0.0017471270402893424,3.0524528949101975e-06
7,merged_z_m0p016_dedup_filtered,124,0.0012589630205184221,0.0009618177427910268,0.0002971452777273953,0.0002971452777273953,8.829531607569088e-08
7,merged_z_m0p016_dedup_filtered,125,0.003103523515164852,0.0010490822605788708,0.0020544412545859814,0.0020544412545859814,4.220728868544821e-06
7,merged_z_m0p016_dedup_filtered,126,0.0032884147949516773,-0.008962970227003098,0.012251385021954775,0.012251385021954775,0.0001500964349561778
7,merged_z_m0p016_dedup_filtered,127,0.002731270156800747,0.0011778248008340597,0.0015534453559666872,0.0015534453559666872,2.4131924739744675e-06
8,merged_z_m0p018_dedup_filtered,0,-0.010791992768645287,-0.001447714283131063,-0.009344278485514224,0.009344278485514224,8.731554041484399e-05
8,merged_z_m0p018_dedup_filtered,1,-0.009210724383592606,-0.001375006278976798,-0.007835718104615808,0.007835718104615808,6.139847821500394e-05
8,merged_z_m0p018_dedup_filtered,2,-0.006807254161685705,-0.0013246310409158468,-0.005482623120769858,0.005482623120769858,3.005915628440022e-05
8,merged_z_m0p018_dedup_filtered,3,-0.011175408959388733,-0.0008837009663693607,-0.010291707993019372,0.010291707993019372,0.00010591925341357883
8,merged_z_m0p018_dedup_filtered,4,-0.006666288245469332,-0.0008428021101281047,-0.005823486135341227,0.005823486135341227,3.39129907685115e-05
8,merged_z_m0p018_dedup_filtered,5,-0.003921293653547764,-0.001263270853087306,-0.002658022800460458,0.002658022800460458,7.065085207767655e-06
8,merged_z_m0p018_dedup_filtered,6,-0.0009216743055731058,-0.0012019394198432565,0.00028026511427015066,0.00028026511427015066,7.854853427686061e-08
8,merged_z_m0p018_dedup_filtered,7,-0.002043571788817644,-0.0008019231609068811,-0.001241648627910763,0.001241648627910763,1.5416913151926804e-06
8,merged_z_m0p018_dedup_filtered,8,0.0021001589484512806,-0.0007610530010424554,0.002861211949493736,0.002861211949493736,8.186533819925745e-06
8,merged_z_m0p018_dedup_filtered,9,0.001829048851504922,-0.0011406324338167906,0.0029696812853217125,0.0029696812853217125,8.819006936390018e-06
8,merged_z_m0p018_dedup_filtered,10,0.004036060534417629,-0.0010793345281854272,0.005115395062603056,0.005115395062603056,2.6167266646503728e-05
8,merged_z_m0p018_dedup_filtered,11,0.005296656396239996,-0.0007201872649602592,0.006016843661200255,0.006016843661200255,3.620240764332569e-05
8,merged_z_m0p018_dedup_filtered,12,0.00727121252566576,-0.0006793235661461949,0.007950536091811955,0.007950536091811955,6.321102414720451e-05
8,merged_z_m0p018_dedup_filtered,13,0.005513458512723446,-0.0010180397657677531,0.006531498278491199,0.006531498278491199,4.2660469761933496e-05
8,merged_z_m0p018_dedup_filtered,14,0.006203468423336744,-0.0009567463421262801,0.007160214765463024,0.007160214765463024,5.126867548755471e-05
8,merged_z_m0p018_dedup_filtered,15,0.007972115650773048,-0.000638460973277688,0.008610576624050736,0.008610576624050736,7.414202979864898e-05
8,merged_z_m0p018_dedup_filtered,16,0.007556656841188669,-0.0005975988460704684,0.008154255687259138,0.008154255687259138,6.649188581319799e-05
8,merged_z_m0p018_dedup_filtered,17,0.006788832135498524,-0.005601417738944292,0.012390249874442816,0.012390249874442816,0.0001535182919511302
8,merged_z_m0p018_dedup_filtered,18,0.00010818475857377052,-4.381816864906796e-08,0.00010822857674241959,0.00010822857674241959,1.1713424823689806e-08
8,merged_z_m0p018_dedup_filtered,19,0.0006228822749108076,-3.940547443903597e-08,0.0006229216803852466,0.0006229216803852466,3.8803141989397935e-07
8,merged_z_m0p018_dedup_filtered,20,0.0009281439706683159,-3.528859693346931e-08,0.0009281792592652494,0.0009281792592652494,8.61516737330187e-07
8,merged_z_m0p018_dedup_filtered,21,0.001066176570020616,-3.133590809056841e-08,0.0010662079059287066,0.0010662079059287066,1.1367992986648777e-06
8,merged_z_m0p018_dedup_filtered,22,0.0010852228151634336,-2.7436634297828277e-08,0.0010852502517977314,0.0010852502517977314,1.1777681090270394e-06
8,merged_z_m0p018_dedup_filtered,23,0.0010317631531506777,-2.3607100274603e-08,0.0010317867602509523,0.0010317867602509523,1.064583918629156e-06
8,merged_z_m0p018_dedup_filtered,24,0.0009450233774259686,-1.99208045614796e-08,0.0009450432982305301,0.0009450432982305301,8.931068355304387e-07
8,merged_z_m0p018_dedup_filtered,25,0.0008542923023924232,-1.6569588368042787e-08,0.0008543088719807912,0.0008543088719807912,7.298436487450919e-07
8,merged_z_m0p018_dedup_filtered,26,0.0007788515649735928,-1.3542215349104936e-08,0.0007788651071889419,0.0007788651071889419,6.066308551964419e-07
8,merged_z_m0p018_dedup_filtered,27,0.0007297324482351542,-1.0667145389220423e-08,0.0007297431153805434,0.0007297431153805434,5.325250144453011e-07
8,merged_z_m0p018_dedup_filtered,28,0.0007121891248971224,-7.969680915209665e-09,0.0007121970945780376,0.0007121970945780376,5.072247015253982e-07
8,merged_z_m0p018_dedup_filtered,29,0.005328125320374966,9.47217849898152e-05,0.0052334035353851505,0.0052334035353851505,2.7388512564181792e-05
8,merged_z_m0p018_dedup_filtered,30,0.013368301093578339,0.00021143874619156122,0.013156862347386777,0.013156862347386777,0.0001731030268280839
8,merged_z_m0p018_dedup_filtered,31,0.012438587844371796,0.00025207229191437364,0.012186515552457422,0.012186515552457422,0.00014851116131028662
8,merged_z_m0p018_dedup_filtered,32,0.01609407551586628,0.00037894511478953063,0.01571513040107675,0.01571513040107675,0.0002469653235228467
8,merged_z_m0p018_dedup_filtered,33,0.013035697862505913,-0.0003652821760624647,0.013400980038568377,0.013400980038568377,0.0001795862659941081
8,merged_z_m0p018_dedup_filtered,34,0.01067708432674408,0.0004891888820566237,0.010187895444687456,0.010187895444687456,0.00010379321359188341
8,merged_z_m0p018_dedup_filtered,35,0.008474444970488548,0.0003336321096867323,0.008140812860801816,0.008140812860801816,6.627283403459625e-05
8,merged_z_m0p018_dedup_filtered,36,0.005910201463848352,0.00037446481292136014,0.005535736650926992,0.005535736650926992,3.064438026841639e-05
8,merged_z_m0p018_dedup_filtered,37,0.0033308365382254124,0.0004153090703766793,0.002915527467848733,0.002915527467848733,8.500300415780444e-06
8,merged_z_m0p018_dedup_filtered,38,0.0030796239152550697,0.0006241575465537608,0.002455466368701309,0.002455466368701309,6.029315087823193e-06
8,merged_z_m0p018_dedup_filtered,39,0.0010002965573221445,0.0004561584210023284,0.0005441381363198161,0.0005441381363198161,2.960863113976028e-07
8,merged_z_m0p018_dedup_filtered,40,-0.0008731456473469734,0.0004970102454535663,-0.0013701558928005397,0.0013701558928005397,1.8773271705760441e-06
8,merged_z_m0p018_dedup_filtered,41,-0.002160397358238697,0.0005378634086810052,-0.0026982607669197023,0.0026982607669197023,7.2806111662981e-06
8,merged_z_m0p018_dedup_filtered,42,-0.002820582129061222,0.0005787170375697315,-0.0033992991666309536,0.0033992991666309536,1.1555234824257895e-05
8,merged_z_m0p018_dedup_filtered,43,-0.0028952218126505613,0.0006195716559886932,-0.0035147934686392546,0.0035147934686392546,1.2353773127189163e-05
8,merged_z_m0p018_dedup_filtered,44,-0.0024901232682168484,0.0006604263326153159,-0.0031505496008321643,0.0031505496008321643,9.92596278730371e-06
8,merged_z_m0p018_dedup_filtered,45,-0.001749542891047895,0.0007012812420725822,-0.002450824133120477,0.002450824133120477,6.0065389314857385e-06
8,merged_z_m0p018_dedup_filtered,46,-0.0008283288916572928,0.0007421369664371014,-0.0015704658580943942,0.0015704658580943942,2.466363011440162e-06
8,merged_z_m0p018_dedup_filtered,47,0.0001324708864558488,0.0007829946698620915,-0.0006505237834062427,0.0006505237834062427,4.231811927771722e-07
8,merged_z_m0p018_dedup_filtered,48,0.0010223430581390858,0.0008238583686761558,0.00019848468946292996,0.00019848468946292996,3.939617195119574e-08
8,merged_z_m0p018_dedup_filtered,49,0.0017683155601844192,0.0008647360373288393,0.0009035795228555799,0.0009035795228555799,8.164559541239174e-07
8,merged_z_m0p018_dedup_filtered,50,0.002332557924091816,0.0009056436247192323,0.0014269142993725836,0.0014269142993725836,2.0360844177539512e-06
8,merged_z_m0p018_dedup_filtered,51,0.0027030594646930695,0.0009466128540225327,0.0017564466106705368,0.0017564466106705368,3.085104696136016e-06
8,merged_z_m0p018_dedup_filtered,52,0.002881264081224799,0.0009877001866698265,0.0018935638945549726,0.0018935638945549726,3.5855842227621956e-06
8,merged_z_m0p018_dedup_filtered,53,-0.0024099245201796293,0.0014846447156742215,-0.003894569235853851,0.003894569235853851,1.5167669532859248e-05
8,merged_z_m0p018_dedup_filtered,54,-0.0011355157475918531,0.0013856397708877921,-0.0025211555184796453,0.0025211555184796453,6.356225148360369e-06
8,merged_z_m0p018_dedup_filtered,55,0.0027640662156045437,0.00046105115325190127,0.0023030150623526424,0.0023030150623526424,5.3038783774231454e-06
8,merged_z_m0p018_dedup_filtered,56,0.004121655598282814,0.0004815375432372093,0.0036401180550456047,0.0036401180550456047,1.3250459454668996e-05
8,merged_z_m0p018_dedup_filtered,57,0.00462725292891264,0.0005020664539188147,0.004125186474993825,0.004125186474993825,1.701716345347198e-05
8,merged_z_m0p018_dedup_filtered,58,-0.010050994344055653,-8.765365322460639e-08,-0.010050906690402428,0.010050906690402428,0.00010102072529917629
8,merged_z_m0p018_dedup_filtered,59,-0.009632043540477753,-8.278884422452393e-08,-0.009631960751633528,0.009631960751633528,9.277466792100872e-05
8,merged_z_m0p018_dedup_filtered,60,-0.008819871582090855,-7.802069035278691e-08,-0.008819793561400502,0.008819793561400502,7.778875846572174e-05
8,merged_z_m0p018_dedup_filtered,61,-0.007692577317357063,-7.334247698054241e-08,-0.007692503974880083,0.007692503974880083,5.917461740354587e-05
8,merged_z_m0p018_dedup_filtered,62,-0.006354444194585085,-6.88823433847574e-08,-0.0063543753122417,0.0063543753122417,4.03780856088268e-05
8,merged_z_m0p018_dedup_filtered,63,-0.004922024440020323,-6.451631406889646e-08,-0.004921959923706254,0.004921959923706254,2.4225689490570472e-05
8,merged_z_m0p018_dedup_filtered,64,-0.0035093314945697784,-6.008493613762766e-08,-0.003509271409633641,0.003509271409633641,1.231498582647208e-05
8,merged_z_m0p018_dedup_filtered,65,-0.0022145069669932127,-5.5533046605660275e-08,-0.002214451433946607,0.002214451433946607,4.9037951533081845e-06
8,merged_z_m0p018_dedup_filtered,66,-0.0011099360417574644,-5.0840792908957155e-08,-0.0011098852009645555,0.0011098852009645555,1.2318451593201317e-06
8,merged_z_m0p018_dedup_filtered,67,0.007015235722064972,-0.0003287561412435025,0.007343991863308474,0.007343991863308474,5.393421648834108e-05
8,merged_z_m0p018_dedup_filtered,68,0.005509999580681324,-0.0003491897659841925,0.0058591893466655165,0.0058591893466655165,3.433009980007868e-05
8,merged_z_m0p018_dedup_filtered,69,0.0025390805676579475,-0.00036962368176318705,0.0029087042494211346,0.0029087042494211346,8.460560410600565e-06
8,merged_z_m0p018_dedup_filtered,70,-0.001723825465887785,-0.00039005829603411257,-0.0013337671698536724,0.0013337671698536724,1.778934863379475e-06
8,merged_z_m0p018_dedup_filtered,71,-0.0068543218076229095,-0.00041049456922337413,-0.006443827238399535,0.006443827238399535,4.152290947833978e-05
8,merged_z_m0p018_dedup_filtered,72,-0.012233645655214787,-0.00043093538261018693,-0.0118027102726046,0.0118027102726046,0.00013930396977904615
8,merged_z_m0p018_dedup_filtered,73,-0.017146209254860878,-0.00045138722634874284,-0.016694822028512135,0.016694822028512135,0.00027871708256369405
8,merged_z_m0p018_dedup_filtered,74,-0.020900482311844826,-0.000471863808343187,-0.02042861850350164,0.02042861850350164,0.00041732845396160953
8,merged_z_m0p018_dedup_filtered,75,-0.022950081154704094,-0.0004923840169794858,-0.022457697137724608,0.022457697137724608,0.0005043481607297641
8,merged_z_m0p018_dedup_filtered,76,-0.01809999719262123,-0.0009862297447398305,-0.0171137674478814,0.0171137674478814,0.00029288103626016505
8,merged_z_m0p018_dedup_filtered,77,-0.01638847589492798,-0.0009451392688788474,-0.015443336626049131,0.015443336626049131,0.00023849664614547056
8,merged_z_m0p018_dedup_filtered,78,0.0007822473999112844,0.0004405994259286672,0.00034164797398261726,0.00034164797398261726,1.1672333812642712e-07
8,merged_z_m0p018_dedup_filtered,79,-0.0014951116172596812,0.0004201637639198452,-0.0019152753811795264,0.0019152753811795264,3.6682797857523803e-06
8,merged_z_m0p018_dedup_filtered,80,-0.003697618842124939,0.0003997348539996892,-0.004097353696124628,0.004097353696124628,1.678830731114615e-05
8,merged_z_m0p018_dedup_filtered,81,-0.005478428211063147,0.00037930873804725707,-0.005857736949110404,0.005857736949110404,3.431308216497326e-05
8,merged_z_m0p018_dedup_filtered,82,-0.006572899408638477,0.00035888361162506044,-0.006931783020263538,0.006931783020263538,4.804961584001389e-05
8,merged_z_m0p018_dedup_filtered,83,-0.006839613430202007,0.0003384589799679816,-0.007178072410169989,0.007178072410169989,5.152472352564359e-05
8,merged_z_m0p018_dedup_filtered,84,-0.006276576314121485,0.0003180345520377159,-0.006594610866159201,0.006594610866159201,4.3488892476065e-05
8,merged_z_m0p018_dedup_filtered,85,-0.005010602995753288,0.00029760986217297614,-0.005308212857926264,0.005308212857926264,2.817712374505372e-05
8,merged_z_m0p018_dedup_filtered,86,-0.0032634378876537085,0.00027718511410057545,-0.003540623001754284,0.003540623001754284,1.2536011240551516e-05
8,merged_z_m0p018_dedup_filtered,87,-0.00130275369156152,0.00025676030782051384,-0.001559513999382034,0.001559513999382034,2.4320839142685466e-06
8,merged_z_m0p018_dedup_filtered,88,0.0006110837566666305,0.00023633554519619793,0.0003747482114704326,0.0003747482114704326,1.4043622200028806e-07
8,merged_z_m0p018_dedup_filtered,89,0.0022712326608598232,0.0002159112336812541,0.002055321427178569,0.002055321427178569,4.22434616901935e-06
8,merged_z_m0p018_dedup_filtered,90,0.00355437770485878,0.0001954879699042067,0.003358889734954573,0.003358889734954573,1.1282140251583203e-05
8,merged_z_m0p018_dedup_filtered,91,0.004429319873452187,0.0001750672236084938,0.004254252649843693,0.004254252649843693,1.809866560870208e-05
8,merged_z_m0p018_dedup_filtered,92,0.004943948704749346,0.0001546525745652616,0.004789296130184084,0.004789296130184084,2.2937357422596244e-05
8,merged_z_m0p018_dedup_filtered,93,0.005195281468331814,0.00013425250654108822,0.005061028961790726,0.005061028961790726,2.561401415208451e-05
8,merged_z_m0p018_dedup_filtered,94,-4.752539098262787e-05,-0.0001346870994893834,8.716170850675553e-05,8.716170850675553e-05,7.59716342981662e-09
8,merged_z_m0p018_dedup_filtered,95,0.0002857833169400692,-0.00011431432358222082,0.00040009764052229,0.00040009764052229,1.600781219515036e-07
8,merged_z_m0p018_dedup_filtered,96,0.000732706394046545,-0.00023012967722024769,0.0009628360712667927,0.0009628360712667927,9.270533001324723e-07
8,merged_z_m0p018_dedup_filtered,97,0.000784548232331872,-0.00034439569571986794,0.00112894392805174,0.00112894392805174,1.2745143926848921e-06
8,merged_z_m0p018_dedup_filtered,98,0.0008258584421128035,-0.00040538940811529756,0.001231247850228101,0.001231247850228101,1.5159712686913203e-06
8,merged_z_m0p018_dedup_filtered,99,0.0005241138860583305,-0.0002708356478251517,0.0007949495338834822,0.0007949495338834822,6.319447614215656e-07
8,merged_z_m0p018_dedup_filtered,100,0.00033994903787970543,-0.000311625306494534,0.0006515743443742394,0.0006515743443742394,4.2454912624672e-07
8,merged_z_m0p018_dedup_filtered,101,0.0009625277016311884,-0.00046654770267196,0.0014290754043031484,0.0014290754043031484,2.042256511184207e-06
8,merged_z_m0p018_dedup_filtered,102,0.0012704532127827406,-0.0005277741001918912,0.0017982273129746318,0.0017982273129746318,3.2336214691279643e-06
8,merged_z_m0p018_dedup_filtered,103,0.00037045939825475216,-0.0003524541389197111,0.0007229135371744633,0.0007229135371744633,5.226039822300941e-07
8,merged_z_m0p018_dedup_filtered,104,0.0007907140534371138,-0.00039330110303126276,0.0011840151564683765,0.0011840151564683765,1.4018918907468341e-06
8,merged_z_m0p018_dedup_filtered,105,0.0018108801450580359,-0.0005890292231924832,0.002399909368250519,0.002399909368250519,5.759564975816605e-06
8,merged_z_m0p018_dedup_filtered,106,0.0025998391211032867,-0.0006503114709630609,0.0032501505920663476,0.0032501505920663476,1.056347887110923e-05
8,merged_z_m0p018_dedup_filtered,107,0.0016978922067210078,-0.000434155750554055,0.002132047957275063,0.002132047957275063,4.545628492120768e-06
8,merged_z_m0p018_dedup_filtered,108,0.0005480644758790731,-0.0021768389269709587,0.002724903402850032,0.002724903402850032,7.425098554863683e-06
8,merged_z_m0p018_dedup_filtered,109,-0.0003068281803280115,-0.000195943663129583,-0.00011088451719842851,0.00011088451719842851,1.2295376154328588e-08
8,merged_z_m0p018_dedup_filtered,110,-0.0005729214753955603,-0.00017551530618220568,-0.0003974061692133546,0.0003974061692133546,1.5793166332883342e-07
8,merged_z_m0p018_dedup_filtered,111,-0.0004121391102671623,-0.0001550936867715791,-0.00025704542349558324,0.00025704542349558324,6.607234974002373e-08
8,merged_z_m0p018_dedup_filtered,112,0.0008214106783270836,-0.00018960496527142823,0.0010110156435985118,0.0010110156435985118,1.022152631600913e-06
8,merged_z_m0p018_dedup_filtered,113,0.003063267096877098,-0.00047501467633992434,0.0035382817732170224,0.0035382817732170224,1.2519437906679796e-05
8,merged_z_m0p018_dedup_filtered,114,0.003585742088034749,-0.0007115888292901218,0.004297330917324871,0.004297330917324871,1.8467053012996216e-05
8,merged_z_m0p018_dedup_filtered,115,0.004642078652977943,-0.0007728756172582507,0.005414954270236194,0.005414954270236194,2.9321729748749194e-05
8,merged_z_m0p018_dedup_filtered,116,0.0047121308743953705,-0.0005158754647709429,0.005228006339166313,0.005228006339166313,2.7332050282363158e-05
8,merged_z_m0p018_dedup_filtered,117,0.006338912062346935,-0.0005567368352785707,0.006895648897625506,0.006895648897625506,4.7549973719323855e-05
8,merged_z_m0p018_dedup_filtered,118,0.005578750744462013,-0.0008341713109984994,0.006412922055460513,0.006412922055460513,4.1125569289411886e-05
8,merged_z_m0p018_dedup_filtered,119,0.006171360611915588,-0.0008954599034041166,0.007066820515319705,0.007066820515319705,4.993995219574346e-05
8,merged_z_m0p018_dedup_filtered,120,0.005417621694505215,-0.00027767239953391254,0.005695294094039127,0.005695294094039127,3.243637481759696e-05
8,merged_z_m0p018_dedup_filtered,121,0.0036473372019827366,-0.00025723950238898396,0.0039045767043717206,0.0039045767043717206,1.5245719240322326e-05
8,merged_z_m0p018_dedup_filtered,122,-0.0010383892804384232,0.000771452090702951,-0.0018098413711413741,0.0018098413711413741,3.275525788694889e-06
8,merged_z_m0p018_dedup_filtered,123,-0.000910281203687191,0.0008390358416363597,-0.0017493170453235507,0.0017493170453235507,3.0601101250595175e-06
8,merged_z_m0p018_dedup_filtered,124,0.001256760791875422,0.0009618177427910268,0.00029494304908439517,0.00029494304908439517,8.699140220319994e-08
8,merged_z_m0p018_dedup_filtered,125,0.0031012161634862423,0.0010490822605788708,0.0020521339029073715,0.0020521339029073715,4.211253555461841e-06
8,merged_z_m0p018_dedup_filtered,126,0.0032857258338481188,-0.010083341039717197,0.013369066873565316,0.013369066873565316,0.0001787319490698615
8,merged_z_m0p018_dedup_filtered,127,0.0027279292698949575,0.0011778248008340597,0.0015501044690608978,0.0015501044690608978,2.402823865002568e-06
9,merged_z_m0p020_dedup_filtered,0,-0.010798204690217972,-0.001447714283131063,-0.009350490407086909,0.009350490407086909,8.74316708530243e-05
9,merged_z_m0p020_dedup_filtered,1,-0.009216710925102234,-0.001375006278976798,-0.007841704646125436,0.007841704646125436,6.149233175706525e-05
9,merged_z_m0p020_dedup_filtered,2,-0.006812865845859051,-0.0013246310409158468,-0.005488234804943204,0.005488234804943204,3.0120721274189968e-05
9,merged_z_m0p020_dedup_filtered,3,-0.01118112076073885,-0.0008837009663693607,-0.010297419794369489,0.010297419794369489,0.00010603685442147256
9,merged_z_m0p020_dedup_filtered,4,-0.006671501323580742,-0.0008428021101281047,-0.005828699213452637,0.005828699213452637,3.397373452090339e-05
9,merged_z_m0p020_dedup_filtered,5,-0.0039263879880309105,-0.001263270853087306,-0.0026631171349436045,0.0026631171349436045,7.092192874430232e-06
9,merged_z_m0p020_dedup_filtered,6,-0.0009261158993467689,-0.0012019394198432565,0.0002758235204964876,0.0002758235204964876,7.607861445907632e-08
9,merged_z_m0p020_dedup_filtered,7,-0.0020481368992477655,-0.0008019231609068811,-0.0012462137383408844,0.0012462137383408844,1.5530486816295624e-06
9,merged_z_m0p020_dedup_filtered,8,0.002096387557685375,-0.0007610530010424554,0.0028574405587278306,0.0028574405587278306,8.164966546662817e-06
9,merged_z_m0p020_dedup_filtered,9,0.0018253863090649247,-0.0011406324338167906,0.0029660187428817153,0.0029660187428817153,8.79726718312563e-06
9,merged_z_m0p020_dedup_filtered,10,0.004033290781080723,-0.0010793345281854272,0.00511262530926615,0.00511262530926615,2.6138937552948796e-05
9,merged_z_m0p020_dedup_filtered,11,0.005293815862387419,-0.0007201872649602592,0.006014003127347678,0.006014003127347678,3.616823361574765e-05
9,merged_z_m0p020_dedup_filtered,12,0.0072694215923547745,-0.0006793235661461949,0.00794874515850097,0.00794874515850097,6.31825495947926e-05
9,merged_z_m0p020_dedup_filtered,13,0.0055116815492510796,-0.0010180397657677531,0.006529721315018833,0.006529721315018833,4.2637260451811274e-05
9,merged_z_m0p020_dedup_filtered,14,0.006202766206115484,-0.0009567463421262801,0.007159512548241764,0.007159512548241764,5.125861992843128e-05
9,merged_z_m0p020_dedup_filtered,15,0.007971469312906265,-0.000638460973277688,0.008609930286183953,0.008609930286183953,7.413089953294769e-05
9,merged_z_m0p020_dedup_filtered,16,0.007557219360023737,-0.0005975988460704684,0.008154818206094205,0.008154818206094205,6.650105997444551e-05
9,merged_z_m0p020_dedup_filtered,17,0.006789139937609434,-0.006223797798156738,0.013012937735766172,0.013012937735766172,0.00016933654851492724
9,merged_z_m0p020_dedup_filtered,18,0.00010718312114477158,-4.381816864906796e-08,0.00010722693931342064,0.00010722693931342064,1.1497616514523993e-08
9,merged_z_m0p020_dedup_filtered,19,0.0006230497965589166,-3.940547443903597e-08,0.0006230892020333556,0.0006230892020333556,3.8824015369056385e-07
9,merged_z_m0p020_dedup_filtered,20,0.0009295409545302391,-3.528859693346931e-08,0.0009295762431271726,0.0009295762431271726,8.641119917864283e-07
9,merged_z_m0p020_dedup_filtered,21,0.0010688243201002479,-3.133590809056841e-08,0.0010688556560083384,0.0010688556560083384,1.1424524133810155e-06
9,merged_z_m0p020_dedup_filtered,22,0.0010890975827351213,-2.7436634297828277e-08,0.001089125019369419,0.001089125019369419,1.1861933078164374e-06
9,merged_z_m0p020_dedup_filtered,23,0.001036791829392314,-2.3607100274603e-08,0.0010368154364925886,0.0010368154364925886,1.0749862493493169e-06
9,merged_z_m0p020_dedup_filtered,24,0.0009510833770036697,-1.99208045614796e-08,0.0009511032978082312,0.0009511032978082312,9.045974831016929e-07
9,merged_z_m0p020_dedup_filtered,25,0.0008612134261056781,-1.6569588368042787e-08,0.0008612299956940461,0.0008612299956940461,7.417171054831667e-07
9,merged_z_m0p020_dedup_filtered,26,0.0007864227518439293,-1.3542215349104936e-08,0.0007864362940592784,0.0007864362940592784,6.184820446136917e-07
9,merged_z_m0p020_dedup_filtered,27,0.0007377106230705976,-1.0667145389220423e-08,0.0007377212902159869,0.0007377212902159869,5.442327020379404e-07
9,merged_z_m0p020_dedup_filtered,28,0.0007203107234090567,-7.969680915209665e-09,0.0007203186930899719,0.0007203186930899719,5.188590196148451e-07
9,merged_z_m0p020_dedup_filtered,29,0.005336197558790445,9.47217849898152e-05,0.00524147577380063,0.00524147577380063,2.7473068287338914e-05
9,merged_z_m0p020_dedup_filtered,30,0.013376407325267792,0.00021143874619156122,0.01316496857907623,0.01316496857907623,0.0001733163976880644
9,merged_z_m0p020_dedup_filtered,31,0.01244603842496872,0.00025207229191437364,0.012193966133054346,0.012193966133054346,0.00014869281005407635
9,merged_z_m0p020_dedup_filtered,32,0.01610153168439865,0.00037894511478953063,0.01572258656960912,0.01572258656960912,0.0002471997284388531
9,merged_z_m0p020_dedup_filtered,33,0.013042012229561806,-0.0004058691265527159,0.013447881356114522,0.013447881356114522,0.00018084551296813255
9,merged_z_m0p020_dedup_filtered,34,0.010681912302970886,0.0004891888820566237,0.010192723420914263,0.010192723420914263,0.00010389161073525414
9,merged_z_m0p020_dedup_filtered,35,0.008479160256683826,0.0003336321096867323,0.008145528146997094,0.008145528146997094,6.634962879352191e-05
9,merged_z_m0p020_dedup_filtered,36,0.005913208704441786,0.00037446481292136014,0.005538743891520426,0.005538743891520426,3.067768389585483e-05
9,merged_z_m0p020_dedup_filtered,37,0.0033321853261440992,0.0004153090703766793,0.00291687625576742,0.00291687625576742,8.508167091459762e-06
9,merged_z_m0p020_dedup_filtered,38,0.0030805636197328568,0.0006241575465537608,0.002456406073179096,0.002456406073179096,6.033930796351146e-06
9,merged_z_m0p020_dedup_filtered,39,0.0010002108756452799,0.0004561584210023284,0.0005440524546429515,0.0005440524546429515,2.959930734030208e-07
9,merged_z_m0p020_dedup_filtered,40,-0.0008743321523070335,0.0004970102454535663,-0.0013713423977605999,0.0013713423977605999,1.8805799718957913e-06
9,merged_z_m0p020_dedup_filtered,41,-0.002162318443879485,0.0005378634086810052,-0.0027001818525604904,0.0027001818525604904,7.290982036897002e-06
9,merged_z_m0p020_dedup_filtered,42,-0.002822915790602565,0.0005787170375697315,-0.0034016328281722963,0.0034016328281722963,1.1571105897699455e-05
9,merged_z_m0p020_dedup_filtered,43,-0.002897749887779355,0.0006195716559886932,-0.0035173215437680483,0.0035173215437680483,1.2371550842254846e-05
9,merged_z_m0p020_dedup_filtered,44,-0.0024927612394094467,0.0006604263326153159,-0.0031531875720247626,0.0031531875720247626,9.942591864371418e-06
9,merged_z_m0p020_dedup_filtered,45,-0.001752337790094316,0.0007012812420725822,-0.0024536190321668983,0.0024536190321668983,6.0202463550116265e-06
9,merged_z_m0p020_dedup_filtered,46,-0.0008314242004416883,0.0007421369664371014,-0.0015735611668787897,0.0015735611668787897,2.476094745908938e-06
9,merged_z_m0p020_dedup_filtered,47,0.000128889485495165,0.0007829946698620915,-0.0006541051843669266,0.0006541051843669266,4.27853592215691e-07
9,merged_z_m0p020_dedup_filtered,48,0.0010181122925132513,0.0008238583686761558,0.0001942539238370955,0.0001942539238370955,3.77345869261081e-08
9,merged_z_m0p020_dedup_filtered,49,0.0017633514944463968,0.0008647360373288393,0.0008986154571175575,0.0008986154571175575,8.075097397705969e-07
9,merged_z_m0p020_dedup_filtered,50,0.0023268908262252808,0.0009056436247192323,0.0014212472015060484,0.0014212472015060484,2.0199436077887743e-06
9,merged_z_m0p020_dedup_filtered,51,0.002696842420846224,0.0009466128540225327,0.0017502295668236911,0.0017502295668236911,3.0633035365838455e-06
9,merged_z_m0p020_dedup_filtered,52,0.002874753437936306,0.0009877001866698265,0.0018870532512664795,0.0018870532512664795,3.560969973115391e-06
9,merged_z_m0p020_dedup_filtered,53,-0.0024165466893464327,0.0014846447156742215,-0.003901191405020654,0.003901191405020654,1.5219294378607026e-05
9,merged_z_m0p020_dedup_filtered,54,-0.0011414106702432036,0.0013856397708877921,-0.0025270504411309958,0.0025270504411309958,6.38598393202036e-06
9,merged_z_m0p020_dedup_filtered,55,0.0027580265887081623,0.00046105115325190127,0.002296975435456261,0.002296975435456261,5.27609615108948e-06
9,merged_z_m0p020_dedup_filtered,56,0.004115371964871883,0.0004815375432372093,0.003633834421634674,0.003633834421634674,1.3204752603857006e-05
9,merged_z_m0p020_dedup_filtered,57,0.004620879422873259,0.0005020664539188147,0.004118812968954444,0.004118812968954444,1.696462027322732e-05
9,merged_z_m0p020_dedup_filtered,58,-0.010057336650788784,-8.765365322460639e-08,-0.01005724899713556,0.01005724899713556,0.00010114825739038422
9,merged_z_m0p020_dedup_filtered,59,-0.009638299234211445,-8.278884422452393e-08,-0.00963821644536722,0.00963821644536722,9.289521624774714e-05
9,merged_z_m0p020_dedup_filtered,60,-0.008825946599245071,-7.802069035278691e-08,-0.008825868578554719,0.008825868578554719,7.789595616591948e-05
9,merged_z_m0p020_dedup_filtered,61,-0.007698370143771172,-7.334247698054241e-08,-0.007698296801294191,0.007698296801294191,5.926377364081637e-05
9,merged_z_m0p020_dedup_filtered,62,-0.006359845399856567,-6.88823433847574e-08,-0.006359776517513183,0.006359776517513183,4.0446757352712105e-05
9,merged_z_m0p020_dedup_filtered,63,-0.004926913417875767,-6.451631406889646e-08,-0.004926848901561698,0.004926848901561698,2.427384009881971e-05
9,merged_z_m0p020_dedup_filtered,64,-0.0035135806538164616,-6.008493613762766e-08,-0.003513520568880324,0.003513520568880324,1.2344826787945115e-05
9,merged_z_m0p020_dedup_filtered,65,-0.002217985223978758,-5.5533046605660275e-08,-0.002217929690932152,0.002217929690932152,4.9192121139183926e-06
9,merged_z_m0p020_dedup_filtered,66,-0.0011125123128294945,-5.0840792908957155e-08,-0.0011124614720365855,0.0011124614720365855,1.2375705267658068e-06
9,merged_z_m0p020_dedup_filtered,67,0.007013687398284674,-0.0003287561412435025,0.007342443539528176,0.007342443539528176,5.391147713115905e-05
9,merged_z_m0p020_dedup_filtered,68,0.005507313180714846,-0.0003491897659841925,0.005856502946699038,0.005856502946699038,3.4298626764694516e-05
9,merged_z_m0p020_dedup_filtered,69,0.0025353971868753433,-0.00036962368176318705,0.0029050208686385304,0.0029050208686385304,8.43914624722536e-06
9,merged_z_m0p020_dedup_filtered,70,-0.0017283442430198193,-0.00039005829603411257,-0.0013382859469857067,0.0013382859469857067,1.7910092758994297e-06
9,merged_z_m0p020_dedup_filtered,71,-0.0068595074117183685,-0.00041049456922337413,-0.006449012842494994,0.006449012842494994,4.1589766642665364e-05
9,merged_z_m0p020_dedup_filtered,72,-0.012239335104823112,-0.00043093538261018693,-0.011808399722212926,0.011808399722212926,0.0001394383039995583
9,merged_z_m0p020_dedup_filtered,73,-0.017152253538370132,-0.00045138722634874284,-0.01670086631202139,0.01670086631202139,0.00027891893557201094
9,merged_z_m0p020_dedup_filtered,74,-0.020906750112771988,-0.000471863808343187,-0.0204348863044288,0.0204348863044288,0.00041758457827493177
9,merged_z_m0p020_dedup_filtered,75,-0.02295645698904991,-0.0004923840169794858,-0.022464072972070426,0.022464072972070426,0.000504634574494505
9,merged_z_m0p020_dedup_filtered,76,-0.01810632273554802,-0.0009862297447398305,-0.01712009299080819,0.01712009299080819,0.00029309758401391967
9,merged_z_m0p020_dedup_filtered,77,-0.016394663602113724,-0.0009451392688788474,-0.015449524333234876,0.015449524333234876,0.00023868780212321655
9,merged_z_m0p020_dedup_filtered,78,0.0007765742484480143,0.0004405994259286672,0.00033597482251934707,0.00033597482251934707,1.1287908136690676e-07
9,merged_z_m0p020_dedup_filtered,79,-0.0015003418084234,0.0004201637639198452,-0.0019205055723432451,0.0019205055723432451,3.6883416534014556e-06
9,merged_z_m0p020_dedup_filtered,80,-0.00370237254537642,0.0003997348539996892,-0.004102107399376109,0.004102107399376109,1.6827285116016225e-05
9,merged_z_m0p020_dedup_filtered,81,-0.0054827043786644936,0.00037930873804725707,-0.005862013116711751,0.005862013116711751,3.436319778050061e-05
9,merged_z_m0p020_dedup_filtered,82,-0.006576705724000931,0.00035888361162506044,-0.006935589335625991,0.006935589335625991,4.810239943244898e-05
9,merged_z_m0p020_dedup_filtered,83,-0.006842943839728832,0.0003384589799679816,-0.007181402819696814,0.007181402819696814,5.1572546458749345e-05
9,merged_z_m0p020_dedup_filtered,84,-0.006279384717345238,0.0003180345520377159,-0.006597419269382954,0.006597419269382954,4.3525941016025506e-05
9,merged_z_m0p020_dedup_filtered,85,-0.005012789741158485,0.00029760986217297614,-0.0053103996033314615,0.0053103996033314615,2.8200343947062943e-05
9,merged_z_m0p020_dedup_filtered,86,-0.003264850936830044,0.00027718511410057545,-0.0035420360509306192,0.0035420360509306192,1.2546019386092176e-05
9,merged_z_m0p020_dedup_filtered,87,-0.0013032028218731284,0.00025676030782051384,-0.0015599631296936423,0.0015599631296936423,2.4334849660035833e-06
9,merged_z_m0p020_dedup_filtered,88,0.0006117965094745159,0.00023633554519619793,0.000375460964278318,0.000375460964278318,1.4097093569680438e-07
9,merged_z_m0p020_dedup_filtered,89,0.002273275749757886,0.0002159112336812541,0.002057364516076632,0.002057364516076632,4.232748752011233e-06
9,merged_z_m0p020_dedup_filtered,90,0.003557848511263728,0.0001954879699042067,0.0033623605413595214,0.0033623605413595214,1.1305468410091494e-05
9,merged_z_m0p020_dedup_filtered,91,0.004434211179614067,0.0001750672236084938,0.004259143956005573,0.004259143956005573,1.8140307237978805e-05
9,merged_z_m0p020_dedup_filtered,92,0.0049501266330480576,0.0001546525745652616,0.004795474058482796,0.004795474058482796,2.299657144558146e-05
9,merged_z_m0p020_dedup_filtered,93,0.005202484782785177,0.00013425250654108822,0.005068232276244089,0.005068232276244089,2.568697840596234e-05
9,merged_z_m0p020_dedup_filtered,94,-3.951229155063629e-05,-0.0001346870994893834,9.517480793874711e-05,9.517480793874711e-05,9.0582440661774e-09
9,merged_z_m0p020_dedup_filtered,95,0.0002940492704510689,-0.00011431432358222082,0.0004083635940332897,0.0004083635940332897,1.6676082493178544e-07
9,merged_z_m0p020_dedup_filtered,96,0.0007411735132336617,-0.00023012967722024769,0.0009713031904539093,0.0009713031904539093,9.434298877859433e-07
9,merged_z_m0p020_dedup_filtered,97,0.0007930854335427284,-0.00034439569571986794,0.0011374811292625964,0.0011374811292625964,1.2938633194285115e-06
9,merged_z_m0p020_dedup_filtered,98,0.0008340629283338785,-0.00040538940811529756,0.001239452336449176,0.001239452336449176,1.5362420943293216e-06
9,merged_z_m0p020_dedup_filtered,99,0.0005322922952473164,-0.0002708356478251517,0.000803127943072468,0.000803127943072468,6.450144929438135e-07
9,merged_z_m0p020_dedup_filtered,100,0.00034765200689435005,-0.000311625306494534,0.0006592773133888841,0.0006592773133888841,4.3464657594926486e-07
9,merged_z_m0p020_dedup_filtered,101,0.0009701929520815611,-0.00046654770267196,0.001436740654753521,0.001436740654753521,2.0642237090215765e-06
9,merged_z_m0p020_dedup_filtered,102,0.0012773929629474878,-0.0005277741001918912,0.001805167063139379,0.001805167063139379,3.258628125843251e-06
9,merged_z_m0p020_dedup_filtered,103,0.00037751044146716595,-0.0003524541389197111,0.0007299645803868771,0.0007299645803868771,5.328482886193895e-07
9,merged_z_m0p020_dedup_filtered,104,0.0007969483267515898,-0.00039330110303126276,0.0011902494297828525,0.0011902494297828525,1.4166937050984056e-06
9,merged_z_m0p020_dedup_filtered,105,0.0018169365357607603,-0.0005890292231924832,0.0024059657589532435,0.0024059657589532435,5.788671233255457e-06
9,merged_z_m0p020_dedup_filtered,106,0.0026048857253044844,-0.0006503114709630609,0.0032551971962675452,0.0032551971962675452,1.0596308786588087e-05
9,merged_z_m0p020_dedup_filtered,107,0.0017031641909852624,-0.000434155750554055,0.0021373199415393174,0.0021373199415393174,4.568136532501631e-06
9,merged_z_m0p020_dedup_filtered,108,0.0005532834911718965,-0.0024187101516872644,0.002971993642859161,0.002971993642859161,8.832746213195266e-06
9,merged_z_m0p020_dedup_filtered,109,-0.0003006337210536003,-0.000195943663129583,-0.00010469005792401731,0.00010469005792401731,1.09600082281341e-08
9,merged_z_m0p020_dedup_filtered,110,-0.0005659430753439665,-0.00017551530618220568,-0.0003904277691617608,0.0003904277691617608,1.5243384293262918e-07
9,merged_z_m0p020_dedup_filtered,111,-0.00040455395355820656,-0.0001550936867715791,-0.00024946026678662747,0.00024946026678662747,6.223042470525535e-08
9,merged_z_m0p020_dedup_filtered,112,0.0008299760520458221,-0.00018960496527142823,0.0010195810173172504,0.0010195810173172504,1.0395454508736792e-06
9,merged_z_m0p020_dedup_filtered,113,0.003067457117140293,-0.00047501467633992434,0.0035424717934802175,0.0035424717934802175,1.2549106407602948e-05
9,merged_z_m0p020_dedup_filtered,114,0.003589687403291464,-0.0007115888292901218,0.004301276232581586,0.004301276232581586,1.850097722897124e-05
9,merged_z_m0p020_dedup_filtered,115,0.00464486563578248,-0.0007728756172582507,0.005417741253040731,0.005417741253040731,2.935192028489935e-05
9,merged_z_m0p020_dedup_filtered,116,0.004715150222182274,-0.0005158754647709429,0.005231025686953217,0.005231025686953217,2.7363629737564374e-05
9,merged_z_m0p020_dedup_filtered,117,0.006340709049254656,-0.0005567368352785707,0.0068974458845332265,0.0068974458845332265,4.757475973006434e-05
9,merged_z_m0p020_dedup_filtered,118,0.005580357275903225,-0.0008341713109984994,0.006414528586901724,0.006414528586901724,4.114617699217943e-05
9,merged_z_m0p020_dedup_filtered,119,0.006171794142574072,-0.0008954599034041166,0.0070672540459781885,0.0070672540459781885,4.9946079750395076e-05
9,merged_z_m0p020_dedup_filtered,120,0.005419266875833273,-0.00027767239953391254,0.0056969392753671855,0.0056969392753671855,3.245511710722119e-05
9,merged_z_m0p020_dedup_filtered,121,0.003650268306955695,-0.00025723950238898396,0.003907507809344679,0.003907507809344679,1.5268617280089653e-05
9,merged_z_m0p020_dedup_filtered,122,-0.0010401499457657337,0.000771452090702951,-0.0018116020364686847,0.0018116020364686847,3.2819019385374855e-06
9,merged_z_m0p020_dedup_filtered,123,-0.0009124758653342724,0.0008390358416363597,-0.001751511706970632,0.001751511706970632,3.0677932596551773e-06
9,merged_z_m0p020_dedup_filtered,124,0.0012545542558655143,0.0009618177427910268,0.00029273651307448745,0.00029273651307448745,8.569466608700956e-08
9,merged_z_m0p020_dedup_filtered,125,0.003098904388025403,0.0010490822605788708,0.0020498221274465322,0.0020498221274465322,4.2017707541694275e-06
9,merged_z_m0p020_dedup_filtered,126,0.0032830331474542618,-0.011203712783753872,0.014486745931208134,0.014486745931208134,0.00020986580767537542
9,merged_z_m0p020_dedup_filtered,127,0.0027245846576988697,0.0011778248008340597,0.00154675985686481,0.00154675985686481,2.3924660548084475e-06
10,merged_z_m0p022_dedup_filtered,0,-0.010804416611790657,-0.001447714283131063,-0.009356702328659594,0.009356702328659594,8.754787846714387e-05
10,merged_z_m0p022_dedup_filtered,1,-0.009222694672644138,-0.001375006278976798,-0.00784768839366734,0.00784768839366734,6.158621312410108e-05
10,merged_z_m0p022_dedup_filtered,2,-0.006818476598709822,-0.0013246310409158468,-0.005493845557793975,0.005493845557793975,3.018233901289259e-05
10,merged_z_m0p022_dedup_filtered,3,-0.011186836287379265,-0.0008837009663693607,-0.010303135321009904,0.010303135321009904,0.00010615459744304186
10,merged_z_m0p022_dedup_filtered,4,-0.006676717661321163,-0.0008428021101281047,-0.0058339155511930585,0.0058339155511930585,3.403457065845221e-05
10,merged_z_m0p022_dedup_filtered,5,-0.003931482322514057,-0.001263270853087306,-0.002668211469426751,0.002668211469426751,7.1193524455804625e-06
10,merged_z_m0p022_dedup_filtered,6,-0.000930558075197041,-0.0012019394198432565,0.00027138134464621544,0.00027138134464621544,7.364783422198797e-08
10,merged_z_m0p022_dedup_filtered,7,-0.0020527062006294727,-0.0008019231609068811,-0.0012507830397225916,0.0012507830397225916,1.5644582124576863e-06
10,merged_z_m0p022_dedup_filtered,8,0.0020926115103065968,-0.0007610530010424554,0.002853664511349052,0.002853664511349052,8.143401143333025e-06
10,merged_z_m0p022_dedup_filtered,9,0.0018217220203951001,-0.0011406324338167906,0.0029623544542118907,0.0029623544542118907,8.775543912389029e-06
10,merged_z_m0p022_dedup_filtered,10,0.00403051869943738,-0.0010793345281854272,0.005109853227622807,0.005109853227622807,2.611060000784722e-05
10,merged_z_m0p022_dedup_filtered,11,0.0052909692749381065,-0.0007201872649602592,0.006011156539898366,0.006011156539898366,3.613400294716289e-05
10,merged_z_m0p022_dedup_filtered,12,0.007267624139785767,-0.0006793235661461949,0.007946947705931962,0.007946947705931962,6.315397784081727e-05
10,merged_z_m0p022_dedup_filtered,13,0.005509901791810989,-0.0010180397657677531,0.0065279415575787425,0.0065279415575787425,4.261402097916358e-05
10,merged_z_m0p022_dedup_filtered,14,0.006202060263603926,-0.0009567463421262801,0.007158806605730206,0.007158806605730206,5.1248512018246426e-05
10,merged_z_m0p022_dedup_filtered,15,0.007970817387104034,-0.000638460973277688,0.008609278360381722,0.008609278360381722,7.4119673886537e-05
10,merged_z_m0p022_dedup_filtered,16,0.007557776290923357,-0.0005975988460704684,0.008155375136993825,0.008155375136993825,6.651014362509706e-05
10,merged_z_m0p022_dedup_filtered,17,0.006789444014430046,-0.0068461778573691845,0.01363562187179923,0.01363562187179923,0.00018593018383068955
10,merged_z_m0p022_dedup_filtered,18,0.00010617752559483051,-4.381816864906796e-08,0.00010622134376347958,0.00010622134376347958,1.1282973870919302e-08
10,merged_z_m0p022_dedup_filtered,19,0.0006232137093320489,-3.940547443903597e-08,0.0006232531148064879,0.0006232531148064879,3.8844444511598923e-07
10,merged_z_m0p022_dedup_filtered,20,0.0009309350862167776,-3.528859693346931e-08,0.000930970374813711,0.000930970374813711,8.667058387807816e-07
10,merged_z_m0p022_dedup_filtered,21,0.0010714695090427995,-3.133590809056841e-08,0.00107150084495089,0.00107150084495089,1.1481140607304713e-06
10,merged_z_m0p022_dedup_filtered,22,0.0010929697891697288,-2.7436634297828277e-08,0.0010929972258040266,0.0010929972258040266,1.1946429356152982e-06
10,merged_z_m0p022_dedup_filtered,23,0.0010418177116662264,-2.3607100274603e-08,0.001041841318766501,0.001041841318766501,1.0854333334891218e-06
10,merged_z_m0p022_dedup_filtered,24,0.0009571399423293769,-1.99208045614796e-08,0.0009571598631339384,0.0009571598631339384,9.161550035945797e-07
10,merged_z_m0p022_dedup_filtered,25,0.0008681309409439564,-1.6569588368042787e-08,0.0008681475105323244,0.0008681475105323244,7.536801000434724e-07
10,merged_z_m0p022_dedup_filtered,26,0.00079398974776268,-1.3542215349104936e-08,0.0007940032899780292,0.0007940032899780292,6.304412244959343e-07
10,merged_z_m0p022_dedup_filtered,27,0.0007456846069544554,-1.0667145389220423e-08,0.0007456952740998446,0.0007456952740998446,5.560614418148424e-07
10,merged_z_m0p022_dedup_filtered,28,0.0007284276653081179,-7.969680915209665e-09,0.0007284356349890331,0.0007284356349890331,5.306184743218758e-07
10,merged_z_m0p022_dedup_filtered,29,0.0053442614153027534,9.47217849898152e-05,0.005249539630312938,0.005249539630312938,2.75576663302261e-05
10,merged_z_m0p022_dedup_filtered,30,0.013384509831666946,0.00021143874619156122,0.013173071085475385,0.013173071085475385,0.00017352980182298763
10,merged_z_m0p022_dedup_filtered,31,0.01245348621159792,0.00025207229191437364,0.012201413919683546,0.012201413919683546,0.00014887450163944739
10,merged_z_m0p022_dedup_filtered,32,0.016108989715576172,0.00037894511478953063,0.01573004460078664,0.01573004460078664,0.000247434303142737
10,merged_z_m0p022_dedup_filtered,33,0.013048328459262848,-0.00044645601883530617,0.013494784478098154,0.013494784478098154,0.00018210920811031887
10,merged_z_m0p022_dedup_filtered,34,0.010686744935810566,0.0004891888820566237,0.010197556053753942,0.010197556053753942,0.00010399014946945367
10,merged_z_m0p022_dedup_filtered,35,0.008483873680233955,0.0003336321096867323,0.008150241570547223,0.008150241570547223,6.642643765827607e-05
10,merged_z_m0p022_dedup_filtered,36,0.005916214548051357,0.00037446481292136014,0.005541749735129997,0.005541749735129997,3.071099012681339e-05
10,merged_z_m0p022_dedup_filtered,37,0.003333533648401499,0.0004153090703766793,0.0029182245780248195,0.0029182245780248195,8.516034687788135e-06
10,merged_z_m0p022_dedup_filtered,38,0.003081506583839655,0.0006241575465537608,0.002457349037285894,0.002457349037285894,6.038564291049911e-06
10,merged_z_m0p022_dedup_filtered,39,0.0010001249611377716,0.0004561584210023284,0.0005439665401354432,0.0005439665401354432,2.9589959678692475e-07
10,merged_z_m0p022_dedup_filtered,40,-0.0008755186572670937,0.0004970102454535663,-0.00137252890272066,0.00137252890272066,1.8838355888035789e-06
10,merged_z_m0p022_dedup_filtered,41,-0.0021642399951815605,0.0005378634086810052,-0.0027021034038625658,0.0027021034038625658,7.301362805165664e-06
10,merged_z_m0p022_dedup_filtered,42,-0.0028252513147890568,0.0005787170375697315,-0.0034039683523587883,0.0034039683523587883,1.1587000543860204e-05
10,merged_z_m0p022_dedup_filtered,43,-0.0029002809897065163,0.0006195716559886932,-0.0035198526456952095,0.0035198526456952095,1.2389362647407566e-05
10,merged_z_m0p022_dedup_filtered,44,-0.002495403401553631,0.0006604263326153159,-0.0031558297341689467,0.0031558297341689467,9.959261311064845e-06
10,merged_z_m0p022_dedup_filtered,45,-0.0017551378114148974,0.0007012812420725822,-0.0024564190534874797,0.0024564190534874797,6.033994566336326e-06
10,merged_z_m0p022_dedup_filtered,46,-0.0008345256792381406,0.0007421369664371014,-0.001576662645675242,0.001576662645675242,2.4858650982676535e-06
10,merged_z_m0p022_dedup_filtered,47,0.00012530168169178069,0.0007829946698620915,-0.0006576929881703109,0.0006576929881703109,4.3256006668839265e-07
10,merged_z_m0p022_dedup_filtered,48,0.0010138754732906818,0.0008238583686761558,0.00019001710461452603,0.00019001710461452603,3.610650004608773e-08
10,merged_z_m0p022_dedup_filtered,49,0.0017583807930350304,0.0008647360373288393,0.0008936447557061911,0.0008936447557061911,7.986009494011779e-07
10,merged_z_m0p022_dedup_filtered,50,0.0023212172091007233,0.0009056436247192323,0.001415573584381491,0.001415573584381491,2.003848572798662e-06
10,merged_z_m0p022_dedup_filtered,51,0.002690620021894574,0.0009466128540225327,0.0017440071678720415,0.0017440071678720415,3.041561001589059e-06
10,merged_z_m0p022_dedup_filtered,52,0.002868237905204296,0.0009877001866698265,0.0018805377185344696,0.0018805377185344696,3.536422110830828e-06
10,merged_z_m0p022_dedup_filtered,53,-0.002423177706077695,0.0014846447156742215,-0.003907822421751916,0.003907822421751916,1.5271076079947013e-05
10,merged_z_m0p022_dedup_filtered,54,-0.0011473146732896566,0.0013856397708877921,-0.0025329544441774487,0.0025329544441774487,6.415858216278288e-06
10,merged_z_m0p022_dedup_filtered,55,0.0027519867289811373,0.00046105115325190127,0.002290935575729236,0.002290935575729236,5.248385812141846e-06
10,merged_z_m0p022_dedup_filtered,56,0.004109088331460953,0.0004815375432372093,0.0036275507882237434,0.0036275507882237434,1.3159124721142702e-05
10,merged_z_m0p022_dedup_filtered,57,0.0046145059168338776,0.0005020664539188147,0.004112439462915063,0.004112439462915063,1.691215833614113e-05
10,merged_z_m0p022_dedup_filtered,58,-0.01006368175148964,-8.765365322460639e-08,-0.010063594097836415,0.010063594097836415,0.00010127592616600792
10,merged_z_m0p022_dedup_filtered,59,-0.009644557721912861,-8.278884422452393e-08,-0.009644474933068636,0.009644474933068636,9.301589673458928e-05
10,merged_z_m0p022_dedup_filtered,60,-0.008832024410367012,-7.802069035278691e-08,-0.00883194638967666,0.00883194638967666,7.800327703012257e-05
10,merged_z_m0p022_dedup_filtered,61,-0.007704167161136866,-7.334247698054241e-08,-0.007704093818659885,0.007704093818659885,5.935306156671345e-05
10,merged_z_m0p022_dedup_filtered,62,-0.006365250330418348,-6.88823433847574e-08,-0.0063651814480749636,0.0063651814480749636,4.051553486691769e-05
10,merged_z_m0p022_dedup_filtered,63,-0.004931807052344084,-6.451631406889646e-08,-0.004931742536030015,0.004931742536030015,2.432208444168776e-05
10,merged_z_m0p022_dedup_filtered,64,-0.003517835633829236,-6.008493613762766e-08,-0.0035177755488930984,0.0035177755488930984,1.2374744812390139e-05
10,merged_z_m0p022_dedup_filtered,65,-0.002221468137577176,-5.5533046605660275e-08,-0.0022214126045305704,0.0022214126045305704,4.934673959567292e-06
10,merged_z_m0p022_dedup_filtered,66,-0.001115093706175685,-5.0840792908957155e-08,-0.001115042865382776,0.001115042865382776,1.2433205916410314e-06
10,merged_z_m0p022_dedup_filtered,67,0.007012133486568928,-0.0003287561412435025,0.00734088962781243,0.00734088962781243,5.388866052772412e-05
10,merged_z_m0p022_dedup_filtered,68,0.005504622124135494,-0.0003491897659841925,0.005853811890119687,0.005853811890119687,3.426711364490662e-05
10,merged_z_m0p022_dedup_filtered,69,0.002531707752496004,-0.00036962368176318705,0.002901331434259191,0.002901331434259191,8.417724091420494e-06
10,merged_z_m0p022_dedup_filtered,70,-0.0017328695394098759,-0.00039005829603411257,-0.0013428112433757633,0.0013428112433757633,1.8031420353363634e-06
10,merged_z_m0p022_dedup_filtered,71,-0.006864700000733137,-0.00041049456922337413,-0.006454205431509763,0.006454205431509763,4.165676775213012e-05
10,merged_z_m0p022_dedup_filtered,72,-0.01224503107368946,-0.00043093538261018693,-0.011814095691079274,0.011814095691079274,0.00013957285699797787
10,merged_z_m0p022_dedup_filtered,73,-0.017158303409814835,-0.00045138722634874284,-0.016706916183466092,0.016706916183466092,0.0002791210483613612
10,merged_z_m0p022_dedup_filtered,74,-0.020913023501634598,-0.000471863808343187,-0.02044115969329141,0.02044115969329141,0.0004178410096066414
10,merged_z_m0p022_dedup_filtered,75,-0.022962842136621475,-0.0004923840169794858,-0.02247045811964199,0.02247045811964199,0.0005049214881065846
10,merged_z_m0p022_dedup_filtered,76,-0.018112648278474808,-0.0009862297447398305,-0.017126418533734977,0.017126418533734977,0.0002933142117926609
10,merged_z_m0p022_dedup_filtered,77,-0.01640085130929947,-0.0009451392688788474,-0.015455712040420622,0.015455712040420622,0.00023887903467640297
10,merged_z_m0p022_dedup_filtered,78,0.0007708994671702385,0.0004405994259286672,0.0003303000412415713,0.0003303000412415713,1.090981172441837e-07
10,merged_z_m0p022_dedup_filtered,79,-0.0015055738622322679,0.0004201637639198452,-0.001925737626152113,0.001925737626152113,3.7084654047779756e-06
10,merged_z_m0p022_dedup_filtered,80,-0.003707129042595625,0.0003997348539996892,-0.004106863896595314,0.004106863896595314,1.6866331065158046e-05
10,merged_z_m0p022_dedup_filtered,81,-0.005486983340233564,0.00037930873804725707,-0.0058662920782808214,0.0058662920782808214,3.441338274770032e-05
10,merged_z_m0p022_dedup_filtered,82,-0.006580515764653683,0.00035888361162506044,-0.006939399376278743,0.006939399376278743,4.815526370349781e-05
10,merged_z_m0p022_dedup_filtered,83,-0.006846277974545956,0.0003384589799679816,-0.007184736954513937,0.007184736954513937,5.16204451055582e-05
10,merged_z_m0p022_dedup_filtered,84,-0.00628219498321414,0.0003180345520377159,-0.006600229535251856,0.006600229535251856,4.356302991801093e-05
10,merged_z_m0p022_dedup_filtered,85,-0.005014978814870119,0.00029760986217297614,-0.005312588677043095,0.005312588677043095,2.8223598451446504e-05
10,merged_z_m0p022_dedup_filtered,86,-0.003266266081482172,0.00027718511410057545,-0.0035434511955827475,0.0035434511955827475,1.2556046375476802e-05
10,merged_z_m0p022_dedup_filtered,87,-0.0013036549789831042,0.00025676030782051384,-0.001560415286803618,0.001560415286803618,2.4348958672904176e-06
10,merged_z_m0p022_dedup_filtered,88,0.0006125062354840338,0.00023633554519619793,0.0003761706902878359,0.0003761706902878359,1.4150438823162696e-07
10,merged_z_m0p022_dedup_filtered,89,0.00227531511336565,0.0002159112336812541,0.002059403879684396,0.002059403879684396,4.241144339659142e-06
10,merged_z_m0p022_dedup_filtered,90,0.0035613144282251596,0.0001954879699042067,0.003365826458320953,0.003365826458320953,1.132878774753337e-05
10,merged_z_m0p022_dedup_filtered,91,0.004439095966517925,0.0001750672236084938,0.0042640287429094315,0.0042640287429094315,1.8181941120357786e-05
10,merged_z_m0p022_dedup_filtered,92,0.004956297110766172,0.0001546525745652616,0.004801644536200911,0.004801644536200911,2.305579025202806e-05
10,merged_z_m0p022_dedup_filtered,93,0.005209680646657944,0.00013425250654108822,0.0050754281401168555,0.0050754281401168555,2.5759970805490042e-05
10,merged_z_m0p022_dedup_filtered,94,-3.150012344121933e-05,-0.0001346870994893834,0.00010318697604816407,0.00010318697604816407,1.0647552025964385e-08
10,merged_z_m0p022_dedup_filtered,95,0.00030231522396206856,-0.00011431432358222082,0.0004166295475442894,0.0004166295475442894,1.7358017988695929e-07
10,merged_z_m0p022_dedup_filtered,96,0.0007496359758079052,-0.00023012967722024769,0.0009797656530281529,0.0009797656530281529,9.599407348536829e-07
10,merged_z_m0p022_dedup_filtered,97,0.000801613088697195,-0.00034439569571986794,0.001146008784417063,0.001146008784417063,1.3133361339610744e-06
10,merged_z_m0p022_dedup_filtered,98,0.0008422592654824257,-0.00040538940811529756,0.0012476486735977232,0.0012476486735977232,1.5566272127301582e-06
10,merged_z_m0p022_dedup_filtered,99,0.0005404665134847164,-0.0002708356478251517,0.0008113021613098681,0.0008113021613098681,6.582111969460632e-07
10,merged_z_m0p022_dedup_filtered,100,0.0003553517162799835,-0.000311625306494534,0.0006669770227745175,0.0006669770227745175,4.448583489091593e-07
10,merged_z_m0p022_dedup_filtered,101,0.000977850053459406,-0.00046654770267196,0.001444397756131366,0.001444397756131366,2.0862848779173247e-06
10,merged_z_m0p022_dedup_filtered,102,0.0012843252625316381,-0.0005277741001918912,0.0018120993627235293,0.0018120993627235293,3.283704100383021e-06
10,merged_z_m0p022_dedup_filtered,103,0.0003845582250505686,-0.0003524541389197111,0.0007370123639702797,0.0007370123639702797,5.4318722464506e-07
10,merged_z_m0p022_dedup_filtered,104,0.0008031788747757673,-0.00039330110303126276,0.00119647997780703,0.00119647997780703,1.4315643372931112e-06
10,merged_z_m0p022_dedup_filtered,105,0.0018229859415441751,-0.0005890292231924832,0.0024120151647366583,0.0024120151647366583,5.817817154919609e-06
10,merged_z_m0p022_dedup_filtered,106,0.002609926275908947,-0.0006503114709630609,0.003260237746872008,0.003260237746872008,1.0629150166129066e-05
10,merged_z_m0p022_dedup_filtered,107,0.001708432799205184,-0.000434155750554055,0.002142588549759239,0.002142588549759239,4.590685693559399e-06
10,merged_z_m0p022_dedup_filtered,108,0.0005585011094808578,-0.0026605811435729265,0.0032190822530537844,0.0032190822530537844,1.0362490551925829e-05
10,merged_z_m0p022_dedup_filtered,109,-0.0002944404259324074,-0.000195943663129583,-9.849676280282438e-05,9.849676280282438e-05,9.701612282635848e-09
10,merged_z_m0p022_dedup_filtered,110,-0.0005589665379375219,-0.00017551530618220568,-0.00038345123175531626,0.00038345123175531626,1.4703484713466926e-07
10,merged_z_m0p022_dedup_filtered,111,-0.0003969706594944,-0.0001550936867715791,-0.00024187697272282094,0.00024187697272282094,5.8504469933556264e-08
10,merged_z_m0p022_dedup_filtered,112,0.0008385363034904003,-0.00018960496527142823,0.0010281412687618285,0.0010281412687618285,1.0570744685311826e-06
10,merged_z_m0p022_dedup_filtered,113,0.0030716429464519024,-0.00047501467633992434,0.0035466576227918267,0.0035466576227918267,1.2578780293307371e-05
10,merged_z_m0p022_dedup_filtered,114,0.0035936268977820873,-0.0007115888292901218,0.004305215727072209,0.004305215727072209,1.853488245662989e-05
10,merged_z_m0p022_dedup_filtered,115,0.004647647961974144,-0.0007728756172582507,0.005420523579232395,0.005420523579232395,2.938207587301437e-05
10,merged_z_m0p022_dedup_filtered,116,0.004718165844678879,-0.0005158754647709429,0.005234041309449822,0.005234041309449822,2.7395188429027204e-05
10,merged_z_m0p022_dedup_filtered,117,0.006342501379549503,-0.0005567368352785707,0.006899238214828074,0.006899238214828074,4.759948794494407e-05
10,merged_z_m0p022_dedup_filtered,118,0.005581958219408989,-0.0008341713109984994,0.006416129530407488,0.006416129530407488,4.116671815096702e-05
10,merged_z_m0p022_dedup_filtered,119,0.00617222348228097,-0.0008954599034041166,0.007067683385685086,0.007067683385685086,4.9952148440289004e-05
10,merged_z_m0p022_dedup_filtered,120,0.005420908331871033,-0.00027767239953391254,0.005698580731404945,0.005698580731404945,3.247382235233972e-05
10,merged_z_m0p022_dedup_filtered,121,0.003653197083622217,-0.00025723950238898396,0.003910436586011201,0.003910436586011201,1.5291514293214938e-05
10,merged_z_m0p022_dedup_filtered,122,-0.001041910145431757,0.000771452090702951,-0.001813362236134708,0.001813362236134708,3.2882825994394682e-06
10,merged_z_m0p022_dedup_filtered,123,-0.0009146714583039284,0.0008390358416363597,-0.001753707299940288,0.001753707299940288,3.0754892938638555e-06
10,merged_z_m0p022_dedup_filtered,124,0.0012523422483354807,0.0009618177427910268,0.00029052450554445386,0.00029052450554445386,8.44044883218494e-08
10,merged_z_m0p022_dedup_filtered,125,0.003096584230661392,0.0010490822605788708,0.0020475019700825214,0.0020475019700825214,4.1922643174918065e-06
10,merged_z_m0p022_dedup_filtered,126,0.0032803318463265896,-0.012324083596467972,0.015604415442794561,0.015604415442794561,0.0002434977813113254
10,merged_z_m0p022_dedup_filtered,127,0.002721230499446392,0.0011778248008340597,0.0015434056986123323,0.0015434056986123323,2.3821011505090217e-06
11,merged_z_m0p024_dedup_filtered,0,-0.01081062387675047,-0.001447714283131063,-0.009362909593619406,0.009362909593619406,8.766407605829031e-05
11,merged_z_m0p024_dedup_filtered,1,-0.009228675626218319,-0.001375006278976798,-0.007853669347241521,0.007853669347241521,6.168012221580106e-05
11,merged_z_m0p024_dedup_filtered,2,-0.00682408269494772,-0.0013246310409158468,-0.005499451654031873,0.005499451654031873,3.02439684950339e-05
11,merged_z_m0p024_dedup_filtered,3,-0.011192543432116508,-0.0008837009663693607,-0.010308842465747148,0.010308842465747148,0.00010627223298359173
11,merged_z_m0p024_dedup_filtered,4,-0.0066819260828197,-0.0008428021101281047,-0.0058391239726915956,0.0058391239726915956,3.409536876846168e-05
11,merged_z_m0p024_dedup_filtered,5,-0.003936572000384331,-0.001263270853087306,-0.0026733011472970247,0.0026733011472970247,7.146539024139589e-06
11,merged_z_m0p024_dedup_filtered,6,-0.0009349954780191183,-0.0012019394198432565,0.00026694394182413816,0.00026694394182413816,7.125906807660886e-08
11,merged_z_m0p024_dedup_filtered,7,-0.0020572678185999393,-0.0008019231609068811,-0.0012553446576930583,0.0012553446576930583,1.5758902095985016e-06
11,merged_z_m0p024_dedup_filtered,8,0.002088842447847128,-0.0007610530010424554,0.0028498954488895833,0.0028498954488895833,8.12190406960156e-06
11,merged_z_m0p024_dedup_filtered,9,0.0018180626211687922,-0.0011406324338167906,0.002958695054985583,0.002958695054985583,8.753876428396141e-06
11,merged_z_m0p024_dedup_filtered,10,0.00402775127440691,-0.0010793345281854272,0.005107085802592337,0.005107085802592337,2.6082325395040216e-05
11,merged_z_m0p024_dedup_filtered,11,0.005288129672408104,-0.0007201872649602592,0.006008316937368363,0.006008316937368363,3.6099872419867544e-05
11,merged_z_m0p024_dedup_filtered,12,0.007265834137797356,-0.0006793235661461949,0.00794515770394355,0.00794515770394355,6.312553094053355e-05
11,merged_z_m0p024_dedup_filtered,13,0.005508125759661198,-0.0010180397657677531,0.006526165525428951,0.006526165525428951,4.259083646529733e-05
11,merged_z_m0p024_dedup_filtered,14,0.0062013594433665276,-0.0009567463421262801,0.007158105785492808,0.007158105785492808,5.12384784363056e-05
11,merged_z_m0p024_dedup_filtered,15,0.007970171980559826,-0.000638460973277688,0.008608632953837514,0.008608632953837514,7.41085613338972e-05
11,merged_z_m0p024_dedup_filtered,16,0.0075583383440971375,-0.0005975988460704684,0.008155937190167606,0.008155937190167606,6.651931144995906e-05
11,merged_z_m0p024_dedup_filtered,17,0.006789754144847393,-0.007468557916581631,0.014258312061429024,0.014258312061429024,0.00020329946284109238
11,merged_z_m0p024_dedup_filtered,18,0.00010518007911741734,-4.381816864906796e-08,0.0001052238972860664,0.0001052238972860664,1.1072068560068652e-08
11,merged_z_m0p024_dedup_filtered,19,0.0006233839085325599,-3.940547443903597e-08,0.0006234233140069989,0.0006234233140069989,3.886566284474692e-07
11,merged_z_m0p024_dedup_filtered,20,0.0009323336416855454,-3.528859693346931e-08,0.0009323689302824789,0.0009323689302824789,8.693118221560941e-07
11,merged_z_m0p024_dedup_filtered,21,0.0010741178411990404,-3.133590809056841e-08,0.001074149177107131,0.001074149177107131,1.1537964546799266e-06
11,merged_z_m0p024_dedup_filtered,22,0.0010968437418341637,-2.7436634297828277e-08,0.0010968711784684615,0.0010968711784684615,1.2031263821547914e-06
11,merged_z_m0p024_dedup_filtered,23,0.0010468445252627134,-2.3607100274603e-08,0.001046868132362988,0.001046868132362988,1.0959328865571707e-06
11,merged_z_m0p024_dedup_filtered,24,0.0009631967986933887,-1.99208045614796e-08,0.0009632167194979502,0.0009632167194979502,9.277864487203928e-07
11,merged_z_m0p024_dedup_filtered,25,0.0008750478737056255,-1.6569588368042787e-08,0.0008750644432939936,0.0008750644432939936,7.657377799174269e-07
11,merged_z_m0p024_dedup_filtered,26,0.0008015562780201435,-1.3542215349104936e-08,0.0008015698202354926,0.0008015698202354926,6.4251417671236e-07
11,merged_z_m0p024_dedup_filtered,27,0.0007536574266850948,-1.0667145389220423e-08,0.000753668093830484,0.000753668093830484,5.680155956580753e-07
11,merged_z_m0p024_dedup_filtered,28,0.0007365443743765354,-7.969680915209665e-09,0.0007365523440574506,0.0007365523440574506,5.425093555365251e-07
11,merged_z_m0p024_dedup_filtered,29,0.005352330394089222,9.47217849898152e-05,0.005257608609099407,0.005257608609099407,2.76424482864762e-05
11,merged_z_m0p024_dedup_filtered,30,0.013392617926001549,0.00021143874619156122,0.013181179179809988,0.013181179179809988,0.00017374348457025628
11,merged_z_m0p024_dedup_filtered,31,0.012460937723517418,0.00025207229191437364,0.012208865431603044,0.012208865431603044,0.00014905639512699179
11,merged_z_m0p024_dedup_filtered,32,0.01611645147204399,0.00037894511478953063,0.01573750635725446,0.01573750635725446,0.00024766910634462457
11,merged_z_m0p024_dedup_filtered,33,0.01305464468896389,-0.0004870429984293878,0.013541687687393278,0.013541687687393278,0.0001833773054228987
11,merged_z_m0p024_dedup_filtered,34,0.010691575706005096,0.0004891888820566237,0.010202386823948473,0.010202386823948473,0.0001040886969054774
11,merged_z_m0p024_dedup_filtered,35,0.008488588035106659,0.0003336321096867323,0.008154955925419927,0.008154955925419927,6.650330614554157e-05
11,merged_z_m0p024_dedup_filtered,36,0.005919220391660929,0.00037446481292136014,0.005544755578739569,0.005544755578739569,3.074431442796357e-05
11,merged_z_m0p024_dedup_filtered,37,0.0033348803408443928,0.0004153090703766793,0.0029195712704677135,0.0029195712704677135,8.523896403340458e-06
11,merged_z_m0p024_dedup_filtered,38,0.0030824439600110054,0.0006241575465537608,0.0024582864134572446,0.0024582864134572446,6.043172090588483e-06
11,merged_z_m0p024_dedup_filtered,39,0.0010000360198318958,0.0004561584210023284,0.0005438775988295674,0.0005438775988295674,2.958028425086159e-07
11,merged_z_m0p024_dedup_filtered,40,-0.0008767088875174522,0.0004970102454535663,-0.0013737191329710186,0.0013737191329710186,1.887104256290647e-06
11,merged_z_m0p024_dedup_filtered,41,-0.002166165504604578,0.0005378634086810052,-0.0027040289132855833,0.0027040289132855833,7.311772363884412e-06
11,merged_z_m0p024_dedup_filtered,42,-0.002827588701620698,0.0005787170375697315,-0.0034063057391904294,0.0034063057391904294,1.1602918788841658e-05
11,merged_z_m0p024_dedup_filtered,43,-0.0029028127901256084,0.0006195716559886932,-0.0035223844461143017,0.0035223844461143017,1.2407192186227956e-05
11,merged_z_m0p024_dedup_filtered,44,-0.0024980453308671713,0.0006604263326153159,-0.003158471663482487,0.003158471663482487,9.97594324902183e-06
11,merged_z_m0p024_dedup_filtered,45,-0.001757936435751617,0.0007012812420725822,-0.002459217677824199,0.002459217677824199,6.047751586923047e-06
11,merged_z_m0p024_dedup_filtered,46,-0.0008376248879358172,0.0007421369664371014,-0.0015797618543729186,0.0015797618543729186,2.4956475165317625e-06
11,merged_z_m0p024_dedup_filtered,47,0.00012171619891887531,0.0007829946698620915,-0.0006612784709432162,0.0006612784709432162,4.372892161329981e-07
11,merged_z_m0p024_dedup_filtered,48,0.0010096405167132616,0.0008238583686761558,0.0001857821480371058,0.0001857821480371058,3.4515006529281094e-08
11,merged_z_m0p024_dedup_filtered,49,0.0017534114886075258,0.0008647360373288393,0.0008886754512786865,0.0008886754512786865,7.897440577053771e-07
11,merged_z_m0p024_dedup_filtered,50,0.0023155445232987404,0.0009056436247192323,0.001409900898579508,0.001409900898579508,1.9878205438153043e-06
11,merged_z_m0p024_dedup_filtered,51,0.002684397157281637,0.0009466128540225327,0.0017377843032591045,0.0017377843032591045,3.0198942846537312e-06
11,merged_z_m0p024_dedup_filtered,52,0.002861721208319068,0.0009877001866698265,0.0018740210216492414,0.0018740210216492414,3.5119547895832667e-06
11,merged_z_m0p024_dedup_filtered,53,-0.002429805463179946,0.0014846447156742215,-0.0039144501788541675,0.0039144501788541675,1.5322920202731424e-05
11,merged_z_m0p024_dedup_filtered,54,-0.0011532153002917767,0.0013856397708877921,-0.0025388550711795688,0.0025388550711795688,6.445785072454213e-06
11,merged_z_m0p024_dedup_filtered,55,0.0027459431439638138,0.00046105115325190127,0.0022848919907119125,0.0022848919907119125,5.2207314092194465e-06
11,merged_z_m0p024_dedup_filtered,56,0.004102799110114574,0.0004815375432372093,0.003621261566877365,0.003621261566877365,1.311353533574311e-05
11,merged_z_m0p024_dedup_filtered,57,0.0046081263571977615,0.0005020664539188147,0.004106059903278947,0.004106059903278947,1.6859727929315115e-05
11,merged_z_m0p024_dedup_filtered,58,-0.010070026852190495,-8.765365322460639e-08,-0.01006993919853727,0.01006993919853727,0.00010140367546223743
11,merged_z_m0p024_dedup_filtered,59,-0.009650815278291702,-8.278884422452393e-08,-0.009650732489447478,0.009650732489447478,9.313663758287712e-05
11,merged_z_m0p024_dedup_filtered,60,-0.008838100358843803,-7.802069035278691e-08,-0.00883802233815345,0.00883802233815345,7.811063884969939e-05
11,merged_z_m0p024_dedup_filtered,61,-0.007709959987550974,-7.334247698054241e-08,-0.007709886645073993,0.007709886645073993,5.944235207989032e-05
11,merged_z_m0p024_dedup_filtered,62,-0.006370650138705969,-6.88823433847574e-08,-0.006370581256362584,0.006370581256362584,4.058430554391828e-05
11,merged_z_m0p024_dedup_filtered,63,-0.004936693701893091,-6.451631406889646e-08,-0.004936629185579022,0.004936629185579022,2.4370307715910602e-05
11,merged_z_m0p024_dedup_filtered,64,-0.0035220813006162643,-6.008493613762766e-08,-0.0035220212156801267,0.0035220212156801267,1.2404633443700918e-05
11,merged_z_m0p024_dedup_filtered,65,-0.0022249422036111355,-5.5533046605660275e-08,-0.00222488667056453,0.00222488667056453,4.950120696855718e-06
11,merged_z_m0p024_dedup_filtered,66,-0.0011176655534654856,-5.0840792908957155e-08,-0.0011176147126725766,0.0011176147126725766,1.249062645982206e-06
11,merged_z_m0p024_dedup_filtered,67,0.007010587025433779,-0.0003287561412435025,0.007339343166677281,0.007339343166677281,5.38659581182525e-05
11,merged_z_m0p024_dedup_filtered,68,0.005501938983798027,-0.0003491897659841925,0.0058511287497822195,0.0058511287497822195,3.423570764652804e-05
11,merged_z_m0p024_dedup_filtered,69,0.0025280271656811237,-0.00036962368176318705,0.002897650847444311,0.002897650847444311,8.396380433694732e-06
11,merged_z_m0p024_dedup_filtered,70,-0.0017373845912516117,-0.00039005829603411257,-0.0013473262952174991,0.0013473262952174991,1.8152881457845116e-06
11,merged_z_m0p024_dedup_filtered,71,-0.006869881879538298,-0.00041049456922337413,-0.0064593873103149235,0.0064593873103149235,4.172368442465746e-05
11,merged_z_m0p024_dedup_filtered,72,-0.012250717729330063,-0.00043093538261018693,-0.011819782346719876,0.011819782346719876,0.00013970725472383082
11,merged_z_m0p024_dedup_filtered,73,-0.01716434583067894,-0.00045138722634874284,-0.016712958604330197,0.016712958604330197,0.00027932298531005477
11,merged_z_m0p024_dedup_filtered,74,-0.02091928943991661,-0.000471863808343187,-0.020447425631573424,0.020447425631573424,0.0004180972149587258
11,merged_z_m0p024_dedup_filtered,75,-0.022969212383031845,-0.0004923840169794858,-0.02247682836605236,0.02247682836605236,0.000505207813396976
11,merged_z_m0p024_dedup_filtered,76,-0.018118966370821,-0.0009862297447398305,-0.01713273662608117,0.01713273662608117,0.00029353066429866313
11,merged_z_m0p024_dedup_filtered,77,-0.016407033428549767,-0.0009451392688788474,-0.01546189415967092,0.01546189415967092,0.00023907017100486568
11,merged_z_m0p024_dedup_filtered,78,0.0007652228232473135,0.0004405994259286672,0.0003246233973186463,0.0003246233973186463,1.053803500866997e-07
11,merged_z_m0p024_dedup_filtered,79,-0.0015108062652871013,0.0004201637639198452,-0.0019309700292069465,0.0019309700292069465,3.728645253695476e-06
11,merged_z_m0p024_dedup_filtered,80,-0.0037118836771696806,0.0003997348539996892,-0.00411161853116937,0.00411161853116937,1.6905406945855365e-05
11,merged_z_m0p024_dedup_filtered,81,-0.005491259507834911,0.00037930873804725707,-0.005870568245882168,0.005870568245882168,3.446357152956004e-05
11,merged_z_m0p024_dedup_filtered,82,-0.006584321614354849,0.00035888361162506044,-0.006943205225979909,0.006943205225979909,4.820809881007472e-05
11,merged_z_m0p024_dedup_filtered,83,-0.006849606987088919,0.0003384589799679816,-0.0071880659670569,0.0071880659670569,5.166829234676165e-05
11,merged_z_m0p024_dedup_filtered,84,-0.006285001523792744,0.0003180345520377159,-0.00660303607583046,0.00660303607583046,4.3600085418718515e-05
11,merged_z_m0p024_dedup_filtered,85,-0.005017164163291454,0.00029760986217297614,-0.0053147740254644305,0.0053147740254644305,2.8246822941751386e-05
11,merged_z_m0p024_dedup_filtered,86,-0.0032676784321665764,0.00027718511410057545,-0.003544863546267152,0.003544863546267152,1.2566057561653728e-05
11,merged_z_m0p024_dedup_filtered,87,-0.0013041043421253562,0.00025676030782051384,-0.00156086464994587,0.00156086464994587,2.4362984554506434e-06
11,merged_z_m0p024_dedup_filtered,88,0.0006132178823463619,0.00023633554519619793,0.00037688233715016395,0.00037688233715016395,1.4204029605576985e-07
11,merged_z_m0p024_dedup_filtered,89,0.0022773558739572763,0.0002159112336812541,0.0020614446402760223,0.0020614446402760223,4.249554004922739e-06
11,merged_z_m0p024_dedup_filtered,90,0.003564782440662384,0.0001954879699042067,0.0033692944707581773,0.0033692944707581773,1.1352145230681626e-05
11,merged_z_m0p024_dedup_filtered,91,0.004443983547389507,0.0001750672236084938,0.0042689163237810135,0.0042689163237810135,1.8223646579444003e-05
11,merged_z_m0p024_dedup_filtered,92,0.004962471313774586,0.0001546525745652616,0.004807818739209324,0.004807818739209324,2.3115121029092335e-05
11,merged_z_m0p024_dedup_filtered,93,0.005216880235821009,0.00013425250654108822,0.0050826277292799205,0.0050826277292799205,2.583310463444516e-05
11,merged_z_m0p024_dedup_filtered,94,-2.3488420993089676e-05,-0.0001346870994893834,0.00011119867849629372,0.00011119867849629372,1.2365146099322096e-08
11,merged_z_m0p024_dedup_filtered,95,0.000310579314827919,-0.00011431432358222082,0.00042489363841013983,0.00042489363841013983,1.8053460396140665e-07
11,merged_z_m0p024_dedup_filtered,96,0.0007581091485917568,-0.00023012967722024769,0.0009882388258120045,0.0009882388258120045,9.766159768422894e-07
11,merged_z_m0p024_dedup_filtered,97,0.0008101582061499357,-0.00034439569571986794,0.0011545539018698037,0.0011545539018698037,1.3329947123227882e-06
11,merged_z_m0p024_dedup_filtered,98,0.0008504712022840977,-0.00040538940811529756,0.0012558606103993952,0.0012558606103993952,1.5771858727527416e-06
11,merged_z_m0p024_dedup_filtered,99,0.0005486505106091499,-0.0002708356478251517,0.0008194861584343016,0.0008194861584343016,6.715575638654093e-07
11,merged_z_m0p024_dedup_filtered,100,0.00036306120455265045,-0.000311625306494534,0.0006746865110471845,0.0006746865110471845,4.5520188818902257e-07
11,merged_z_m0p024_dedup_filtered,101,0.0009855215903371572,-0.00046654770267196,0.0014520692930091172,0.0014520692930091172,2.1085052316999976e-06
11,merged_z_m0p024_dedup_filtered,102,0.0012912701349705458,-0.0005277741001918912,0.001819044235162437,0.001819044235162437,3.3089219294776953e-06
11,merged_z_m0p024_dedup_filtered,103,0.0003916132263839245,-0.0003524541389197111,0.0007440673653036356,0.0007440673653036356,5.536362441098939e-07
11,merged_z_m0p024_dedup_filtered,104,0.0008094159420579672,-0.00039330110303126276,0.00120271704508923,0.00120271704508923,1.4465282905481688e-06
11,merged_z_m0p024_dedup_filtered,105,0.0018290455918759108,-0.0005890292231924832,0.002418074815068394,0.002418074815068394,5.847085811268048e-06
11,merged_z_m0p024_dedup_filtered,106,0.002614974742755294,-0.0006503114709630609,0.0032652862137183547,0.0032652862137183547,1.0662094057499149e-05
11,merged_z_m0p024_dedup_filtered,107,0.0017137062968686223,-0.000434155750554055,0.0021478620474226773,0.0021478620474226773,4.613311374758735e-06
11,merged_z_m0p024_dedup_filtered,108,0.0005637204740196466,-0.0029024523682892323,0.003466172842308879,0.003466172842308879,1.2014354172759612e-05
11,merged_z_m0p024_dedup_filtered,109,-0.0002882464323192835,-0.000195943663129583,-9.230276918970048e-05,9.230276918970048e-05,8.519801200087121e-09
11,merged_z_m0p024_dedup_filtered,110,-0.0005519893020391464,-0.00017551530618220568,-0.00037647399585694075,0.00037647399585694075,1.4173266955649184e-07
11,merged_z_m0p024_dedup_filtered,111,-0.0003893868997693062,-0.0001550936867715791,-0.0002342932129977271,0.0002342932129977271,5.489330965679832e-08
11,merged_z_m0p024_dedup_filtered,112,0.0008471077308058739,-0.00018960496527142823,0.001036712696077302,0.001036712696077302,1.0747732142078685e-06
11,merged_z_m0p024_dedup_filtered,113,0.003075833898037672,-0.00047501467633992434,0.0035508485743775964,0.0035508485743775964,1.2608525598159409e-05
11,merged_z_m0p024_dedup_filtered,114,0.003597573610022664,-0.0007115888292901218,0.004309162439312786,0.004309162439312786,1.856888092838412e-05
11,merged_z_m0p024_dedup_filtered,115,0.004650435410439968,-0.0007728756172582507,0.005423311027698219,0.005423311027698219,2.941230250315311e-05
11,merged_z_m0p024_dedup_filtered,116,0.004721186123788357,-0.0005158754647709429,0.0052370615885593,0.0052370615885593,2.7426814082363256e-05
11,merged_z_m0p024_dedup_filtered,117,0.006344298832118511,-0.0005567368352785707,0.006901035667397082,0.006901035667397082,4.762429328268669e-05
11,merged_z_m0p024_dedup_filtered,118,0.005583564750850201,-0.0008341713109984994,0.0064177360618487,0.0064177360618487,4.118733615955326e-05
11,merged_z_m0p024_dedup_filtered,119,0.006172657944262028,-0.0008954599034041166,0.007068117847666144,0.007068117847666144,4.995828990849669e-05
11,merged_z_m0p024_dedup_filtered,120,0.0054225558415055275,-0.00027767239953391254,0.00570022824103944,0.00570022824103944,3.249260199994359e-05
11,merged_z_m0p024_dedup_filtered,121,0.003656129352748394,-0.00025723950238898396,0.003913368855137378,0.003913368855137378,1.5314455796359232e-05
11,merged_z_m0p024_dedup_filtered,122,-0.0010436773300170898,0.000771452090702951,-0.0018151294207200408,0.0018151294207200408,3.294694813963471e-06
11,merged_z_m0p024_dedup_filtered,123,-0.0009168731048703194,0.0008390358416363597,-0.001755908946506679,0.001755908946506679,3.0832162284221955e-06
11,merged_z_m0p024_dedup_filtered,124,0.0012501286109909415,0.0009618177427910268,0.0002883108681999147,0.0002883108681999147,8.312315672218858e-08
11,merged_z_m0p024_dedup_filtered,125,0.003094267100095749,0.0010490822605788708,0.002045184839516878,0.002045184839516878,4.1827810277896785e-06
11,merged_z_m0p024_dedup_filtered,126,0.003277632873505354,-0.013444455340504646,0.01672208821401,0.01672208821401,0.00027962823423713216
11,merged_z_m0p024_dedup_filtered,127,0.002717881230637431,0.0011778248008340597,0.0015400564298033714,0.0015400564298033714,2.3717738069787067e-06
12,merged_z_m0p026_dedup_filtered,0,-0.010816844180226326,-0.001447714283131063,-0.009369129897095263,0.009369129897095263,8.77805950286443e-05
12,merged_z_m0p026_dedup_filtered,1,-0.009234669618308544,-0.001375006278976798,-0.007859663339331746,0.007859663339331746,6.177430780763545e-05
12,merged_z_m0p026_dedup_filtered,2,-0.006829702295362949,-0.0013246310409158468,-0.0055050712544471025,0.0055050712544471025,3.0305809516539795e-05
12,merged_z_m0p026_dedup_filtered,3,-0.011198264546692371,-0.0008837009663693607,-0.01031456358032301,0.01031456358032301,0.00010639022185252584
12,merged_z_m0p026_dedup_filtered,4,-0.006687148008495569,-0.0008428021101281047,-0.0058443458983674645,0.0058443458983674645,3.4156378979764606e-05
12,merged_z_m0p026_dedup_filtered,5,-0.003941674716770649,-0.001263270853087306,-0.002678403863683343,0.002678403863683343,7.1738472569938595e-06
12,merged_z_m0p026_dedup_filtered,6,-0.000939446035772562,-0.0012019394198432565,0.00026249338407069445,0.00026249338407069445,6.89027766808851e-08
12,merged_z_m0p026_dedup_filtered,7,-0.0020618420094251633,-0.0008019231609068811,-0.0012599188485182822,0.0012599188485182822,1.587395504851634e-06
12,merged_z_m0p026_dedup_filtered,8,0.0020850617438554764,-0.0007610530010424554,0.002846114744897932,0.002846114744897932,8.10036914112542e-06
12,merged_z_m0p026_dedup_filtered,9,0.0018143902998417616,-0.0011406324338167906,0.002955022733658552,0.002955022733658552,8.732159356438863e-06
12,merged_z_m0p026_dedup_filtered,10,0.004024971276521683,-0.0010793345281854272,0.00510430580470711,0.00510430580470711,2.6053937747966697e-05
12,merged_z_m0p026_dedup_filtered,11,0.005285277962684631,-0.0007201872649602592,0.0060054652276448905,0.0060054652276448905,3.6065612600451894e-05
12,merged_z_m0p026_dedup_filtered,12,0.007264032028615475,-0.0006793235661461949,0.00794335559476167,0.00794335559476167,6.309689810483152e-05
12,merged_z_m0p026_dedup_filtered,13,0.0055063385516405106,-0.0010180397657677531,0.006524378317408264,0.006524378317408264,4.2567512428667086e-05
12,merged_z_m0p026_dedup_filtered,14,0.006200646050274372,-0.0009567463421262801,0.007157392392400652,0.007157392392400652,5.122826585879473e-05
12,merged_z_m0p026_dedup_filtered,15,0.007969514466822147,-0.000638460973277688,0.008607975440099835,0.008607975440099835,7.409724117736195e-05
12,merged_z_m0p026_dedup_filtered,16,0.00755888968706131,-0.0005975988460704684,0.008156488533131778,0.008156488533131778,6.652830519111019e-05
12,merged_z_m0p026_dedup_filtered,17,0.006790053099393845,-0.008090938441455364,0.014880991540849209,0.014880991540849209,0.0002214439092388257
12,merged_z_m0p026_dedup_filtered,18,0.00010417425073683262,-4.381816864906796e-08,0.00010421806890548169,0.00010421806890548169,1.0861405886387728e-08
12,merged_z_m0p026_dedup_filtered,19,0.0006235477048903704,-3.940547443903597e-08,0.0006235871103648094,0.0006235871103648094,3.88860884213133e-07
12,merged_z_m0p026_dedup_filtered,20,0.0009337269002571702,-3.528859693346931e-08,0.0009337621888541037,0.0009337621888541037,8.719118253336068e-07
12,merged_z_m0p026_dedup_filtered,21,0.0010767618659883738,-3.133590809056841e-08,0.0010767932018964643,0.0010767932018964643,1.1594835996504398e-06
12,merged_z_m0p026_dedup_filtered,22,0.0011007149005308747,-2.7436634297828277e-08,0.0011007423371651726,0.0011007423371651726,1.2116336928278464e-06
12,merged_z_m0p026_dedup_filtered,23,0.001051869709044695,-2.3607100274603e-08,0.0010518933161449695,0.0010518933161449695,1.1064795485504607e-06
12,merged_z_m0p026_dedup_filtered,24,0.0009692533640190959,-1.99208045614796e-08,0.0009692732848236574,0.0009692732848236574,9.394907006728428e-07
12,merged_z_m0p026_dedup_filtered,25,0.000881965970620513,-1.6569588368042787e-08,0.000881982540208881,0.000881982540208881,7.778932012333104e-07
12,merged_z_m0p026_dedup_filtered,26,0.0008091245545074344,-1.3542215349104936e-08,0.0008091380967227835,0.0008091380967227835,6.547044595681685e-07
12,merged_z_m0p026_dedup_filtered,27,0.0007616330403834581,-1.0667145389220423e-08,0.0007616437075288474,0.0007616437075288474,5.801011372182884e-07
12,merged_z_m0p026_dedup_filtered,28,0.0007446631789207458,-7.969680915209665e-09,0.0007446711486016611,0.0007446711486016611,5.545351195597172e-07
12,merged_z_m0p026_dedup_filtered,29,0.0053604040294885635,9.47217849898152e-05,0.005265682244498748,0.005265682244498748,2.7727409500029376e-05
12,merged_z_m0p026_dedup_filtered,30,0.013400728814303875,0.00021143874619156122,0.013189290068112314,0.013189290068112314,0.0001739573725008061
12,merged_z_m0p026_dedup_filtered,31,0.012468392960727215,0.00025207229191437364,0.012216320668812841,0.012216320668812841,0.00014923849068326382
12,merged_z_m0p026_dedup_filtered,32,0.01612391322851181,0.00037894511478953063,0.01574496811372228,0.01574496811372228,0.00024790402090213133
12,merged_z_m0p026_dedup_filtered,33,0.01306096464395523,-0.0005276299780234694,0.0135885946219787,0.0135885946219787,0.00018464990380046844
12,merged_z_m0p026_dedup_filtered,34,0.01069640927016735,0.0004891888820566237,0.010207220388110727,0.010207220388110727,0.0001041873480514633
12,merged_z_m0p026_dedup_filtered,35,0.00849330797791481,0.0003336321096867323,0.008159675868228078,0.008159675868228078,6.658031027454364e-05
12,merged_z_m0p026_dedup_filtered,36,0.005922231823205948,0.00037446481292136014,0.005547767010284588,0.005547767010284588,3.077771880040199e-05
12,merged_z_m0p026_dedup_filtered,37,0.003336232854053378,0.0004153090703766793,0.002920923783676699,0.002920923783676699,8.531795750048202e-06
12,merged_z_m0p026_dedup_filtered,38,0.0030833883211016655,0.0006241575465537608,0.0024592307745479047,0.0024592307745479047,6.047816002483487e-06
12,merged_z_m0p026_dedup_filtered,39,0.0009999540634453297,0.0004561584210023284,0.0005437956424430013,0.0005437956424430013,2.957137007399965e-07
12,merged_z_m0p026_dedup_filtered,40,-0.0008778916671872139,0.0004970102454535663,-0.0013749019126407802,0.0013749019126407802,1.8903552693832756e-06
12,merged_z_m0p026_dedup_filtered,41,-0.0021680823992937803,0.0005378634086810052,-0.0027059458079747856,0.0027059458079747856,7.322142715696315e-06
12,merged_z_m0p026_dedup_filtered,42,-0.0028299191035330296,0.0005787170375697315,-0.003408636141102761,0.003408636141102761,1.1618800342431922e-05
12,merged_z_m0p026_dedup_filtered,43,-0.0029053373727947474,0.0006195716559886932,-0.0035249090287834406,0.0035249090287834406,1.2424983661199018e-05
12,merged_z_m0p026_dedup_filtered,44,-0.002500679809600115,0.0006604263326153159,-0.0031611061422154307,0.0031611061422154307,9.992592042352123e-06
12,merged_z_m0p026_dedup_filtered,45,-0.0017607283079996705,0.0007012812420725822,-0.0024620095500722528,0.0024620095500722528,6.061491024646976e-06
12,merged_z_m0p026_dedup_filtered,46,-0.0008407181594520807,0.0007421369664371014,-0.001582855125889182,0.001582855125889182,2.5054303495536585e-06
12,merged_z_m0p026_dedup_filtered,47,0.0001181366023956798,0.0007829946698620915,-0.0006648580674664117,0.0006648580674664117,4.420362498751717e-07
12,merged_z_m0p026_dedup_filtered,48,0.0010054110316559672,0.0008238583686761558,0.00018155266297981143,0.00018155266297981143,3.296136943506099e-08
12,merged_z_m0p026_dedup_filtered,49,0.0017484478885307908,0.0008647360373288393,0.0008837118512019515,0.0008837118512019515,7.809466359547801e-07
12,merged_z_m0p026_dedup_filtered,50,0.002309877425432205,0.0009056436247192323,0.0014042338007129729,0.0014042338007129729,1.9718725670648012e-06
12,merged_z_m0p026_dedup_filtered,51,0.0026781801134347916,0.0009466128540225327,0.0017315672594122589,0.0017315672594122589,2.998325173868481e-06
12,merged_z_m0p026_dedup_filtered,52,0.002855210565030575,0.0009877001866698265,0.0018675103783607483,0.0018675103783607483,3.4875950132851052e-06
12,merged_z_m0p026_dedup_filtered,53,-0.0024364283308386803,0.0014846447156742215,-0.003921073046512902,0.003921073046512902,1.537481383608997e-05
12,merged_z_m0p026_dedup_filtered,54,-0.0011591108050197363,0.0013856397708877921,-0.0025447505759075284,0.0025447505759075284,6.4757554935816975e-06
12,merged_z_m0p026_dedup_filtered,55,0.0027399032842367887,0.00046105115325190127,0.0022788521309848875,0.0022788521309848875,5.193167034894363e-06
12,merged_z_m0p026_dedup_filtered,56,0.0040965150110423565,0.0004815375432372093,0.003614977467805147,0.003614977467805147,1.3068062092738914e-05
12,merged_z_m0p026_dedup_filtered,57,0.004601752385497093,0.0005020664539188147,0.0040996859315782785,0.0040996859315782785,1.6807424737580858e-05
12,merged_z_m0p026_dedup_filtered,58,-0.010076373815536499,-8.765365322460639e-08,-0.010076286161883274,0.010076286161883274,0.00010153154281616038
12,merged_z_m0p026_dedup_filtered,59,-0.009657074697315693,-8.278884422452393e-08,-0.009656991908471468,0.009656991908471468,9.325749272028342e-05
12,merged_z_m0p026_dedup_filtered,60,-0.008844180032610893,-7.802069035278691e-08,-0.00884410201192054,0.00884410201192054,7.821814039725695e-05
12,merged_z_m0p026_dedup_filtered,61,-0.007715757004916668,-7.334247698054241e-08,-0.007715683662439687,0.007715683662439687,5.9531774378838705e-05
12,merged_z_m0p026_dedup_filtered,62,-0.0063760546036064625,-6.88823433847574e-08,-0.006375985721263078,0.006375985721263078,4.065319391775065e-05
12,merged_z_m0p026_dedup_filtered,63,-0.004941586870700121,-6.451631406889646e-08,-0.004941522354386052,0.004941522354386052,2.441864317889707e-05
12,merged_z_m0p026_dedup_filtered,64,-0.0035263346508145332,-6.008493613762766e-08,-0.0035262745658783956,0.0035262745658783956,1.2434612313960867e-05
12,merged_z_m0p026_dedup_filtered,65,-0.0022284239530563354,-5.5533046605660275e-08,-0.00222836842000973,0.00222836842000973,4.965625815296659e-06
12,merged_z_m0p026_dedup_filtered,66,-0.0011202460154891014,-5.0840792908957155e-08,-0.0011201951746961925,0.0011201951746961925,1.254837229412633e-06
12,merged_z_m0p026_dedup_filtered,67,0.00700902845710516,-0.0003287561412435025,0.007337784598348662,0.007337784598348662,5.384308281176284e-05
12,merged_z_m0p026_dedup_filtered,68,0.0054992446675896645,-0.0003491897659841925,0.005848434433573857,0.005848434433573857,3.420418532381236e-05
12,merged_z_m0p026_dedup_filtered,69,0.002524335402995348,-0.00036962368176318705,0.002893959084758535,0.002893959084758535,8.374999184256457e-06
12,merged_z_m0p026_dedup_filtered,70,-0.0017419117502868176,-0.00039005829603411257,-0.001351853454252705,0.001351853454252705,1.8275077617749703e-06
12,merged_z_m0p026_dedup_filtered,71,-0.006875075865536928,-0.00041049456922337413,-0.006464581296313554,0.006464581296313554,4.179081133664703e-05
12,merged_z_m0p026_dedup_filtered,72,-0.012256414629518986,-0.00043093538261018693,-0.011825479246908799,0.011825479246908799,0.0001398419594190707
12,merged_z_m0p026_dedup_filtered,73,-0.01717039756476879,-0.00045138722634874284,-0.01671901033842005,0.01671901033842005,0.00027952530669619647
12,merged_z_m0p026_dedup_filtered,74,-0.02092556655406952,-0.000471863808343187,-0.020453702745726332,0.020453702745726332,0.0004183539560105329
12,merged_z_m0p026_dedup_filtered,75,-0.02297559753060341,-0.0004923840169794858,-0.022483213513623923,0.022483213513623923,0.0005054948898992014
12,merged_z_m0p026_dedup_filtered,76,-0.018125301226973534,-0.0009862297447398305,-0.017139071482233703,0.017139071482233703,0.00029374777127311657
12,merged_z_m0p026_dedup_filtered,77,-0.01641322858631611,-0.0009451392688788474,-0.015468089317437261,0.015468089317437261,0.00023926178713221672
12,merged_z_m0p026_dedup_filtered,78,0.0007595494389533997,0.0004405994259286672,0.00031895001302473247,0.00031895001302473247,1.0172911080847701e-07
12,merged_z_m0p026_dedup_filtered,79,-0.00151603645645082,0.0004201637639198452,-0.0019362002203706652,0.0019362002203706652,3.7488712933634125e-06
12,merged_z_m0p026_dedup_filtered,80,-0.0037166373804211617,0.0003997348539996892,-0.004116372234420851,0.004116372234420851,1.6944520372310908e-05
12,merged_z_m0p026_dedup_filtered,81,-0.005495535209774971,0.00037930873804725707,-0.005874843947822228,0.005874843947822228,3.451379141126346e-05
12,merged_z_m0p026_dedup_filtered,82,-0.006588127464056015,0.00035888361162506044,-0.0069470110756810755,0.0069470110756810755,4.826096288563553e-05
12,merged_z_m0p026_dedup_filtered,83,-0.006852935999631882,0.0003384589799679816,-0.007191394979599863,0.007191394979599863,5.1716161752614115e-05
12,merged_z_m0p026_dedup_filtered,84,-0.006287808064371347,0.0003180345520377159,-0.006605842616409063,0.006605842616409063,4.363715667276614e-05
12,merged_z_m0p026_dedup_filtered,85,-0.005019349046051502,0.00029760986217297614,-0.005316958908224478,0.005316958908224478,2.8270052031747636e-05
12,merged_z_m0p026_dedup_filtered,86,-0.0032690896186977625,0.00027718511410057545,-0.003546274732798338,0.003546274732798338,1.2576064480483923e-05
12,merged_z_m0p026_dedup_filtered,87,-0.0013045519590377808,0.00025676030782051384,-0.0015613122668582946,0.0015613122668582946,2.4376959946421865e-06
12,merged_z_m0p026_dedup_filtered,88,0.0006139322649687529,0.00023633554519619793,0.00037759671977255493,0.00037759671977255493,1.4257928278299338e-07
12,merged_z_m0p026_dedup_filtered,89,0.0022794005926698446,0.0002159112336812541,0.0020634893589885905,0.0020634893589885905,4.257988334659144e-06
12,merged_z_m0p026_dedup_filtered,90,0.003568254876881838,0.0001954879699042067,0.003372766906977631,0.003372766906977631,1.1375556608803457e-05
12,merged_z_m0p026_dedup_filtered,91,0.004448875784873962,0.0001750672236084938,0.004273808561265469,0.004273808561265469,1.8265439618346015e-05
12,merged_z_m0p026_dedup_filtered,92,0.004968650639057159,0.0001546525745652616,0.004813998064491898,0.004813998064491898,2.317457736493174e-05
12,merged_z_m0p026_dedup_filtered,93,0.005224085412919521,0.00013425250654108822,0.005089832906378433,0.005089832906378433,2.5906399014852727e-05
12,merged_z_m0p026_dedup_filtered,94,-1.5482772141695023e-05,-0.0001346870994893834,0.00011920432734768838,0.00011920432734768838,1.4209671658414847e-08
12,merged_z_m0p026_dedup_filtered,95,0.00031883781775832176,-0.00011431432358222082,0.0004331521413405426,0.0004331521413405426,1.8762077754789738e-07
12,merged_z_m0p026_dedup_filtered,96,0.00076656648889184,-0.00023012967722024769,0.0009966961661120877,0.0009966961661120877,9.934032475425343e-07
12,merged_z_m0p026_dedup_filtered,97,0.0008186835329979658,-0.00034439569571986794,0.0011630792287178338,0.0011630792287178338,1.352753292274871e-06
12,merged_z_m0p026_dedup_filtered,98,0.0008586645126342773,-0.00040538940811529756,0.001264053920749575,0.001264053920749575,1.5978323145623726e-06
12,merged_z_m0p026_dedup_filtered,99,0.000556818675249815,-0.0002708356478251517,0.0008276543230749667,0.0008276543230749667,6.850116785046813e-07
12,merged_z_m0p026_dedup_filtered,100,0.0003707539290189743,-0.000311625306494534,0.0006823792355135083,0.0006823792355135083,4.6564142106000005e-07
12,merged_z_m0p026_dedup_filtered,101,0.000993175432085991,-0.00046654770267196,0.001459723134757951,0.001459723134757951,2.130791630147579e-06
12,merged_z_m0p026_dedup_filtered,102,0.0012981987092643976,-0.0005277741001918912,0.0018259728094562888,0.0018259728094562888,3.3341767008736924e-06
12,merged_z_m0p026_dedup_filtered,103,0.0003986535593867302,-0.0003524541389197111,0.0007511076983064413,0.0007511076983064413,5.641627744552001e-07
12,merged_z_m0p026_dedup_filtered,104,0.0008156392723321915,-0.00039330110303126276,0.0012089403753634542,0.0012089403753634542,1.4615368311839296e-06
12,merged_z_m0p026_dedup_filtered,105,0.0018350908067077398,-0.0005890292231924832,0.002424120029900223,0.002424120029900223,5.876357919363458e-06
12,merged_z_m0p026_dedup_filtered,106,0.002620010171085596,-0.0006503114709630609,0.003270321642048657,0.003270321642048657,1.0695003642451824e-05
12,merged_z_m0p026_dedup_filtered,107,0.001718967454507947,-0.000434155750554055,0.002153123205062002,0.002153123205062002,4.635939536176468e-06
12,merged_z_m0p026_dedup_filtered,108,0.0005689301760867238,-0.003144323593005538,0.003713253769092262,0.003713253769092262,1.3788253553677888e-05
12,merged_z_m0p026_dedup_filtered,109,-0.00028206082060933113,-0.000195943663129583,-8.611715747974813e-05,8.611715747974813e-05,7.416164812391739e-09
12,merged_z_m0p026_dedup_filtered,110,-0.0005450192838907242,-0.00017551530618220568,-0.0003695039777085185,0.0003695039777085185,1.3653318954241734e-07
12,merged_z_m0p026_dedup_filtered,111,-0.00038181012496352196,-0.0001550936867715791,-0.00022671643819194287,0.00022671643819194287,5.140034334644105e-08
12,merged_z_m0p026_dedup_filtered,112,0.0008556623943150043,-0.00018960496527142823,0.0010452673595864326,0.0010452673595864326,1.0925838530167925e-06
12,merged_z_m0p026_dedup_filtered,113,0.003080013208091259,-0.00047501467633992434,0.0035550278844311833,0.0035550278844311833,1.2638223259083255e-05
12,merged_z_m0p026_dedup_filtered,114,0.00360150751657784,-0.0007115888292901218,0.004313096345867962,0.004313096345867962,1.8602800088739563e-05
12,merged_z_m0p026_dedup_filtered,115,0.0046532112173736095,-0.0007728756172582507,0.00542608683463186,0.00542608683463186,2.94424183369652e-05
12,merged_z_m0p026_dedup_filtered,116,0.004724194295704365,-0.0005158754647709429,0.005240069760475308,0.005240069760475308,2.745833109464775e-05
12,merged_z_m0p026_dedup_filtered,117,0.006346085108816624,-0.0005567368352785707,0.006902821944095194,0.006902821944095194,4.764895079188216e-05
12,merged_z_m0p026_dedup_filtered,118,0.005585160106420517,-0.0008341713109984994,0.006419331417419016,0.006419331417419016,4.120781584666284e-05
12,merged_z_m0p026_dedup_filtered,119,0.006173080299049616,-0.0008954599034041166,0.0070685402024537325,0.0070685402024537325,4.9964260593704654e-05
12,merged_z_m0p026_dedup_filtered,120,0.005424190312623978,-0.00027767239953391254,0.00570186271215789,0.00570186271215789,3.251123838829653e-05
12,merged_z_m0p026_dedup_filtered,121,0.0036590509116649628,-0.00025723950238898396,0.003916290414053947,0.003916290414053947,1.5337330607210834e-05
12,merged_z_m0p026_dedup_filtered,122,-0.0010454333387315273,0.000771452090702951,-0.0018168854294344783,0.0018168854294344783,3.3010726636913086e-06
12,merged_z_m0p026_dedup_filtered,123,-0.000919063575565815,0.0008390358416363597,-0.0017580994172021747,0.0017580994172021747,3.090913560766626e-06
12,merged_z_m0p026_dedup_filtered,124,0.0012479252181947231,0.0009618177427910268,0.0002861074754036963,0.0002861074754036963,8.185748748187668e-08
12,merged_z_m0p026_dedup_filtered,125,0.003091957187280059,0.0010490822605788708,0.002042874926701188,0.002042874926701188,4.173337966144385e-06
12,merged_z_m0p026_dedup_filtered,126,0.0032749418169260025,-0.01456482708454132,0.017839768901467323,0.017839768901467323,0.00031825735445776063
12,merged_z_m0p026_dedup_filtered,127,0.002714538713917136,0.0011778248008340597,0.0015367139130830765,0.0015367139130830765,2.361489650663101e-06
13,merged_z_m0p028_dedup_filtered,0,-0.010823050513863564,-0.001447714283131063,-0.0093753362307325,0.0093753362307325,8.789692943928549e-05
13,merged_z_m0p028_dedup_filtered,1,-0.009240650571882725,-0.001375006278976798,-0.007865644292905927,0.007865644292905927,6.186836014252358e-05
13,merged_z_m0p028_dedup_filtered,2,-0.0068353088572621346,-0.0013246310409158468,-0.005510677816346288,0.005510677816346288,3.036756999557109e-05
13,merged_z_m0p028_dedup_filtered,3,-0.011203976348042488,-0.0008837009663693607,-0.010320275381673127,0.010320275381673127,0.00010650808395356841
13,merged_z_m0p028_dedup_filtered,4,-0.006692360155284405,-0.0008428021101281047,-0.0058495580451563,0.0058495580451563,3.4217329323652795e-05
13,merged_z_m0p028_dedup_filtered,5,-0.003946763928979635,-0.001263270853087306,-0.002683493075892329,0.002683493075892329,7.201135088362074e-06
13,merged_z_m0p028_dedup_filtered,6,-0.0009438835550099611,-0.0012019394198432565,0.00025805586483329535,0.00025805586483329535,6.659282937486e-08
13,merged_z_m0p028_dedup_filtered,7,-0.00206640618853271,-0.0008019231609068811,-0.001264483027625829,0.001264483027625829,1.598917327153783e-06
13,merged_z_m0p028_dedup_filtered,8,0.002081290353089571,-0.0007610530010424554,0.0028423433541320264,0.0028423433541320264,8.078915742778498e-06
13,merged_z_m0p028_dedup_filtered,9,0.0018107304349541664,-0.0011406324338167906,0.002951362868770957,0.002951362868770957,8.710542783159933e-06
13,merged_z_m0p028_dedup_filtered,10,0.0040222033858299255,-0.0010793345281854272,0.005101537914015353,0.005101537914015353,2.6025689088136116e-05
13,merged_z_m0p028_dedup_filtered,11,0.0052824364975094795,-0.0007201872649602592,0.006002623762469739,0.006002623762469739,3.603149203376636e-05
13,merged_z_m0p028_dedup_filtered,12,0.0072622401639819145,-0.0006793235661461949,0.00794156373012811,0.00794156373012811,6.306843447968629e-05
13,merged_z_m0p028_dedup_filtered,13,0.005504561588168144,-0.0010180397657677531,0.006522601353935897,0.006522601353935897,4.25443284223664e-05
13,merged_z_m0p028_dedup_filtered,14,0.00619994243606925,-0.0009567463421262801,0.00715668877819553,0.00715668877819553,5.121819426794983e-05
13,merged_z_m0p028_dedup_filtered,15,0.00796886719763279,-0.000638460973277688,0.008607328170910478,0.008607328170910478,7.408609824174911e-05
13,merged_z_m0p028_dedup_filtered,16,0.007559449877589941,-0.0005975988460704684,0.00815704872366041,0.00815704872366041,6.653744388016991e-05
13,merged_z_m0p028_dedup_filtered,17,0.006790362298488617,-0.008713317103683949,0.015503679402172565,0.015503679402172565,0.00024036407500534988
13,merged_z_m0p028_dedup_filtered,18,0.00010317307896912098,-4.381816864906796e-08,0.00010321689713777005,0.00010321689713777005,1.0653727854749002e-08
13,merged_z_m0p028_dedup_filtered,19,0.000623715459369123,-3.940547443903597e-08,0.000623754864843562,0.000623754864843562,3.890701314160103e-07
13,merged_z_m0p028_dedup_filtered,20,0.0009351241169497371,-3.528859693346931e-08,0.0009351594055466705,0.0009351594055466705,8.745231137824023e-07
13,merged_z_m0p028_dedup_filtered,21,0.0010794100817292929,-3.133590809056841e-08,0.0010794414176373834,0.0010794414176373834,1.165193774111004e-06
13,merged_z_m0p028_dedup_filtered,22,0.0011045901337638497,-2.7436634297828277e-08,0.0011046175703981476,0.0011046175703981476,1.2201799768323064e-06
13,merged_z_m0p028_dedup_filtered,23,0.0010568990837782621,-2.3607100274603e-08,0.0010569226908785367,0.0010569226908785367,1.117085574493927e-06
13,merged_z_m0p028_dedup_filtered,24,0.0009753138874657452,-1.99208045614796e-08,0.0009753338082703067,0.0009753338082703067,9.512760375550594e-07
13,merged_z_m0p028_dedup_filtered,25,0.0008888877928256989,-1.6569588368042787e-08,0.0008889043624140669,0.0008889043624140669,7.901509655187587e-07
13,merged_z_m0p028_dedup_filtered,26,0.0008166966727003455,-1.3542215349104936e-08,0.0008167102149156946,0.0008167102149156946,6.670155751476401e-07
13,merged_z_m0p028_dedup_filtered,27,0.0007696119137108326,-1.0667145389220423e-08,0.0007696225808562218,0.0007696225808562218,5.923189169637917e-07
13,merged_z_m0p028_dedup_filtered,28,0.0007527857087552547,-7.969680915209665e-09,0.00075279367843617,0.00075279367843617,5.666983222934596e-07
13,merged_z_m0p028_dedup_filtered,29,0.005368474870920181,9.47217849898152e-05,0.005273753085930366,0.005273753085930366,2.781247161136006e-05
13,merged_z_m0p028_dedup_filtered,30,0.013408835045993328,0.00021143874619156122,0.013197396299801767,0.013197396299801767,0.00017417126909402135
13,merged_z_m0p028_dedup_filtered,31,0.012475844472646713,0.00025207229191437364,0.01222377218073234,0.01222377218073234,0.00014942060632644585
13,merged_z_m0p028_dedup_filtered,32,0.01613137312233448,0.00037894511478953063,0.01575242800754495,0.01575242800754495,0.00024813898813288657
13,merged_z_m0p028_dedup_filtered,33,0.013067282736301422,-0.0005682167829945683,0.01363549951929599,0.01363549951929599,0.00018592684714072117
13,merged_z_m0p028_dedup_filtered,34,0.01070124190300703,0.0004891888820566237,0.010212053020950407,0.010212053020950407,0.00010428602690270233
13,merged_z_m0p028_dedup_filtered,35,0.008498024195432663,0.0003336321096867323,0.00816439208574593,0.00816439208574593,6.665729812979079e-05
13,merged_z_m0p028_dedup_filtered,36,0.0059252395294606686,0.00037446481292136014,0.005550774716539308,0.005550774716539308,3.081109995377204e-05
13,merged_z_m0p028_dedup_filtered,37,0.003337583038955927,0.0004153090703766793,0.0029222739685792476,0.0029222739685792476,8.539685147435905e-06
13,merged_z_m0p028_dedup_filtered,38,0.003084331750869751,0.0006241575465537608,0.00246017420431599,0.00246017420431599,6.0524571155818155e-06
13,merged_z_m0p028_dedup_filtered,39,0.0009998700115829706,0.0004561584210023284,0.0005437115905806422,0.0005437115905806422,2.956222937317319e-07
13,merged_z_m0p028_dedup_filtered,40,-0.0008790763095021248,0.0004970102454535663,-0.001376086554955691,0.001376086554955691,1.8936142067298223e-06
13,merged_z_m0p028_dedup_filtered,41,-0.002170001622289419,0.0005378634086810052,-0.0027078650309704244,0.0027078650309704244,7.3325330259524576e-06
13,merged_z_m0p028_dedup_filtered,42,-0.002832250902429223,0.0005787170375697315,-0.0034109679399989545,0.0034109679399989545,1.1634702287700712e-05
13,merged_z_m0p028_dedup_filtered,43,-0.0029078638181090355,0.0006195716559886932,-0.0035274354740977287,0.0035274354740977287,1.2442801023923068e-05
13,merged_z_m0p028_dedup_filtered,44,-0.002503317315131426,0.0006604263326153159,-0.0031637436477467418,0.0031637436477467418,1.000927386865786e-05
13,merged_z_m0p028_dedup_filtered,45,-0.0017635226249694824,0.0007012812420725822,-0.0024648038670420647,0.0024648038670420647,6.075258102985516e-06
13,merged_z_m0p028_dedup_filtered,46,-0.000843813584651798,0.0007421369664371014,-0.0015859505510888994,0.0015859505510888994,2.5152391504991836e-06
13,merged_z_m0p028_dedup_filtered,47,0.00011455470666987821,0.0007829946698620915,-0.0006684399631922133,0.0006684399631922133,4.468119843924075e-07
13,merged_z_m0p028_dedup_filtered,48,0.0010011793347075582,0.0008238583686761558,0.00017732096603140235,0.00017732096603140235,3.1442724994309746e-08
13,merged_z_m0p028_dedup_filtered,49,0.001743482192978263,0.0008647360373288393,0.0008787461556494236,0.0008787461556494236,7.72194806068641e-07
13,merged_z_m0p028_dedup_filtered,50,0.002304207533597946,0.0009056436247192323,0.0013985639088787138,0.0013985639088787138,1.9559810072181074e-06
13,merged_z_m0p028_dedup_filtered,51,0.002671961672604084,0.0009466128540225327,0.0017253488185815513,0.0017253488185815513,2.976828545780755e-06
13,merged_z_m0p028_dedup_filtered,52,0.0028486973606050014,0.0009877001866698265,0.001860997173935175,0.001860997173935175,3.4633104813947078e-06
13,merged_z_m0p028_dedup_filtered,53,-0.0024430565536022186,0.0014846447156742215,-0.00392770126927644,0.00392770126927644,1.542683726067576e-05
13,merged_z_m0p028_dedup_filtered,54,-0.0011650108499452472,0.0013856397708877921,-0.0025506506208330393,0.0025506506208330393,6.505818589555969e-06
13,merged_z_m0p028_dedup_filtered,55,0.002733867149800062,0.00046105115325190127,0.002272815996548161,0.002272815996548161,5.16569255416521e-06
13,merged_z_m0p028_dedup_filtered,56,0.004090234637260437,0.0004815375432372093,0.0036086970940232277,0.0036086970940232277,1.3022694716411688e-05
13,merged_z_m0p028_dedup_filtered,57,0.004595381207764149,0.0005020664539188147,0.004093314753845334,0.004093314753845334,1.6755225674047888e-05
13,merged_z_m0p028_dedup_filtered,58,-0.010082717053592205,-8.765365322460639e-08,-0.01008262939993898,0.01008262939993898,0.00010165941561651388
13,merged_z_m0p028_dedup_filtered,59,-0.00966333132237196,-8.278884422452393e-08,-0.009663248533527735,0.009663248533527735,9.337837222072592e-05
13,merged_z_m0p028_dedup_filtered,60,-0.00885025504976511,-7.802069035278691e-08,-0.008850177029074757,0.008850177029074757,7.832563344596249e-05
13,merged_z_m0p028_dedup_filtered,61,-0.007721549831330776,-7.334247698054241e-08,-0.007721476488853796,0.007721476488853796,5.962119916792194e-05
13,merged_z_m0p028_dedup_filtered,62,-0.006381456274539232,-6.88823433847574e-08,-0.0063813873921958475,0.0063813873921958475,4.0722105049276116e-05
13,merged_z_m0p028_dedup_filtered,63,-0.004946475848555565,-6.451631406889646e-08,-0.004946411332241496,0.004946411332241496,2.446698506772709e-05
13,merged_z_m0p028_dedup_filtered,64,-0.0035305845085531473,-6.008493613762766e-08,-0.0035305244236170097,0.0035305244236170097,1.2464602705756218e-05
13,merged_z_m0p028_dedup_filtered,65,-0.0022319022100418806,-5.5533046605660275e-08,-0.002231846676995275,0.002231846676995275,4.981139589614851e-06
13,merged_z_m0p028_dedup_filtered,66,-0.0011228220537304878,-5.0840792908957155e-08,-0.0011227712129375789,0.0011227712129375789,1.2606151966013221e-06
13,merged_z_m0p028_dedup_filtered,67,0.0070074801333248615,-0.0003287561412435025,0.007336236274568364,0.007336236274568364,5.382036267629271e-05
13,merged_z_m0p028_dedup_filtered,68,0.005496557801961899,-0.0003491897659841925,0.005845747567946091,0.005845747567946091,3.417276462814764e-05
13,merged_z_m0p028_dedup_filtered,69,0.0025206515565514565,-0.00036962368176318705,0.0028902752383146435,0.0028902752383146435,8.353690953214768e-06
13,merged_z_m0p028_dedup_filtered,70,-0.0017464328557252884,-0.00039005829603411257,-0.0013563745596911758,0.0013563745596911758,1.839751946177431e-06
13,merged_z_m0p028_dedup_filtered,71,-0.006880264263600111,-0.00041049456922337413,-0.006469769694376737,0.006469769694376737,4.185791989827565e-05
13,merged_z_m0p028_dedup_filtered,72,-0.012262106873095036,-0.00043093538261018693,-0.011831171490484849,0.011831171490484849,0.00013997661883726148
13,merged_z_m0p028_dedup_filtered,73,-0.017176445573568344,-0.00045138722634874284,-0.0167250583472196,0.0167250583472196,0.00027972757671790007
13,merged_z_m0p028_dedup_filtered,74,-0.02093183808028698,-0.000471863808343187,-0.020459974271943793,0.020459974271943793,0.0004186105472086019
13,merged_z_m0p028_dedup_filtered,75,-0.022981978952884674,-0.0004923840169794858,-0.02248959493590519,0.02248959493590519,0.0005057818803810923
13,merged_z_m0p028_dedup_filtered,76,-0.018131623044610023,-0.0009862297447398305,-0.017145393299870193,0.017145393299870193,0.0002939645114072337
13,merged_z_m0p028_dedup_filtered,77,-0.016419414430856705,-0.0009451392688788474,-0.015474275161977857,0.015474275161977857,0.00023945319178860484
13,merged_z_m0p028_dedup_filtered,78,0.0007538788486272097,0.0004405994259286672,0.0003132794226985425,0.0003132794226985425,9.814399668633205e-08
13,merged_z_m0p028_dedup_filtered,79,-0.0015212642028927803,0.0004201637639198452,-0.0019414279668126255,0.0019414279668126255,3.769142550322205e-06
13,merged_z_m0p028_dedup_filtered,80,-0.00372138898819685,0.0003997348539996892,-0.004121123842196539,0.004121123842196539,1.6983661722720764e-05
13,merged_z_m0p028_dedup_filtered,81,-0.0054998090490698814,0.00037930873804725707,-0.0058791177871171385,0.0058791177871171385,3.456402595479712e-05
13,merged_z_m0p028_dedup_filtered,82,-0.006591932848095894,0.00035888361162506044,-0.006950816459720954,0.006950816459720954,4.831384945672774e-05
13,merged_z_m0p028_dedup_filtered,83,-0.006856265477836132,0.0003384589799679816,-0.007194724457804114,0.007194724457804114,5.1764060023724693e-05
13,merged_z_m0p028_dedup_filtered,84,-0.006290616001933813,0.0003180345520377159,-0.006608650553971529,0.006608650553971529,4.36742621445082e-05
13,merged_z_m0p028_dedup_filtered,85,-0.005021535791456699,0.00029760986217297614,-0.0053191456536296755,0.0053191456536296755,2.8293310484527467e-05
13,merged_z_m0p028_dedup_filtered,86,-0.0032705029007047415,0.00027718511410057545,-0.003547688014805317,0.003547688014805317,1.258609025039329e-05
13,merged_z_m0p028_dedup_filtered,87,-0.00130500178784132,0.00025676030782051384,-0.0015617620956618339,0.0015617620956618339,2.439100843446043e-06
13,merged_z_m0p028_dedup_filtered,88,0.00061464385362342,0.00023633554519619793,0.0003783083084272221,0.0003783083084272221,1.4311717622506618e-07
13,merged_z_m0p028_dedup_filtered,89,0.0022814420517534018,0.0002159112336812541,0.0020655308180721477,0.0020655308180721477,4.266417560405795e-06
13,merged_z_m0p028_dedup_filtered,90,0.003571723587810993,0.0001954879699042067,0.0033762356179067865,0.0033762356179067865,1.139896694762242e-05
13,merged_z_m0p028_dedup_filtered,91,0.004453765228390694,0.0001750672236084938,0.0042786980047822,0.0042786980047822,1.8307256616127178e-05
13,merged_z_m0p028_dedup_filtered,92,0.004974826239049435,0.0001546525745652616,0.004820173664484173,0.004820173664484173,2.323407415578678e-05
13,merged_z_m0p028_dedup_filtered,93,0.005231287330389023,0.00013425250654108822,0.005097034823847935,0.005097034823847935,2.5979763995518545e-05
13,merged_z_m0p028_dedup_filtered,94,-7.46874138712883e-06,-0.0001346870994893834,0.00012721835810225457,0.00012721835810225457,1.618451063823348e-08
13,merged_z_m0p028_dedup_filtered,95,0.00032710516825318336,-0.00011431432358222082,0.0004414194918354042,0.0004414194918354042,1.9485116777222646e-07
13,merged_z_m0p028_dedup_filtered,96,0.0007750322110950947,-0.00023012967722024769,0.0010051618883153424,0.0010051618883153424,1.0103504217216648e-06
13,merged_z_m0p028_dedup_filtered,97,0.0008272170089185238,-0.00034439569571986794,0.0011716127046383917,0.0011716127046383917,1.3726763296700873e-06
13,merged_z_m0p028_dedup_filtered,98,0.0008668650407344103,-0.00040538940811529756,0.0012722544488497078,0.0012722544488497078,1.6186313826178739e-06
13,merged_z_m0p028_dedup_filtered,99,0.0005649961531162262,-0.0002708356478251517,0.0008358318009413779,0.0008358318009413779,6.986147994649071e-07
13,merged_z_m0p028_dedup_filtered,100,0.0003784568980336189,-0.000311625306494534,0.0006900822045281529,0.0006900822045281529,4.762134490064355e-07
13,merged_z_m0p028_dedup_filtered,101,0.0010008367244154215,-0.00046654770267196,0.0014673844270873815,0.0014673844270873815,2.1532170568585628e-06
13,merged_z_m0p028_dedup_filtered,102,0.001305134268477559,-0.0005277741001918912,0.0018329083686694503,0.0018329083686694503,3.3595530879385055e-06
13,merged_z_m0p028_dedup_filtered,103,0.00040570367127656937,-0.0003524541389197111,0.0007581578101962805,0.0007581578101962805,5.748032651616193e-07
13,merged_z_m0p028_dedup_filtered,104,0.0008218723814934492,-0.00039330110303126276,0.001215173484524712,0.001215173484524712,1.4766465974919304e-06
13,merged_z_m0p028_dedup_filtered,105,0.0018411425407975912,-0.0005890292231924832,0.0024301717639900744,0.0024301717639900744,5.90573480249463e-06
13,merged_z_m0p028_dedup_filtered,106,0.0026250523515045643,-0.0006503114709630609,0.003275363822467625,0.003275363822467625,1.0728008169529733e-05
13,merged_z_m0p028_dedup_filtered,107,0.001724237808957696,-0.000434155750554055,0.002158393559511751,0.002158393559511751,4.658662757741806e-06
13,merged_z_m0p028_dedup_filtered,108,0.0005741515196859837,-0.0033861941192299128,0.003960345638915896,0.003960345638915896,1.568433757968016e-05
13,merged_z_m0p028_dedup_filtered,109,-0.0002758640330284834,-0.000195943663129583,-7.992036989890039e-05,7.992036989890039e-05,6.3872655247770635e-09
13,merged_z_m0p028_dedup_filtered,110,-0.0005380399525165558,-0.00017551530618220568,-0.0003625246463343501,0.0003625246463343501,1.3142411919984563e-07
13,merged_z_m0p028_dedup_filtered,111,-0.00037422357127070427,-0.0001550936867715791,-0.00021912988449912518,0.00021912988449912518,4.801790628059994e-08
13,merged_z_m0p028_dedup_filtered,112,0.0008642268367111683,-0.00018960496527142823,0.0010538318019825965,0.0010538318019825965,1.1105614668698865e-06
13,merged_z_m0p028_dedup_filtered,113,0.003084201365709305,-0.00047501467633992434,0.003559216042049229,0.003559216042049229,1.266801883398058e-05
13,merged_z_m0p028_dedup_filtered,114,0.003605448640882969,-0.0007115888292901218,0.004317037470173091,0.004317037470173091,1.863681251887848e-05
13,merged_z_m0p028_dedup_filtered,115,0.004655994940549135,-0.0007728756172582507,0.005428870557807386,0.005428870557807386,2.9472635533427878e-05
13,merged_z_m0p028_dedup_filtered,116,0.004727212246507406,-0.0005158754647709429,0.005243087711278349,0.005243087711278349,2.7489968748158038e-05
13,merged_z_m0p028_dedup_filtered,117,0.006347880698740482,-0.0005567368352785707,0.006904617534019053,0.006904617534019053,4.767374329108335e-05
13,merged_z_m0p028_dedup_filtered,118,0.0055867633782327175,-0.0008341713109984994,0.006420934689231217,0.006420934689231217,4.1228402283372784e-05
13,merged_z_m0p028_dedup_filtered,119,0.00617351196706295,-0.0008954599034041166,0.007068971870467067,0.007068971870467067,4.997036330545466e-05
13,merged_z_m0p028_dedup_filtered,120,0.005425837356597185,-0.00027767239953391254,0.005703509756131098,0.005703509756131098,3.253002353828261e-05
13,merged_z_m0p028_dedup_filtered,121,0.0036619841121137142,-0.00025723950238898396,0.003919223614502698,0.003919223614502698,1.5360313740475594e-05
13,merged_z_m0p028_dedup_filtered,122,-0.001047191210091114,0.000771452090702951,-0.001818643300794065,0.001818643300794065,3.307463455523132e-06
13,merged_z_m0p028_dedup_filtered,123,-0.0009212554432451725,0.0008390358416363597,-0.0017602912848815322,0.0017602912848815322,3.0986254076298755e-06
13,merged_z_m0p028_dedup_filtered,124,0.0012457194970920682,0.0009618177427910268,0.00028390175430104136,0.00028390175430104136,8.060020609520886e-08
13,merged_z_m0p028_dedup_filtered,125,0.0030896440148353577,0.0010490822605788708,0.002040561754256487,0.002040561754256487,4.163892272934311e-06
13,merged_z_m0p028_dedup_filtered,126,0.00327224750071764,-0.015685198828577995,0.018957446329295635,0.018957446329295635,0.00035938477132812455
13,merged_z_m0p028_dedup_filtered,127,0.0027111899107694626,0.0011778248008340597,0.0015333651099354029,0.0015333651099354029,2.35120856036721e-06
14,merged_z_m0p030_dedup_filtered,0,-0.010829261504113674,-0.001447714283131063,-0.009381547220982611,0.009381547220982611,8.801342825952655e-05
14,merged_z_m0p030_dedup_filtered,1,-0.00924663431942463,-0.001375006278976798,-0.007871628040447831,0.007871628040447831,6.196252800716456e-05
14,merged_z_m0p030_dedup_filtered,2,-0.00684091541916132,-0.0013246310409158468,-0.005516284378245473,0.005516284378245473,3.0429393341675044e-05
14,merged_z_m0p030_dedup_filtered,3,-0.011209683492779732,-0.0008837009663693607,-0.010325982526410371,0.010325982526410371,0.0001066259151357323
14,merged_z_m0p030_dedup_filtered,4,-0.0066975695081055164,-0.0008428021101281047,-0.005854767397977412,0.005854767397977412,3.427830128441919e-05
14,merged_z_m0p030_dedup_filtered,5,-0.00395185174420476,-0.001263270853087306,-0.0026885808911174536,0.0026885808911174536,7.228467208081921e-06
14,merged_z_m0p030_dedup_filtered,6,-0.0009483172325417399,-0.0012019394198432565,0.00025362218730151653,0.00025362218730151653,6.432421389160553e-08
14,merged_z_m0p030_dedup_filtered,7,-0.0020709680393338203,-0.0008019231609068811,-0.0012690448784269392,0.0012690448784269392,1.610474903461645e-06
14,merged_z_m0p030_dedup_filtered,8,0.0020775222219526768,-0.0007610530010424554,0.002838575222995132,0.002838575222995132,8.057509296601865e-06
14,merged_z_m0p030_dedup_filtered,9,0.0018070766236633062,-0.0011406324338167906,0.002947709057480097,0.002947709057480097,8.6889886875502e-06
14,merged_z_m0p030_dedup_filtered,10,0.004019442945718765,-0.0010793345281854272,0.0050987774739041924,0.0050987774739041924,2.5997531728392818e-05
14,merged_z_m0p030_dedup_filtered,11,0.005279598757624626,-0.0007201872649602592,0.005999786022584885,0.005999786022584885,3.5997432316804955e-05
14,merged_z_m0p030_dedup_filtered,12,0.007260452955961227,-0.0006793235661461949,0.007939776522107422,0.007939776522107422,6.304005122100824e-05
14,merged_z_m0p030_dedup_filtered,13,0.005502793937921524,-0.0010180397657677531,0.006520833703689277,0.006520833703689277,4.2521272191170016e-05
14,merged_z_m0p030_dedup_filtered,14,0.006199249532073736,-0.0009567463421262801,0.007155995874200016,0.007155995874200016,5.120827695156765e-05
14,merged_z_m0p030_dedup_filtered,15,0.007968226447701454,-0.000638460973277688,0.008606687420979142,0.008606687420979142,7.40750683624406e-05
14,merged_z_m0p030_dedup_filtered,16,0.007560018915683031,-0.0005975988460704684,0.0081576177617535,0.0081576177617535,6.654672754687618e-05
14,merged_z_m0p030_dedup_filtered,17,0.006790674291551113,-0.009335696697235107,0.01612637098878622,0.01612637098878622,0.00026005984126796586
14,merged_z_m0p030_dedup_filtered,18,0.00010217120870947838,-4.381816864906796e-08,0.00010221502687812745,0.00010221502687812745,1.0447911719696315e-08
14,merged_z_m0p030_dedup_filtered,19,0.0006238839123398066,-3.940547443903597e-08,0.0006239233178142456,0.0006239233178142456,3.8928030651233614e-07
14,merged_z_m0p030_dedup_filtered,20,0.0009365230798721313,-3.528859693346931e-08,0.0009365583684690648,0.0009365583684690648,8.771415775494366e-07
14,merged_z_m0p030_dedup_filtered,21,0.0010820607421919703,-3.133590809056841e-08,0.001082092078100061,0.001082092078100061,1.1709232654869083e-06
14,merged_z_m0p030_dedup_filtered,22,0.0011084681609645486,-2.7436634297828277e-08,0.0011084955975988464,0.0011084955975988464,1.2287624898960236e-06
14,merged_z_m0p030_dedup_filtered,23,0.0010619311360642314,-2.3607100274603e-08,0.001061954743164506,0.001061954743164506,1.127747876529592e-06
14,merged_z_m0p030_dedup_filtered,24,0.0009813769720494747,-1.99208045614796e-08,0.0009813968928540362,0.0009813968928540362,9.631398613035565e-07
14,merged_z_m0p030_dedup_filtered,25,0.0008958115940913558,-1.6569588368042787e-08,0.0008958281636797238,0.0008958281636797238,8.025080988417861e-07
14,merged_z_m0p030_dedup_filtered,26,0.0008242701878771186,-1.3542215349104936e-08,0.0008242837300924677,0.0008242837300924677,6.794436676951521e-07
14,merged_z_m0p030_dedup_filtered,27,0.0007775919511914253,-1.0667145389220423e-08,0.0007776026183368145,0.0007776026183368145,6.046658320442697e-07
14,merged_z_m0p030_dedup_filtered,28,0.0007609096355736256,-7.969680915209665e-09,0.0007609176052545408,0.0007609176052545408,5.789956019863052e-07
14,merged_z_m0p030_dedup_filtered,29,0.005376550368964672,9.47217849898152e-05,0.005281828583974857,0.005281828583974857,2.7897713190493842e-05
14,merged_z_m0p030_dedup_filtered,30,0.013416940346360207,0.00021143874619156122,0.013205501600168645,0.013205501600168645,0.00017438527251205664
14,merged_z_m0p030_dedup_filtered,31,0.012483293190598488,0.00025207229191437364,0.012231220898684114,0.012231220898684114,0.00014960276467240703
14,merged_z_m0p030_dedup_filtered,32,0.016138825565576553,0.00037894511478953063,0.015759880450787023,0.015759880450787023,0.000248373831823099
14,merged_z_m0p030_dedup_filtered,33,0.013073595240712166,-0.0006088036461733282,0.013682398886885494,0.013682398886885494,0.0001872080392998454
14,merged_z_m0p030_dedup_filtered,34,0.010706069879233837,0.0004891888820566237,0.010216880997177213,0.010216880997177213,0.00010438465731048085
14,merged_z_m0p030_dedup_filtered,35,0.008502737618982792,0.0003336321096867323,0.00816910550929606,0.00816910550929606,6.673428482201123e-05
14,merged_z_m0p030_dedup_filtered,36,0.00592824537307024,0.00037446481292136014,0.00555378056014888,0.00555378056014888,3.0844478510287605e-05
14,merged_z_m0p030_dedup_filtered,37,0.003338930429890752,0.0004153090703766793,0.0029236213595140725,0.0029236213595140725,8.547561853806913e-06
14,merged_z_m0p030_dedup_filtered,38,0.0030852728523314,0.0006241575465537608,0.002461115305777639,0.002461115305777639,6.057088548332962e-06
14,merged_z_m0p030_dedup_filtered,39,0.0009997820015996695,0.0004561584210023284,0.0005436235805973411,0.0005436235805973411,2.9552659738147377e-07
14,merged_z_m0p030_dedup_filtered,40,-0.0008802660740911961,0.0004970102454535663,-0.0013772763195447624,0.0013772763195447624,1.8968900603787664e-06
14,merged_z_m0p030_dedup_filtered,41,-0.0021719271317124367,0.0005378634086810052,-0.002709790540393442,0.002709790540393442,7.342964772805782e-06
14,merged_z_m0p030_dedup_filtered,42,-0.0028345901519060135,0.0005787170375697315,-0.003413307189475745,0.003413307189475745,1.1650665969726809e-05
14,merged_z_m0p030_dedup_filtered,43,-0.002910399343818426,0.0006195716559886932,-0.0035299709998071194,0.0035299709998071194,1.2460695259479274e-05
14,merged_z_m0p030_dedup_filtered,44,-0.0025059639010578394,0.0006604263326153159,-0.0031663902336731553,0.0031663902336731553,1.0026027111900739e-05
14,merged_z_m0p030_dedup_filtered,45,-0.0017663275357335806,0.0007012812420725822,-0.002467608777806163,0.002467608777806163,6.089093080306025e-06
14,merged_z_m0p030_dedup_filtered,46,-0.000846919952891767,0.0007421369664371014,-0.0015890569193288684,0.0015890569193288684,2.5251018928669537e-06
14,merged_z_m0p030_dedup_filtered,47,0.00011096164962509647,0.0007829946698620915,-0.0006720330202369951,0.0006720330202369951,4.5162838028885743e-07
14,merged_z_m0p030_dedup_filtered,48,0.0009969370439648628,0.0008238583686761558,0.00017307867528870702,0.00017307867528870702,2.995622783969368e-08
14,merged_z_m0p030_dedup_filtered,49,0.0017385061364620924,0.0008647360373288393,0.0008737700991332531,0.0008737700991332531,7.634741861393349e-07
14,merged_z_m0p030_dedup_filtered,50,0.002298528328537941,0.0009056436247192323,0.0013928847038187087,0.0013928847038187087,1.9401277981321317e-06
14,merged_z_m0p030_dedup_filtered,51,0.0026657329872250557,0.0009466128540225327,0.001719120133202523,0.001719120133202523,2.9553740323822604e-06
14,merged_z_m0p030_dedup_filtered,52,0.0028421757742762566,0.0009877001866698265,0.00185447558760643,0.00185447558760643,3.439079705028214e-06
14,merged_z_m0p030_dedup_filtered,53,-0.002449687337502837,0.0014846447156742215,-0.003934332053177059,0.003934332053177059,1.547896870465641e-05
14,merged_z_m0p030_dedup_filtered,54,-0.0011709160171449184,0.0013856397708877921,-0.0025565557880327106,0.0025565557880327106,6.535977497323554e-06
14,merged_z_m0p030_dedup_filtered,55,0.0027278191410005093,0.00046105115325190127,0.002266767987748608,0.002266767987748608,5.1382371102818734e-06
14,merged_z_m0p030_dedup_filtered,56,0.00408394169062376,0.0004815375432372093,0.003602404147386551,0.003602404147386551,1.2977315641107823e-05
14,merged_z_m0p030_dedup_filtered,57,0.004588997922837734,0.0005020664539188147,0.0040869314689189196,0.0040869314689189196,1.6703008831639758e-05
14,merged_z_m0p030_dedup_filtered,58,-0.01008906215429306,-8.765365322460639e-08,-0.010088974500639836,0.010088974500639836,0.00010178740647456082
14,merged_z_m0p030_dedup_filtered,59,-0.009669588878750801,-8.278884422452393e-08,-0.009669506089906577,0.009669506089906577,9.349934802274037e-05
14,merged_z_m0p030_dedup_filtered,60,-0.008856331929564476,-7.802069035278691e-08,-0.008856253908874123,0.008856253908874123,7.843323329844819e-05
14,merged_z_m0p030_dedup_filtered,61,-0.007727345917373896,-7.334247698054241e-08,-0.007727272574896915,0.007727272574896915,5.9710741446754e-05
14,merged_z_m0p030_dedup_filtered,62,-0.006386860273778439,-6.88823433847574e-08,-0.006386791391435054,0.006386791391435054,4.0791104277708914e-05
14,merged_z_m0p030_dedup_filtered,63,-0.00495136808604002,-6.451631406889646e-08,-0.004951303569725951,0.004951303569725951,2.4515407039580947e-05
14,merged_z_m0p030_dedup_filtered,64,-0.0035348371602594852,-6.008493613762766e-08,-0.0035347770753233476,0.0035347770753233476,1.249464897223148e-05
14,merged_z_m0p030_dedup_filtered,65,-0.0022353832609951496,-5.5533046605660275e-08,-0.002235327727948544,0.002235327727948544,4.9966900513356e-06
14,merged_z_m0p030_dedup_filtered,66,-0.0011253999546170235,-5.0840792908957155e-08,-0.0011253491138241145,0.0011253491138241145,1.2664106279847198e-06
14,merged_z_m0p030_dedup_filtered,67,0.007005931343883276,-0.0003287561412435025,0.0073346874851267785,0.0073346874851267785,5.3797640504475385e-05
14,merged_z_m0p030_dedup_filtered,68,0.005493870936334133,-0.0003491897659841925,0.005843060702318326,0.005843060702318326,3.4141358370976724e-05
14,merged_z_m0p030_dedup_filtered,69,0.002516966313123703,-0.00036962368176318705,0.00288658999488689,0.00288658999488689,8.332401798581095e-06
14,merged_z_m0p030_dedup_filtered,70,-0.001750953495502472,-0.00039005829603411257,-0.0013608951994683594,0.0013608951994683594,1.8520357439360256e-06
14,merged_z_m0p030_dedup_filtered,71,-0.006885451264679432,-0.00041049456922337413,-0.006474956695456058,0.006474956695456058,4.192506420803123e-05
14,merged_z_m0p030_dedup_filtered,72,-0.012267795391380787,-0.00043093538261018693,-0.0118368600087706,0.0118368600087706,0.00014011125486723273
14,merged_z_m0p030_dedup_filtered,73,-0.0171824861317873,-0.00045138722634874284,-0.016731098905438557,0.016731098905438557,0.0002799296705835673
14,merged_z_m0p030_dedup_filtered,74,-0.020938100293278694,-0.000471863808343187,-0.020466236484935507,0.020466236484935507,0.0004188668358573053
14,merged_z_m0p030_dedup_filtered,75,-0.022988349199295044,-0.0004923840169794858,-0.022495965182315558,0.022495965182315558,0.0005060684494839539
14,merged_z_m0p030_dedup_filtered,76,-0.018137942999601364,-0.0009862297447398305,-0.017151713254861534,0.017151713254861534,0.0002941812675769928
14,merged_z_m0p030_dedup_filtered,77,-0.016425594687461853,-0.0009451392688788474,-0.015480455418583006,0.015480455418583006,0.00023964449996673594
14,merged_z_m0p030_dedup_filtered,78,0.0007481980137526989,0.0004405994259286672,0.0003075985878240317,0.0003075985878240317,9.461689123133855e-08
14,merged_z_m0p030_dedup_filtered,79,-0.0015265000984072685,0.0004201637639198452,-0.0019466638623271137,0.0019466638623271137,3.789500192890316e-06
14,merged_z_m0p030_dedup_filtered,80,-0.0037261475808918476,0.0003997348539996892,-0.004125882434891537,0.004125882434891537,1.7022905866546516e-05
14,merged_z_m0p030_dedup_filtered,81,-0.0055040884763002396,0.00037930873804725707,-0.005883397214347497,0.005883397214347497,3.461436278179188e-05
14,merged_z_m0p030_dedup_filtered,82,-0.006595742888748646,0.00035888361162506044,-0.006954626500373706,0.006954626500373706,4.8366829759700224e-05
14,merged_z_m0p030_dedup_filtered,83,-0.006859598681330681,0.0003384589799679816,-0.007198057661298662,0.007198057661298662,5.1812034095380366e-05
14,merged_z_m0p030_dedup_filtered,84,-0.006293426733464003,0.0003180345520377159,-0.0066114612855017185,0.0066114612855017185,4.3711420329688036e-05
14,merged_z_m0p030_dedup_filtered,85,-0.00502372533082962,0.00029760986217297614,-0.0053213351930025965,0.0053213351930025965,2.831660823628798e-05
14,merged_z_m0p030_dedup_filtered,86,-0.003271919908002019,0.00027718511410057545,-0.0035491050221025944,0.0035491050221025944,1.2596146457913857e-05
14,merged_z_m0p030_dedup_filtered,87,-0.001305455807596445,0.00025676030782051384,-0.001562216115416959,0.001562216115416959,2.440519191268453e-06
14,merged_z_m0p030_dedup_filtered,88,0.0006153523572720587,0.00023633554519619793,0.0003790168120758608,0.0003790168120758608,1.4365374383614838e-07
14,merged_z_m0p030_dedup_filtered,89,0.0022834811825305223,0.0002159112336812541,0.0020675699488492683,0.0020675699488492683,4.2748454933845655e-06
14,merged_z_m0p030_dedup_filtered,90,0.0035751918330788612,0.0001954879699042067,0.0033797038631746545,0.0033797038631746545,1.1422398202757684e-05
14,merged_z_m0p030_dedup_filtered,91,0.004458654671907425,0.0001750672236084938,0.004283587448298931,0.004283587448298931,1.8349121427224148e-05
14,merged_z_m0p030_dedup_filtered,92,0.004981003701686859,0.0001546525745652616,0.0048263511271215975,0.0048263511271215975,2.3293665202267915e-05
14,merged_z_m0p030_dedup_filtered,93,0.005238492041826248,0.00013425250654108822,0.00510423953528516,0.00510423953528516,2.6053261233568065e-05
14,merged_z_m0p030_dedup_filtered,94,5.466863512992859e-07,-0.0001346870994893834,0.00013523378584068269,0.00013523378584068269,1.828817683280363e-08
14,merged_z_m0p030_dedup_filtered,95,0.00033537251874804497,-0.00011431432358222082,0.0004496868423302658,0.0004496868423302658,2.0221825616496532e-07
14,merged_z_m0p030_dedup_filtered,96,0.0007835077121853828,-0.00023012967722024769,0.0010136373894056305,0.0010136373894056305,1.0274607572010619e-06
14,merged_z_m0p030_dedup_filtered,97,0.0008357646875083447,-0.00034439569571986794,0.0011801603832282126,0.0011801603832282126,1.3927785301413616e-06
14,merged_z_m0p030_dedup_filtered,98,0.0008750802371650934,-0.00040538940811529756,0.001280469645280391,0.001280469645280391,1.6396025124844903e-06
14,merged_z_m0p030_dedup_filtered,99,0.0005731834098696709,-0.0002708356478251517,0.0008440190576948225,0.0008440190576948225,7.123681697520562e-07
14,merged_z_m0p030_dedup_filtered,100,0.000386169645935297,-0.000311625306494534,0.000697794952429831,0.000697794952429831,4.869177956365501e-07
14,merged_z_m0p030_dedup_filtered,101,0.0010085110552608967,-0.00046654770267196,0.0014750587579328567,0.0014750587579328567,2.175798339354422e-06
14,merged_z_m0p030_dedup_filtered,102,0.0013120821677148342,-0.0005277741001918912,0.0018398562679067254,0.0018398562679067254,3.385071086555664e-06
14,merged_z_m0p030_dedup_filtered,103,0.0004127644933760166,-0.0003524541389197111,0.0007652186322957277,0.0007652186322957277,5.855595552125442e-07
14,merged_z_m0p030_dedup_filtered,104,0.000828116200864315,-0.00039330110303126276,0.0012214173038955778,0.0012214173038955778,1.4918602302555422e-06
14,merged_z_m0p030_dedup_filtered,105,0.001847206149250269,-0.0005890292231924832,0.002436235372442752,0.002436235372442752,5.935242789941275e-06
14,merged_z_m0p030_dedup_filtered,106,0.002630105707794428,-0.0006503114709630609,0.0032804171787574887,0.0032804171787574887,1.0761136866687242e-05
14,merged_z_m0p030_dedup_filtered,107,0.0017295196885243058,-0.000434155750554055,0.002163675439078361,0.002163675439078361,4.681491405670937e-06
14,merged_z_m0p030_dedup_filtered,108,0.0005793800810351968,-0.003628064878284931,0.004207444959320128,0.004207444959320128,1.7702593085708353e-05
14,merged_z_m0p030_dedup_filtered,109,-0.0002696614246815443,-0.000195943663129583,-7.37177615519613e-05,7.37177615519613e-05,5.434308368231824e-09
14,merged_z_m0p030_dedup_filtered,110,-0.000531054800376296,-0.00017551530618220568,-0.00035553949419409037,0.00035553949419409037,1.2640833193178962e-07
14,merged_z_m0p030_dedup_filtered,111,-0.00036663468927145004,-0.0001550936867715791,-0.00021154100249987096,0.00021154100249987096,4.474959573865041e-08
14,merged_z_m0p030_dedup_filtered,112,0.0008728001266717911,-0.00018960496527142823,0.0010624050919432193,0.0010624050919432193,1.1287045793868803e-06
14,merged_z_m0p030_dedup_filtered,113,0.0030884002335369587,-0.00047501467633992434,0.003563414909876883,0.003563414909876883,1.2697925819932874e-05
14,merged_z_m0p030_dedup_filtered,114,0.003609399776905775,-0.0007115888292901218,0.004320988606195897,0.004320988606195897,1.867094253487476e-05
14,merged_z_m0p030_dedup_filtered,115,0.004658788442611694,-0.0007728756172582507,0.005431664059869945,0.005431664059869945,2.9502974459282854e-05
14,merged_z_m0p030_dedup_filtered,116,0.0047302404418587685,-0.0005158754647709429,0.005246115906629711,0.005246115906629711,2.752173210579328e-05
14,merged_z_m0p030_dedup_filtered,117,0.006349685601890087,-0.0005567368352785707,0.006906422437168658,0.006906422437168658,4.769867088062666e-05
14,merged_z_m0p030_dedup_filtered,118,0.0055883764289319515,-0.0008341713109984994,0.006422547739930451,0.006422547739930451,4.124911947168574e-05
14,merged_z_m0p030_dedup_filtered,119,0.006173953413963318,-0.0008954599034041166,0.0070694133173674345,0.0070694133173674345,4.9976604651772035e-05
14,merged_z_m0p030_dedup_filtered,120,0.005427489057183266,-0.00027767239953391254,0.005705161456717178,0.005705161456717178,3.2548867247211274e-05
14,merged_z_m0p030_dedup_filtered,121,0.0036649233661592007,-0.00025723950238898396,0.003922162868548185,0.003922162868548185,1.5383361567418124e-05
14,merged_z_m0p030_dedup_filtered,122,-0.0010489537380635738,0.000771452090702951,-0.0018204058287665248,0.0018204058287665248,3.313877381407138e-06
14,merged_z_m0p030_dedup_filtered,123,-0.000923454761505127,0.0008390358416363597,-0.0017624906031414866,0.0017624906031414866,3.1063731261620414e-06
14,merged_z_m0p030_dedup_filtered,124,0.0012435015523806214,0.0009618177427910268,0.0002816838095895946,0.0002816838095895946,7.934576858490699e-08
14,merged_z_m0p030_dedup_filtered,125,0.0030873173382133245,0.0010490822605788708,0.0020382350776344538,0.0020382350776344538,4.154402231699528e-06
14,merged_z_m0p030_dedup_filtered,126,0.003269538749009371,-0.01680556870996952,0.02007510745897889,0.02007510745897889,0.0004030099394895499
14,merged_z_m0p030_dedup_filtered,127,0.0027078306302428246,0.0011778248008340597,0.0015300058294087648,0.0015300058294087648,2.3409178380248024e-06
15,merged_z_m0p032_dedup_filtered,0,-0.010835477150976658,-0.001447714283131063,-0.009387762867845595,0.009387762867845595,8.813009166290055e-05
15,merged_z_m0p032_dedup_filtered,1,-0.009252622723579407,-0.001375006278976798,-0.007877616444602609,0.007877616444602609,6.205684084827345e-05
15,merged_z_m0p032_dedup_filtered,2,-0.006846529431641102,-0.0013246310409158468,-0.005521898390725255,0.005521898390725255,3.049136183749416e-05
15,merged_z_m0p032_dedup_filtered,3,-0.011215398088097572,-0.0008837009663693607,-0.010331697121728212,0.010331697121728212,0.00010674396541512701
15,merged_z_m0p032_dedup_filtered,4,-0.006702783517539501,-0.0008428021101281047,-0.0058599814074113965,0.0058599814074113965,3.433938209520725e-05
15,merged_z_m0p032_dedup_filtered,5,-0.003956948406994343,-0.001263270853087306,-0.0026936775539070368,0.0026936775539070368,7.255898764422597e-06
15,merged_z_m0p032_dedup_filtered,6,-0.0009527604561299086,-0.0012019394198432565,0.0002491789637133479,0.0002491789637133479,6.209015595725796e-08
15,merged_z_m0p032_dedup_filtered,7,-0.0020755338482558727,-0.0008019231609068811,-0.0012736106873489916,0.0012736106873489916,1.622084182929571e-06
15,merged_z_m0p032_dedup_filtered,8,0.0020737498998641968,-0.0007610530010424554,0.002834802900906652,0.002834802900906652,8.03610748698877e-06
15,merged_z_m0p032_dedup_filtered,9,0.0018034122185781598,-0.0011406324338167906,0.0029440446523949504,0.0029440446523949504,8.667398915295304e-06
15,merged_z_m0p032_dedup_filtered,10,0.00401667132973671,-0.0010793345281854272,0.005096005857922137,0.005096005857922137,2.5969275703976733e-05
15,merged_z_m0p032_dedup_filtered,11,0.0052767563611269,-0.0007201872649602592,0.005996943626087159,0.005996943626087159,3.59633328544674e-05
15,merged_z_m0p032_dedup_filtered,12,0.007258660160005093,-0.0006793235661461949,0.007937983726151288,0.007937983726151288,6.301158563664268e-05
15,merged_z_m0p032_dedup_filtered,13,0.005501014646142721,-0.0010180397657677531,0.006519054411910474,0.006519054411910474,4.249807042544942e-05
15,merged_z_m0p032_dedup_filtered,14,0.006198543589562178,-0.0009567463421262801,0.007155289931688458,0.007155289931688458,5.119817400652221e-05
15,merged_z_m0p032_dedup_filtered,15,0.007967577315866947,-0.000638460973277688,0.008606038289144635,0.008606038289144635,7.406389503422352e-05
15,merged_z_m0p032_dedup_filtered,16,0.007560578640550375,-0.0005975988460704684,0.008158177486620843,0.008158177486620843,6.655585990320718e-05
15,merged_z_m0p032_dedup_filtered,17,0.0067909834906458855,-0.009958076290786266,0.016749059781432152,0.016749059781432152,0.00028053100356198804
15,merged_z_m0p032_dedup_filtered,18,0.00010117329657077789,-4.381816864906796e-08,0.00010121711473942696,0.00010121711473942696,1.0244904316174322e-08
15,merged_z_m0p032_dedup_filtered,19,0.0006240555085241795,-3.940547443903597e-08,0.0006240949139986185,0.0006240949139986185,3.8949446167894303e-07
15,merged_z_m0p032_dedup_filtered,20,0.0009379248949699104,-3.528859693346931e-08,0.0009379601835668439,0.0009379601835668439,8.797693059567474e-07
15,merged_z_m0p032_dedup_filtered,21,0.0010847134981304407,-3.133590809056841e-08,0.0010847448340385313,0.0010847448340385313,1.1766713549732808e-06
15,merged_z_m0p032_dedup_filtered,22,0.0011123477015644312,-2.7436634297828277e-08,0.001112375138198729,0.001112375138198729,1.2373784480826416e-06
15,merged_z_m0p032_dedup_filtered,23,0.001066964236088097,-2.3607100274603e-08,0.0010669878431883717,0.0010669878431883717,1.1384630575117732e-06
15,merged_z_m0p032_dedup_filtered,24,0.0009874404640868306,-1.99208045614796e-08,0.000987460384891392,0.000987460384891392,9.750780117298563e-07
15,merged_z_m0p032_dedup_filtered,25,0.0009027356281876564,-1.6569588368042787e-08,0.0009027521977760244,0.0009027521977760244,8.149615305894423e-07
15,merged_z_m0p032_dedup_filtered,26,0.000831843470223248,-1.3542215349104936e-08,0.0008318570124385971,0.0008318570124385971,6.919860891432683e-07
15,merged_z_m0p032_dedup_filtered,27,0.000785571988672018,-1.0667145389220423e-08,0.0007855826558174073,0.0007855826558174073,6.17140109121131e-07
15,merged_z_m0p032_dedup_filtered,28,0.0007690326310694218,-7.969680915209665e-09,0.000769040600750337,0.000769040600750337,5.914234456024391e-07
15,merged_z_m0p032_dedup_filtered,29,0.005384624004364014,9.47217849898152e-05,0.0052899022193741985,0.0052899022193741985,2.798306549054007e-05
15,merged_z_m0p032_dedup_filtered,30,0.013425047509372234,0.00021143874619156122,0.013213608763180673,0.013213608763180673,0.00017459945654640506
15,merged_z_m0p032_dedup_filtered,31,0.012490743771195412,0.00025207229191437364,0.012238671479281038,0.012238671479281038,0.0001497850795777671
15,merged_z_m0p032_dedup_filtered,32,0.016146283596754074,0.00037894511478953063,0.015767338481964543,0.015767338481964543,0.00024860896280483997
15,merged_z_m0p032_dedup_filtered,33,0.013079909607768059,-0.0006493905675597489,0.013729300175327808,0.013729300175327808,0.00018849368330425617
15,merged_z_m0p032_dedup_filtered,34,0.01071089692413807,0.0004891888820566237,0.010221708042081445,0.010221708042081445,0.0001044833152975525
15,merged_z_m0p032_dedup_filtered,35,0.00850745290517807,0.0003336321096867323,0.008173820795491338,0.008173820795491338,6.681134639680665e-05
15,merged_z_m0p032_dedup_filtered,36,0.0059312512166798115,0.00037446481292136014,0.005556786403758451,0.005556786403758451,3.087787513699478e-05
15,merged_z_m0p032_dedup_filtered,37,0.003340277587994933,0.0004153090703766793,0.002924968517618254,0.002924968517618254,8.555440829057924e-06
15,merged_z_m0p032_dedup_filtered,38,0.0030862092971801758,0.0006241575465537608,0.002462051750626415,0.002462051750626415,6.061698822762595e-06
15,merged_z_m0p032_dedup_filtered,39,0.0009996946901082993,0.0004561584210023284,0.0005435362691059709,0.0005435362691059709,2.9543167583363837e-07
15,merged_z_m0p032_dedup_filtered,40,-0.0008814539760351181,0.0004970102454535663,-0.0013784642214886844,0.0013784642214886844,1.9001636099244048e-06
15,merged_z_m0p032_dedup_filtered,41,-0.0021738491486757994,0.0005378634086810052,-0.0027117125573568046,0.0027117125573568046,7.353384993726581e-06
15,merged_z_m0p032_dedup_filtered,42,-0.002836925443261862,0.0005787170375697315,-0.0034156424808315933,0.0034156424808315933,1.1666613556861401e-05
15,merged_z_m0p032_dedup_filtered,43,-0.002912928117439151,0.0006195716559886932,-0.003532499773427844,0.003532499773427844,1.247855464926777e-05
15,merged_z_m0p032_dedup_filtered,44,-0.0025086028035730124,0.0006604263326153159,-0.0031690291361883283,0.0031690291361883283,1.0042745666010542e-05
15,merged_z_m0p032_dedup_filtered,45,-0.0017691231332719326,0.0007012812420725822,-0.002470404375344515,0.002470404375344515,6.102897777721323e-06
15,merged_z_m0p032_dedup_filtered,46,-0.0008500164840370417,0.0007421369664371014,-0.001592153450474143,0.001592153450474143,2.5349526098567194e-06
15,merged_z_m0p032_dedup_filtered,47,0.00010737866250565276,0.0007829946698620915,-0.0006756160073564388,0.0006756160073564388,4.5645698939625555e-07
15,merged_z_m0p032_dedup_filtered,48,0.0009927039500325918,0.0008238583686761558,0.00016884558135643601,0.00016884558135643601,2.8508830343592853e-08
15,merged_z_m0p032_dedup_filtered,49,0.001733538112603128,0.0008647360373288393,0.0008688020752742887,0.0008688020752742887,7.548170460009107e-07
15,merged_z_m0p032_dedup_filtered,50,0.0022928565740585327,0.0009056436247192323,0.0013872129493393004,0.0013872129493393004,1.9243597668146404e-06
15,merged_z_m0p032_dedup_filtered,51,0.002659511286765337,0.0009466128540225327,0.0017128984327428043,0.0017128984327428043,2.9340210408927552e-06
15,merged_z_m0p032_dedup_filtered,52,0.002835659310221672,0.0009877001866698265,0.0018479591235518456,0.0018479591235518456,3.414952922318505e-06
15,merged_z_m0p032_dedup_filtered,53,-0.002456319285556674,0.0014846447156742215,-0.0039409640012308955,0.0039409640012308955,1.553119725899783e-05
15,merged_z_m0p032_dedup_filtered,54,-0.001176819670945406,0.0013856397708877921,-0.002562459441833198,0.002562459441833198,6.566198391040105e-06
15,merged_z_m0p032_dedup_filtered,55,0.002721781376749277,0.00046105115325190127,0.002260730223497376,0.002260730223497376,5.110901143434495e-06
15,merged_z_m0p032_dedup_filtered,56,0.004077658522874117,0.0004815375432372093,0.0035961209796369076,0.0035961209796369076,1.2932086100184712e-05
15,merged_z_m0p032_dedup_filtered,57,0.0045826248824596405,0.0005020664539188147,0.004080558428540826,0.004080558428540826,1.6650957088735574e-05
15,merged_z_m0p032_dedup_filtered,58,-0.010095397010445595,-8.765365322460639e-08,-0.01009530935679237,0.01009530935679237,0.00010191527100933958
15,merged_z_m0p032_dedup_filtered,59,-0.009675838984549046,-8.278884422452393e-08,-0.009675756195704821,0.009675756195704821,9.362025795872024e-05
15,merged_z_m0p032_dedup_filtered,60,-0.008862401358783245,-7.802069035278691e-08,-0.008862323338092892,0.008862323338092892,7.854077494890594e-05
15,merged_z_m0p032_dedup_filtered,61,-0.007733134087175131,-7.334247698054241e-08,-0.00773306074469815,0.00773306074469815,5.980022848119151e-05
15,merged_z_m0p032_dedup_filtered,62,-0.006392257288098335,-6.88823433847574e-08,-0.0063921884057549505,0.0063921884057549505,4.0860072614668014e-05
15,merged_z_m0p032_dedup_filtered,63,-0.004956254735589027,-6.451631406889646e-08,-0.0049561902192749585,0.0049561902192749585,2.456382148963676e-05
15,merged_z_m0p032_dedup_filtered,64,-0.003539083991199732,-6.008493613762766e-08,-0.003539023906263594,0.003539023906263594,1.252469020910523e-05
15,merged_z_m0p032_dedup_filtered,65,-0.0022388589568436146,-5.5533046605660275e-08,-0.002238803423797009,0.002238803423797009,5.01224077040521e-06
15,merged_z_m0p032_dedup_filtered,66,-0.001127973897382617,-5.0840792908957155e-08,-0.001127923056589708,0.001127923056589708,1.2722104215866697e-06
15,merged_z_m0p032_dedup_filtered,67,0.007004383485764265,-0.0003287561412435025,0.0073331396270077676,0.0073331396270077676,5.377493678919162e-05
15,merged_z_m0p032_dedup_filtered,68,0.005491185933351517,-0.0003491897659841925,0.005840375699335709,0.005840375699335709,3.4109988309391074e-05
15,merged_z_m0p032_dedup_filtered,69,0.0025132843293249607,-0.00036962368176318705,0.0028829080110881478,0.0028829080110881478,8.311158600396219e-06
15,merged_z_m0p032_dedup_filtered,70,-0.001755470409989357,-0.00039005829603411257,-0.0013654121139552444,0.0013654121139552444,1.8643502409357294e-06
15,merged_z_m0p032_dedup_filtered,71,-0.006890634074807167,-0.00041049456922337413,-0.006480139505583793,0.006480139505583793,4.199220801182776e-05
15,merged_z_m0p032_dedup_filtered,72,-0.012273482047021389,-0.00043093538261018693,-0.011842546664411202,0.011842546664411202,0.0001402459114987569
15,merged_z_m0p032_dedup_filtered,73,-0.017188526690006256,-0.00045138722634874284,-0.016737139463657513,0.016737139463657513,0.0002801318374259217
15,merged_z_m0p032_dedup_filtered,74,-0.020944364368915558,-0.000471863808343187,-0.02047250056057237,0.02047250056057237,0.00041912327920263603
15,merged_z_m0p032_dedup_filtered,75,-0.022994723170995712,-0.0004923840169794858,-0.022502339154016227,0.022502339154016227,0.0005063552674023717
15,merged_z_m0p032_dedup_filtered,76,-0.0181442704051733,-0.0009862297447398305,-0.01715804066043347,0.01715804066043347,0.00029439835930508826
15,merged_z_m0p032_dedup_filtered,77,-0.016431784257292747,-0.0009451392688788474,-0.0154866449884139,0.0154866449884139,0.00023983617299716537
15,merged_z_m0p032_dedup_filtered,78,0.000742526026442647,0.0004405994259286672,0.0003019266005139798,0.0003019266005139798,9.115967209792834e-08
15,merged_z_m0p032_dedup_filtered,79,-0.0015317290090024471,0.0004201637639198452,-0.0019518927729222924,0.0019518927729222924,3.8098853969862755e-06
15,merged_z_m0p032_dedup_filtered,80,-0.0037309001199901104,0.0003997348539996892,-0.0041306349739898,0.0041306349739898,1.7062145288347712e-05
15,merged_z_m0p032_dedup_filtered,81,-0.005508363246917725,0.00037930873804725707,-0.005887671984964982,0.005887671984964982,3.4664681402541487e-05
15,merged_z_m0p032_dedup_filtered,82,-0.006599548272788525,0.00035888361162506044,-0.006958431884413585,0.006958431884413585,4.8419774290023596e-05
15,merged_z_m0p032_dedup_filtered,83,-0.006862927228212357,0.0003384589799679816,-0.007201386208180338,0.007201386208180338,5.1859963319369985e-05
15,merged_z_m0p032_dedup_filtered,84,-0.006296231877058744,0.0003180345520377159,-0.00661426642909646,0.00661426642909646,4.374852039507244e-05
15,merged_z_m0p032_dedup_filtered,85,-0.005025909282267094,0.00029760986217297614,-0.00532351914444007,0.00532351914444007,2.8339856081219932e-05
15,merged_z_m0p032_dedup_filtered,86,-0.0032733294647186995,0.00027718511410057545,-0.003550514578819275,0.003550514578819275,1.2606153774408213e-05
15,merged_z_m0p032_dedup_filtered,87,-0.0013059015618637204,0.00025676030782051384,-0.0015626618696842343,0.0015626618696842343,2.4419121189650267e-06
15,merged_z_m0p032_dedup_filtered,88,0.0006160682532936335,0.00023633554519619793,0.00037973270809743553,0.00037973270809743553,1.4419692959901218e-07
15,merged_z_m0p032_dedup_filtered,89,0.002285527065396309,0.0002159112336812541,0.002069615831715055,0.002069615831715055,4.283309690885598e-06
15,merged_z_m0p032_dedup_filtered,90,0.0035786647349596024,0.0001954879699042067,0.0033831767650553957,0.0033831767650553957,1.1445885023610692e-05
15,merged_z_m0p032_dedup_filtered,91,0.00446354690939188,0.0001750672236084938,0.004288479685783386,0.004288479685783386,1.839105801537677e-05
15,merged_z_m0p032_dedup_filtered,92,0.004987183026969433,0.0001546525745652616,0.004832530452404171,0.004832530452404171,2.3353350573413664e-05
15,merged_z_m0p032_dedup_filtered,93,0.0052456967532634735,0.00013425250654108822,0.005111444246722385,0.005111444246722385,2.6126862287351372e-05
15,merged_z_m0p032_dedup_filtered,94,8.560717105865479e-06,-0.0001346870994893834,0.00014324781659524888,0.00014324781659524888,2.051993695930606e-08
15,merged_z_m0p032_dedup_filtered,95,0.00034363847225904465,-0.00011431432358222082,0.00045795279584126547,0.00045795279584126547,2.0972076321883177e-07
15,merged_z_m0p032_dedup_filtered,96,0.0007919725030660629,-0.00023012967722024769,0.0010221021802863106,0.0010221021802863106,1.0446928669460298e-06
15,merged_z_m0p032_dedup_filtered,97,0.0008442981634289026,-0.00034439569571986794,0.0011886938591487706,0.0011886938591487706,1.4129930907779972e-06
15,merged_z_m0p032_dedup_filtered,98,0.0008832805324345827,-0.00040538940811529756,0.0012886699405498803,0.0012886699405498803,1.660670215676832e-06
15,merged_z_m0p032_dedup_filtered,99,0.0005813599564135075,-0.0002708356478251517,0.0008521956042386591,0.0008521956042386591,7.262373478836934e-07
15,merged_z_m0p032_dedup_filtered,100,0.0003938702866435051,-0.000311625306494534,0.0007054955931380391,0.0007054955931380391,4.977240319371936e-07
15,merged_z_m0p032_dedup_filtered,101,0.0010161714162677526,-0.00046654770267196,0.0014827191189397126,0.0014827191189397126,2.1984559856693577e-06
15,merged_z_m0p032_dedup_filtered,102,0.0013190170284360647,-0.0005277741001918912,0.001846791128627956,0.001846791128627956,3.410637472778919e-06
15,merged_z_m0p032_dedup_filtered,103,0.00041981274262070656,-0.0003524541389197111,0.0007722668815404177,0.0007722668815404177,5.963961363241615e-07
15,merged_z_m0p032_dedup_filtered,104,0.0008343474473804235,-0.00039330110303126276,0.0012276485504116863,0.0012276485504116863,1.5071209633279147e-06
15,merged_z_m0p032_dedup_filtered,105,0.001853256719186902,-0.0005890292231924832,0.0024422859423793852,0.0024422859423793852,5.964760624343962e-06
15,merged_z_m0p032_dedup_filtered,106,0.002635146025568247,-0.0006503114709630609,0.0032854574965313077,0.0032854574965313077,1.0794230961513768e-05
15,merged_z_m0p032_dedup_filtered,107,0.001734788529574871,-0.000434155750554055,0.002168944280128926,0.002168944280128926,4.704319290303985e-06
15,merged_z_m0p032_dedup_filtered,108,0.0005846007261425257,-0.0038699358701705933,0.004454536596313119,0.004454536596313119,1.9842896287892867e-05
15,merged_z_m0p032_dedup_filtered,109,-0.00026346580125391483,-0.000195943663129583,-6.752213812433183e-05,6.752213812433183e-05,4.559239136881346e-09
15,merged_z_m0p032_dedup_filtered,110,-0.0005240764003247023,-0.00017551530618220568,-0.0003485610941424966,0.0003485610941424966,1.2149483634981437e-07
15,merged_z_m0p032_dedup_filtered,111,-0.0003590495325624943,-0.0001550936867715791,-0.0002039558457909152,0.0002039558457909152,4.159798703228758e-08
15,merged_z_m0p032_dedup_filtered,112,0.0008813627064228058,-0.00018960496527142823,0.001070967671694234,0.001070967671694234,1.1469717538141686e-06
15,merged_z_m0p032_dedup_filtered,113,0.0030925872270017862,-0.00047501467633992434,0.0035676019033417106,0.0035676019033417106,1.2727783340727396e-05
15,merged_z_m0p032_dedup_filtered,114,0.003613339038565755,-0.0007115888292901218,0.004324927867855877,0.004324927867855877,1.870500106215638e-05
15,merged_z_m0p032_dedup_filtered,115,0.004661570303142071,-0.0007728756172582507,0.0054344459204003215,0.0054344459204003215,2.9533202461755697e-05
15,merged_z_m0p032_dedup_filtered,116,0.004733256995677948,-0.0005158754647709429,0.005249132460448891,0.005249132460448891,2.7553391587338227e-05
15,merged_z_m0p032_dedup_filtered,117,0.006351480260491371,-0.0005567368352785707,0.006908217095769942,0.006908217095769942,4.772346344228809e-05
15,merged_z_m0p032_dedup_filtered,118,0.005589977838099003,-0.0008341713109984994,0.006424149149097502,0.006424149149097502,4.126969228985016e-05
15,merged_z_m0p032_dedup_filtered,119,0.006174382753670216,-0.0008954599034041166,0.007069842657074332,0.007069842657074332,4.9982675195787854e-05
15,merged_z_m0p032_dedup_filtered,120,0.005429134704172611,-0.00027767239953391254,0.005706807103706524,0.005706807103706524,3.256764731891524e-05
15,merged_z_m0p032_dedup_filtered,121,0.003667856100946665,-0.00025723950238898396,0.003925095603335649,0.003925095603335649,1.540637549532484e-05
15,merged_z_m0p032_dedup_filtered,122,-0.0010507190600037575,0.000771452090702951,-0.0018221711507067084,0.0018221711507067084,3.32030770246781e-06
15,merged_z_m0p032_dedup_filtered,123,-0.0009256536141037941,0.0008390358416363597,-0.0017646894557401538,0.0017646894557401538,3.11412887520048e-06
15,merged_z_m0p032_dedup_filtered,124,0.0012412923388183117,0.0009618177427910268,0.00027947459602728486,0.00027947459602728486,7.810604982461407e-08
15,merged_z_m0p032_dedup_filtered,125,0.0030850034672766924,0.0010490822605788708,0.0020359212066978216,0.0020359212066978216,4.144975159881914e-06
15,merged_z_m0p032_dedup_filtered,126,0.0032668428029865026,-0.017925940454006195,0.021192783256992698,0.021192783256992698,0.00044913406217787
15,merged_z_m0p032_dedup_filtered,127,0.002704483224079013,0.0011778248008340597,0.0015266584232449532,0.0015266584232449532,2.3306859412647665e-06
16,merged_z_m0p034_dedup_filtered,0,-0.010841689072549343,-0.001447714283131063,-0.00939397478941828,0.00939397478941828,8.824676234422622e-05
16,merged_z_m0p034_dedup_filtered,1,-0.00925860833376646,-0.001375006278976798,-0.007883602054789662,0.007883602054789662,6.215118135828379e-05
16,merged_z_m0p034_dedup_filtered,2,-0.0068521397188305855,-0.0013246310409158468,-0.005527508677914739,0.005527508677914739,3.055335218442274e-05
16,merged_z_m0p034_dedup_filtered,3,-0.011221109889447689,-0.0008837009663693607,-0.010337408923078328,0.010337408923078328,0.00010686202324293944
16,merged_z_m0p034_dedup_filtered,4,-0.006707997061312199,-0.0008428021101281047,-0.005865194951184094,0.005865194951184094,3.4400511815395386e-05
16,merged_z_m0p034_dedup_filtered,5,-0.003962041810154915,-0.001263270853087306,-0.002698770957067609,0.002698770957067609,7.283364678711617e-06
16,merged_z_m0p034_dedup_filtered,6,-0.0009572015842422843,-0.0012019394198432565,0.0002447378356009722,0.0002447378356009722,5.989660817464848e-08
16,merged_z_m0p034_dedup_filtered,7,-0.002080099657177925,-0.0008019231609068811,-0.001278176496271044,0.001278176496271044,1.6337351556197222e-06
16,merged_z_m0p034_dedup_filtered,8,0.0020699771121144295,-0.0007610530010424554,0.002831030113156885,0.002831030113156885,8.014731501601085e-06
16,merged_z_m0p034_dedup_filtered,9,0.0017997495597228408,-0.0011406324338167906,0.0029403819935396314,0.0029403819935396314,8.645846267932097e-06
16,merged_z_m0p034_dedup_filtered,10,0.004013901576399803,-0.0010793345281854272,0.00509323610458523,0.00509323610458523,2.594105401705053e-05
16,merged_z_m0p034_dedup_filtered,11,0.005273913033306599,-0.0007201872649602592,0.005994100298266858,0.005994100298266858,3.592923838568283e-05
16,merged_z_m0p034_dedup_filtered,12,0.0072568668983876705,-0.0006793235661461949,0.007936190464533865,0.007936190464533865,6.298311908935825e-05
16,merged_z_m0p034_dedup_filtered,13,0.005499237682670355,-0.0010180397657677531,0.006517277448438108,0.006517277448438108,4.2474905339919935e-05
16,merged_z_m0p034_dedup_filtered,14,0.0061978427693247795,-0.0009567463421262801,0.00715458911145106,0.00715458911145106,5.118814535369406e-05
16,merged_z_m0p034_dedup_filtered,15,0.00796693004667759,-0.000638460973277688,0.008605391019955277,0.008605391019955277,7.405275460632693e-05
16,merged_z_m0p034_dedup_filtered,16,0.007561140228062868,-0.0005975988460704684,0.008158739074133337,0.008158739074133337,6.65650232797901e-05
16,merged_z_m0p034_dedup_filtered,17,0.0067912861704826355,-0.01058045681566,0.017371742986142635,0.017371742986142635,0.00030177745437659585
16,merged_z_m0p034_dedup_filtered,18,0.00010016630403697491,-4.381816864906796e-08,0.00010021012220562397,0.00010021012220562397,1.004206859246609e-08
16,merged_z_m0p034_dedup_filtered,19,0.000624217907898128,-3.940547443903597e-08,0.0006242573133725671,0.0006242573133725671,3.896971932991354e-07
16,merged_z_m0p034_dedup_filtered,20,0.0009393174550496042,-3.528859693346931e-08,0.0009393527436465376,0.0009393527436465376,8.823835769962779e-07
16,merged_z_m0p034_dedup_filtered,21,0.0010873584542423487,-3.133590809056841e-08,0.0010873897901504392,0.0010873897901504392,1.1824165557234162e-06
16,merged_z_m0p034_dedup_filtered,22,0.0011162213049829006,-2.7436634297828277e-08,0.0011162487416171984,0.0011162487416171984,1.246011253161979e-06
16,merged_z_m0p034_dedup_filtered,23,0.0010719934944063425,-2.3607100274603e-08,0.0010720171015066171,0.0010720171015066171,1.1492206659226487e-06
16,merged_z_m0p034_dedup_filtered,24,0.0009935025591403246,-1.99208045614796e-08,0.000993522479944886,0.000993522479944886,9.870869181558365e-07
16,merged_z_m0p034_dedup_filtered,25,0.000909660360775888,-1.6569588368042787e-08,0.000909676930364256,0.000909676930364256,8.275121176369355e-07
16,merged_z_m0p034_dedup_filtered,26,0.0008394195465371013,-1.3542215349104936e-08,0.0008394330887524504,0.0008394330887524504,7.046479104924792e-07
16,merged_z_m0p034_dedup_filtered,27,0.0007935557514429092,-1.0667145389220423e-08,0.0007935664185882985,0.0007935664185882985,6.297476607110585e-07
16,merged_z_m0p034_dedup_filtered,28,0.0007771600503474474,-7.969680915209665e-09,0.0007771680200283626,0.0007771680200283626,6.039901313548054e-07
16,merged_z_m0p034_dedup_filtered,29,0.005392702296376228,9.47217849898152e-05,0.005297980511386413,0.005297980511386413,2.806859749903024e-05
16,merged_z_m0p034_dedup_filtered,30,0.013433153741061687,0.00021143874619156122,0.013221714994870126,0.013221714994870126,0.00017481374740557353
16,merged_z_m0p034_dedup_filtered,31,0.012498194351792336,0.00025207229191437364,0.012246122059877962,0.012246122059877962,0.00014996750550542965
16,merged_z_m0p034_dedup_filtered,32,0.016153736039996147,0.00037894511478953063,0.015774790925206617,0.015774790925206617,0.00024884402873398103
16,merged_z_m0p034_dedup_filtered,33,0.013086221180856228,-0.0006899775471538305,0.013776198728010058,0.013776198728010058,0.00018978365139362595
16,merged_z_m0p034_dedup_filtered,34,0.010715723969042301,0.0004891888820566237,0.010226535086985677,0.010226535086985677,0.00010458201988534915
16,merged_z_m0p034_dedup_filtered,35,0.008512168191373348,0.0003336321096867323,0.008178536081686616,0.008178536081686616,6.688845243944987e-05
16,merged_z_m0p034_dedup_filtered,36,0.005934258922934532,0.00037446481292136014,0.005559794110013172,0.005559794110013172,3.091131054573716e-05
16,merged_z_m0p034_dedup_filtered,37,0.003341627074405551,0.0004153090703766793,0.0029263180040288717,0.0029263180040288717,8.563337060703518e-06
16,merged_z_m0p034_dedup_filtered,38,0.003087149001657963,0.0006241575465537608,0.002462991455104202,0.002462991455104202,6.0663269079163145e-06
16,merged_z_m0p034_dedup_filtered,39,0.000999609474092722,0.0004561584210023284,0.0005434510530903935,0.0005434510530903935,2.9533904710505774e-07
16,merged_z_m0p034_dedup_filtered,40,-0.0008826390840113163,0.0004970102454535663,-0.0013796493294648826,0.0013796493294648826,1.9034322722929002e-06
16,merged_z_m0p034_dedup_filtered,41,-0.002175768604502082,0.0005378634086810052,-0.002713632013183087,0.002713632013183087,7.363798702972094e-06
16,merged_z_m0p034_dedup_filtered,42,-0.002839257474988699,0.0005787170375697315,-0.0034179745125584304,0.0034179745125584304,1.168254976849904e-05
16,merged_z_m0p034_dedup_filtered,43,-0.002915454562753439,0.0006195716559886932,-0.003535026218742132,0.003535026218742132,1.2496410367194297e-05
16,merged_z_m0p034_dedup_filtered,44,-0.0025112396106123924,0.0006604263326153159,-0.0031716659432277083,0.0031716659432277083,1.0059464855430509e-05
16,merged_z_m0p034_dedup_filtered,45,-0.001771917100995779,0.0007012812420725822,-0.0024731983430683613,0.0024731983430683613,6.116710044156088e-06
16,merged_z_m0p034_dedup_filtered,46,-0.0008531110361218452,0.0007421369664371014,-0.0015952480025589466,0.0015952480025589466,2.544816189668309e-06
16,merged_z_m0p034_dedup_filtered,47,0.00010379737796029076,0.0007829946698620915,-0.0006791972919018008,0.0006791972919018008,4.6130896132674e-07
16,merged_z_m0p034_dedup_filtered,48,0.0009884729515761137,0.0008238583686761558,0.0001646145828999579,0.0001646145828999579,2.709796090332711e-08
16,merged_z_m0p034_dedup_filtered,49,0.001728573115542531,0.0008647360373288393,0.0008638370782136917,0.0008638370782136917,7.462144976967677e-07
16,merged_z_m0p034_dedup_filtered,50,0.0022871880792081356,0.0009056436247192323,0.0013815444544889033,0.0013815444544889033,1.9086650797290414e-06
16,merged_z_m0p034_dedup_filtered,51,0.002653293078765273,0.0009466128540225327,0.0017066802247427404,0.0017066802247427404,2.912757389527931e-06
16,merged_z_m0p034_dedup_filtered,52,0.0028291470371186733,0.0009877001866698265,0.0018414468504488468,0.0018414468504488468,3.3909265030279776e-06
16,merged_z_m0p034_dedup_filtered,53,-0.0024629468098282814,0.0014846447156742215,-0.003947591525502503,0.003947591525502503,1.5583478852219178e-05
16,merged_z_m0p034_dedup_filtered,54,-0.0011827193666249514,0.0013856397708877921,-0.0025683591375127435,0.0025683591375127435,6.5964686592452035e-06
16,merged_z_m0p034_dedup_filtered,55,0.0027157466392964125,0.00046105115325190127,0.002254695486044511,0.002254695486044511,5.083651734789495e-06
16,merged_z_m0p034_dedup_filtered,56,0.004071380943059921,0.0004815375432372093,0.003589843399822712,0.003589843399822712,1.2886975635250687e-05
16,merged_z_m0p034_dedup_filtered,57,0.004576256964355707,0.0005020664539188147,0.0040741905104368925,0.0040741905104368925,1.6599028315334027e-05
16,merged_z_m0p034_dedup_filtered,58,-0.010101735591888428,-8.765365322460639e-08,-0.010101647938235203,0.010101647938235203,0.00010204329106805154
16,merged_z_m0p034_dedup_filtered,59,-0.00968208909034729,-8.278884422452393e-08,-0.009682006301503066,0.009682006301503066,9.374124602234507e-05
16,merged_z_m0p034_dedup_filtered,60,-0.008868472650647163,-7.802069035278691e-08,-0.00886839462995681,0.00886839462995681,7.86484233126468e-05
16,merged_z_m0p034_dedup_filtered,61,-0.00773892505094409,-7.334247698054241e-08,-0.007738851708467109,0.007738851708467109,5.9889825765644295e-05
16,merged_z_m0p034_dedup_filtered,62,-0.00639765802770853,-6.88823433847574e-08,-0.006397589145365146,0.006397589145365146,4.0929146872893934e-05
16,merged_z_m0p034_dedup_filtered,63,-0.004961145110428333,-6.451631406889646e-08,-0.004961080594114264,0.004961080594114264,2.461232066129714e-05
16,merged_z_m0p034_dedup_filtered,64,-0.0035433366429060698,-6.008493613762766e-08,-0.003543276557969932,0.003543276557969932,1.2554808766259249e-05
16,merged_z_m0p034_dedup_filtered,65,-0.0022423414047807455,-5.5533046605660275e-08,-0.00224228587173414,0.00224228587173414,5.027845930578531e-06
16,merged_z_m0p034_dedup_filtered,66,-0.0011305557563900948,-5.0840792908957155e-08,-0.0011305049155971858,0.0011305049155971858,1.2780413641894002e-06
16,merged_z_m0p034_dedup_filtered,67,0.007002828177064657,-0.0003287561412435025,0.00733158431830816,0.00733158431830816,5.375212861646212e-05
16,merged_z_m0p034_dedup_filtered,68,0.005488494876772165,-0.0003491897659841925,0.005837684642756358,0.005837684642756358,3.4078561988273424e-05
16,merged_z_m0p034_dedup_filtered,69,0.0025095976889133453,-0.00036962368176318705,0.0028792213706765324,0.0028792213706765324,8.289915701360449e-06
16,merged_z_m0p034_dedup_filtered,70,-0.0017599919810891151,-0.00039005829603411257,-0.0013699336850550026,0.0013699336850550026,1.876718301448379e-06
16,merged_z_m0p034_dedup_filtered,71,-0.006895821541547775,-0.00041049456922337413,-0.006485326972324401,0.006485326972324401,4.205946593795838e-05
16,merged_z_m0p034_dedup_filtered,72,-0.01227917242795229,-0.00043093538261018693,-0.011848237045342103,0.011848237045342103,0.00014038072108261696
16,merged_z_m0p034_dedup_filtered,73,-0.01719457097351551,-0.00045138722634874284,-0.016743183747166768,0.016743183747166768,0.0002803342019913894
16,merged_z_m0p034_dedup_filtered,74,-0.02095063030719757,-0.000471863808343187,-0.020478766498854384,0.020478766498854384,0.00041937987731460063
16,merged_z_m0p034_dedup_filtered,75,-0.023001093417406082,-0.0004923840169794858,-0.022508709400426596,0.022508709400426596,0.0005066419988728527
16,merged_z_m0p034_dedup_filtered,76,-0.01815059408545494,-0.0009862297447398305,-0.01716436434071511,0.01716436434071511,0.00029461540322081245
16,merged_z_m0p034_dedup_filtered,77,-0.016437970101833344,-0.0009451392688788474,-0.015492830832954496,0.015492830832954496,0.0002400278072185455
16,merged_z_m0p034_dedup_filtered,78,0.0007368566002696753,0.0004405994259286672,0.00029625717434100807,0.00029625717434100807,8.776831334851845e-08
16,merged_z_m0p034_dedup_filtered,79,-0.0015369566390290856,0.0004201637639198452,-0.001957120402948931,0.001957120402948931,3.8303202716389855e-06
16,merged_z_m0p034_dedup_filtered,80,-0.0037356524262577295,0.0003997348539996892,-0.004135387280257419,0.004135387280257419,1.710142795771485e-05
16,merged_z_m0p034_dedup_filtered,81,-0.005512639414519072,0.00037930873804725707,-0.005891948152566329,0.005891948152566329,3.471505303252977e-05
16,merged_z_m0p034_dedup_filtered,82,-0.00660335598513484,0.00035888361162506044,-0.0069622395967599005,0.0069622395967599005,4.847278020269146e-05
16,merged_z_m0p034_dedup_filtered,83,-0.0068662590347230434,0.0003384589799679816,-0.007204718014691025,0.007204718014691025,5.190796167121338e-05
16,merged_z_m0p034_dedup_filtered,84,-0.006299042608588934,0.0003180345520377159,-0.00661707716062665,0.00661707716062665,4.3785710149686847e-05
16,merged_z_m0p034_dedup_filtered,85,-0.005028098355978727,0.00029760986217297614,-0.0053257082181517035,0.0053257082181517035,2.836316802488859e-05
16,merged_z_m0p034_dedup_filtered,86,-0.003274745075032115,0.00027718511410057545,-0.0035519301891326904,0.0035519301891326904,1.261620806847219e-05
16,merged_z_m0p034_dedup_filtered,87,-0.0013063526712357998,0.00025676030782051384,-0.0015631129790563136,0.0015631129790563136,2.4433221852943036e-06
16,merged_z_m0p034_dedup_filtered,88,0.0006167799583636224,0.00023633554519619793,0.0003804444131674245,0.0003804444131674245,1.44737951510306e-07
16,merged_z_m0p034_dedup_filtered,89,0.0022875703871250153,0.0002159112336812541,0.002071659153443761,0.002071659153443761,4.291771648047321e-06
16,merged_z_m0p034_dedup_filtered,90,0.003582137171179056,0.0001954879699042067,0.0033866492012748495,0.0033866492012748495,1.1469392812495576e-05
16,merged_z_m0p034_dedup_filtered,91,0.004468441009521484,0.0001750672236084938,0.004293373785912991,0.004293373785912991,1.8433058465564846e-05
16,merged_z_m0p034_dedup_filtered,92,0.00499336514621973,0.0001546525745652616,0.004838712571654469,0.004838712571654469,2.3413139351087003e-05
16,merged_z_m0p034_dedup_filtered,93,0.005252905655652285,0.00013425250654108822,0.005118653149111196,0.005118653149111196,2.6200610060905967e-05
16,merged_z_m0p034_dedup_filtered,94,1.657474786043167e-05,-0.0001346870994893834,0.00015126184734981507,0.00015126184734981507,2.2880146463678757e-08
16,merged_z_m0p034_dedup_filtered,95,0.00035190628841519356,-0.00011431432358222082,0.0004662206119974144,0.0004662206119974144,2.173616590512436e-07
16,merged_z_m0p034_dedup_filtered,96,0.0008004396222531796,-0.00023012967722024769,0.0010305692994734272,0.0010305692994734272,1.0620730810171506e-06
16,merged_z_m0p034_dedup_filtered,97,0.0008528358303010464,-0.00034439569571986794,0.0011972315260209143,0.0011972315260209143,1.4333633268983672e-06
16,merged_z_m0p034_dedup_filtered,98,0.000891486881300807,-0.00040538940811529756,0.0012968762894161046,0.0012968762894161046,1.6818881100496838e-06
16,merged_z_m0p034_dedup_filtered,99,0.0005895383656024933,-0.0002708356478251517,0.000860374013427645,0.000860374013427645,7.402434429815934e-07
16,merged_z_m0p034_dedup_filtered,100,0.00040157465264201164,-0.000311625306494534,0.0007131999591365457,0.0007131999591365457,5.086541817123704e-07
16,merged_z_m0p034_dedup_filtered,101,0.0010238385293632746,-0.00046654770267196,0.0014903862320352346,0.0014903862320352346,2.221251120640184e-06
16,merged_z_m0p034_dedup_filtered,102,0.0013259586412459612,-0.0005277741001918912,0.0018537327414378524,0.0018537327414378524,3.4363250766786957e-06
16,merged_z_m0p034_dedup_filtered,103,0.0004268649499863386,-0.0003524541389197111,0.0007793190889060497,0.0007793190889060497,6.073382423333554e-07
16,merged_z_m0p034_dedup_filtered,104,0.0008405826520174742,-0.00039330110303126276,0.001233883755048737,0.001233883755048737,1.5224691209731714e-06
16,merged_z_m0p034_dedup_filtered,105,0.001859315438196063,-0.0005890292231924832,0.0024483446613885462,0.0024483446613885462,5.994391580949795e-06
16,merged_z_m0p034_dedup_filtered,106,0.0026401951909065247,-0.0006503114709630609,0.0032905066618695855,0.0032905066618695855,1.0827434091808123e-05
16,merged_z_m0p034_dedup_filtered,107,0.0017400614451617002,-0.000434155750554055,0.0021742171957157552,0.0021742171957157552,4.727220414146083e-06
16,merged_z_m0p034_dedup_filtered,108,0.0005898179952055216,-0.004111807327717543,0.004701625322923064,0.004701625322923064,2.2105280677151408e-05
16,merged_z_m0p034_dedup_filtered,109,-0.0002572720404714346,-0.000195943663129583,-6.132837734185159e-05,6.132837734185159e-05,3.761169867384536e-09
16,merged_z_m0p034_dedup_filtered,110,-0.0005170980002731085,-0.00017551530618220568,-0.0003415826940909028,0.0003415826940909028,1.1667873690239929e-07
16,merged_z_m0p034_dedup_filtered,111,-0.0003514639101922512,-0.0001550936867715791,-0.00019637022342067212,0.00019637022342067212,3.8561264646284685e-08
16,merged_z_m0p034_dedup_filtered,112,0.0008899280801415443,-0.00018960496527142823,0.0010795330454129726,0.0010795330454129726,1.165391596138607e-06
16,merged_z_m0p034_dedup_filtered,113,0.0030967779457569122,-0.00047501467633992434,0.0035717926220968366,0.0035717926220968366,1.2757702535265395e-05
16,merged_z_m0p034_dedup_filtered,114,0.00361728691495955,-0.0007115888292901218,0.004328875744249672,0.004328875744249672,1.873916520915315e-05
16,merged_z_m0p034_dedup_filtered,115,0.004664359148591757,-0.0007728756172582507,0.0054372347658500075,0.0054372347658500075,2.9563521898967986e-05
16,merged_z_m0p034_dedup_filtered,116,0.004736276809126139,-0.0005158754647709429,0.005252152273897082,0.005252152273897082,2.7585103508202285e-05
16,merged_z_m0p034_dedup_filtered,117,0.006353276781737804,-0.0005567368352785707,0.006910013617016375,0.006910013617016375,4.7748288187351727e-05
16,merged_z_m0p034_dedup_filtered,118,0.005591585300862789,-0.0008341713109984994,0.0064257566118612885,0.0064257566118612885,4.1290348034879066e-05
16,merged_z_m0p034_dedup_filtered,119,0.006174817681312561,-0.0008954599034041166,0.007070277584716678,0.007070277584716678,4.99888251249471e-05
16,merged_z_m0p034_dedup_filtered,120,0.005430776160210371,-0.00027767239953391254,0.0057084485597442836,0.0057084485597442836,3.2586384959246584e-05
16,merged_z_m0p034_dedup_filtered,121,0.003670783480629325,-0.00025723950238898396,0.003928022983018309,0.003928022983018309,1.5429364555120054e-05
16,merged_z_m0p034_dedup_filtered,122,-0.0010524769313633442,0.000771452090702951,-0.0018239290220662951,0.0018239290220662951,3.3267170775357118e-06
16,merged_z_m0p034_dedup_filtered,123,-0.000927844550460577,0.0008390358416363597,-0.0017668803920969367,0.0017668803920969367,3.1218663199766248e-06
16,merged_z_m0p034_dedup_filtered,124,0.0012390887131914496,0.0009618177427910268,0.0002772709704004228,0.0002772709704004228,7.687919102679214e-08
16,merged_z_m0p034_dedup_filtered,125,0.0030826926231384277,0.0010490822605788708,0.002033610362559557,0.002033610362559557,4.135571106709613e-06
16,merged_z_m0p034_dedup_filtered,126,0.0032641503494232893,-0.01904631219804287,0.02231046254746616,0.02231046254746616,0.0004977567390818901
16,merged_z_m0p034_dedup_filtered,127,0.002701137214899063,0.0011778248008340597,0.0015233124140650034,0.0015233124140650034,2.3204807108445484e-06
17,merged_z_m0p036_dedup_filtered,0,-0.010847900062799454,-0.001447714283131063,-0.00940018577966839,0.00940018577966839,8.836349269227983e-05
17,merged_z_m0p036_dedup_filtered,1,-0.009264592081308365,-0.001375006278976798,-0.007889585802331567,0.007889585802331567,6.224556413235183e-05
17,merged_z_m0p036_dedup_filtered,2,-0.0068577490746974945,-0.0013246310409158468,-0.005533118033781648,0.005533118033781648,3.061539517575969e-05
17,merged_z_m0p036_dedup_filtered,3,-0.011226821690797806,-0.0008837009663693607,-0.010343120724428445,0.010343120724428445,0.0001069801463201012
17,merged_z_m0p036_dedup_filtered,4,-0.006713208742439747,-0.0008428021101281047,-0.005870406632311642,0.005870406632311642,3.4461674028688516e-05
17,merged_z_m0p036_dedup_filtered,5,-0.003967133350670338,-0.001263270853087306,-0.0027038624975830317,0.0027038624975830317,7.31087240583595e-06
17,merged_z_m0p036_dedup_filtered,6,-0.0009616401512175798,-0.0012019394198432565,0.00024029926862567663,0.00024029926862567663,5.77437385020351e-08
17,merged_z_m0p036_dedup_filtered,7,-0.0020846633706241846,-0.0008019231609068811,-0.0012827402097173035,0.0012827402097173035,1.6454224456255918e-06
17,merged_z_m0p036_dedup_filtered,8,0.002066207118332386,-0.0007610530010424554,0.0028272601193748415,0.0028272601193748415,7.993399782607443e-06
17,merged_z_m0p036_dedup_filtered,9,0.0017960903933271766,-0.0011406324338167906,0.002936722827143967,0.002936722827143967,8.624340963468455e-06
17,merged_z_m0p036_dedup_filtered,10,0.0040111360140144825,-0.0010793345281854272,0.00509047054219991,0.00509047054219991,2.5912890341005043e-05
17,merged_z_m0p036_dedup_filtered,11,0.005271073430776596,-0.0007201872649602592,0.005991260695736855,0.005991260695736855,3.5895204724281264e-05
17,merged_z_m0p036_dedup_filtered,12,0.007255077362060547,-0.0006793235661461949,0.007934400928206742,0.007934400928206742,6.2954718089528e-05
17,merged_z_m0p036_dedup_filtered,13,0.005497464910149574,-0.0010180397657677531,0.006515504675917327,0.006515504675917327,4.245180118190056e-05
17,merged_z_m0p036_dedup_filtered,14,0.006197144277393818,-0.0009567463421262801,0.007153890619520098,0.007153890619520098,5.117815099605765e-05
17,merged_z_m0p036_dedup_filtered,15,0.007966285571455956,-0.000638460973277688,0.008604746544733644,0.008604746544733644,7.404166309910558e-05
17,merged_z_m0p036_dedup_filtered,16,0.0075617036782205105,-0.0005975988460704684,0.008159302524290979,0.008159302524290979,6.657421768290114e-05
17,merged_z_m0p036_dedup_filtered,17,0.006791595369577408,-0.011202836409211159,0.017994431778788567,0.017994431778788567,0.00032379957504147586
17,merged_z_m0p036_dedup_filtered,18,9.916652925312519e-05,-4.381816864906796e-08,9.921034742177426e-05,9.921034742177426e-05,9.84269303554915e-09
17,merged_z_m0p036_dedup_filtered,19,0.0006243868265300989,-3.940547443903597e-08,0.000624426232004538,0.000624426232004538,3.8990811921538505e-07
17,merged_z_m0p036_dedup_filtered,20,0.0009407151956111193,-3.528859693346931e-08,0.0009407504842080527,0.0009407504842080527,8.850114735376857e-07
17,merged_z_m0p036_dedup_filtered,21,0.0010900064371526241,-3.133590809056841e-08,0.0010900377730607147,0.0010900377730607147,1.1881823466991622e-06
17,merged_z_m0p036_dedup_filtered,22,0.0011200957233086228,-2.7436634297828277e-08,0.0011201231599429207,0.0011201231599429207,1.2546758934405138e-06
17,merged_z_m0p036_dedup_filtered,23,0.0010770215885713696,-2.3607100274603e-08,0.0010770451956716443,0.0010770451956716443,1.1600263535193704e-06
17,merged_z_m0p036_dedup_filtered,24,0.000999561743810773,-1.99208045614796e-08,0.0009995816646153344,0.0009995816646153344,9.991635042351629e-07
17,merged_z_m0p036_dedup_filtered,25,0.0009165804367512465,-1.6569588368042787e-08,0.0009165970063396145,0.0009165970063396145,8.401500720307433e-07
17,merged_z_m0p036_dedup_filtered,26,0.0008469898020848632,-1.3542215349104936e-08,0.0008470033443002123,0.0008470033443002123,7.17414665255744e-07
17,merged_z_m0p036_dedup_filtered,27,0.0008015332277864218,-1.0667145389220423e-08,0.000801543894931811,0.000801543894931811,6.424726155024581e-07
17,merged_z_m0p036_dedup_filtered,28,0.0007852809503674507,-7.969680915209665e-09,0.0007852889200483659,0.0007852889200483659,6.166786879507289e-07
17,merged_z_m0p036_dedup_filtered,29,0.005400774534791708,9.47217849898152e-05,0.005306052749801893,0.005306052749801893,2.8154195783680228e-05
17,merged_z_m0p036_dedup_filtered,30,0.013441260904073715,0.00021143874619156122,0.013229822157882154,0.013229822157882154,0.0001750281943291896
17,merged_z_m0p036_dedup_filtered,31,0.01250564493238926,0.00025207229191437364,0.012253572640474886,0.012253572640474886,0.00015015004245539466
17,merged_z_m0p036_dedup_filtered,32,0.016161194071173668,0.00037894511478953063,0.015782248956384137,0.015782248956384137,0.0002490793821212882
17,merged_z_m0p036_dedup_filtered,33,0.013092538341879845,-0.0007305645267479122,0.013823102868627757,0.013823102868627757,0.00019107817291666492
17,merged_z_m0p036_dedup_filtered,34,0.010720555670559406,0.0004891888820566237,0.010231366788502783,0.010231366788502783,0.00010468086636087774
17,merged_z_m0p036_dedup_filtered,35,0.008516885340213776,0.0003336321096867323,0.008183253230527043,0.008183253230527043,6.696563343493129e-05
17,merged_z_m0p036_dedup_filtered,36,0.005937268026173115,0.00037446481292136014,0.005562803213251755,0.005562803213251755,3.0944779589364046e-05
17,merged_z_m0p036_dedup_filtered,37,0.0033429788891226053,0.0004153090703766793,0.002927669818745926,0.002927669818745926,8.571250567595802e-06
17,merged_z_m0p036_dedup_filtered,38,0.003088091965764761,0.0006241575465537608,0.002463934419211,0.002463934419211,6.070972822172649e-06
17,merged_z_m0p036_dedup_filtered,39,0.0009995268192142248,0.0004561584210023284,0.0005433683982118964,0.0005433683982118964,2.9524921617536204e-07
17,merged_z_m0p036_dedup_filtered,40,-0.0008838223293423653,0.0004970102454535663,-0.0013808325747959316,0.0013808325747959316,1.906698599617562e-06
17,merged_z_m0p036_dedup_filtered,41,-0.0021776871290057898,0.0005378634086810052,-0.002715550537686795,0.002715550537686795,7.374214722731041e-06
17,merged_z_m0p036_dedup_filtered,42,-0.002841588109731674,0.0005787170375697315,-0.0034203051473014057,0.0034203051473014057,1.169848730065649e-05
17,merged_z_m0p036_dedup_filtered,43,-0.0029179805424064398,0.0006195716559886932,-0.003537552198395133,0.003537552198395133,1.2514275556370239e-05
17,merged_z_m0p036_dedup_filtered,44,-0.002513876650482416,0.0006604263326153159,-0.003174302983097732,0.003174302983097732,1.007619942850316e-05
17,merged_z_m0p036_dedup_filtered,45,-0.0017747118836268783,0.0007012812420725822,-0.0024759931256994605,0.0024759931256994605,6.1305419585109844e-06
17,merged_z_m0p036_dedup_filtered,46,-0.0008562076836824417,0.0007421369664371014,-0.001598344650119543,0.001598344650119543,2.5547056205657646e-06
17,merged_z_m0p036_dedup_filtered,47,0.00010021380876423791,0.0007829946698620915,-0.0006827808610978536,0.0006827808610978536,4.661897042815265e-07
17,merged_z_m0p036_dedup_filtered,48,0.0009842392755672336,0.0008238583686761558,0.00016038090689107776,0.00016038090689107776,2.5722035295204553e-08
17,merged_z_m0p036_dedup_filtered,49,0.001723604858852923,0.0008647360373288393,0.0008588688215240836,0.0008588688215240836,7.376556525861682e-07
17,merged_z_m0p036_dedup_filtered,50,0.00228151585906744,0.0009056436247192323,0.0013758722343482077,0.0013758722343482077,1.8930244052503294e-06
17,merged_z_m0p036_dedup_filtered,51,0.0026470711454749107,0.0009466128540225327,0.001700458291452378,0.001700458291452378,2.8915584009691406e-06
17,merged_z_m0p036_dedup_filtered,52,0.0028226315043866634,0.0009877001866698265,0.001834931317716837,0.001834931317716837,3.3669729407380476e-06
17,merged_z_m0p036_dedup_filtered,53,-0.002469574334099889,0.0014846447156742215,-0.00395421904977411,0.00395421904977411,1.5635848293596468e-05
17,merged_z_m0p036_dedup_filtered,54,-0.0011886191787198186,0.0013856397708877921,-0.0025742589496076107,0.0025742589496076107,6.626809139634879e-06
17,merged_z_m0p036_dedup_filtered,55,0.002709704916924238,0.00046105115325190127,0.002248653763672337,0.002248653763672337,5.056443748877766e-06
17,merged_z_m0p036_dedup_filtered,56,0.004065093584358692,0.0004815375432372093,0.003583556041121483,0.003583556041121483,1.2841873899858275e-05
17,merged_z_m0p036_dedup_filtered,57,0.004569879733026028,0.0005020664539188147,0.004067813279107213,0.004067813279107213,1.6547104873680977e-05
17,merged_z_m0p036_dedup_filtered,58,-0.010108079761266708,-8.765365322460639e-08,-0.010107992107613484,0.010107992107613484,0.00010217150444757648
17,merged_z_m0p036_dedup_filtered,59,-0.009688347578048706,-8.278884422452393e-08,-0.009688264789204482,0.009688264789204482,9.386247462573936e-05
17,merged_z_m0p036_dedup_filtered,60,-0.008874548599123955,-7.802069035278691e-08,-0.008874470578433602,0.008874470578433602,7.875622804748364e-05
17,merged_z_m0p036_dedup_filtered,61,-0.00774471927434206,-7.334247698054241e-08,-0.0077446459318650795,0.0077446459318650795,5.997954060995433e-05
17,merged_z_m0p036_dedup_filtered,62,-0.006403058767318726,-6.88823433847574e-08,-0.006402989884975341,0.006402989884975341,4.099827946709653e-05
17,merged_z_m0p036_dedup_filtered,63,-0.004966033156961203,-6.451631406889646e-08,-0.004965968640647134,0.004965968640647134,2.466084453989074e-05
17,merged_z_m0p036_dedup_filtered,64,-0.0035475846379995346,-6.008493613762766e-08,-0.003547524553063397,0.003547524553063397,1.2584930454587654e-05
17,merged_z_m0p036_dedup_filtered,65,-0.0022458175662904978,-5.5533046605660275e-08,-0.002245762033243892,0.002245762033243892,5.04344710995974e-06
17,merged_z_m0p036_dedup_filtered,66,-0.0011331296991556883,-5.0840792908957155e-08,-0.0011330788583627793,0.0011330788583627793,1.2838676992686993e-06
17,merged_z_m0p036_dedup_filtered,67,0.007001281250268221,-0.0003287561412435025,0.007330037391511723,0.007330037391511723,5.372944816095999e-05
17,merged_z_m0p036_dedup_filtered,68,0.0054858108051121235,-0.0003491897659841925,0.005835000571096316,0.005835000571096316,3.404723166469433e-05
17,merged_z_m0p036_dedup_filtered,69,0.002505915705114603,-0.00036962368176318705,0.00287553938687779,0.00287553938687779,8.268726765485496e-06
17,merged_z_m0p036_dedup_filtered,70,-0.0017645093612372875,-0.00039005829603411257,-0.001374451065203175,0.001374451065203175,1.8891157306381423e-06
17,merged_z_m0p036_dedup_filtered,71,-0.00690100621432066,-0.00041049456922337413,-0.0064905116450972855,0.0064905116450972855,4.212674141514347e-05
17,merged_z_m0p036_dedup_filtered,72,-0.012284861877560616,-0.00043093538261018693,-0.011853926494950429,0.011853926494950429,0.00014051557334768776
17,merged_z_m0p036_dedup_filtered,73,-0.017200615257024765,-0.00045138722634874284,-0.016749228030676022,0.016749228030676022,0.0002805366396235834
17,merged_z_m0p036_dedup_filtered,74,-0.020956899970769882,-0.000471863808343187,-0.020485036162426695,0.020485036162426695,0.0004196367065759294
17,merged_z_m0p036_dedup_filtered,75,-0.023007472977042198,-0.0004923840169794858,-0.022515088960062712,0.022515088960062712,0.0005069292308795379
17,merged_z_m0p036_dedup_filtered,76,-0.01815691590309143,-0.0009862297447398305,-0.0171706861583516,0.0171706861583516,0.0002948324631486072
17,merged_z_m0p036_dedup_filtered,77,-0.01644415594637394,-0.0009451392688788474,-0.015499016677495092,0.015499016677495092,0.000240219517969271
17,merged_z_m0p036_dedup_filtered,78,0.0007311813533306122,0.0004405994259286672,0.000290581927401945,0.000290581927401945,8.443785653262923e-08
17,merged_z_m0p036_dedup_filtered,79,-0.0015421878779307008,0.0004201637639198452,-0.001962351641850546,0.001962351641850546,3.8508239662735336e-06
17,merged_z_m0p036_dedup_filtered,80,-0.0037404063623398542,0.0003997348539996892,-0.0041401412163395435,0.0041401412163395435,1.7140769291233474e-05
17,merged_z_m0p036_dedup_filtered,81,-0.005516914650797844,0.00037930873804725707,-0.005896223388845101,0.005896223388845101,3.4765450251164006e-05
17,merged_z_m0p036_dedup_filtered,82,-0.0066071609035134315,0.00035888361162506044,-0.006966044515138492,0.006966044515138492,4.852577618689107e-05
17,merged_z_m0p036_dedup_filtered,83,-0.006869587581604719,0.0003384589799679816,-0.007208046561572701,0.007208046561572701,5.195593523380003e-05
17,merged_z_m0p036_dedup_filtered,84,-0.0063018472865223885,0.0003180345520377159,-0.006619881838560104,0.006619881838560104,4.382283555649791e-05
17,merged_z_m0p036_dedup_filtered,85,-0.005030282307416201,0.00029760986217297614,-0.005327892169589177,0.005327892169589177,2.8386434970769664e-05
17,merged_z_m0p036_dedup_filtered,86,-0.003276154864579439,0.00027718511410057545,-0.0035533399786800146,0.0035533399786800146,1.2626225004085687e-05
17,merged_z_m0p036_dedup_filtered,87,-0.001306799240410328,0.00025676030782051384,-0.0015635595482308418,0.0015635595482308418,2.444718460863834e-06
17,merged_z_m0p036_dedup_filtered,88,0.0006174948648549616,0.00023633554519619793,0.0003811593196587637,0.0003811593196587637,1.452824269627316e-07
17,merged_z_m0p036_dedup_filtered,89,0.0022896151058375835,0.0002159112336812541,0.0020737038721563295,0.0020737038721563295,4.300247749396154e-06
17,merged_z_m0p036_dedup_filtered,90,0.0035856091417372227,0.0001954879699042067,0.003390121171833016,0.003390121171833016,1.1492921559710461e-05
17,merged_z_m0p036_dedup_filtered,91,0.004473332315683365,0.0001750672236084938,0.004298265092074871,0.004298265092074871,1.84750828017494e-05
17,merged_z_m0p036_dedup_filtered,92,0.004999543074518442,0.0001546525745652616,0.0048448904999531806,0.0048448904999531806,2.347296395653658e-05
17,merged_z_m0p036_dedup_filtered,93,0.005260108970105648,0.00013425250654108822,0.00512585646356456,0.00512585646356456,2.6274404485066575e-05
17,merged_z_m0p036_dedup_filtered,94,2.458365634083748e-05,-0.0001346870994893834,0.00015927075583022088,0.00015927075583022088,2.5367173662729838e-08
17,merged_z_m0p036_dedup_filtered,95,0.0003601685166358948,-0.00011431432358222082,0.0004744828402181156,0.0004744828402181156,2.2513396566144982e-07
17,merged_z_m0p036_dedup_filtered,96,0.0008089025504887104,-0.00023012967722024769,0.001039032227708958,0.001039032227708958,1.0795879702178401e-06
17,merged_z_m0p036_dedup_filtered,97,0.0008613655809313059,-0.00034439569571986794,0.0012057612766511738,0.0012057612766511738,1.4538602562714686e-06
17,merged_z_m0p036_dedup_filtered,98,0.0008996848482638597,-0.00040538940811529756,0.0013050742563791573,0.0013050742563791573,1.7032188146636104e-06
17,merged_z_m0p036_dedup_filtered,99,0.0005977125838398933,-0.0002708356478251517,0.000868548231665045,0.000868548231665045,7.543760307284767e-07
17,merged_z_m0p036_dedup_filtered,100,0.0004092752933502197,-0.000311625306494534,0.0007209005998447537,0.0007209005998447537,5.196976748565258e-07
17,merged_z_m0p036_dedup_filtered,101,0.0010314984247088432,-0.00046654770267196,0.0014980461273808032,0.0014980461273808032,2.2441421997606217e-06
17,merged_z_m0p036_dedup_filtered,102,0.0013328951317816973,-0.0005277741001918912,0.0018606692319735885,0.0018606692319735885,3.4620899908131836e-06
17,merged_z_m0p036_dedup_filtered,103,0.00043391366489231586,-0.0003524541389197111,0.000786367803812027,0.000786367803812027,6.183743228721506e-07
17,merged_z_m0p036_dedup_filtered,104,0.0008468155283480883,-0.00039330110303126276,0.001240116631379351,0.001240116631379351,1.5378892594236692e-06
17,merged_z_m0p036_dedup_filtered,105,0.0018653697334229946,-0.0005890292231924832,0.002454398956615478,0.002454398956615478,6.024074238235146e-06
17,merged_z_m0p036_dedup_filtered,106,0.0026452415622770786,-0.0006503114709630609,0.0032955530332401395,0.0032955530332401395,1.0860669794898284e-05
17,merged_z_m0p036_dedup_filtered,107,0.0017453330801799893,-0.000434155750554055,0.0021794888307340443,0.0021794888307340443,4.750171563294452e-06
17,merged_z_m0p036_dedup_filtered,108,0.000595034915022552,-0.004353678319603205,0.004948713234625757,0.004948713234625757,2.448976267856012e-05
17,merged_z_m0p036_dedup_filtered,109,-0.00025108037516474724,-0.000195943663129583,-5.513671203516424e-05,5.513671203516424e-05,3.040057014048625e-09
17,merged_z_m0p036_dedup_filtered,110,-0.0005101233255118132,-0.00017551530618220568,-0.0003346080193296075,0.0003346080193296075,1.1196252659968298e-07
17,merged_z_m0p036_dedup_filtered,111,-0.0003438829444348812,-0.0001550936867715791,-0.00018878925766330212,0.00018878925766330212,3.564138380906068e-08
17,merged_z_m0p036_dedup_filtered,112,0.0008984883315861225,-0.00018960496527142823,0.0010880932968575507,0.0010880932968575507,1.183947022666334e-06
17,merged_z_m0p036_dedup_filtered,113,0.0031009679660201073,-0.00047501467633992434,0.0035759826423600316,0.0035759826423600316,1.2787651858460234e-05
17,merged_z_m0p036_dedup_filtered,114,0.0036212336272001266,-0.0007115888292901218,0.0043328224564902484,0.0043328224564902484,1.877335043946619e-05
17,merged_z_m0p036_dedup_filtered,115,0.0046671489253640175,-0.0007728756172582507,0.005440024542622268,0.005440024542622268,2.959386702433262e-05
17,merged_z_m0p036_dedup_filtered,116,0.004739297088235617,-0.0005158754647709429,0.00525517255300656,0.00525517255300656,2.761683856187348e-05
17,merged_z_m0p036_dedup_filtered,117,0.006355075631290674,-0.0005567368352785707,0.006911812466569245,0.006911812466569245,4.777315157302203e-05
17,merged_z_m0p036_dedup_filtered,118,0.005593195091933012,-0.0008341713109984994,0.006427366402931511,0.006427366402931511,4.1311038877532756e-05
17,merged_z_m0p036_dedup_filtered,119,0.00617525540292263,-0.0008954599034041166,0.007070715306326747,0.007070715306326747,4.999501494312334e-05
17,merged_z_m0p036_dedup_filtered,120,0.005432420410215855,-0.00027767239953391254,0.005710092809749767,0.005710092809749767,3.260515989595599e-05
17,merged_z_m0p036_dedup_filtered,121,0.003673713654279709,-0.00025723950238898396,0.003930953156668693,0.003930953156668693,1.545239271992356e-05
17,merged_z_m0p036_dedup_filtered,122,-0.0010542352683842182,0.000771452090702951,-0.0018256873590871692,0.0018256873590871692,3.333134333130682e-06
17,merged_z_m0p036_dedup_filtered,123,-0.0009300382807850838,0.0008390358416363597,-0.0017690741224214435,0.0017690741224214435,3.1296232506212003e-06
17,merged_z_m0p036_dedup_filtered,124,0.0012368817115202546,0.0009618177427910268,0.0002750639687292278,0.0002750639687292278,7.56601868930736e-08
17,merged_z_m0p036_dedup_filtered,125,0.0030803787522017956,0.0010490822605788708,0.002031296491622925,0.002031296491622925,4.126165436879603e-06
17,merged_z_m0p036_dedup_filtered,126,0.003261454636231065,-0.020166683942079544,0.02342813857831061,0.02342813857831061,0.0005488776772445258
17,merged_z_m0p036_dedup_filtered,127,0.0026977898087352514,0.0011778248008340597,0.0015199650079011917,0.0015199650079011917,2.3102936252440698e-06
18,merged_z_m0p038_dedup_filtered,0,-0.010854103602468967,-0.001447714283131063,-0.009406389319337904,0.009406389319337904,8.84801600269542e-05
18,merged_z_m0p038_dedup_filtered,1,-0.009270567446947098,-0.001375006278976798,-0.0078955611679703,0.0078955611679703,6.233988615716052e-05
18,merged_z_m0p038_dedup_filtered,2,-0.006863352842628956,-0.0013246310409158468,-0.005538721801713109,0.005538721801713109,3.067743919677211e-05
18,merged_z_m0p038_dedup_filtered,3,-0.011232525110244751,-0.0008837009663693607,-0.01034882414387539,0.01034882414387539,0.0001070981611608582
18,merged_z_m0p038_dedup_filtered,4,-0.006718415301293135,-0.0008428021101281047,-0.00587561319116503,0.00587561319116503,3.452283037219251e-05
18,merged_z_m0p038_dedup_filtered,5,-0.003972221631556749,-0.001263270853087306,-0.0027089507784694433,0.0027089507784694433,7.338414320170203e-06
18,merged_z_m0p038_dedup_filtered,6,-0.0009660782525315881,-0.0012019394198432565,0.0002358611673116684,0.0002358611673116684,5.563049024562283e-08
18,merged_z_m0p038_dedup_filtered,7,-0.0020892240572720766,-0.0008019231609068811,-0.0012873008963651955,0.0012873008963651955,1.6571435977826358e-06
18,merged_z_m0p038_dedup_filtered,8,0.002062438055872917,-0.0007610530010424554,0.0028234910569153726,0.0028234910569153726,7.972101748481088e-06
18,merged_z_m0p038_dedup_filtered,9,0.0017924286657944322,-0.0011406324338167906,0.0029330610996112227,0.0029330610996112227,8.602847414052595e-06
18,merged_z_m0p038_dedup_filtered,10,0.004008364863693714,-0.0010793345281854272,0.005087699391879141,0.005087699391879141,2.5884685102127385e-05
18,merged_z_m0p038_dedup_filtered,11,0.0052682324312627316,-0.0007201872649602592,0.005988419696222991,0.005988419696222991,3.5861170458111453e-05
18,merged_z_m0p038_dedup_filtered,12,0.007253282703459263,-0.0006793235661461949,0.007932606269605458,0.007932606269605458,6.292624222858382e-05
18,merged_z_m0p038_dedup_filtered,13,0.0054956842213869095,-0.0010180397657677531,0.006513723987154663,0.006513723987154663,4.2428600180834035e-05
18,merged_z_m0p038_dedup_filtered,14,0.00619643647223711,-0.0009567463421262801,0.00715318281436339,0.00715318281436339,5.116802437570375e-05
18,merged_z_m0p038_dedup_filtered,15,0.007965633645653725,-0.000638460973277688,0.008604094618931413,0.008604094618931413,7.403044421152449e-05
18,merged_z_m0p038_dedup_filtered,16,0.007562258280813694,-0.0005975988460704684,0.008159857126884162,0.008159857126884162,6.658326833116226e-05
18,merged_z_m0p038_dedup_filtered,17,0.006791900843381882,-0.011825216002762318,0.0186171168461442,0.0186171168461442,0.00034659703966298614
18,merged_z_m0p038_dedup_filtered,18,9.816489182412624e-05,-4.381816864906796e-08,9.820870999277531e-05,9.820870999277531e-05,9.644950718445045e-09
18,merged_z_m0p038_dedup_filtered,19,0.000624552252702415,-3.940547443903597e-08,0.000624591658176854,0.000624591658176854,3.9011473946411204e-07
18,merged_z_m0p038_dedup_filtered,20,0.0009421081631444395,-3.528859693346931e-08,0.0009421434517413729,0.0009421434517413729,8.876342836591487e-07
18,merged_z_m0p038_dedup_filtered,21,0.0010926491813734174,-3.133590809056841e-08,0.001092680517281508,0.001092680517281508,1.1939507128465839e-06
18,merged_z_m0p038_dedup_filtered,22,0.0011239649029448628,-2.7436634297828277e-08,0.0011239923395791607,0.0011239923395791607,1.2633587794326353e-06
18,merged_z_m0p038_dedup_filtered,23,0.0010820451425388455,-2.3607100274603e-08,0.0010820687496391201,0.0010820687496391201,1.170872778945569e-06
18,merged_z_m0p038_dedup_filtered,24,0.0010056172031909227,-1.99208045614796e-08,0.0010056371239954842,0.0010056371239954842,1.0113060251579089e-06
18,merged_z_m0p038_dedup_filtered,25,0.000923498417250812,-1.6569588368042787e-08,0.0009235149868391801,0.0009235149868391801,8.52879930916571e-07
18,merged_z_m0p038_dedup_filtered,26,0.0008545591263100505,-1.3542215349104936e-08,0.0008545726685253996,0.0008545726685253996,7.302944457906224e-07
18,merged_z_m0p038_dedup_filtered,27,0.000809510238468647,-1.0667145389220423e-08,0.0008095209056140362,0.0008095209056140362,6.553240966261694e-07
18,merged_z_m0p038_dedup_filtered,28,0.000793401850387454,-7.969680915209665e-09,0.0007934098200683692,0.0007934098200683692,6.29499142580922e-07
18,merged_z_m0p038_dedup_filtered,29,0.0054088463075459,9.47217849898152e-05,0.005314124522556085,0.005314124522556085,2.823991944123194e-05
18,merged_z_m0p038_dedup_filtered,30,0.013449368067085743,0.00021143874619156122,0.013237929320894182,0.013237929320894182,0.00017524277270498988
18,merged_z_m0p038_dedup_filtered,31,0.012513097375631332,0.00025207229191437364,0.012261025083716959,0.012261025083716959,0.00015033273610353645
18,merged_z_m0p038_dedup_filtered,32,0.01616865210235119,0.00037894511478953063,0.015789706987561658,0.015789706987561658,0.00024931484675305346
18,merged_z_m0p038_dedup_filtered,33,0.013098855502903461,-0.0007711512735113502,0.013870006776414812,0.013870006776414812,0.00019237708797779278
18,merged_z_m0p038_dedup_filtered,34,0.010725387372076511,0.0004891888820566237,0.010236198490019888,0.010236198490019888,0.00010477975952708543
18,merged_z_m0p038_dedup_filtered,35,0.008521602489054203,0.0003336321096867323,0.00818797037936747,0.00818797037936747,6.704285893339908e-05
18,merged_z_m0p038_dedup_filtered,36,0.005940277595072985,0.00037446481292136014,0.0055658127821516246,0.0055658127821516246,3.0978271925962407e-05
18,merged_z_m0p038_dedup_filtered,37,0.0033443293068557978,0.0004153090703766793,0.0029290202364791185,0.0029290202364791185,8.57915954570419e-06
18,merged_z_m0p038_dedup_filtered,38,0.003089034929871559,0.0006241575465537608,0.0024648773833177984,0.0024648773833177984,6.075620514791597e-06
18,merged_z_m0p038_dedup_filtered,39,0.0009994418360292912,0.0004561584210023284,0.0005432834150269628,0.0005432834150269628,2.9515686904335906e-07
18,merged_z_m0p038_dedup_filtered,40,-0.0008850092999637127,0.0004970102454535663,-0.001382019545417279,0.001382019545417279,1.9099780239153825e-06
18,merged_z_m0p038_dedup_filtered,41,-0.002179610077291727,0.0005378634086810052,-0.0027174734859727323,0.0027174734859727323,7.384662146964794e-06
18,merged_z_m0p038_dedup_filtered,42,-0.0028439261950552464,0.0005787170375697315,-0.003422643232624978,0.003422643232624978,1.1714486697833558e-05
18,merged_z_m0p038_dedup_filtered,43,-0.0029205139726400375,0.0006195716559886932,-0.0035400856286287308,0.0035400856286287308,1.2532206258023676e-05
18,merged_z_m0p038_dedup_filtered,44,-0.002516520442441106,0.0006604263326153159,-0.0031769467750564218,0.0031769467750564218,1.0092990811541398e-05
18,merged_z_m0p038_dedup_filtered,45,-0.0017775124870240688,0.0007012812420725822,-0.002478793729096651,0.002478793729096651,6.144418351408882e-06
18,merged_z_m0p038_dedup_filtered,46,-0.0008593080565333366,0.0007421369664371014,-0.001601445022970438,0.001601445022970438,2.5646261615967867e-06
18,merged_z_m0p038_dedup_filtered,47,9.662978845881298e-05,0.0007829946698620915,-0.0006863648814032786,0.0006863648814032786,4.7109675042373664e-07
18,merged_z_m0p038_dedup_filtered,48,0.0009800088591873646,0.0008238583686761558,0.00015615049051120877,0.00015615049051120877,2.43829756868911e-08
18,merged_z_m0p038_dedup_filtered,49,0.0017186433542519808,0.0008647360373288393,0.0008539073169231415,0.0008539073169231415,7.291577058948784e-07
18,merged_z_m0p038_dedup_filtered,50,0.0022758543491363525,0.0009056436247192323,0.0013702107244171202,0.0013702107244171202,1.8774774293076894e-06
18,merged_z_m0p038_dedup_filtered,51,0.0026408624835312366,0.0009466128540225327,0.001694249629508704,0.001694249629508704,2.8704818070903806e-06
18,merged_z_m0p038_dedup_filtered,52,0.00281613040715456,0.0009877001866698265,0.0018284302204847336,0.0018284302204847336,3.3431570711818515e-06
18,merged_z_m0p038_dedup_filtered,53,-0.0024761834647506475,0.0014846447156742215,-0.003960828180424869,0.003960828180424869,1.568815987484778e-05
18,merged_z_m0p038_dedup_filtered,54,-0.0011945045553147793,0.0013856397708877921,-0.0025801443262025714,0.0025801443262025714,6.657144744035321e-06
18,merged_z_m0p038_dedup_filtered,55,0.0027036690153181553,0.00046105115325190127,0.002242617862066254,0.002242617862066254,5.029334875258616e-06
18,merged_z_m0p038_dedup_filtered,56,0.00405881367623806,0.0004815375432372093,0.0035772761330008507,0.0035772761330008507,1.279690453173752e-05
18,merged_z_m0p038_dedup_filtered,57,0.004563509952276945,0.0005020664539188147,0.0040614434983581305,0.0040614434983581305,1.649532329035553e-05
18,merged_z_m0p038_dedup_filtered,58,-0.01011442206799984,-8.765365322460639e-08,-0.010114334414346615,0.010114334414346615,0.00010229976064523628
18,merged_z_m0p038_dedup_filtered,59,-0.009694602340459824,-8.278884422452393e-08,-0.009694519551615599,0.009694519551615599,9.398370933665712e-05
18,merged_z_m0p038_dedup_filtered,60,-0.008880621753633022,-7.802069035278691e-08,-0.00888054373294267,0.00888054373294267,7.886405699270733e-05
18,merged_z_m0p038_dedup_filtered,61,-0.007750507909804583,-7.334247698054241e-08,-0.007750434567327602,0.007750434567327602,6.0069235982426597e-05
18,merged_z_m0p038_dedup_filtered,62,-0.006408454850316048,-6.88823433847574e-08,-0.006408385967972663,0.006408385967972663,4.106741071450892e-05
18,merged_z_m0p038_dedup_filtered,63,-0.004970916546881199,-6.451631406889646e-08,-0.00497085203056713,0.00497085203056713,2.4709369909793358e-05
18,merged_z_m0p038_dedup_filtered,64,-0.003551828907802701,-6.008493613762766e-08,-0.0035517688228665634,0.0035517688228665634,1.2615061771086934e-05
18,merged_z_m0p038_dedup_filtered,65,-0.0022492907010018826,-5.5533046605660275e-08,-0.002249235167955277,0.002249235167955277,5.059058840766803e-06
18,merged_z_m0p038_dedup_filtered,66,-0.0011357027105987072,-5.0840792908957155e-08,-0.0011356518698057982,0.0011356518698057982,1.2897051693934056e-06
18,merged_z_m0p038_dedup_filtered,67,0.006999733857810497,-0.0003287561412435025,0.007328489999054,0.007328489999054,5.370676566623449e-05
18,merged_z_m0p038_dedup_filtered,68,0.005483127664774656,-0.0003491897659841925,0.005832317430758849,0.005832317430758849,3.40159266131335e-05
18,merged_z_m0p038_dedup_filtered,69,0.002502237446606159,-0.00036962368176318705,0.0028718611283693463,0.0028718611283693463,8.247586340638854e-06
18,merged_z_m0p038_dedup_filtered,70,-0.0017690230160951614,-0.00039005829603411257,-0.0013789647200610489,0.0013789647200610489,1.9015436991730469e-06
18,merged_z_m0p038_dedup_filtered,71,-0.0069061871618032455,-0.00041049456922337413,-0.006495692592579871,0.006495692592579871,4.219402225729701e-05
18,merged_z_m0p038_dedup_filtered,72,-0.012290545739233494,-0.00043093538261018693,-0.011859610356623307,0.011859610356623307,0.0001406503578109268
18,merged_z_m0p038_dedup_filtered,73,-0.01720665581524372,-0.00045138722634874284,-0.016755268588894978,0.016755268588894978,0.0002807390254860107
18,merged_z_m0p038_dedup_filtered,74,-0.020963165909051895,-0.000471863808343187,-0.020491302100708708,0.020491302100708708,0.0004198934617825091
18,merged_z_m0p038_dedup_filtered,75,-0.023013845086097717,-0.0004923840169794858,-0.02252146106911823,0.02252146106911823,0.0005072162086878081
18,merged_z_m0p038_dedup_filtered,76,-0.018163232132792473,-0.0009862297447398305,-0.017177002388052642,0.017177002388052642,0.00029504941103916616
18,merged_z_m0p038_dedup_filtered,77,-0.01645033434033394,-0.0009451392688788474,-0.015505195071455091,0.015505195071455091,0.00024041107420387525
18,merged_z_m0p038_dedup_filtered,78,0.0007255112286657095,0.0004405994259286672,0.0002849118027370423,0.0002849118027370423,8.117473533887131e-08
18,merged_z_m0p038_dedup_filtered,79,-0.001547415042296052,0.0004201637639198452,-0.001967578806215897,0.001967578806215897,3.871366358669975e-06
18,merged_z_m0p038_dedup_filtered,80,-0.0037451579701155424,0.0003997348539996892,-0.004144892824115232,0.004144892824115232,1.718013652340194e-05
18,merged_z_m0p038_dedup_filtered,81,-0.005521188955754042,0.00037930873804725707,-0.005900497693801299,0.005900497693801299,3.4815873034554444e-05
18,merged_z_m0p038_dedup_filtered,82,-0.006610967218875885,0.00035888361162506044,-0.0069698508305009454,0.0069698508305009454,4.857882059943472e-05
18,merged_z_m0p038_dedup_filtered,83,-0.006872917525470257,0.0003384589799679816,-0.007211376505438238,0.007211376505438238,5.2003951103186616e-05
18,merged_z_m0p038_dedup_filtered,84,-0.0063046556897461414,0.0003180345520377159,-0.006622690241783857,0.006622690241783857,4.386002603861913e-05
18,merged_z_m0p038_dedup_filtered,85,-0.005032469518482685,0.00029760986217297614,-0.005330079380655661,0.005330079380655661,2.8409746204090636e-05
18,merged_z_m0p038_dedup_filtered,86,-0.0032775697764009237,0.00027718511410057545,-0.003554754890501499,0.003554754890501499,1.2636282331544325e-05
18,merged_z_m0p038_dedup_filtered,87,-0.00130725116468966,0.00025676030782051384,-0.001564011472510174,0.001564011472510174,2.4461318861434425e-06
18,merged_z_m0p038_dedup_filtered,88,0.0006182051729410887,0.00023633554519619793,0.00038186962774489075,0.00038186962774489075,1.4582441259402143e-07
18,merged_z_m0p038_dedup_filtered,89,0.002291655633598566,0.0002159112336812541,0.002075744399917312,0.002075744399917312,4.308714813788081e-06
18,merged_z_m0p038_dedup_filtered,90,0.0035890773870050907,0.0001954879699042067,0.003393589417100884,0.003393589417100884,1.1516449131859118e-05
18,merged_z_m0p038_dedup_filtered,91,0.004478221759200096,0.0001750672236084938,0.004303154535591602,0.004303154535591602,1.851713895718258e-05
18,merged_z_m0p038_dedup_filtered,92,0.005005719140172005,0.0001546525745652616,0.004851066565606743,0.004851066565606743,2.35328468239476e-05
18,merged_z_m0p038_dedup_filtered,93,0.005267311818897724,0.00013425250654108822,0.005133059312356636,0.005133059312356636,2.634829790417118e-05
18,merged_z_m0p038_dedup_filtered,94,3.259629011154175e-05,-0.0001346870994893834,0.00016728338960092515,0.00016728338960092515,2.7983732436374912e-08
18,merged_z_m0p038_dedup_filtered,95,0.00036843493580818176,-0.00011431432358222082,0.0004827492593904026,0.0004827492593904026,2.330468474419822e-07
18,merged_z_m0p038_dedup_filtered,96,0.0008173724636435509,-0.00023012967722024769,0.0010475021408637986,0.0010475021408637986,1.0972607351142413e-06
18,merged_z_m0p038_dedup_filtered,97,0.0008699053432792425,-0.00034439569571986794,0.0012143010389991105,0.0012143010389991105,1.4745270133143192e-06
18,merged_z_m0p038_dedup_filtered,98,0.0009078914299607277,-0.00040538940811529756,0.0013132808380760252,0.0013132808380760252,1.7247065596576672e-06
18,merged_z_m0p038_dedup_filtered,99,0.0006058928556740284,-0.0002708356478251517,0.0008767285034991801,0.0008767285034991801,7.686528688479118e-07
18,merged_z_m0p038_dedup_filtered,100,0.00041697872802615166,-0.000311625306494534,0.0007286040345206857,0.0007286040345206857,5.308638391198205e-07
18,merged_z_m0p038_dedup_filtered,101,0.0010391639079898596,-0.00046654770267196,0.0015057116106618196,0.0015057116106618196,2.267167454481811e-06
18,merged_z_m0p038_dedup_filtered,102,0.001339833252131939,-0.0005277741001918912,0.0018676073523238301,0.0018676073523238301,3.487957222454027e-06
18,merged_z_m0p038_dedup_filtered,103,0.00044096214696764946,-0.0003524541389197111,0.0007934162858873606,0.0007934162858873606,6.295094027112939e-07
18,merged_z_m0p038_dedup_filtered,104,0.0008530451450496912,-0.00039330110303126276,0.001246346248080954,0.001246346248080954,1.5533789701054708e-06
18,merged_z_m0p038_dedup_filtered,105,0.0018714223988354206,-0.0005890292231924832,0.002460451622027904,0.002460451622027904,6.053822184339743e-06
18,merged_z_m0p038_dedup_filtered,106,0.0026502825785428286,-0.0006503114709630609,0.0033005940495058894,0.0033005940495058894,1.0893921079633686e-05
18,merged_z_m0p038_dedup_filtered,107,0.0017505981959402561,-0.000434155750554055,0.002184753946494311,0.002184753946494311,4.773149806722467e-06
18,merged_z_m0p038_dedup_filtered,108,0.0006002476438879967,-0.0045955488458275795,0.005195796489715576,0.005195796489715576,2.6996301162540703e-05
18,merged_z_m0p038_dedup_filtered,109,-0.00024489150382578373,-0.000195943663129583,-4.894784069620073e-05,4.894784069620073e-05,2.3958911088206442e-09
18,merged_z_m0p038_dedup_filtered,110,-0.0005031491164118052,-0.00017551530618220568,-0.0003276338102295995,0.0003276338102295995,1.073439136055652e-07
18,merged_z_m0p038_dedup_filtered,111,-0.0003363005816936493,-0.0001550936867715791,-0.0001812068949220702,0.0001812068949220702,3.283593876729819e-08
18,merged_z_m0p038_dedup_filtered,112,0.0009070564992725849,-0.00018960496527142823,0.0010966614645440131,0.0010966614645440131,1.2026663678158198e-06
18,merged_z_m0p038_dedup_filtered,113,0.0031051505357027054,-0.00047501467633992434,0.0035801652120426297,0.0035801652120426297,1.2817582945520248e-05
18,merged_z_m0p038_dedup_filtered,114,0.003625171724706888,-0.0007115888292901218,0.00433676055399701,0.00433676055399701,1.8807492102704453e-05
18,merged_z_m0p038_dedup_filtered,115,0.004669928457587957,-0.0007728756172582507,0.005442804074846208,0.005442804074846208,2.9624116197162487e-05
18,merged_z_m0p038_dedup_filtered,116,0.004742308519780636,-0.0005158754647709429,0.005258183984551579,0.005258183984551579,2.7648498815394717e-05
18,merged_z_m0p038_dedup_filtered,117,0.0063568647019565105,-0.0005567368352785707,0.006913601537235081,0.006913601537235081,4.779788621565928e-05
18,merged_z_m0p038_dedup_filtered,118,0.0055947937071323395,-0.0008341713109984994,0.006428965018130839,0.006428965018130839,4.133159120435006e-05
18,merged_z_m0p038_dedup_filtered,119,0.006175681948661804,-0.0008954599034041166,0.007071141852065921,0.007071141852065921,5.000104709203826e-05
18,merged_z_m0p038_dedup_filtered,120,0.005434061866253614,-0.00027767239953391254,0.005711734265787527,0.005711734265787527,3.262390832297138e-05
18,merged_z_m0p038_dedup_filtered,121,0.003676638938486576,-0.00025723950238898396,0.00393387844087556,0.00393387844087556,1.5475399587585527e-05
18,merged_z_m0p038_dedup_filtered,122,-0.001055997796356678,0.000771452090702951,-0.001827449887059629,0.001827449887059629,3.3395730897142507e-06
18,merged_z_m0p038_dedup_filtered,123,-0.0009322371333837509,0.0008390358416363597,-0.0017712729750201106,0.0017712729750201106,3.1374079520365934e-06
18,merged_z_m0p038_dedup_filtered,124,0.001234665745869279,0.0009618177427910268,0.0002728480030782521,0.0002728480030782521,7.444603278378985e-08
18,merged_z_m0p038_dedup_filtered,125,0.003078058362007141,0.0010490822605788708,0.0020289761014282703,0.0020289761014282703,4.116744020167063e-06
18,merged_z_m0p038_dedup_filtered,126,0.0032587547320872545,-0.02128705382347107,0.024545808555558324,0.024545808555558324,0.0006024967176461202
18,merged_z_m0p038_dedup_filtered,127,0.0026944424025714397,0.0011778248008340597,0.00151661760173738,0.00151661760173738,2.3001289498996423e-06
19,merged_z_m0p040_dedup_filtered,0,-0.010860319249331951,-0.001447714283131063,-0.009412604966200888,0.009412604966200888,8.859713224974962e-05
19,merged_z_m0p040_dedup_filtered,1,-0.009276557713747025,-0.001375006278976798,-0.007901551434770226,0.007901551434770226,6.243451507631942e-05
19,merged_z_m0p040_dedup_filtered,2,-0.006868964526802301,-0.0013246310409158468,-0.005544333485886455,0.005544333485886455,3.0739633802721845e-05
19,merged_z_m0p040_dedup_filtered,3,-0.011238237842917442,-0.0008837009663693607,-0.010354536876548082,0.010354536876548082,0.0001072164339277941
19,merged_z_m0p040_dedup_filtered,4,-0.006723626982420683,-0.0008428021101281047,-0.005880824872292578,0.005880824872292578,3.458410117857502e-05
19,merged_z_m0p040_dedup_filtered,5,-0.003977314103394747,-0.001263270853087306,-0.0027140432503074408,0.0027140432503074408,7.3660307645393775e-06
19,merged_z_m0p040_dedup_filtered,6,-0.000970515888184309,-0.0012019394198432565,0.00023142353165894747,0.00023142353165894747,5.355685100549986e-08
19,merged_z_m0p040_dedup_filtered,7,-0.002093787072226405,-0.0008019231609068811,-0.001291863911319524,0.001291863911319524,1.668912365369779e-06
19,merged_z_m0p040_dedup_filtered,8,0.0020586689934134483,-0.0007610530010424554,0.0028197219944559038,0.0028197219944559038,7.95083212601838e-06
19,merged_z_m0p040_dedup_filtered,9,0.0017887710127979517,-0.0011406324338167906,0.0029294034466147423,0.0029294034466147423,8.581404553038331e-06
19,merged_z_m0p040_dedup_filtered,10,0.004005600232630968,-0.0010793345281854272,0.005084934760816395,0.005084934760816395,2.585656152175889e-05
19,merged_z_m0p040_dedup_filtered,11,0.005265393294394016,-0.0007201872649602592,0.0059855805593542755,0.0059855805593542755,3.582717463251984e-05
19,merged_z_m0p040_dedup_filtered,12,0.007251493167132139,-0.0006793235661461949,0.007930816733278334,0.007930816733278334,6.289785405684763e-05
19,merged_z_m0p040_dedup_filtered,13,0.005493911448866129,-0.0010180397657677531,0.006511951214633882,0.006511951214633882,4.240550862177169e-05
19,merged_z_m0p040_dedup_filtered,14,0.006195737514644861,-0.0009567463421262801,0.007152483856771141,0.007152483856771141,5.115802532137178e-05
19,merged_z_m0p040_dedup_filtered,15,0.007964988239109516,-0.000638460973277688,0.008603449212387204,0.008603449212387204,7.4019338350126e-05
19,merged_z_m0p040_dedup_filtered,16,0.007562820799648762,-0.0005975988460704684,0.00816041964571923,0.00816041964571923,6.659244879424037e-05
19,merged_z_m0p040_dedup_filtered,17,0.00679220724850893,-0.012447596527636051,0.01923980377614498,0.01923980377614498,0.0003701700493445627
19,merged_z_m0p040_dedup_filtered,18,9.715976193547249e-05,-4.381816864906796e-08,9.720358010412156e-05,9.720358010412156e-05,9.448535985058375e-09
19,merged_z_m0p040_dedup_filtered,19,0.0006247173296287656,-3.940547443903597e-08,0.0006247567351032046,0.0006247567351032046,3.903209780568158e-07
19,merged_z_m0p040_dedup_filtered,20,0.0009435043903067708,-3.528859693346931e-08,0.0009435396789037043,0.0009435396789037043,8.902671256657054e-07
19,merged_z_m0p040_dedup_filtered,21,0.0010952973971143365,-3.133590809056841e-08,0.001095328733022427,0.001095328733022427,1.1997450333845154e-06
19,merged_z_m0p040_dedup_filtered,22,0.0011278409510850906,-2.7436634297828277e-08,0.0011278683877193885,0.0011278683877193885,1.2720871000167328e-06
19,merged_z_m0p040_dedup_filtered,23,0.0010870754485949874,-2.3607100274603e-08,0.001087099055695262,0.001087099055695262,1.1817843568935302e-06
19,merged_z_m0p040_dedup_filtered,24,0.0010116787161678076,-1.99208045614796e-08,0.001011698636972369,0.001011698636972369,1.0235341320517494e-06
19,merged_z_m0p040_dedup_filtered,25,0.0009304208215326071,-1.6569588368042787e-08,0.0009304373911209751,0.0009304373911209751,8.657137387960064e-07
19,merged_z_m0p040_dedup_filtered,26,0.0008621311280876398,-1.3542215349104936e-08,0.0008621446703029889,0.0008621446703029889,7.432934325318495e-07
19,merged_z_m0p040_dedup_filtered,27,0.0008174893446266651,-1.0667145389220423e-08,0.0008175000117720543,0.0008175000117720543,6.68306269247309e-07
19,merged_z_m0p040_dedup_filtered,28,0.0008015241473913193,-7.969680915209665e-09,0.0008015321170722345,0.0008015321170722345,6.424537346982982e-07
19,merged_z_m0p040_dedup_filtered,29,0.005416919477283955,9.47217849898152e-05,0.005322197692294139,0.005322197692294139,2.8325788275861063e-05
19,merged_z_m0p040_dedup_filtered,30,0.013457473367452621,0.00021143874619156122,0.01324603462126106,0.01324603462126106,0.00017545743318764663
19,merged_z_m0p040_dedup_filtered,31,0.012520547956228256,0.00025207229191437364,0.012268475664313883,0.012268475664313883,0.00015051549512586196
19,merged_z_m0p040_dedup_filtered,32,0.01617610827088356,0.00037894511478953063,0.01579716315609403,0.01579716315609403,0.0002495503637802547
19,merged_z_m0p040_dedup_filtered,33,0.01310516893863678,-0.0008117383113130927,0.013916907249949872,0.013916907249949872,0.0001936803074037073
19,merged_z_m0p040_dedup_filtered,34,0.010730217210948467,0.0004891888820566237,0.010241028328891844,0.010241028328891844,0.00010487866123316526
19,merged_z_m0p040_dedup_filtered,35,0.008526317775249481,0.0003336321096867323,0.008192685665562749,0.008192685665562749,6.712009841471734e-05
19,merged_z_m0p040_dedup_filtered,36,0.005943284835666418,0.00037446481292136014,0.005568820022745058,0.005568820022745058,3.101175644572627e-05
19,merged_z_m0p040_dedup_filtered,37,0.0033456787932664156,0.0004153090703766793,0.0029303697228897363,0.0029303697228897363,8.587066712828869e-06
19,merged_z_m0p040_dedup_filtered,38,0.0030899755656719208,0.0006241575465537608,0.00246581801911816,0.00246581801911816,6.0802585034078065e-06
19,merged_z_m0p040_dedup_filtered,39,0.000999357784166932,0.0004561584210023284,0.0005431993631646037,0.0005431993631646037,2.9506554814243103e-07
19,merged_z_m0p040_dedup_filtered,40,-0.0008861934766173363,0.0004970102454535663,-0.0013832037220709026,0.0013832037220709026,1.9132525367507987e-06
19,merged_z_m0p040_dedup_filtered,41,-0.0021815276704728603,0.0005378634086810052,-0.0027193910791538656,0.0027193910791538656,7.395087841381626e-06
19,merged_z_m0p040_dedup_filtered,42,-0.002846255898475647,0.0005787170375697315,-0.0034249729360453784,0.0034249729360453784,1.17304396126433e-05
19,merged_z_m0p040_dedup_filtered,43,-0.002923038322478533,0.0006195716559886932,-0.003542609978467226,0.003542609978467226,1.255008545953556e-05
19,merged_z_m0p040_dedup_filtered,44,-0.0025191549211740494,0.0006604263326153159,-0.0031795812537893653,0.0031795812537893653,1.0109736949448752e-05
19,merged_z_m0p040_dedup_filtered,45,-0.001780304592102766,0.0007012812420725822,-0.0024815858341753483,0.0024815858341753483,6.158268252379759e-06
19,merged_z_m0p040_dedup_filtered,46,-0.0008624017937108874,0.0007421369664371014,-0.0016045387601479888,0.0016045387601479888,2.574544632817245e-06
19,merged_z_m0p040_dedup_filtered,47,9.304848936153576e-05,0.0007829946698620915,-0.0006899461805005558,0.0006899461805005558,4.760257319873055e-07
19,merged_z_m0p040_dedup_filtered,48,0.0009757766383700073,0.0008238583686761558,0.00015191826969385147,0.00015191826969385147,2.307916066677379e-08
19,merged_z_m0p040_dedup_filtered,49,0.0017136761453002691,0.0008647360373288393,0.0008489401079714298,0.0008489401079714298,7.206993069225429e-07
19,merged_z_m0p040_dedup_filtered,50,0.002270182128995657,0.0009056436247192323,0.0013645385042764246,0.0013645385042764246,1.8619653296529422e-06
19,merged_z_m0p040_dedup_filtered,51,0.002634639386087656,0.0009466128540225327,0.0016880265320651233,0.0016880265320651233,2.849433572955807e-06
19,merged_z_m0p040_dedup_filtered,52,0.002809613011777401,0.0009877001866698265,0.0018219128251075745,0.0018219128251075745,3.3193663422914632e-06
19,merged_z_m0p040_dedup_filtered,53,-0.0024828158784657717,0.0014846447156742215,-0.003967460594139993,0.003967460594139993,1.5740743566053668e-05
19,merged_z_m0p040_dedup_filtered,54,-0.0012004077434539795,0.0013856397708877921,-0.0025860475143417716,0.0025860475143417716,6.687641746433255e-06
19,merged_z_m0p040_dedup_filtered,55,0.002697630785405636,0.00046105115325190127,0.0022365796321537346,0.0022365796321537346,5.002288450964935e-06
19,merged_z_m0p040_dedup_filtered,56,0.004052531439810991,0.0004815375432372093,0.003570993896573782,0.003570993896573782,1.2751997409367203e-05
19,merged_z_m0p040_dedup_filtered,57,0.004557137377560139,0.0005020664539188147,0.004055070923641324,0.004055070923641324,1.64436001957613e-05
19,merged_z_m0p040_dedup_filtered,58,-0.010120758786797523,-8.765365322460639e-08,-0.010120671133144299,0.010120671133144299,0.00010242798418526031
19,merged_z_m0p040_dedup_filtered,59,-0.009700851514935493,-8.278884422452393e-08,-0.009700768726091269,0.009700768726091269,9.410491387711043e-05
19,merged_z_m0p040_dedup_filtered,60,-0.008886692114174366,-7.802069035278691e-08,-0.008886614093484013,0.008886614093484013,7.897191004650869e-05
19,merged_z_m0p040_dedup_filtered,61,-0.007756299339234829,-7.334247698054241e-08,-0.007756225996757848,0.007756225996757848,6.015904171278228e-05
19,merged_z_m0p040_dedup_filtered,62,-0.00641385605558753,-6.88823433847574e-08,-0.006413787173244145,0.006413787173244145,4.1136665903671126e-05
19,merged_z_m0p040_dedup_filtered,63,-0.004975808318704367,-6.451631406889646e-08,-0.004975743802390298,0.004975743802390298,2.4758026387025458e-05
19,merged_z_m0p040_dedup_filtered,64,-0.0035560820251703262,-6.008493613762766e-08,-0.0035560219402341886,0.0035560219402341886,1.2645292039426923e-05
19,merged_z_m0p040_dedup_filtered,65,-0.0022527738474309444,-5.5533046605660275e-08,-0.0022527183143843388,0.0022527183143843388,5.074739803962617e-06
19,merged_z_m0p040_dedup_filtered,66,-0.001138284569606185,-5.0840792908957155e-08,-0.001138233728813276,0.001138233728813276,1.2955760214081742e-06
19,merged_z_m0p040_dedup_filtered,67,0.006998182740062475,-0.0003287561412435025,0.007326938881305978,0.007326938881305978,5.368403337039329e-05
19,merged_z_m0p040_dedup_filtered,68,0.005480439867824316,-0.0003491897659841925,0.0058296296338085085,0.0058296296338085085,3.3984581667378324e-05
19,merged_z_m0p040_dedup_filtered,69,0.002498552668839693,-0.00036962368176318705,0.00286817635060288,0.00286817635060288,8.226435578157655e-06
19,merged_z_m0p040_dedup_filtered,70,-0.0017735427245497704,-0.00039005829603411257,-0.0013834844285156578,0.0013834844285156578,1.914029163945296e-06
19,merged_z_m0p040_dedup_filtered,71,-0.00691137183457613,-0.00041049456922337413,-0.006500877265352756,0.006500877265352756,4.226140521918032e-05
19,merged_z_m0p040_dedup_filtered,72,-0.01229623332619667,-0.00043093538261018693,-0.011865297943586484,0.011865297943586484,0.00014078529529007764
19,merged_z_m0p040_dedup_filtered,73,-0.017212698236107826,-0.00045138722634874284,-0.016761311009759083,0.016761311009759083,0.00028094154676587107
19,merged_z_m0p040_dedup_filtered,74,-0.02096942812204361,-0.000471863808343187,-0.020497564313700423,0.020497564313700423,0.00042015014279428507
19,merged_z_m0p040_dedup_filtered,75,-0.023020219057798386,-0.0004923840169794858,-0.0225278350408189,0.0225278350408189,0.0005075033516263479
19,merged_z_m0p040_dedup_filtered,76,-0.01816955767571926,-0.0009862297447398305,-0.01718332793097943,0.01718332793097943,0.00029526675878357783
19,merged_z_m0p040_dedup_filtered,77,-0.016456520184874535,-0.0009451392688788474,-0.015511380915995687,0.015511380915995687,0.0002406029379211152
19,merged_z_m0p040_dedup_filtered,78,0.000719838310033083,0.0004405994259286672,0.0002792388841044158,0.0002792388841044158,7.797435439587934e-08
19,merged_z_m0p040_dedup_filtered,79,-0.0015526459319517016,0.0004201637639198452,-0.001972809695871547,0.001972809695871547,3.891978096124785e-06
19,merged_z_m0p040_dedup_filtered,80,-0.0037499130703508854,0.0003997348539996892,-0.004149647924350575,0.004149647924350575,1.721957789606703e-05
19,merged_z_m0p040_dedup_filtered,81,-0.005525466986000538,0.00037930873804725707,-0.005904775724047795,0.005904775724047795,3.486637635130416e-05
19,merged_z_m0p040_dedup_filtered,82,-0.006614775862544775,0.00035888361162506044,-0.0069736594741698354,0.0069736594741698354,4.8631926461678705e-05
19,merged_z_m0p040_dedup_filtered,83,-0.006876249331980944,0.0003384589799679816,-0.007214708311948925,0.007214708311948925,5.205201602650491e-05
19,merged_z_m0p040_dedup_filtered,84,-0.006307465024292469,0.0003180345520377159,-0.006625499576330185,0.006625499576330185,4.389724463595146e-05
19,merged_z_m0p040_dedup_filtered,85,-0.005034656263887882,0.00029760986217297614,-0.005332266126060858,0.005332266126060858,2.8433062039136073e-05
19,merged_z_m0p040_dedup_filtered,86,-0.003278982127085328,0.00027718511410057545,-0.0035561672411859035,0.0035561672411859035,1.264632544728376e-05
19,merged_z_m0p040_dedup_filtered,87,-0.0013076991308480501,0.00025676030782051384,-0.001564459438668564,0.001564459438668564,2.4475333352391582e-06
19,merged_z_m0p040_dedup_filtered,88,0.000618919322732836,0.00023633554519619793,0.0003825837775366381,0.0003825837775366381,1.4637034683420378e-07
19,merged_z_m0p040_dedup_filtered,89,0.0022937001194804907,0.0002159112336812541,0.0020777888857992366,0.0020777888857992366,4.317206653950833e-06
19,merged_z_m0p040_dedup_filtered,90,0.0035925493575632572,0.0001954879699042067,0.0033970613876590505,0.0033970613876590505,1.1540026071524034e-05
19,merged_z_m0p040_dedup_filtered,91,0.004483113065361977,0.0001750672236084938,0.004308045841753483,0.004308045841753483,1.8559258974649474e-05
19,merged_z_m0p040_dedup_filtered,92,0.005011897534132004,0.0001546525745652616,0.004857244959566742,0.004857244959566742,2.3592828597236523e-05
19,merged_z_m0p040_dedup_filtered,93,0.005274515599012375,0.00013425250654108822,0.005140263092471287,0.005140263092471287,2.6422304659822474e-05
19,merged_z_m0p040_dedup_filtered,94,4.0609389543533325e-05,-0.0001346870994893834,0.00017529648903291672,0.00017529648903291672,3.0728859067267494e-08
19,merged_z_m0p040_dedup_filtered,95,0.00037670042365789413,-0.00011431432358222082,0.000491014747240115,0.000491014747240115,2.41095482007274e-07
19,merged_z_m0p040_dedup_filtered,96,0.0008258400484919548,-0.00023012967722024769,0.0010559697257122025,0.0010559697257122025,1.1150720616207042e-06
19,merged_z_m0p040_dedup_filtered,97,0.000878441845998168,-0.00034439569571986794,0.001222837541718036,0.001222837541718036,1.4953316534350093e-06
19,merged_z_m0p040_dedup_filtered,98,0.0009160949848592281,-0.00040538940811529756,0.0013214843929745257,0.0013214843929745257,1.7463210008752506e-06
19,merged_z_m0p040_dedup_filtered,99,0.0006140712648630142,-0.0002708356478251517,0.0008849069126881659,0.0008849069126881659,7.830602441233013e-07
19,merged_z_m0p040_dedup_filtered,100,0.0004246821627020836,-0.000311625306494534,0.0007363074691966176,0.0007363074691966176,5.42148689194728e-07
19,merged_z_m0p040_dedup_filtered,101,0.0010468270629644394,-0.00046654770267196,0.0015133747656363994,0.0015133747656363994,2.2903031812650268e-06
19,merged_z_m0p040_dedup_filtered,102,0.0013467702083289623,-0.0005277741001918912,0.0018745443085208535,0.0018745443085208535,3.513916364607925e-06
19,merged_z_m0p040_dedup_filtered,103,0.00044801225885748863,-0.0003524541389197111,0.0008004663977771997,0.0008004663977771997,6.407464539704062e-07
19,merged_z_m0p040_dedup_filtered,104,0.0008592773228883743,-0.00039330110303126276,0.001252578425919637,0.001252578425919637,1.5689527130793158e-06
19,merged_z_m0p040_dedup_filtered,105,0.0018774752970784903,-0.0005890292231924832,0.0024665045202709734,0.0024665045202709734,6.083644548517145e-06
19,merged_z_m0p040_dedup_filtered,106,0.002655325923115015,-0.0006503114709630609,0.003305637394078076,0.003305637394078076,1.0927238581127292e-05
19,merged_z_m0p040_dedup_filtered,107,0.0017558683175593615,-0.000434155750554055,0.0021900240681134164,0.0021900240681134164,4.796205418916038e-06
19,merged_z_m0p040_dedup_filtered,108,0.0006054663099348545,-0.004837420303374529,0.005442886613309383,0.005442886613309383,2.962501468534249e-05
19,merged_z_m0p040_dedup_filtered,109,-0.00023869727738201618,-0.000195943663129583,-4.275361425243318e-05,4.275361425243318e-05,1.8278715316458576e-09
19,merged_z_m0p040_dedup_filtered,110,-0.0004961714148521423,-0.00017551530618220568,-0.00032065610866993666,0.00032065610866993666,1.0282034002734623e-07
19,merged_z_m0p040_dedup_filtered,111,-0.00032871589064598083,-0.0001550936867715791,-0.00017362220387440175,0.00017362220387440175,3.0144669678204325e-08
19,merged_z_m0p040_dedup_filtered,112,0.0009156223386526108,-0.00018960496527142823,0.001105227303924039,0.001105227303924039,1.2215273933392e-06
19,merged_z_m0p040_dedup_filtered,113,0.003109338227659464,-0.00047501467633992434,0.0035843529039993882,0.0035843529039993882,1.2847585740408848e-05
19,merged_z_m0p040_dedup_filtered,114,0.0036291140131652355,-0.0007115888292901218,0.004340702842455357,0.004340702842455357,1.884170116650002e-05
19,merged_z_m0p040_dedup_filtered,115,0.004672714043408632,-0.0007728756172582507,0.005445589660666883,0.005445589660666883,2.9654446752362058e-05
19,merged_z_m0p040_dedup_filtered,116,0.004745326470583677,-0.0005158754647709429,0.00526120193535462,0.00526120193535462,2.76802458045792e-05
19,merged_z_m0p040_dedup_filtered,117,0.0063586607575416565,-0.0005567368352785707,0.006915397592820227,0.006915397592820227,4.782272386678379e-05
19,merged_z_m0p040_dedup_filtered,118,0.005596399772912264,-0.0008341713109984994,0.006430571083910763,0.006430571083910763,4.135224446522925e-05
19,merged_z_m0p040_dedup_filtered,119,0.006176117807626724,-0.0008954599034041166,0.007071577711030841,0.007071577711030841,5.000721132314819e-05
19,merged_z_m0p040_dedup_filtered,120,0.005435704719275236,-0.00027767239953391254,0.005713377118809149,0.005713377118809149,3.264267810173193e-05
19,merged_z_m0p040_dedup_filtered,121,0.0036795686464756727,-0.00025723950238898396,0.003936808148864657,0.003936808148864657,1.5498458400967165e-05
19,merged_z_m0p040_dedup_filtered,122,-0.0010577542707324028,0.000771452090702951,-0.0018292063614353538,0.0018292063614353538,3.345995912715566e-06
19,merged_z_m0p040_dedup_filtered,123,-0.0009344266727566719,0.0008390358416363597,-0.0017734625143930316,0.0017734625143930316,3.145169289957254e-06
19,merged_z_m0p040_dedup_filtered,124,0.0012324656127020717,0.0009618177427910268,0.00027064786991104484,0.00027064786991104484,7.325026948738585e-08
19,merged_z_m0p040_dedup_filtered,125,0.0030757510103285313,0.0010490822605788708,0.0020266687497496605,0.0020266687497496605,4.107386221211852e-06
19,merged_z_m0p040_dedup_filtered,126,0.003256065072491765,-0.022407425567507744,0.02566349063999951,0.02566349063999951,0.0006586147518293423
19,merged_z_m0p040_dedup_filtered,127,0.0026910975575447083,0.0011778248008340597,0.0015132727567106485,0.0015132727567106485,2.2899944362026457e-06
20,merged_z_m0p042_dedup_filtered,0,-0.010866528376936913,-0.001447714283131063,-0.00941881409380585,0.00941881409380585,8.871405893367571e-05
20,merged_z_m0p042_dedup_filtered,1,-0.009282541461288929,-0.001375006278976798,-0.007907535182312131,0.007907535182312131,6.252911265950415e-05
20,merged_z_m0p042_dedup_filtered,2,-0.006874571554362774,-0.0013246310409158468,-0.005549940513446927,0.005549940513446927,3.080183970279954e-05
20,merged_z_m0p042_dedup_filtered,3,-0.011243948712944984,-0.0008837009663693607,-0.010360247746575624,0.010360247746575624,0.00010733473337042529
20,merged_z_m0p042_dedup_filtered,4,-0.006728837266564369,-0.0008428021101281047,-0.0058860351564362645,0.0058860351564362645,3.464540986280368e-05
20,merged_z_m0p042_dedup_filtered,5,-0.003982403315603733,-0.001263270853087306,-0.002719132462516427,0.002719132462516427,7.3936813487106485e-06
20,merged_z_m0p042_dedup_filtered,6,-0.0009749516611918807,-0.0012019394198432565,0.00022698775865137577,0.00022698775865137577,5.1523442577575216e-08
20,merged_z_m0p042_dedup_filtered,7,-0.002098348457366228,-0.0008019231609068811,-0.001296425296459347,0.001296425296459347,1.6807185492997058e-06
20,merged_z_m0p042_dedup_filtered,8,0.002054902259260416,-0.0007610530010424554,0.0028159552603028715,0.0028159552603028715,7.929604028027413e-06
20,merged_z_m0p042_dedup_filtered,9,0.0017851145239546895,-0.0011406324338167906,0.00292574695777148,0.00292574695777148,8.559995260909071e-06
20,merged_z_m0p042_dedup_filtered,10,0.004002837464213371,-0.0010793345281854272,0.0050821719923987985,0.0050821719923987985,2.5828472160322773e-05
20,merged_z_m0p042_dedup_filtered,11,0.005262557417154312,-0.0007201872649602592,0.005982744682114571,0.005982744682114571,3.579323393137018e-05
20,merged_z_m0p042_dedup_filtered,12,0.007249708287417889,-0.0006793235661461949,0.007929031853564084,0.007929031853564084,6.286954613483389e-05
20,merged_z_m0p042_dedup_filtered,13,0.0054921419359743595,-0.0010180397657677531,0.006510181701742113,0.006510181701742113,4.238246578969783e-05
20,merged_z_m0p042_dedup_filtered,14,0.006195042748004198,-0.0009567463421262801,0.007151789090130478,0.007151789090130478,5.114808718970933e-05
20,merged_z_m0p042_dedup_filtered,15,0.007964348420500755,-0.000638460973277688,0.008602809393778443,0.008602809393778443,7.400832946568263e-05
20,merged_z_m0p042_dedup_filtered,16,0.0075633893720805645,-0.0005975988460704684,0.008160988218151033,0.008160988218151033,6.660172869679997e-05
20,merged_z_m0p042_dedup_filtered,17,0.006792518310248852,-0.013069975189864635,0.019862493500113487,0.019862493500113487,0.00039451864804205053
20,merged_z_m0p042_dedup_filtered,18,9.61613841354847e-05,-4.381816864906796e-08,9.620520230413376e-05,9.620520230413376e-05,9.255440950379304e-09
20,merged_z_m0p042_dedup_filtered,19,0.0006248882273212075,-3.940547443903597e-08,0.0006249276327956466,0.0006249276327956466,3.9053454623157046e-07
20,merged_z_m0p042_dedup_filtered,20,0.0009449038770981133,-3.528859693346931e-08,0.0009449391656950468,0.0009449391656950468,8.92910026864451e-07
20,merged_z_m0p042_dedup_filtered,21,0.0010979468934237957,-3.133590809056841e-08,0.0010979782293318863,0.0010979782293318863,1.2055561920867843e-06
20,merged_z_m0p042_dedup_filtered,22,0.001131716649979353,-2.7436634297828277e-08,0.0011317440866136508,0.0011317440866136508,1.2808446775849667e-06
20,merged_z_m0p042_dedup_filtered,23,0.00109210389200598,-2.3607100274603e-08,0.0010921274991062546,0.0010921274991062546,1.1927424743040822e-06
20,merged_z_m0p042_dedup_filtered,24,0.001017737202346325,-1.99208045614796e-08,0.0010177571231508864,0.0010177571231508864,1.0358295617243685e-06
20,merged_z_m0p042_dedup_filtered,25,0.0009373397333547473,-1.6569588368042787e-08,0.0009373563029431153,0.0009373563029431153,8.786368386671855e-07
20,merged_z_m0p042_dedup_filtered,26,0.0008696992881596088,-1.3542215349104936e-08,0.000869712830374958,0.000869712830374958,7.564004073188204e-07
20,merged_z_m0p042_dedup_filtered,27,0.0008254637941718102,-1.0667145389220423e-08,0.0008254744613171994,0.0008254744613171994,6.814080862869205e-07
20,merged_z_m0p042_dedup_filtered,28,0.0008096422534435987,-7.969680915209665e-09,0.000809650223124514,0.000809650223124514,6.555334838055753e-07
20,merged_z_m0p042_dedup_filtered,29,0.005424986593425274,9.47217849898152e-05,0.005330264808435459,0.005330264808435459,2.8411722928045497e-05
20,merged_z_m0p042_dedup_filtered,30,0.013465574011206627,0.00021143874619156122,0.013254135265015066,0.013254135265015066,0.00017567210162331597
20,merged_z_m0p042_dedup_filtered,31,0.012527992948889732,0.00025207229191437364,0.012275920656975359,0.012275920656975359,0.00015069822797635432
20,merged_z_m0p042_dedup_filtered,32,0.016183560714125633,0.00037894511478953063,0.015804615599336103,0.015804615599336103,0.0002497858742427781
20,merged_z_m0p042_dedup_filtered,33,0.013111479580402374,-0.0008523251162841916,0.013963804696686566,0.013963804696686566,0.00019498784160720578
20,merged_z_m0p042_dedup_filtered,34,0.0107350405305624,0.0004891888820566237,0.010245851648505777,0.010245851648505777,0.00010497747600318855
20,merged_z_m0p042_dedup_filtered,35,0.008531029336154461,0.0003336321096867323,0.008197397226467729,0.008197397226467729,6.719732128850081e-05
20,merged_z_m0p042_dedup_filtered,36,0.005946290213614702,0.00037446481292136014,0.005571825400693342,0.005571825400693342,3.104523829581152e-05
20,merged_z_m0p042_dedup_filtered,37,0.0033470268826931715,0.0004153090703766793,0.002931717812316492,0.002931717812316492,8.594969331053798e-06
20,merged_z_m0p042_dedup_filtered,38,0.003090913873165846,0.0006241575465537608,0.002466756326612085,0.002466756326612085,6.084886774880748e-06
20,merged_z_m0p042_dedup_filtered,39,0.0009992718696594238,0.0004561584210023284,0.0005431134486570954,0.0005431134486570954,2.9497221811220344e-07
20,merged_z_m0p042_dedup_filtered,40,-0.0008873790502548218,0.0004970102454535663,-0.001384389295708388,0.001384389295708388,1.916533722071967e-06
20,merged_z_m0p042_dedup_filtered,41,-0.002183447126299143,0.0005378634086810052,-0.002721310534980148,0.002721310534980148,7.40553102779394e-06
20,merged_z_m0p042_dedup_filtered,42,-0.0028485876973718405,0.0005787170375697315,-0.003427304734941572,0.003427304734941572,1.1746417746152919e-05
20,merged_z_m0p042_dedup_filtered,43,-0.0029255650006234646,0.0006195716559886932,-0.003545136656612158,0.003545136656612158,1.2567993914055229e-05
20,merged_z_m0p042_dedup_filtered,44,-0.0025217928923666477,0.0006604263326153159,-0.0031822192249819636,0.0031822192249819636,1.012651919584481e-05
20,merged_z_m0p042_dedup_filtered,45,-0.001783100189641118,0.0007012812420725822,-0.0024843814317137003,0.0024843814317137003,6.172151098243815e-06
20,merged_z_m0p042_dedup_filtered,46,-0.0008654996054247022,0.0007421369664371014,-0.0016076365718618035,0.0016076365718618035,2.584495347187572e-06
20,merged_z_m0p042_dedup_filtered,47,8.946318121161312e-05,0.0007829946698620915,-0.0006935314886504784,0.0006935314886504784,4.809859257497487e-07
20,merged_z_m0p042_dedup_filtered,48,0.0009715404594317079,0.0008238583686761558,0.00014768209075555205,0.00014768209075555205,2.1809999929931113e-08
20,merged_z_m0p042_dedup_filtered,49,0.001708704512566328,0.0008647360373288393,0.0008439684752374887,0.0008439684752374887,7.122827871946917e-07
20,merged_z_m0p042_dedup_filtered,50,0.002264506183564663,0.0009056436247192323,0.0013588625588454306,0.0013588625588454306,1.8465074538319514e-06
20,merged_z_m0p042_dedup_filtered,51,0.0026284134946763515,0.0009466128540225327,0.0016818006406538188,0.0016818006406538188,2.8284533949035955e-06
20,merged_z_m0p042_dedup_filtered,52,0.0028030923567712307,0.0009877001866698265,0.0018153921701014042,0.0018153921701014042,3.2956487312654856e-06
20,merged_z_m0p042_dedup_filtered,53,-0.0024894506204873323,0.0014846447156742215,-0.003974095336161554,0.003974095336161554,1.5793433740901014e-05
20,merged_z_m0p042_dedup_filtered,54,-0.0012063139583915472,0.0013856397708877921,-0.0025919537292793393,0.0025919537292793393,6.718224134725075e-06
20,merged_z_m0p042_dedup_filtered,55,0.0026915872003883123,0.00046105115325190127,0.002230536047136411,0.002230536047136411,4.975291057574926e-06
20,merged_z_m0p042_dedup_filtered,56,0.0040462426841259,0.0004815375432372093,0.003564705140888691,0.003564705140888691,1.2707122741478262e-05
20,merged_z_m0p042_dedup_filtered,57,0.004550758749246597,0.0005020664539188147,0.004048692295327783,0.004048692295327783,1.639190930224655e-05
20,merged_z_m0p042_dedup_filtered,58,-0.010127103887498379,-8.765365322460639e-08,-0.010127016233845154,0.010127016233845154,0.00010255645780056329
20,merged_z_m0p042_dedup_filtered,59,-0.00970711000263691,-8.278884422452393e-08,-0.009707027213792685,0.009707027213792685,9.422637732931177e-05
20,merged_z_m0p042_dedup_filtered,60,-0.008892768993973732,-7.802069035278691e-08,-0.00889269097328338,0.00889269097328338,7.90799527463157e-05
20,merged_z_m0p042_dedup_filtered,61,-0.007762093096971512,-7.334247698054241e-08,-0.007762019754494531,0.007762019754494531,6.024895066916334e-05
20,merged_z_m0p042_dedup_filtered,62,-0.006419257260859013,-6.88823433847574e-08,-0.006419188378515628,0.006419188378515628,4.12059794388701e-05
20,merged_z_m0p042_dedup_filtered,63,-0.004980696365237236,-6.451631406889646e-08,-0.004980631848923167,0.004980631848923167,2.4806693614507806e-05
20,merged_z_m0p042_dedup_filtered,64,-0.003560330020263791,-6.008493613762766e-08,-0.0035602699353276535,0.0035602699353276535,1.2675522012397973e-05
20,merged_z_m0p042_dedup_filtered,65,-0.0022562495432794094,-5.5533046605660275e-08,-0.0022561940102328037,0.0022561940102328037,5.0904114118103806e-06
20,merged_z_m0p042_dedup_filtered,66,-0.0011408575810492039,-5.0840792908957155e-08,-0.001140806740256295,0.001140806740256295,1.3014400186141936e-06
20,merged_z_m0p042_dedup_filtered,67,0.006996637210249901,-0.0003287561412435025,0.007325393351493403,0.007325393351493403,5.3661387754103755e-05
20,merged_z_m0p042_dedup_filtered,68,0.005477756727486849,-0.0003491897659841925,0.005826946493471041,0.005826946493471041,3.395330543777446e-05
20,merged_z_m0p042_dedup_filtered,69,0.0024948720820248127,-0.00036962368176318705,0.0028644957637879997,0.0028644957637879997,8.205335980759395e-06
20,merged_z_m0p042_dedup_filtered,70,-0.0017780591733753681,-0.00039005829603411257,-0.0013880008773412555,0.0013880008773412555,1.926546435500095e-06
20,merged_z_m0p042_dedup_filtered,71,-0.006916556041687727,-0.00041049456922337413,-0.006506061472464353,0.006506061472464353,4.232883588348502e-05
20,merged_z_m0p042_dedup_filtered,72,-0.012301921844482422,-0.00043093538261018693,-0.011870986461872235,0.011870986461872235,0.0001409203195779539
20,merged_z_m0p042_dedup_filtered,73,-0.01721874251961708,-0.00045138722634874284,-0.016767355293268338,0.016767355293268338,0.00028114420353069375
20,merged_z_m0p042_dedup_filtered,74,-0.02097569778561592,-0.000471863808343187,-0.020503833977272734,0.020503833977272734,0.0004204072077675638
20,merged_z_m0p042_dedup_filtered,75,-0.023026596754789352,-0.0004923840169794858,-0.022534212737809867,0.022534212737809867,0.0005077907437128725
20,merged_z_m0p042_dedup_filtered,76,-0.0181758813560009,-0.0009862297447398305,-0.01718965161126107,0.01718965161126107,0.0002954841225165303
20,merged_z_m0p042_dedup_filtered,77,-0.01646270789206028,-0.0009451392688788474,-0.015517568623181432,0.015517568623181432,0.0002407949359751449
20,merged_z_m0p042_dedup_filtered,78,0.0007141614332795143,0.0004405994259286672,0.0002735620073508471,0.0002735620073508471,7.483617186582494e-08
20,merged_z_m0p042_dedup_filtered,79,-0.0015578779857605696,0.0004201637639198452,-0.001978041749680415,0.001978041749680415,3.912649163478757e-06
20,merged_z_m0p042_dedup_filtered,80,-0.0037546679377555847,0.0003997348539996892,-0.004154402791755274,0.004154402791755274,1.7259062556144013e-05
20,merged_z_m0p042_dedup_filtered,81,-0.00552974222227931,0.00037930873804725707,-0.005909050960326567,0.005909050960326567,3.4916883251736326e-05
20,merged_z_m0p042_dedup_filtered,82,-0.0066185807809233665,0.00035888361162506044,-0.006977464392548427,0.006977464392548427,4.868500934928119e-05
20,merged_z_m0p042_dedup_filtered,83,-0.006879576947540045,0.0003384589799679816,-0.007218035927508026,0.007218035927508026,5.210004265079665e-05
20,merged_z_m0p042_dedup_filtered,84,-0.0063102697022259235,0.0003180345520377159,-0.0066283042542636395,0.0066283042542636395,4.393441728708946e-05
20,merged_z_m0p042_dedup_filtered,85,-0.005036838818341494,0.00029760986217297614,-0.00533444868051447,0.00533444868051447,2.8456342725042566e-05
20,merged_z_m0p042_dedup_filtered,86,-0.0032803912181407213,0.00027718511410057545,-0.0035575763322412968,0.0035575763322412968,1.2656349359723438e-05
20,merged_z_m0p042_dedup_filtered,87,-0.0013081455836072564,0.00025676030782051384,-0.0015649058914277703,0.0015649058914277703,2.4489304490253443e-06
20,merged_z_m0p042_dedup_filtered,88,0.0006196340546011925,0.00023633554519619793,0.00038329850940499455,0.00038329850940499455,1.469177473120907e-07
20,merged_z_m0p042_dedup_filtered,89,0.0022957436740398407,0.0002159112336812541,0.0020798324403585866,0.0020798324403585866,4.3257029799679535e-06
20,merged_z_m0p042_dedup_filtered,90,0.003596019232645631,0.0001954879699042067,0.003400531262741424,0.003400531262741424,1.1563612868881784e-05
20,merged_z_m0p042_dedup_filtered,91,0.004488001577556133,0.0001750672236084938,0.0043129343539476395,0.0043129343539476395,1.8601402741461742e-05
20,merged_z_m0p042_dedup_filtered,92,0.00501807127147913,0.0001546525745652616,0.004863418696913868,0.004863418696913868,2.3652841421491388e-05
20,merged_z_m0p042_dedup_filtered,93,0.005281713791191578,0.00013425250654108822,0.00514746128465049,0.00514746128465049,2.649635767697567e-05
20,merged_z_m0p042_dedup_filtered,94,4.8619695007801056e-05,-0.0001346870994893834,0.00018330679449718446,0.00018330679449718446,3.3601380908833013e-08
20,merged_z_m0p042_dedup_filtered,95,0.00038496358320116997,-0.00011431432358222082,0.0004992779067833908,0.0004992779067833908,2.4927842820200426e-07
20,merged_z_m0p042_dedup_filtered,96,0.0008343062363564968,-0.00023012967722024769,0.0010644359135767445,0.0010644359135767445,1.1330238141119587e-06
20,merged_z_m0p042_dedup_filtered,97,0.0008869783487170935,-0.00034439569571986794,0.0012313740444369614,0.0012313740444369614,1.5162820373130398e-06
20,merged_z_m0p042_dedup_filtered,98,0.0009242999367415905,-0.00040538940811529756,0.001329689344856888,0.001329689344856888,1.7680737538259402e-06
20,merged_z_m0p042_dedup_filtered,99,0.000622249674052,-0.0002708356478251517,0.0008930853218771517,0.0008930853218771517,7.976013921524157e-07
20,merged_z_m0p042_dedup_filtered,100,0.0004323860630393028,-0.000311625306494534,0.0007440113695338368,0.0007440113695338368,5.535529179956155e-07
20,merged_z_m0p042_dedup_filtered,101,0.0010544934775680304,-0.00046654770267196,0.0015210411802399904,0.0015210411802399904,2.313566271985863e-06
20,merged_z_m0p042_dedup_filtered,102,0.0013537125196307898,-0.0005277741001918912,0.001881486619822681,0.001881486619822681,3.5399919005717776e-06
20,merged_z_m0p042_dedup_filtered,103,0.00045506516471505165,-0.0003524541389197111,0.0008075193036347628,0.0008075193036347628,6.520874257427722e-07
20,merged_z_m0p042_dedup_filtered,104,0.0008655143901705742,-0.00039330110303126276,0.001258815493201837,0.001258815493201837,1.584616445924984e-06
20,merged_z_m0p042_dedup_filtered,105,0.0018835350638255477,-0.0005890292231924832,0.002472564287018031,0.002472564287018031,6.113574153436983e-06
20,merged_z_m0p042_dedup_filtered,106,0.0026603771839290857,-0.0006503114709630609,0.0033106886548921466,0.0033106886548921466,1.0960659369631571e-05
20,merged_z_m0p042_dedup_filtered,107,0.0017611441435292363,-0.000434155750554055,0.0021952998940832913,0.0021952998940832913,4.81934162496211e-06
20,merged_z_m0p042_dedup_filtered,108,0.0006106860237196088,-0.005079291295260191,0.0056899773189798,0.0056899773189798,3.237584189050455e-05
20,merged_z_m0p042_dedup_filtered,109,-0.00023250305093824863,-0.000195943663129583,-3.655938780866563e-05,3.655938780866563e-05,1.3365888369444093e-09
20,merged_z_m0p042_dedup_filtered,110,-0.0004891948774456978,-0.00017551530618220568,-0.0003136795712634921,0.0003136795712634921,9.839487342804822e-08
20,merged_z_m0p042_dedup_filtered,111,-0.0003211335279047489,-0.0001550936867715791,-0.00016603984113316983,0.00016603984113316983,2.7569228843528276e-08
20,merged_z_m0p042_dedup_filtered,112,0.0009241867810487747,-0.00018960496527142823,0.001113791746320203,0.001113791746320203,1.2405320541710073e-06
20,merged_z_m0p042_dedup_filtered,113,0.003113532904535532,-0.00047501467633992434,0.0035885475808754563,0.0035885475808754563,1.287767374020709e-05
20,merged_z_m0p042_dedup_filtered,114,0.0036330651491880417,-0.0007115888292901218,0.0043446539784781635,0.0043446539784781635,1.8876018192706134e-05
20,merged_z_m0p042_dedup_filtered,115,0.004675507545471191,-0.0007728756172582507,0.005448383162729442,0.005448383162729442,2.968487908791368e-05
20,merged_z_m0p042_dedup_filtered,116,0.004748351871967316,-0.0005158754647709429,0.005264227336738259,0.005264227336738259,2.771208945286238e-05
20,merged_z_m0p042_dedup_filtered,117,0.006360464263707399,-0.0005567368352785707,0.00691720109898597,0.00691720109898597,4.784767104381271e-05
20,merged_z_m0p042_dedup_filtered,118,0.005598013289272785,-0.0008341713109984994,0.006432184600271285,0.006432184600271285,4.1372998731967065e-05
20,merged_z_m0p042_dedup_filtered,119,0.006176558788865805,-0.0008954599034041166,0.007072018692269921,0.007072018692269921,5.001344838381517e-05
20,merged_z_m0p042_dedup_filtered,120,0.0054373531602323055,-0.00027767239953391254,0.005715025559766218,0.005715025559766218,3.266151714878117e-05
20,merged_z_m0p042_dedup_filtered,121,0.003682502079755068,-0.00025723950238898396,0.003939741582144052,0.003939741582144052,1.5521563734074916e-05
20,merged_z_m0p042_dedup_filtered,122,-0.0010595149360597134,0.000771452090702951,-0.0018309670267626643,0.0018309670267626643,3.352440253092111e-06
20,merged_z_m0p042_dedup_filtered,123,-0.000936620868742466,0.0008390358416363597,-0.0017756567103788257,0.0017756567103788257,3.1529567531133528e-06
20,merged_z_m0p042_dedup_filtered,124,0.0012302584946155548,0.0009618177427910268,0.000268440751824528,0.000268440751824528,7.206043724011782e-08
20,merged_z_m0p042_dedup_filtered,125,0.003073436673730612,0.0010490822605788708,0.002024354413151741,0.002024354413151741,4.09801079004693e-06
20,merged_z_m0p042_dedup_filtered,126,0.003253367729485035,-0.02352779731154442,0.026781165041029453,0.026781165041029453,0.0007172308009548581
20,merged_z_m0p042_dedup_filtered,127,0.002687747124582529,0.0011778248008340597,0.0015099223237484694,0.0015099223237484694,2.2798654237539775e-06
21,merged_z_m0p044_dedup_filtered,0,-0.010872739367187023,-0.001447714283131063,-0.00942502508405596,0.00942502508405596,8.883109783508406e-05
21,merged_z_m0p044_dedup_filtered,1,-0.009288524277508259,-0.001375006278976798,-0.00791351799853146,0.00791351799853146,6.262376711308138e-05
21,merged_z_m0p044_dedup_filtered,2,-0.006880180910229683,-0.0013246310409158468,-0.005555549869313836,0.005555549869313836,3.086413435043298e-05
21,merged_z_m0p044_dedup_filtered,3,-0.011249659582972527,-0.0008837009663693607,-0.010365958616603166,0.010365958616603166,0.00010745309804112942
21,merged_z_m0p044_dedup_filtered,4,-0.00673404848203063,-0.0008428021101281047,-0.005891246371902525,0.005891246371902525,3.470678381445467e-05
21,merged_z_m0p044_dedup_filtered,5,-0.003987495321780443,-0.001263270853087306,-0.002724224468693137,0.002724224468693137,7.4213989558264055e-06
21,merged_z_m0p044_dedup_filtered,6,-0.0009793912759050727,-0.0012019394198432565,0.00022254814393818378,0.00022254814393818378,4.952767637033057e-08
21,merged_z_m0p044_dedup_filtered,7,-0.0021029124036431313,-0.0008019231609068811,-0.0013009892427362502,0.0013009892427362502,1.6925730097154416e-06
21,merged_z_m0p044_dedup_filtered,8,0.002051131334155798,-0.0007610530010424554,0.0028121843351982534,0.0028121843351982534,7.908380735134442e-06
21,merged_z_m0p044_dedup_filtered,9,0.0017814532620832324,-0.0011406324338167906,0.002922085695900023,0.002922085695900023,8.538584814183522e-06
21,merged_z_m0p044_dedup_filtered,10,0.0040000686421990395,-0.0010793345281854272,0.005079403170384467,0.005079403170384467,2.580033656731177e-05
21,merged_z_m0p044_dedup_filtered,11,0.005259716883301735,-0.0007201872649602592,0.005979904148261994,0.005979904148261994,3.5759253622401e-05
21,merged_z_m0p044_dedup_filtered,12,0.0072479164227843285,-0.0006793235661461949,0.007927239988930523,0.007927239988930523,6.28411338420992e-05
21,merged_z_m0p044_dedup_filtered,13,0.0054903654381632805,-0.0010180397657677531,0.006508405203931034,0.006508405203931034,4.235933829855656e-05
21,merged_z_m0p044_dedup_filtered,14,0.006194340996444225,-0.0009567463421262801,0.007151087338570505,0.007151087338570505,5.113805012386339e-05
21,merged_z_m0p044_dedup_filtered,15,0.007963702082633972,-0.000638460973277688,0.00860216305591166,0.00860216305591166,7.399720924049143e-05
21,merged_z_m0p044_dedup_filtered,16,0.007563950959593058,-0.0005975988460704684,0.008161549805663526,0.008161549805663526,6.661089523032634e-05
21,merged_z_m0p044_dedup_filtered,17,0.006792826112359762,-0.013692357577383518,0.02048518368974328,0.02048518368974328,0.0004196427508025241
21,merged_z_m0p044_dedup_filtered,18,9.516021236777306e-05,-4.381816864906796e-08,9.520403053642212e-05,9.520403053642212e-05,9.063807430379995e-09
21,merged_z_m0p044_dedup_filtered,19,0.000625055399723351,-3.940547443903597e-08,0.00062509480519779,0.00062509480519779,3.9074351548526307e-07
21,merged_z_m0p044_dedup_filtered,20,0.000946300569921732,-3.528859693346931e-08,0.0009463358585186654,0.0009463358585186654,8.955515571182595e-07
21,merged_z_m0p044_dedup_filtered,21,0.0011005945270881057,-3.133590809056841e-08,0.0011006258629961962,0.0011006258629961962,1.2113772902961218e-06
21,merged_z_m0p044_dedup_filtered,22,0.0011355909518897533,-2.7436634297828277e-08,0.0011356183885240512,0.0011356183885240512,1.2896291243539629e-06
21,merged_z_m0p044_dedup_filtered,23,0.0010971323354169726,-2.3607100274603e-08,0.0010971559425172472,0.0010971559425172472,1.2037511622009091e-06
21,merged_z_m0p044_dedup_filtered,24,0.0010237968526780605,-1.99208045614796e-08,0.001023816773482622,0.001023816773482622,1.0482007856643664e-06
21,merged_z_m0p044_dedup_filtered,25,0.0009442605078220367,-1.6569588368042787e-08,0.0009442770774104048,0.0009442770774104048,8.916591989227355e-07
21,merged_z_m0p044_dedup_filtered,26,0.0008772701257839799,-1.3542215349104936e-08,0.000877283667999329,0.000877283667999329,7.696266341383569e-07
21,merged_z_m0p044_dedup_filtered,27,0.0008334419690072536,-1.0667145389220423e-08,0.0008334526361526429,0.0008334526361526429,6.946432967097897e-07
21,merged_z_m0p044_dedup_filtered,28,0.0008177636191248894,-7.969680915209665e-09,0.0008177715888058046,0.0008177715888058046,6.687503714579699e-07
21,merged_z_m0p044_dedup_filtered,29,0.005433060694485903,9.47217849898152e-05,0.005338338909496088,0.005338338909496088,2.8497862312639877e-05
21,merged_z_m0p044_dedup_filtered,30,0.013473683968186378,0.00021143874619156122,0.013262245221994817,0.013262245221994817,0.00017588714832832435
21,merged_z_m0p044_dedup_filtered,31,0.012535447254776955,0.00025207229191437364,0.012283374962862581,0.012283374962862581,0.0001508813004782793
21,merged_z_m0p044_dedup_filtered,32,0.016191022470593452,0.00037894511478953063,0.015812077355803922,0.015812077355803922,0.00025002179030592716
21,merged_z_m0p044_dedup_filtered,33,0.013117797672748566,-0.0008929123869165778,0.014010710059665143,0.014010710059665143,0.00019629999637600204
21,merged_z_m0p044_dedup_filtered,34,0.01073987502604723,0.0004891888820566237,0.010250686143990606,0.010250686143990606,0.000105076566422601
21,merged_z_m0p044_dedup_filtered,35,0.008535748347640038,0.0003336321096867323,0.008202116237953305,0.008202116237953305,6.727471078089728e-05
21,merged_z_m0p044_dedup_filtered,36,0.005949299782514572,0.00037446481292136014,0.005574834969593212,0.005574834969593212,3.107878493819935e-05
21,merged_z_m0p044_dedup_filtered,37,0.003348378697410226,0.0004153090703766793,0.0029330696270335466,0.0029330696270335466,8.602897437026707e-06
21,merged_z_m0p044_dedup_filtered,38,0.0030918573029339314,0.0006241575465537608,0.0024676997563801706,0.0024676997563801706,6.089542087638753e-06
21,merged_z_m0p044_dedup_filtered,39,0.0009991885162889957,0.0004561584210023284,0.0005430300952866673,0.0005430300952866673,2.94881684387047e-07
21,merged_z_m0p044_dedup_filtered,40,-0.0008885632269084454,0.0004970102454535663,-0.0013855734723620117,0.0013855734723620117,1.9198138473133223e-06
21,merged_z_m0p044_dedup_filtered,41,-0.0021853663492947817,0.0005378634086810052,-0.002723229757975787,0.002723229757975787,7.415980314724863e-06
21,merged_z_m0p044_dedup_filtered,42,-0.0028509204275906086,0.0005787170375697315,-0.00342963746516034,0.00342963746516034,1.1762413142431443e-05
21,merged_z_m0p044_dedup_filtered,43,-0.0029280921444296837,0.0006195716559886932,-0.003547663800418377,0.003547663800418377,1.2585918440798961e-05
21,merged_z_m0p044_dedup_filtered,44,-0.0025244303978979588,0.0006604263326153159,-0.0031848567305132747,0.0031848567305132747,1.0143312393895705e-05
21,merged_z_m0p044_dedup_filtered,45,-0.0017858955543488264,0.0007012812420725822,-0.0024871767964214087,0.0024871767964214087,6.186048416657061e-06
21,merged_z_m0p044_dedup_filtered,46,-0.0008685961365699768,0.0007421369664371014,-0.0016107331030070782,0.0016107331030070782,2.5944611291228107e-06
21,merged_z_m0p044_dedup_filtered,47,8.587968477513641e-05,0.0007829946698620915,-0.0006971149850869551,0.0006971149850869551,4.859693024327857e-07
21,merged_z_m0p044_dedup_filtered,48,0.0009673070162534714,0.0008238583686761558,0.00014344864757731557,0.00014344864757731557,2.0577514491760884e-08
21,merged_z_m0p044_dedup_filtered,49,0.0017037367215380073,0.0008647360373288393,0.000839000684209168,0.000839000684209168,7.03922148103452e-07
21,merged_z_m0p044_dedup_filtered,50,0.002258834894746542,0.0009056436247192323,0.0013531912700273097,0.0013531912700273097,1.8311266132781233e-06
21,merged_z_m0p044_dedup_filtered,51,0.002622192492708564,0.0009466128540225327,0.001675579638686031,0.001675579638686031,2.8075671255792105e-06
21,merged_z_m0p044_dedup_filtered,52,0.0027965777553617954,0.0009877001866698265,0.001808877568691969,0.001808877568691969,3.2720380585169687e-06
21,merged_z_m0p044_dedup_filtered,53,-0.002496077911928296,0.0014846447156742215,-0.003980722627602518,0.003980722627602518,1.5846152637906692e-05
21,merged_z_m0p044_dedup_filtered,54,-0.0012122136540710926,0.0013856397708877921,-0.0025978534249588847,0.0025978534249588847,6.748842417570608e-06
21,merged_z_m0p044_dedup_filtered,55,0.0026855457108467817,0.00046105115325190127,0.0022244945575948805,0.0022244945575948805,4.948376036769243e-06
21,merged_z_m0p044_dedup_filtered,56,0.004039956256747246,0.0004815375432372093,0.0035584187135100365,0.0035584187135100365,1.2662343740658423e-05
21,merged_z_m0p044_dedup_filtered,57,0.00454438291490078,0.0005020664539188147,0.004042316460981965,0.004042316460981965,1.634032237072576e-05
21,merged_z_m0p044_dedup_filtered,58,-0.01013344619423151,-8.765365322460639e-08,-0.010133358540578286,0.010133358540578286,0.00010268495531191088
21,merged_z_m0p044_dedup_filtered,59,-0.009713365696370602,-8.278884422452393e-08,-0.009713282907526377,0.009713282907526377,9.434786484164407e-05
21,merged_z_m0p044_dedup_filtered,60,-0.008898843079805374,-7.802069035278691e-08,-0.008898765059115021,0.008898765059115021,7.918801957732637e-05
21,merged_z_m0p044_dedup_filtered,61,-0.00776788592338562,-7.334247698054241e-08,-0.00776781258090864,0.00776781258090864,6.033891229212254e-05
21,merged_z_m0p044_dedup_filtered,62,-0.006424658000469208,-6.88823433847574e-08,-0.006424589118125823,0.006424589118125823,4.127534533674074e-05
21,merged_z_m0p044_dedup_filtered,63,-0.00498558534309268,-6.451631406889646e-08,-0.004985520826778611,0.004985520826778611,2.4855417914243286e-05
21,merged_z_m0p044_dedup_filtered,64,-0.003564579179510474,-6.008493613762766e-08,-0.0035645190945743366,0.0035645190945743366,1.2705796375585048e-05
21,merged_z_m0p044_dedup_filtered,65,-0.0022597271017730236,-5.5533046605660275e-08,-0.002259671568726418,0.002259671568726418,5.10611559851051e-06
21,merged_z_m0p044_dedup_filtered,66,-0.001143433852121234,-5.0840792908957155e-08,-0.001143383011328325,0.001143383011328325,1.3073247105942286e-06
21,merged_z_m0p044_dedup_filtered,67,0.006995087955147028,-0.0003287561412435025,0.0073238440963905305,0.0073238440963905305,5.3638692348234425e-05
21,merged_z_m0p044_dedup_filtered,68,0.005475071258842945,-0.0003491897659841925,0.005824261024827138,0.005824261024827138,3.392201648532046e-05
21,merged_z_m0p044_dedup_filtered,69,0.002491189632564783,-0.00036962368176318705,0.00286081331432797,0.00286081331432797,8.184252819436184e-06
21,merged_z_m0p044_dedup_filtered,70,-0.0017825770191848278,-0.00039005829603411257,-0.0013925187231507152,0.0013925187231507152,1.9391083943252983e-06
21,merged_z_m0p044_dedup_filtered,71,-0.006921741180121899,-0.00041049456922337413,-0.0065112466108985245,0.0065112466108985245,4.239633242793752e-05
21,merged_z_m0p044_dedup_filtered,72,-0.012307609431445599,-0.00043093538261018693,-0.011876674048835412,0.011876674048835412,0.00014105538646228054
21,merged_z_m0p044_dedup_filtered,73,-0.017224784940481186,-0.00045138722634874284,-0.016773397714132443,0.016773397714132443,0.00028134687087646347
21,merged_z_m0p044_dedup_filtered,74,-0.020981963723897934,-0.000471863808343187,-0.020510099915554747,0.020510099915554747,0.00042066419854603883
21,merged_z_m0p044_dedup_filtered,75,-0.02303297072649002,-0.0004923840169794858,-0.022540586709510535,0.022540586709510535,0.000508078049208963
21,merged_z_m0p044_dedup_filtered,76,-0.01818220503628254,-0.0009862297447398305,-0.01719597529154271,0.01719597529154271,0.00029570156622734734
21,merged_z_m0p044_dedup_filtered,77,-0.016468891873955727,-0.0009451392688788474,-0.01552375260507688,0.01552375260507688,0.0002409868949436312
21,merged_z_m0p044_dedup_filtered,78,0.0007084859535098076,0.0004405994259286672,0.0002678865275811404,0.0002678865275811404,7.17631916594811e-08
21,merged_z_m0p044_dedup_filtered,79,-0.0015631099231541157,0.0004201637639198452,-0.001983273687073961,0.001983273687073961,3.933374517839943e-06
21,merged_z_m0p044_dedup_filtered,80,-0.003759422805160284,0.0003997348539996892,-0.004159157659159973,0.004159157659159973,1.7298592433749067e-05
21,merged_z_m0p044_dedup_filtered,81,-0.005534019321203232,0.00037930873804725707,-0.005913328059250489,0.005913328059250489,3.496744873631915e-05
21,merged_z_m0p044_dedup_filtered,82,-0.006622387561947107,0.00035888361162506044,-0.006981271173572168,0.006981271173572168,4.873814719894971e-05
21,merged_z_m0p044_dedup_filtered,83,-0.00688290735706687,0.0003384589799679816,-0.007221366337034851,0.007221366337034851,5.214813177366014e-05
21,merged_z_m0p044_dedup_filtered,84,-0.006313077174127102,0.0003180345520377159,-0.006631111726164818,0.006631111726164818,4.397164272488055e-05
21,merged_z_m0p044_dedup_filtered,85,-0.005039024632424116,0.00029760986217297614,-0.005336634494597092,0.005336634494597092,2.847966772892356e-05
21,merged_z_m0p044_dedup_filtered,86,-0.003281803335994482,0.00027718511410057545,-0.0035589884500950575,0.0035589884500950575,1.266639878791002e-05
21,merged_z_m0p044_dedup_filtered,87,-0.0013085936661809683,0.00025676030782051384,-0.0015653539740014821,0.0015653539740014821,2.450333063922233e-06
21,merged_z_m0p044_dedup_filtered,88,0.0006203479133546352,0.00023633554519619793,0.0003840123681584373,0.0003840123681584373,1.474654988986512e-07
21,merged_z_m0p044_dedup_filtered,89,0.0022977879270911217,0.0002159112336812541,0.0020818766934098676,0.0020818766934098676,4.334210566563204e-06
21,merged_z_m0p044_dedup_filtered,90,0.003599491436034441,0.0001954879699042067,0.0034040034661302343,0.0034040034661302343,1.1587239597426649e-05
21,merged_z_m0p044_dedup_filtered,91,0.004492893815040588,0.0001750672236084938,0.004317826591432095,0.004317826591432095,1.86436264736781e-05
21,merged_z_m0p044_dedup_filtered,92,0.005024251062422991,0.0001546525745652616,0.004869598487857729,0.004869598487857729,2.3712989432946283e-05
21,merged_z_m0p044_dedup_filtered,93,0.005288919899612665,0.00013425250654108822,0.005154667393071577,0.005154667393071577,2.6570595933195326e-05
21,merged_z_m0p044_dedup_filtered,94,5.66309317946434e-05,-0.0001346870994893834,0.0001913180312840268,0.0001913180312840268,3.660258909439586e-08
21,merged_z_m0p044_dedup_filtered,95,0.0003932272084057331,-0.00011431432358222082,0.0005075415319879539,0.0005075415319879539,2.5759840669267926e-07
21,merged_z_m0p044_dedup_filtered,96,0.0008427719585597515,-0.00023012967722024769,0.0010729016357799992,0.0010729016357799992,1.151117920059398e-06
21,merged_z_m0p044_dedup_filtered,97,0.000895513454452157,-0.00034439569571986794,0.001239909150172025,0.001239909150172025,1.5373747006803132e-06
21,merged_z_m0p044_dedup_filtered,98,0.00093250279314816,-0.00040538940811529756,0.0013378922012634575,0.0013378922012634575,1.78995554220158e-06
21,merged_z_m0p044_dedup_filtered,99,0.000630426686257124,-0.0002708356478251517,0.0009012623340822756,0.0009012623340822756,8.122737948354314e-07
21,merged_z_m0p044_dedup_filtered,100,0.00044008856639266014,-0.000311625306494534,0.0007517138728871942,0.0007517138728871942,5.650737466910647e-07
21,merged_z_m0p044_dedup_filtered,101,0.0010621573310345411,-0.00046654770267196,0.0015287050337065011,0.0015287050337065011,2.3369390800795947e-06
21,merged_z_m0p044_dedup_filtered,102,0.0013606504071503878,-0.0005277741001918912,0.001888424507342279,0.001888424507342279,3.566147119930929e-06
21,merged_z_m0p044_dedup_filtered,103,0.00046211457811295986,-0.0003524541389197111,0.000814568717032671,0.000814568717032671,6.635221947682516e-07
21,merged_z_m0p044_dedup_filtered,104,0.0008717470336705446,-0.00039330110303126276,0.0012650481367018074,0.0012650481367018074,1.6003467881727147e-06
21,merged_z_m0p044_dedup_filtered,105,0.001889589475467801,-0.0005890292231924832,0.0024786186986602843,0.0024786186986602843,6.143550653348401e-06
21,merged_z_m0p044_dedup_filtered,106,0.0026654216926544905,-0.0006503114709630609,0.0033157331636175513,0.0033157331636175513,1.0994086412313255e-05
21,merged_z_m0p044_dedup_filtered,107,0.001766414730809629,-0.000434155750554055,0.002200570481363684,0.002200570481363684,4.842510443449196e-06
21,merged_z_m0p044_dedup_filtered,108,0.0006159038748592138,-0.005321163684129715,0.005937067558988929,0.005937067558988929,3.524877119999876e-05
21,merged_z_m0p044_dedup_filtered,109,-0.000226310221478343,-0.000195943663129583,-3.036655834876001e-05,3.036655834876001e-05,9.221278659486462e-10
21,merged_z_m0p044_dedup_filtered,110,-0.00048221834003925323,-0.00017551530618220568,-0.00030670303385704756,0.00030670303385704756,9.406675097711726e-08
21,merged_z_m0p044_dedup_filtered,111,-0.0003135506995022297,-0.0001550936867715791,-0.0001584570127306506,0.0001584570127306506,2.5108624883521568e-08
21,merged_z_m0p044_dedup_filtered,112,0.000932750292122364,-0.00018960496527142823,0.0011223552573937923,0.0011223552573937923,1.2596813237994857e-06
21,merged_z_m0p044_dedup_filtered,113,0.003117721527814865,-0.00047501467633992434,0.0035927362041547894,0.0035927362041547894,1.2907753432644565e-05
21,merged_z_m0p044_dedup_filtered,114,0.003637008834630251,-0.0007115888292901218,0.004348597663920373,0.004348597663920373,1.8910301642653723e-05
21,merged_z_m0p044_dedup_filtered,115,0.004678293596953154,-0.0007728756172582507,0.005451169214211404,0.005451169214211404,2.971524580196618e-05
21,merged_z_m0p044_dedup_filtered,116,0.004751369822770357,-0.0005158754647709429,0.0052672452875413,0.0052672452875413,2.7743872919126033e-05
21,merged_z_m0p044_dedup_filtered,117,0.006362260784953833,-0.0005567368352785707,0.006918997620232403,0.006918997620232403,4.787252806878166e-05
21,merged_z_m0p044_dedup_filtered,118,0.005599618423730135,-0.0008341713109984994,0.006433789734728634,0.006433789734728634,4.139365035069955e-05
21,merged_z_m0p044_dedup_filtered,119,0.006176991853863001,-0.0008954599034041166,0.0070724517572671175,0.0070724517572671175,5.001957385887074e-05
21,merged_z_m0p044_dedup_filtered,120,0.005438997410237789,-0.00027767239953391254,0.005716669809771702,0.005716669809771702,3.268031371395522e-05
21,merged_z_m0p044_dedup_filtered,121,0.0036854322534054518,-0.00025723950238898396,0.003942671755794436,0.003942671755794436,1.554466057393918e-05
21,merged_z_m0p044_dedup_filtered,122,-0.0010612737387418747,0.000771452090702951,-0.0018327258294448256,0.0018327258294448256,3.358883965914224e-06
21,merged_z_m0p044_dedup_filtered,123,-0.0009388136677443981,0.0008390358416363597,-0.0017778495093807578,0.0017778495093807578,3.1607488780054012e-06
21,merged_z_m0p044_dedup_filtered,124,0.001228051958605647,0.0009618177427910268,0.00026623421581462026,0.00026623421581462026,7.08806576704258e-08
21,merged_z_m0p044_dedup_filtered,125,0.003071123268455267,0.0010490822605788708,0.002022041007876396,0.002022041007876396,4.088649837533792e-06
21,merged_z_m0p044_dedup_filtered,126,0.003250672947615385,-0.024648170918226242,0.027898843865841627,0.027898843865841627,0.000778345489050609
21,merged_z_m0p044_dedup_filtered,127,0.0026843997184187174,0.0011778248008340597,0.0015065749175846577,0.0015065749175846577,2.269767982295218e-06
22,merged_z_m0p046_dedup_filtered,0,-0.010878944769501686,-0.001447714283131063,-0.009431230486370623,0.009431230486370623,8.894810848704666e-05
22,merged_z_m0p046_dedup_filtered,1,-0.00929450336843729,-0.001375006278976798,-0.007919497089460492,0.007919497089460492,6.27184341499732e-05
22,merged_z_m0p046_dedup_filtered,2,-0.006885783281177282,-0.0013246310409158468,-0.0055611522402614355,0.0055611522402614355,3.092641423936478e-05
22,merged_z_m0p046_dedup_filtered,3,-0.011255361139774323,-0.0008837009663693607,-0.010371660173404962,0.010371660173404962,0.00010757133475259464
22,merged_z_m0p046_dedup_filtered,4,-0.006739252246916294,-0.0008428021101281047,-0.005896450136788189,0.005896450136788189,3.476812421562946e-05
22,merged_z_m0p046_dedup_filtered,5,-0.003992578946053982,-0.001263270853087306,-0.0027293080929666758,0.0027293080929666758,7.449122666333392e-06
22,merged_z_m0p046_dedup_filtered,6,-0.0009838214609771967,-0.0012019394198432565,0.00021811795886605978,0.00021811795886605978,4.7575443979896146e-08
22,merged_z_m0p046_dedup_filtered,7,-0.002107469132170081,-0.0008019231609068811,-0.0013055459712632,0.0013055459712632,1.7044502830815724e-06
22,merged_z_m0p046_dedup_filtered,8,0.002047366928309202,-0.0007610530010424554,0.0028084199293516576,0.0028084199293516576,7.88722249957957e-06
22,merged_z_m0p046_dedup_filtered,9,0.0017778021283447742,-0.0011406324338167906,0.002918434562161565,0.002918434562161565,8.517260293619165e-06
22,merged_z_m0p046_dedup_filtered,10,0.003997310064733028,-0.0010793345281854272,0.005076644592918456,0.005076644592918456,2.5772320322808192e-05
22,merged_z_m0p046_dedup_filtered,11,0.005256881006062031,-0.0007201872649602592,0.00597706827102229,0.00597706827102229,3.5725345116461384e-05
22,merged_z_m0p046_dedup_filtered,12,0.007246130146086216,-0.0006793235661461949,0.007925453712232411,0.007925453712232411,6.28128165447385e-05
22,merged_z_m0p046_dedup_filtered,13,0.005488598253577948,-0.0010180397657677531,0.006506638019345701,0.006506638019345701,4.2336338314794944e-05
22,merged_z_m0p046_dedup_filtered,14,0.006193646229803562,-0.0009567463421262801,0.007150392571929842,0.007150392571929842,5.112811393270946e-05
22,merged_z_m0p046_dedup_filtered,15,0.007963059470057487,-0.000638460973277688,0.008601520443335176,0.008601520443335176,7.398615393711295e-05
22,merged_z_m0p046_dedup_filtered,16,0.007564517203718424,-0.0005975988460704684,0.008162116049788892,0.008162116049788892,6.662013841022143e-05
22,merged_z_m0p046_dedup_filtered,17,0.006793138571083546,-0.014314736239612103,0.021107874810695648,0.021107874810695648,0.00044554237902399985
22,merged_z_m0p046_dedup_filtered,18,9.416393004357815e-05,-4.381816864906796e-08,9.420774821222722e-05,9.420774821222722e-05,8.8750998232184e-09
22,merged_z_m0p046_dedup_filtered,19,0.0006252281600609422,-3.940547443903597e-08,0.0006252675655353812,0.0006252675655353812,3.909595285105422e-07
22,merged_z_m0p046_dedup_filtered,20,0.000947703083511442,-3.528859693346931e-08,0.0009477383721083754,0.0009477383721083754,8.982080219666335e-07
22,merged_z_m0p046_dedup_filtered,21,0.0011032483307644725,-3.133590809056841e-08,0.001103279666672563,0.001103279666672563,1.2172260228931218e-06
22,merged_z_m0p046_dedup_filtered,22,0.0011394722387194633,-2.7436634297828277e-08,0.0011394996753537612,0.0011394996753537612,1.2984595101313272e-06
22,merged_z_m0p046_dedup_filtered,23,0.0011021681129932404,-2.3607100274603e-08,0.001102191720093515,0.001102191720093515,1.2148265878427012e-06
22,merged_z_m0p046_dedup_filtered,24,0.0010298645356670022,-1.99208045614796e-08,0.0010298844564715637,0.0010298844564715637,1.060661993681728e-06
22,merged_z_m0p046_dedup_filtered,25,0.0009511896641924977,-1.6569588368042787e-08,0.0009512062337808658,0.0009512062337808658,9.047932991835791e-07
22,merged_z_m0p046_dedup_filtered,26,0.0008848501602187753,-1.3542215349104936e-08,0.0008848637024341244,0.0008848637024341244,7.829837718854266e-07
22,merged_z_m0p046_dedup_filtered,27,0.000841428991407156,-1.0667145389220423e-08,0.0008414396585525452,0.0008414396585525452,7.080206989850239e-07
22,merged_z_m0p046_dedup_filtered,28,0.0008258942980319262,-7.969680915209665e-09,0.0008259022677128414,0.0008259022677128414,6.821145558132139e-07
22,merged_z_m0p046_dedup_filtered,29,0.0054411450400948524,9.47217849898152e-05,0.005346423255105037,0.005346423255105037,2.8584241622727942e-05
22,merged_z_m0p046_dedup_filtered,30,0.013481801375746727,0.00021143874619156122,0.013270362629555166,0.013270362629555166,0.00017610252431989428
22,merged_z_m0p046_dedup_filtered,31,0.012542907148599625,0.00025207229191437364,0.012290834856685251,0.012290834856685251,0.00015106462147430915
22,merged_z_m0p046_dedup_filtered,32,0.01619848795235157,0.00037894511478953063,0.01581954283756204,0.01581954283756204,0.00025025793558946044
22,merged_z_m0p046_dedup_filtered,33,0.013124123215675354,-0.0009334990754723549,0.014057622291147709,0.014057622291147709,0.00019761674448057296
22,merged_z_m0p046_dedup_filtered,34,0.010744714178144932,0.0004891888820566237,0.010255525296088308,0.010255525296088308,0.00010517579909870718
22,merged_z_m0p046_dedup_filtered,35,0.008540472947061062,0.0003336321096867323,0.00820684083737433,0.00820684083737433,6.735223652999499e-05
22,merged_z_m0p046_dedup_filtered,36,0.005952316336333752,0.00037446481292136014,0.0055778515234123915,0.0055778515234123915,3.1112427617233936e-05
22,merged_z_m0p046_dedup_filtered,37,0.003349736100062728,0.0004153090703766793,0.0029344270296860486,0.0029344270296860486,8.610861992552085e-06
22,merged_z_m0p046_dedup_filtered,38,0.0030928091146051884,0.0006241575465537608,0.0024686515680514276,0.0024686515680514276,6.094240564442772e-06
22,merged_z_m0p046_dedup_filtered,39,0.000999110983684659,0.0004561584210023284,0.0005429525626823306,0.0005429525626823306,2.9479748532331015e-07
22,merged_z_m0p046_dedup_filtered,40,-0.0008897418156266212,0.0004970102454535663,-0.0013867520610801876,0.0013867520610801876,1.9230812789101482e-06
22,merged_z_m0p046_dedup_filtered,41,-0.002187279984354973,0.0005378634086810052,-0.002725143393035978,0.002725143393035978,7.426406512607643e-06
22,merged_z_m0p046_dedup_filtered,42,-0.002853246871381998,0.0005787170375697315,-0.0034319639089517295,0.0034319639089517295,1.1778376272347235e-05
22,merged_z_m0p046_dedup_filtered,43,-0.002930613234639168,0.0006195716559886932,-0.003550184890627861,0.003550184890627861,1.2603812757642358e-05
22,merged_z_m0p046_dedup_filtered,44,-0.002527062315493822,0.0006604263326153159,-0.003187488648109138,0.003187488648109138,1.016008388182462e-05
22,merged_z_m0p046_dedup_filtered,45,-0.0017886838177219033,0.0007012812420725822,-0.0024899650597944856,0.0024899650597944856,6.199925998997356e-06
22,merged_z_m0p046_dedup_filtered,46,-0.0008716852753423154,0.0007421369664371014,-0.0016138222417794168,0.0016138222417794168,2.6044222280619424e-06
22,merged_z_m0p046_dedup_filtered,47,8.23047012090683e-05,0.0007829946698620915,-0.0007006899686530232,0.0007006899686530232,4.909664321709747e-07
22,merged_z_m0p046_dedup_filtered,48,0.0009630828280933201,0.0008238583686761558,0.00013922445941716433,0.00013922445941716433,1.9383450100001636e-08
22,merged_z_m0p046_dedup_filtered,49,0.0016987789422273636,0.0008647360373288393,0.0008340429048985243,0.0008340429048985243,6.956275672115688e-07
22,merged_z_m0p046_dedup_filtered,50,0.0022531733848154545,0.0009056436247192323,0.0013475297600962222,0.0013475297600962222,1.815836454344982e-06
22,merged_z_m0p046_dedup_filtered,51,0.002615981735289097,0.0009466128540225327,0.0016693688812665641,0.0016693688812665641,2.78679246174118e-06
22,merged_z_m0p046_dedup_filtered,52,0.002790073398500681,0.0009877001866698265,0.0018023732118308544,0.0018023732118308544,3.24854919472547e-06
22,merged_z_m0p046_dedup_filtered,53,-0.0025026900693774223,0.0014846447156742215,-0.003987334785051644,0.003987334785051644,1.589883868808284e-05
22,merged_z_m0p046_dedup_filtered,54,-0.0012181004276499152,0.0013856397708877921,-0.0026037401985377073,0.0026037401985377073,6.77946302148118e-06
22,merged_z_m0p046_dedup_filtered,55,0.0026795114390552044,0.00046105115325190127,0.002218460285803303,0.002218460285803303,4.921566039686473e-06
22,merged_z_m0p046_dedup_filtered,56,0.004033676814287901,0.0004815375432372093,0.0035521392710506916,0.0035521392710506916,1.2617693400940539e-05
22,merged_z_m0p046_dedup_filtered,57,0.004538011737167835,0.0005020664539188147,0.004035945283249021,0.004035945283249021,1.6288854329380017e-05
22,merged_z_m0p046_dedup_filtered,58,-0.010139779187738895,-8.765365322460639e-08,-0.01013969153408567,0.01013969153408567,0.00010281334440640862
22,merged_z_m0p046_dedup_filtered,59,-0.009719612076878548,-8.278884422452393e-08,-0.009719529288034323,0.009719529288034323,9.4469249580957e-05
22,merged_z_m0p046_dedup_filtered,60,-0.008904908783733845,-7.802069035278691e-08,-0.008904830763043492,0.008904830763043492,7.929601091844573e-05
22,merged_z_m0p046_dedup_filtered,61,-0.007773670367896557,-7.334247698054241e-08,-0.007773597025419576,0.007773597025419576,6.0428810713612086e-05
22,merged_z_m0p046_dedup_filtered,62,-0.006430050358176231,-6.88823433847574e-08,-0.006429981475832847,0.006429981475832847,4.134466177955355e-05
22,merged_z_m0p046_dedup_filtered,63,-0.004990466870367527,-6.451631406889646e-08,-0.004990402354053458,0.004990402354053458,2.4904115655342295e-05
22,merged_z_m0p046_dedup_filtered,64,-0.0035688220523297787,-6.008493613762766e-08,-0.003568761967393641,0.003568761967393641,1.2736061979915332e-05
22,merged_z_m0p046_dedup_filtered,65,-0.0022631988395005465,-5.5533046605660275e-08,-0.002263143306453941,0.002263143306453941,5.121817625547276e-06
22,merged_z_m0p046_dedup_filtered,66,-0.0011460043024271727,-5.0840792908957155e-08,-0.0011459534616342637,0.0011459534616342637,1.3132093362315519e-06
22,merged_z_m0p046_dedup_filtered,67,0.006993541494011879,-0.0003287561412435025,0.0073222976352553815,0.0073222976352553815,5.361604265926655e-05
22,merged_z_m0p046_dedup_filtered,68,0.005472388118505478,-0.0003491897659841925,0.00582157788448967,0.00582157788448967,3.3890769065179225e-05
22,merged_z_m0p046_dedup_filtered,69,0.00248750951141119,-0.00036962368176318705,0.002857133193174377,0.002857133193174377,8.163210083538812e-06
22,merged_z_m0p046_dedup_filtered,70,-0.001787091139703989,-0.00039005829603411257,-0.0013970328436698765,0.0013970328436698765,1.9517007662923415e-06
22,merged_z_m0p046_dedup_filtered,71,-0.006926919333636761,-0.00041049456922337413,-0.006516424764413387,0.006516424764413387,4.246379171026006e-05
22,merged_z_m0p046_dedup_filtered,72,-0.012313289567828178,-0.00043093538261018693,-0.011882354185217991,0.011882354185217991,0.00014119034098296752
22,merged_z_m0p046_dedup_filtered,73,-0.017230816185474396,-0.00045138722634874284,-0.016779428959125653,0.016779428959125653,0.0002815492361943446
22,merged_z_m0p046_dedup_filtered,74,-0.02098821848630905,-0.000471863808343187,-0.020516354677965865,0.020516354677965865,0.0004209208092720918
22,merged_z_m0p046_dedup_filtered,75,-0.023039331659674644,-0.0004923840169794858,-0.02254694764269516,0.02254694764269516,0.0005083648480024368
22,merged_z_m0p046_dedup_filtered,76,-0.018188519403338432,-0.0009862297447398305,-0.017202289658598602,0.017202289658598602,0.0002959187694983284
22,merged_z_m0p046_dedup_filtered,77,-0.016475068405270576,-0.0009451392688788474,-0.015529929136391729,0.015529929136391729,0.00024117869898134875
22,merged_z_m0p046_dedup_filtered,78,0.000702819786965847,0.0004405994259286672,0.00026222036103717983,0.00026222036103717983,6.875951774246894e-08
22,merged_z_m0p046_dedup_filtered,79,-0.001568331615999341,0.0004201637639198452,-0.0019884953799191862,0.0019884953799191862,3.954113875959949e-06
22,merged_z_m0p046_dedup_filtered,80,-0.0037641667295247316,0.0003997348539996892,-0.004163901583524421,0.004163901583524421,1.733807639727718e-05
22,merged_z_m0p046_dedup_filtered,81,-0.005538284312933683,0.00037930873804725707,-0.0059175930509809405,0.0059175930509809405,3.5017907517017915e-05
22,merged_z_m0p046_dedup_filtered,82,-0.006626184098422527,0.00035888361162506044,-0.006985067710047588,0.006985067710047588,4.879117091394945e-05
22,merged_z_m0p046_dedup_filtered,83,-0.006886227522045374,0.0003384589799679816,-0.0072246865020133555,0.0072246865020133555,5.219609505237397e-05
22,merged_z_m0p046_dedup_filtered,84,-0.006315875798463821,0.0003180345520377159,-0.006633910350501537,0.006633910350501537,4.400876653849143e-05
22,merged_z_m0p046_dedup_filtered,85,-0.005041203461587429,0.00029760986217297614,-0.005338813323760405,0.005338813323760405,2.8502927705961624e-05
22,merged_z_m0p046_dedup_filtered,86,-0.0032832100987434387,0.00027718511410057545,-0.003560395212844014,0.003560395212844014,1.2676414071642573e-05
22,merged_z_m0p046_dedup_filtered,87,-0.0013090383727103472,0.00025676030782051384,-0.001565798680530861,0.001565798680530861,2.4517255079521854e-06
22,merged_z_m0p046_dedup_filtered,88,0.0006210646242834628,0.00023633554519619793,0.00038472907908726484,0.00038472907908726484,1.4801646429533488e-07
22,merged_z_m0p046_dedup_filtered,89,0.0022998349741101265,0.0002159112336812541,0.0020839237404288724,0.0020839237404288724,4.342738155923062e-06
22,merged_z_m0p046_dedup_filtered,90,0.003602967131882906,0.0001954879699042067,0.0034074791619786993,0.0034074791619786993,1.1610914239319058e-05
22,merged_z_m0p046_dedup_filtered,91,0.004497791640460491,0.0001750672236084938,0.004322724416851997,0.004322724416851997,1.868594638404844e-05
22,merged_z_m0p046_dedup_filtered,92,0.005030436906963587,0.0001546525745652616,0.004875784332398325,0.004875784332398325,2.3773272856060982e-05
22,merged_z_m0p046_dedup_filtered,93,0.005296133458614349,0.00013425250654108822,0.005161880952073261,0.005161880952073261,2.6645014963376756e-05
22,merged_z_m0p046_dedup_filtered,94,6.465008482336998e-05,-0.0001346870994893834,0.00019933718431275338,0.00019933718431275338,3.973531304973661e-08
22,merged_z_m0p046_dedup_filtered,95,0.0004014992155134678,-0.00011431432358222082,0.0005158135390956886,0.0005158135390956886,2.660636071144195e-07
22,merged_z_m0p046_dedup_filtered,96,0.000851247925311327,-0.00023012967722024769,0.0010813776025315747,0.0010813776025315747,1.1693775192569363e-06
22,merged_z_m0p046_dedup_filtered,97,0.0009040609002113342,-0.00034439569571986794,0.0012484565959312022,0.0012484565959312022,1.558643871924125e-06
22,merged_z_m0p046_dedup_filtered,98,0.0009407168254256248,-0.00040538940811529756,0.0013461062335409224,0.0013461062335409224,1.8120019919777283e-06
22,merged_z_m0p046_dedup_filtered,99,0.0006386139430105686,-0.0002708356478251517,0.0009094495908357203,0.0009094495908357203,8.270985582712591e-07
22,merged_z_m0p046_dedup_filtered,100,0.0004477999173104763,-0.000311625306494534,0.0007594252238050103,0.0007594252238050103,5.7672667055129e-07
22,merged_z_m0p046_dedup_filtered,101,0.0010698295664042234,-0.00046654770267196,0.0015363772690761834,0.0015363772690761834,2.3604551129339914e-06
22,merged_z_m0p046_dedup_filtered,102,0.0013675957452505827,-0.0005277741001918912,0.0018953698454424739,0.0018953698454424739,3.5924268510126274e-06
22,merged_z_m0p046_dedup_filtered,103,0.00046917377039790154,-0.0003524541389197111,0.0008216279093176126,0.0008216279093176126,6.750724213696311e-07
22,merged_z_m0p046_dedup_filtered,104,0.0008779882919043303,-0.00039330110303126276,0.001271289394935593,0.001271289394935593,1.6161767256757062e-06
22,merged_z_m0p046_dedup_filtered,105,0.0018956497078761458,-0.0005890292231924832,0.002484678931068629,0.002484678931068629,6.173629390496345e-06
22,merged_z_m0p046_dedup_filtered,106,0.002670471090823412,-0.0006503114709630609,0.003320782561786473,0.003320782561786473,1.1027596822665129e-05
22,merged_z_m0p046_dedup_filtered,107,0.0017716926522552967,-0.000434155750554055,0.0022058484028093517,0.0022058484028093517,4.865767176176568e-06
22,merged_z_m0p046_dedup_filtered,108,0.000621131737716496,-0.005563033744692802,0.006184165482409298,0.006184165482409298,3.824390271382263e-05
22,merged_z_m0p046_dedup_filtered,109,-0.00022010714747011662,-0.000195943663129583,-2.4163484340533614e-05,2.4163484340533614e-05,5.838739754752132e-10
22,merged_z_m0p046_dedup_filtered,110,-0.00047523248940706253,-0.00017551530618220568,-0.00029971718322485685,0.00029971718322485685,8.983038992024241e-08
22,merged_z_m0p046_dedup_filtered,111,-0.0003059585578739643,-0.0001550936867715791,-0.00015086487110238522,0.00015086487110238522,2.2760209332739308e-08
22,merged_z_m0p046_dedup_filtered,112,0.0009413245134055614,-0.00018960496527142823,0.0011309294786769897,0.0011309294786769897,1.2790014857406076e-06
22,merged_z_m0p046_dedup_filtered,113,0.0031219162046909332,-0.00047501467633992434,0.0035969308810308576,0.0035969308810308576,1.2937911762913421e-05
22,merged_z_m0p046_dedup_filtered,114,0.0036409562453627586,-0.0007115888292901218,0.00435254507465288,0.00435254507465288,1.894464862688505e-05
22,merged_z_m0p046_dedup_filtered,115,0.004681083839386702,-0.0007728756172582507,0.005453959456644952,0.005453959456644952,2.9745673754726903e-05
22,merged_z_m0p046_dedup_filtered,116,0.004754394292831421,-0.0005158754647709429,0.005270269757602364,0.005270269757602364,2.777574331789808e-05
22,merged_z_m0p046_dedup_filtered,117,0.006364061962813139,-0.0005567368352785707,0.00692079879809171,0.00692079879809171,4.789745600366765e-05
22,merged_z_m0p046_dedup_filtered,118,0.0056012291461229324,-0.0008341713109984994,0.006435400457121432,0.006435400457121432,4.1414379043518734e-05
22,merged_z_m0p046_dedup_filtered,119,0.006177431903779507,-0.0008954599034041166,0.007072891807183623,0.007072891807183623,5.002579851612522e-05
22,merged_z_m0p046_dedup_filtered,120,0.005440648645162582,-0.00027767239953391254,0.005718321044696495,0.005718321044696495,3.269919557021881e-05
22,merged_z_m0p046_dedup_filtered,121,0.0036883705761283636,-0.00025723950238898396,0.003945610078517348,0.003945610078517348,1.556783889169767e-05
22,merged_z_m0p046_dedup_filtered,122,-0.0010630246251821518,0.000771452090702951,-0.0018344767158851027,0.0018344767158851027,3.365304821124592e-06
22,merged_z_m0p046_dedup_filtered,123,-0.0009410008788108826,0.0008390358416363597,-0.0017800367204472423,0.0017800367204472423,3.1685307261405737e-06
22,merged_z_m0p046_dedup_filtered,124,0.0012258485658094287,0.0009618177427910268,0.00026403082301840186,0.00026403082301840186,6.971227550377465e-08
22,merged_z_m0p046_dedup_filtered,125,0.0030688131228089333,0.0010490822605788708,0.0020197308622300625,0.0020197308622300625,4.079312755844592e-06
22,merged_z_m0p046_dedup_filtered,126,0.0032479821238666773,-0.025768540799617767,0.029016522923484445,0.029016522923484445,0.0008419586025690982
22,merged_z_m0p046_dedup_filtered,127,0.002681058831512928,0.0011778248008340597,0.0015032340306788683,0.0015032340306788683,2.2597125509910367e-06
23,merged_z_m0p048_dedup_filtered,0,-0.010885156691074371,-0.001447714283131063,-0.009437442407943308,0.009437442407943308,8.906531920324679e-05
23,merged_z_m0p048_dedup_filtered,1,-0.00930048804730177,-0.001375006278976798,-0.007925481768324971,0.007925481768324971,6.281326126005151e-05
23,merged_z_m0p048_dedup_filtered,2,-0.006891393102705479,-0.0013246310409158468,-0.005566762061789632,0.005566762061789632,3.098883985258035e-05
23,merged_z_m0p048_dedup_filtered,3,-0.011261072009801865,-0.0008837009663693607,-0.010377371043432504,0.010377371043432504,0.00010768982977307141
23,merged_z_m0p048_dedup_filtered,4,-0.006744463928043842,-0.0008428021101281047,-0.005901661817915738,0.005901661817915738,3.482961221304449e-05
23,merged_z_m0p048_dedup_filtered,5,-0.0039976718835532665,-0.001263270853087306,-0.0027344010304659605,0.0027344010304659605,7.476948995413307e-06
23,merged_z_m0p048_dedup_filtered,6,-0.0009882618905976415,-0.0012019394198432565,0.000213677529245615,0.000213677529245615,4.5658086504510656e-08
23,merged_z_m0p048_dedup_filtered,7,-0.0021120335441082716,-0.0008019231609068811,-0.0013101103832013905,0.0013101103832013905,1.7163892161720943e-06
23,merged_z_m0p048_dedup_filtered,8,0.002043595537543297,-0.0007610530010424554,0.0028046485385857522,0.0028046485385857522,7.866053424991196e-06
23,merged_z_m0p048_dedup_filtered,9,0.0017741406336426735,-0.0011406324338167906,0.002914773067459464,0.002914773067459464,8.495902034787054e-06
23,merged_z_m0p048_dedup_filtered,10,0.003994541242718697,-0.0010793345281854272,0.005073875770904124,0.005073875770904124,2.5744215338567916e-05
23,merged_z_m0p048_dedup_filtered,11,0.005254039540886879,-0.0007201872649602592,0.005974226805847138,0.005974226805847138,3.5691385927702496e-05
23,merged_z_m0p048_dedup_filtered,12,0.007244338281452656,-0.0006793235661461949,0.00792366184759885,0.00792366184759885,6.278441707509363e-05
23,merged_z_m0p048_dedup_filtered,13,0.005486820824444294,-0.0010180397657677531,0.006504860590212047,0.006504860590212047,4.231321129809382e-05
23,merged_z_m0p048_dedup_filtered,14,0.006192943546921015,-0.0009567463421262801,0.007149689889047295,0.007149689889047295,5.1118065509545116e-05
23,merged_z_m0p048_dedup_filtered,15,0.00796241220086813,-0.000638460973277688,0.008600873174145818,0.008600873174145818,7.397501935774115e-05
23,merged_z_m0p048_dedup_filtered,16,0.007565078791230917,-0.0005975988460704684,0.008162677637301385,0.008162677637301385,6.662930621050013e-05
23,merged_z_m0p048_dedup_filtered,17,0.006793445907533169,-0.014937114901840687,0.021730560809373856,0.021730560809373856,0.0004722172730898949
23,merged_z_m0p048_dedup_filtered,18,9.31622926145792e-05,-4.381816864906796e-08,9.320611078322827e-05,9.320611078322827e-05,8.68737908733542e-09
23,merged_z_m0p048_dedup_filtered,19,0.000625395798124373,-3.940547443903597e-08,0.000625435203598812,0.000625435203598812,3.911691939006874e-07
23,merged_z_m0p048_dedup_filtered,20,0.0009491000091657043,-3.528859693346931e-08,0.0009491352977626377,0.0009491352977626377,9.008578134589709e-07
23,merged_z_m0p048_dedup_filtered,21,0.0011058957315981388,-3.133590809056841e-08,0.0011059270675062294,0.0011059270675062294,1.2230746786429281e-06
23,merged_z_m0p048_dedup_filtered,22,0.0011433466570451856,-2.7436634297828277e-08,0.0011433740936794834,0.0011433740936794834,1.3073043180973802e-06
23,merged_z_m0p048_dedup_filtered,23,0.0011071964399889112,-2.3607100274603e-08,0.0011072200470891858,0.0011072200470891858,1.2259362326761787e-06
23,merged_z_m0p048_dedup_filtered,24,0.001035924069583416,-1.99208045614796e-08,0.0010359439903879775,0.0010359439903879775,1.0731799512209659e-06
23,merged_z_m0p048_dedup_filtered,25,0.000958110555075109,-1.6569588368042787e-08,0.000958127124663477,0.000958127124663477,9.180075870159021e-07
23,merged_z_m0p048_dedup_filtered,26,0.0008924209978431463,-1.3542215349104936e-08,0.0008924345400584954,0.0008924345400584954,7.964394082894183e-07
23,merged_z_m0p048_dedup_filtered,27,0.0008494071662425995,-1.0667145389220423e-08,0.0008494178333879887,0.0008494178333879887,7.215106556775449e-07
23,merged_z_m0p048_dedup_filtered,28,0.0008340158965438604,-7.969680915209665e-09,0.0008340238662247756,0.0008340238662247756,6.955958094325224e-07
23,merged_z_m0p048_dedup_filtered,29,0.005449217744171619,9.47217849898152e-05,0.005354495959181804,0.005354495959181804,2.867062697689427e-05
23,merged_z_m0p048_dedup_filtered,30,0.01348990947008133,0.00021143874619156122,0.013278470723889768,0.013278470723889768,0.00017631778476519765
23,merged_z_m0p048_dedup_filtered,31,0.012550359591841698,0.00025207229191437364,0.012298287299927324,0.012298287299927324,0.0001512478705115537
23,merged_z_m0p048_dedup_filtered,32,0.01620594598352909,0.00037894511478953063,0.01582700086873956,0.01582700086873956,0.0002504939564990828
23,merged_z_m0p048_dedup_filtered,33,0.013130439445376396,-0.0009740858804434538,0.01410452532581985,0.01410452532581985,0.00019893763466669354
23,merged_z_m0p048_dedup_filtered,34,0.010749545879662037,0.0004891888820566237,0.010260356997605413,0.010260356997605413,0.00010527492571831037
23,merged_z_m0p048_dedup_filtered,35,0.00854519009590149,0.0003336321096867323,0.008211557986214757,0.008211557986214757,6.742968456096735e-05
23,merged_z_m0p048_dedup_filtered,36,0.00595532450824976,0.00037446481292136014,0.0055808596953283995,0.0055808596953283995,3.1145994938940996e-05
23,merged_z_m0p048_dedup_filtered,37,0.003351086052134633,0.0004153090703766793,0.0029357769817579538,0.0029357769817579538,8.61878648661984e-06
23,merged_z_m0p048_dedup_filtered,38,0.003093751147389412,0.0006241575465537608,0.002469593600835651,0.002469593600835651,6.0988925532883975e-06
23,merged_z_m0p048_dedup_filtered,39,0.0009990266989916563,0.0004561584210023284,0.0005428682779893279,0.0005428682779893279,2.947059672470982e-07
23,merged_z_m0p048_dedup_filtered,40,-0.0008909269236028194,0.0004970102454535663,-0.0013879371690563858,0.0013879371690563858,1.9263695852482543e-06
23,merged_z_m0p048_dedup_filtered,41,-0.0021891999058425426,0.0005378634086810052,-0.002727063314523548,0.002727063314523548,7.436874321420159e-06
23,merged_z_m0p048_dedup_filtered,42,-0.0028555793687701225,0.0005787170375697315,-0.003434296406339854,0.003434296406339854,1.1794391806598836e-05
23,merged_z_m0p048_dedup_filtered,43,-0.002933140844106674,0.0006195716559886932,-0.0035527125000953674,0.0035527125000953674,1.2621766108333876e-05
23,merged_z_m0p048_dedup_filtered,44,-0.002529699821025133,0.0006604263326153159,-0.003190126153640449,0.003190126153640449,1.0176904876140806e-05
23,merged_z_m0p048_dedup_filtered,45,-0.0017914787167683244,0.0007012812420725822,-0.0024927599588409066,0.0024927599588409066,6.2138522124005185e-06
23,merged_z_m0p048_dedup_filtered,46,-0.00087478116620332,0.0007421369664371014,-0.0016169181326404214,0.0016169181326404214,2.6144242476613873e-06
23,merged_z_m0p048_dedup_filtered,47,7.872220885474235e-05,0.0007829946698620915,-0.0007042724610073492,0.0007042724610073492,4.959996993333482e-07
23,merged_z_m0p048_dedup_filtered,48,0.0009588506654836237,0.0008238583686761558,0.00013499229680746794,0.00013499229680746794,1.8222920197355518e-08
23,merged_z_m0p048_dedup_filtered,49,0.0016938125481829047,0.0008647360373288393,0.0008290765108540654,0.0008290765108540654,6.873678608499513e-07
23,merged_z_m0p048_dedup_filtered,50,0.002247503725811839,0.0009056436247192323,0.0013418601010926068,0.0013418601010926068,1.800588530904261e-06
23,merged_z_m0p048_dedup_filtered,51,0.0026097623631358147,0.0009466128540225327,0.001663149509113282,0.001663149509113282,2.7660662896637508e-06
23,merged_z_m0p048_dedup_filtered,52,0.0027835597284138203,0.0009877001866698265,0.0017958595417439938,0.0017958595417439938,3.2251114936729473e-06
23,merged_z_m0p048_dedup_filtered,53,-0.0025093143340200186,0.0014846447156742215,-0.00399395904969424,0.00399395904969424,1.5951708890634517e-05
23,merged_z_m0p048_dedup_filtered,54,-0.001223997212946415,0.0013856397708877921,-0.002609636983834207,0.002609636983834207,6.8102051873952975e-06
23,merged_z_m0p048_dedup_filtered,55,0.0026734713464975357,0.00046105115325190127,0.0022124201932456344,0.0022124201932456344,4.8948031114810504e-06
23,merged_z_m0p048_dedup_filtered,56,0.004027392249554396,0.0004815375432372093,0.0035458547063171864,0.0035458547063171864,1.257308559831174e-05
23,merged_z_m0p048_dedup_filtered,57,0.004531637765467167,0.0005020664539188147,0.004029571311548352,0.004029571311548352,1.6237444954853508e-05
23,merged_z_m0p048_dedup_filtered,58,-0.010146121494472027,-8.765365322460639e-08,-0.010146033840818802,0.010146033840818802,0.00010294200269904034
23,merged_z_m0p048_dedup_filtered,59,-0.009725866839289665,-8.278884422452393e-08,-0.00972578405044544,0.00972578405044544,9.459087539589892e-05
23,merged_z_m0p048_dedup_filtered,60,-0.008910983800888062,-7.802069035278691e-08,-0.008910905780197709,0.008910905780197709,7.940424182356093e-05
23,merged_z_m0p048_dedup_filtered,61,-0.0077794622629880905,-7.334247698054241e-08,-0.00777938892051111,0.00777938892051111,6.0518891976571013e-05
23,merged_z_m0p048_dedup_filtered,62,-0.0064354510977864265,-6.88823433847574e-08,-0.006435382215443042,0.006435382215443042,4.141414425884059e-05
23,merged_z_m0p048_dedup_filtered,63,-0.004995355382561684,-6.451631406889646e-08,-0.004995290866247615,0.004995290866247615,2.4952930838416845e-05
23,merged_z_m0p048_dedup_filtered,64,-0.003573071211576462,-6.008493613762766e-08,-0.003573011126640324,0.003573011126640324,1.276640851109556e-05
23,merged_z_m0p048_dedup_filtered,65,-0.0022666770964860916,-5.5533046605660275e-08,-0.002266621563439486,0.002266621563439486,5.13757331184886e-06
23,merged_z_m0p048_dedup_filtered,66,-0.0011485808063298464,-5.0840792908957155e-08,-0.0011485299655369374,0.0011485299655369374,1.3191210817362787e-06
23,merged_z_m0p048_dedup_filtered,67,0.006991992238909006,-0.0003287561412435025,0.007320748380152509,0.007320748380152509,5.359335684550558e-05
23,merged_z_m0p048_dedup_filtered,68,0.005469702184200287,-0.0003491897659841925,0.005818891950184479,0.005818891950184479,3.385950352792173e-05
23,merged_z_m0p048_dedup_filtered,69,0.0024838270619511604,-0.00036962368176318705,0.0028534507437143475,0.0028534507437143475,8.142181146803962e-06
23,merged_z_m0p048_dedup_filtered,70,-0.0017916089855134487,-0.00039005829603411257,-0.0014015506894793361,0.0014015506894793361,1.9643443351800025e-06
23,merged_z_m0p048_dedup_filtered,71,-0.006932104006409645,-0.00041049456922337413,-0.006521609437186271,0.006521609437186271,4.2531389651197026e-05
23,merged_z_m0p048_dedup_filtered,72,-0.01231897808611393,-0.00043093538261018693,-0.011888042703503743,0.011888042703503743,0.00014132555932032858
23,merged_z_m0p048_dedup_filtered,73,-0.01723686046898365,-0.00045138722634874284,-0.016785473242634907,0.016785473242634907,0.00028175211197921244
23,merged_z_m0p048_dedup_filtered,74,-0.020994484424591064,-0.000471863808343187,-0.020522620616247877,0.020522620616247877,0.0004211779569584424
23,merged_z_m0p048_dedup_filtered,75,-0.023045707494020462,-0.0004923840169794858,-0.022553323477040976,0.022553323477040976,0.0005086523998600477
23,merged_z_m0p048_dedup_filtered,76,-0.018194841220974922,-0.0009862297447398305,-0.01720861147623509,0.01720861147623509,0.0002961363089400101
23,merged_z_m0p048_dedup_filtered,77,-0.016481252387166023,-0.0009451392688788474,-0.015536113118287176,0.015536113118287176,0.00024137081082421487
23,merged_z_m0p048_dedup_filtered,78,0.0006971457041800022,0.0004405994259286672,0.000256546278251335,0.000256546278251335,6.581599288461141e-08
23,merged_z_m0p048_dedup_filtered,79,-0.0015735621564090252,0.0004201637639198452,-0.0019937259203288704,0.0019937259203288704,3.974943045391201e-06
23,merged_z_m0p048_dedup_filtered,80,-0.0037689206656068563,0.0003997348539996892,-0.004168655519606546,0.004168655519606546,1.7377688841146118e-05
23,merged_z_m0p048_dedup_filtered,81,-0.00554256048053503,0.00037930873804725707,-0.005921869218582287,0.005921869218582287,3.506853504199239e-05
23,merged_z_m0p048_dedup_filtered,82,-0.006629990413784981,0.00035888361162506044,-0.006988874025410041,0.006988874025410041,4.884436014305115e-05
23,merged_z_m0p048_dedup_filtered,83,-0.0068895574659109116,0.0003384589799679816,-0.007228016445878893,0.007228016445878893,5.224422174189574e-05
23,merged_z_m0p048_dedup_filtered,84,-0.0063186828047037125,0.0003180345520377159,-0.006636717356741428,0.006636717356741428,4.404601727327293e-05
23,merged_z_m0p048_dedup_filtered,85,-0.005043389741331339,0.00029760986217297614,-0.005340999603504315,0.005340999603504315,2.852627676463325e-05
23,merged_z_m0p048_dedup_filtered,86,-0.003284622449427843,0.00027718511410057545,-0.0035618075635284185,0.0035618075635284185,1.268647311960825e-05
23,merged_z_m0p048_dedup_filtered,87,-0.0013094875030219555,0.00025676030782051384,-0.0015662478108424693,0.0015662478108424693,2.4531322049688276e-06
23,merged_z_m0p048_dedup_filtered,88,0.0006217776681296527,0.00023633554519619793,0.0003854421229334548,0.0003854421229334548,1.485656301314485e-07
23,merged_z_m0p048_dedup_filtered,89,0.002301878295838833,0.0002159112336812541,0.0020859670621575788,0.0020859670621575788,4.35125858440632e-06
23,merged_z_m0p048_dedup_filtered,90,0.003606437938287854,0.0001954879699042067,0.0034109499683836475,0.0034109499683836475,1.1634579686816406e-05
23,merged_z_m0p048_dedup_filtered,91,0.004502682480961084,0.0001750672236084938,0.0043276152573525906,0.0043276152573525906,1.872825381567093e-05
23,merged_z_m0p048_dedup_filtered,92,0.005036614835262299,0.0001546525745652616,0.004881962260697037,0.004881962260697037,2.3833555514870124e-05
23,merged_z_m0p048_dedup_filtered,93,0.005303337238729,0.00013425250654108822,0.005169084732187912,0.005169084732187912,2.6719436968538176e-05
23,merged_z_m0p048_dedup_filtered,94,7.266178727149963e-05,-0.0001346870994893834,0.00020734888676088303,0.00020734888676088303,4.2993560840977495e-08
23,merged_z_m0p048_dedup_filtered,95,0.00040976377204060555,-0.00011431432358222082,0.0005240780956228264,0.0005240780956228264,2.7465785031164834e-07
23,merged_z_m0p048_dedup_filtered,96,0.0008597150444984436,-0.00023012967722024769,0.0010898447217186913,0.0010898447217186913,1.1877615174580917e-06
23,merged_z_m0p048_dedup_filtered,97,0.0009125976357609034,-0.00034439569571986794,0.0012569933314807713,0.0012569933314807713,1.5800322353871282e-06
23,merged_z_m0p048_dedup_filtered,98,0.0009489210788160563,-0.00040538940811529756,0.0013543104869313538,0.0013543104869313538,1.8341568950122407e-06
23,merged_z_m0p048_dedup_filtered,99,0.0006467918865382671,-0.0002708356478251517,0.0009176275343634188,0.0009176275343634188,8.420402918218874e-07
23,merged_z_m0p048_dedup_filtered,100,0.00045550381764769554,-0.000311625306494534,0.0007671291241422296,0.0007671291241422296,5.884870931072242e-07
23,merged_z_m0p048_dedup_filtered,101,0.0010774938855320215,-0.00046654770267196,0.0015440415882039815,0.0015440415882039815,2.3840644261034736e-06
23,merged_z_m0p048_dedup_filtered,102,0.0013745345640927553,-0.0005277741001918912,0.0019023086642846465,0.0019023086642846465,3.618778254212436e-06
23,merged_z_m0p048_dedup_filtered,103,0.000476224347949028,-0.0003524541389197111,0.0008286784868687391,0.0008286784868687391,6.86708034599063e-07
23,merged_z_m0p048_dedup_filtered,104,0.0008842218667268753,-0.00039330110303126276,0.001277522969758138,0.001277522969758138,1.6320649382596525e-06
23,merged_z_m0p048_dedup_filtered,105,0.0019017045851796865,-0.0005890292231924832,0.0024907338083721697,0.0024907338083721697,6.203754904168132e-06
23,merged_z_m0p048_dedup_filtered,106,0.0026755162980407476,-0.0006503114709630609,0.0033258277690038085,0.0033258277690038085,1.106113034907685e-05
23,merged_z_m0p048_dedup_filtered,107,0.0017769638216122985,-0.000434155750554055,0.0022111195721663535,0.0022111195721663535,4.889049762417118e-06
23,merged_z_m0p048_dedup_filtered,108,0.0006263498216867447,-0.005804904270917177,0.006431254092603922,0.006431254092603922,4.1361029203634695e-05
23,merged_z_m0p048_dedup_filtered,109,-0.00021391408517956734,-0.000195943663129583,-1.7970422049984336e-05,1.7970422049984336e-05,3.229360686545632e-10
23,merged_z_m0p048_dedup_filtered,110,-0.0004682557191699743,-0.00017551530618220568,-0.00029274041298776865,0.00029274041298776865,8.569694939624935e-08
23,merged_z_m0p048_dedup_filtered,111,-0.0002983761951327324,-0.0001550936867715791,-0.0001432825083611533,0.0001432825083611533,2.0529877202263967e-08
23,merged_z_m0p048_dedup_filtered,112,0.0009498894214630127,-0.00018960496527142823,0.001139494386734441,0.001139494386734441,1.2984474573992996e-06
23,merged_z_m0p048_dedup_filtered,113,0.003126105759292841,-0.00047501467633992434,0.0036011204356327653,0.0036011204356327653,1.2968068391931917e-05
23,merged_z_m0p048_dedup_filtered,114,0.003644899930804968,-0.0007115888292901218,0.00435648876009509,0.00435648876009509,1.8978994316834852e-05
23,merged_z_m0p048_dedup_filtered,115,0.0046838694252073765,-0.0007728756172582507,0.005456745042465627,0.005456745042465627,2.97760664584732e-05
23,merged_z_m0p048_dedup_filtered,116,0.00475741270929575,-0.0005158754647709429,0.005273288174066693,0.005273288174066693,2.7807568166751633e-05
23,merged_z_m0p048_dedup_filtered,117,0.006365858018398285,-0.0005567368352785707,0.0069225948536768556,0.0069225948536768556,4.7922319508153285e-05
23,merged_z_m0p048_dedup_filtered,118,0.005602833814918995,-0.0008341713109984994,0.006437005125917494,0.006437005125917494,4.1435034991088097e-05
23,merged_z_m0p048_dedup_filtered,119,0.006177864503115416,-0.0008954599034041166,0.007073324406519532,0.007073324406519532,5.003191815986489e-05
23,merged_z_m0p048_dedup_filtered,120,0.005442292429506779,-0.00027767239953391254,0.005719964829040691,0.005719964829040691,3.2717997645462504e-05
23,merged_z_m0p048_dedup_filtered,121,0.003691300982609391,-0.00025723950238898396,0.003948540484998375,0.003948540484998375,1.5590971961671204e-05
23,merged_z_m0p048_dedup_filtered,122,-0.0010647838935256004,0.000771452090702951,-0.0018362359842285514,0.0018362359842285514,3.371762589775797e-06
23,merged_z_m0p048_dedup_filtered,123,-0.000943194143474102,0.0008390358416363597,-0.0017822299851104617,0.0017822299851104617,3.1763437198268366e-06
23,merged_z_m0p048_dedup_filtered,124,0.0012236423790454865,0.0009618177427910268,0.0002618246362544596,0.0002618246362544596,6.855214014978009e-08
23,merged_z_m0p048_dedup_filtered,125,0.003066500648856163,0.0010490822605788708,0.0020174183882772923,0.0020174183882772923,4.0699769533593475e-06
23,merged_z_m0p048_dedup_filtered,126,0.003245288971811533,-0.026888910681009293,0.030134199652820826,0.030134199652820826,0.0009080699887160668
23,merged_z_m0p048_dedup_filtered,127,0.0026777125895023346,0.0011778248008340597,0.0014998877886682749,0.0014998877886682749,2.2496633785962076e-06
24,merged_z_m0p050_dedup_filtered,0,-0.010891367681324482,-0.001447714283131063,-0.009443653398193419,0.009443653398193419,8.918258950521011e-05
24,merged_z_m0p050_dedup_filtered,1,-0.009306471794843674,-0.001375006278976798,-0.007931465515866876,0.007931465515866876,6.29081452293854e-05
24,merged_z_m0p050_dedup_filtered,2,-0.0068970052525401115,-0.0013246310409158468,-0.005572374211624265,0.005572374211624265,3.1051354354375146e-05
24,merged_z_m0p050_dedup_filtered,3,-0.011266783811151981,-0.0008837009663693607,-0.01038308284478262,0.01038308284478262,0.00010780840936161916
24,merged_z_m0p050_dedup_filtered,4,-0.00674967747181654,-0.0008428021101281047,-0.005906875361688435,0.005906875361688435,3.489117653852188e-05
24,merged_z_m0p050_dedup_filtered,5,-0.004002767615020275,-0.001263270853087306,-0.002739496761932969,0.002739496761932969,7.504842508641223e-06
24,merged_z_m0p050_dedup_filtered,6,-0.0009927048813551664,-0.0012019394198432565,0.00020923453848809004,0.00020923453848809004,4.377909209632403e-08
24,merged_z_m0p050_dedup_filtered,7,-0.002116600051522255,-0.0008019231609068811,-0.0013146768906153738,0.0013146768906153738,1.7283753267181077e-06
24,merged_z_m0p050_dedup_filtered,8,0.0020398227497935295,-0.0007610530010424554,0.002800875750835985,0.002800875750835985,7.844904971621042e-06
24,merged_z_m0p050_dedup_filtered,9,0.001770475646480918,-0.0011406324338167906,0.0029111080802977085,0.0029111080802977085,8.47455025517461e-06
24,merged_z_m0p050_dedup_filtered,10,0.003991769626736641,-0.0010793345281854272,0.005071104154922068,0.005071104154922068,2.5716097350067863e-05
24,merged_z_m0p050_dedup_filtered,11,0.005251196213066578,-0.0007201872649602592,0.005971383478026837,0.005971383478026837,3.565742064165188e-05
24,merged_z_m0p050_dedup_filtered,12,0.007242544554173946,-0.0006793235661461949,0.007921868120320141,0.007921868120320141,6.275599451574457e-05
24,merged_z_m0p050_dedup_filtered,13,0.00548504339531064,-0.0010180397657677531,0.0065030831610783935,0.0065030831610783935,4.229009059990135e-05
24,merged_z_m0p050_dedup_filtered,14,0.006192241329699755,-0.0009567463421262801,0.007148987671826035,0.007148987671826035,5.1108024731920626e-05
24,merged_z_m0p050_dedup_filtered,15,0.007961764931678772,-0.000638460973277688,0.00860022590495646,0.00860022590495646,7.396388561628416e-05
24,merged_z_m0p050_dedup_filtered,16,0.00756564037874341,-0.0005975988460704684,0.008163239224813879,0.008163239224813879,6.663847464153989e-05
24,merged_z_m0p050_dedup_filtered,17,0.006793752778321505,-0.015559494495391846,0.02235324727371335,0.02235324727371335,0.0004996676636797733
24,merged_z_m0p050_dedup_filtered,18,9.216065518558025e-05,-4.381816864906796e-08,9.220447335422932e-05,9.220447335422932e-05,8.501664906530784e-09
24,merged_z_m0p050_dedup_filtered,19,0.000625563901849091,-3.940547443903597e-08,0.0006256033073235301,0.0006256033073235301,3.9137949813413924e-07
24,merged_z_m0p050_dedup_filtered,20,0.0009504982153885067,-3.528859693346931e-08,0.0009505335039854401,0.0009505335039854401,9.035139421988387e-07
24,merged_z_m0p050_dedup_filtered,21,0.001108545227907598,-3.133590809056841e-08,0.0011085765638156886,0.0011085765638156886,1.2289419978413995e-06
24,merged_z_m0p050_dedup_filtered,22,0.001147222938016057,-2.7436634297828277e-08,0.0011472503746503548,0.0011472503746503548,1.3161834221353796e-06
24,merged_z_m0p050_dedup_filtered,23,0.0011122261639684439,-2.3607100274603e-08,0.0011122497710687185,0.0011122497710687185,1.2370995532424168e-06
24,merged_z_m0p050_dedup_filtered,24,0.001041984185576439,-1.99208045614796e-08,0.0010420041063810004,0.0010420041063810004,1.0857725577148671e-06
24,merged_z_m0p050_dedup_filtered,25,0.0009650310967117548,-1.6569588368042787e-08,0.0009650476663001228,0.0009650476663001228,9.313169982313133e-07
24,merged_z_m0p050_dedup_filtered,26,0.0008999909041449428,-1.3542215349104936e-08,0.0009000044463602919,0.0009000044463602919,8.100080034682955e-07
24,merged_z_m0p050_dedup_filtered,27,0.0008573833620175719,-1.0667145389220423e-08,0.0008573940291629611,0.0008573940291629611,7.351245212442967e-07
24,merged_z_m0p050_dedup_filtered,28,0.0008421353995800018,-7.969680915209665e-09,0.000842143369260917,0.000842143369260917,7.092054543901293e-07
24,merged_z_m0p050_dedup_filtered,29,0.005457290448248386,9.47217849898152e-05,0.005362568663258571,0.005362568663258571,2.875714266816282e-05
24,merged_z_m0p050_dedup_filtered,30,0.013498016633093357,0.00021143874619156122,0.013286577886901796,0.013286577886901796,0.00017653315194470778
24,merged_z_m0p050_dedup_filtered,31,0.01255781203508377,0.00025207229191437364,0.012305739743169397,0.012305739743169397,0.00015143123062661882
24,merged_z_m0p050_dedup_filtered,32,0.01621340587735176,0.00037894511478953063,0.01583446076256223,0.01583446076256223,0.00025073014764112286
24,merged_z_m0p050_dedup_filtered,33,0.013136757537722588,-0.0010146728018298745,0.014151430339552462,0.014151430339552462,0.0002002629806552059
24,merged_z_m0p050_dedup_filtered,34,0.010754378512501717,0.0004891888820566237,0.010265189630445093,0.010265189630445093,0.00010537411814899746
24,merged_z_m0p050_dedup_filtered,35,0.008549906313419342,0.0003336321096867323,0.00821627420373261,0.00821627420373261,6.750716179092193e-05
24,merged_z_m0p050_dedup_filtered,36,0.005958334542810917,0.00037446481292136014,0.005583869729889557,0.005583869729889557,3.117960116037687e-05
24,merged_z_m0p050_dedup_filtered,37,0.0033524374011904,0.0004153090703766793,0.002937128330813721,0.002937128330813721,8.626722831668593e-06
24,merged_z_m0p050_dedup_filtered,38,0.00309469411149621,0.0006241575465537608,0.0024705365649424493,0.0024705365649424493,6.103550918717637e-06
24,merged_z_m0p050_dedup_filtered,39,0.0009989431127905846,0.0004561584210023284,0.0005427846917882562,0.0005427846917882562,2.9461522163967224e-07
24,merged_z_m0p050_dedup_filtered,40,-0.0008921115659177303,0.0004970102454535663,-0.0013891218113712966,0.0013891218113712966,1.9296594068274723e-06
24,merged_z_m0p050_dedup_filtered,41,-0.002191119361668825,0.0005378634086810052,-0.0027289827703498304,0.0027289827703498304,7.447346960866235e-06
24,merged_z_m0p050_dedup_filtered,42,-0.002857912564650178,0.0005787170375697315,-0.0034366296022199094,0.0034366296022199094,1.1810423022854173e-05
24,merged_z_m0p050_dedup_filtered,43,-0.0029356693848967552,0.0006195716559886932,-0.0035552410408854485,0.0035552410408854485,1.2639738858796247e-05
24,merged_z_m0p050_dedup_filtered,44,-0.002532338723540306,0.0006604263326153159,-0.003192765056155622,0.003192765056155622,1.0193748703808412e-05
24,merged_z_m0p050_dedup_filtered,45,-0.001794275245629251,0.0007012812420725822,-0.0024955564877018332,0.0024955564877018332,6.22780218331071e-06
24,merged_z_m0p050_dedup_filtered,46,-0.0008778787450864911,0.0007421369664371014,-0.0016200157115235925,0.0016200157115235925,2.6244509055832916e-06
24,merged_z_m0p050_dedup_filtered,47,7.513865421060473e-05,0.0007829946698620915,-0.0007078560156514868,0.0007078560156514868,5.010601388939979e-07
24,merged_z_m0p050_dedup_filtered,48,0.00095461803721264,0.0008238583686761558,0.00013075966853648424,0.00013075966853648424,1.7098090915771227e-08
24,merged_z_m0p050_dedup_filtered,49,0.0016888465033844113,0.0008647360373288393,0.000824110466055572,0.000824110466055572,6.791580602623321e-07
24,merged_z_m0p050_dedup_filtered,50,0.0022418349981307983,0.0009056436247192323,0.001336191373411566,0.001336191373411566,1.785407386379487e-06
24,merged_z_m0p050_dedup_filtered,51,0.0026035443879663944,0.0009466128540225327,0.0016569315339438617,0.0016569315339438617,2.7454221081775586e-06
24,merged_z_m0p050_dedup_filtered,52,0.002777048386633396,0.0009877001866698265,0.0017893481999635696,0.0017893481999635696,3.201766980712867e-06
24,merged_z_m0p050_dedup_filtered,53,-0.0025159381330013275,0.0014846447156742215,-0.004000582848675549,0.004000582848675549,1.600466312911697e-05
24,merged_z_m0p050_dedup_filtered,54,-0.0012298941146582365,0.0013856397708877921,-0.0026155338855460286,0.0026155338855460286,6.841017506439506e-06
24,merged_z_m0p050_dedup_filtered,55,0.0026674317196011543,0.00046105115325190127,0.002206380566349253,0.002206380566349253,4.868115203563651e-06
24,merged_z_m0p050_dedup_filtered,56,0.004021108150482178,0.0004815375432372093,0.0035395706072449684,0.0035395706072449684,1.2528560083672514e-05
24,merged_z_m0p050_dedup_filtered,57,0.0045252637937664986,0.0005020664539188147,0.004023197339847684,0.004023197339847684,1.618611683535748e-05
24,merged_z_m0p050_dedup_filtered,58,-0.010152462869882584,-8.765365322460639e-08,-0.010152375216229359,0.010152375216229359,0.00010307072253110812
24,merged_z_m0p050_dedup_filtered,59,-0.009732120670378208,-8.278884422452393e-08,-0.009732037881533984,0.009732037881533984,9.471256132761247e-05
24,merged_z_m0p050_dedup_filtered,60,-0.008917056955397129,-7.802069035278691e-08,-0.008916978934706776,0.008916978934706776,7.951251332200439e-05
24,merged_z_m0p050_dedup_filtered,61,-0.007785255555063486,-7.334247698054241e-08,-0.0077851822125865056,0.0077851822125865056,6.060906208317332e-05
24,merged_z_m0p050_dedup_filtered,62,-0.006440852303057909,-6.88823433847574e-08,-0.006440783420714524,0.006440783420714524,4.148369107255109e-05
24,merged_z_m0p050_dedup_filtered,63,-0.0050002457574009895,-6.451631406889646e-08,-0.005000181241086921,0.005000181241086921,2.5001812443717536e-05
24,merged_z_m0p050_dedup_filtered,64,-0.003577322233468294,-6.008493613762766e-08,-0.0035772621485321565,0.0035772621485321565,1.27968044793209e-05
24,merged_z_m0p050_dedup_filtered,65,-0.002270156517624855,-5.5533046605660275e-08,-0.0022701009845782494,0.0022701009845782494,5.153358480183138e-06
24,merged_z_m0p050_dedup_filtered,66,-0.001151158008724451,-5.0840792908957155e-08,-0.001151107167931542,0.001151107167931542,1.3250477120633755e-06
24,merged_z_m0p050_dedup_filtered,67,0.006990441586822271,-0.0003287561412435025,0.007319197728065774,0.007319197728065774,5.3570655382523185e-05
24,merged_z_m0p050_dedup_filtered,68,0.005467013921588659,-0.0003491897659841925,0.005816203687572852,0.005816203687572852,3.382822533533604e-05
24,merged_z_m0p050_dedup_filtered,69,0.0024801408872008324,-0.00036962368176318705,0.0028497645689640194,0.0028497645689640194,8.121158098522683e-06
24,merged_z_m0p050_dedup_filtered,70,-0.0017961300909519196,-0.00039005829603411257,-0.001406071794917807,0.001406071794917807,1.9770378924633835e-06
24,merged_z_m0p050_dedup_filtered,71,-0.006937291007488966,-0.00041049456922337413,-0.006526796438265592,0.006526796438265592,4.259907174655641e-05
24,merged_z_m0p050_dedup_filtered,72,-0.012324666604399681,-0.00043093538261018693,-0.011893731221789494,0.011893731221789494,0.00014146084237617022
24,merged_z_m0p050_dedup_filtered,73,-0.017242901027202606,-0.00045138722634874284,-0.016791513800853863,0.016791513800853863,0.00028195493572426576
24,merged_z_m0p050_dedup_filtered,74,-0.021000750362873077,-0.000471863808343187,-0.02052888655452989,0.02052888655452989,0.0004214351831687581
24,merged_z_m0p050_dedup_filtered,75,-0.02305207960307598,-0.0004923840169794858,-0.022559695586096495,0.022559695586096495,0.0005089398649373417
24,merged_z_m0p050_dedup_filtered,76,-0.018201163038611412,-0.0009862297447398305,-0.01721493329387158,0.01721493329387158,0.00029635392831244825
24,merged_z_m0p050_dedup_filtered,77,-0.01648743823170662,-0.0009451392688788474,-0.015542298962827772,0.015542298962827772,0.00024156305704991723
24,merged_z_m0p050_dedup_filtered,78,0.0006914713885635138,0.0004405994259286672,0.00025087196263484657,0.00025087196263484657,6.293674163625985e-08
24,merged_z_m0p050_dedup_filtered,79,-0.0015787935117259622,0.0004201637639198452,-0.0019989572756458074,0.0019989572756458074,3.995830189857308e-06
24,merged_z_m0p050_dedup_filtered,80,-0.0037736762315034866,0.0003997348539996892,-0.004173411085503176,0.004173411085503176,1.7417360088600796e-05
24,merged_z_m0p050_dedup_filtered,81,-0.005546838045120239,0.00037930873804725707,-0.005926146783167496,0.005926146783167496,3.5119215695646464e-05
24,merged_z_m0p050_dedup_filtered,82,-0.0066337985917925835,0.00035888361162506044,-0.006992682203417644,0.006992682203417644,4.8897604397993835e-05
24,merged_z_m0p050_dedup_filtered,83,-0.006892888806760311,0.0003384589799679816,-0.007231347786728293,0.007231347786728293,5.2292390812620174e-05
24,merged_z_m0p050_dedup_filtered,84,-0.006321491673588753,0.0003180345520377159,-0.006639526225626469,0.006639526225626469,4.408330850078166e-05
24,merged_z_m0p050_dedup_filtered,85,-0.005045575089752674,0.00029760986217297614,-0.00534318495192565,0.00534318495192565,2.8549625430484712e-05
24,merged_z_m0p050_dedup_filtered,86,-0.0032860341016203165,0.00027718511410057545,-0.003563219215720892,0.003563219215720892,1.2696531179282608e-05
24,merged_z_m0p050_dedup_filtered,87,-0.0013099347706884146,0.00025676030782051384,-0.0015666950785089284,0.0015666950785089284,2.4545334690240974e-06
24,merged_z_m0p050_dedup_filtered,88,0.000622492516413331,0.00023633554519619793,0.0003861569712171331,0.0003861569712171331,1.4911720641958977e-07
24,merged_z_m0p050_dedup_filtered,89,0.002303923014551401,0.0002159112336812541,0.002088011780870147,0.002088011780870147,4.359793197052523e-06
24,merged_z_m0p050_dedup_filtered,90,0.0036099101416766644,0.0001954879699042067,0.0034144221717724577,0.0034144221717724577,1.1658278767091346e-05
24,merged_z_m0p050_dedup_filtered,91,0.004507574252784252,0.0001750672236084938,0.004332507029175758,0.004332507029175758,1.8770617157857356e-05
24,merged_z_m0p050_dedup_filtered,92,0.005042793229222298,0.0001546525745652616,0.004888140654657036,0.004888140654657036,2.3893919059710917e-05
24,merged_z_m0p050_dedup_filtered,93,0.005310541018843651,0.00013425250654108822,0.005176288512302563,0.005176288512302563,2.6793962762595476e-05
24,merged_z_m0p050_dedup_filtered,94,8.067302405834198e-05,-0.0001346870994893834,0.00021536012354772538,0.00021536012354772538,4.637998281449154e-08
24,merged_z_m0p050_dedup_filtered,95,0.0004180283285677433,-0.00011431432358222082,0.0005323426521499641,0.0005323426521499641,2.833886992980577e-07
24,merged_z_m0p050_dedup_filtered,96,0.0008681798353791237,-0.00023012967722024769,0.0010983095125993714,0.0010983095125993714,1.2062837854662687e-06
24,merged_z_m0p050_dedup_filtered,97,0.0009211299475282431,-0.00034439569571986794,0.001265525643248111,0.001265525643248111,1.6015551537185451e-06
24,merged_z_m0p050_dedup_filtered,98,0.0009571220725774765,-0.00040538940811529756,0.001362511480692774,0.001362511480692774,1.8564375350196156e-06
24,merged_z_m0p050_dedup_filtered,99,0.000654968898743391,-0.0002708356478251517,0.0009258045465685427,0.0009258045465685427,8.57114058446985e-07
24,merged_z_m0p050_dedup_filtered,100,0.00046320678666234016,-0.000311625306494534,0.0007748320931568742,0.0007748320931568742,6.00364772585863e-07
24,merged_z_m0p050_dedup_filtered,101,0.0010851577389985323,-0.00046654770267196,0.0015517054416704923,0.0015517054416704923,2.4077897777098176e-06
24,merged_z_m0p050_dedup_filtered,102,0.0013814747799187899,-0.0005277741001918912,0.001909248880110681,0.001909248880110681,3.6452312862038898e-06
24,merged_z_m0p050_dedup_filtered,103,0.00048327562399208546,-0.0003524541389197111,0.0008357297629117966,0.0008357297629117966,6.984442366166077e-07
24,merged_z_m0p050_dedup_filtered,104,0.0008904575370252132,-0.00039330110303126276,0.001283758640056476,0.001283758640056476,1.6480362459196527e-06
24,merged_z_m0p050_dedup_filtered,105,0.0019077626056969166,-0.0005890292231924832,0.0024967918288893998,0.0024967918288893998,6.233969436808874e-06
24,merged_z_m0p050_dedup_filtered,106,0.0026805659290403128,-0.0006503114709630609,0.0033308774000033736,0.0033308774000033736,1.1094744253853234e-05
24,merged_z_m0p050_dedup_filtered,107,0.001782237901352346,-0.000434155750554055,0.002216393651906401,0.002216393651906401,4.912400820210992e-06
24,merged_z_m0p050_dedup_filtered,108,0.0006315701175481081,-0.006046775262802839,0.006678345380350947,0.006678345380350947,4.460029701925484e-05
24,merged_z_m0p050_dedup_filtered,109,-0.00020771869458258152,-0.000195943663129583,-1.1775031452998519e-05,1.1775031452998519e-05,1.386513657191044e-10
24,merged_z_m0p050_dedup_filtered,110,-0.00046127731911838055,-0.00017551530618220568,-0.00028576201293617487,0.00028576201293617487,8.165992803733457e-08
24,merged_z_m0p050_dedup_filtered,111,-0.00029079196974635124,-0.0001550936867715791,-0.00013569828297477216,0.00013569828297477216,1.841402400230134e-08
24,merged_z_m0p050_dedup_filtered,112,0.0009584510698914528,-0.00018960496527142823,0.001148056035162881,0.001148056035162881,1.3180326598739143e-06
24,merged_z_m0p050_dedup_filtered,113,0.0031302976422011852,-0.00047501467633992434,0.0036053123185411096,0.0036053123185411096,1.2998276914224271e-05
24,merged_z_m0p050_dedup_filtered,114,0.0036488487385213375,-0.0007115888292901218,0.004360437567811459,0.004360437567811459,1.9013415782781515e-05
24,merged_z_m0p050_dedup_filtered,115,0.004686660133302212,-0.0007728756172582507,0.0054595357505604625,0.0054595357505604625,2.9806530611647792e-05
24,merged_z_m0p050_dedup_filtered,116,0.004760433919727802,-0.0005158754647709429,0.005276309384498745,0.005276309384498745,2.7839440720949527e-05
24,merged_z_m0p050_dedup_filtered,117,0.006367656402289867,-0.0005567368352785707,0.006924393237568438,0.006924393237568438,4.7947221708483515e-05
24,merged_z_m0p050_dedup_filtered,118,0.0056044431403279305,-0.0008341713109984994,0.00643861445132643,0.00643861445132643,4.145575605282954e-05
24,merged_z_m0p050_dedup_filtered,119,0.006178299896419048,-0.0008954599034041166,0.007073759799823165,0.007073759799823165,5.003807770559426e-05
24,merged_z_m0p050_dedup_filtered,120,0.005443937610834837,-0.00027767239953391254,0.0057216100103687495,0.0057216100103687495,3.273682111075188e-05
24,merged_z_m0p050_dedup_filtered,121,0.0036942327860742807,-0.00025723950238898396,0.003951472288463265,0.003951472288463265,1.561413324649311e-05
24,merged_z_m0p050_dedup_filtered,122,-0.001066543161869049,0.000771452090702951,-0.001837995252572,0.001837995252572,3.37822654847721e-06
24,merged_z_m0p050_dedup_filtered,123,-0.0009453888051211834,0.0008390358416363597,-0.001784424646757543,0.001784424646757543,3.1841713199557824e-06
24,merged_z_m0p050_dedup_filtered,124,0.0012214337475597858,0.0009618177427910268,0.000259616004768759,0.000259616004768759,6.74004699320923e-08
24,merged_z_m0p050_dedup_filtered,125,0.0030641870107501745,0.0010490822605788708,0.0020151047501713037,0.0020151047501713037,4.0606471541629525e-06
24,merged_z_m0p050_dedup_filtered,126,0.003242592792958021,-0.028009282425045967,0.03125187521800399,0.03125187521800399,0.0009766797046416918
24,merged_z_m0p050_dedup_filtered,127,0.0026743656489998102,0.0011778248008340597,0.0014965408481657505,0.0014965408481657505,2.239634510228664e-06
25,merged_z_p0p000_dedup_filtered,0,-0.010736169293522835,-0.001447714283131063,-0.009288455010391772,0.009288455010391772,8.627539648007201e-05
25,merged_z_p0p000_dedup_filtered,1,-0.009156938642263412,-0.001375006278976798,-0.007781932363286614,0.007781932363286614,6.055847130676759e-05
25,merged_z_p0p000_dedup_filtered,2,-0.0067568374797701836,-0.0013246310409158468,-0.005432206438854337,0.005432206438854337,2.9508866794330515e-05
25,merged_z_p0p000_dedup_filtered,3,-0.011124053969979286,-0.0008837009663693607,-0.010240353003609926,0.010240353003609926,0.00010486482963854282
25,merged_z_p0p000_dedup_filtered,4,-0.00661942083388567,-0.0008428021101281047,-0.005776618723757565,0.005776618723757565,3.336932387966648e-05
25,merged_z_p0p000_dedup_filtered,5,-0.0038755268324166536,-0.001263270853087306,-0.0026122559793293476,0.0026122559793293476,6.823881301541929e-06
25,merged_z_p0p000_dedup_filtered,6,-0.0008817755151540041,-0.0012019394198432565,0.0003201639046892524,0.0003201639046892524,1.0250492586586868e-07
25,merged_z_p0p000_dedup_filtered,7,-0.0020025274716317654,-0.0008019231609068811,-0.0012006043107248843,0.0012006043107248843,1.4414507109311745e-06
25,merged_z_p0p000_dedup_filtered,8,0.0021340688690543175,-0.0007610530010424554,0.002895121870096773,0.002895121870096773,8.381730642712636e-06
25,merged_z_p0p000_dedup_filtered,9,0.0018619457259774208,-0.0011406324338167906,0.0030025781597942114,0.0030025781597942114,9.015475605673193e-06
25,merged_z_p0p000_dedup_filtered,10,0.00406092731282115,-0.0010793345281854272,0.005140261841006577,0.005140261841006577,2.6422291794108324e-05
25,merged_z_p0p000_dedup_filtered,11,0.005322202108800411,-0.0007201872649602592,0.00604238937376067,0.00604238937376067,3.6510469344135864e-05
25,merged_z_p0p000_dedup_filtered,12,0.007287312299013138,-0.0006793235661461949,0.007966635865159333,0.007966635865159333,6.346728700804299e-05
25,merged_z_p0p000_dedup_filtered,13,0.0055293976329267025,-0.0010180397657677531,0.006547437398694456,0.006547437398694456,4.286893648982282e-05
25,merged_z_p0p000_dedup_filtered,14,0.006209739949554205,-0.0009567463421262801,0.007166486291680485,0.007166486291680485,5.1358525768844306e-05
25,merged_z_p0p000_dedup_filtered,15,0.007977912202477455,-0.000638460973277688,0.008616373175755143,0.008616373175755143,7.424188670387277e-05
25,merged_z_p0p000_dedup_filtered,16,0.007551575545221567,-0.0005975988460704684,0.008149174391292036,0.008149174391292036,6.640904325968992e-05
25,merged_z_p0p000_dedup_filtered,17,0.006786056328564882,-3.9534403528662665e-11,0.006786056368099286,0.006786056368099286,4.605056103102087e-05
25,merged_z_p0p000_dedup_filtered,18,0.00011718273162841797,-4.381816864906796e-08,0.00011722654979706704,0.00011722654979706704,1.3742063977324237e-08
25,merged_z_p0p000_dedup_filtered,19,0.0006213521119207144,-3.940547443903597e-08,0.0006213915173951534,0.0006213915173951534,3.8612741789065126e-07
25,merged_z_p0p000_dedup_filtered,20,0.0009155438165180385,-3.528859693346931e-08,0.000915579105114972,0.000915579105114972,8.382850977231329e-07
25,merged_z_p0p000_dedup_filtered,21,0.0010423152707517147,-3.133590809056841e-08,0.0010423466066598053,0.0010423466066598053,1.0864864484152107e-06
25,merged_z_p0p000_dedup_filtered,22,0.0010503181256353855,-2.7436634297828277e-08,0.0010503455622696833,0.0010503455622696833,1.1032258001796172e-06
25,merged_z_p0p000_dedup_filtered,23,0.0009864746825769544,-2.3607100274603e-08,0.000986498289677229,0.000986498289677229,9.73178875536098e-07
25,merged_z_p0p000_dedup_filtered,24,0.0008904582355171442,-1.99208045614796e-08,0.0008904781563217057,0.0008904781563217057,7.929513468861041e-07
25,merged_z_p0p000_dedup_filtered,25,0.0007919812342152,-1.6569588368042787e-08,0.000791997803803568,0.000791997803803568,6.272605212296749e-07
25,merged_z_p0p000_dedup_filtered,26,0.0007106937700882554,-1.3542215349104936e-08,0.0007107073123036045,0.0007107073123036045,5.051048837618132e-07
25,merged_z_p0p000_dedup_filtered,27,0.0006579146720468998,-1.0667145389220423e-08,0.000657925339192289,0.000657925339192289,4.3286575195128854e-07
25,merged_z_p0p000_dedup_filtered,28,0.0006390807684510946,-7.969680915209665e-09,0.0006390887381320098,0.0006390887381320098,4.0843441520716466e-07
25,merged_z_p0p000_dedup_filtered,29,0.005255441647022963,9.47217849898152e-05,0.005160719862033147,0.005160719862033147,2.6633029494383428e-05
25,merged_z_p0p000_dedup_filtered,30,0.013295324519276619,0.00021143874619156122,0.013083885773085058,0.013083885773085058,0.00017118806692313757
25,merged_z_p0p000_dedup_filtered,31,0.012371513992547989,0.00025207229191437364,0.012119441700633615,0.012119441700633615,0.000146880867135057
25,merged_z_p0p000_dedup_filtered,32,0.01602695696055889,0.00037894511478953063,0.01564801184576936,0.01564801184576936,0.00024486027472533825
25,merged_z_p0p000_dedup_filtered,33,0.012978855520486832,-6.285565384150926e-12,0.012978855526772397,0.012978855526772397,0.0001684506907848304
25,merged_z_p0p000_dedup_filtered,34,0.010633617639541626,0.0004891888820566237,0.010144428757485002,0.010144428757485002,0.0001029094348156887
25,merged_z_p0p000_dedup_filtered,35,0.008431988768279552,0.0003336321096867323,0.00809835665859282,0.00809835665859282,6.558338056977467e-05
25,merged_z_p0p000_dedup_filtered,36,0.0058831204660236835,0.00037446481292136014,0.005508655653102323,0.005508655653102323,3.0345287104456184e-05
25,merged_z_p0p000_dedup_filtered,37,0.0033186813816428185,0.0004153090703766793,0.002903372311266139,0.002903372311266139,8.429570777826882e-06
25,merged_z_p0p000_dedup_filtered,38,0.0030711661092936993,0.0006241575465537608,0.0024470085627399385,0.0024470085627399385,5.9878509061225795e-06
25,merged_z_p0p000_dedup_filtered,39,0.0010010553523898125,0.0004561584210023284,0.0005448969313874841,0.0005448969313874841,2.969126658354965e-07
25,merged_z_p0p000_dedup_filtered,40,-0.0008624778129160404,0.0004970102454535663,-0.0013594880583696067,0.0013594880583696067,1.8482077808495632e-06
25,merged_z_p0p000_dedup_filtered,41,-0.002143115969374776,0.0005378634086810052,-0.002680979378055781,0.002680979378055781,7.187650425560363e-06
25,merged_z_p0p000_dedup_filtered,42,-0.002799582201987505,0.0005787170375697315,-0.0033782992395572364,0.0033782992395572364,1.1412905751993002e-05
25,merged_z_p0p000_dedup_filtered,43,-0.002872469136491418,0.0006195716559886932,-0.003492040792480111,0.003492040792480111,1.2194348896345123e-05
25,merged_z_p0p000_dedup_filtered,44,-0.002466376405209303,0.0006604263326153159,-0.003126802737824619,0.003126802737824619,9.776895361267532e-06
25,merged_z_p0p000_dedup_filtered,45,-0.0017243821639567614,0.0007012812420725822,-0.0024256634060293436,0.0024256634060293436,5.883842959349876e-06
25,merged_z_p0p000_dedup_filtered,46,-0.0008004599949344993,0.0007421369664371014,-0.0015425969613716006,0.0015425969613716006,2.3796053852328955e-06
25,merged_z_p0p000_dedup_filtered,47,0.00016471490380354226,0.0007829946698620915,-0.0006182797660585493,0.0006182797660585493,3.8226986911741443e-07
25,merged_z_p0p000_dedup_filtered,48,0.0010604305425658822,0.0008238583686761558,0.0002365721738897264,0.0002365721738897264,5.5966393458910946e-08
25,merged_z_p0p000_dedup_filtered,49,0.001813007052987814,0.0008647360373288393,0.0009482710156589746,0.0009482710156589746,8.992179191389033e-07
25,merged_z_p0p000_dedup_filtered,50,0.0023835778702050447,0.0009056436247192323,0.0014779342454858124,0.0014779342454858124,2.1842896339797177e-06
25,merged_z_p0p000_dedup_filtered,51,0.0027590226382017136,0.0009466128540225327,0.0018124097841791809,0.0018124097841791809,3.284829225788425e-06
25,merged_z_p0p000_dedup_filtered,52,0.0029398715123534203,0.0009877001866698265,0.0019521713256835938,0.0019521713256835938,3.81097288482124e-06
25,merged_z_p0p000_dedup_filtered,53,-0.002350300084799528,0.0014846447156742215,-0.0038349448004737496,0.0038349448004737496,1.4706801622680647e-05
25,merged_z_p0p000_dedup_filtered,54,-0.0010824345517903566,0.0013856397708877921,-0.0024680743226781487,0.0024680743226781487,6.091390862263203e-06
25,merged_z_p0p000_dedup_filtered,55,0.002818409353494644,0.00046105115325190127,0.002357358200242743,0.002357358200242743,5.557137684251704e-06
25,merged_z_p0p000_dedup_filtered,56,0.004178198520094156,0.0004815375432372093,0.003696660976856947,0.003696660976856947,1.3665302377816957e-05
25,merged_z_p0p000_dedup_filtered,57,0.004684606101363897,0.0005020664539188147,0.004182539647445083,0.004182539647445083,1.7493637902450036e-05
25,merged_z_p0p000_dedup_filtered,58,-0.009993924759328365,-8.765365322460639e-08,-0.00999383710567514,0.00999383710567514,9.987678009476928e-05
25,merged_z_p0p000_dedup_filtered,59,-0.009575755335390568,-8.278884422452393e-08,-0.009575672546546343,0.009575672546546343,9.169350471868134e-05
25,merged_z_p0p000_dedup_filtered,60,-0.008765208534896374,-7.802069035278691e-08,-0.008765130514206021,0.008765130514206021,7.68275129310655e-05
25,merged_z_p0p000_dedup_filtered,61,-0.007640446536242962,-7.334247698054241e-08,-0.007640373193765981,0.007640373193765981,5.837530254001778e-05
25,merged_z_p0p000_dedup_filtered,62,-0.006305838003754616,-6.88823433847574e-08,-0.006305769121411231,0.006305769121411231,3.9762724212543365e-05
25,merged_z_p0p000_dedup_filtered,63,-0.004878021776676178,-6.451631406889646e-08,-0.004877957260362109,0.004877957260362109,2.3794467033919414e-05
25,merged_z_p0p000_dedup_filtered,64,-0.0034710844047367573,-6.008493613762766e-08,-0.0034710243198006197,0.0034710243198006197,1.2048009828647354e-05
25,merged_z_p0p000_dedup_filtered,65,-0.00218320544809103,-5.5533046605660275e-08,-0.0021831499150444245,0.0021831499150444245,4.766143551558478e-06
25,merged_z_p0p000_dedup_filtered,66,-0.0010867547243833542,-5.0840792908957155e-08,-0.0010867038835904452,0.0010867038835904452,1.180925330610556e-06
25,merged_z_p0p000_dedup_filtered,67,0.007029181346297264,-0.0003287561412435025,0.007357937487540767,0.007357937487540767,5.413924407055773e-05
25,merged_z_p0p000_dedup_filtered,68,0.00553418044000864,-0.0003491897659841925,0.005883370205992833,0.005883370205992833,3.461404498076415e-05
25,merged_z_p0p000_dedup_filtered,69,0.002572234719991684,-0.00036962368176318705,0.002941858401754871,0.002941858401754871,8.654530855975723e-06
25,merged_z_p0p000_dedup_filtered,70,-0.0016831541433930397,-0.00039005829603411257,-0.0012930958473589271,0.0012930958473589271,1.6720968704569018e-06
25,merged_z_p0p000_dedup_filtered,71,-0.00680765463039279,-0.00041049456922337413,-0.006397160061169416,0.006397160061169416,4.092365684822108e-05
25,merged_z_p0p000_dedup_filtered,72,-0.012182451784610748,-0.00043093538261018693,-0.011751516402000561,0.011751516402000561,0.00013809813774648823
25,merged_z_p0p000_dedup_filtered,73,-0.01709182932972908,-0.00045138722634874284,-0.016640442103380337,0.016640442103380337,0.00027690431339595303
25,merged_z_p0p000_dedup_filtered,74,-0.020844094455242157,-0.000471863808343187,-0.02037223064689897,0.02037223064689897,0.0004150277815304496
25,merged_z_p0p000_dedup_filtered,75,-0.022892722859978676,-0.0004923840169794858,-0.02240033884299919,0.02240033884299919,0.0005017751802811783
25,merged_z_p0p000_dedup_filtered,76,-0.018043143674731255,-0.0009862297447398305,-0.017056913929991424,0.017056913929991424,0.0002909383128151355
25,merged_z_p0p000_dedup_filtered,77,-0.01633286103606224,-0.0009451392688788474,-0.015387721767183393,0.015387721767183393,0.0002367819811842496
25,merged_z_p0p000_dedup_filtered,78,0.0008332971483469009,0.0004405994259286672,0.00039269772241823375,0.00039269772241823375,1.5421150119246817e-07
25,merged_z_p0p000_dedup_filtered,79,-0.0014480510726571083,0.0004201637639198452,-0.0018682148365769535,0.0018682148365769535,3.490226675606253e-06
25,merged_z_p0p000_dedup_filtered,80,-0.0036548457574099302,0.0003997348539996892,-0.0040545806114096195,0.0040545806114096195,1.6439623934418803e-05
25,merged_z_p0p000_dedup_filtered,81,-0.005439957603812218,0.00037930873804725707,-0.005819266341859475,0.005819266341859475,3.386386075749855e-05
25,merged_z_p0p000_dedup_filtered,82,-0.006538654211908579,0.00035888361162506044,-0.006897537823533639,0.006897537823533639,4.757602802707717e-05
25,merged_z_p0p000_dedup_filtered,83,-0.006809661164879799,0.0003384589799679816,-0.0071481201448477805,0.0071481201448477805,5.109562160517865e-05
25,merged_z_p0p000_dedup_filtered,84,-0.006251330487430096,0.0003180345520377159,-0.006569365039467812,0.006569365039467812,4.315655702178192e-05
25,merged_z_p0p000_dedup_filtered,85,-0.0049909548833966255,0.00029760986217297614,-0.005288564745569602,0.005288564745569602,2.7968917068081665e-05
25,merged_z_p0p000_dedup_filtered,86,-0.003250755136832595,0.00027718511410057545,-0.0035279402509331703,0.0035279402509331703,1.24463624141544e-05
25,merged_z_p0p000_dedup_filtered,87,-0.0012987462105229497,0.00025676030782051384,-0.0015555065183434635,0.0015555065183434635,2.419600528609004e-06
25,merged_z_p0p000_dedup_filtered,88,0.00060463190311566,0.00023633554519619793,0.000368296357919462,0.000368296357919462,1.3564220725674048e-07
25,merged_z_p0p000_dedup_filtered,89,0.002252809004858136,0.0002159112336812541,0.002036897771176882,0.002036897771176882,4.14895253022535e-06
25,merged_z_p0p000_dedup_filtered,90,0.0035231057554483414,0.0001954879699042067,0.0033276177855441347,0.0033276177855441347,1.107304012666965e-05
25,merged_z_p0p000_dedup_filtered,91,0.0043852683156728745,0.0001750672236084938,0.004210201092064381,0.004210201092064381,1.7725793235620103e-05
25,merged_z_p0p000_dedup_filtered,92,0.004888317547738552,0.0001546525745652616,0.0047336649731732905,0.0047336649731732905,2.240758407824769e-05
25,merged_z_p0p000_dedup_filtered,93,0.00513041764497757,0.00013425250654108822,0.004996165138436481,0.004996165138436481,2.4961666090528024e-05
25,merged_z_p0p000_dedup_filtered,94,-0.0001196451485157013,-0.0001346870994893834,1.5041950973682106e-05,1.5041950973682106e-05,2.2626028909465604e-10
25,merged_z_p0p000_dedup_filtered,95,0.00021138973534107208,-0.00011431432358222082,0.0003257040589232929,0.0003257040589232929,1.0608313399910786e-07
25,merged_z_p0p000_dedup_filtered,96,0.0006564627401530743,-0.00023012967722024769,0.000886592417373322,0.000886592417373322,7.860461145438707e-07
25,merged_z_p0p000_dedup_filtered,97,0.0007076570764183998,-0.00034439569571986794,0.0010520527721382678,0.0010520527721382678,1.106815035363814e-06
25,merged_z_p0p000_dedup_filtered,98,0.0007519582286477089,-0.00040538940811529756,0.0011573476367630064,0.0011573476367630064,1.339453552320916e-06
25,merged_z_p0p000_dedup_filtered,99,0.00045046722516417503,-0.0002708356478251517,0.0007213028729893267,0.0007213028729893267,5.202778345826568e-07
25,merged_z_p0p000_dedup_filtered,100,0.00027057481929659843,-0.000311625306494534,0.0005822001257911325,0.0005822001257911325,3.3895698647121045e-07
25,merged_z_p0p000_dedup_filtered,101,0.0008934848010540009,-0.00046654770267196,0.0013600325037259609,0.0013600325037259609,1.8496884111911057e-06
25,merged_z_p0p000_dedup_filtered,102,0.001207941211760044,-0.0005277741001918912,0.0017357153119519353,0.0017357153119519353,3.012707644144404e-06
25,merged_z_p0p000_dedup_filtered,103,0.000306959031149745,-0.0003524541389197111,0.0006594131700694561,0.0006594131700694561,4.3482572886104943e-07
25,merged_z_p0p000_dedup_filtered,104,0.0007345674093812704,-0.00039330110303126276,0.0011278685124125332,0.0011278685124125332,1.2720873812916605e-06
25,merged_z_p0p000_dedup_filtered,105,0.0017563235014677048,-0.0005890292231924832,0.002345352724660188,0.002345352724660188,5.5006794030709674e-06
25,merged_z_p0p000_dedup_filtered,106,0.00255437265150249,-0.0006503114709630609,0.003204684122465551,0.003204684122465551,1.0270000324782798e-05
25,merged_z_p0p000_dedup_filtered,107,0.0016504083760082722,-0.000434155750554055,0.002084564126562327,0.002084564126562327,4.345407597750558e-06
25,merged_z_p0p000_dedup_filtered,108,0.0005010741297155619,-2.5343274354105993e-11,0.0005010741550588362,0.0005010741550588362,2.510753088679266e-07
25,merged_z_p0p000_dedup_filtered,109,-0.0003625941462814808,-0.000195943663129583,-0.0001666504831518978,0.0001666504831518978,2.777238353476097e-08
25,merged_z_p0p000_dedup_filtered,110,-0.0006357352249324322,-0.00017551530618220568,-0.0004602199187502265,0.0004602199187502265,2.1180237361446508e-07
25,merged_z_p0p000_dedup_filtered,111,-0.00048040738329291344,-0.0001550936867715791,-0.00032531369652133435,0.00032531369652133435,1.0582900114437482e-07
25,merged_z_p0p000_dedup_filtered,112,0.0007442855276167393,-0.00018960496527142823,0.0009338904928881675,0.0009338904928881675,8.721514527069044e-07
25,merged_z_p0p000_dedup_filtered,113,0.003025525249540806,-0.00047501467633992434,0.00350053992588073,0.00350053992588073,1.2253779772685068e-05
25,merged_z_p0p000_dedup_filtered,114,0.0035501900129020214,-0.0007115888292901218,0.004261778842192143,0.004261778842192143,1.8162758899756605e-05
25,merged_z_p0p000_dedup_filtered,115,0.004616950172930956,-0.0007728756172582507,0.005389825790189207,0.005389825790189207,2.9050222048588705e-05
25,merged_z_p0p000_dedup_filtered,116,0.004684926941990852,-0.0005158754647709429,0.005200802406761795,0.005200802406761795,2.7048345674179282e-05
25,merged_z_p0p000_dedup_filtered,117,0.006322711706161499,-0.0005567368352785707,0.00687944854144007,0.00687944854144007,4.73268122343219e-05
25,merged_z_p0p000_dedup_filtered,118,0.005564250983297825,-0.0008341713109984994,0.006398422294296324,0.006398422294296324,4.093980785614824e-05
25,merged_z_p0p000_dedup_filtered,119,0.0061674113385379314,-0.0008954599034041166,0.007062871241942048,0.007062871241942048,4.988415018025201e-05
25,merged_z_p0p000_dedup_filtered,120,0.005402806680649519,-0.00027767239953391254,0.0056804790801834315,0.0056804790801834315,3.22678425804016e-05
25,merged_z_p0p000_dedup_filtered,121,0.003620943520218134,-0.00025723950238898396,0.003878183022607118,0.003878183022607118,1.5040303556838081e-05
25,merged_z_p0p000_dedup_filtered,122,-0.0010225302539765835,0.000771452090702951,-0.0017939823446795344,0.0017939823446795344,3.21837265302188e-06
25,merged_z_p0p000_dedup_filtered,123,-0.0008905115537345409,0.0008390358416363597,-0.0017295473953709006,0.0017295473953709006,2.9913341928342665e-06
25,merged_z_p0p000_dedup_filtered,124,0.001276648137718439,0.0009618177427910268,0.00031483039492741227,0.00031483039492741227,9.911817757015038e-08
25,merged_z_p0p000_dedup_filtered,125,0.003122053574770689,0.0010490822605788708,0.0020729713141918182,0.0020729713141918182,4.297210069462154e-06
25,merged_z_p0p000_dedup_filtered,126,0.0033099923748522997,-3.5798863873282016e-11,0.0033099924106511636,0.0033099924106511636,1.0956049758568302e-05
25,merged_z_p0p000_dedup_filtered,127,0.002758059184998274,0.0011778248008340597,0.0015802343841642141,0.0015802343841642141,2.497140708894853e-06
26,merged_z_p0p002_dedup_filtered,0,-0.010729966685175896,-0.001447714283131063,-0.009282252402044833,0.009282252402044833,8.616020965526707e-05
26,merged_z_p0p002_dedup_filtered,1,-0.009150959551334381,-0.001375006278976798,-0.007775953272357583,0.007775953272357583,6.0465449293888604e-05
26,merged_z_p0p002_dedup_filtered,2,-0.006751235108822584,-0.0013246310409158468,-0.005426604067906737,0.005426604067906737,2.944803170982195e-05
26,merged_z_p0p002_dedup_filtered,3,-0.011118344031274319,-0.0008837009663693607,-0.010234643064904958,0.010234643064904958,0.00010474791866600715
26,merged_z_p0p002_dedup_filtered,4,-0.006614208221435547,-0.0008428021101281047,-0.005771406111307442,0.005771406111307442,3.330912850163689e-05
26,merged_z_p0p002_dedup_filtered,5,-0.0038704408798366785,-0.001263270853087306,-0.0026071700267493725,0.0026071700267493725,6.797335548380324e-06
26,merged_z_p0p002_dedup_filtered,6,-0.0008773411391302943,-0.0012019394198432565,0.00032459828071296215,0.00032459828071296215,1.0536404384181098e-07
26,merged_z_p0p002_dedup_filtered,7,-0.0019979604985564947,-0.0008019231609068811,-0.0011960373376496136,0.0011960373376496136,1.4305053130519759e-06
26,merged_z_p0p002_dedup_filtered,8,0.0021378444507718086,-0.0007610530010424554,0.002898897451814264,0.002898897451814264,8.403606436135233e-06
26,merged_z_p0p002_dedup_filtered,9,0.0018656026804819703,-0.0011406324338167906,0.003006235114298761,0.003006235114298761,9.037449562442884e-06
26,merged_z_p0p002_dedup_filtered,10,0.0040636928752064705,-0.0010793345281854272,0.005143027403391898,0.005143027403391898,2.6450730872040005e-05
26,merged_z_p0p002_dedup_filtered,11,0.005325048230588436,-0.0007201872649602592,0.006045235495548695,0.006045235495548695,3.6544872196641877e-05
26,merged_z_p0p002_dedup_filtered,12,0.007289109751582146,-0.0006793235661461949,0.00796843331772834,0.00796843331772834,6.349592953908309e-05
26,merged_z_p0p002_dedup_filtered,13,0.005531172268092632,-0.0010180397657677531,0.006549212033860385,0.006549212033860385,4.2892178264461686e-05
26,merged_z_p0p002_dedup_filtered,14,0.006210441701114178,-0.0009567463421262801,0.007167188043240458,0.007167188043240458,5.136858444716898e-05
26,merged_z_p0p002_dedup_filtered,15,0.007978563196957111,-0.000638460973277688,0.0086170241702348,0.0086170241702348,7.425310555041073e-05
26,merged_z_p0p002_dedup_filtered,16,0.00755101814866066,-0.0005975988460704684,0.008148616994731128,0.008148616994731128,6.639995892682096e-05
26,merged_z_p0p002_dedup_filtered,17,0.006785755045711994,0.0006223798263818026,0.006163375219330192,0.006163375219330192,3.798719409425349e-05
26,merged_z_p0p002_dedup_filtered,18,0.00011818995699286461,-4.381816864906796e-08,0.00011823377516151368,0.00011823377516151368,1.3979225588943368e-08
26,merged_z_p0p002_dedup_filtered,19,0.0006211906438693404,-3.940547443903597e-08,0.0006212300493437795,0.0006212300493437795,3.8592677420767465e-07
26,merged_z_p0p002_dedup_filtered,20,0.0009141527116298676,-3.528859693346931e-08,0.000914188000226801,0.000914188000226801,8.357396997586776e-07
26,merged_z_p0p002_dedup_filtered,21,0.0010396729921922088,-3.133590809056841e-08,0.0010397043281002993,0.0010397043281002993,1.0809850898704948e-06
26,merged_z_p0p002_dedup_filtered,22,0.0010464484803378582,-2.7436634297828277e-08,0.001046475916972156,0.001046475916972156,1.0951118448027148e-06
26,merged_z_p0p002_dedup_filtered,23,0.0009814499644562602,-2.3607100274603e-08,0.0009814735715565348,0.0009814735715565348,9.632903716639405e-07
26,merged_z_p0p002_dedup_filtered,24,0.0008844013209454715,-1.99208045614796e-08,0.000884421241750033,0.000884421241750033,7.822009328586703e-07
26,merged_z_p0p002_dedup_filtered,25,0.0007850618567317724,-1.6569588368042787e-08,0.0007850784263201405,0.0007850784263201405,6.163481354733082e-07
26,merged_z_p0p002_dedup_filtered,26,0.0007031236309558153,-1.3542215349104936e-08,0.0007031371731711644,0.0007031371731711644,4.944018842951361e-07
26,merged_z_p0p002_dedup_filtered,27,0.0006499369628727436,-1.0667145389220423e-08,0.0006499476300181328,0.0006499476300181328,4.2243192176618766e-07
26,merged_z_p0p002_dedup_filtered,28,0.0006309596356004477,-7.969680915209665e-09,0.0006309676052813629,0.0006309676052813629,3.981201189144977e-07
26,merged_z_p0p002_dedup_filtered,29,0.0052473763935267925,9.47217849898152e-05,0.005152654608536977,0.005152654608536977,2.654984951487735e-05
26,merged_z_p0p002_dedup_filtered,30,0.013287220150232315,0.00021143874619156122,0.013075781404040754,0.013075781404040754,0.00017097605932625797
26,merged_z_p0p002_dedup_filtered,31,0.012364065274596214,0.00025207229191437364,0.01211199298268184,0.01211199298268184,0.00014670037401253415
26,merged_z_p0p002_dedup_filtered,32,0.01601949706673622,0.00037894511478953063,0.01564055195194669,0.01564055195194669,0.00024462686536154345
26,merged_z_p0p002_dedup_filtered,33,0.012972540222108364,4.058691411046311e-05,0.012931953307997901,0.012931953307997901,0.00016723541636023785
26,merged_z_p0p002_dedup_filtered,34,0.010628785938024521,0.0004891888820566237,0.010139597055967897,0.010139597055967897,0.00010281142845739284
26,merged_z_p0p002_dedup_filtered,35,0.008427278138697147,0.0003336321096867323,0.008093646029010415,0.008093646029010415,6.550710604291606e-05
26,merged_z_p0p002_dedup_filtered,36,0.0058801197446882725,0.00037446481292136014,0.005505654931766912,0.005505654931766912,3.0312236227689323e-05
26,merged_z_p0p002_dedup_filtered,37,0.0033173393458127975,0.0004153090703766793,0.0029020302754361182,0.0029020302754361182,8.421779719547831e-06
26,merged_z_p0p002_dedup_filtered,38,0.003070225939154625,0.0006241575465537608,0.002446068392600864,0.002446068392600864,5.983250581280975e-06
26,merged_z_p0p002_dedup_filtered,39,0.0010011487174779177,0.0004561584210023284,0.0005449902964755893,0.0005449902964755893,2.970144232525507e-07
26,merged_z_p0p002_dedup_filtered,40,-0.0008612838573753834,0.0004970102454535663,-0.0013582941028289497,0.0013582941028289497,1.8449628697799014e-06
26,merged_z_p0p002_dedup_filtered,41,-0.002141187433153391,0.0005378634086810052,-0.002679050841834396,0.002679050841834396,7.1773134131335866e-06
26,merged_z_p0p002_dedup_filtered,42,-0.00279724202118814,0.0005787170375697315,-0.0033759590587578714,0.0033759590587578714,1.1397099566409333e-05
26,merged_z_p0p002_dedup_filtered,43,-0.002869934542104602,0.0006195716559886932,-0.003489506198093295,0.003489506198093295,1.2176653506531523e-05
26,merged_z_p0p002_dedup_filtered,44,-0.002463732147589326,0.0006604263326153159,-0.003124158480204642,0.003124158480204642,9.760366209434577e-06
26,merged_z_p0p002_dedup_filtered,45,-0.0017215812113136053,0.0007012812420725822,-0.0024228624533861876,0.0024228624533861876,5.870262468028536e-06
26,merged_z_p0p002_dedup_filtered,46,-0.0007973584579303861,0.0007421369664371014,-0.0015394954243674874,0.0015394954243674874,2.37004616164843e-06
26,merged_z_p0p002_dedup_filtered,47,0.00016830311506055295,0.0007829946698620915,-0.0006146915548015386,0.0006146915548015386,3.778457075443329e-07
26,merged_z_p0p002_dedup_filtered,48,0.0010646687587723136,0.0008238583686761558,0.0002408103900961578,0.0002408103900961578,5.798964397826369e-08
26,merged_z_p0p002_dedup_filtered,49,0.0018179798498749733,0.0008647360373288393,0.000953243812546134,0.000953243812546134,9.08673766157489e-07
26,merged_z_p0p002_dedup_filtered,50,0.002389254979789257,0.0009056436247192323,0.0014836113550700247,0.0014836113550700247,2.201102652892715e-06
26,merged_z_p0p002_dedup_filtered,51,0.00276524992659688,0.0009466128540225327,0.0018186370725743473,0.0018186370725743473,3.3074408017417916e-06
26,merged_z_p0p002_dedup_filtered,52,0.002946393098682165,0.0009877001866698265,0.0019586929120123386,0.0019586929120123386,3.836477923567375e-06
26,merged_z_p0p002_dedup_filtered,53,-0.002343664411455393,0.0014846447156742215,-0.0038283091271296144,0.0038283091271296144,1.465595077286391e-05
26,merged_z_p0p002_dedup_filtered,54,-0.0010765257757157087,0.0013856397708877921,-0.002462165546603501,0.002462165546603501,6.062259178881316e-06
26,merged_z_p0p002_dedup_filtered,55,0.0028244522400200367,0.00046105115325190127,0.0023634010867681354,0.0023634010867681354,5.585664696936804e-06
26,merged_z_p0p002_dedup_filtered,56,0.004184487275779247,0.0004815375432372093,0.003702949732542038,0.003702949732542038,1.371183672173315e-05
26,merged_z_p0p002_dedup_filtered,57,0.004690986126661301,0.0005020664539188147,0.004188919672742486,0.004188919672742486,1.7547048024689016e-05
26,merged_z_p0p002_dedup_filtered,58,-0.00998757965862751,-8.765365322460639e-08,-0.009987492004974285,0.009987492004974285,9.974999654942527e-05
26,merged_z_p0p002_dedup_filtered,59,-0.009569495916366577,-8.278884422452393e-08,-0.009569413127522353,0.009569413127522353,9.157366760519713e-05
26,merged_z_p0p002_dedup_filtered,60,-0.008759129792451859,-7.802069035278691e-08,-0.008759051771761506,0.008759051771761506,7.672098794039838e-05
26,merged_z_p0p002_dedup_filtered,61,-0.007634649984538555,-7.334247698054241e-08,-0.007634576642061575,0.007634576642061575,5.8286760503512186e-05
26,merged_z_p0p002_dedup_filtered,62,-0.0063004340045154095,-6.88823433847574e-08,-0.006300365122172025,0.006300365122172025,3.969460067268171e-05
26,merged_z_p0p002_dedup_filtered,63,-0.004873129539191723,-6.451631406889646e-08,-0.004873065022877654,0.004873065022877654,2.374676271719359e-05
26,merged_z_p0p002_dedup_filtered,64,-0.0034668310545384884,-6.008493613762766e-08,-0.0034667709696023508,0.0034667709696023508,1.2018500955677623e-05
26,merged_z_p0p002_dedup_filtered,65,-0.002179723000153899,-5.5533046605660275e-08,-0.0021796674671072935,0.0021796674671072935,4.7509502671659245e-06
26,merged_z_p0p002_dedup_filtered,66,-0.0010841735638678074,-5.0840792908957155e-08,-0.0010841227230748984,0.0010841227230748984,1.175322078687333e-06
26,merged_z_p0p002_dedup_filtered,67,0.007030739914625883,-0.0003287561412435025,0.007359496055869386,0.007359496055869386,5.416218219635704e-05
26,merged_z_p0p002_dedup_filtered,68,0.005536878015846014,-0.0003491897659841925,0.0058860677818302065,0.0058860677818302065,3.464579393229957e-05
26,merged_z_p0p002_dedup_filtered,69,0.002575930207967758,-0.00036962368176318705,0.0029455538897309452,0.0029455538897309452,8.6762877173091e-06
26,merged_z_p0p002_dedup_filtered,70,-0.00167862419039011,-0.00039005829603411257,-0.0012885658943559974,0.0012885658943559974,1.6604020640974716e-06
26,merged_z_p0p002_dedup_filtered,71,-0.006802460178732872,-0.00041049456922337413,-0.006391965609509498,0.006391965609509498,4.085722435315212e-05
26,merged_z_p0p002_dedup_filtered,72,-0.0121767558157444,-0.00043093538261018693,-0.011745820433134213,0.011745820433134213,0.0001379642976474332
26,merged_z_p0p002_dedup_filtered,73,-0.017085781320929527,-0.00045138722634874284,-0.016634394094580784,0.016634394094580784,0.0002767030668938241
26,merged_z_p0p002_dedup_filtered,74,-0.020837824791669846,-0.000471863808343187,-0.02036596098332666,0.02036596098332666,0.00041477236677438375
26,merged_z_p0p002_dedup_filtered,75,-0.02288634516298771,-0.0004923840169794858,-0.022393961146008223,0.022393961146008223,0.000501489495808926
26,merged_z_p0p002_dedup_filtered,76,-0.018036823719739914,-0.0009862297447398305,-0.017050593975000083,0.017050593975000083,0.00029072275490030913
26,merged_z_p0p002_dedup_filtered,77,-0.016326678916811943,-0.0009451392688788474,-0.015381539647933096,0.015381539647933096,0.00023659176194093778
26,merged_z_p0p002_dedup_filtered,78,0.0008389714639633894,0.0004405994259286672,0.0003983720380347222,0.0003983720380347222,1.5870028068793816e-07
26,merged_z_p0p002_dedup_filtered,79,-0.0014428220456466079,0.0004201637639198452,-0.001862985809566453,0.001862985809566453,3.4707161266459727e-06
26,merged_z_p0p002_dedup_filtered,80,-0.0036500950809568167,0.0003997348539996892,-0.004049829934956506,0.004049829934956506,1.6401122502069816e-05
26,merged_z_p0p002_dedup_filtered,81,-0.005435685161501169,0.00037930873804725707,-0.005814993899548426,0.005814993899548426,3.381415405178541e-05
26,merged_z_p0p002_dedup_filtered,82,-0.0065348511561751366,0.00035888361162506044,-0.006893734767800197,0.006893734767800197,4.7523579048777235e-05
26,merged_z_p0p002_dedup_filtered,83,-0.006806332617998123,0.0003384589799679816,-0.007144791597966105,0.007144791597966105,5.104804697836704e-05
26,merged_z_p0p002_dedup_filtered,84,-0.006248521152883768,0.0003180345520377159,-0.006566555704921484,0.006566555704921484,4.311965382583689e-05
26,merged_z_p0p002_dedup_filtered,85,-0.004988763481378555,0.00029760986217297614,-0.0052863733435515314,0.0052863733435515314,2.7945743127412197e-05
26,merged_z_p0p002_dedup_filtered,86,-0.0032493341714143753,0.00027718511410057545,-0.0035265192855149508,0.0035265192855149508,1.2436338271108879e-05
26,merged_z_p0p002_dedup_filtered,87,-0.0012982856715098023,0.00025676030782051384,-0.0015550459793303162,0.0015550459793303162,2.418167997831382e-06
26,merged_z_p0p002_dedup_filtered,88,0.0006039325962774456,0.00023633554519619793,0.00036759705108124763,0.00036759705108124763,1.3512759196362938e-07
26,merged_z_p0p002_dedup_filtered,89,0.00225078035145998,0.0002159112336812541,0.002034869117778726,0.002034869117778726,4.14069232648957e-06
26,merged_z_p0p002_dedup_filtered,90,0.003519649151712656,0.0001954879699042067,0.0033241611818084493,0.0033241611818084493,1.1050047562642146e-05
26,merged_z_p0p002_dedup_filtered,91,0.004380390048027039,0.0001750672236084938,0.004205322824418545,0.004205322824418545,1.7684740057575567e-05
26,merged_z_p0p002_dedup_filtered,92,0.004882150329649448,0.0001546525745652616,0.004727497755084187,0.004727497755084187,2.2349235024326026e-05
26,merged_z_p0p002_dedup_filtered,93,0.005123223643749952,0.00013425250654108822,0.004988971137208864,0.004988971137208864,2.4889833007903106e-05
26,merged_z_p0p002_dedup_filtered,94,-0.00012766430154442787,-0.0001346870994893834,7.022797944955528e-06,7.022797944955528e-06,4.9319690975671584e-11
26,merged_z_p0p002_dedup_filtered,95,0.0002031177282333374,-0.00011431432358222082,0.0003174320518155582,0.0003174320518155582,1.0076310751983524e-07
26,merged_z_p0p002_dedup_filtered,96,0.0006479951553046703,-0.00023012967722024769,0.000878124832524918,0.000878124832524918,7.711032214969153e-07
26,merged_z_p0p002_dedup_filtered,97,0.000699126161634922,-0.00034439569571986794,0.00104352185735479,0.00104352185735479,1.0889378667771906e-06
26,merged_z_p0p002_dedup_filtered,98,0.0007437600288540125,-0.00040538940811529756,0.00114914943696931,0.00114914943696931,1.3205444284868823e-06
26,merged_z_p0p002_dedup_filtered,99,0.0004422888159751892,-0.0002708356478251517,0.0007131244638003409,0.0007131244638003409,5.085465008705237e-07
26,merged_z_p0p002_dedup_filtered,100,0.0002628704532980919,-0.000311625306494534,0.0005744957597926259,0.0005744957597926259,3.300453780197065e-07
26,merged_z_p0p002_dedup_filtered,101,0.0008858263026922941,-0.00046654770267196,0.0013523740053642541,0.0013523740053642541,1.8289154503849556e-06
26,merged_z_p0p002_dedup_filtered,102,0.0012010079808533192,-0.0005277741001918912,0.0017287820810452104,0.0017287820810452104,2.9886874837430083e-06
26,merged_z_p0p002_dedup_filtered,103,0.0002999063581228256,-0.0003524541389197111,0.0006523604970425367,0.0006523604970425367,4.255742181015856e-07
26,merged_z_p0p002_dedup_filtered,104,0.0007283322047442198,-0.00039330110303126276,0.0011216333077754825,0.0011216333077754825,1.2580612771113703e-06
26,merged_z_p0p002_dedup_filtered,105,0.0017502738628536463,-0.0005890292231924832,0.0023393030860461295,0.0023393030860461295,5.472338928384945e-06
26,merged_z_p0p002_dedup_filtered,106,0.002549332333728671,-0.0006503114709630609,0.003199643804691732,0.003199643804691732,1.0237720476902182e-05
26,merged_z_p0p002_dedup_filtered,107,0.0016451356932520866,-0.000434155750554055,0.0020792914438061416,0.0020792914438061416,4.323452908285429e-06
26,merged_z_p0p002_dedup_filtered,108,0.0004958503413945436,0.00024187103554140776,0.0002539793058531359,0.0002539793058531359,6.450548780164074e-08
26,merged_z_p0p002_dedup_filtered,109,-0.000368794659152627,-0.000195943663129583,-0.000172850996023044,0.000172850996023044,2.987746682615837e-08
26,merged_z_p0p002_dedup_filtered,110,-0.0006427201442420483,-0.00017551530618220568,-0.0004672048380598426,0.0004672048380598426,2.1828036070652374e-07
26,merged_z_p0p002_dedup_filtered,111,-0.0004879990592598915,-0.0001550936867715791,-0.0003329053724883124,0.0003329053724883124,1.1082598703158204e-07
26,merged_z_p0p002_dedup_filtered,112,0.0007357201538980007,-0.00018960496527142823,0.0009253251191694289,0.0009253251191694289,8.562265761659179e-07
26,merged_z_p0p002_dedup_filtered,113,0.003021335694938898,-0.00047501467633992434,0.0034963503712788224,0.0034963503712788224,1.222446591874156e-05
26,merged_z_p0p002_dedup_filtered,114,0.0035462507512420416,-0.0007115888292901218,0.004257839580532163,0.004257839580532163,1.812919789354631e-05
26,merged_z_p0p002_dedup_filtered,115,0.004614167846739292,-0.0007728756172582507,0.005387043463997543,0.005387043463997543,2.9020237282998646e-05
26,merged_z_p0p002_dedup_filtered,116,0.004681908525526524,-0.0005158754647709429,0.0051977839902974665,0.0051977839902974665,2.7016958409792653e-05
26,merged_z_p0p002_dedup_filtered,117,0.006320917513221502,-0.0005567368352785707,0.006877654348500073,0.006877654348500073,4.730212933744196e-05
26,merged_z_p0p002_dedup_filtered,118,0.005562648177146912,-0.0008341713109984994,0.006396819488145411,0.006396819488145411,4.091929956391692e-05
26,merged_z_p0p002_dedup_filtered,119,0.006166979670524597,-0.0008954599034041166,0.007062439573928714,0.007062439573928714,4.987805273539439e-05
26,merged_z_p0p002_dedup_filtered,120,0.0054011656902730465,-0.00027767239953391254,0.005678838089806959,0.005678838089806959,3.224920205024235e-05
26,merged_z_p0p002_dedup_filtered,121,0.0036180121824145317,-0.00025723950238898396,0.0038752516848035157,0.0038752516848035157,1.5017575620572487e-05
26,merged_z_p0p002_dedup_filtered,122,-0.0010207653976976871,0.000771452090702951,-0.001792217488400638,0.001792217488400638,3.2120435257290914e-06
26,merged_z_p0p002_dedup_filtered,123,-0.0008883094415068626,0.0008390358416363597,-0.0017273452831432223,0.0017273452831432223,2.983721727197139e-06
26,merged_z_p0p002_dedup_filtered,124,0.0012788668973371387,0.0009618177427910268,0.0003170491545461118,0.0003170491545461118,1.005201663984043e-07
26,merged_z_p0p002_dedup_filtered,125,0.003124380484223366,0.0010490822605788708,0.002075298223644495,0.002075298223644495,4.3068627170619964e-06
26,merged_z_p0p002_dedup_filtered,126,0.003312700893729925,0.0011203712783753872,0.002192329615354538,0.002192329615354538,4.806309142360576e-06
26,merged_z_p0p002_dedup_filtered,127,0.00276141962967813,0.0011778248008340597,0.0015835948288440704,0.0015835948288440704,2.5077725819416807e-06
27,merged_z_p0p004_dedup_filtered,0,-0.010723764076828957,-0.001447714283131063,-0.009276049793697894,0.009276049793697894,8.604509977516273e-05
27,merged_z_p0p004_dedup_filtered,1,-0.009144983254373074,-0.001375006278976798,-0.0077699769753962755,0.0077699769753962755,6.0372542198188254e-05
27,merged_z_p0p004_dedup_filtered,2,-0.006745627149939537,-0.0013246310409158468,-0.00542099610902369,0.00542099610902369,2.938719881404999e-05
27,merged_z_p0p004_dedup_filtered,3,-0.011112636886537075,-0.0008837009663693607,-0.010228935920167714,0.010228935920167714,0.00010463113005889732
27,merged_z_p0p004_dedup_filtered,4,-0.006609001196920872,-0.0008428021101281047,-0.005766199086792767,0.005766199086792767,3.324905190852974e-05
27,merged_z_p0p004_dedup_filtered,5,-0.0038653449155390263,-0.001263270853087306,-0.0026020740624517202,0.0026020740624517202,6.770789426483999e-06
27,merged_z_p0p004_dedup_filtered,6,-0.0008728926768526435,-0.0012019394198432565,0.000329046742990613,0.000329046742990613,1.0827175907273051e-07
27,merged_z_p0p004_dedup_filtered,7,-0.001993401674553752,-0.0008019231609068811,-0.0011914785136468709,0.0011914785136468709,1.4196210484821566e-06
27,merged_z_p0p004_dedup_filtered,8,0.0021416102536022663,-0.0007610530010424554,0.0029026632546447217,0.0029026632546447217,8.425453969864689e-06
27,merged_z_p0p004_dedup_filtered,9,0.0018692767480388284,-0.0011406324338167906,0.003009909181855619,0.003009909181855619,9.059553283018761e-06
27,merged_z_p0p004_dedup_filtered,10,0.004066476132720709,-0.0010793345281854272,0.005145810660906136,0.005145810660906136,2.6479367357895245e-05
27,merged_z_p0p004_dedup_filtered,11,0.005327885039150715,-0.0007201872649602592,0.006048072304110974,0.006048072304110974,3.6579178595754223e-05
27,merged_z_p0p004_dedup_filtered,12,0.007290899753570557,-0.0006793235661461949,0.007970223319716752,0.007970223319716752,6.352445976615672e-05
27,merged_z_p0p004_dedup_filtered,13,0.0055329641327261925,-0.0010180397657677531,0.006551003898493946,0.006551003898493946,4.2915652078082873e-05
27,merged_z_p0p004_dedup_filtered,14,0.00621115742251277,-0.0009567463421262801,0.00716790376463905,0.00716790376463905,5.137884437912666e-05
27,merged_z_p0p004_dedup_filtered,15,0.007979210466146469,-0.000638460973277688,0.008617671439424157,0.008617671439424157,7.426426103786682e-05
27,merged_z_p0p004_dedup_filtered,16,0.007550460286438465,-0.0005975988460704684,0.008148059132508934,0.008148059132508934,6.639086762686223e-05
27,merged_z_p0p004_dedup_filtered,17,0.006785442121326923,0.0012447596527636051,0.005540682468563318,0.005540682468563318,3.0699162217444906e-05
27,merged_z_p0p004_dedup_filtered,18,0.0001191878691315651,-4.381816864906796e-08,0.00011923168730021416,0.00011923168730021416,1.421619525645605e-08
27,merged_z_p0p004_dedup_filtered,19,0.0006210218416526914,-3.940547443903597e-08,0.0006210612471271304,0.0006210612471271304,3.8571707268310656e-07
27,merged_z_p0p004_dedup_filtered,20,0.000912756600882858,-3.528859693346931e-08,0.0009127918894797915,0.0009127918894797915,8.331890335000879e-07
27,merged_z_p0p004_dedup_filtered,21,0.0010370274540036917,-3.133590809056841e-08,0.0010370587899117822,0.0010370587899117822,1.0754909337332901e-06
27,merged_z_p0p004_dedup_filtered,22,0.0010425763903185725,-2.7436634297828277e-08,0.0010426038269528703,0.0010426038269528703,1.0870227399767708e-06
27,merged_z_p0p004_dedup_filtered,23,0.0009764237329363823,-2.3607100274603e-08,0.0009764473400366569,0.0009764473400366569,9.534494078646627e-07
27,merged_z_p0p004_dedup_filtered,24,0.0008783430093899369,-1.99208045614796e-08,0.0008783629301944984,0.0008783629301944984,7.715214371398652e-07
27,merged_z_p0p004_dedup_filtered,25,0.000778141082264483,-1.6569588368042787e-08,0.000778157651852851,0.000778157651852851,6.055293311371428e-07
27,merged_z_p0p004_dedup_filtered,26,0.0006955515127629042,-1.3542215349104936e-08,0.0006955650549782533,0.0006955650549782533,4.838107457069005e-07
27,merged_z_p0p004_dedup_filtered,27,0.0006419569253921509,-1.0667145389220423e-08,0.0006419675925375401,0.0006419675925375401,4.121223898684451e-07
27,merged_z_p0p004_dedup_filtered,28,0.0006228357087820768,-7.969680915209665e-09,0.000622843678462992,0.000622843678462992,3.87934247801311e-07
27,merged_z_p0p004_dedup_filtered,29,0.0052393111400306225,9.47217849898152e-05,0.005144589355040807,0.005144589355040807,2.646679963199919e-05
27,merged_z_p0p004_dedup_filtered,30,0.013279102742671967,0.00021143874619156122,0.013067663996480405,0.013067663996480405,0.00017076384232491023
27,merged_z_p0p004_dedup_filtered,31,0.01235660444945097,0.00025207229191437364,0.012104532157536596,0.012104532157536596,0.00014651969875283756
27,merged_z_p0p004_dedup_filtered,32,0.01601201668381691,0.00037894511478953063,0.01563307156902738,0.01563307156902738,0.0002443929266823322
27,merged_z_p0p004_dedup_filtered,33,0.012966206297278404,8.117382822092623e-05,0.012885032469057478,0.012885032469057478,0.00016602406172866544
27,merged_z_p0p004_dedup_filtered,34,0.010623938404023647,0.0004891888820566237,0.010134749521967024,0.010134749521967024,0.00010271314787301081
27,merged_z_p0p004_dedup_filtered,35,0.008422549813985825,0.0003336321096867323,0.008088917704299092,0.008088917704299092,6.54305896269233e-05
27,merged_z_p0p004_dedup_filtered,36,0.00587709853425622,0.00037446481292136014,0.00550263372133486,0.00550263372133486,3.0278977871171526e-05
27,merged_z_p0p004_dedup_filtered,37,0.003315976355224848,0.0004153090703766793,0.0029006672848481685,0.0029006672848481685,8.413870697388445e-06
27,merged_z_p0p004_dedup_filtered,38,0.0030692731961607933,0.0006241575465537608,0.0024451156496070325,0.0024451156496070325,5.978590539953221e-06
27,merged_z_p0p004_dedup_filtered,39,0.0010012194979935884,0.0004561584210023284,0.00054506107699126,0.00054506107699126,2.970915776508723e-07
27,merged_z_p0p004_dedup_filtered,40,-0.0008601117879152298,0.0004970102454535663,-0.0013571220333687961,0.0013571220333687961,1.8417802134550557e-06
27,merged_z_p0p004_dedup_filtered,41,-0.002139280317351222,0.0005378634086810052,-0.0026771437260322273,0.0026771437260322273,7.167098529833717e-06
27,merged_z_p0p004_dedup_filtered,42,-0.002794921165332198,0.0005787170375697315,-0.0033736382029019296,0.0033736382029019296,1.1381434724079361e-05
27,merged_z_p0p004_dedup_filtered,43,-0.002867417875677347,0.0006195716559886932,-0.0034869895316660404,0.0034869895316660404,1.2159095993948552e-05
27,merged_z_p0p004_dedup_filtered,44,-0.0024611037224531174,0.0006604263326153159,-0.0031215300550684333,0.0031215300550684333,9.743949884695536e-06
27,merged_z_p0p004_dedup_filtered,45,-0.0017187948105856776,0.0007012812420725822,-0.00242007605265826,0.00242007605265826,5.856768100649985e-06
27,merged_z_p0p004_dedup_filtered,46,-0.000794270308688283,0.0007421369664371014,-0.0015364072751253843,0.0015364072751253843,2.3605473150582084e-06
27,merged_z_p0p004_dedup_filtered,47,0.00017187792400363833,0.0007829946698620915,-0.0006111167458584532,0.0006111167458584532,3.734636770686253e-07
27,merged_z_p0p004_dedup_filtered,48,0.0010688931215554476,0.0008238583686761558,0.00024503475287929177,0.00024503475287929177,6.004203011861559e-08
27,merged_z_p0p004_dedup_filtered,49,0.001822938327677548,0.0008647360373288393,0.0009582022903487086,0.0009582022903487086,9.181516292295109e-07
27,merged_z_p0p004_dedup_filtered,50,0.0023949160240590572,0.0009056436247192323,0.001489272399339825,0.001489272399339825,2.217932279435399e-06
27,merged_z_p0p004_dedup_filtered,51,0.0027714602183550596,0.0009466128540225327,0.001824847364332527,0.001824847364332527,3.3300679031113703e-06
27,merged_z_p0p004_dedup_filtered,52,0.0029528969898819923,0.0009877001866698265,0.001965196803212166,0.001965196803212166,3.861998475355316e-06
27,merged_z_p0p004_dedup_filtered,53,-0.002337041310966015,0.0014846447156742215,-0.0038216860266402364,0.0038216860266402364,1.4605284086217238e-05
27,merged_z_p0p004_dedup_filtered,54,-0.0010706339962780476,0.0013856397708877921,-0.0024562737671658397,0.0024562737671658397,6.0332808192670656e-06
27,merged_z_p0p004_dedup_filtered,55,0.002830480458214879,0.00046105115325190127,0.0023694293049629778,0.0023694293049629778,5.61419523121734e-06
27,merged_z_p0p004_dedup_filtered,56,0.004190756939351559,0.0004815375432372093,0.0037092193961143494,0.0037092193961143494,1.3758308528510899e-05
27,merged_z_p0p004_dedup_filtered,57,0.004697344731539488,0.0005020664539188147,0.004195278277620673,0.004195278277620673,1.7600359826675882e-05
27,merged_z_p0p004_dedup_filtered,58,-0.009981242008507252,-8.765365322460639e-08,-0.009981154354854027,0.009981154354854027,9.962344225542151e-05
27,merged_z_p0p004_dedup_filtered,59,-0.009563246741890907,-8.278884422452393e-08,-0.009563163953046683,0.009563163953046683,9.145410479285146e-05
27,merged_z_p0p004_dedup_filtered,60,-0.008753062225878239,-7.802069035278691e-08,-0.008752984205187886,0.008752984205187886,7.66147324962686e-05
27,merged_z_p0p004_dedup_filtered,61,-0.007628865540027618,-7.334247698054241e-08,-0.007628792197550638,0.007628792197550638,5.8198470393409494e-05
27,merged_z_p0p004_dedup_filtered,62,-0.0062950425781309605,-6.88823433847574e-08,-0.006294973695787576,0.006294973695787576,3.962669383065749e-05
27,merged_z_p0p004_dedup_filtered,63,-0.0048682508058846,-6.451631406889646e-08,-0.004868186289570531,0.004868186289570531,2.3699237749962493e-05
27,merged_z_p0p004_dedup_filtered,64,-0.0034625912085175514,-6.008493613762766e-08,-0.003462531123581414,0.003462531123581414,1.1989121781769968e-05
27,merged_z_p0p004_dedup_filtered,65,-0.0021762538235634565,-5.5533046605660275e-08,-0.002176198290516851,0.002176198290516851,4.735838999648464e-06
27,merged_z_p0p004_dedup_filtered,66,-0.0010816047433763742,-5.0840792908957155e-08,-0.0010815539025834653,0.0010815539025834653,1.169758844193524e-06
27,merged_z_p0p004_dedup_filtered,67,0.0070322728715837,-0.0003287561412435025,0.007361029012827203,0.007361029012827203,5.418474812768382e-05
27,merged_z_p0p004_dedup_filtered,68,0.005539541598409414,-0.0003491897659841925,0.005888731364393607,0.005888731364393607,3.467715708199299e-05
27,merged_z_p0p004_dedup_filtered,69,0.002579588908702135,-0.00036962368176318705,0.002949212590465322,0.002949212590465322,8.697854903759175e-06
27,merged_z_p0p004_dedup_filtered,70,-0.0016741282306611538,-0.00039005829603411257,-0.0012840699346270412,0.0012840699346270412,1.648835597013094e-06
27,merged_z_p0p004_dedup_filtered,71,-0.006797292735427618,-0.00041049456922337413,-0.006386798166204244,0.006386798166204244,4.079119081582989e-05
27,merged_z_p0p004_dedup_filtered,72,-0.012171079404652119,-0.00043093538261018693,-0.011740144022041932,0.011740144022041932,0.0001378309816582869
27,merged_z_p0p004_dedup_filtered,73,-0.01707974262535572,-0.00045138722634874284,-0.016628355399006978,0.016628355399006978,0.0002765022032756845
27,merged_z_p0p004_dedup_filtered,74,-0.020831558853387833,-0.000471863808343187,-0.020359695045044646,0.020359695045044646,0.0004145171823272155
27,merged_z_p0p004_dedup_filtered,75,-0.022879965603351593,-0.0004923840169794858,-0.022387581586372107,0.022387581586372107,0.0005012038092864675
27,merged_z_p0p004_dedup_filtered,76,-0.018030505627393723,-0.0009862297447398305,-0.017044275882653892,0.017044275882653892,0.0002905073403640171
27,merged_z_p0p004_dedup_filtered,77,-0.016320496797561646,-0.0009451392688788474,-0.015375357528682798,0.015375357528682798,0.0002364016191348228
27,merged_z_p0p004_dedup_filtered,78,0.0008446392603218555,0.0004405994259286672,0.00040403983439318836,0.00040403983439318836,1.6324818777647507e-07
27,merged_z_p0p004_dedup_filtered,79,-0.0014375925529748201,0.0004201637639198452,-0.0018577563168946654,0.0018577563168946654,3.4512585329620323e-06
27,merged_z_p0p004_dedup_filtered,80,-0.003645337652415037,0.0003997348539996892,-0.004045072506414726,0.004045072506414726,1.6362611582152316e-05
27,merged_z_p0p004_dedup_filtered,81,-0.0054314024746418,0.00037930873804725707,-0.005810711212689057,0.005810711212689057,3.376436479727033e-05
27,merged_z_p0p004_dedup_filtered,82,-0.006531036924570799,0.00035888361162506044,-0.006889920536195859,0.006889920536195859,4.747100499509344e-05
27,merged_z_p0p004_dedup_filtered,83,-0.0068029966205358505,0.0003384589799679816,-0.007141455600503832,0.007141455600503832,5.1000388093967546e-05
27,merged_z_p0p004_dedup_filtered,84,-0.006245711352676153,0.0003180345520377159,-0.006563745904713869,0.006563745904713869,4.308276030164809e-05
27,merged_z_p0p004_dedup_filtered,85,-0.004986579064279795,0.00029760986217297614,-0.005284188926452771,0.005284188926452771,2.7922652610446086e-05
27,merged_z_p0p004_dedup_filtered,86,-0.003247927874326706,0.00027718511410057545,-0.0035251129884272814,0.0035251129884272814,1.2426421581178718e-05
27,merged_z_p0p004_dedup_filtered,87,-0.0012978463200852275,0.00025676030782051384,-0.0015546066279057413,0.0015546066279057413,2.41680176752846e-06
27,merged_z_p0p004_dedup_filtered,88,0.0006032082601450384,0.00023633554519619793,0.00036687271494884044,0.00036687271494884044,1.3459558897393313e-07
27,merged_z_p0p004_dedup_filtered,89,0.0022487258538603783,0.0002159112336812541,0.002032814620179124,0.002032814620179124,4.132335280013997e-06
27,merged_z_p0p004_dedup_filtered,90,0.0035161692649126053,0.0001954879699042067,0.0033206812950083986,0.0033206812950083986,1.1026924263018655e-05
27,merged_z_p0p004_dedup_filtered,91,0.004375494085252285,0.0001750672236084938,0.004200426861643791,0.004200426861643791,1.764358582001871e-05
27,merged_z_p0p004_dedup_filtered,92,0.004875971935689449,0.0001546525745652616,0.004721319361124188,0.004721319361124188,2.2290856509726108e-05
27,merged_z_p0p004_dedup_filtered,93,0.005116023123264313,0.00013425250654108822,0.0049817706167232245,0.0049817706167232245,2.4818038477646896e-05
27,merged_z_p0p004_dedup_filtered,94,-0.00013568205758929253,-0.0001346870994893834,-9.949580999091268e-07,9.949580999091268e-07,9.899416205747799e-13
27,merged_z_p0p004_dedup_filtered,95,0.00019484339281916618,-0.00011431432358222082,0.000309157716401387,0.000309157716401387,9.557849361052044e-08
27,merged_z_p0p004_dedup_filtered,96,0.0006395364180207253,-0.00023012967722024769,0.0008696660952409729,0.0008696660952409729,7.56319117211681e-07
27,merged_z_p0p004_dedup_filtered,97,0.0006906127091497183,-0.00034439569571986794,0.0010350084048695862,0.0010350084048695862,1.0712423981506853e-06
27,merged_z_p0p004_dedup_filtered,98,0.0007355764973908663,-0.00040538940811529756,0.0011409659055061638,0.0011409659055061638,1.3018031975275004e-06
27,merged_z_p0p004_dedup_filtered,99,0.00043411925435066223,-0.0002708356478251517,0.0007049549021758139,0.0007049549021758139,4.969614141017114e-07
27,merged_z_p0p004_dedup_filtered,100,0.00025517726317048073,-0.000311625306494534,0.0005668025696650147,0.0005668025696650147,3.212651529788639e-07
27,merged_z_p0p004_dedup_filtered,101,0.0008781785145401955,-0.00046654770267196,0.0013447262172121555,0.0013447262172121555,1.8082885992577131e-06
27,merged_z_p0p004_dedup_filtered,102,0.0011940812692046165,-0.0005277741001918912,0.0017218553693965077,0.0017218553693965077,2.964785913119584e-06
27,merged_z_p0p004_dedup_filtered,103,0.0002928667236119509,-0.0003524541389197111,0.000645320862531662,0.000645320862531662,4.164390156186082e-07
27,merged_z_p0p004_dedup_filtered,104,0.0007221095729619265,-0.00039330110303126276,0.0011154106759931892,0.0011154106759931892,1.2441409761195833e-06
27,merged_z_p0p004_dedup_filtered,105,0.0017442271346226335,-0.0005890292231924832,0.0023332563578151166,0.0023332563578151166,5.444085231284664e-06
27,merged_z_p0p004_dedup_filtered,106,0.0025442931801080704,-0.0006503114709630609,0.0031946046510711312,0.0031946046510711312,1.0205498876645304e-05
27,merged_z_p0p004_dedup_filtered,107,0.0016398753505200148,-0.000434155750554055,0.0020740311010740697,0.0020740311010740697,4.301605008222518e-06
27,merged_z_p0p004_dedup_filtered,108,0.0004906461108475924,0.00048374204197898507,6.904068868607283e-06,6.904068868607283e-06,4.7666166942472244e-11
27,merged_z_p0p004_dedup_filtered,109,-0.00037497677840292454,-0.000195943663129583,-0.00017903311527334154,0.00017903311527334154,3.20528563644776e-08
27,merged_z_p0p004_dedup_filtered,110,-0.0006496906280517578,-0.00017551530618220568,-0.00047417532186955214,0.00047417532186955214,2.2484223587009337e-07
27,merged_z_p0p004_dedup_filtered,111,-0.000495582353323698,-0.0001550936867715791,-0.00034048866655211896,0.00034048866655211896,1.1593253205044005e-07
27,merged_z_p0p004_dedup_filtered,112,0.0007271631620824337,-0.00018960496527142823,0.0009167681273538619,0.0009167681273538619,8.404637993319068e-07
27,merged_z_p0p004_dedup_filtered,113,0.003017156384885311,-0.00047501467633992434,0.0034921710612252355,0.0034921710612252355,1.2195258720858987e-05
27,merged_z_p0p004_dedup_filtered,114,0.003542311955243349,-0.0007115888292901218,0.004253900784533471,0.004253900784533471,1.809567188465448e-05
27,merged_z_p0p004_dedup_filtered,115,0.004611387383192778,-0.0007728756172582507,0.005384263000451028,0.005384263000451028,2.899028805802591e-05
27,merged_z_p0p004_dedup_filtered,116,0.004678898025304079,-0.0005158754647709429,0.005194773490075022,0.005194773490075022,2.6985671613186225e-05
27,merged_z_p0p004_dedup_filtered,117,0.006319127511233091,-0.0005567368352785707,0.006875864346511662,0.006875864346511662,4.7277510511630245e-05
27,merged_z_p0p004_dedup_filtered,118,0.005561050958931446,-0.0008341713109984994,0.0063952222699299455,0.0063952222699299455,4.0898867881807924e-05
27,merged_z_p0p004_dedup_filtered,119,0.006166557315737009,-0.0008954599034041166,0.007062017219141126,0.007062017219141126,4.987208720344576e-05
27,merged_z_p0p004_dedup_filtered,120,0.005399523302912712,-0.00027767239953391254,0.005677195702446625,0.005677195702446625,3.223055104387842e-05
27,merged_z_p0p004_dedup_filtered,121,0.0036150915548205376,-0.00025723950238898396,0.0038723310572095215,0.0038723310572095215,1.499494781662941e-05
27,merged_z_p0p004_dedup_filtered,122,-0.0010190177708864212,0.000771452090702951,-0.0017904698615893722,0.0017904698615893722,3.2057823252598655e-06
27,merged_z_p0p004_dedup_filtered,123,-0.0008861315436661243,0.0008390358416363597,-0.001725167385302484,0.001725167385302484,2.9762025073114094e-06
27,merged_z_p0p004_dedup_filtered,124,0.001281051430851221,0.0009618177427910268,0.00031923368806019425,0.00031923368806019425,1.0191014759251341e-07
27,merged_z_p0p004_dedup_filtered,125,0.003126668743789196,0.0010490822605788708,0.0020775864832103252,0.0020775864832103252,4.316365595218247e-06
27,merged_z_p0p004_dedup_filtered,126,0.0033153723925352097,0.0022407425567507744,0.0010746298357844353,0.0010746298357844353,1.1548292839580823e-06
27,merged_z_p0p004_dedup_filtered,127,0.0027647456154227257,0.0011778248008340597,0.001586920814588666,0.001586920814588666,2.518317671774755e-06
28,merged_z_p0p006_dedup_filtered,0,-0.010717544704675674,-0.001447714283131063,-0.009269830421544611,0.009269830421544611,8.592975604419395e-05
28,merged_z_p0p006_dedup_filtered,1,-0.009138988330960274,-0.001375006278976798,-0.007763982051983476,0.007763982051983476,6.027941730352154e-05
28,merged_z_p0p006_dedup_filtered,2,-0.006740007549524307,-0.0013246310409158468,-0.00541537650860846,0.00541537650860846,2.932630272998836e-05
28,merged_z_p0p006_dedup_filtered,3,-0.01110692135989666,-0.0008837009663693607,-0.0102232203935273,0.0102232203935273,0.00010451423521463246
28,merged_z_p0p006_dedup_filtered,4,-0.006603784393519163,-0.0008428021101281047,-0.0057609822833910584,0.0057609822833910584,3.3188916869545654e-05
28,merged_z_p0p006_dedup_filtered,5,-0.003860242199152708,-0.001263270853087306,-0.002596971346065402,0.002596971346065402,6.744260172284746e-06
28,merged_z_p0p006_dedup_filtered,6,-0.0008684424683451653,-0.0012019394198432565,0.0003334969514980912,0.0003334969514980912,1.1122021665852021e-07
28,merged_z_p0p006_dedup_filtered,7,-0.0019888319075107574,-0.0008019231609068811,-0.0011869087466038764,0.0011869087466038764,1.4087523727647848e-06
28,merged_z_p0p006_dedup_filtered,8,0.0021453872323036194,-0.0007610530010424554,0.002906440233346075,0.002906440233346075,8.447394830012786e-06
28,merged_z_p0p006_dedup_filtered,9,0.00187294848728925,-0.0011406324338167906,0.0030135809211060405,0.0030135809211060405,9.081669968054331e-06
28,merged_z_p0p006_dedup_filtered,10,0.0040692551992833614,-0.0010793345281854272,0.005148589727468789,0.005148589727468789,2.6507976181797135e-05
28,merged_z_p0p006_dedup_filtered,11,0.005330733954906464,-0.0007201872649602592,0.006050921219866723,0.006050921219866723,3.6613647609033386e-05
28,merged_z_p0p006_dedup_filtered,12,0.0072926972061395645,-0.0006793235661461949,0.00797202077228576,0.00797202077228576,6.355311519375564e-05
28,merged_z_p0p006_dedup_filtered,13,0.00553474947810173,-0.0010180397657677531,0.0065527892438694835,0.0065527892438694835,4.29390468745716e-05
28,merged_z_p0p006_dedup_filtered,14,0.006211868021637201,-0.0009567463421262801,0.007168614363763481,0.007168614363763481,5.13890318963561e-05
28,merged_z_p0p006_dedup_filtered,15,0.00797986425459385,-0.000638460973277688,0.008618325227871537,0.008618325227871537,7.427552973336698e-05
28,merged_z_p0p006_dedup_filtered,16,0.007549905683845282,-0.0005975988460704684,0.00814750452991575,0.00814750452991575,6.638183006499767e-05
28,merged_z_p0p006_dedup_filtered,17,0.006785138510167599,0.0018671393627300858,0.004917999147437513,0.004917999147437513,2.4186715614196103e-05
28,merged_z_p0p006_dedup_filtered,18,0.0001201927661895752,-4.381816864906796e-08,0.00012023658435822426,0.00012023658435822426,1.4456836218132379e-08
28,merged_z_p0p006_dedup_filtered,19,0.0006208600243553519,-3.940547443903597e-08,0.000620899429829791,0.000620899429829791,3.855161019629595e-07
28,merged_z_p0p006_dedup_filtered,20,0.0009113666601479053,-3.528859693346931e-08,0.0009114019487448388,0.0009114019487448388,8.306535121758899e-07
28,merged_z_p0p006_dedup_filtered,21,0.0010343879694119096,-3.133590809056841e-08,0.0010344193053200001,0.0010344193053200001,1.0700232992187118e-06
28,merged_z_p0p006_dedup_filtered,22,0.0010387108195573092,-2.7436634297828277e-08,0.001038738256191607,0.001038738256191607,1.0789771648759804e-06
28,merged_z_p0p006_dedup_filtered,23,0.0009714046027511358,-2.3607100274603e-08,0.0009714282098514104,0.0009714282098514104,9.436727668951159e-07
28,merged_z_p0p006_dedup_filtered,24,0.0008722926140762866,-1.99208045614796e-08,0.000872312534880848,0.000872312534880848,7.609291585102507e-07
28,merged_z_p0p006_dedup_filtered,25,0.0007712292717769742,-1.6569588368042787e-08,0.0007712458413653422,0.0007712458413653422,5.948201478233347e-07
28,merged_z_p0p006_dedup_filtered,26,0.0006879890570417047,-1.3542215349104936e-08,0.0006880025992570538,0.0006880025992570538,4.733475765844621e-07
28,merged_z_p0p006_dedup_filtered,27,0.0006339868996292353,-1.0667145389220423e-08,0.0006339975667746245,0.0006339975667746245,4.019529146761444e-07
28,merged_z_p0p006_dedup_filtered,28,0.0006147220265120268,-7.969680915209665e-09,0.000614729996192942,0.000614729996192942,3.7789296821937446e-07
28,merged_z_p0p006_dedup_filtered,29,0.005231246817857027,9.47217849898152e-05,0.005136525032867212,0.005136525032867212,2.6383889413271512e-05
28,merged_z_p0p006_dedup_filtered,30,0.013271000236272812,0.00021143874619156122,0.01305956149008125,0.01305956149008125,0.0001705521463132132
28,merged_z_p0p006_dedup_filtered,31,0.01234915666282177,0.00025207229191437364,0.012097084370907396,0.012097084370907396,0.000146339450276852
28,merged_z_p0p006_dedup_filtered,32,0.01600455678999424,0.00037894511478953063,0.01562561167520471,0.01562561167520471,0.00024415974022429373
28,merged_z_p0p006_dedup_filtered,33,0.012959888204932213,0.00012176073505543172,0.012838127469876781,0.012838127469876781,0.0001648175169328048
28,merged_z_p0p006_dedup_filtered,34,0.010619104839861393,0.0004891888820566237,0.01012991595780477,0.01012991595780477,0.00010261519731218771
28,merged_z_p0p006_dedup_filtered,35,0.008417836390435696,0.0003336321096867323,0.008084204280748963,0.008084204280748963,6.535435885287986e-05
28,merged_z_p0p006_dedup_filtered,36,0.005874091759324074,0.00037446481292136014,0.005499626946402714,0.005499626946402714,3.0245896549598836e-05
28,merged_z_p0p006_dedup_filtered,37,0.0033146273344755173,0.0004153090703766793,0.002899318264098838,0.002899318264098838,8.406046396537098e-06
28,merged_z_p0p006_dedup_filtered,38,0.0030683279037475586,0.0006241575465537608,0.002444170357193798,0.002444170357193798,5.973968734984857e-06
28,merged_z_p0p006_dedup_filtered,39,0.0010013049468398094,0.0004561584210023284,0.000545146525837481,0.000545146525837481,2.9718473463267536e-07
28,merged_z_p0p006_dedup_filtered,40,-0.000858925748616457,0.0004970102454535663,-0.0013559359940700233,0.0013559359940700233,1.8385624200146623e-06
28,merged_z_p0p006_dedup_filtered,41,-0.002137359930202365,0.0005378634086810052,-0.00267522333888337,0.00267522333888337,7.156819912906287e-06
28,merged_z_p0p006_dedup_filtered,42,-0.0027925872709602118,0.0005787170375697315,-0.0033713043085299432,0.0033713043085299432,1.1365692740712559e-05
28,merged_z_p0p006_dedup_filtered,43,-0.0028648898005485535,0.0006195716559886932,-0.0034844614565372467,0.0034844614565372467,1.214147164209367e-05
28,merged_z_p0p006_dedup_filtered,44,-0.002458465052768588,0.0006604263326153159,-0.003118891385383904,0.003118891385383904,9.727483473821928e-06
28,merged_z_p0p006_dedup_filtered,45,-0.0017159988638013601,0.0007012812420725822,-0.0024172801058739424,0.0024172801058739424,5.843243110253938e-06
28,merged_z_p0p006_dedup_filtered,46,-0.0007911738939583302,0.0007421369664371014,-0.0015333108603954315,0.0015333108603954315,2.3510421946065785e-06
28,merged_z_p0p006_dedup_filtered,47,0.00017546003800816834,0.0007829946698620915,-0.0006075346318539232,0.0006075346318539232,3.69098328901882e-07
28,merged_z_p0p006_dedup_filtered,48,0.0010731240035966039,0.0008238583686761558,0.00024926563492044806,0.00024926563492044806,6.21333567522941e-08
28,merged_z_p0p006_dedup_filtered,49,0.0018279023934155703,0.0008647360373288393,0.000963166356086731,0.000963166356086731,9.276894294973914e-07
28,merged_z_p0p006_dedup_filtered,50,0.0024005831219255924,0.0009056436247192323,0.00149493949720636,0.00149493949720636,2.2348441003076047e-06
28,merged_z_p0p006_dedup_filtered,51,0.002777676098048687,0.0009466128540225327,0.0018310632440261543,0.0018310632440261543,3.352792603623584e-06
28,merged_z_p0p006_dedup_filtered,52,0.0029594064690172672,0.0009877001866698265,0.0019717062823474407,0.0019717062823474407,3.887625663848366e-06
28,merged_z_p0p006_dedup_filtered,53,-0.0023304237984120846,0.0014846447156742215,-0.003815068514086306,0.003815068514086306,1.4554747767172696e-05
28,merged_z_p0p006_dedup_filtered,54,-0.0010647425660863519,0.0013856397708877921,-0.002450382336974144,0.002450382336974144,6.004373597354867e-06
28,merged_z_p0p006_dedup_filtered,55,0.002836521016433835,0.00046105115325190127,0.0023754698631819338,0.0023754698631819338,5.642857070885595e-06
28,merged_z_p0p006_dedup_filtered,56,0.0041970424354076385,0.0004815375432372093,0.0037155048921704292,0.0037155048921704292,1.3804976603742393e-05
28,merged_z_p0p006_dedup_filtered,57,0.004703720100224018,0.0005020664539188147,0.0042016536463052034,0.0042016536463052034,1.765389336350981e-05
28,merged_z_p0p006_dedup_filtered,58,-0.00997489970177412,-8.765365322460639e-08,-0.009974812048120896,0.009974812048120896,9.949687539533777e-05
28,merged_z_p0p006_dedup_filtered,59,-0.00955699197947979,-8.278884422452393e-08,-0.009556909190635565,0.009556909190635565,9.133451327805453e-05
28,merged_z_p0p006_dedup_filtered,60,-0.008746989071369171,-7.802069035278691e-08,-0.008746911050678818,0.008746911050678818,7.650845292848723e-05
28,merged_z_p0p006_dedup_filtered,61,-0.007623074110597372,-7.334247698054241e-08,-0.0076230007681203915,0.0076230007681203915,5.8110140710764076e-05
28,merged_z_p0p006_dedup_filtered,62,-0.0062896437011659145,-6.88823433847574e-08,-0.00628957481882253,0.00628957481882253,3.955875140156646e-05
28,merged_z_p0p006_dedup_filtered,63,-0.004863363690674305,-6.451631406889646e-08,-0.004863299174360236,0.004863299174360236,2.3651678859332952e-05
28,merged_z_p0p006_dedup_filtered,64,-0.0034583434462547302,-6.008493613762766e-08,-0.0034582833613185926,0.0034582833613185926,1.1959723807173023e-05
28,merged_z_p0p006_dedup_filtered,65,-0.002172776497900486,-5.5533046605660275e-08,-0.0021727209648538803,0.0021727209648538803,4.720716391115577e-06
28,merged_z_p0p006_dedup_filtered,66,-0.0010790270753204823,-5.0840792908957155e-08,-0.0010789762345275733,0.0010789762345275733,1.1641897146753008e-06
28,merged_z_p0p006_dedup_filtered,67,0.007033823989331722,-0.0003287561412435025,0.007362580130575225,0.007362580130575225,5.420758617914109e-05
28,merged_z_p0p006_dedup_filtered,68,0.00554222846403718,-0.0003491897659841925,0.0058914182300213724,0.0058914182300213724,3.470880876102816e-05
28,merged_z_p0p006_dedup_filtered,69,0.0025832713581621647,-0.00036962368176318705,0.0029528950399253517,0.0029528950399253517,8.719589116815744e-06
28,merged_z_p0p006_dedup_filtered,70,-0.0016696108505129814,-0.00039005829603411257,-0.0012795525544788688,0.0012795525544788688,1.6372547396733986e-06
28,merged_z_p0p006_dedup_filtered,71,-0.006792109459638596,-0.00041049456922337413,-0.0063816148904152215,0.0063816148904152215,4.0725008609569276e-05
28,merged_z_p0p006_dedup_filtered,72,-0.012165391817688942,-0.00043093538261018693,-0.011734456435078755,0.011734456435078755,0.0001376974678267612
28,merged_z_p0p006_dedup_filtered,73,-0.017073702067136765,-0.00045138722634874284,-0.01662231484078802,0.01662231484078802,0.0002763013506662817
28,merged_z_p0p006_dedup_filtered,74,-0.02082529105246067,-0.000471863808343187,-0.020353427244117483,0.020353427244117483,0.0004142620005815838
28,merged_z_p0p006_dedup_filtered,75,-0.022873591631650925,-0.0004923840169794858,-0.02238120761467144,0.02238120761467144,0.0005009184542910268
28,merged_z_p0p006_dedup_filtered,76,-0.018024178221821785,-0.0009862297447398305,-0.017037948477081954,0.017037948477081954,0.0002902916883076993
28,merged_z_p0p006_dedup_filtered,77,-0.01631430722773075,-0.0009451392688788474,-0.015369167958851904,0.015369167958851904,0.0002362113237474
28,merged_z_p0p006_dedup_filtered,78,0.0008503131102770567,0.0004405994259286672,0.0004097136843483895,0.0004097136843483895,1.6786530314233175e-07
28,merged_z_p0p006_dedup_filtered,79,-0.0014323622453957796,0.0004201637639198452,-0.0018525260093156248,0.0018525260093156248,3.4318526151908745e-06
28,merged_z_p0p006_dedup_filtered,80,-0.0036405837163329124,0.0003997348539996892,-0.004040318570332602,0.004040318570332602,1.6324174149774477e-05
28,merged_z_p0p006_dedup_filtered,81,-0.00542712677270174,0.00037930873804725707,-0.005806435510748997,0.005806435510748997,3.371469334048697e-05
28,merged_z_p0p006_dedup_filtered,82,-0.006527230143547058,0.00035888361162506044,-0.0068861137551721185,0.0068861137551721185,4.7418562649170655e-05
28,merged_z_p0p006_dedup_filtered,83,-0.006799665279686451,0.0003384589799679816,-0.0071381242596544325,0.0071381242596544325,5.095281794626714e-05
28,merged_z_p0p006_dedup_filtered,84,-0.006242902018129826,0.0003180345520377159,-0.0065609365701675415,0.0065609365701675415,4.304588867776182e-05
28,merged_z_p0p006_dedup_filtered,85,-0.004984389990568161,0.00029760986217297614,-0.005281999852741137,0.005281999852741137,2.7899522444357394e-05
28,merged_z_p0p006_dedup_filtered,86,-0.003246511099860072,0.00027718511410057545,-0.0035236962139606476,0.0035236962139606476,1.2416435008280602e-05
28,merged_z_p0p006_dedup_filtered,87,-0.0012973917182534933,0.00025676030782051384,-0.0015541520260740072,0.0015541520260740072,2.4153885201499414e-06
28,merged_z_p0p006_dedup_filtered,88,0.0006025016773492098,0.00023633554519619793,0.00036616613215301186,0.00036616613215301186,1.3407763633589694e-07
28,merged_z_p0p006_dedup_filtered,89,0.002246690448373556,0.0002159112336812541,0.002030779214692302,0.002030779214692302,4.124064218826283e-06
28,merged_z_p0p006_dedup_filtered,90,0.0035127068404108286,0.0001954879699042067,0.003317218870506622,0.003317218870506622,1.1003941034845228e-05
28,merged_z_p0p006_dedup_filtered,91,0.004370612092316151,0.0001750672236084938,0.004195544868707657,0.004195544868707657,1.760259674533915e-05
28,merged_z_p0p006_dedup_filtered,92,0.004869803320616484,0.0001546525745652616,0.004715150746051222,0.004715150746051222,2.2232646557987396e-05
28,merged_z_p0p006_dedup_filtered,93,0.005108828656375408,0.00013425250654108822,0.00497457614983432,0.00497457614983432,2.4746407870500446e-05
28,merged_z_p0p006_dedup_filtered,94,-0.0001436881721019745,-0.0001346870994893834,-9.001072612591088e-06,9.001072612591088e-06,8.101930817713735e-11
28,merged_z_p0p006_dedup_filtered,95,0.00018658442422747612,-0.00011431432358222082,0.00030089874780969694,0.00030089874780969694,9.05400564334436e-08
28,merged_z_p0p006_dedup_filtered,96,0.0006310800090432167,-0.00023012967722024769,0.0008612096862634644,0.0008612096862634644,7.416821237140148e-07
28,merged_z_p0p006_dedup_filtered,97,0.0006820922717452049,-0.00034439569571986794,0.0010264879674650729,0.0010264879674650729,1.0536775473505765e-06
28,merged_z_p0p006_dedup_filtered,98,0.0007273873779922724,-0.00040538940811529756,0.00113277678610757,0.00113277678610757,1.2831832471441952e-06
28,merged_z_p0p006_dedup_filtered,99,0.00042595062404870987,-0.0002708356478251517,0.0006967862718738616,0.0006967862718738616,4.855111086718749e-07
28,merged_z_p0p006_dedup_filtered,100,0.00024748314172029495,-0.000311625306494534,0.000559108448214829,0.000559108448214829,3.126022568651941e-07
28,merged_z_p0p006_dedup_filtered,101,0.000870527233928442,-0.00046654770267196,0.001337074936600402,0.001337074936600402,1.787769386084969e-06
28,merged_z_p0p006_dedup_filtered,102,0.0011871540918946266,-0.0005277741001918912,0.0017149281920865178,0.0017149281920865178,2.9409787040131325e-06
28,merged_z_p0p006_dedup_filtered,103,0.00028582499362528324,-0.0003524541389197111,0.0006382791325449944,0.0006382791325449944,4.0740025104239047e-07
28,merged_z_p0p006_dedup_filtered,104,0.0007158846128731966,-0.00039330110303126276,0.0011091857159044594,0.0011091857159044594,1.230292952366488e-06
28,merged_z_p0p006_dedup_filtered,105,0.0017381816869601607,-0.0005890292231924832,0.002327210910152644,0.002327210910152644,5.415910620333497e-06
28,merged_z_p0p006_dedup_filtered,106,0.0025392561219632626,-0.0006503114709630609,0.0031895675929263234,0.0031895675929263234,1.017334142984582e-05
28,merged_z_p0p006_dedup_filtered,107,0.0016346124466508627,-0.000434155750554055,0.0020687681972049177,0.0020687681972049177,4.279801853766485e-06
28,merged_z_p0p006_dedup_filtered,108,0.0004854355938732624,0.0007256130338646472,-0.00024017743999138474,0.00024017743999138474,5.768520268081522e-08
28,merged_z_p0p006_dedup_filtered,109,-0.00038116262294352055,-0.000195943663129583,-0.00018521895981393754,0.00018521895981393754,3.430606307455701e-08
28,merged_z_p0p006_dedup_filtered,110,-0.0006566604133695364,-0.00017551530618220568,-0.0004811451071873307,0.0004811451071873307,2.3150061417030797e-07
28,merged_z_p0p006_dedup_filtered,111,-0.0005031591281294823,-0.0001550936867715791,-0.0003480654413579032,0.0003480654413579032,1.2114955146767194e-07
28,merged_z_p0p006_dedup_filtered,112,0.0007186089642345905,-0.00018960496527142823,0.0009082139295060188,0.0009082139295060188,8.248525417487636e-07
28,merged_z_p0p006_dedup_filtered,113,0.003012975212186575,-0.00047501467633992434,0.0034879898885264993,0.0034879898885264993,1.21660734624631e-05
28,merged_z_p0p006_dedup_filtered,114,0.0035383752547204494,-0.0007115888292901218,0.004249964084010571,0.004249964084010571,1.8062194715379814e-05
28,merged_z_p0p006_dedup_filtered,115,0.004608608316630125,-0.0007728756172582507,0.005381483933888376,0.005381483933888376,2.8960369330698708e-05
28,merged_z_p0p006_dedup_filtered,116,0.004675887059420347,-0.0005158754647709429,0.00519176252419129,0.00519176252419129,2.6954398107597117e-05
28,merged_z_p0p006_dedup_filtered,117,0.006317337974905968,-0.0005567368352785707,0.006874074810184538,0.006874074810184538,4.72529044960136e-05
28,merged_z_p0p006_dedup_filtered,118,0.005559452343732119,-0.0008341713109984994,0.006393623654730618,0.006393623654730618,4.0878423438330905e-05
28,merged_z_p0p006_dedup_filtered,119,0.00616613170132041,-0.0008954599034041166,0.007061591604724526,0.007061591604724526,4.986607599191591e-05
28,merged_z_p0p006_dedup_filtered,120,0.0053978851065039635,-0.00027767239953391254,0.005675557506037876,0.005675557506037876,3.2211953004342874e-05
28,merged_z_p0p006_dedup_filtered,121,0.0036121674347668886,-0.00025723950238898396,0.0038694069371558726,0.0038694069371558726,1.4972310045309991e-05
28,merged_z_p0p006_dedup_filtered,122,-0.0010172612965106964,0.000771452090702951,-0.0017887133872136474,0.0017887133872136474,3.1994955815973196e-06
28,merged_z_p0p006_dedup_filtered,123,-0.0008839396759867668,0.0008390358416363597,-0.0017229755176231265,0.0017229755176231265,2.9686446343286807e-06
28,merged_z_p0p006_dedup_filtered,124,0.0012832576176151633,0.0009618177427910268,0.0003214398748241365,0.0003214398748241365,1.0332359312695654e-07
28,merged_z_p0p006_dedup_filtered,125,0.003128980752080679,0.0010490822605788708,0.002079898491501808,0.002079898491501808,4.325977734951497e-06
28,merged_z_p0p006_dedup_filtered,126,0.003318064846098423,0.0033611138351261616,-4.304898902773857e-05,4.304898902773857e-05,1.8532154563103559e-09
28,merged_z_p0p006_dedup_filtered,127,0.002768089296296239,0.0011778248008340597,0.0015902644954621792,0.0015902644954621792,2.5289411655275793e-06
29,merged_z_p0p008_dedup_filtered,0,-0.0107113067060709,-0.001447714283131063,-0.009263592422939837,0.009263592422939837,8.581414457834836e-05
29,merged_z_p0p008_dedup_filtered,1,-0.009132979437708855,-0.001375006278976798,-0.007757973158732057,0.007757973158732057,6.0186147531607044e-05
29,merged_z_p0p008_dedup_filtered,2,-0.0067343744449317455,-0.0013246310409158468,-0.005409743404015899,0.005409743404015899,2.9265323697293523e-05
29,merged_z_p0p008_dedup_filtered,3,-0.011101197451353073,-0.0008837009663693607,-0.010217496484983712,0.010217496484983712,0.00010439723442065452
29,merged_z_p0p008_dedup_filtered,4,-0.006598561070859432,-0.0008428021101281047,-0.0057557589607313275,0.0057557589607313275,3.312876121403897e-05
29,merged_z_p0p008_dedup_filtered,5,-0.0038551283068954945,-0.001263270853087306,-0.0025918574538081884,0.0025918574538081884,6.717725060861066e-06
29,merged_z_p0p008_dedup_filtered,6,-0.000863982830196619,-0.0012019394198432565,0.00033795658964663744,0.00033795658964663744,1.1421465648558569e-07
29,merged_z_p0p008_dedup_filtered,7,-0.0019842577166855335,-0.0008019231609068811,-0.0011823345557786524,0.0011823345557786524,1.3979150017883034e-06
29,merged_z_p0p008_dedup_filtered,8,0.0021491670049726963,-0.0007610530010424554,0.0029102200060151517,0.0029102200060151517,8.46938048341083e-06
29,merged_z_p0p008_dedup_filtered,9,0.0018766282591968775,-0.0011406324338167906,0.003017260693013668,0.003017260693013668,9.10386208960532e-06
29,merged_z_p0p008_dedup_filtered,10,0.004072042182087898,-0.0010793345281854272,0.0051513767102733254,0.0051513767102733254,2.653668201114643e-05
29,merged_z_p0p008_dedup_filtered,11,0.0053335833363235,-0.0007201872649602592,0.006053770601283759,0.006053770601283759,3.664813849296752e-05
29,merged_z_p0p008_dedup_filtered,12,0.007294498849660158,-0.0006793235661461949,0.007973822415806353,0.007973822415806353,6.358184391881586e-05
29,merged_z_p0p008_dedup_filtered,13,0.005536545068025589,-0.0010180397657677531,0.006554584833793342,0.006554584833793342,4.2962582343393694e-05
29,merged_z_p0p008_dedup_filtered,14,0.006212590727955103,-0.0009567463421262801,0.007169337070081383,0.007169337070081383,5.1399394024443106e-05
29,merged_z_p0p008_dedup_filtered,15,0.007980523630976677,-0.000638460973277688,0.008618984604254365,0.008618984604254365,7.428689560837377e-05
29,merged_z_p0p008_dedup_filtered,16,0.007549358997493982,-0.0005975988460704684,0.00814695784356445,0.00814695784356445,6.637292210481633e-05
29,merged_z_p0p008_dedup_filtered,17,0.006784834899008274,0.0024895190726965666,0.0042953158263117075,0.0042953158263117075,1.8449738047763827e-05
29,merged_z_p0p008_dedup_filtered,18,0.00012119999155402184,-4.381816864906796e-08,0.0001212438097226709,0.0001212438097226709,1.4700061396067227e-08
29,merged_z_p0p008_dedup_filtered,19,0.0006206993712112308,-3.940547443903597e-08,0.0006207387766856698,0.0006207387766856698,3.8531662888122185e-07
29,merged_z_p0p008_dedup_filtered,20,0.0009099777089431882,-3.528859693346931e-08,0.0009100129975401217,0.0009100129975401217,8.281236556919574e-07
29,merged_z_p0p008_dedup_filtered,21,0.001031749416142702,-3.133590809056841e-08,0.0010317807520507927,0.0010317807520507927,1.0645715203024994e-06
29,merged_z_p0p008_dedup_filtered,22,0.0010348459472879767,-2.7436634297828277e-08,0.0010348733839222746,0.0010348733839222746,1.0709629207507394e-06
29,merged_z_p0p008_dedup_filtered,23,0.0009663861710578203,-2.3607100274603e-08,0.0009664097781580949,0.0009664097781580949,9.339478593195783e-07
29,merged_z_p0p008_dedup_filtered,24,0.0008662432082928717,-1.99208045614796e-08,0.0008662631290974332,0.0008662631290974332,7.504118088336762e-07
29,merged_z_p0p008_dedup_filtered,25,0.0007643185090273619,-1.6569588368042787e-08,0.0007643350786157299,0.0007643350786157299,5.84208112402514e-07
29,merged_z_p0p008_dedup_filtered,26,0.0006804278818890452,-1.3542215349104936e-08,0.0006804414241043943,0.0006804414241043943,4.6300053163721624e-07
29,merged_z_p0p008_dedup_filtered,27,0.0006260185036808252,-1.0667145389220423e-08,0.0006260291708262145,0.0006260291708262145,3.919125227253576e-07
29,merged_z_p0p008_dedup_filtered,28,0.0006066099740564823,-7.969680915209665e-09,0.0006066179437373975,0.0006066179437373975,3.679853296641884e-07
29,merged_z_p0p008_dedup_filtered,29,0.005223183427006006,9.47217849898152e-05,0.005128461642016191,0.005128461642016191,2.6301118813631406e-05
29,merged_z_p0p008_dedup_filtered,30,0.013262894004583359,0.00021143874619156122,0.013051455258391798,0.013051455258391798,0.0001703404843618029
29,merged_z_p0p008_dedup_filtered,31,0.012341706082224846,0.00025207229191437364,0.012089633790310472,0.012089633790310472,0.00014615924518381675
29,merged_z_p0p008_dedup_filtered,32,0.01599709503352642,0.00037894511478953063,0.01561814991873689,0.01561814991873689,0.00024392660688414114
29,merged_z_p0p008_dedup_filtered,33,0.012953569181263447,0.00016234764188993722,0.01279122153937351,0.01279122153937351,0.00016361534846933283
29,merged_z_p0p008_dedup_filtered,34,0.010614268481731415,0.0004891888820566237,0.010125079599674791,0.010125079599674791,0.00010251723689975062
29,merged_z_p0p008_dedup_filtered,35,0.008413118310272694,0.0003336321096867323,0.008079486200585961,0.008079486200585961,6.527809726545897e-05
29,merged_z_p0p008_dedup_filtered,36,0.005871080327779055,0.00037446481292136014,0.0054966155148576945,0.0054966155148576945,3.0212782118174317e-05
29,merged_z_p0p008_dedup_filtered,37,0.003313272725790739,0.0004153090703766793,0.0028979636554140598,0.0028979636554140598,8.398193348100818e-06
29,merged_z_p0p008_dedup_filtered,38,0.0030673760920763016,0.0006241575465537608,0.002443218545522541,0.002443218545522541,5.96931686118528e-06
29,merged_z_p0p008_dedup_filtered,39,0.001001384574919939,0.0004561584210023284,0.0005452261539176106,0.0005452261539176106,2.9727155891579005e-07
29,merged_z_p0p008_dedup_filtered,40,-0.0008577466942369938,0.0004970102454535663,-0.00135475693969056,0.00135475693969056,1.835366365639732e-06
29,merged_z_p0p008_dedup_filtered,41,-0.002135444898158312,0.0005378634086810052,-0.002673308306839317,0.002673308306839317,7.146577303416096e-06
29,merged_z_p0p008_dedup_filtered,42,-0.0027902591973543167,0.0005787170375697315,-0.003368976234924048,0.003368976234924048,1.1350000871483016e-05
29,merged_z_p0p008_dedup_filtered,43,-0.0028623647522181273,0.0006195716559886932,-0.0034819364082068205,0.0034819364082068205,1.2123881150796214e-05
29,merged_z_p0p008_dedup_filtered,44,-0.0024558284785598516,0.0006604263326153159,-0.0031162548111751676,0.0031162548111751676,9.71104404817238e-06
29,merged_z_p0p008_dedup_filtered,45,-0.00171320338267833,0.0007012812420725822,-0.002414484624750912,0.002414484624750912,5.829736003158553e-06
29,merged_z_p0p008_dedup_filtered,46,-0.0007880749180912971,0.0007421369664371014,-0.0015302118845283985,0.0015302118845283985,2.341548411551953e-06
29,merged_z_p0p008_dedup_filtered,47,0.0001790472015272826,0.0007829946698620915,-0.0006039474683348089,0.0006039474683348089,3.6475254450802505e-07
29,merged_z_p0p008_dedup_filtered,48,0.001077362452633679,0.0008238583686761558,0.0002535040839575231,0.0002535040839575231,6.426432058314292e-08
29,merged_z_p0p008_dedup_filtered,49,0.0018328761216253042,0.0008647360373288393,0.0009681400842964649,0.0009681400842964649,9.372952228215662e-07
29,merged_z_p0p008_dedup_filtered,50,0.002406261395663023,0.0009056436247192323,0.0015006177709437907,0.0015006177709437907,2.251853694472311e-06
29,merged_z_p0p008_dedup_filtered,51,0.002783904317766428,0.0009466128540225327,0.0018372914637438953,0.0018372914637438953,3.3756399227461853e-06
29,merged_z_p0p008_dedup_filtered,52,0.0029659289866685867,0.0009877001866698265,0.0019782287999987602,0.0019782287999987602,3.913389185144535e-06
29,merged_z_p0p008_dedup_filtered,53,-0.0023237988352775574,0.0014846447156742215,-0.003808443550951779,0.003808443550951779,1.4504242280786195e-05
29,merged_z_p0p008_dedup_filtered,54,-0.0010588457807898521,0.0013856397708877921,-0.0024444855516776443,0.0024444855516776443,5.975509612360757e-06
29,merged_z_p0p008_dedup_filtered,55,0.0028425785712897778,0.00046105115325190127,0.0023815274180378765,0.0023815274180378765,5.6716728428661545e-06
29,merged_z_p0p008_dedup_filtered,56,0.0042033446952700615,0.0004815375432372093,0.003721807152032852,0.003721807152032852,1.385184847692289e-05
29,merged_z_p0p008_dedup_filtered,57,0.004710112698376179,0.0005020664539188147,0.004208046244457364,0.004208046244457364,1.7707653195491726e-05
29,merged_z_p0p008_dedup_filtered,58,-0.009968549013137817,-8.765365322460639e-08,-0.009968461359484593,0.009968461359484593,9.937022187553741e-05
29,merged_z_p0p008_dedup_filtered,59,-0.009550727903842926,-8.278884422452393e-08,-0.009550645114998702,0.009550645114998702,9.121482211264856e-05
29,merged_z_p0p008_dedup_filtered,60,-0.008740906603634357,-7.802069035278691e-08,-0.008740828582944005,0.008740828582944005,7.64020843164109e-05
29,merged_z_p0p008_dedup_filtered,61,-0.0076172747649252415,-7.334247698054241e-08,-0.007617201422448261,0.007617201422448261,5.802175751014781e-05
29,merged_z_p0p008_dedup_filtered,62,-0.006284237839281559,-6.88823433847574e-08,-0.006284168956938174,0.006284168956938174,3.949077947934542e-05
29,merged_z_p0p008_dedup_filtered,63,-0.004858470521867275,-6.451631406889646e-08,-0.004858406005553206,0.004858406005553206,2.3604108914795463e-05
29,merged_z_p0p008_dedup_filtered,64,-0.0034540900960564613,-6.008493613762766e-08,-0.0034540300111203237,0.0034540300111203237,1.1930323317719864e-05
29,merged_z_p0p008_dedup_filtered,65,-0.002169294748455286,-5.5533046605660275e-08,-0.0021692392154086804,0.0021692392154086804,4.705598773666867e-06
29,merged_z_p0p008_dedup_filtered,66,-0.0010764466132968664,-5.0840792908957155e-08,-0.0010763957725039575,0.0010763957725039575,1.1586278590643914e-06
29,merged_z_p0p008_dedup_filtered,67,0.007035373710095882,-0.0003287561412435025,0.007364129851339385,0.007364129851339385,5.423040846738783e-05
29,merged_z_p0p008_dedup_filtered,68,0.005544913467019796,-0.0003491897659841925,0.005894103233003989,0.005894103233003989,3.474045292130807e-05
29,merged_z_p0p008_dedup_filtered,69,0.0025869524106383324,-0.00036962368176318705,0.0029565760924015194,0.0029565760924015194,8.741342190160237e-06
29,merged_z_p0p008_dedup_filtered,70,-0.0016650944016873837,-0.00039005829603411257,-0.001275036105653271,0.001275036105653271,1.6257170707194594e-06
29,merged_z_p0p008_dedup_filtered,71,-0.0067869252525269985,-0.00041049456922337413,-0.006376430683303624,0.006376430683303624,4.065886825897592e-05
29,merged_z_p0p008_dedup_filtered,72,-0.01215970329940319,-0.00043093538261018693,-0.011728767916793004,0.011728767916793004,0.0001375639968459929
29,merged_z_p0p008_dedup_filtered,73,-0.01706765592098236,-0.00045138722634874284,-0.016616268694633618,0.016616268694633618,0.0002761003853322612
29,merged_z_p0p008_dedup_filtered,74,-0.02081902138888836,-0.000471863808343187,-0.020347157580545172,0.020347157580545172,0.00041400682160753685
29,merged_z_p0p008_dedup_filtered,75,-0.022867213934659958,-0.0004923840169794858,-0.022374829917680472,0.022374829917680472,0.0005006330138451291
29,merged_z_p0p008_dedup_filtered,76,-0.018017837777733803,-0.0009862297447398305,-0.017031608032993972,0.017031608032993972,0.0002900756721895448
29,merged_z_p0p008_dedup_filtered,77,-0.01630810648202896,-0.0009451392688788474,-0.015362967213150114,0.015362967213150114,0.00023602076159232537
29,merged_z_p0p008_dedup_filtered,78,0.00085600302554667,0.0004405994259286672,0.00041540359961800277,0.00041540359961800277,1.7256015057559395e-07
29,merged_z_p0p008_dedup_filtered,79,-0.0014271168038249016,0.0004201637639198452,-0.0018472805677447468,0.0018472805677447468,3.412445495967354e-06
29,merged_z_p0p008_dedup_filtered,80,-0.003635816276073456,0.0003997348539996892,-0.004035551130073145,0.004035551130073145,1.6285672923434637e-05
29,merged_z_p0p008_dedup_filtered,81,-0.005422838963568211,0.00037930873804725707,-0.005802147701615468,0.005802147701615468,3.366491795136165e-05
29,merged_z_p0p008_dedup_filtered,82,-0.006523414049297571,0.00035888361162506044,-0.006882297660922632,0.006882297660922632,4.7366021093541126e-05
29,merged_z_p0p008_dedup_filtered,83,-0.006796326953917742,0.0003384589799679816,-0.007134785933885723,0.007134785933885723,5.090517032237357e-05
29,merged_z_p0p008_dedup_filtered,84,-0.006240087561309338,0.0003180345520377159,-0.0065581221133470535,0.0065581221133470535,4.3008965653571624e-05
29,merged_z_p0p008_dedup_filtered,85,-0.0049821981228888035,0.00029760986217297614,-0.00527980798506178,0.00527980798506178,2.787637235912213e-05
29,merged_z_p0p008_dedup_filtered,86,-0.0032450936269015074,0.00027718511410057545,-0.003522278741002083,0.003522278741002083,1.2406447529315218e-05
29,merged_z_p0p008_dedup_filtered,87,-0.0012969376984983683,0.00025676030782051384,-0.001553698006318882,0.001553698006318882,2.413977494839269e-06
29,merged_z_p0p008_dedup_filtered,88,0.0006017939886078238,0.00023633554519619793,0.0003654584434116259,0.0003654584434116259,1.3355987386084859e-07
29,merged_z_p0p008_dedup_filtered,89,0.002244652947410941,0.0002159112336812541,0.002028741713729687,0.002028741713729687,4.115792941026867e-06
29,merged_z_p0p008_dedup_filtered,90,0.003509242320433259,0.0001954879699042067,0.0033137543505290523,0.0033137543505290523,1.0980967895650221e-05
29,merged_z_p0p008_dedup_filtered,91,0.004365728236734867,0.0001750672236084938,0.004190661013126373,0.004190661013126373,1.756163972693736e-05
29,merged_z_p0p008_dedup_filtered,92,0.0048636337742209435,0.0001546525745652616,0.004708981199655682,0.004708981199655682,2.2174503938710665e-05
29,merged_z_p0p008_dedup_filtered,93,0.005101633258163929,0.00013425250654108822,0.004967380751622841,0.004967380751622841,2.4674871531593098e-05
29,merged_z_p0p008_dedup_filtered,94,-0.00015168963000178337,-0.0001346870994893834,-1.700253051239997e-05,1.700253051239997e-05,2.8908604382509204e-10
29,merged_z_p0p008_dedup_filtered,95,0.0001783282496035099,-0.00011431432358222082,0.0002926425731857307,0.0002926425731857307,8.563967564076576e-08
29,merged_z_p0p008_dedup_filtered,96,0.0006226240657269955,-0.00023012967722024769,0.0008527537429472432,0.0008527537429472432,7.271889461105329e-07
29,merged_z_p0p008_dedup_filtered,97,0.0006735685747116804,-0.00034439569571986794,0.0010179642704315484,0.0010179642704315484,1.0362512558752345e-06
29,merged_z_p0p008_dedup_filtered,98,0.0007191977929323912,-0.00040538940811529756,0.0011245872010476887,0.0011245872010476887,1.2646963727602747e-06
29,merged_z_p0p008_dedup_filtered,99,0.00041778478771448135,-0.0002708356478251517,0.000688620435539633,0.000688620435539633,4.741981042427939e-07
29,merged_z_p0p008_dedup_filtered,100,0.00023979414254426956,-0.000311625306494534,0.0005514194490388036,0.0005514194490388036,3.040634087782577e-07
29,merged_z_p0p008_dedup_filtered,101,0.0008628799114376307,-0.00046654770267196,0.0013294276141095906,0.0013294276141095906,1.7673777811571187e-06
29,merged_z_p0p008_dedup_filtered,102,0.001180234830826521,-0.0005277741001918912,0.0017080089310184121,0.0017080089310184121,2.917294508438659e-06
29,merged_z_p0p008_dedup_filtered,103,0.00027879071421921253,-0.0003524541389197111,0.0006312448531389236,0.0006312448531389236,3.984700646143813e-07
29,merged_z_p0p008_dedup_filtered,104,0.0007096694316715002,-0.00039330110303126276,0.001102970534702763,0.001102970534702763,1.2165440004224988e-06
29,merged_z_p0p008_dedup_filtered,105,0.001732149044983089,-0.0005890292231924832,0.002321178268175572,0.002321178268175572,5.387868552650548e-06
29,merged_z_p0p008_dedup_filtered,106,0.0025342346634715796,-0.0006503114709630609,0.0031845461344346404,0.0031845461344346404,1.014133408234261e-05
29,merged_z_p0p008_dedup_filtered,107,0.0016293603694066405,-0.000434155750554055,0.0020635161199606955,0.0020635161199606955,4.2580987773376435e-06
29,merged_z_p0p008_dedup_filtered,108,0.0004802292678505182,0.0009674840257503092,-0.000487254757899791,0.000487254757899791,2.3741719909598394e-07
29,merged_z_p0p008_dedup_filtered,109,-0.0003873438108712435,-0.000195943663129583,-0.00019140014774166048,0.00019140014774166048,3.663401655552946e-08
29,merged_z_p0p008_dedup_filtered,110,-0.0006636253092437983,-0.00017551530618220568,-0.0004881100030615926,0.0004881100030615926,2.3825137508878792e-07
29,merged_z_p0p008_dedup_filtered,111,-0.0005107317119836807,-0.0001550936867715791,-0.00035563802521210164,0.00035563802521210164,1.2647840497676344e-07
29,merged_z_p0p008_dedup_filtered,112,0.0007100547663867474,-0.00018960496527142823,0.0008996597316581756,0.0008996597316581756,8.093876327672605e-07
29,merged_z_p0p008_dedup_filtered,113,0.0030088056810200214,-0.00047501467633992434,0.0034838203573599458,0.0034838203573599458,1.213700428235558e-05
29,merged_z_p0p008_dedup_filtered,114,0.0035344562493264675,-0.0007115888292901218,0.004246045078616589,0.004246045078616589,1.8028898809644158e-05
29,merged_z_p0p008_dedup_filtered,115,0.0046058474108576775,-0.0007728756172582507,0.005378723028115928,0.005378723028115928,2.893066141318458e-05
29,merged_z_p0p008_dedup_filtered,116,0.004672886338084936,-0.0005158754647709429,0.005188761802855879,0.005188761802855879,2.6923249046776192e-05
29,merged_z_p0p008_dedup_filtered,117,0.0063155582174658775,-0.0005567368352785707,0.006872295052744448,0.006872295052744448,4.722843929197582e-05
29,merged_z_p0p008_dedup_filtered,118,0.005557870492339134,-0.0008341713109984994,0.006392041803337634,0.006392041803337634,4.085819841561583e-05
29,merged_z_p0p008_dedup_filtered,119,0.006165720522403717,-0.0008954599034041166,0.007061180425807834,0.007061180425807834,4.98602690058117e-05
29,merged_z_p0p008_dedup_filtered,120,0.0053962478414177895,-0.00027767239953391254,0.005673920240951702,0.005673920240951702,3.219337090068142e-05
29,merged_z_p0p008_dedup_filtered,121,0.003609246574342251,-0.00025723950238898396,0.003866486076731235,0.003866486076731235,1.4949714581556496e-05
29,merged_z_p0p008_dedup_filtered,122,-0.001015514601022005,0.000771452090702951,-0.001786966691724956,0.001786966691724956,3.193249957334434e-06
29,merged_z_p0p008_dedup_filtered,123,-0.0008817585185170174,0.0008390358416363597,-0.001720794360153377,0.001720794360153377,2.9611332299356703e-06
29,merged_z_p0p008_dedup_filtered,124,0.0012854549568146467,0.0009618177427910268,0.0003236372140236199,0.0003236372140236199,1.0474104630097035e-07
29,merged_z_p0p008_dedup_filtered,125,0.0031312876380980015,0.0010490822605788708,0.0020822053775191307,0.0020822053775191307,4.335579234169586e-06
29,merged_z_p0p008_dedup_filtered,126,0.003320754738524556,0.004481485113501549,-0.0011607303749769926,0.0011607303749769926,1.3472950033942299e-06
29,merged_z_p0p008_dedup_filtered,127,0.002771432511508465,0.0011778248008340597,0.001593607710674405,0.001593607710674405,2.5395855355209184e-06
30,merged_z_p0p010_dedup_filtered,0,-0.01070508174598217,-0.001447714283131063,-0.009257367462851107,0.009257367462851107,8.569885234225434e-05
30,merged_z_p0p010_dedup_filtered,1,-0.009126979857683182,-0.001375006278976798,-0.007751973578706384,0.007751973578706384,6.009309436496186e-05
30,merged_z_p0p010_dedup_filtered,2,-0.006728752050548792,-0.0013246310409158468,-0.005404121009632945,0.005404121009632945,2.92045238867562e-05
30,merged_z_p0p010_dedup_filtered,3,-0.011095473542809486,-0.0008837009663693607,-0.010211772576440126,0.010211772576440126,0.0001042802991529346
30,merged_z_p0p010_dedup_filtered,4,-0.006593338679522276,-0.0008428021101281047,-0.005750536569394171,0.005750536569394171,3.3068670835939684e-05
30,merged_z_p0p010_dedup_filtered,5,-0.0038500241935253143,-0.001263270853087306,-0.0025867533404380083,0.0025867533404380083,6.6912928442671945e-06
30,merged_z_p0p010_dedup_filtered,6,-0.0008595328545197845,-0.0012019394198432565,0.000342406565323472,0.000342406565323472,1.1724225597661711e-07
30,merged_z_p0p010_dedup_filtered,7,-0.001979685854166746,-0.0008019231609068811,-0.001177762693259865,0.001177762693259865,1.387124961634731e-06
30,merged_z_p0p010_dedup_filtered,8,0.0021529430523514748,-0.0007610530010424554,0.00291399605339393,0.00291399605339393,8.491372999195401e-06
30,merged_z_p0p010_dedup_filtered,9,0.0018802982522174716,-0.0011406324338167906,0.003020930686034262,0.003020930686034262,9.126022209823438e-06
30,merged_z_p0p010_dedup_filtered,10,0.004074817523360252,-0.0010793345281854272,0.00515415205154568,0.00515415205154568,2.6565283370452538e-05
30,merged_z_p0p010_dedup_filtered,11,0.00533642852678895,-0.0007201872649602592,0.006056615791749209,0.006056615791749209,3.6682594848865896e-05
30,merged_z_p0p010_dedup_filtered,12,0.0072962939739227295,-0.0006793235661461949,0.007975617540068924,0.007975617540068924,6.361047514545508e-05
30,merged_z_p0p010_dedup_filtered,13,0.005538327153772116,-0.0010180397657677531,0.006556366919539869,0.006556366919539869,4.298594718363671e-05
30,merged_z_p0p010_dedup_filtered,14,0.006213297136127949,-0.0009567463421262801,0.007170043478254229,0.007170043478254229,5.1409523480056e-05
30,merged_z_p0p010_dedup_filtered,15,0.007981173694133759,-0.000638460973277688,0.008619634667411447,0.008619634667411447,7.429810179964124e-05
30,merged_z_p0p010_dedup_filtered,16,0.007548800203949213,-0.0005975988460704684,0.008146399050019681,0.008146399050019681,6.636381748216157e-05
30,merged_z_p0p010_dedup_filtered,17,0.006784533150494099,0.003111898899078369,0.0036726342514157295,0.0036726342514157295,1.3488242344671976e-05
30,merged_z_p0p010_dedup_filtered,18,0.00012220744974911213,-4.381816864906796e-08,0.0001222512679177612,0.0001222512679177612,1.494537250750023e-08
30,merged_z_p0p010_dedup_filtered,19,0.0006205373210832477,-3.940547443903597e-08,0.0006205767265576867,0.0006205767265576867,3.8511547354505383e-07
30,merged_z_p0p010_dedup_filtered,20,0.0009085867204703391,-3.528859693346931e-08,0.0009086220090672725,0.0009086220090672725,8.255939553614467e-07
30,merged_z_p0p010_dedup_filtered,21,0.0010291077196598053,-3.133590809056841e-08,0.0010291390555678959,0.0010291390555678959,1.0591271956951807e-06
30,merged_z_p0p010_dedup_filtered,22,0.0010309780482202768,-2.7436634297828277e-08,0.0010310054848545747,0.0010310054848545747,1.0629723098002166e-06
30,merged_z_p0p010_dedup_filtered,23,0.0009613652946427464,-2.3607100274603e-08,0.000961388901743021,0.000961388901743021,9.242686203946522e-07
30,merged_z_p0p010_dedup_filtered,24,0.0008601922891102731,-1.99208045614796e-08,0.0008602122099148346,0.0008602122099148346,7.399650460865634e-07
30,merged_z_p0p010_dedup_filtered,25,0.0007574076298624277,-1.6569588368042787e-08,0.0007574241994507958,0.0007574241994507958,5.736914179136789e-07
30,merged_z_p0p010_dedup_filtered,26,0.0006728677544742823,-1.3542215349104936e-08,0.0006728812966896314,0.0006728812966896314,4.527692394347197e-07
30,merged_z_p0p010_dedup_filtered,27,0.0006180522032082081,-1.0667145389220423e-08,0.0006180628703535973,0.0006180628703535973,3.8200171170972765e-07
30,merged_z_p0p010_dedup_filtered,28,0.000598500482738018,-7.969680915209665e-09,0.0005985084524189332,0.0005985084524189332,3.5821236761690647e-07
30,merged_z_p0p010_dedup_filtered,29,0.005215119104832411,9.47217849898152e-05,0.005120397319842596,0.005120397319842596,2.6218468713051236e-05
30,merged_z_p0p010_dedup_filtered,30,0.013254780322313309,0.00021143874619156122,0.013043341576121747,0.013043341576121747,0.00017012875947138614
30,merged_z_p0p010_dedup_filtered,31,0.012334248051047325,0.00025207229191437364,0.012082175759132951,0.012082175759132951,0.0001459789710745799
30,merged_z_p0p010_dedup_filtered,32,0.015989623963832855,0.00037894511478953063,0.015610678849043325,0.015610678849043325,0.00024369329412796863
30,merged_z_p0p010_dedup_filtered,33,0.012947242707014084,0.00020293454872444272,0.012744308158289641,0.012744308158289641,0.0001624173904334479
30,merged_z_p0p010_dedup_filtered,34,0.010609427466988564,0.0004891888820566237,0.01012023858493194,0.01012023858493194,0.00010241922901594523
30,merged_z_p0p010_dedup_filtered,35,0.008408395573496819,0.0003336321096867323,0.008074763463810086,0.008074763463810086,6.520180499648226e-05
30,merged_z_p0p010_dedup_filtered,36,0.005868065170943737,0.00037446481292136014,0.005493600358022377,0.005493600358022377,3.0179644893663587e-05
30,merged_z_p0p010_dedup_filtered,37,0.003311916021630168,0.0004153090703766793,0.0028966069512534887,0.0028966069512534887,8.39033183005003e-06
30,merged_z_p0p010_dedup_filtered,38,0.0030664275400340557,0.0006241575465537608,0.002442269993480295,0.002442269993480295,5.96468272105424e-06
30,merged_z_p0p010_dedup_filtered,39,0.001001462573185563,0.0004561584210023284,0.0005453041521832347,0.0005453041521832347,2.973566183882764e-07
30,merged_z_p0p010_dedup_filtered,40,-0.000856566708534956,0.0004970102454535663,-0.0013535769539885223,0.0013535769539885223,1.8321705703688462e-06
30,merged_z_p0p010_dedup_filtered,41,-0.0021335305646061897,0.0005378634086810052,-0.002671393973287195,0.002671393973287195,7.1363457605151465e-06
30,merged_z_p0p010_dedup_filtered,42,-0.0027879299595952034,0.0005787170375697315,-0.003366646997164935,0.003366646997164935,1.1334312003519673e-05
30,merged_z_p0p010_dedup_filtered,43,-0.0028598401695489883,0.0006195716559886932,-0.0034794118255376816,0.0034794118255376816,1.2106306651691462e-05
30,merged_z_p0p010_dedup_filtered,44,-0.00245319283567369,0.0006604263326153159,-0.0031136191682890058,0.0031136191682890058,9.69462432513672e-06
30,merged_z_p0p010_dedup_filtered,45,-0.0017104102298617363,0.0007012812420725822,-0.0024116914719343185,0.0024116914719343185,5.81625575580072e-06
30,merged_z_p0p010_dedup_filtered,46,-0.0007849808316677809,0.0007421369664371014,-0.0015271177981048822,0.0015271177981048822,2.332088769288704e-06
30,merged_z_p0p010_dedup_filtered,47,0.00018262729281559587,0.0007829946698620915,-0.0006003673770464957,0.0006003673770464957,3.604409874216891e-07
30,merged_z_p0p010_dedup_filtered,48,0.0010815913556143641,0.0008238583686761558,0.00025773298693820834,0.00025773298693820834,6.642629255609067e-08
30,merged_z_p0p010_dedup_filtered,49,0.0018378382083028555,0.0008647360373288393,0.0009731021709740162,0.0009731021709740162,9.469278351543434e-07
30,merged_z_p0p010_dedup_filtered,50,0.0024119256995618343,0.0009056436247192323,0.001506282074842602,0.001506282074842602,2.268885688992134e-06
30,merged_z_p0p010_dedup_filtered,51,0.0027901174034923315,0.0009466128540225327,0.0018435045494697988,0.0018435045494697988,3.398509023915846e-06
30,merged_z_p0p010_dedup_filtered,52,0.002972435439005494,0.0009877001866698265,0.0019847352523356676,0.0019847352523356676,3.939174021863926e-06
30,merged_z_p0p010_dedup_filtered,53,-0.002317179227247834,0.0014846447156742215,-0.0038018239429220557,0.0038018239429220557,1.4453865292975406e-05
30,merged_z_p0p010_dedup_filtered,54,-0.001052954001352191,0.0013856397708877921,-0.002438593772239983,0.002438593772239983,5.9467395860076305e-06
30,merged_z_p0p010_dedup_filtered,55,0.002848616801202297,0.00046105115325190127,0.002387565647950396,0.002387565647950396,5.700469723272794e-06
30,merged_z_p0p010_dedup_filtered,56,0.004209626000374556,0.0004815375432372093,0.0037280884571373463,0.0037280884571373463,1.3898643544240719e-05
30,merged_z_p0p010_dedup_filtered,57,0.004716483876109123,0.0005020664539188147,0.004214417422190309,0.004214417422190309,1.7761314208461206e-05
30,merged_z_p0p010_dedup_filtered,58,-0.009962199255824089,-8.765365322460639e-08,-0.009962111602170864,0.009962111602170864,9.924366757410735e-05
30,merged_z_p0p010_dedup_filtered,59,-0.009544465690851212,-8.278884422452393e-08,-0.009544382902006987,0.009544382902006987,9.109524498012331e-05
30,merged_z_p0p010_dedup_filtered,60,-0.008734825067222118,-7.802069035278691e-08,-0.008734747046531766,0.008734747046531766,7.62958059668954e-05
30,merged_z_p0p010_dedup_filtered,61,-0.007611475419253111,-7.334247698054241e-08,-0.00761140207677613,0.00761140207677613,5.793344157435199e-05
30,merged_z_p0p010_dedup_filtered,62,-0.006278830114752054,-6.88823433847574e-08,-0.0062787612324086695,0.0062787612324086695,3.942284261359803e-05
30,merged_z_p0p010_dedup_filtered,63,-0.004853574559092522,-6.451631406889646e-08,-0.004853510042778453,0.004853510042778453,2.35565597353513e-05
30,merged_z_p0p010_dedup_filtered,64,-0.0034498339518904686,-6.008493613762766e-08,-0.003449773866954331,0.003449773866954331,1.1900939733121037e-05
30,merged_z_p0p010_dedup_filtered,65,-0.0021658099722117186,-5.5533046605660275e-08,-0.002165754439165113,0.002165754439165113,4.690492290763393e-06
30,merged_z_p0p010_dedup_filtered,66,-0.0010738640557974577,-5.0840792908957155e-08,-0.0010738132150045487,0.0010738132150045487,1.1530748207184052e-06
30,merged_z_p0p010_dedup_filtered,67,0.007036925759166479,-0.0003287561412435025,0.007365681900409982,0.007365681900409982,5.42532698580272e-05
30,merged_z_p0p010_dedup_filtered,68,0.005547601263970137,-0.0003491897659841925,0.005896791029954329,0.005896791029954329,3.477214445094984e-05
30,merged_z_p0p010_dedup_filtered,69,0.002590637654066086,-0.00036962368176318705,0.002960261335829273,0.002960261335829273,8.76314717640571e-06
30,merged_z_p0p010_dedup_filtered,70,-0.0016605723649263382,-0.00039005829603411257,-0.0012705140688922256,0.0012705140688922256,1.614205999253079e-06
30,merged_z_p0p010_dedup_filtered,71,-0.006781734526157379,-0.00041049456922337413,-0.006371239956934005,0.006371239956934005,4.059269858883242e-05
30,merged_z_p0p010_dedup_filtered,72,-0.012154007330536842,-0.00043093538261018693,-0.011723071947926655,0.011723071947926655,0.00013743041589626487
30,merged_z_p0p010_dedup_filtered,73,-0.01706160232424736,-0.00045138722634874284,-0.016610215097898617,0.016610215097898617,0.0002758992455984592
30,merged_z_p0p010_dedup_filtered,74,-0.0208127424120903,-0.000471863808343187,-0.020340878603747115,0.020340878603747115,0.00041375134237237716
30,merged_z_p0p010_dedup_filtered,75,-0.022860825061798096,-0.0004923840169794858,-0.02236844104481861,0.02236844104481861,0.0005003471547755259
30,merged_z_p0p010_dedup_filtered,76,-0.01801149733364582,-0.0009862297447398305,-0.01702526758890599,0.01702526758890599,0.00028985973647385277
30,merged_z_p0p010_dedup_filtered,77,-0.01630190573632717,-0.0009451392688788474,-0.015356766467448324,0.015356766467448324,0.00023583027633574527
30,merged_z_p0p010_dedup_filtered,78,0.0008616778068244457,0.0004405994259286672,0.00042107838089577854,0.00042107838089577854,1.7730700285781035e-07
30,merged_z_p0p010_dedup_filtered,79,-0.0014218828873708844,0.0004201637639198452,-0.0018420466512907296,0.0018420466512907296,3.393135865531391e-06
30,merged_z_p0p010_dedup_filtered,80,-0.0036310567520558834,0.0003997348539996892,-0.004030791606055573,0.004030791606055573,1.6247280971448062e-05
30,merged_z_p0p010_dedup_filtered,81,-0.005418555811047554,0.00037930873804725707,-0.005797864549094811,0.005797864549094811,3.3615233329650376e-05
30,merged_z_p0p010_dedup_filtered,82,-0.0065195998176932335,0.00035888361162506044,-0.006878483429318294,0.006878483429318294,4.7313534287406356e-05
30,merged_z_p0p010_dedup_filtered,83,-0.006792990490794182,0.0003384589799679816,-0.007131449470762163,0.007131449470762163,5.085757155403394e-05
30,merged_z_p0p010_dedup_filtered,84,-0.006237275432795286,0.0003180345520377159,-0.006555309984833002,0.006555309984833002,4.2972088997251254e-05
30,merged_z_p0p010_dedup_filtered,85,-0.004980009980499744,0.00029760986217297614,-0.0052776198426727206,0.0052776198426727206,2.785327120377283e-05
30,merged_z_p0p010_dedup_filtered,86,-0.0032436815090477467,0.00027718511410057545,-0.003520866623148322,0.003520866623148322,1.2396501777999869e-05
30,merged_z_p0p010_dedup_filtered,87,-0.0012964911293238401,0.00025676030782051384,-0.001553251437144354,0.001553251437144354,2.412590026991001e-06
30,merged_z_p0p010_dedup_filtered,88,0.0006010780343785882,0.00023633554519619793,0.00036474248918239027,0.00036474248918239027,1.3303708341496609e-07
30,merged_z_p0p010_dedup_filtered,89,0.0022426070645451546,0.0002159112336812541,0.0020266958308639005,0.0020266958308639005,4.107495990841116e-06
30,merged_z_p0p010_dedup_filtered,90,0.0035057703498750925,0.0001954879699042067,0.003310282379970886,0.003310282379970886,1.0957969435145712e-05
30,merged_z_p0p010_dedup_filtered,91,0.004360838793218136,0.0001750672236084938,0.004185771569609642,0.004185771569609642,1.7520683632952366e-05
30,merged_z_p0p010_dedup_filtered,92,0.004857459105551243,0.0001546525745652616,0.004702806530985981,0.004702806530985981,2.21163892678844e-05
30,merged_z_p0p010_dedup_filtered,93,0.005094435997307301,0.00013425250654108822,0.004960183490766212,0.004960183490766212,2.4603420262069687e-05
30,merged_z_p0p010_dedup_filtered,94,-0.00015969155356287956,-0.0001346870994893834,-2.5004454073496163e-05,2.5004454073496163e-05,6.252227235135789e-10
30,merged_z_p0p010_dedup_filtered,95,0.000170072540640831,-0.00011431432358222082,0.0002843868642230518,0.0002843868642230518,8.087588854262051e-08
30,merged_z_p0p010_dedup_filtered,96,0.0006141676567494869,-0.00023012967722024769,0.0008442973339697346,0.0008442973339697346,7.128379881484016e-07
30,merged_z_p0p010_dedup_filtered,97,0.0006650455761700869,-0.00034439569571986794,0.0010094412718899548,0.0010094412718899548,1.0189716813948097e-06
30,merged_z_p0p010_dedup_filtered,98,0.0007110054139047861,-0.00040538940811529756,0.0011163948220200837,0.0011163948220200837,1.2463373986332543e-06
30,merged_z_p0p010_dedup_filtered,99,0.0004096175543963909,-0.0002708356478251517,0.0006804532022215426,0.0006804532022215426,4.6301656041355154e-07
30,merged_z_p0p010_dedup_filtered,100,0.0002321014180779457,-0.000311625306494534,0.0005437267245724797,0.0005437267245724797,2.9563875101431723e-07
30,merged_z_p0p010_dedup_filtered,101,0.000855226069688797,-0.00046654770267196,0.001321773772360757,0.001321773772360757,1.7470859053007862e-06
30,merged_z_p0p010_dedup_filtered,102,0.0011733046267181635,-0.0005277741001918912,0.0017010787269100547,0.0017010787269100547,2.8936688351459324e-06
30,merged_z_p0p010_dedup_filtered,103,0.0002717499155551195,-0.0003524541389197111,0.0006242040544748306,0.0006242040544748306,3.896307016228173e-07
30,merged_z_p0p010_dedup_filtered,104,0.0007034451700747013,-0.00039330110303126276,0.001096746273105964,0.001096746273105964,1.202852387571822e-06
30,merged_z_p0p010_dedup_filtered,105,0.0017261005705222487,-0.0005890292231924832,0.002315129793714732,0.002315129793714732,5.359825961745617e-06
30,merged_z_p0p010_dedup_filtered,106,0.0025291945785284042,-0.0006503114709630609,0.003179506049491465,0.003179506049491465,1.0109258718752823e-05
30,merged_z_p0p010_dedup_filtered,107,0.0016240976983681321,-0.000434155750554055,0.002058253448922187,0.002058253448922187,4.236407260000078e-06
30,merged_z_p0p010_dedup_filtered,108,0.00047502387315034866,0.0012093549594283104,-0.0007343310862779617,0.0007343310862779617,5.392421442741713e-07
30,merged_z_p0p010_dedup_filtered,109,-0.00039352476596832275,-0.000195943663129583,-0.00019758110283873975,0.00019758110283873975,3.9038292198972654e-08
30,merged_z_p0p010_dedup_filtered,110,-0.0006705902051180601,-0.00017551530618220568,-0.0004950748989358544,0.0004950748989358544,2.450991555563465e-07
30,merged_z_p0p010_dedup_filtered,111,-0.0005183042958378792,-0.0001550936867715791,-0.0003632106090663001,0.0003632106090663001,1.3192194653831268e-07
30,merged_z_p0p010_dedup_filtered,112,0.0007015001028776169,-0.00018960496527142823,0.0008911050681490451,0.0008911050681490451,7.940682424809143e-07
30,merged_z_p0p010_dedup_filtered,113,0.0030046235769987106,-0.00047501467633992434,0.003479638253338635,0.003479638253338635,1.2107882374097546e-05
30,merged_z_p0p010_dedup_filtered,114,0.0035305155906826258,-0.0007115888292901218,0.0042421044199727476,0.0042421044199727476,1.799544990995232e-05
30,merged_z_p0p010_dedup_filtered,115,0.004603063687682152,-0.0007728756172582507,0.0053759393049404025,0.0053759393049404025,2.8900723410403098e-05
30,merged_z_p0p010_dedup_filtered,116,0.004669873509556055,-0.0005158754647709429,0.005185748974326998,0.005185748974326998,2.6891992424733512e-05
30,merged_z_p0p010_dedup_filtered,117,0.006313766352832317,-0.0005567368352785707,0.006870503188110888,0.006870503188110888,4.7203814057841876e-05
30,merged_z_p0p010_dedup_filtered,118,0.005556268151849508,-0.0008341713109984994,0.006390439462848008,0.006390439462848008,4.083771652832513e-05
30,merged_z_p0p010_dedup_filtered,119,0.006165290251374245,-0.0008954599034041166,0.007060750154778361,0.007060750154778361,4.985419274820265e-05
30,merged_z_p0p010_dedup_filtered,120,0.005394611041992903,-0.00027767239953391254,0.005672283441526815,0.005672283441526815,3.217479944101929e-05
30,merged_z_p0p010_dedup_filtered,121,0.0036063261795789003,-0.00025723950238898396,0.0038635656819678843,0.0038635656819678843,1.4927139778879963e-05
30,merged_z_p0p010_dedup_filtered,122,-0.0010137599892914295,0.000771452090702951,-0.0017852120799943805,0.0017852120799943805,3.1869821705578623e-06
30,merged_z_p0p010_dedup_filtered,123,-0.000879569910466671,0.0008390358416363597,-0.0017186057521030307,0.0017186057521030307,2.9536057311616237e-06
30,merged_z_p0p010_dedup_filtered,124,0.001287654391489923,0.0009618177427910268,0.00032583664869889617,0.00032583664869889617,1.0616952163532787e-07
30,merged_z_p0p010_dedup_filtered,125,0.003133591264486313,0.0010490822605788708,0.002084509003907442,0.002084509003907442,4.3451777873711964e-06
30,merged_z_p0p010_dedup_filtered,126,0.0033234399743378162,0.005601856391876936,-0.0022784164175391197,0.0022784164175391197,5.191181371711796e-06
30,merged_z_p0p010_dedup_filtered,127,0.0027747699059545994,0.0011778248008340597,0.0015969451051205397,0.0015969451051205397,2.5502336687684515e-06
31,merged_z_p0p012_dedup_filtered,0,-0.010698874481022358,-0.001447714283131063,-0.009251160197891295,0.009251160197891295,8.55839650070481e-05
31,merged_z_p0p012_dedup_filtered,1,-0.009121001698076725,-0.001375006278976798,-0.007745995419099927,0.007745995419099927,6.000044503271705e-05
31,merged_z_p0p012_dedup_filtered,2,-0.006723147816956043,-0.0013246310409158468,-0.005398516776040196,0.005398516776040196,2.9143983381187436e-05
31,merged_z_p0p012_dedup_filtered,3,-0.01108977384865284,-0.0008837009663693607,-0.010206072882283479,0.010206072882283479,0.0001041639236784822
31,merged_z_p0p012_dedup_filtered,4,-0.006588137708604336,-0.0008428021101281047,-0.005745335598476231,0.005745335598476231,3.300888113911823e-05
31,merged_z_p0p012_dedup_filtered,5,-0.003844939172267914,-0.001263270853087306,-0.002581668319180608,0.002581668319180608,6.665011310260825e-06
31,merged_z_p0p012_dedup_filtered,6,-0.000855100923217833,-0.0012019394198432565,0.00034683849662542343,0.00034683849662542343,1.2029694274138386e-07
31,merged_z_p0p012_dedup_filtered,7,-0.001975130755454302,-0.0008019231609068811,-0.0011732075945474207,0.0011732075945474207,1.3764160599037452e-06
31,merged_z_p0p012_dedup_filtered,8,0.002156706526875496,-0.0007610530010424554,0.0029177595279179513,0.0029177595279179513,8.513320662755986e-06
31,merged_z_p0p012_dedup_filtered,9,0.0018839513650164008,-0.0011406324338167906,0.0030245837988331914,0.0030245837988331914,9.14810715616422e-06
31,merged_z_p0p012_dedup_filtered,10,0.004077578894793987,-0.0010793345281854272,0.0051569134229794145,0.0051569134229794145,2.659375605210526e-05
31,merged_z_p0p012_dedup_filtered,11,0.005339263007044792,-0.0007201872649602592,0.006059450272005051,0.006059450272005051,3.671693759890209e-05
31,merged_z_p0p012_dedup_filtered,12,0.007298080250620842,-0.0006793235661461949,0.007977403816767037,0.007977403816767037,6.363897165576929e-05
31,merged_z_p0p012_dedup_filtered,13,0.005540098063647747,-0.0010180397657677531,0.0065581378294155,0.0065581378294155,4.300917178961065e-05
31,merged_z_p0p012_dedup_filtered,14,0.00621399562805891,-0.0009567463421262801,0.0071707419701851904,0.0071707419701851904,5.141954040297538e-05
31,merged_z_p0p012_dedup_filtered,15,0.007981817238032818,-0.000638460973277688,0.008620278211310506,0.008620278211310506,7.430919644039465e-05
31,merged_z_p0p012_dedup_filtered,16,0.007548236753791571,-0.0005975988460704684,0.008145835599862039,0.008145835599862039,6.635463761997975e-05
31,merged_z_p0p012_dedup_filtered,17,0.006784219294786453,0.003734278492629528,0.003049940802156925,0.003049940802156925,9.302138896661628e-06
31,merged_z_p0p012_dedup_filtered,18,0.00012320512905716896,-4.381816864906796e-08,0.00012324894722581803,0.00012324894722581803,1.519030299227248e-08
31,merged_z_p0p012_dedup_filtered,19,0.0006203681696206331,-3.940547443903597e-08,0.0006204075750950722,0.0006204075750950722,3.849055592353476e-07
31,merged_z_p0p012_dedup_filtered,20,0.0009071896784007549,-3.528859693346931e-08,0.0009072249669976884,0.0009072249669976884,8.230571407439568e-07
31,merged_z_p0p012_dedup_filtered,21,0.0010264614829793572,-3.133590809056841e-08,0.0010264928188874478,0.0010264928188874478,1.0536875072274987e-06
31,merged_z_p0p012_dedup_filtered,22,0.0010271058417856693,-2.7436634297828277e-08,0.0010271332784199672,0.0010271332784199672,1.0550027716377498e-06
31,merged_z_p0p012_dedup_filtered,23,0.0009563394705764949,-2.3607100274603e-08,0.0009563630776767695,0.0009563630776767695,9.146303363433827e-07
31,merged_z_p0p012_dedup_filtered,24,0.0008541352581232786,-1.99208045614796e-08,0.0008541551789278401,0.0008541551789278401,7.295810696892505e-07
31,merged_z_p0p012_dedup_filtered,25,0.000750489067286253,-1.6569588368042787e-08,0.000750505636874621,0.000750505636874621,5.632587109805805e-07
31,merged_z_p0p012_dedup_filtered,26,0.0006652987794950604,-1.3542215349104936e-08,0.0006653123217104095,0.0006653123217104095,4.426404854196955e-07
31,merged_z_p0p012_dedup_filtered,27,0.0006100756581872702,-1.0667145389220423e-08,0.0006100863253326594,0.0006100863253326594,3.722053243579075e-07
31,merged_z_p0p012_dedup_filtered,28,0.0005903802812099457,-7.969680915209665e-09,0.0005903882508908609,0.0005903882508908609,3.485582867899701e-07
31,merged_z_p0p012_dedup_filtered,29,0.00520704872906208,9.47217849898152e-05,0.005112326944072265,0.005112326944072265,2.6135886783087266e-05
31,merged_z_p0p012_dedup_filtered,30,0.013246677815914154,0.00021143874619156122,0.013035239069722593,0.013035239069722593,0.00016991745760482231
31,merged_z_p0p012_dedup_filtered,31,0.012326800264418125,0.00025207229191437364,0.012074727972503752,0.012074727972503752,0.00014579905560996455
31,merged_z_p0p012_dedup_filtered,32,0.015982169657945633,0.00037894511478953063,0.015603224543156102,0.015603224543156102,0.00024346061614414897
31,merged_z_p0p012_dedup_filtered,33,0.012940928339958191,0.00024352145555894822,0.012697406884399243,0.012697406884399243,0.00016122414158798928
31,merged_z_p0p012_dedup_filtered,34,0.010604595765471458,0.0004891888820566237,0.010115406883414835,0.010115406883414835,0.00010232145641703622
31,merged_z_p0p012_dedup_filtered,35,0.00840368214994669,0.0003336321096867323,0.008070050040259957,0.008070050040259957,6.512570765229974e-05
31,merged_z_p0p012_dedup_filtered,36,0.005865059792995453,0.00037446481292136014,0.005490594980074093,0.005490594980074093,3.0146633235214826e-05
31,merged_z_p0p012_dedup_filtered,37,0.0033105676993727684,0.0004153090703766793,0.002895258628996089,0.002895258628996089,8.382522528776313e-06
31,merged_z_p0p012_dedup_filtered,38,0.003065482247620821,0.0006241575465537608,0.0024413247010670602,0.0024413247010670602,5.960066296040171e-06
31,merged_z_p0p012_dedup_filtered,39,0.0010015477892011404,0.0004561584210023284,0.000545389368198812,0.000545389368198812,2.9744956294429933e-07
31,merged_z_p0p012_dedup_filtered,40,-0.0008553829975426197,0.0004970102454535663,-0.001352393242996186,0.001352393242996186,1.828967483701741e-06
31,merged_z_p0p012_dedup_filtered,41,-0.002131612738594413,0.0005378634086810052,-0.002669476147275418,0.002669476147275418,7.126102900872409e-06
31,merged_z_p0p012_dedup_filtered,42,-0.0027856011874973774,0.0005787170375697315,-0.003364318225067109,0.003364318225067109,1.1318637119518702e-05
31,merged_z_p0p012_dedup_filtered,43,-0.0028573190793395042,0.0006195716559886932,-0.0034768907353281975,0.0034768907353281975,1.2088769185411054e-05
31,merged_z_p0p012_dedup_filtered,44,-0.0024505623150616884,0.0006604263326153159,-0.0031109886476770043,0.0031109886476770043,9.678250365975196e-06
31,merged_z_p0p012_dedup_filtered,45,-0.0017076237127184868,0.0007012812420725822,-0.002408904954791069,0.002408904954791069,5.802823081216962e-06
31,merged_z_p0p012_dedup_filtered,46,-0.0007818942540325224,0.0007421369664371014,-0.0015240312204696238,0.0015240312204696238,2.322671160966131e-06
31,merged_z_p0p012_dedup_filtered,47,0.00018619975890032947,0.0007829946698620915,-0.0005967949109617621,0.0005967949109617621,3.561641657498575e-07
31,merged_z_p0p012_dedup_filtered,48,0.001085813157260418,0.0008238583686761558,0.00026195478858426213,0.00026195478858426213,6.862031126222547e-08
31,merged_z_p0p012_dedup_filtered,49,0.001842794008553028,0.0008647360373288393,0.0009780579712241888,0.0009780579712241888,9.565973950751761e-07
31,merged_z_p0p012_dedup_filtered,50,0.0024175853468477726,0.0009056436247192323,0.0015119417221285403,0.0015119417221285403,2.285967771113016e-06
31,merged_z_p0p012_dedup_filtered,51,0.0027963267639279366,0.0009466128540225327,0.0018497139099054039,0.0018497139099054039,3.4214415484975365e-06
31,merged_z_p0p012_dedup_filtered,52,0.002978938864544034,0.0009877001866698265,0.0019912386778742075,0.0019912386778742075,3.965031472262222e-06
31,merged_z_p0p012_dedup_filtered,53,-0.0023105733562260866,0.0014846447156742215,-0.003795218071900308,0.003795218071900308,1.4403680213278692e-05
31,merged_z_p0p012_dedup_filtered,54,-0.0010470738634467125,0.0013856397708877921,-0.0024327136343345046,0.0024327136343345046,5.918095626676994e-06
31,merged_z_p0p012_dedup_filtered,55,0.0028546538669615984,0.00046105115325190127,0.002393602713709697,0.002393602713709697,5.729333951078426e-06
31,merged_z_p0p012_dedup_filtered,56,0.004215909168124199,0.0004815375432372093,0.0037343716248869896,0.0037343716248869896,1.3945531432761095e-05
31,merged_z_p0p012_dedup_filtered,57,0.0047228578478097916,0.0005020664539188147,0.004220791393890977,0.004220791393890977,1.7815079990744136e-05
31,merged_z_p0p012_dedup_filtered,58,-0.009955866262316704,-8.765365322460639e-08,-0.00995577860866348,0.00995577860866348,9.911752770472132e-05
31,merged_z_p0p012_dedup_filtered,59,-0.009538219310343266,-8.278884422452393e-08,-0.009538136521499041,0.009538136521499041,9.097604830275382e-05
31,merged_z_p0p012_dedup_filtered,60,-0.008728760294616222,-7.802069035278691e-08,-0.00872868227392587,0.00872868227392587,7.61898942391477e-05
31,merged_z_p0p012_dedup_filtered,61,-0.007605692371726036,-7.334247698054241e-08,-0.0076056190292490555,0.0076056190292490555,5.784544081807535e-05
31,merged_z_p0p012_dedup_filtered,62,-0.00627343961969018,-6.88823433847574e-08,-0.006273370737346795,0.006273370737346795,3.935518040819907e-05
31,merged_z_p0p012_dedup_filtered,63,-0.004848695360124111,-6.451631406889646e-08,-0.004848630843810042,0.004848630843810042,2.3509221059546083e-05
31,merged_z_p0p012_dedup_filtered,64,-0.0034455941058695316,-6.008493613762766e-08,-0.003445534020933394,0.003445534020933394,1.1871704689409443e-05
31,merged_z_p0p012_dedup_filtered,65,-0.002162340097129345,-5.5533046605660275e-08,-0.0021622845640827393,0.0021622845640827393,4.675474536070482e-06
31,merged_z_p0p012_dedup_filtered,66,-0.00107129430398345,-5.0840792908957155e-08,-0.001071243463190541,0.001071243463190541,1.1475625574284638e-06
31,merged_z_p0p012_dedup_filtered,67,0.007038469426333904,-0.0003287561412435025,0.007367225567577407,0.007367225567577407,5.427601256356624e-05
31,merged_z_p0p012_dedup_filtered,68,0.005550280213356018,-0.0003491897659841925,0.0058994699793402106,0.0058994699793402106,3.4803746037136384e-05
31,merged_z_p0p012_dedup_filtered,69,0.0025943126529455185,-0.00036962368176318705,0.0029639363347087055,0.0029639363347087055,8.784918596206475e-06
31,merged_z_p0p012_dedup_filtered,70,-0.0016560633666813374,-0.00039005829603411257,-0.0012660050706472248,0.0012660050706472248,1.6027688389044846e-06
31,merged_z_p0p012_dedup_filtered,71,-0.0067765600979328156,-0.00041049456922337413,-0.006366065528709441,0.006366065528709441,4.0526790315822617e-05
31,merged_z_p0p012_dedup_filtered,72,-0.012148330919444561,-0.00043093538261018693,-0.011717395536834374,0.011717395536834374,0.00013729735816662612
31,merged_z_p0p012_dedup_filtered,73,-0.0170555729418993,-0.00045138722634874284,-0.016604185715550557,0.016604185715550557,0.00027569898327649316
31,merged_z_p0p012_dedup_filtered,74,-0.020806491374969482,-0.000471863808343187,-0.020334627566626295,0.020334627566626295,0.00041349707827339805
31,merged_z_p0p012_dedup_filtered,75,-0.02285446599125862,-0.0004923840169794858,-0.022362081974279135,0.022362081974279135,0.0005000627102243799
31,merged_z_p0p012_dedup_filtered,76,-0.018005186691880226,-0.0009862297447398305,-0.017018956947140396,0.017018956947140396,0.0002896448955686183
31,merged_z_p0p012_dedup_filtered,77,-0.01629573293030262,-0.0009451392688788474,-0.015350593661423773,0.015350593661423773,0.0002356407257581437
31,merged_z_p0p012_dedup_filtered,78,0.0008673470001667738,0.0004405994259286672,0.0004267475742381066,0.0004267475742381066,1.821134921181083e-07
31,merged_z_p0p012_dedup_filtered,79,-0.0014166594482958317,0.0004201637639198452,-0.001836823212215677,0.001836823212215677,3.3739195129343176e-06
31,merged_z_p0p012_dedup_filtered,80,-0.003626311896368861,0.0003997348539996892,-0.00402604675036855,0.00402604675036855,1.6209052436153164e-05
31,merged_z_p0p012_dedup_filtered,81,-0.005414290353655815,0.00037930873804725707,-0.005793599091703072,0.005793599091703072,3.356579043538266e-05
31,merged_z_p0p012_dedup_filtered,82,-0.006515802815556526,0.00035888361162506044,-0.006874686427181587,0.006874686427181587,4.726131347207473e-05
31,merged_z_p0p012_dedup_filtered,83,-0.006789668463170528,0.0003384589799679816,-0.00712812744313851,0.00712812744313851,5.081020084562435e-05
31,merged_z_p0p012_dedup_filtered,84,-0.006234474014490843,0.0003180345520377159,-0.006552508566528559,0.006552508566528559,4.293536851443015e-05
31,merged_z_p0p012_dedup_filtered,85,-0.004977826029062271,0.00029760986217297614,-0.005275435891235247,0.005275435891235247,2.7830223842533027e-05
31,merged_z_p0p012_dedup_filtered,86,-0.003242267295718193,0.00027718511410057545,-0.0035194524098187685,0.0035194524098187685,1.2386545264979137e-05
31,merged_z_p0p012_dedup_filtered,87,-0.001296037808060646,0.00025676030782051384,-0.00155279811588116,0.00155279811588116,2.41118198868408e-06
31,merged_z_p0p012_dedup_filtered,88,0.0006003717426210642,0.00023633554519619793,0.00036403619742486626,0.00036403619742486626,1.325223530355562e-07
31,merged_z_p0p012_dedup_filtered,89,0.0022405721247196198,0.0002159112336812541,0.0020246608910383657,0.0020246608910383657,4.099251723700269e-06
31,merged_z_p0p012_dedup_filtered,90,0.003502307692542672,0.0001954879699042067,0.0033068197226384655,0.0033068197226384655,1.0935056678030737e-05
31,merged_z_p0p012_dedup_filtered,91,0.004355954937636852,0.0001750672236084938,0.0041808877140283585,0.0041808877140283585,1.7479822077313273e-05
31,merged_z_p0p012_dedup_filtered,92,0.004851287230849266,0.0001546525745652616,0.0046966346562840044,0.0046966346562840044,2.205837709460797e-05
31,merged_z_p0p012_dedup_filtered,93,0.005087236408144236,0.00013425250654108822,0.004952983901603147,0.004952983901603147,2.4532049529539936e-05
31,merged_z_p0p012_dedup_filtered,94,-0.00016770325601100922,-0.0001346870994893834,-3.301615652162582e-05,3.301615652162582e-05,1.090066591460495e-09
31,merged_z_p0p012_dedup_filtered,95,0.00016180891543626785,-0.00011431432358222082,0.0002761232390184887,0.0002761232390184887,7.624404312606143e-08
31,merged_z_p0p012_dedup_filtered,96,0.0006057042628526688,-0.00023012967722024769,0.0008358339400729164,0.0008358339400729164,6.986183753778157e-07
31,merged_z_p0p012_dedup_filtered,97,0.0006565144285559654,-0.00034439569571986794,0.0010009101242758334,0.0010009101242758334,1.0018210768778642e-06
31,merged_z_p0p012_dedup_filtered,98,0.0007028072141110897,-0.00040538940811529756,0.0011081966222263873,0.0011081966222263873,1.228099753513974e-06
31,merged_z_p0p012_dedup_filtered,99,0.00040144193917512894,-0.0002708356478251517,0.0006722775870002806,0.0006722775870002806,4.519571539829199e-07
31,merged_z_p0p012_dedup_filtered,100,0.00022440077736973763,-0.000311625306494534,0.0005360260838642716,0.0005360260838642716,2.873239625828672e-07
31,merged_z_p0p012_dedup_filtered,101,0.0008475678041577339,-0.00046654770267196,0.001314115506829694,0.001314115506829694,1.7268995652902633e-06
31,merged_z_p0p012_dedup_filtered,102,0.0011663727927953005,-0.0005277741001918912,0.0016941468929871917,0.0016941468929871917,2.870133695018155e-06
31,merged_z_p0p012_dedup_filtered,103,0.0002647016663104296,-0.0003524541389197111,0.0006171558052301407,0.0006171558052301407,3.8088128792926335e-07
31,merged_z_p0p012_dedup_filtered,104,0.0006972132250666618,-0.00039330110303126276,0.0010905143280979246,0.0010905143280979246,1.189221499786868e-06
31,merged_z_p0p012_dedup_filtered,105,0.0017200526781380177,-0.0005890292231924832,0.002309081901330501,0.002309081901330501,5.331859227052081e-06
31,merged_z_p0p012_dedup_filtered,106,0.002524155657738447,-0.0006503114709630609,0.003174467128701508,0.003174467128701508,1.0077241551206397e-05
31,merged_z_p0p012_dedup_filtered,107,0.0016188278095796704,-0.000434155750554055,0.0020529835601337254,0.0020529835601337254,4.214741498179346e-06
31,merged_z_p0p012_dedup_filtered,108,0.0004698006669059396,0.0014512259513139725,-0.000981425284408033,0.000981425284408033,9.631955888753883e-07
31,merged_z_p0p012_dedup_filtered,109,-0.0003997220192104578,-0.000195943663129583,-0.0002037783560808748,0.0002037783560808748,4.1525618407023804e-08
31,merged_z_p0p012_dedup_filtered,110,-0.0006775697693228722,-0.00017551530618220568,-0.0005020544631406665,0.0005020544631406665,2.5205868395946284e-07
31,merged_z_p0p012_dedup_filtered,111,-0.0005258889868855476,-0.0001550936867715791,-0.00037079530011396855,0.00037079530011396855,1.37489154586608e-07
31,merged_z_p0p012_dedup_filtered,112,0.0006929384544491768,-0.00018960496527142823,0.000882543419720605,0.000882543419720605,7.7888288769214e-07
31,merged_z_p0p012_dedup_filtered,113,0.0030004349537193775,-0.00047501467633992434,0.003475449630059302,0.003475449630059302,1.2078750131079338e-05
31,merged_z_p0p012_dedup_filtered,114,0.0035265772603452206,-0.0007115888292901218,0.004238166089635342,0.004238166089635342,1.796205180333493e-05
31,merged_z_p0p012_dedup_filtered,115,0.004600281361490488,-0.0007728756172582507,0.005373156978748739,0.005373156978748739,2.8870815918276274e-05
31,merged_z_p0p012_dedup_filtered,116,0.004666854627430439,-0.0005158754647709429,0.005182730092201382,0.005182730092201382,2.6860691208609745e-05
31,merged_z_p0p012_dedup_filtered,117,0.006311968434602022,-0.0005567368352785707,0.006868705269880593,0.006868705269880593,4.717911208448543e-05
31,merged_z_p0p012_dedup_filtered,118,0.005554663948714733,-0.0008341713109984994,0.0063888352597132325,0.0063888352597132325,4.081721597575505e-05
31,merged_z_p0p012_dedup_filtered,119,0.006164855789393187,-0.0008954599034041166,0.007060315692797303,0.007060315692797303,4.9848057681959863e-05
31,merged_z_p0p012_dedup_filtered,120,0.005392960272729397,-0.00027767239953391254,0.005670632672263309,0.005670632672263309,3.215607490374012e-05
31,merged_z_p0p012_dedup_filtered,121,0.0036033897195011377,-0.00025723950238898396,0.0038606292218901217,0.0038606292218901217,1.4904457988911927e-05
31,merged_z_p0p012_dedup_filtered,122,-0.0010120072402060032,0.000771452090702951,-0.0017834593309089541,0.0017834593309089541,3.1807271850062144e-06
31,merged_z_p0p012_dedup_filtered,123,-0.0008773831650614738,0.0008390358416363597,-0.0017164190066978335,0.0017164190066978335,2.9460942065535775e-06
31,merged_z_p0p012_dedup_filtered,124,0.001289853942580521,0.0009618177427910268,0.0003280361997894943,0.0003280361997894943,1.07607748372333e-07
31,merged_z_p0p012_dedup_filtered,125,0.003135895822197199,0.0010490822605788708,0.002086813561618328,0.002086813561618328,4.354790840954172e-06
31,merged_z_p0p012_dedup_filtered,126,0.003326124744489789,0.006722227670252323,-0.003396102925762534,0.003396102925762534,1.1533515082372844e-05
31,merged_z_p0p012_dedup_filtered,127,0.0027781049720942974,0.0011778248008340597,0.0016002801712602377,0.0016002801712602377,2.5608966265286957e-06
32,merged_z_p0p014_dedup_filtered,0,-0.010692654177546501,-0.001447714283131063,-0.009244939894415438,0.009244939894415438,8.546891365135413e-05
32,merged_z_p0p014_dedup_filtered,1,-0.009115009568631649,-0.001375006278976798,-0.007740003289654851,0.007740003289654851,5.9907650923867915e-05
32,merged_z_p0p014_dedup_filtered,2,-0.006717531476169825,-0.0013246310409158468,-0.005392900435253978,0.005392900435253978,2.9083375104562543e-05
32,merged_z_p0p014_dedup_filtered,3,-0.0110840555280447,-0.0008837009663693607,-0.01020035456167534,0.01020035456167534,0.00010404723318389091
32,merged_z_p0p014_dedup_filtered,4,-0.006582919508218765,-0.0008428021101281047,-0.005740117398090661,0.005740117398090661,3.2948947743863095e-05
32,merged_z_p0p014_dedup_filtered,5,-0.0038398404140025377,-0.001263270853087306,-0.0025765695609152317,0.0025765695609152317,6.63871070223491e-06
32,merged_z_p0p014_dedup_filtered,6,-0.0008506564190611243,-0.0012019394198432565,0.00035128300078213215,0.00035128300078213215,1.2339974663849946e-07
32,merged_z_p0p014_dedup_filtered,7,-0.0019705616869032383,-0.0008019231609068811,-0.0011686385259963572,0.0011686385259963572,1.3657160044429384e-06
32,merged_z_p0p014_dedup_filtered,8,0.0021604811772704124,-0.0007610530010424554,0.002921534178312868,0.002921534178312868,8.535361955050244e-06
32,merged_z_p0p014_dedup_filtered,9,0.001887615886516869,-0.0011406324338167906,0.0030282483203336596,0.0030282483203336596,9.170287889603631e-06
32,merged_z_p0p014_dedup_filtered,10,0.004080348648130894,-0.0010793345281854272,0.005159683176316321,0.005159683176316321,2.6622330479961678e-05
32,merged_z_p0p014_dedup_filtered,11,0.005342105403542519,-0.0007201872649602592,0.006062292668502778,0.006062292668502778,3.675139239858253e-05
32,merged_z_p0p014_dedup_filtered,12,0.007299872115254402,-0.0006793235661461949,0.007979195681400597,0.007979195681400597,6.366756372208194e-05
32,merged_z_p0p014_dedup_filtered,13,0.005541872698813677,-0.0010180397657677531,0.00655991246458143,0.00655991246458143,4.303245154297081e-05
32,merged_z_p0p014_dedup_filtered,14,0.006214694119989872,-0.0009567463421262801,0.007171440462116152,0.007171440462116152,5.1429558301676725e-05
32,merged_z_p0p014_dedup_filtered,15,0.007982461713254452,-0.000638460973277688,0.00862092268653214,0.00862092268653214,7.432030796716453e-05
32,merged_z_p0p014_dedup_filtered,16,0.007547672837972641,-0.0005975988460704684,0.00814527168404311,0.00814527168404311,6.634545080687447e-05
32,merged_z_p0p014_dedup_filtered,17,0.006783913820981979,0.004356659483164549,0.0024272543378174305,0.0024272543378174305,5.891563620453533e-06
32,merged_z_p0p014_dedup_filtered,18,0.00012420862913131714,-4.381816864906796e-08,0.0001242524472999662,0.0001242524472999662,1.543867066003088e-08
32,merged_z_p0p014_dedup_filtered,19,0.0006202020449563861,-3.940547443903597e-08,0.0006202414504308251,0.0006202414504308251,3.846994568325337e-07
32,merged_z_p0p014_dedup_filtered,20,0.0009057938004843891,-3.528859693346931e-08,0.0009058290890813225,0.0009058290890813225,8.205263386258985e-07
32,merged_z_p0p014_dedup_filtered,21,0.0010238144313916564,-3.133590809056841e-08,0.001023845767299747,0.001023845767299747,1.0482601552176076e-06
32,merged_z_p0p014_dedup_filtered,22,0.0010232316562905908,-2.7436634297828277e-08,0.0010232590929248886,0.0010232590929248886,1.0470591712534658e-06
32,merged_z_p0p014_dedup_filtered,23,0.0009513113764114678,-2.3607100274603e-08,0.0009513349835117424,0.0009513349835117424,9.050382508532872e-07
32,merged_z_p0p014_dedup_filtered,24,0.0008480758406221867,-1.99208045614796e-08,0.0008480957614267481,0.0008480957614267481,7.192664205500156e-07
32,merged_z_p0p014_dedup_filtered,25,0.0007435685256496072,-1.6569588368042787e-08,0.0007435850952379752,0.0007435850952379752,5.529187938600687e-07
32,merged_z_p0p014_dedup_filtered,26,0.0006577280582860112,-1.3542215349104936e-08,0.0006577416005013603,0.0006577416005013603,4.326240130300911e-07
32,merged_z_p0p014_dedup_filtered,27,0.0006020981818437576,-1.0667145389220423e-08,0.0006021088489891468,0.0006021088489891468,3.6253506603103525e-07
32,merged_z_p0p014_dedup_filtered,28,0.0005822591483592987,-7.969680915209665e-09,0.0005822671180402139,0.0005822671180402139,3.390349967508564e-07
32,merged_z_p0p014_dedup_filtered,29,0.005198975093662739,9.47217849898152e-05,0.005104253308672924,0.005104253308672924,2.6053401839098488e-05
32,merged_z_p0p014_dedup_filtered,30,0.01323856320232153,0.00021143874619156122,0.013027124456129968,0.013027124456129968,0.0001697059715954995
32,merged_z_p0p014_dedup_filtered,31,0.01231934130191803,0.00025207229191437364,0.012067269010003656,0.012067269010003656,0.00014561898135979462
32,merged_z_p0p014_dedup_filtered,32,0.015974698588252068,0.00037894511478953063,0.015595753473462537,0.015595753473462537,0.0002432275264050188
32,merged_z_p0p014_dedup_filtered,33,0.012934600934386253,0.00028410847880877554,0.012650492455577478,0.012650492455577478,0.0001600349593686227
32,merged_z_p0p014_dedup_filtered,34,0.010599752888083458,0.0004891888820566237,0.010110564006026834,0.010110564006026834,0.00010222350451996538
32,merged_z_p0p014_dedup_filtered,35,0.00839895661920309,0.0003336321096867323,0.008065324509516358,0.008065324509516358,6.504945944380529e-05
32,merged_z_p0p014_dedup_filtered,36,0.005862041842192411,0.00037446481292136014,0.005487577029271051,0.005487577029271051,3.0113501652183296e-05
32,merged_z_p0p014_dedup_filtered,37,0.0033092075027525425,0.0004153090703766793,0.002893898432375863,0.002893898432375863,8.374648136907478e-06
32,merged_z_p0p014_dedup_filtered,38,0.0030645267106592655,0.0006241575465537608,0.0024403691641055048,0.0024403691641055048,5.955401657117e-06
32,merged_z_p0p014_dedup_filtered,39,0.001001622062176466,0.0004561584210023284,0.0005454636411741376,0.0005454636411741376,2.9753058384294833e-07
32,merged_z_p0p014_dedup_filtered,40,-0.000854206271469593,0.0004970102454535663,-0.0013512165169231594,0.0013512165169231594,1.8257860756059546e-06
32,merged_z_p0p014_dedup_filtered,41,-0.002129700966179371,0.0005378634086810052,-0.002667564374860376,0.002667564374860376,7.115899694024229e-06
32,merged_z_p0p014_dedup_filtered,42,-0.002783274743705988,0.0005787170375697315,-0.0033619917812757194,0.0033619917812757194,1.1302988737365485e-05
32,merged_z_p0p014_dedup_filtered,43,-0.00285479542799294,0.0006195716559886932,-0.003474367083981633,0.003474367083981633,1.2071226634255037e-05
32,merged_z_p0p014_dedup_filtered,44,-0.0024479259736835957,0.0006604263326153159,-0.0031083523062989116,0.0031083523062989116,9.661854060073763e-06
32,merged_z_p0p014_dedup_filtered,45,-0.0017048271838575602,0.0007012812420725822,-0.0024061084259301424,0.0024061084259301424,5.7893577573320276e-06
32,merged_z_p0p014_dedup_filtered,46,-0.0007787946960888803,0.0007421369664371014,-0.0015209316625259817,0.0015209316625259817,2.3132331220740466e-06
32,merged_z_p0p014_dedup_filtered,47,0.00018978750449605286,0.0007829946698620915,-0.0005932071653660387,0.0005932071653660387,3.5189474104161076e-07
32,merged_z_p0p014_dedup_filtered,48,0.0010900517227128148,0.0008238583686761558,0.000266193354036659,0.000266193354036659,7.085890173328608e-08
32,merged_z_p0p014_dedup_filtered,49,0.0018477675039321184,0.0008647360373288393,0.0009830314666032791,0.0009830314666032791,9.663508643321939e-07
32,merged_z_p0p014_dedup_filtered,50,0.0024232626892626286,0.0009056436247192323,0.0015176190645433962,0.0015176190645433962,2.303167625065573e-06
32,merged_z_p0p014_dedup_filtered,51,0.002802554052323103,0.0009466128540225327,0.0018559411983005702,0.0018559411983005702,3.4445177315493566e-06
32,merged_z_p0p014_dedup_filtered,52,0.0029854602180421352,0.0009877001866698265,0.0019977600313723087,0.0019977600313723087,3.991045142948688e-06
32,merged_z_p0p014_dedup_filtered,53,-0.0023039416410028934,0.0014846447156742215,-0.003788586356677115,0.003788586356677115,1.4353386581999976e-05
32,merged_z_p0p014_dedup_filtered,54,-0.0010411697439849377,0.0013856397708877921,-0.0024268095148727298,0.0024268095148727298,5.889404421476814e-06
32,merged_z_p0p014_dedup_filtered,55,0.002860704902559519,0.00046105115325190127,0.0023996537493076175,0.0023996537493076175,5.758338116566106e-06
32,merged_z_p0p014_dedup_filtered,56,0.0042222049087285995,0.0004815375432372093,0.0037406673654913902,0.0037406673654913902,1.3992592339252298e-05
32,merged_z_p0p014_dedup_filtered,57,0.00472924392670393,0.0005020664539188147,0.004227177472785115,0.004227177472785115,1.7869029386421954e-05
32,merged_z_p0p014_dedup_filtered,58,-0.009949512779712677,-8.765365322460639e-08,-0.009949425126059452,0.009949425126059452,9.899106033906315e-05
32,merged_z_p0p014_dedup_filtered,59,-0.009531953372061253,-8.278884422452393e-08,-0.009531870583217028,0.009531870583217028,9.085655681519813e-05
32,merged_z_p0p014_dedup_filtered,60,-0.00872267596423626,-7.802069035278691e-08,-0.008722597943545907,0.008722597943545907,7.608371488475129e-05
32,merged_z_p0p014_dedup_filtered,61,-0.007599891163408756,-7.334247698054241e-08,-0.007599817820931776,0.007599817820931776,5.77572309113522e-05
32,merged_z_p0p014_dedup_filtered,62,-0.0062680309638381,-6.88823433847574e-08,-0.006267962081494716,0.006267962081494716,3.928734865505557e-05
32,merged_z_p0p014_dedup_filtered,63,-0.004843799863010645,-6.451631406889646e-08,-0.004843735346696576,0.004843735346696576,2.34617721088378e-05
32,merged_z_p0p014_dedup_filtered,64,-0.003441339125856757,-6.008493613762766e-08,-0.0034412790409206195,0.0034412790409206195,1.1842401437479539e-05
32,merged_z_p0p014_dedup_filtered,65,-0.0021588578820228577,-5.5533046605660275e-08,-0.002158802348976252,0.002158802348976252,4.660427581945383e-06
32,merged_z_p0p014_dedup_filtered,66,-0.001068715238943696,-5.0840792908957155e-08,-0.001068664398150787,0.001068664398150787,1.1420435958749839e-06
32,merged_z_p0p014_dedup_filtered,67,0.007040021009743214,-0.0003287561412435025,0.007368777150986716,0.007368777150986716,5.4298876700903905e-05
32,merged_z_p0p014_dedup_filtered,68,0.005552970804274082,-0.0003491897659841925,0.005902160570258275,0.005902160570258275,3.483549939711148e-05
32,merged_z_p0p014_dedup_filtered,69,0.002597999759018421,-0.00036962368176318705,0.0029676234407816082,0.0029676234407816082,8.80678888627647e-06
32,merged_z_p0p014_dedup_filtered,70,-0.0016515394672751427,-0.00039005829603411257,-0.00126148117124103,0.00126148117124103,1.591334745395641e-06
32,merged_z_p0p014_dedup_filtered,71,-0.006771368905901909,-0.00041049456922337413,-0.006360874336678535,0.006360874336678535,4.0460722327015586e-05
32,merged_z_p0p014_dedup_filtered,72,-0.012142634950578213,-0.00043093538261018693,-0.011711699567968026,0.011711699567968026,0.00013716390677034245
32,merged_z_p0p014_dedup_filtered,73,-0.017049521207809448,-0.00045138722634874284,-0.016598133981460705,0.016598133981460705,0.0002754980516665206
32,merged_z_p0p014_dedup_filtered,74,-0.020800214260816574,-0.000471863808343187,-0.020328350452473387,0.020328350452473387,0.00041324183211857496
32,merged_z_p0p014_dedup_filtered,75,-0.022848080843687057,-0.0004923840169794858,-0.022355696826707572,0.022355696826707572,0.000499777180607663
32,merged_z_p0p014_dedup_filtered,76,-0.01799885556101799,-0.0009862297447398305,-0.01701262581627816,0.01701262581627816,0.0002894294371646941
32,merged_z_p0p014_dedup_filtered,77,-0.016289539635181427,-0.0009451392688788474,-0.01534440036630258,0.01534440036630258,0.00023545062260138674
32,merged_z_p0p014_dedup_filtered,78,0.0008730303961783648,0.0004405994259286672,0.00043243097024969757,0.00043243097024969757,1.8699654403109482e-07
32,merged_z_p0p014_dedup_filtered,79,-0.001411420525982976,0.0004201637639198452,-0.0018315842899028212,0.0018315842899028212,3.3547010110188217e-06
32,merged_z_p0p014_dedup_filtered,80,-0.003621550975367427,0.0003997348539996892,-0.004021285829367116,0.004021285829367116,1.6170739721468774e-05
32,merged_z_p0p014_dedup_filtered,81,-0.005410009063780308,0.00037930873804725707,-0.005789317801827565,0.005789317801827565,3.3516200610557546e-05
32,merged_z_p0p014_dedup_filtered,82,-0.006511992774903774,0.00035888361162506044,-0.006870876386528835,0.006870876386528835,4.7208942318959536e-05
32,merged_z_p0p014_dedup_filtered,83,-0.006786337587982416,0.0003384589799679816,-0.007124796567950398,0.007124796567950398,5.076272613467776e-05
32,merged_z_p0p014_dedup_filtered,84,-0.0062316665425896645,0.0003180345520377159,-0.00654970109462738,0.00654970109462738,4.2898584428963105e-05
32,merged_z_p0p014_dedup_filtered,85,-0.004975642077624798,0.00029760986217297614,-0.005273251939797774,0.005273251939797774,2.7807186020580985e-05
32,merged_z_p0p014_dedup_filtered,86,-0.0032408584374934435,0.00027718511410057545,-0.003518043551594019,0.003518043551594019,1.2376630430912259e-05
32,merged_z_p0p014_dedup_filtered,87,-0.0012955927522853017,0.00025676030782051384,-0.0015523530601058155,0.0015523530601058155,2.4098000232198897e-06
32,merged_z_p0p014_dedup_filtered,88,0.0005996545660309494,0.00023633554519619793,0.00036331902083475143,0.00036331902083475143,1.3200071090032254e-07
32,merged_z_p0p014_dedup_filtered,89,0.0022385248448699713,0.0002159112336812541,0.002022613611188717,0.002022613611188717,4.090965820165863e-06
32,merged_z_p0p014_dedup_filtered,90,0.003498833393678069,0.0001954879699042067,0.0033033454237738624,0.0033033454237738624,1.0912090988767718e-05
32,merged_z_p0p014_dedup_filtered,91,0.0043510617688298225,0.0001750672236084938,0.004175994545221329,0.004175994545221329,1.7438930441718292e-05
32,merged_z_p0p014_dedup_filtered,92,0.004845107905566692,0.0001546525745652616,0.004690455331001431,0.004690455331001431,2.200037121211974e-05
32,merged_z_p0p014_dedup_filtered,93,0.005080032162368298,0.00013425250654108822,0.004945779655827209,0.004945779655827209,2.446073640399431e-05
32,merged_z_p0p014_dedup_filtered,94,-0.00017571914941072464,-0.0001346870994893834,-4.103204992134124e-05,4.103204992134124e-05,1.6836291207474397e-09
32,merged_z_p0p014_dedup_filtered,95,0.00015354016795754433,-0.00011431432358222082,0.00026785449153976515,0.00026785449153976515,7.174602863802612e-08
32,merged_z_p0p014_dedup_filtered,96,0.0005972282961010933,-0.00023012967722024769,0.000827357973321341,0.000827357973321341,6.845212160183968e-07
32,merged_z_p0p014_dedup_filtered,97,0.0006479660514742136,-0.00034439569571986794,0.0009923617471940815,0.0009923617471940815,9.847818372940902e-07
32,merged_z_p0p014_dedup_filtered,98,0.0006945917848497629,-0.00040538940811529756,0.0010999811929650605,0.0010999811929650605,1.2099586248768376e-06
32,merged_z_p0p014_dedup_filtered,99,0.00039325514808297157,-0.0002708356478251517,0.0006640907959081233,0.0006640907959081233,4.410165852098846e-07
32,merged_z_p0p014_dedup_filtered,100,0.00021668849512934685,-0.000311625306494534,0.0005283138016238809,0.0005283138016238809,2.7911547298627734e-07
32,merged_z_p0p014_dedup_filtered,101,0.0008398918434977531,-0.00046654770267196,0.0013064395461697131,0.0013064395461697131,1.706784287796126e-06
32,merged_z_p0p014_dedup_filtered,102,0.0011594220995903015,-0.0005277741001918912,0.0016871961997821927,0.0016871961997821927,2.8466310165594727e-06
32,merged_z_p0p014_dedup_filtered,103,0.00025764224119484425,-0.0003524541389197111,0.0006100963801145554,0.0006100963801145554,3.72217593028884e-07
32,merged_z_p0p014_dedup_filtered,104,0.0006909715011715889,-0.00039330110303126276,0.0010842726042028517,0.0010842726042028517,1.1756470802248338e-06
32,merged_z_p0p014_dedup_filtered,105,0.001713985693641007,-0.0005890292231924832,0.00230301491683349,0.00230301491683349,5.3038777071575675e-06
32,merged_z_p0p014_dedup_filtered,106,0.002519099274650216,-0.0006503114709630609,0.003169410745613277,0.003169410745613277,1.0045164474408908e-05
32,merged_z_p0p014_dedup_filtered,107,0.0016135487239807844,-0.000434155750554055,0.0020477044745348394,0.0020477044745348394,4.193093615030003e-06
32,merged_z_p0p014_dedup_filtered,108,0.0004645813023671508,0.0016930975252762437,-0.001228516222909093,0.001228516222909093,1.509252109950824e-06
32,merged_z_p0p014_dedup_filtered,109,-0.0004059174098074436,-0.000195943663129583,-0.00020997374667786062,0.00020997374667786062,4.408897429393838e-08
32,merged_z_p0p014_dedup_filtered,110,-0.0006845493335276842,-0.00017551530618220568,-0.0005090340273454785,0.0005090340273454785,2.591156409955574e-07
32,merged_z_p0p014_dedup_filtered,111,-0.0005334755405783653,-0.0001550936867715791,-0.00037838185380678624,0.00037838185380678624,1.4317282729026015e-07
32,merged_z_p0p014_dedup_filtered,112,0.0006843646988272667,-0.00018960496527142823,0.0008739696640986949,0.0008739696640986949,7.638229737647856e-07
32,merged_z_p0p014_dedup_filtered,113,0.0029962388798594475,-0.00047501467633992434,0.003471253556199372,0.003471253556199372,1.2049601251426785e-05
32,merged_z_p0p014_dedup_filtered,114,0.0035226228646934032,-0.0007115888292901218,0.004234211693983525,0.004234211693983525,1.7928548669466833e-05
32,merged_z_p0p014_dedup_filtered,115,0.004597486462444067,-0.0007728756172582507,0.005370362079702318,0.005370362079702318,2.8840788867104603e-05
32,merged_z_p0p014_dedup_filtered,116,0.004663829691708088,-0.0005158754647709429,0.005179705156479031,0.005179705156479031,2.682934550805546e-05
32,merged_z_p0p014_dedup_filtered,117,0.006310167256742716,-0.0005567368352785707,0.0068669040920212865,0.0068669040920212865,4.715437180901869e-05
32,merged_z_p0p014_dedup_filtered,118,0.005553050898015499,-0.0008341713109984994,0.0063872222090139985,0.0063872222090139985,4.079660754732166e-05
32,merged_z_p0p014_dedup_filtered,119,0.006164416670799255,-0.0008954599034041166,0.007059876574203372,0.007059876574203372,4.984185724298554e-05
32,merged_z_p0p014_dedup_filtered,120,0.005391316954046488,-0.00027767239953391254,0.0056689893535804,0.0056689893535804,3.2137440291007925e-05
32,merged_z_p0p014_dedup_filtered,121,0.003600460011512041,-0.00025723950238898396,0.003857699513901025,0.003857699513901025,1.4881845539552205e-05
32,merged_z_p0p014_dedup_filtered,122,-0.0010102596133947372,0.000771452090702951,-0.0017817117040976882,0.0017817117040976882,3.174496596518688e-06
32,merged_z_p0p014_dedup_filtered,123,-0.0008751987479627132,0.0008390358416363597,-0.001714234589599073,0.001714234589599073,2.938600228177902e-06
32,merged_z_p0p014_dedup_filtered,124,0.0012920573353767395,0.0009618177427910268,0.00033023959258571267,0.00033023959258571267,1.0905818851117749e-07
32,merged_z_p0p014_dedup_filtered,125,0.003138211090117693,0.0010490822605788708,0.002089128829538822,0.002089128829538822,4.364459266410249e-06
32,merged_z_p0p014_dedup_filtered,126,0.00332882278598845,0.007842599414288998,-0.004513776628300548,0.004513776628300548,2.037417945019226e-05
32,merged_z_p0p014_dedup_filtered,127,0.0027814568020403385,0.0011778248008340597,0.0016036320012062788,0.0016036320012062788,2.5716355952928546e-06
33,merged_z_p0p016_dedup_filtered,0,-0.010686440393328667,-0.001447714283131063,-0.009238726110197604,0.009238726110197604,8.535406013924695e-05
33,merged_z_p0p016_dedup_filtered,1,-0.009109019301831722,-0.001375006278976798,-0.007734013022854924,0.007734013022854924,5.981495743768956e-05
33,merged_z_p0p016_dedup_filtered,2,-0.006711915601044893,-0.0013246310409158468,-0.0053872845601290464,0.0053872845601290464,2.9022834931804813e-05
33,merged_z_p0p016_dedup_filtered,3,-0.01107834279537201,-0.0008837009663693607,-0.010194641829002649,0.010194641829002649,0.00010393072202165046
33,merged_z_p0p016_dedup_filtered,4,-0.0065777054987847805,-0.0008428021101281047,-0.005734903388656676,0.005734903388656676,3.288911687722582e-05
33,merged_z_p0p016_dedup_filtered,5,-0.003834740724414587,-0.001263270853087306,-0.002571469871327281,0.002571469871327281,6.612457299143943e-06
33,merged_z_p0p016_dedup_filtered,6,-0.0008462080731987953,-0.0012019394198432565,0.00035573134664446115,0.00035573134664446115,1.2654479098548178e-07
33,merged_z_p0p016_dedup_filtered,7,-0.001965995179489255,-0.0008019231609068811,-0.0011640720185823739,0.0011640720185823739,1.3550636644464425e-06
33,merged_z_p0p016_dedup_filtered,8,0.002164254430681467,-0.0007610530010424554,0.0029253074317239225,0.0029253074317239225,8.557423570099211e-06
33,merged_z_p0p016_dedup_filtered,9,0.0018912862287834287,-0.0011406324338167906,0.0030319186626002192,0.0030319186626002192,9.192530776623502e-06
33,merged_z_p0p016_dedup_filtered,10,0.004083126783370972,-0.0010793345281854272,0.005162461311556399,0.005162461311556399,2.6651006793316614e-05
33,merged_z_p0p016_dedup_filtered,11,0.005344950128346682,-0.0007201872649602592,0.006065137393306941,0.006065137393306941,3.678589159969011e-05
33,merged_z_p0p016_dedup_filtered,12,0.0073016672395169735,-0.0006793235661461949,0.007980990805663168,0.007980990805663168,6.369621424008003e-05
33,merged_z_p0p016_dedup_filtered,13,0.005543658044189215,-0.0010180397657677531,0.006561697809956968,0.006561697809956968,4.305587814919407e-05
33,merged_z_p0p016_dedup_filtered,14,0.006215404253453016,-0.0009567463421262801,0.007172150595579296,0.007172150595579296,5.143974416566845e-05
33,merged_z_p0p016_dedup_filtered,15,0.007983113639056683,-0.000638460973277688,0.00862157461233437,0.00862157461233437,7.433154879604855e-05
33,merged_z_p0p016_dedup_filtered,16,0.0075471168383955956,-0.0005975988460704684,0.008144715684466064,0.008144715684466064,6.63363935807875e-05
33,merged_z_p0p016_dedup_filtered,17,0.006783609744161367,0.004979039076715708,0.0018045706674456596,0.0018045706674456596,3.2564752938052735e-06
33,merged_z_p0p016_dedup_filtered,18,0.00012521562166512012,-4.381816864906796e-08,0.0001252594398337692,0.0001252594398337692,1.5689927267469645e-08
33,merged_z_p0p016_dedup_filtered,19,0.0006200413918122649,-3.940547443903597e-08,0.000620080797286704,0.000620080797286704,3.845001951637144e-07
33,merged_z_p0p016_dedup_filtered,20,0.0009044039761647582,-3.528859693346931e-08,0.0009044392647616917,0.0009044392647616917,8.180103836426694e-07
33,merged_z_p0p016_dedup_filtered,21,0.0010211729677394032,-3.133590809056841e-08,0.0010212043036474938,0.0010212043036474938,1.0428582297881627e-06
33,merged_z_p0p016_dedup_filtered,22,0.0010193621274083853,-2.7436634297828277e-08,0.001019389564042683,0.001019389564042683,1.0391550832791316e-06
33,merged_z_p0p016_dedup_filtered,23,0.0009462859597988427,-2.3607100274603e-08,0.0009463095668991173,0.0009463095668991173,8.955017964047949e-07
33,merged_z_p0p016_dedup_filtered,24,0.0008420174126513302,-1.99208045614796e-08,0.0008420373334558917,0.0008420373334558917,7.090268709335086e-07
33,merged_z_p0p016_dedup_filtered,25,0.0007366467034444213,-1.6569588368042787e-08,0.0007366632730327893,0.0007366632730327893,5.426727778353819e-07
33,merged_z_p0p016_dedup_filtered,26,0.0006501543102785945,-1.3542215349104936e-08,0.0006501678524939436,0.0006501678524939436,4.227182364165864e-07
33,merged_z_p0p016_dedup_filtered,27,0.000594116048887372,-1.0667145389220423e-08,0.0005941267160327612,0.0005941267160327612,3.529865547038733e-07
33,merged_z_p0p016_dedup_filtered,28,0.0005741333588957787,-7.969680915209665e-09,0.0005741413285766939,0.0005741413285766939,3.2963826517981116e-07
33,merged_z_p0p016_dedup_filtered,29,0.005190908908843994,9.47217849898152e-05,0.005096187123854179,0.005096187123854179,2.597112320133713e-05
33,merged_z_p0p016_dedup_filtered,30,0.013230465352535248,0.00021143874619156122,0.013019026606343687,0.013019026606343687,0.0001694950537766848
33,merged_z_p0p016_dedup_filtered,31,0.012311898171901703,0.00025207229191437364,0.01205982587998733,0.01205982587998733,0.00014543940025561216
33,merged_z_p0p016_dedup_filtered,32,0.015967249870300293,0.00037894511478953063,0.015588304755510762,0.015588304755510762,0.00024299524515067946
33,merged_z_p0p016_dedup_filtered,33,0.012928294017910957,0.0003246953710913658,0.012603598646819592,0.012603598646819592,0.00015885069885011264
33,merged_z_p0p016_dedup_filtered,34,0.010594932362437248,0.0004891888820566237,0.010105743480380625,0.010105743480380625,0.0001021260512912555
33,merged_z_p0p016_dedup_filtered,35,0.00839424878358841,0.0003336321096867323,0.008060616673901677,0.008060616673901677,6.497354116358174e-05
33,merged_z_p0p016_dedup_filtered,36,0.005859041586518288,0.00037446481292136014,0.0054845767735969275,0.0054845767735969275,3.0080582385478882e-05
33,merged_z_p0p016_dedup_filtered,37,0.0033078650012612343,0.0004153090703766793,0.002892555930884555,0.002892555930884555,8.366879813295414e-06
33,merged_z_p0p016_dedup_filtered,38,0.00306359538808465,0.0006241575465537608,0.0024394378415308893,0.0024394378415308893,5.950856982692884e-06
33,merged_z_p0p016_dedup_filtered,39,0.0010017137974500656,0.0004561584210023284,0.0005455553764477372,0.0005455553764477372,2.9763066877103227e-07
33,merged_z_p0p016_dedup_filtered,40,-0.0008530141785740852,0.0004970102454535663,-0.0013500244240276515,0.0013500244240276515,1.8225659454711923e-06
33,merged_z_p0p016_dedup_filtered,41,-0.0021277745254337788,0.0005378634086810052,-0.002665637934114784,0.002665637934114784,7.1056255957917335e-06
33,merged_z_p0p016_dedup_filtered,42,-0.002780935261398554,0.0005787170375697315,-0.0033596522989682853,0.0033596522989682853,1.1287263569962885e-05
33,merged_z_p0p016_dedup_filtered,43,-0.002852261532098055,0.0006195716559886932,-0.003471833188086748,0.003471833188086748,1.2053625685900593e-05
33,merged_z_p0p016_dedup_filtered,44,-0.002445281483232975,0.0006604263326153159,-0.003105707815848291,0.003105707815848291,9.645421037421162e-06
33,merged_z_p0p016_dedup_filtered,45,-0.001702026929706335,0.0007012812420725822,-0.0024033081717789173,0.0024033081717789173,5.775890168539322e-06
33,merged_z_p0p016_dedup_filtered,46,-0.0007756939739920199,0.0007421369664371014,-0.0015178309404291213,0.0015178309404291213,2.3038107637239506e-06
33,merged_z_p0p016_dedup_filtered,47,0.0001933736348291859,0.0007829946698620915,-0.0005896210350329056,0.0005896210350329056,3.4765296495327494e-07
33,merged_z_p0p016_dedup_filtered,48,0.0010942865628749132,0.0008238583686761558,0.0002704281941987574,0.0002704281941987574,7.313140821760085e-08
33,merged_z_p0p016_dedup_filtered,49,0.001852735411375761,0.0008647360373288393,0.0009879993740469217,0.0009879993740469217,9.761427631171092e-07
33,merged_z_p0p016_dedup_filtered,50,0.002428933512419462,0.0009056436247192323,0.0015232898877002299,0.0015232898877002299,2.320412081969779e-06
33,merged_z_p0p016_dedup_filtered,51,0.0028087738901376724,0.0009466128540225327,0.0018621610361151397,0.0018621610361151397,3.4676437244254107e-06
33,merged_z_p0p016_dedup_filtered,52,0.002991973189637065,0.0009877001866698265,0.0020042730029672384,0.0020042730029672384,4.017110270423312e-06
33,merged_z_p0p016_dedup_filtered,53,-0.002297312021255493,0.0014846447156742215,-0.0037819567369297147,0.0037819567369297147,1.4303196760008055e-05
33,merged_z_p0p016_dedup_filtered,54,-0.0010352684184908867,0.0013856397708877921,-0.002420908189378679,0.002420908189378679,5.860796461400753e-06
33,merged_z_p0p016_dedup_filtered,55,0.0028667401056736708,0.00046105115325190127,0.0024056889524217695,0.0024056889524217695,5.787339335804151e-06
33,merged_z_p0p016_dedup_filtered,56,0.0042284829542040825,0.0004815375432372093,0.003746945410966873,0.003746945410966873,1.403959991276571e-05
33,merged_z_p0p016_dedup_filtered,57,0.004735611379146576,0.0005020664539188147,0.004233544925227761,0.004233544925227761,1.792290263392173e-05
33,merged_z_p0p016_dedup_filtered,58,-0.009943177923560143,-8.765365322460639e-08,-0.009943090269906918,0.009943090269906918,9.886504411551763e-05
33,merged_z_p0p016_dedup_filtered,59,-0.009525705128908157,-8.278884422452393e-08,-0.009525622340063933,0.009525622340063933,9.073748096552508e-05
33,merged_z_p0p016_dedup_filtered,60,-0.008716607466340065,-7.802069035278691e-08,-0.008716529445649712,0.008716529445649712,7.597788557687848e-05
33,merged_z_p0p016_dedup_filtered,61,-0.007594103459268808,-7.334247698054241e-08,-0.007594030116791828,0.007594030116791828,5.76692934147413e-05
33,merged_z_p0p016_dedup_filtered,62,-0.006262634415179491,-6.88823433847574e-08,-0.006262565532836106,0.006262565532836106,3.9219727053066784e-05
33,merged_z_p0p016_dedup_filtered,63,-0.0048389132134616375,-6.451631406889646e-08,-0.004838848697147569,0.004838848697147569,2.341445671388672e-05
33,merged_z_p0p016_dedup_filtered,64,-0.003437090665102005,-6.008493613762766e-08,-0.0034370305801658674,0.0034370305801658674,1.1813179208995319e-05
33,merged_z_p0p016_dedup_filtered,65,-0.0021553784608840942,-5.5533046605660275e-08,-0.0021553229278374886,0.0021553229278374886,4.645416923261964e-06
33,merged_z_p0p016_dedup_filtered,66,-0.0010661352425813675,-5.0840792908957155e-08,-0.0010660844017884585,0.0010660844017884585,1.1365359517366556e-06
33,merged_z_p0p016_dedup_filtered,67,0.007041569333523512,-0.0003287561412435025,0.007370325474767014,0.007370325474767014,5.4321697603999615e-05
33,merged_z_p0p016_dedup_filtered,68,0.0055556525476276875,-0.0003491897659841925,0.00590484231361188,0.00590484231361188,3.48671627486213e-05
33,merged_z_p0p016_dedup_filtered,69,0.002601678017526865,-0.00036962368176318705,0.002971301699290052,0.002971301699290052,8.82863378820395e-06
33,merged_z_p0p016_dedup_filtered,70,-0.0016470272094011307,-0.00039005829603411257,-0.001256968913367018,0.001256968913367018,1.5799708491710623e-06
33,merged_z_p0p016_dedup_filtered,71,-0.006766189821064472,-0.00041049456922337413,-0.006355695251841098,0.006355695251841098,4.0394862134275476e-05
33,merged_z_p0p016_dedup_filtered,72,-0.012136951088905334,-0.00043093538261018693,-0.011706015706295148,0.011706015706295148,0.0001370308037160287
33,merged_z_p0p016_dedup_filtered,73,-0.01704348251223564,-0.00045138722634874284,-0.0165920952858869,0.0165920952858869,0.00027529762597595025
33,merged_z_p0p016_dedup_filtered,74,-0.02079395204782486,-0.000471863808343187,-0.020322088239481673,0.020322088239481673,0.0004129872704132793
33,merged_z_p0p016_dedup_filtered,75,-0.02284170873463154,-0.0004923840169794858,-0.022349324717652053,0.022349324717652053,0.000499492315335053
33,merged_z_p0p016_dedup_filtered,76,-0.017992530018091202,-0.0009862297447398305,-0.01700630027335137,0.01700630027335137,0.0002892142489873909
33,merged_z_p0p016_dedup_filtered,77,-0.016283351927995682,-0.0009451392688788474,-0.015338212659116834,0.015338212659116834,0.0002352607675762919
33,merged_z_p0p016_dedup_filtered,78,0.000878702150657773,0.0004405994259286672,0.00043810272472910583,0.00043810272472910583,1.9193399741506668e-07
33,merged_z_p0p016_dedup_filtered,79,-0.001406189170666039,0.0004201637639198452,-0.0018263529345858842,0.0018263529345858842,3.335565041670471e-06
33,merged_z_p0p016_dedup_filtered,80,-0.0036167933139950037,0.0003997348539996892,-0.004016528167994693,0.004016528167994693,1.6132498524294803e-05
33,merged_z_p0p016_dedup_filtered,81,-0.005405726842582226,0.00037930873804725707,-0.005785035580629483,0.005785035580629483,3.34666366691491e-05
33,merged_z_p0p016_dedup_filtered,82,-0.006508178543299437,0.00035888361162506044,-0.006867062154924497,0.006867062154924497,4.7156542639596276e-05
33,merged_z_p0p016_dedup_filtered,83,-0.006782999262213707,0.0003384589799679816,-0.0071214582421816885,0.0071214582421816885,5.07151674951375e-05
33,merged_z_p0p016_dedup_filtered,84,-0.006228850223124027,0.0003180345520377159,-0.006546884775161743,0.006546884775161743,4.286170025924463e-05
33,merged_z_p0p016_dedup_filtered,85,-0.004973448812961578,0.00029760986217297614,-0.0052710586751345545,0.0052710586751345545,2.7784059556711244e-05
33,merged_z_p0p016_dedup_filtered,86,-0.003239439334720373,0.00027718511410057545,-0.0035166244488209486,0.0035166244488209486,1.236664751404524e-05
33,merged_z_p0p016_dedup_filtered,87,-0.0012951388489454985,0.00025676030782051384,-0.0015518991567660123,0.0015518991567660123,2.40839099277106e-06
33,merged_z_p0p016_dedup_filtered,88,0.0005989457713440061,0.00023633554519619793,0.00036261022614780813,0.00036261022614780813,1.3148617610696456e-07
33,merged_z_p0p016_dedup_filtered,89,0.0022364852484315634,0.0002159112336812541,0.0020205740147503093,0.0020205740147503093,4.082719349084183e-06
33,merged_z_p0p016_dedup_filtered,90,0.0034953663125634193,0.0001954879699042067,0.0032998783426592126,0.0032998783426592126,1.0889197076351312e-05
33,merged_z_p0p016_dedup_filtered,91,0.004346174653619528,0.0001750672236084938,0.004171107430011034,0.004171107430011034,1.7398137192693253e-05
33,merged_z_p0p016_dedup_filtered,92,0.004838935099542141,0.0001546525745652616,0.004684282524976879,0.004684282524976879,2.194250277380377e-05
33,merged_z_p0p016_dedup_filtered,93,0.0050728339701890945,0.00013425250654108822,0.004938581463648006,0.004938581463648006,2.4389586873087684e-05
33,merged_z_p0p016_dedup_filtered,94,-0.00018373457714915276,-0.0001346870994893834,-4.9047477659769356e-05,4.9047477659769356e-05,2.405655064785574e-09
33,merged_z_p0p016_dedup_filtered,95,0.00014527048915624619,-0.00011431432358222082,0.000259584812738467,0.000259584812738467,6.738427500446498e-08
33,merged_z_p0p016_dedup_filtered,96,0.0005887704901397228,-0.00023012967722024769,0.0008189001673599705,0.0008189001673599705,6.705974841021877e-07
33,merged_z_p0p016_dedup_filtered,97,0.0006394495721906424,-0.00034439569571986794,0.0009838452679105103,0.0009838452679105103,9.679515111899038e-07
33,merged_z_p0p016_dedup_filtered,98,0.0006864061579108238,-0.00040538940811529756,0.0010917955660261214,0.0010917955660261214,1.1920175579942988e-06
33,merged_z_p0p016_dedup_filtered,99,0.0003850860521197319,-0.0002708356478251517,0.0006559216999448836,0.0006559216999448836,4.302332764585859e-07
33,merged_z_p0p016_dedup_filtered,100,0.00020899437367916107,-0.000311625306494534,0.0005206196801736951,0.0005206196801736951,2.7104485138416056e-07
33,merged_z_p0p016_dedup_filtered,101,0.0008322431240230799,-0.00046654770267196,0.0012987908266950399,0.0012987908266950399,1.686857611507185e-06
33,merged_z_p0p016_dedup_filtered,102,0.0011524963192641735,-0.0005277741001918912,0.0016802704194560647,0.0016802704194560647,2.8233086824990596e-06
33,merged_z_p0p016_dedup_filtered,103,0.00025060074403882027,-0.0003524541389197111,0.0006030548829585314,0.0006030548829585314,3.63675191860128e-07
33,merged_z_p0p016_dedup_filtered,104,0.0006847470067441463,-0.00039330110303126276,0.001078048109775409,0.001078048109775409,1.1621877269903325e-06
33,merged_z_p0p016_dedup_filtered,105,0.0017079411773011088,-0.0005890292231924832,0.002296970400493592,0.002296970400493592,5.2760730207436925e-06
33,merged_z_p0p016_dedup_filtered,106,0.0025140622165054083,-0.0006503114709630609,0.003164373687468469,0.003164373687468469,1.0013260833942797e-05
33,merged_z_p0p016_dedup_filtered,107,0.0016082864021882415,-0.000434155750554055,0.0020424421527422965,0.0020424421527422965,4.171569947298586e-06
33,merged_z_p0p016_dedup_filtered,108,0.00045937090180814266,0.001934968400746584,-0.0014755974989384413,0.0014755974989384413,2.177387978873383e-06
33,merged_z_p0p016_dedup_filtered,109,-0.00041210511699318886,-0.000195943663129583,-0.00021616145386360586,0.00021616145386360586,4.6725774136427803e-08
33,merged_z_p0p016_dedup_filtered,110,-0.0006915233097970486,-0.00017551530618220568,-0.0005160080036148429,0.0005160080036148429,2.662642597945757e-07
33,merged_z_p0p016_dedup_filtered,111,-0.0005410597659647465,-0.0001550936867715791,-0.0003859660791931674,0.0003859660791931674,1.4896981428774636e-07
33,merged_z_p0p016_dedup_filtered,112,0.0006758086383342743,-0.00018960496527142823,0.0008654136036057025,0.0008654136036057025,7.48940705305808e-07
33,merged_z_p0p016_dedup_filtered,113,0.0029920581728219986,-0.00047501467633992434,0.003467072849161923,0.003467072849161923,1.2020594141395774e-05
33,merged_z_p0p016_dedup_filtered,114,0.0035186861641705036,-0.0007115888292901218,0.004230274993460625,0.004230274993460625,1.7895226520298294e-05
33,merged_z_p0p016_dedup_filtered,115,0.004594706930220127,-0.0007728756172582507,0.005367582547478378,0.005367582547478378,2.8810942403994472e-05
33,merged_z_p0p016_dedup_filtered,116,0.004660818725824356,-0.0005158754647709429,0.005176694190595299,0.005176694190595299,2.6798162742943118e-05
33,merged_z_p0p016_dedup_filtered,117,0.0063083781860768795,-0.0005567368352785707,0.00686511502135545,0.00686511502135545,4.712980425644024e-05
33,merged_z_p0p016_dedup_filtered,118,0.005551451817154884,-0.0008341713109984994,0.006385623128153384,0.006385623128153384,4.0776182734807406e-05
33,merged_z_p0p016_dedup_filtered,119,0.006163990590721369,-0.0008954599034041166,0.007059450494125485,0.007059450494125485,4.983584127900856e-05
33,merged_z_p0p016_dedup_filtered,120,0.0053896792232990265,-0.00027767239953391254,0.005667351622832939,0.005667351622832939,3.211887441682715e-05
33,merged_z_p0p016_dedup_filtered,121,0.0035975375212728977,-0.00025723950238898396,0.0038547770236618817,0.0038547770236618817,1.4859305902151555e-05
33,merged_z_p0p016_dedup_filtered,122,-0.0010084914974868298,0.000771452090702951,-0.0017799435881897807,0.0017799435881897807,3.1681991771379117e-06
33,merged_z_p0p016_dedup_filtered,123,-0.0008729984983801842,0.0008390358416363597,-0.0017120343400165439,0.0017120343400165439,2.931061581395883e-06
33,merged_z_p0p016_dedup_filtered,124,0.001294266781769693,0.0009618177427910268,0.00033244903897866607,0.00033244903897866607,1.1052236351783863e-07
33,merged_z_p0p016_dedup_filtered,125,0.0031405240297317505,0.0010490822605788708,0.0020914417691528797,0.0020914417691528797,4.374128673757327e-06
33,merged_z_p0p016_dedup_filtered,126,0.0033315171021968126,0.008962971158325672,-0.0056314540561288595,0.0056314540561288595,3.1713274786290184e-05
33,merged_z_p0p016_dedup_filtered,127,0.0027848028112202883,0.0011778248008340597,0.0016069780103862286,0.0016069780103862286,2.5823783258648817e-06
34,merged_z_p0p018_dedup_filtered,0,-0.010680217295885086,-0.001447714283131063,-0.009232503012754023,0.009232503012754023,8.523911188051211e-05
34,merged_z_p0p018_dedup_filtered,1,-0.009103025309741497,-0.001375006278976798,-0.007728019030764699,0.007728019030764699,5.972227813986136e-05
34,merged_z_p0p018_dedup_filtered,2,-0.006706296931952238,-0.0013246310409158468,-0.005381665891036391,0.005381665891036391,2.8962327762744515e-05
34,merged_z_p0p018_dedup_filtered,3,-0.01107262447476387,-0.0008837009663693607,-0.01018892350839451,0.01018892350839451,0.00010381416225991428
34,merged_z_p0p018_dedup_filtered,4,-0.006572488695383072,-0.0008428021101281047,-0.005729686585254967,0.005729686585254967,3.282930836525073e-05
34,merged_z_p0p018_dedup_filtered,5,-0.0038296408019959927,-0.001263270853087306,-0.0025663699489086866,0.0025663699489086866,6.586254714661575e-06
34,merged_z_p0p018_dedup_filtered,6,-0.0008417627541348338,-0.0012019394198432565,0.00036017666570842266,0.00036017666570842266,1.2972723052083685e-07
34,merged_z_p0p018_dedup_filtered,7,-0.001961427042260766,-0.0008019231609068811,-0.001159503881353885,0.001159503881353885,1.344449250874724e-06
34,merged_z_p0p018_dedup_filtered,8,0.002168028149753809,-0.0007610530010424554,0.0029290811507962644,0.0029290811507962644,8.579516387949969e-06
34,merged_z_p0p018_dedup_filtered,9,0.0018949515651911497,-0.0011406324338167906,0.0030355839990079403,0.0030355839990079403,9.214770215033039e-06
34,merged_z_p0p018_dedup_filtered,10,0.004085898399353027,-0.0010793345281854272,0.0051652329275384545,0.0051652329275384545,2.6679631195727473e-05
34,merged_z_p0p018_dedup_filtered,11,0.00534779392182827,-0.0007201872649602592,0.006067981186788529,0.006067981186788529,3.6820395683219523e-05
34,merged_z_p0p018_dedup_filtered,12,0.00730346143245697,-0.0006793235661461949,0.007982784998603165,0.007982784998603165,6.372485633392374e-05
34,merged_z_p0p018_dedup_filtered,13,0.005545437335968018,-0.0010180397657677531,0.006563477101735771,0.006563477101735771,4.307923166500979e-05
34,merged_z_p0p018_dedup_filtered,14,0.006216109264642,-0.0009567463421262801,0.00717285560676828,0.00717285560676828,5.144985755554715e-05
34,merged_z_p0p018_dedup_filtered,15,0.007983763702213764,-0.000638460973277688,0.008622224675491452,0.008622224675491452,7.434275835465368e-05
34,merged_z_p0p018_dedup_filtered,16,0.007546560373157263,-0.0005975988460704684,0.008144159219227731,0.008144159219227731,6.632732938813205e-05
34,merged_z_p0p018_dedup_filtered,17,0.006783309392631054,0.005601419135928154,0.0011818902567029,0.0011818902567029,1.3968645788892467e-06
34,merged_z_p0p018_dedup_filtered,18,0.00012622494250535965,-4.381816864906796e-08,0.00012626876067400872,0.00012626876067400872,1.594379992215009e-08
34,merged_z_p0p018_dedup_filtered,19,0.0006198814371600747,-3.940547443903597e-08,0.0006199208426345137,0.0006199208426345137,3.8430185113268555e-07
34,merged_z_p0p018_dedup_filtered,20,0.000903014384675771,-3.528859693346931e-08,0.0009030496732727045,0.0009030496732727045,8.154987123979383e-07
34,merged_z_p0p018_dedup_filtered,21,0.001018532901071012,-3.133590809056841e-08,0.0010185642369791026,0.0010185642369791026,1.0374731048528214e-06
34,merged_z_p0p018_dedup_filtered,22,0.0010154950432479382,-2.7436634297828277e-08,0.001015522479882236,0.001015522479882236,1.0312859071461663e-06
34,merged_z_p0p018_dedup_filtered,23,0.0009412650251761079,-2.3607100274603e-08,0.0009412886322763825,0.0009412886322763825,8.860242892527429e-07
34,merged_z_p0p018_dedup_filtered,24,0.0008359651546925306,-1.99208045614796e-08,0.0008359850754970921,0.0008359850754970921,6.988710464538788e-07
34,merged_z_p0p018_dedup_filtered,25,0.0007297333795577288,-1.6569588368042787e-08,0.0007297499491460968,0.0007297499491460968,5.325349882787309e-07
34,merged_z_p0p018_dedup_filtered,26,0.0006425908068194985,-1.3542215349104936e-08,0.0006426043490348476,0.0006426043490348476,4.129403493985003e-07
34,merged_z_p0p018_dedup_filtered,27,0.0005861457902938128,-1.0667145389220423e-08,0.000586156457439202,0.000586156457439202,3.43579392597675e-07
34,merged_z_p0p018_dedup_filtered,28,0.000566019443795085,-7.969680915209665e-09,0.0005660274134760002,0.0005660274134760002,3.2038703280633085e-07
34,merged_z_p0p018_dedup_filtered,29,0.00518283573910594,9.47217849898152e-05,0.005088113954116125,0.005088113954116125,2.5888903610071225e-05
34,merged_z_p0p018_dedup_filtered,30,0.013222352601587772,0.00021143874619156122,0.013010913855396211,0.013010913855396211,0.00016928387935254109
34,merged_z_p0p018_dedup_filtered,31,0.012304442003369331,0.00025207229191437364,0.012052369711454958,0.012052369711454958,0.00014525961566159686
34,merged_z_p0p018_dedup_filtered,32,0.015959786251187325,0.00037894511478953063,0.015580841136397794,0.015580841136397794,0.0002427626105176657
34,merged_z_p0p018_dedup_filtered,33,0.012921974062919617,0.000365282321581617,0.012556691741338,0.012556691741338,0.00015767050748698592
34,merged_z_p0p018_dedup_filtered,34,0.010590099729597569,0.0004891888820566237,0.010100910847540945,0.010100910847540945,0.00010202839994997032
34,merged_z_p0p018_dedup_filtered,35,0.008389530703425407,0.0003336321096867323,0.008055898593738675,0.008055898593738675,6.489750215260076e-05
34,merged_z_p0p018_dedup_filtered,36,0.005856032948940992,0.00037446481292136014,0.005481568136019632,0.005481568136019632,3.0047589229825744e-05
34,merged_z_p0p018_dedup_filtered,37,0.0033065159805119038,0.0004153090703766793,0.0028912069101352245,0.0028912069101352245,8.359077397213671e-06
34,merged_z_p0p018_dedup_filtered,38,0.0030626547522842884,0.0006241575465537608,0.0024384972057305276,0.0024384972057305276,5.946268622355591e-06
34,merged_z_p0p018_dedup_filtered,39,0.0010017999447882175,0.0004561584210023284,0.0005456415237858891,0.0005456415237858891,2.9772467247938703e-07
34,merged_z_p0p018_dedup_filtered,40,-0.0008518276736140251,0.0004970102454535663,-0.0013488379190675914,0.0013488379190675914,1.8193637319145903e-06
34,merged_z_p0p018_dedup_filtered,41,-0.0021258541382849216,0.0005378634086810052,-0.002663717546965927,0.002663717546965927,7.095391170014175e-06
34,merged_z_p0p018_dedup_filtered,42,-0.0027786034625023603,0.0005787170375697315,-0.003357320500072092,0.003357320500072092,1.127160094020432e-05
34,merged_z_p0p018_dedup_filtered,43,-0.002849736250936985,0.0006195716559886932,-0.0034693079069256783,0.0034693079069256783,1.203609735305703e-05
34,merged_z_p0p018_dedup_filtered,44,-0.0024426477029919624,0.0006604263326153159,-0.0031030740356072783,0.0031030740356072783,9.62906847046004e-06
34,merged_z_p0p018_dedup_filtered,45,-0.0016992364544421434,0.0007012812420725822,-0.0024005176965147257,0.0024005176965147257,5.762485211280365e-06
34,merged_z_p0p018_dedup_filtered,46,-0.0007726026233285666,0.0007421369664371014,-0.001514739589765668,0.001514739589765668,2.294436024803464e-06
34,merged_z_p0p018_dedup_filtered,47,0.00019695211085490882,0.0007829946698620915,-0.0005860425590071827,0.0005860425590071827,3.4344588096768724e-07
34,merged_z_p0p018_dedup_filtered,48,0.001098515815101564,0.0008238583686761558,0.0002746574464254081,0.0002746574464254081,7.543671287692593e-08
34,merged_z_p0p018_dedup_filtered,49,0.0018577005248516798,0.0008647360373288393,0.0009929644875228405,0.0009929644875228405,9.859784734814973e-07
34,merged_z_p0p018_dedup_filtered,50,0.0024346034042537212,0.0009056436247192323,0.001528959779534489,0.001528959779534489,2.337718007434153e-06
34,merged_z_p0p018_dedup_filtered,51,0.002814994193613529,0.0009466128540225327,0.0018683813395909965,0.0018683813395909965,3.4908488301318466e-06
34,merged_z_p0p018_dedup_filtered,52,0.002998488023877144,0.0009877001866698265,0.0020107878372073174,0.0020107878372073174,4.043267726260881e-06
34,merged_z_p0p018_dedup_filtered,53,-0.0022906893864274025,0.0014846447156742215,-0.003775334102101624,0.003775334102101624,1.4253147582491476e-05
34,merged_z_p0p018_dedup_filtered,54,-0.0010293748928233981,0.0013856397708877921,-0.0024150146637111902,0.0024150146637111902,5.832295825940073e-06
34,merged_z_p0p018_dedup_filtered,55,0.002872789278626442,0.00046105115325190127,0.0024117381253745407,0.0024117381253745407,5.816480785385104e-06
34,merged_z_p0p018_dedup_filtered,56,0.004234777297824621,0.0004815375432372093,0.003753239754587412,0.003753239754587412,1.4086808655415376e-05
34,merged_z_p0p018_dedup_filtered,57,0.004741996061056852,0.0005020664539188147,0.004239929607138038,0.004239929607138038,1.7977003073485715e-05
34,merged_z_p0p018_dedup_filtered,58,-0.009936828166246414,-8.765365322460639e-08,-0.00993674051259319,0.00993674051259319,9.873881201461076e-05
34,merged_z_p0p018_dedup_filtered,59,-0.009519442915916443,-8.278884422452393e-08,-0.009519360127072218,0.009519360127072218,9.06182172288924e-05
34,merged_z_p0p018_dedup_filtered,60,-0.008710525929927826,-7.802069035278691e-08,-0.008710447909237473,0.008710447909237473,7.587190277953947e-05
34,merged_z_p0p018_dedup_filtered,61,-0.0075883036479353905,-7.334247698054241e-08,-0.00758823030545841,0.00758823030545841,5.758123916867743e-05
34,merged_z_p0p018_dedup_filtered,62,-0.006257226224988699,-6.88823433847574e-08,-0.006257157342645314,0.006257157342645314,3.915201801062017e-05
34,merged_z_p0p018_dedup_filtered,63,-0.004834017250686884,-6.451631406889646e-08,-0.004833952734372815,0.004833952734372815,2.3367099038150414e-05
34,merged_z_p0p018_dedup_filtered,64,-0.0034328338224440813,-6.008493613762766e-08,-0.0034327737375079437,0.0034327737375079437,1.1783935532924257e-05
34,merged_z_p0p018_dedup_filtered,65,-0.002151892986148596,-5.5533046605660275e-08,-0.00215183745310199,0.00215183745310199,4.630404424572459e-06
34,merged_z_p0p018_dedup_filtered,66,-0.0010635515209287405,-5.0840792908957155e-08,-0.0010635006801358315,0.0010635006801358315,1.1310336966493762e-06
34,merged_z_p0p018_dedup_filtered,67,0.007043124176561832,-0.0003287561412435025,0.007371880317805335,0.007371880317805335,5.4344619420045685e-05
34,merged_z_p0p018_dedup_filtered,68,0.005558343604207039,-0.0003491897659841925,0.005907533370191231,0.005907533370191231,3.489895051992297e-05
34,merged_z_p0p018_dedup_filtered,69,0.0026053651235997677,-0.00036962368176318705,0.0029749888053629547,0.0029749888053629547,8.8505583920349e-06
34,merged_z_p0p018_dedup_filtered,70,-0.001642504706978798,-0.00039005829603411257,-0.0012524464109446853,0.0012524464109446853,1.5686220122882236e-06
34,merged_z_p0p018_dedup_filtered,71,-0.006761001423001289,-0.00041049456922337413,-0.006350506853777915,0.006350506853777915,4.032893729988027e-05
34,merged_z_p0p018_dedup_filtered,72,-0.012131258845329285,-0.00043093538261018693,-0.011700323462719098,0.011700323462719098,0.00013689756913225502
34,merged_z_p0p018_dedup_filtered,73,-0.017037436366081238,-0.00045138722634874284,-0.016586049139732495,0.016586049139732495,0.00027509702606562104
34,merged_z_p0p018_dedup_filtered,74,-0.02078767865896225,-0.000471863808343187,-0.020315814850619063,0.020315814850619063,0.00041273233304463404
34,merged_z_p0p018_dedup_filtered,75,-0.022835329174995422,-0.0004923840169794858,-0.022342945158015937,0.022342945158015937,0.0004992071983341078
34,merged_z_p0p018_dedup_filtered,76,-0.017986198887228966,-0.0009862297447398305,-0.016999969142489135,0.016999969142489135,0.00028899895084558277
34,merged_z_p0p018_dedup_filtered,77,-0.01627715677022934,-0.0009451392688788474,-0.015332017501350492,0.015332017501350492,0.0002350707606617178
34,merged_z_p0p018_dedup_filtered,78,0.0008843843825161457,0.0004405994259286672,0.0004437849565874785,0.0004437849565874785,1.969450876933502e-07
34,merged_z_p0p018_dedup_filtered,79,-0.0014009512960910797,0.0004201637639198452,-0.001821115060010925,0.001821115060010925,3.3164600617985947e-06
34,merged_z_p0p018_dedup_filtered,80,-0.0036120328586548567,0.0003997348539996892,-0.004011767712654546,0.004011767712654546,1.6094280180297486e-05
34,merged_z_p0p018_dedup_filtered,81,-0.005401445087045431,0.00037930873804725707,-0.005780753825092688,0.005780753825092688,3.3417114786323745e-05
34,merged_z_p0p018_dedup_filtered,82,-0.006504367105662823,0.00035888361162506044,-0.006863250717287883,0.006863250717287883,4.710421040835264e-05
34,merged_z_p0p018_dedup_filtered,83,-0.006779664661735296,0.0003384589799679816,-0.007118123641703278,0.007118123641703278,5.066768417857513e-05
34,merged_z_p0p018_dedup_filtered,84,-0.006226039491593838,0.0003180345520377159,-0.006544074043631554,0.006544074043631554,4.2824905088532234e-05
34,merged_z_p0p018_dedup_filtered,85,-0.00497125880792737,0.00029760986217297614,-0.005268868670100346,0.005268868670100346,2.776097706276499e-05
34,merged_z_p0p018_dedup_filtered,86,-0.0032380232587456703,0.00027718511410057545,-0.0035152083728462458,0.0035152083728462458,1.235668990452835e-05
34,merged_z_p0p018_dedup_filtered,87,-0.001294686459004879,0.00025676030782051384,-0.0015514467668253928,0.0015514467668253928,2.406987070292965e-06
34,merged_z_p0p018_dedup_filtered,88,0.0005982357542961836,0.00023633554519619793,0.00036190020909998566,0.00036190020909998566,1.3097176134661334e-07
34,merged_z_p0p018_dedup_filtered,89,0.002234444487839937,0.0002159112336812541,0.002018533254158683,0.002018533254158683,4.074476498144443e-06
34,merged_z_p0p018_dedup_filtered,90,0.0034918971359729767,0.0001954879699042067,0.00329640916606877,0.00329640916606877,1.0866313390142203e-05
34,merged_z_p0p018_dedup_filtered,91,0.004341284744441509,0.0001750672236084938,0.0041662175208330154,0.0041662175208330154,1.7357368430895997e-05
34,merged_z_p0p018_dedup_filtered,92,0.0048327576369047165,0.0001546525745652616,0.004678105062339455,0.004678105062339455,2.1884666974286035e-05
34,merged_z_p0p018_dedup_filtered,93,0.0050656297244131565,0.00013425250654108822,0.004931377217872068,0.004931377217872068,2.431848126494766e-05
34,merged_z_p0p018_dedup_filtered,94,-0.00019173650071024895,-0.0001346870994893834,-5.704940122086555e-05,5.704940122086555e-05,3.2546341796592954e-09
34,merged_z_p0p018_dedup_filtered,95,0.00013701478019356728,-0.00011431432358222082,0.0002513291037757881,0.0002513291037757881,6.316631840474086e-08
34,merged_z_p0p018_dedup_filtered,96,0.0005803066305816174,-0.00023012967722024769,0.000810436307801865,0.000810436307801865,6.568070090035193e-07
34,merged_z_p0p018_dedup_filtered,97,0.000630910973995924,-0.00034439569571986794,0.0009753066697157919,0.0009753066697157919,9.512230999921089e-07
34,merged_z_p0p018_dedup_filtered,98,0.0006782007403671741,-0.00040538940811529756,0.0010835901484824717,0.0010835901484824717,1.174167609888265e-06
34,merged_z_p0p018_dedup_filtered,99,0.00037691136822104454,-0.0002708356478251517,0.0006477470160461962,0.0006477470160461962,4.195761967967512e-07
34,merged_z_p0p018_dedup_filtered,100,0.00020129559561610222,-0.000311625306494534,0.0005129209021106362,0.0005129209021106362,2.630878518219889e-07
34,merged_z_p0p018_dedup_filtered,101,0.0008245788048952818,-0.00046654770267196,0.0012911265075672418,0.0012911265075672418,1.6670076585427829e-06
34,merged_z_p0p018_dedup_filtered,102,0.0011455591302365065,-0.0005277741001918912,0.0016733332304283977,0.0016733332304283977,2.800044100055937e-06
34,merged_z_p0p018_dedup_filtered,103,0.00024355598725378513,-0.0003524541389197111,0.0005960101261734962,0.0005960101261734962,3.552280705013469e-07
34,merged_z_p0p018_dedup_filtered,104,0.0006785199511796236,-0.00039330110303126276,0.0010718210542108864,0.0010718210542108864,1.1488003722497358e-06
34,merged_z_p0p018_dedup_filtered,105,0.0017018889775499701,-0.0005890292231924832,0.0022909182007424533,0.0022909182007424533,5.24830620249304e-06
34,merged_z_p0p018_dedup_filtered,106,0.0025090209674090147,-0.0006503114709630609,0.0031593324383720756,0.0031593324383720756,9.981381456150045e-06
34,merged_z_p0p018_dedup_filtered,107,0.0016030221013352275,-0.000434155750554055,0.0020371778518892825,0.0020371778518892825,4.150093600228231e-06
34,merged_z_p0p018_dedup_filtered,108,0.0004541628295555711,0.0021768396254628897,-0.0017226767959073186,0.0017226767959073186,2.9676153431575054e-06
34,merged_z_p0p018_dedup_filtered,109,-0.00041828793473541737,-0.000195943663129583,-0.00022234427160583436,0.00022234427160583436,4.943697511592904e-08
34,merged_z_p0p018_dedup_filtered,110,-0.000698489835485816,-0.00017551530618220568,-0.0005229745293036103,0.0005229745293036103,2.735023583003328e-07
34,merged_z_p0p018_dedup_filtered,111,-0.0005486328154802322,-0.0001550936867715791,-0.00039353912870865315,0.00039353912870865315,1.5487304582476587e-07
34,merged_z_p0p018_dedup_filtered,112,0.0006672469899058342,-0.00018960496527142823,0.0008568519551772624,0.0008568519551772624,7.341952730910973e-07
34,merged_z_p0p018_dedup_filtered,113,0.002987876068800688,-0.00047501467633992434,0.003462890745140612,0.003462890745140612,1.1991612312780504e-05
34,merged_z_p0p018_dedup_filtered,114,0.003514746204018593,-0.0007115888292901218,0.004226335033308715,0.004226335033308715,1.7861907813772574e-05
34,merged_z_p0p018_dedup_filtered,115,0.004591925069689751,-0.0007728756172582507,0.005364800686948001,0.005364800686948001,2.8781086410677748e-05
34,merged_z_p0p018_dedup_filtered,116,0.00465780682861805,-0.0005158754647709429,0.0051736822933889925,0.0051736822933889925,2.6766988472926786e-05
34,merged_z_p0p018_dedup_filtered,117,0.006306587252765894,-0.0005567368352785707,0.006863324088044465,0.006863324088044465,4.710521753753138e-05
34,merged_z_p0p018_dedup_filtered,118,0.00554985087364912,-0.0008341713109984994,0.00638402218464762,0.00638402218464762,4.075573925407297e-05
34,merged_z_p0p018_dedup_filtered,119,0.006163560785353184,-0.0008954599034041166,0.0070590206887573,0.0070590206887573,4.982977308430359e-05
34,merged_z_p0p018_dedup_filtered,120,0.00538804242387414,-0.00027767239953391254,0.005665714823408052,0.005665714823408052,3.210032446018574e-05
34,merged_z_p0p018_dedup_filtered,121,0.0035946161951869726,-0.00025723950238898396,0.0038518556975759566,0.0038518556975759566,1.4836792314948359e-05
34,merged_z_p0p018_dedup_filtered,122,-0.0010067317634820938,0.000771452090702951,-0.0017781838541850448,0.0017781838541850448,3.1619378192843805e-06
34,merged_z_p0p018_dedup_filtered,123,-0.0008708066307008266,0.0008390358416363597,-0.0017098424723371863,0.0017098424723371863,2.923561280208142e-06
34,merged_z_p0p018_dedup_filtered,124,0.0012964662164449692,0.0009618177427910268,0.00033464847365394235,0.00033464847365394235,1.1198960091891334e-07
34,merged_z_p0p018_dedup_filtered,125,0.0031428267247974873,0.0010490822605788708,0.0020937444642186165,0.0020937444642186165,4.383765881446101e-06
34,merged_z_p0p018_dedup_filtered,126,0.003334200941026211,0.010083342902362347,-0.006749141961336136,0.006749141961336136,4.555091721426818e-05
34,merged_z_p0p018_dedup_filtered,127,0.002788139507174492,0.0011778248008340597,0.0016103147063404322,0.0016103147063404322,2.5931134534562723e-06
35,merged_z_p0p020_dedup_filtered,0,-0.010673989541828632,-0.001447714283131063,-0.00922627525869757,0.00922627525869757,8.51241551492549e-05
35,merged_z_p0p020_dedup_filtered,1,-0.009097025729715824,-0.001375006278976798,-0.007722019450739026,0.007722019450739026,5.962958439759185e-05
35,merged_z_p0p020_dedup_filtered,2,-0.0067006731405854225,-0.0013246310409158468,-0.005376042099669576,0.005376042099669576,2.890182865741966e-05
35,merged_z_p0p020_dedup_filtered,3,-0.011066906154155731,-0.0008837009663693607,-0.01018320518778637,0.01018320518778637,0.00010369766789655925
35,merged_z_p0p020_dedup_filtered,4,-0.006567270494997501,-0.0008428021101281047,-0.005724468384869397,0.005724468384869397,3.276953828936924e-05
35,merged_z_p0p020_dedup_filtered,5,-0.0038245362229645252,-0.001263270853087306,-0.002561265369877219,0.002561265369877219,6.5600802949322885e-06
35,merged_z_p0p020_dedup_filtered,6,-0.0008373127784579992,-0.0012019394198432565,0.00036462664138525724,0.00036462664138525724,1.32952587607893e-07
35,merged_z_p0p020_dedup_filtered,7,-0.0019568579737097025,-0.0008019231609068811,-0.0011549348128028214,0.0011549348128028214,1.333874421823888e-06
35,merged_z_p0p020_dedup_filtered,8,0.0021718037314713,-0.0007610530010424554,0.0029328567325137556,0.0029328567325137556,8.601648613451263e-06
35,merged_z_p0p020_dedup_filtered,9,0.0018986209761351347,-0.0011406324338167906,0.0030392534099519253,0.0030392534099519253,9.237061289904406e-06
35,merged_z_p0p020_dedup_filtered,10,0.004088672809302807,-0.0010793345281854272,0.005168007337488234,0.005168007337488234,2.6708299840332226e-05
35,merged_z_p0p020_dedup_filtered,11,0.005350638180971146,-0.0007201872649602592,0.006070825445931405,0.006070825445931405,3.685492159496824e-05
35,merged_z_p0p020_dedup_filtered,12,0.007305256091058254,-0.0006793235661461949,0.00798457965720445,0.00798457965720445,6.375351230224312e-05
35,merged_z_p0p020_dedup_filtered,13,0.005547218956053257,-0.0010180397657677531,0.00656525872182101,0.00656525872182101,4.3102622084446843e-05
35,merged_z_p0p020_dedup_filtered,14,0.006216815207153559,-0.0009567463421262801,0.007173561549279839,0.007173561549279839,5.145998530130616e-05
35,merged_z_p0p020_dedup_filtered,15,0.007984411902725697,-0.000638460973277688,0.008622872876003385,0.008622872876003385,7.435393663571488e-05
35,merged_z_p0p020_dedup_filtered,16,0.00754599878564477,-0.0005975988460704684,0.008143597631715238,0.008143597631715238,6.631818238727803e-05
35,merged_z_p0p020_dedup_filtered,17,0.006783000193536282,0.006223797798156738,0.0005592023953795433,0.0005592023953795433,3.127073189982191e-07
35,merged_z_p0p020_dedup_filtered,18,0.00012722634710371494,-4.381816864906796e-08,0.000127270165272364,0.000127270165272364,1.619769496845485e-08
35,merged_z_p0p020_dedup_filtered,19,0.0006197136826813221,-3.940547443903597e-08,0.0006197530881557611,0.0006197530881557611,3.840938902786026e-07
35,merged_z_p0p020_dedup_filtered,20,0.0009016164112836123,-3.528859693346931e-08,0.0009016516998805457,0.0009016516998805457,8.129757878974777e-07
35,merged_z_p0p020_dedup_filtered,21,0.0010158828226849437,-3.133590809056841e-08,0.0010159141585930342,0.0010159141585930342,1.0320815776297927e-06
35,merged_z_p0p020_dedup_filtered,22,0.0010116167832165956,-2.7436634297828277e-08,0.0010116442198508935,0.0010116442198508935,1.023424027557723e-06
35,merged_z_p0p020_dedup_filtered,23,0.000936231401283294,-2.3607100274603e-08,0.0009362550083835686,0.0009362550083835686,8.765734407233161e-07
35,merged_z_p0p020_dedup_filtered,24,0.0008298989851027727,-1.99208045614796e-08,0.0008299189059073342,0.0008299189059073342,6.887653903824266e-07
35,merged_z_p0p020_dedup_filtered,25,0.0007228046888485551,-1.6569588368042787e-08,0.0007228212584369231,0.0007228212584369231,5.224705716483372e-07
35,merged_z_p0p020_dedup_filtered,26,0.0006350110052153468,-1.3542215349104936e-08,0.0006350245474306959,0.0006350245474306959,4.032561758395602e-07
35,merged_z_p0p020_dedup_filtered,27,0.0005781580694019794,-1.0667145389220423e-08,0.0005781687365473687,0.0005781687365473687,3.342790879207806e-07
35,merged_z_p0p020_dedup_filtered,28,0.0005578880663961172,-7.969680915209665e-09,0.0005578960360770324,0.0005578960360770324,3.1124798707046545e-07
35,merged_z_p0p020_dedup_filtered,29,0.005174758844077587,9.47217849898152e-05,0.005080037059087772,0.005080037059087772,2.580677652170514e-05
35,merged_z_p0p020_dedup_filtered,30,0.013214245438575745,0.00021143874619156122,0.013002806692384183,0.013002806692384183,0.0001690729818795109
35,merged_z_p0p020_dedup_filtered,31,0.012296990491449833,0.00025207229191437364,0.01204491819953546,0.01204491819953546,0.00014508005443350053
35,merged_z_p0p020_dedup_filtered,32,0.015952326357364655,0.00037894511478953063,0.015573381242575124,0.015573381242575124,0.00024253020332659072
35,merged_z_p0p020_dedup_filtered,33,0.012915655970573425,0.00040586909744888544,0.01250978687312454,0.01250978687312454,0.00015649476761099904
35,merged_z_p0p020_dedup_filtered,34,0.010585267096757889,0.0004891888820566237,0.010096078214701265,0.010096078214701265,0.00010193079531736548
35,merged_z_p0p020_dedup_filtered,35,0.008384812623262405,0.0003336321096867323,0.008051180513575673,0.008051180513575673,6.482150766218064e-05
35,merged_z_p0p020_dedup_filtered,36,0.0058530233800411224,0.00037446481292136014,0.005478558567119762,0.005478558567119762,3.0014603973361342e-05
35,merged_z_p0p020_dedup_filtered,37,0.003305163700133562,0.0004153090703766793,0.002889854629756883,0.002889854629756883,8.35125978112729e-06
35,merged_z_p0p020_dedup_filtered,38,0.003061709925532341,0.0006241575465537608,0.0024375523789785802,0.0024375523789785802,5.941661600264136e-06
35,merged_z_p0p020_dedup_filtered,39,0.001001882366836071,0.0004561584210023284,0.0005457239458337426,0.0005457239458337426,2.9781462505634965e-07
35,merged_z_p0p020_dedup_filtered,40,-0.0008506453596055508,0.0004970102454535663,-0.001347655605059117,0.001347655605059117,1.816175629847255e-06
35,merged_z_p0p020_dedup_filtered,41,-0.0021239358466118574,0.0005378634086810052,-0.0026617992552928627,0.0026617992552928627,7.085175275477638e-06
35,merged_z_p0p020_dedup_filtered,42,-0.002776272362098098,0.0005787170375697315,-0.0033549893996678293,0.0033549893996678293,1.1255953871883501e-05
35,merged_z_p0p020_dedup_filtered,43,-0.0028472093399614096,0.0006195716559886932,-0.003466780995950103,0.003466780995950103,1.2018570473880787e-05
35,merged_z_p0p020_dedup_filtered,44,-0.0024400092661380768,0.0006604263326153159,-0.0031004355987533927,0.0031004355987533927,9.612700902017309e-06
35,merged_z_p0p020_dedup_filtered,45,-0.0016964392270892859,0.0007012812420725822,-0.002397720469161868,0.002397720469161868,5.749063448237809e-06
35,merged_z_p0p020_dedup_filtered,46,-0.0007695030653849244,0.0007421369664371014,-0.0015116400318220258,0.0015116400318220258,2.285055585806895e-06
35,merged_z_p0p020_dedup_filtered,47,0.0002005392307182774,0.0007829946698620915,-0.0005824554391438141,0.0005824554391438141,3.392543385882134e-07
35,merged_z_p0p020_dedup_filtered,48,0.0011027537984773517,0.0008238583686761558,0.00027889542980119586,0.00027889542980119586,7.778266076399377e-08
35,merged_z_p0p020_dedup_filtered,49,0.0018626735545694828,0.0008647360373288393,0.0009979375172406435,0.0009979375172406435,9.958792883164196e-07
35,merged_z_p0p020_dedup_filtered,50,0.002440280746668577,0.0009056436247192323,0.0015346371219493449,0.0015346371219493449,2.3551110960649684e-06
35,merged_z_p0p020_dedup_filtered,51,0.002821221947669983,0.0009466128540225327,0.0018746090936474502,0.0018746090936474502,3.5141592539857147e-06
35,merged_z_p0p020_dedup_filtered,52,0.0030050096102058887,0.0009877001866698265,0.0020173094235360622,0.0020173094235360622,4.0695373102874e-06
35,merged_z_p0p020_dedup_filtered,53,-0.002284054411575198,0.0014846447156742215,-0.0037686991272494197,0.0037686991272494197,1.4203093111730538e-05
35,merged_z_p0p020_dedup_filtered,54,-0.0010234680958092213,0.0013856397708877921,-0.0024091078666970134,0.0024091078666970134,5.803800713381435e-06
35,merged_z_p0p020_dedup_filtered,55,0.0028788314666599035,0.00046105115325190127,0.0024177803134080023,0.0024177803134080023,5.845661643903298e-06
35,merged_z_p0p020_dedup_filtered,56,0.004241063259541988,0.0004815375432372093,0.003759525716304779,0.003759525716304779,1.4134033611556962e-05
35,merged_z_p0p020_dedup_filtered,57,0.004748372361063957,0.0005020664539188147,0.0042463059071451426,0.0042463059071451426,1.8031113857055732e-05
35,merged_z_p0p020_dedup_filtered,58,-0.009930490516126156,-8.765365322460639e-08,-0.009930402862472931,0.009930402862472931,9.861290101101059e-05
35,merged_z_p0p020_dedup_filtered,59,-0.009513191878795624,-8.278884422452393e-08,-0.0095131090899514,0.0095131090899514,9.049924455731594e-05
35,merged_z_p0p020_dedup_filtered,60,-0.008704455569386482,-7.802069035278691e-08,-0.00870437754869613,0.00870437754869613,7.576618851024523e-05
35,merged_z_p0p020_dedup_filtered,61,-0.007582514546811581,-7.334247698054241e-08,-0.0075824412043346,0.0075824412043346,5.749341461719114e-05
35,merged_z_p0p020_dedup_filtered,62,-0.006251828279346228,-6.88823433847574e-08,-0.006251759397002843,0.006251759397002843,3.908449555801335e-05
35,merged_z_p0p020_dedup_filtered,63,-0.004829130135476589,-6.451631406889646e-08,-0.00482906561916252,0.00482906561916252,2.3319874754177495e-05
35,merged_z_p0p020_dedup_filtered,64,-0.003428585361689329,-6.008493613762766e-08,-0.0034285252767531915,0.0034285252767531915,1.1754785573335548e-05
35,merged_z_p0p020_dedup_filtered,65,-0.0021484156604856253,-5.5533046605660275e-08,-0.0021483601274390196,0.0021483601274390196,4.615451237169801e-06
35,merged_z_p0p020_dedup_filtered,66,-0.0010609752498567104,-5.0840792908957155e-08,-0.0010609244090638015,0.0010609244090638015,1.1255606017473763e-06
35,merged_z_p0p020_dedup_filtered,67,0.007044671569019556,-0.0003287561412435025,0.0073734277102630585,0.0073734277102630585,5.436743619847513e-05
35,merged_z_p0p020_dedup_filtered,68,0.005561028141528368,-0.0003491897659841925,0.0059102179075125605,0.0059102179075125605,3.493067571428215e-05
35,merged_z_p0p020_dedup_filtered,69,0.0026090461760759354,-0.00036962368176318705,0.0029786698578391224,0.0029786698578391224,8.872474121999337e-06
35,merged_z_p0p020_dedup_filtered,70,-0.0016379891894757748,-0.00039005829603411257,-0.0012479308934416622,0.0012479308934416622,1.5573315148061052e-06
35,merged_z_p0p020_dedup_filtered,71,-0.0067558190785348415,-0.00041049456922337413,-0.006345324509311467,0.006345324509311467,4.026314312846881e-05
35,merged_z_p0p020_dedup_filtered,72,-0.012125574052333832,-0.00043093538261018693,-0.011694638669723645,0.011694638669723645,0.00013676457361539563
35,merged_z_p0p020_dedup_filtered,73,-0.017031393945217133,-0.00045138722634874284,-0.01658000671886839,0.01658000671886839,0.00027489662279772095
35,merged_z_p0p020_dedup_filtered,74,-0.020781416445970535,-0.000471863808343187,-0.02030955263762735,0.02030955263762735,0.000412477928340556
35,merged_z_p0p020_dedup_filtered,75,-0.022828958928585052,-0.0004923840169794858,-0.022336574911605567,0.022336574911605567,0.0004989225787817673
35,merged_z_p0p020_dedup_filtered,76,-0.01797986775636673,-0.0009862297447398305,-0.0169936380116269,0.0169936380116269,0.0002887837328702106
35,merged_z_p0p020_dedup_filtered,77,-0.016270965337753296,-0.0009451392688788474,-0.015325826068874449,0.015325826068874449,0.00023488094469339163
35,merged_z_p0p020_dedup_filtered,78,0.0008900605607777834,0.0004405994259286672,0.0004494611348491162,0.0004494611348491162,2.0201531173985542e-07
35,merged_z_p0p020_dedup_filtered,79,-0.0013957185437902808,0.0004201637639198452,-0.001815882307710126,0.001815882307710126,3.297428555454653e-06
35,merged_z_p0p020_dedup_filtered,80,-0.0036072763614356518,0.0003997348539996892,-0.004007011215435341,0.004007011215435341,1.6056138880624608e-05
35,merged_z_p0p020_dedup_filtered,81,-0.00539716612547636,0.00037930873804725707,-0.005776474863523617,0.005776474863523617,3.336766184892019e-05
35,merged_z_p0p020_dedup_filtered,82,-0.006500557530671358,0.00035888361162506044,-0.0068594411422964185,0.0068594411422964185,4.7051932784628794e-05
35,merged_z_p0p020_dedup_filtered,83,-0.006776331923902035,0.0003384589799679816,-0.007114790903870016,0.007114790903870016,5.062024960579152e-05
35,merged_z_p0p020_dedup_filtered,84,-0.006223229691386223,0.0003180345520377159,-0.006541264243423939,0.006541264243423939,4.2788137902296554e-05
35,merged_z_p0p020_dedup_filtered,85,-0.004969071596860886,0.00029760986217297614,-0.005266681459033862,0.005266681459033862,2.7737933590931046e-05
35,merged_z_p0p020_dedup_filtered,86,-0.0032366097439080477,0.00027718511410057545,-0.003513794858008623,0.003513794858008623,1.234675430416784e-05
35,merged_z_p0p020_dedup_filtered,87,-0.0012942369794473052,0.00025676030782051384,-0.001550997287267819,0.001550997287267819,2.4055925851121336e-06
35,merged_z_p0p020_dedup_filtered,88,0.0005975223029963672,0.00023633554519619793,0.0003611867578001693,0.0003611867578001693,1.3045587401019815e-07
35,merged_z_p0p020_dedup_filtered,89,0.0022324002347886562,0.0002159112336812541,0.002016489001107402,0.002016489001107402,4.066227891587128e-06
35,merged_z_p0p020_dedup_filtered,90,0.003488424699753523,0.0001954879699042067,0.003292936729849316,0.003292936729849316,1.0843432306790708e-05
35,merged_z_p0p020_dedup_filtered,91,0.0043363915756344795,0.0001750672236084938,0.004161324352025986,0.004161324352025986,1.731662036276449e-05
35,merged_z_p0p020_dedup_filtered,92,0.0048265764489769936,0.0001546525745652616,0.004671923874411732,0.004671923874411732,2.182687268829833e-05
35,merged_z_p0p020_dedup_filtered,93,0.005058422684669495,0.00013425250654108822,0.004924170178128406,0.004924170178128406,2.424745194316914e-05
35,merged_z_p0p020_dedup_filtered,94,-0.00019975705072283745,-0.0001346870994893834,-6.506995123345405e-05,6.506995123345405e-05,4.234098553524088e-09
35,merged_z_p0p020_dedup_filtered,95,0.00012873951345682144,-0.00011431432358222082,0.00024305383703904226,0.00024305383703904226,5.907516769940131e-08
35,merged_z_p0p020_dedup_filtered,96,0.0005718390457332134,-0.00023012967722024769,0.0008019687229534611,0.0008019687229534611,6.431538325956053e-07
35,merged_z_p0p020_dedup_filtered,97,0.0006223800592124462,-0.00034439569571986794,0.0009667757549323142,0.0009667757549323142,9.34655360324946e-07
35,merged_z_p0p020_dedup_filtered,98,0.0006700013764202595,-0.00040538940811529756,0.001075390784535557,0.001075390784535557,1.1564653394640008e-06
35,merged_z_p0p020_dedup_filtered,99,0.0003687324933707714,-0.0002708356478251517,0.0006395681411959231,0.0006395681411959231,4.090474072328082e-07
35,merged_z_p0p020_dedup_filtered,100,0.00019359169527888298,-0.000311625306494534,0.000505217001773417,0.000505217001773417,2.5524421888092083e-07
35,merged_z_p0p020_dedup_filtered,101,0.0008169189095497131,-0.00046654770267196,0.0012834666122216731,0.0012834666122216731,1.6472865446877787e-06
35,merged_z_p0p020_dedup_filtered,102,0.001138624269515276,-0.0005277741001918912,0.0016663983697071671,0.0016663983697071671,2.7768835265627045e-06
35,merged_z_p0p020_dedup_filtered,103,0.00023650424554944038,-0.0003524541389197111,0.0005889583844691515,0.0005889583844691515,3.4687197863651287e-07
35,merged_z_p0p020_dedup_filtered,104,0.0006722854450345039,-0.00039330110303126276,0.0010655865480657667,0.0010655865480657667,1.1354746914187165e-06
35,merged_z_p0p020_dedup_filtered,105,0.0016958370106294751,-0.0005890292231924832,0.0022848662338219583,0.0022848662338219583,5.22061370645974e-06
35,merged_z_p0p020_dedup_filtered,106,0.002503977855667472,-0.0006503114709630609,0.0031542893266305327,0.0031542893266305327,9.9495411560953e-06
35,merged_z_p0p020_dedup_filtered,107,0.001597750000655651,-0.000434155750554055,0.002031905751209706,0.002031905751209706,4.12864098179908e-06
35,merged_z_p0p020_dedup_filtered,108,0.00044893985614180565,0.002418709918856621,-0.001969770062714815,0.001969770062714815,3.879994099967527e-06
35,merged_z_p0p020_dedup_filtered,109,-0.00042448751628398895,-0.000195943663129583,-0.00022854385315440595,0.00022854385315440595,5.223229281466267e-08
35,merged_z_p0p020_dedup_filtered,110,-0.0007054740563035011,-0.00017551530618220568,-0.0005299587501212955,0.0005299587501212955,2.8085627683012567e-07
35,merged_z_p0p020_dedup_filtered,111,-0.0005562249571084976,-0.0001550936867715791,-0.00040113127033691853,0.00040113127033691853,1.6090629604211002e-07
35,merged_z_p0p020_dedup_filtered,112,0.0006586811505258083,-0.00018960496527142823,0.0008482861157972366,0.0008482861157972366,7.195893342543626e-07
35,merged_z_p0p020_dedup_filtered,113,0.0029836860485374928,-0.00047501467633992434,0.003458700724877417,0.003458700724877417,1.196261070426757e-05
35,merged_z_p0p020_dedup_filtered,114,0.003510804381221533,-0.0007115888292901218,0.004222393210511655,0.004222393210511655,1.7828604424174918e-05
35,merged_z_p0p020_dedup_filtered,115,0.00458914041519165,-0.0007728756172582507,0.005362016032449901,0.005362016032449901,2.875121593224978e-05
35,merged_z_p0p020_dedup_filtered,116,0.0046547879464924335,-0.0005158754647709429,0.0051706634112633765,0.0051706634112633765,2.6735760112577817e-05
35,merged_z_p0p020_dedup_filtered,117,0.006304791197180748,-0.0005567368352785707,0.006861528032459319,0.006861528032459319,4.708056694022505e-05
35,merged_z_p0p020_dedup_filtered,118,0.0055482471361756325,-0.0008341713109984994,0.006382418447174132,0.006382418447174132,4.073526523482866e-05
35,merged_z_p0p020_dedup_filtered,119,0.006163129583001137,-0.0008954599034041166,0.007058589486405253,0.007058589486405253,4.982368553759078e-05
35,merged_z_p0p020_dedup_filtered,120,0.005386396311223507,-0.00027767239953391254,0.0056640687107574195,0.0056640687107574195,3.2081674360181215e-05
35,merged_z_p0p020_dedup_filtered,121,0.003591682994738221,-0.00025723950238898396,0.003848922497127205,0.003848922497127205,1.481420438889192e-05
35,merged_z_p0p020_dedup_filtered,122,-0.001004976686090231,0.000771452090702951,-0.001776428776793182,0.001776428776793182,3.1556991990189205e-06
35,merged_z_p0p020_dedup_filtered,123,-0.0008686170913279057,0.0008390358416363597,-0.0017076529329642653,0.0017076529329642653,2.9160785394614577e-06
35,merged_z_p0p020_dedup_filtered,124,0.0012986712390556931,0.0009618177427910268,0.0003368534962646663,0.0003368534962646663,1.1347027794572957e-07
35,merged_z_p0p020_dedup_filtered,125,0.0031451405957341194,0.0010490822605788708,0.0020960583351552486,0.0020960583351552486,4.393460544373793e-06
35,merged_z_p0p020_dedup_filtered,126,0.0033368978183716536,0.011203712783753872,-0.007866814965382218,0.007866814965382218,6.188677769956163e-05
35,merged_z_p0p020_dedup_filtered,127,0.002791490638628602,0.0011778248008340597,0.0016136658377945423,0.0016136658377945423,2.603917436065162e-06
36,merged_z_p0p022_dedup_filtered,0,-0.010667776688933372,-0.001447714283131063,-0.00922006240580231,0.00922006240580231,8.500955076688907e-05
36,merged_z_p0p022_dedup_filtered,1,-0.009091038256883621,-0.001375006278976798,-0.007716031977906823,0.007716031977906823,5.953714948408068e-05
36,merged_z_p0p022_dedup_filtered,2,-0.006695062853395939,-0.0013246310409158468,-0.005370431812480092,0.005370431812480092,2.8841537852498207e-05
36,merged_z_p0p022_dedup_filtered,3,-0.011061195284128189,-0.0008837009663693607,-0.010177494317758828,0.010177494317758828,0.00010358139058801324
36,merged_z_p0p022_dedup_filtered,4,-0.006562058813869953,-0.0008428021101281047,-0.0057192567037418485,0.0057192567037418485,3.2709897243296074e-05
36,merged_z_p0p022_dedup_filtered,5,-0.003819444216787815,-0.001263270853087306,-0.002556173363700509,0.002556173363700509,6.534022265291975e-06
36,merged_z_p0p022_dedup_filtered,6,-0.00083287397865206,-0.0012019394198432565,0.00036906544119119644,0.00036906544119119644,1.3620929988165248e-07
36,merged_z_p0p022_dedup_filtered,7,-0.0019522947259247303,-0.0008019231609068811,-0.0011503715650178492,0.0011503715650178492,1.3233547376016157e-06
36,merged_z_p0p022_dedup_filtered,8,0.0021755723282694817,-0.0007610530010424554,0.002936625329311937,0.002936625329311937,8.623768324756443e-06
36,merged_z_p0p022_dedup_filtered,9,0.0019022810738533735,-0.0011406324338167906,0.003042913507670164,0.003042913507670164,9.259322615161542e-06
36,merged_z_p0p022_dedup_filtered,10,0.004091440234333277,-0.0010793345281854272,0.005170774762518704,0.005170774762518704,2.673691164470036e-05
36,merged_z_p0p022_dedup_filtered,11,0.005353477783501148,-0.0007201872649602592,0.006073665048461407,0.006073665048461407,3.688940712090171e-05
36,merged_z_p0p022_dedup_filtered,12,0.007307045627385378,-0.0006793235661461949,0.007986369193531573,0.007986369193531573,6.378209289539014e-05
36,merged_z_p0p022_dedup_filtered,13,0.005548994056880474,-0.0010180397657677531,0.006567033822648227,0.006567033822648227,4.312593322780579e-05
36,merged_z_p0p022_dedup_filtered,14,0.006217516027390957,-0.0009567463421262801,0.007174262369517237,0.007174262369517237,5.1470040546671076e-05
36,merged_z_p0p022_dedup_filtered,15,0.007985059171915054,-0.000638460973277688,0.008623520145192742,0.008623520145192742,7.436509969454506e-05
36,merged_z_p0p022_dedup_filtered,16,0.007545438129454851,-0.0005975988460704684,0.00814303697552532,0.00814303697552532,6.630905118477254e-05
36,merged_z_p0p022_dedup_filtered,17,0.006782691925764084,0.0068461778573691845,-6.348593160510063e-05,6.348593160510063e-05,4.030463511767515e-09
36,merged_z_p0p022_dedup_filtered,18,0.00012822821736335754,-4.381816864906796e-08,0.0001282720355320066,0.0001282720355320066,1.6453715099524368e-08
36,merged_z_p0p022_dedup_filtered,19,0.0006195472087711096,-3.940547443903597e-08,0.0006195866142455486,0.0006195866142455486,3.8388757255226226e-07
36,merged_z_p0p022_dedup_filtered,20,0.0009002217557281256,-3.528859693346931e-08,0.000900257044325059,0.000900257044325059,8.104627458568913e-07
36,merged_z_p0p022_dedup_filtered,21,0.0010132377501577139,-3.133590809056841e-08,0.0010132690860658045,0.0010132690860658045,1.0267142407766306e-06
36,merged_z_p0p022_dedup_filtered,22,0.0010077448096126318,-2.7436634297828277e-08,0.0010077722462469296,0.0010077722462469296,1.0156049003055822e-06
36,merged_z_p0p022_dedup_filtered,23,0.0009312048205174506,-2.3607100274603e-08,0.0009312284276177252,0.0009312284276177252,8.671863844033808e-07
36,merged_z_p0p022_dedup_filtered,24,0.0008238404407165945,-1.99208045614796e-08,0.0008238603615211559,0.0008238603615211559,6.787458952857698e-07
36,merged_z_p0p022_dedup_filtered,25,0.0007158839143812656,-1.6569588368042787e-08,0.0007159004839696337,0.0007159004839696337,5.125135029479558e-07
36,merged_z_p0p022_dedup_filtered,26,0.0006274392362684011,-1.3542215349104936e-08,0.0006274527784837503,0.0006274527784837503,3.9369698922697817e-07
36,merged_z_p0p022_dedup_filtered,27,0.000570178497582674,-1.0667145389220423e-08,0.0005701891647280632,0.0005701891647280632,3.2511568357328646e-07
36,merged_z_p0p022_dedup_filtered,28,0.0005497648380696774,-7.969680915209665e-09,0.0005497728077505926,0.0005497728077505926,3.0225014014197e-07
36,merged_z_p0p022_dedup_filtered,29,0.005166684277355671,9.47217849898152e-05,0.005071962492365856,0.005071962492365856,2.5724803523966063e-05
36,merged_z_p0p022_dedup_filtered,30,0.013206134550273418,0.00021143874619156122,0.012994695804081857,0.012994695804081857,0.0001688621190406226
36,merged_z_p0p022_dedup_filtered,31,0.01228953618556261,0.00025207229191437364,0.012037463893648237,0.012037463893648237,0.00014490053699088497
36,merged_z_p0p022_dedup_filtered,32,0.015944864600896835,0.00037894511478953063,0.015565919486107305,0.015565919486107305,0.0002422978494479751
36,merged_z_p0p022_dedup_filtered,33,0.012909337878227234,0.00044645601883530617,0.012462881859391928,0.012462881859391928,0.0001553234242411604
36,merged_z_p0p022_dedup_filtered,34,0.010580435395240784,0.0004891888820566237,0.01009124651318416,0.01009124651318416,0.00010183325618985146
36,merged_z_p0p022_dedup_filtered,35,0.008380096405744553,0.0003336321096867323,0.00804646429605782,0.00804646429605782,6.474558766773327e-05
36,merged_z_p0p022_dedup_filtered,36,0.005850015673786402,0.00037446481292136014,0.005475550860865042,0.005475550860865042,2.9981657229919897e-05
36,merged_z_p0p022_dedup_filtered,37,0.003303815145045519,0.0004153090703766793,0.0028885060746688396,0.0028885060746688396,8.343467343398787e-06
36,merged_z_p0p022_dedup_filtered,38,0.003060770221054554,0.0006241575465537608,0.0024366126745007932,0.0024366126745007932,5.9370813255379085e-06
36,merged_z_p0p022_dedup_filtered,39,0.0010019689798355103,0.0004561584210023284,0.0005458105588331819,0.0005458105588331819,2.979091661337903e-07
36,merged_z_p0p022_dedup_filtered,40,-0.000849457923322916,0.0004970102454535663,-0.0013464681687764823,0.0013464681687764823,1.8129765295282937e-06
36,merged_z_p0p022_dedup_filtered,41,-0.0021220147609710693,0.0005378634086810052,-0.0026598781696520746,0.0026598781696520746,7.07495187739167e-06
36,merged_z_p0p022_dedup_filtered,42,-0.0027739389333873987,0.0005787170375697315,-0.00335265597095713,0.00335265597095713,1.1240302059594497e-05
36,merged_z_p0p022_dedup_filtered,43,-0.0028446828946471214,0.0006195716559886932,-0.0034642545506358147,0.0034642545506358147,1.200105959160095e-05
36,merged_z_p0p022_dedup_filtered,44,-0.0024373726919293404,0.0006604263326153159,-0.0030977990245446563,0.0030977990245446563,9.596358796469824e-06
36,merged_z_p0p022_dedup_filtered,45,-0.0016936465399339795,0.0007012812420725822,-0.0023949277820065618,0.0023949277820065618,5.735679081026869e-06
36,merged_z_p0p022_dedup_filtered,46,-0.0007664092117920518,0.0007421369664371014,-0.0015085461782291532,0.0015085461782291532,2.275711571849784e-06
36,merged_z_p0p022_dedup_filtered,47,0.00020412007870618254,0.0007829946698620915,-0.000578874591155909,0.000578874591155909,3.350957922859208e-07
36,merged_z_p0p022_dedup_filtered,48,0.0011069850297644734,0.0008238583686761558,0.00028312666108831763,0.00028312666108831763,8.016070621901907e-08
36,merged_z_p0p022_dedup_filtered,49,0.0018676400650292635,0.0008647360373288393,0.0010029040277004242,0.0010029040277004242,1.0058164887777332e-06
36,merged_z_p0p022_dedup_filtered,50,0.002445952035486698,0.0009056436247192323,0.0015403084107674658,0.0015403084107674658,2.3725500002809962e-06
36,merged_z_p0p022_dedup_filtered,51,0.0028274436481297016,0.0009466128540225327,0.001880830794107169,0.001880830794107169,3.5375244760618036e-06
36,merged_z_p0p022_dedup_filtered,52,0.003011526307091117,0.0009877001866698265,0.0020238261204212904,0.0020238261204212904,4.095872165699491e-06
36,merged_z_p0p022_dedup_filtered,53,-0.002277425955981016,0.0014846447156742215,-0.0037620706716552377,0.0037620706716552377,1.4153175738528491e-05
36,merged_z_p0p022_dedup_filtered,54,-0.0010175684001296759,0.0013856397708877921,-0.002403208171017468,0.002403208171017468,5.775409513245124e-06
36,merged_z_p0p022_dedup_filtered,55,0.0028848720248788595,0.00046105115325190127,0.0024238208716269583,0.0024238208716269583,5.874907617734468e-06
36,merged_z_p0p022_dedup_filtered,56,0.004247349686920643,0.0004815375432372093,0.0037658121436834335,0.0037658121436834335,1.4181341101513617e-05
36,merged_z_p0p022_dedup_filtered,57,0.004754748661071062,0.0005020664539188147,0.004252682207152247,0.004252682207152247,1.808530595502931e-05
36,merged_z_p0p022_dedup_filtered,58,-0.00992414727807045,-8.765365322460639e-08,-0.009924059624417225,0.009924059624417225,9.848695942898815e-05
36,merged_z_p0p022_dedup_filtered,59,-0.009506935253739357,-8.278884422452393e-08,-0.009506852464895132,0.009506852464895132,9.038024378928265e-05
36,merged_z_p0p022_dedup_filtered,60,-0.008698380552232265,-7.802069035278691e-08,-0.008698302531541913,0.008698302531541913,7.566046693022844e-05
36,merged_z_p0p022_dedup_filtered,61,-0.007576722651720047,-7.334247698054241e-08,-0.0075766493092430665,0.0075766493092430665,5.7405614755253434e-05
36,merged_z_p0p022_dedup_filtered,62,-0.006246429402381182,-6.88823433847574e-08,-0.006246360520037797,0.006246360520037797,3.9017019746286857e-05
36,merged_z_p0p022_dedup_filtered,63,-0.004824243951588869,-6.451631406889646e-08,-0.0048241794352748,0.0048241794352748,2.327270722372829e-05
36,merged_z_p0p022_dedup_filtered,64,-0.0034243385307490826,-6.008493613762766e-08,-0.003424278445812945,0.003424278445812945,1.1725682874459118e-05
36,merged_z_p0p022_dedup_filtered,65,-0.0021449399646371603,-5.5533046605660275e-08,-0.0021448844315905546,0.0021448844315905546,4.6005292248795365e-06
36,merged_z_p0p022_dedup_filtered,66,-0.0010584003757685423,-5.0840792908957155e-08,-0.0010583495349756333,0.0010583495349756333,1.1201037381831394e-06
36,merged_z_p0p022_dedup_filtered,67,0.007046219892799854,-0.0003287561412435025,0.007374976034043357,0.007374976034043357,5.439027150271388e-05
36,merged_z_p0p022_dedup_filtered,68,0.005563710816204548,-0.0003491897659841925,0.00591290058218874,0.00591290058218874,3.4962393294847944e-05
36,merged_z_p0p022_dedup_filtered,69,0.0026127262972295284,-0.00036962368176318705,0.0029823499789927155,0.0029823499789927155,8.89441139719785e-06
36,merged_z_p0p022_dedup_filtered,70,-0.0016334736719727516,-0.00039005829603411257,-0.001243415375938639,0.001243415375938639,1.546081797120627e-06
36,merged_z_p0p022_dedup_filtered,71,-0.006750635802745819,-0.00041049456922337413,-0.006340141233522445,0.006340141233522445,4.0197390861011507e-05
36,merged_z_p0p022_dedup_filtered,72,-0.012119886465370655,-0.00043093538261018693,-0.011688951082760468,0.011688951082760468,0.00013663157741516713
36,merged_z_p0p022_dedup_filtered,73,-0.017025351524353027,-0.00045138722634874284,-0.016573964298004285,0.016573964298004285,0.00027469629255152066
36,merged_z_p0p022_dedup_filtered,74,-0.020775148645043373,-0.000471863808343187,-0.020303284836700186,0.020303284836700186,0.0004122233751601797
36,merged_z_p0p022_dedup_filtered,75,-0.022822581231594086,-0.0004923840169794858,-0.0223301972146146,0.0223301972146146,0.0004986377076435817
36,merged_z_p0p022_dedup_filtered,76,-0.01797354221343994,-0.0009862297447398305,-0.01698731246870011,0.01698731246870011,0.00028856878490925424
36,merged_z_p0p022_dedup_filtered,77,-0.01626477763056755,-0.0009451392688788474,-0.015319638361688703,0.015319638361688703,0.00023469131953292413
36,merged_z_p0p022_dedup_filtered,78,0.0008957341779023409,0.0004405994259286672,0.0004551347519736737,0.0004551347519736737,2.0714764245413748e-07
36,merged_z_p0p022_dedup_filtered,79,-0.0013904889347031713,0.0004201637639198452,-0.0018106526986230165,0.0018106526986230165,3.278463195030812e-06
36,merged_z_p0p022_dedup_filtered,80,-0.0036025242879986763,0.0003997348539996892,-0.0040022591419983655,0.0040022591419983655,1.6018078239709492e-05
36,merged_z_p0p022_dedup_filtered,81,-0.005392892751842737,0.00037930873804725707,-0.005772201489889994,0.005772201489889994,3.331831003988827e-05
36,merged_z_p0p022_dedup_filtered,82,-0.006496753543615341,0.00035888361162506044,-0.006855637155240402,0.006855637155240402,4.6999760804312706e-05
36,merged_z_p0p022_dedup_filtered,83,-0.006773003842681646,0.0003384589799679816,-0.007111462822649628,0.007111462822649628,5.057290347792781e-05
36,merged_z_p0p022_dedup_filtered,84,-0.006220423150807619,0.0003180345520377159,-0.006538457702845335,0.006538457702845335,4.2751429131897495e-05
36,merged_z_p0p022_dedup_filtered,85,-0.004966885317116976,0.00029760986217297614,-0.005264495179289952,0.005264495179289952,2.7714909492767142e-05
36,merged_z_p0p022_dedup_filtered,86,-0.0032351964619010687,0.00027718511410057545,-0.003512381576001644,0.003512381576001644,1.2336824335435793e-05
36,merged_z_p0p022_dedup_filtered,87,-0.001293786452151835,0.00025676030782051384,-0.0015505467599723488,0.0015505467599723488,2.4041952548607487e-06
36,merged_z_p0p022_dedup_filtered,88,0.0005968115292489529,0.00023633554519619793,0.00036047598405275494,0.00036047598405275494,1.2994293507880203e-07
36,merged_z_p0p022_dedup_filtered,89,0.00223035947419703,0.0002159112336812541,0.002014448240515776,0.002014448240515776,4.058001713717105e-06
36,merged_z_p0p022_dedup_filtered,90,0.00348495552316308,0.0001954879699042067,0.0032894675532588735,0.0032894675532588735,1.082059678394292e-05
36,merged_z_p0p022_dedup_filtered,91,0.004331501200795174,0.0001750672236084938,0.00415643397718668,0.00415643397718668,1.727594340671188e-05
36,merged_z_p0p022_dedup_filtered,92,0.004820398986339569,0.0001546525745652616,0.0046657464117743075,0.0046657464117743075,2.1769189578984826e-05
36,merged_z_p0p022_dedup_filtered,93,0.005051217973232269,0.00013425250654108822,0.004916965466691181,0.004916965466691181,2.4176549400633623e-05
36,merged_z_p0p022_dedup_filtered,94,-0.00020777015015482903,-0.0001346870994893834,-7.308305066544563e-05,7.308305066544563e-05,5.341132294568092e-09
36,merged_z_p0p022_dedup_filtered,95,0.00012047355994582176,-0.00011431432358222082,0.00023478788352804258,0.00023478788352804258,5.512535025157769e-08
36,merged_z_p0p022_dedup_filtered,96,0.000563369132578373,-0.00023012967722024769,0.0007934988097986206,0.0007934988097986206,6.296403611518275e-07
36,merged_z_p0p022_dedup_filtered,97,0.0006138412281870842,-0.00034439569571986794,0.0009582369239069521,0.0009582369239069521,9.18218002338658e-07
36,merged_z_p0p022_dedup_filtered,98,0.0006617954932153225,-0.00040538940811529756,0.00106718490133062,0.00106718490133062,1.1388836136280453e-06
36,merged_z_p0p022_dedup_filtered,99,0.00036055222153663635,-0.0002708356478251517,0.000631387869361788,0.000631387869361788,3.986506415772183e-07
36,merged_z_p0p022_dedup_filtered,100,0.00018588732928037643,-0.000311625306494534,0.0004975126357749104,0.0004975126357749104,2.475188227556987e-07
36,merged_z_p0p022_dedup_filtered,101,0.0008092536590993404,-0.00046654770267196,0.0012758013617713004,0.0012758013617713004,1.6276691146975046e-06
36,merged_z_p0p022_dedup_filtered,102,0.0011316854506731033,-0.0005277741001918912,0.0016594595508649945,0.0016594595508649945,2.7538060009570494e-06
36,merged_z_p0p022_dedup_filtered,103,0.0002294536679983139,-0.0003524541389197111,0.000581907806918025,0.000581907806918025,3.386166957521455e-07
36,merged_z_p0p022_dedup_filtered,104,0.0006660530343651772,-0.00039330110303126276,0.00105935413739644,0.00105935413739644,1.1222311884189553e-06
36,merged_z_p0p022_dedup_filtered,105,0.0016897828318178654,-0.0005890292231924832,0.0022788120550103486,0.0022788120550103486,5.192984382060488e-06
36,merged_z_p0p022_dedup_filtered,106,0.0024989342782646418,-0.0006503114709630609,0.0031492457492277026,0.0031492457492277026,9.917748789028754e-06
36,merged_z_p0p022_dedup_filtered,107,0.0015924805775284767,-0.000434155750554055,0.0020266363280825317,0.0020266363280825317,4.107254806303847e-06
36,merged_z_p0p022_dedup_filtered,108,0.0004437242168933153,0.0026605811435729265,-0.002216856926679611,0.002216856926679611,4.914454633367371e-06
36,merged_z_p0p022_dedup_filtered,109,-0.00043067894876003265,-0.000195943663129583,-0.00023473528563044965,0.00023473528563044965,5.510065432000878e-08
36,merged_z_p0p022_dedup_filtered,110,-0.0007124496623873711,-0.00017551530618220568,-0.0005369343562051654,0.0005369343562051654,2.882985028734554e-07
36,merged_z_p0p022_dedup_filtered,111,-0.0005638082511723042,-0.0001550936867715791,-0.00040871456440072507,0.00040871456440072507,1.6704759515327444e-07
36,merged_z_p0p022_dedup_filtered,112,0.0006501134485006332,-0.00018960496527142823,0.0008397184137720615,0.0008397184137720615,7.05127014427867e-07
36,merged_z_p0p022_dedup_filtered,113,0.0029794995207339525,-0.00047501467633992434,0.003454514197073877,0.003454514197073877,1.1933668337784972e-05
36,merged_z_p0p022_dedup_filtered,114,0.0035068620927631855,-0.0007115888292901218,0.004218450922053307,0.004218450922053307,1.77953281817724e-05
36,merged_z_p0p022_dedup_filtered,115,0.004586356226354837,-0.0007728756172582507,0.005359231843613088,0.005359231843613088,2.872136595359654e-05
36,merged_z_p0p022_dedup_filtered,116,0.004651770927011967,-0.0005158754647709429,0.00516764639178291,0.00516764639178291,2.6704569230506925e-05
36,merged_z_p0p022_dedup_filtered,117,0.006302995607256889,-0.0005567368352785707,0.00685973244253546,0.00685973244253546,4.705592918317351e-05
36,merged_z_p0p022_dedup_filtered,118,0.005546642933040857,-0.0008341713109984994,0.006380814244039357,0.006380814244039357,4.071479041693555e-05
36,merged_z_p0p022_dedup_filtered,119,0.006162696983665228,-0.0008954599034041166,0.0070581568870693445,0.0070581568870693445,4.981757864248442e-05
36,merged_z_p0p022_dedup_filtered,120,0.005384752526879311,-0.00027767239953391254,0.005662424926413223,0.005662424926413223,3.2063056047265795e-05
36,merged_z_p0p022_dedup_filtered,121,0.00358875491656363,-0.00025723950238898396,0.003845994418952614,0.003845994418952614,1.4791673070614656e-05
36,merged_z_p0p022_dedup_filtered,122,-0.001003215555101633,0.000771452090702951,-0.001774667645804584,0.001774667645804584,3.1494452530655845e-06
36,merged_z_p0p022_dedup_filtered,123,-0.0008664224296808243,0.0008390358416363597,-0.001705458271317184,0.001705458271317184,2.9085879152041975e-06
36,merged_z_p0p022_dedup_filtered,124,0.0013008767273277044,0.0009618177427910268,0.0003390589845366776,0.0003390589845366776,1.1496099499504298e-07
36,merged_z_p0p022_dedup_filtered,125,0.003147450741380453,0.0010490822605788708,0.0020983684808015823,0.0020983684808015823,4.403150281221541e-06
36,merged_z_p0p022_dedup_filtered,126,0.0033395900391042233,0.012324083596467972,-0.008984493557363749,0.008984493557363749,8.07211244823107e-05
36,merged_z_p0p022_dedup_filtered,127,0.002794835017994046,0.0011778248008340597,0.0016170102171599865,0.0016170102171599865,2.6147220423997867e-06
37,merged_z_p0p024_dedup_filtered,0,-0.010661568492650986,-0.001447714283131063,-0.009213854209519923,0.009213854209519923,8.4895109394288e-05
37,merged_z_p0p024_dedup_filtered,1,-0.009085055440664291,-0.001375006278976798,-0.007710049161687493,0.007710049161687493,5.944485807563802e-05
37,merged_z_p0p024_dedup_filtered,2,-0.0066894530318677425,-0.0013246310409158468,-0.005364821990951896,0.005364821990951896,2.8781314994601062e-05
37,merged_z_p0p024_dedup_filtered,3,-0.011055484414100647,-0.0008837009663693607,-0.010171783447731286,0.010171783447731286,0.00010346517850754017
37,merged_z_p0p024_dedup_filtered,4,-0.006556847132742405,-0.0008428021101281047,-0.0057140450226143,0.0057140450226143,3.265031052046326e-05
37,merged_z_p0p024_dedup_filtered,5,-0.0038143498823046684,-0.001263270853087306,-0.0025510790292173624,0.0025510790292173624,6.5080042133126e-06
37,merged_z_p0p024_dedup_filtered,6,-0.0008284305222332478,-0.0012019394198432565,0.0003735088976100087,0.0003735088976100087,1.3950889659384398e-07
37,merged_z_p0p024_dedup_filtered,7,-0.0019477298483252525,-0.0008019231609068811,-0.0011458066874183714,0.0011458066874183714,1.3128729649326616e-06
37,merged_z_p0p024_dedup_filtered,8,0.0021793446503579617,-0.0007610530010424554,0.002940397651400417,0.002940397651400417,8.645938348361089e-06
37,merged_z_p0p024_dedup_filtered,9,0.0019059468759223819,-0.0011406324338167906,0.0030465793097391725,0.0030465793097391725,9.281645490530813e-06
37,merged_z_p0p024_dedup_filtered,10,0.004094214178621769,-0.0010793345281854272,0.005173548706807196,0.005173548706807196,2.676560622170641e-05
37,merged_z_p0p024_dedup_filtered,11,0.0053563192486763,-0.0007201872649602592,0.006076506513636559,0.006076506513636559,3.692393141026753e-05
37,merged_z_p0p024_dedup_filtered,12,0.007308837957680225,-0.0006793235661461949,0.00798816152382642,0.00798816152382642,6.381072453074084e-05
37,merged_z_p0p024_dedup_filtered,13,0.005550775211304426,-0.0010180397657677531,0.006568814977072179,0.006568814977072179,4.3149330203007776e-05
37,merged_z_p0p024_dedup_filtered,14,0.006218223366886377,-0.0009567463421262801,0.007174969709012657,0.007174969709012657,5.1480190325249174e-05
37,merged_z_p0p024_dedup_filtered,15,0.007985704578459263,-0.000638460973277688,0.008624165551736951,0.008624165551736951,7.43762314637663e-05
37,merged_z_p0p024_dedup_filtered,16,0.007544874679297209,-0.0005975988460704684,0.008142473525367677,0.008142473525367677,6.629987511131353e-05
37,merged_z_p0p024_dedup_filtered,17,0.0067823780700564384,0.007468559313565493,-0.0006861812435090542,0.0006861812435090542,4.708446989436319e-07
37,merged_z_p0p024_dedup_filtered,18,0.0001292242668569088,-4.381816864906796e-08,0.00012926808502555787,0.00012926808502555787,1.671023780617486e-08
37,merged_z_p0p024_dedup_filtered,19,0.0006193742156028748,-3.940547443903597e-08,0.0006194136210773138,0.0006194136210773138,3.836732339761101e-07
37,merged_z_p0p024_dedup_filtered,20,0.0008988199406303465,-3.528859693346931e-08,0.00089885522922728,0.00089885522922728,8.079407231092261e-07
37,merged_z_p0p024_dedup_filtered,21,0.0010105862747877836,-3.133590809056841e-08,0.0010106176106958742,0.0010106176106958742,1.0213479550486375e-06
37,merged_z_p0p024_dedup_filtered,22,0.0010038679465651512,-2.7436634297828277e-08,0.001003895383199449,0.001003895383199449,1.0078059404091686e-06
37,merged_z_p0p024_dedup_filtered,23,0.0009261759696528316,-2.3607100274603e-08,0.0009261995767531062,0.0009261995767531062,8.57845655977633e-07
37,merged_z_p0p024_dedup_filtered,24,0.0008177823619917035,-1.99208045614796e-08,0.000817802282796265,0.000817802282796265,6.688005737467822e-07
37,merged_z_p0p024_dedup_filtered,25,0.0007089663995429873,-1.6569588368042787e-08,0.0007089829691313554,0.0007089829691313554,5.026568505183124e-07
37,merged_z_p0p024_dedup_filtered,26,0.000619873171672225,-1.3542215349104936e-08,0.0006198867138875741,0.0006198867138875741,3.8425953805433514e-07
37,merged_z_p0p024_dedup_filtered,27,0.0005622063763439655,-1.0667145389220423e-08,0.0005622170434893548,0.0005622170434893548,3.16088003989911e-07
37,merged_z_p0p024_dedup_filtered,28,0.0005416497588157654,-7.969680915209665e-09,0.0005416577284966806,0.0005416577284966806,2.9339309484018374e-07
37,merged_z_p0p024_dedup_filtered,29,0.005158614832907915,9.47217849898152e-05,0.0050638930479181,0.0050638930479181,2.5643012800753264e-05
37,merged_z_p0p024_dedup_filtered,30,0.013198023661971092,0.00021143874619156122,0.012986584915779531,0.012986584915779531,0.00016865138777475243
37,merged_z_p0p024_dedup_filtered,31,0.012282080948352814,0.00025207229191437364,0.01203000865643844,0.01203000865643844,0.0001447211082739838
37,merged_z_p0p024_dedup_filtered,32,0.015937399119138718,0.00037894511478953063,0.015558454004349187,0.015558454004349187,0.00024206549100544926
37,merged_z_p0p024_dedup_filtered,33,0.012903016060590744,0.00048704311484470963,0.012415972945746034,0.012415972945746034,0.00015415638418949746
37,merged_z_p0p024_dedup_filtered,34,0.010575598105788231,0.0004891888820566237,0.010086409223731607,0.010086409223731607,0.00010173565102857804
37,merged_z_p0p024_dedup_filtered,35,0.008375377394258976,0.0003336321096867323,0.008041745284572244,0.008041745284572244,6.466966722193992e-05
37,merged_z_p0p024_dedup_filtered,36,0.0058470056392252445,0.00037446481292136014,0.005472540826303884,0.005472540826303884,2.99487030955628e-05
37,merged_z_p0p024_dedup_filtered,37,0.003302464261651039,0.0004153090703766793,0.00288715519127436,0.00288715519127436,8.335665098502484e-06
37,merged_z_p0p024_dedup_filtered,38,0.003059826325625181,0.0006241575465537608,0.0024356687790714204,0.0024356687790714204,5.932482401343264e-06
37,merged_z_p0p024_dedup_filtered,39,0.0010020527988672256,0.0004561584210023284,0.0005458943778648973,0.0005458943778648973,2.980006717845032e-07
37,merged_z_p0p024_dedup_filtered,40,-0.0008482723496854305,0.0004970102454535663,-0.0013452825951389968,0.0013452825951389968,1.809785260783914e-06
37,merged_z_p0p024_dedup_filtered,41,-0.0021200948394834995,0.0005378634086810052,-0.0026579582481645048,0.0026579582481645048,7.064742048985723e-06
37,merged_z_p0p024_dedup_filtered,42,-0.0027716057375073433,0.0005787170375697315,-0.0033503227750770748,0.0033503227750770748,1.1224662697200151e-05
37,merged_z_p0p024_dedup_filtered,43,-0.0028421548195183277,0.0006195716559886932,-0.003461726475507021,0.003461726475507021,1.1983550191226261e-05
37,merged_z_p0p024_dedup_filtered,44,-0.0024347351863980293,0.0006604263326153159,-0.0030951615190133452,0.0030951615190133452,9.580024828780999e-06
37,merged_z_p0p024_dedup_filtered,45,-0.0016908514080569148,0.0007012812420725822,-0.002392132650129497,0.002392132650129497,5.722298615815571e-06
37,merged_z_p0p024_dedup_filtered,46,-0.0007633126806467772,0.0007421369664371014,-0.0015054496470838785,0.0015054496470838785,2.2663786399049744e-06
37,merged_z_p0p024_dedup_filtered,47,0.000207703240448609,0.0007829946698620915,-0.0005752914294134825,0.0005752914294134825,3.3096022875660797e-07
37,merged_z_p0p024_dedup_filtered,48,0.00111121847294271,0.0008238583686761558,0.0002873601042665541,0.0002873601042665541,8.257582952408485e-08
37,merged_z_p0p024_dedup_filtered,49,0.0018726082053035498,0.0008647360373288393,0.0010078721679747105,0.0010078721679747105,1.015806306978043e-06
37,merged_z_p0p024_dedup_filtered,50,0.0024516237899661064,0.0009056436247192323,0.001545980165246874,0.001545980165246874,2.390054671336752e-06
37,merged_z_p0p024_dedup_filtered,51,0.0028336653485894203,0.0009466128540225327,0.0018870524945668876,0.0018870524945668876,3.5609671172511134e-06
37,merged_z_p0p024_dedup_filtered,52,0.0030180420726537704,0.0009877001866698265,0.002030341885983944,0.002030341885983944,4.122288173980838e-06
37,merged_z_p0p024_dedup_filtered,53,-0.0022708021569997072,0.0014846447156742215,-0.0037554468726739287,0.0037554468726739287,1.4103381213476392e-05
37,merged_z_p0p024_dedup_filtered,54,-0.001011671731248498,0.0013856397708877921,-0.00239731150213629,0.00239731150213629,5.7471024382749555e-06
37,merged_z_p0p024_dedup_filtered,55,0.0028909179382026196,0.00046105115325190127,0.0024298667849507183,0.0024298667849507183,5.90425259260674e-06
37,merged_z_p0p024_dedup_filtered,56,0.00425364077091217,0.0004815375432372093,0.003772103227674961,0.003772103227674961,1.422876276023586e-05
37,merged_z_p0p024_dedup_filtered,57,0.004761130549013615,0.0005020664539188147,0.0042590640950948,0.0042590640950948,1.8139626966125688e-05
37,merged_z_p0p024_dedup_filtered,58,-0.00991779938340187,-8.765365322460639e-08,-0.009917711729748646,0.009917711729748646,9.836100595439388e-05
37,merged_z_p0p024_dedup_filtered,59,-0.009500674903392792,-8.278884422452393e-08,-0.009500592114548567,0.009500592114548567,9.026125052702242e-05
37,merged_z_p0p024_dedup_filtered,60,-0.00869230180978775,-7.802069035278691e-08,-0.008692223789097397,0.008692223789097397,7.555475439975072e-05
37,merged_z_p0p024_dedup_filtered,61,-0.007570927496999502,-7.334247698054241e-08,-0.007570854154522522,0.007570854154522522,5.7317832629050925e-05
37,merged_z_p0p024_dedup_filtered,62,-0.006241027731448412,-6.88823433847574e-08,-0.006240958849105027,0.006240958849105027,3.894956735622234e-05
37,merged_z_p0p024_dedup_filtered,63,-0.0048193554393947124,-6.451631406889646e-08,-0.0048192909230806436,0.0048192909230806436,2.322556500128748e-05
37,merged_z_p0p024_dedup_filtered,64,-0.0034200912341475487,-6.008493613762766e-08,-0.003420031149211411,0.003420031149211411,1.1696613061576325e-05
37,merged_z_p0p024_dedup_filtered,65,-0.0021414649672806263,-5.5533046605660275e-08,-0.0021414094342340206,0.0021414094342340206,4.585634365026469e-06
37,merged_z_p0p024_dedup_filtered,66,-0.0010558285284787416,-5.0840792908957155e-08,-0.0010557776876858327,0.0010557776876858327,1.1146665258152437e-06
37,merged_z_p0p024_dedup_filtered,67,0.0070477635599672794,-0.0003287561412435025,0.007376519701210782,0.007376519701210782,5.44130429023508e-05
37,merged_z_p0p024_dedup_filtered,68,0.0055663930252194405,-0.0003491897659841925,0.005915582791203633,0.005915582791203633,3.4994119759584564e-05
37,merged_z_p0p024_dedup_filtered,69,0.0026164064183831215,-0.00036962368176318705,0.0029860301001463085,0.0029860301001463085,8.916375758979773e-06
37,merged_z_p0p024_dedup_filtered,70,-0.0016289567574858665,-0.00039005829603411257,-0.001238898461451754,0.001238898461451754,1.5348693977875231e-06
37,merged_z_p0p024_dedup_filtered,71,-0.006745451129972935,-0.00041049456922337413,-0.006334956560749561,0.006334956560749561,4.01316746265839e-05
37,merged_z_p0p024_dedup_filtered,72,-0.012114197015762329,-0.00043093538261018693,-0.011683261633152142,0.011683261633152142,0.00013649860238868487
37,merged_z_p0p024_dedup_filtered,73,-0.017019307240843773,-0.00045138722634874284,-0.01656792001449503,0.01656792001449503,0.000274495973606705
37,merged_z_p0p024_dedup_filtered,74,-0.02076888084411621,-0.000471863808343187,-0.020297017035773024,0.020297017035773024,0.00041196890055046034
37,merged_z_p0p024_dedup_filtered,75,-0.02281620353460312,-0.0004923840169794858,-0.022323819517623633,0.022323819517623633,0.0004983529178554339
37,merged_z_p0p024_dedup_filtered,76,-0.01796722039580345,-0.0009862297447398305,-0.01698099065106362,0.01698099065106362,0.0002883540434915101
37,merged_z_p0p024_dedup_filtered,77,-0.016258593648672104,-0.0009451392688788474,-0.015313454379793257,0.015313454379793257,0.00023450188504200927
37,merged_z_p0p024_dedup_filtered,78,0.0009014131501317024,0.0004405994259286672,0.00046081372420303524,0.00046081372420303524,2.1234928841387102e-07
37,merged_z_p0p024_dedup_filtered,79,-0.0013852546690031886,0.0004201637639198452,-0.0018054184329230338,0.0018054184329230338,3.2595357179382632e-06
37,merged_z_p0p024_dedup_filtered,80,-0.0035977675579488277,0.0003997348539996892,-0.003997502411948517,0.003997502411948517,1.598002553353421e-05
37,merged_z_p0p024_dedup_filtered,81,-0.005388615652918816,0.00037930873804725707,-0.005767924390966073,0.005767924390966073,3.326895177990134e-05
37,merged_z_p0p024_dedup_filtered,82,-0.0064929467625916,0.00035888361162506044,-0.006851830374216661,0.006851830374216661,4.6947579477038026e-05
37,merged_z_p0p024_dedup_filtered,83,-0.006769674364477396,0.0003384589799679816,-0.007108133344445378,0.007108133344445378,5.0525559642416226e-05
37,merged_z_p0p024_dedup_filtered,84,-0.006217617075890303,0.0003180345520377159,-0.006535651627928019,0.006535651627928019,4.271474220163816e-05
37,merged_z_p0p024_dedup_filtered,85,-0.004964700900018215,0.00029760986217297614,-0.005262310762191191,0.005262310762191191,2.7691914557873236e-05
37,merged_z_p0p024_dedup_filtered,86,-0.00323378574103117,0.00027718511410057545,-0.0035109708551317453,0.0035109708551317453,1.2326916345584539e-05
37,merged_z_p0p024_dedup_filtered,87,-0.001293338369578123,0.00025676030782051384,-0.001550098677398637,0.001550098677398637,2.4028059096730035e-06
37,merged_z_p0p024_dedup_filtered,88,0.0005960977869108319,0.00023633554519619793,0.000359762241714634,0.000359762241714634,1.2942887056353874e-07
37,merged_z_p0p024_dedup_filtered,89,0.0022283161524683237,0.0002159112336812541,0.0020124049187870696,0.0020124049187870696,4.049773557158392e-06
37,merged_z_p0p024_dedup_filtered,90,0.003481485415250063,0.0001954879699042067,0.0032859974453458562,0.0032859974453458562,1.0797779210819493e-05
37,merged_z_p0p024_dedup_filtered,91,0.004326611757278442,0.0001750672236084938,0.004151544533669949,0.004151544533669949,1.723532201504483e-05
37,merged_z_p0p024_dedup_filtered,92,0.004814223386347294,0.0001546525745652616,0.004659570811782032,0.004659570811782032,2.1711600150011067e-05
37,merged_z_p0p024_dedup_filtered,93,0.005044016987085342,0.00013425250654108822,0.004909764480544254,0.004909764480544254,2.410578725441399e-05
37,merged_z_p0p024_dedup_filtered,94,-0.00021577859297394753,-0.0001346870994893834,-8.109149348456413e-05,8.109149348456413e-05,6.575830315557106e-09
37,merged_z_p0p024_dedup_filtered,95,0.00011221412569284439,-0.00011431432358222082,0.0002265284492750652,0.0002265284492750652,5.1315138330965793e-08
37,merged_z_p0p024_dedup_filtered,96,0.000554907601326704,-0.00023012967722024769,0.0007850372785469517,0.0007850372785469517,6.162835287084042e-07
37,merged_z_p0p024_dedup_filtered,97,0.0006053089164197445,-0.00034439569571986794,0.0009497046121396124,0.0009497046121396124,9.019388503192517e-07
37,merged_z_p0p024_dedup_filtered,98,0.0006535951979458332,-0.00040538940811529756,0.0010589846060611308,0.0010589846060611308,1.1214483958744483e-06
37,merged_z_p0p024_dedup_filtered,99,0.0003523780032992363,-0.0002708356478251517,0.000623213651124388,0.000623213651124388,3.883952549477904e-07
37,merged_z_p0p024_dedup_filtered,100,0.00017818668857216835,-0.000311625306494534,0.0004898119950667024,0.0004898119950667024,2.3991579051122326e-07
37,merged_z_p0p024_dedup_filtered,101,0.0008015919011086226,-0.00046654770267196,0.0012681396037805825,0.0012681396037805825,1.6081780546767729e-06
37,merged_z_p0p024_dedup_filtered,102,0.0011247482616454363,-0.0005277741001918912,0.0016525223618373275,0.0016525223618373275,2.730830156372419e-06
37,merged_z_p0p024_dedup_filtered,103,0.0002224042546004057,-0.0003524541389197111,0.0005748583935201168,0.0005748583935201168,3.3046217260052947e-07
37,merged_z_p0p024_dedup_filtered,104,0.0006598189938813448,-0.00039330110303126276,0.0010531200969126076,0.0010531200969126076,1.10906193852122e-06
37,merged_z_p0p024_dedup_filtered,105,0.0016837285365909338,-0.0005890292231924832,0.002272757759783417,0.002272757759783417,5.165427834655736e-06
37,merged_z_p0p024_dedup_filtered,106,0.0024938895367085934,-0.0006503114709630609,0.0031442010076716542,0.0031442010076716542,9.885999976643446e-06
37,merged_z_p0p024_dedup_filtered,107,0.0015872076619416475,-0.000434155750554055,0.0020213634124957025,0.0020213634124957025,4.0859100453762716e-06
37,merged_z_p0p024_dedup_filtered,108,0.000438501825556159,0.002902453066781163,-0.002463951241225004,0.002463951241225004,6.071055719134239e-06
37,merged_z_p0p024_dedup_filtered,109,-0.0004368745721876621,-0.000195943663129583,-0.00024093090905807912,0.00024093090905807912,5.804770293955239e-08
37,merged_z_p0p024_dedup_filtered,110,-0.0007194271311163902,-0.00017551530618220568,-0.0005439118249341846,0.0005439118249341846,2.95840073303235e-07
37,merged_z_p0p024_dedup_filtered,111,-0.0005713901482522488,-0.0001550936867715791,-0.0004162964614806697,0.0004162964614806697,1.733027438413267e-07
37,merged_z_p0p024_dedup_filtered,112,0.0006415536627173424,-0.00018960496527142823,0.0008311586279887706,0.0008311586279887706,6.908246648801756e-07
37,merged_z_p0p024_dedup_filtered,113,0.002975307870656252,-0.00047501467633992434,0.0034503225469961762,0.0034503225469961762,1.190472567831018e-05
37,merged_z_p0p024_dedup_filtered,114,0.0035029188729822636,-0.0007115888292901218,0.004214507702272385,0.004214507702272385,1.776207517251326e-05
37,merged_z_p0p024_dedup_filtered,115,0.00458357110619545,-0.0007728756172582507,0.0053564467234537005,0.0053564467234537005,2.8691521501197884e-05
37,merged_z_p0p024_dedup_filtered,116,0.004648749716579914,-0.0005158754647709429,0.005164625181350857,0.005164625181350857,2.6673353263843373e-05
37,merged_z_p0p024_dedup_filtered,117,0.006301197223365307,-0.0005567368352785707,0.0068579340586438775,0.0068579340586438775,4.7031259552707686e-05
37,merged_z_p0p024_dedup_filtered,118,0.005545039661228657,-0.0008341713109984994,0.006379210972227156,0.006379210972227156,4.069433262818334e-05
37,merged_z_p0p024_dedup_filtered,119,0.0061622667126357555,-0.0008954599034041166,0.007057726616039872,0.007057726616039872,4.9811504986757625e-05
37,merged_z_p0p024_dedup_filtered,120,0.005383101757615805,-0.00027767239953391254,0.005660774157149717,0.005660774157149717,3.204436405825409e-05
37,merged_z_p0p024_dedup_filtered,121,0.0035858177579939365,-0.00025723950238898396,0.0038430572603829205,0.0038430572603829205,1.4769089106581878e-05
37,merged_z_p0p024_dedup_filtered,122,-0.0010014553554356098,0.000771452090702951,-0.0017729074461385608,0.0017729074461385608,3.1432008125735538e-06
37,merged_z_p0p024_dedup_filtered,123,-0.0008642277680337429,0.0008390358416363597,-0.0017032636096701026,0.0017032636096701026,2.9011069240264276e-06
37,merged_z_p0p024_dedup_filtered,124,0.0013030838454142213,0.0009618177427910268,0.00034126610262319446,0.00034126610262319446,1.1646255279962469e-07
37,merged_z_p0p024_dedup_filtered,125,0.0031497629825025797,0.0010490822605788708,0.002100680721923709,0.002100680721923709,4.412859495461915e-06
37,merged_z_p0p024_dedup_filtered,126,0.003342283423990011,0.013444457203149796,-0.010102173779159784,0.010102173779159784,0.00010205391506434348
37,merged_z_p0p024_dedup_filtered,127,0.002798180328682065,0.0011778248008340597,0.0016203555278480053,0.0016203555278480053,2.625552036627588e-06
38,merged_z_p0p026_dedup_filtered,0,-0.010655352845788002,-0.001447714283131063,-0.009207638562656939,0.009207638562656939,8.478060790052714e-05
38,merged_z_p0p026_dedup_filtered,1,-0.009079067036509514,-0.001375006278976798,-0.007704060757532716,0.007704060757532716,5.935255215575556e-05
38,merged_z_p0p026_dedup_filtered,2,-0.006683841347694397,-0.0013246310409158468,-0.00535921030677855,0.00535921030677855,2.872113511228144e-05
38,merged_z_p0p026_dedup_filtered,3,-0.011049771681427956,-0.0008837009663693607,-0.010166070715058595,0.010166070715058595,0.00010334899378357197
38,merged_z_p0p026_dedup_filtered,4,-0.006551634520292282,-0.0008428021101281047,-0.005708832410164177,0.005708832410164177,3.259076748734093e-05
38,merged_z_p0p026_dedup_filtered,5,-0.003809256013482809,-0.001263270853087306,-0.002545985160395503,0.002545985160395503,6.482040436954115e-06
38,merged_z_p0p026_dedup_filtered,6,-0.0008239907911047339,-0.0012019394198432565,0.00037794862873852253,0.00037794862873852253,1.4284516596532954e-07
38,merged_z_p0p026_dedup_filtered,7,-0.001943165436387062,-0.0008019231609068811,-0.001141242275480181,0.001141242275480181,1.3024339313431813e-06
38,merged_z_p0p026_dedup_filtered,8,0.0021831155754625797,-0.0007610530010424554,0.002944168576505035,0.002944168576505035,8.668128606879685e-06
38,merged_z_p0p026_dedup_filtered,9,0.0019096068572252989,-0.0011406324338167906,0.0030502392910420895,0.0030502392910420895,9.303959732616949e-06
38,merged_z_p0p026_dedup_filtered,10,0.004096980672329664,-0.0010793345281854272,0.005176315200515091,0.005176315200515091,2.679423905508359e-05
38,merged_z_p0p026_dedup_filtered,11,0.005359160713851452,-0.0007201872649602592,0.006079347978811711,0.006079347978811711,3.695847184748203e-05
38,merged_z_p0p026_dedup_filtered,12,0.007310628890991211,-0.0006793235661461949,0.007989952457137406,0.007989952457137406,6.383934026731607e-05
38,merged_z_p0p026_dedup_filtered,13,0.005552548449486494,-0.0010180397657677531,0.006570588215254247,0.006570588215254247,4.317262949443799e-05
38,merged_z_p0p026_dedup_filtered,14,0.006218920927494764,-0.0009567463421262801,0.007175667269621044,0.007175667269621044,5.149020076431073e-05
38,merged_z_p0p026_dedup_filtered,15,0.007986350916326046,-0.000638460973277688,0.008624811889603734,0.008624811889603734,7.438738013104993e-05
38,merged_z_p0p026_dedup_filtered,16,0.007544313091784716,-0.0005975988460704684,0.008141911937855184,0.008141911937855184,6.629073000378876e-05
38,merged_z_p0p026_dedup_filtered,17,0.006782073061913252,0.00809093751013279,-0.0013088644482195377,0.0013088644482195377,1.713126143813035e-06
38,merged_z_p0p026_dedup_filtered,18,0.0001302296295762062,-4.381816864906796e-08,0.00013027344774485528,0.00013027344774485528,1.697117118733154e-08
38,merged_z_p0p026_dedup_filtered,19,0.0006192106520757079,-3.940547443903597e-08,0.000619250057550147,0.000619250057550147,3.834706337758603e-07
38,merged_z_p0p026_dedup_filtered,20,0.0008974265656434,-3.528859693346931e-08,0.0008974618542403334,0.0008974618542403334,8.054377798164975e-07
38,merged_z_p0p026_dedup_filtered,21,0.0010079415515065193,-3.133590809056841e-08,0.0010079728874146099,0.0010079728874146099,1.0160093417629459e-06
38,merged_z_p0p026_dedup_filtered,22,0.0009999952744692564,-2.7436634297828277e-08,0.0010000227111035542,0.0010000227111035542,1.0000454227229028e-06
38,merged_z_p0p026_dedup_filtered,23,0.000921148166526109,-2.3607100274603e-08,0.0009211717736263836,0.0009211717736263836,8.485574365259773e-07
38,merged_z_p0p026_dedup_filtered,24,0.0008117224206216633,-1.99208045614796e-08,0.0008117423414262248,0.0008117423414262248,6.589256288641297e-07
38,merged_z_p0p026_dedup_filtered,25,0.000702044228091836,-1.6569588368042787e-08,0.000702060797680204,0.000702060797680204,4.928893636393643e-07
38,merged_z_p0p026_dedup_filtered,26,0.0006123000057414174,-1.3542215349104936e-08,0.0006123135479567665,0.0006123135479567665,3.749278810114034e-07
38,merged_z_p0p026_dedup_filtered,27,0.0005542256403714418,-1.0667145389220423e-08,0.0005542363075168311,0.0005542363075168311,3.071778845698913e-07
38,merged_z_p0p026_dedup_filtered,28,0.0005335253663361073,-7.969680915209665e-09,0.0005335333360170225,0.0005335333360170225,2.84657820641453e-07
38,merged_z_p0p026_dedup_filtered,29,0.005150539800524712,9.47217849898152e-05,0.005055818015534896,0.005055818015534896,2.5561295806207218e-05
38,merged_z_p0p026_dedup_filtered,30,0.013189916498959064,0.00021143874619156122,0.012978477752767503,0.012978477752767503,0.000168440884779081
38,merged_z_p0p026_dedup_filtered,31,0.01227463036775589,0.00025207229191437364,0.012022558075841516,0.012022558075841516,0.00014454190268698206
38,merged_z_p0p026_dedup_filtered,32,0.015929942950606346,0.00037894511478953063,0.015550997835816815,0.015550997835816815,0.0002418335336895793
38,merged_z_p0p026_dedup_filtered,33,0.012896701693534851,0.0005276299198158085,0.012369071773719043,0.012369071773719043,0.00015299393654341314
38,merged_z_p0p026_dedup_filtered,34,0.01057076919823885,0.0004891888820566237,0.010081580316182226,0.010081580316182226,0.00010163826167163291
38,merged_z_p0p026_dedup_filtered,35,0.008370661176741123,0.0003336321096867323,0.008037029067054391,0.008037029067054391,6.459383622467717e-05
38,merged_z_p0p026_dedup_filtered,36,0.005843997001647949,0.00037446481292136014,0.005469532188726589,0.005469532188726589,2.991578236351627e-05
38,merged_z_p0p026_dedup_filtered,37,0.0033011133782565594,0.0004153090703766793,0.00288580430787988,0.00288580430787988,8.327866503378073e-06
38,merged_z_p0p026_dedup_filtered,38,0.0030588838271796703,0.0006241575465537608,0.0024347262806259096,0.0024347262806259096,5.927892061570475e-06
38,merged_z_p0p026_dedup_filtered,39,0.0010021361522376537,0.0004561584210023284,0.0005459777312353253,0.0005459777312353253,2.9809168300487315e-07
38,merged_z_p0p026_dedup_filtered,40,-0.0008470886386930943,0.0004970102454535663,-0.0013440988841466606,0.0013440988841466606,1.806601810364298e-06
38,merged_z_p0p026_dedup_filtered,41,-0.0021181765478104353,0.0005378634086810052,-0.0026560399564914405,0.0026560399564914405,7.054548250479053e-06
38,merged_z_p0p026_dedup_filtered,42,-0.0027692748699337244,0.0005787170375697315,-0.003347991907503456,0.003347991907503456,1.1209049812708629e-05
38,merged_z_p0p026_dedup_filtered,43,-0.002839629538357258,0.0006195716559886932,-0.003459201194345951,0.003459201194345951,1.1966072902964454e-05
38,merged_z_p0p026_dedup_filtered,44,-0.0024320988450199366,0.0006604263326153159,-0.0030925251776352525,0.0030925251776352525,9.56371197430795e-06
38,merged_z_p0p026_dedup_filtered,45,-0.001688057673163712,0.0007012812420725822,-0.0023893389152362943,0.0023893389152362943,5.708940451862551e-06
38,merged_z_p0p026_dedup_filtered,46,-0.0007602175464853644,0.0007421369664371014,-0.0015023545129224658,0.0015023545129224658,2.2570690824984995e-06
38,merged_z_p0p026_dedup_filtered,47,0.00021128551452420652,0.0007829946698620915,-0.000571709155337885,0.000571709155337885,3.2685135829715795e-07
38,merged_z_p0p026_dedup_filtered,48,0.00111545086838305,0.0008238583686761558,0.00029159249970689416,0.00029159249970689416,8.502618588531507e-08
38,merged_z_p0p026_dedup_filtered,49,0.0018775751814246178,0.0008647360373288393,0.0010128391440957785,0.0010128391440957785,1.025843131812669e-06
38,merged_z_p0p026_dedup_filtered,50,0.002457295311614871,0.0009056436247192323,0.0015516516868956387,0.0015516516868956387,2.407622957446081e-06
38,merged_z_p0p026_dedup_filtered,51,0.0028398861177265644,0.0009466128540225327,0.0018932732637040317,0.0018932732637040317,3.584483651056516e-06
38,merged_z_p0p026_dedup_filtered,52,0.003024557139724493,0.0009877001866698265,0.0020368569530546665,0.0020368569530546665,4.14878624720714e-06
38,merged_z_p0p026_dedup_filtered,53,-0.0022641709074378014,0.0014846447156742215,-0.003748815623112023,0.003748815623112023,1.4053618576088784e-05
38,merged_z_p0p026_dedup_filtered,54,-0.0010057687759399414,0.0013856397708877921,-0.0023914085468277335,0.0023914085468277335,5.718834837840732e-06
38,merged_z_p0p026_dedup_filtered,55,0.0028969550039619207,0.00046105115325190127,0.0024359038507100195,0.0024359038507100195,5.933627569903901e-06
38,merged_z_p0p026_dedup_filtered,56,0.004259922541677952,0.0004815375432372093,0.0037783849984407425,0.0037783849984407425,1.427619319644205e-05
38,merged_z_p0p026_dedup_filtered,57,0.004767501726746559,0.0005020664539188147,0.0042654352728277445,0.0042654352728277445,1.8193938066683095e-05
38,merged_z_p0p026_dedup_filtered,58,-0.009911461733281612,-8.765365322460639e-08,-0.009911374079628388,0.009911374079628388,9.823533614632946e-05
38,merged_z_p0p026_dedup_filtered,59,-0.009494423866271973,-8.278884422452393e-08,-0.009494341077427748,0.009494341077427748,9.01425124945319e-05
38,merged_z_p0p026_dedup_filtered,60,-0.008686231449246407,-7.802069035278691e-08,-0.008686153428556054,0.008686153428556054,7.54492613844161e-05
38,merged_z_p0p026_dedup_filtered,61,-0.0075651369988918304,-7.334247698054241e-08,-0.00756506365641485,0.00756506365641485,5.723018812560882e-05
38,merged_z_p0p026_dedup_filtered,62,-0.006235628388822079,-6.88823433847574e-08,-0.006235559506478694,0.006235559506478694,3.888220235883681e-05
38,merged_z_p0p026_dedup_filtered,63,-0.0048144664615392685,-6.451631406889646e-08,-0.0048144019452252,0.0048144019452252,2.3178466090188184e-05
38,merged_z_p0p026_dedup_filtered,64,-0.0034158406779170036,-6.008493613762766e-08,-0.003415780592980866,0.003415780592980866,1.1667557059384717e-05
38,merged_z_p0p026_dedup_filtered,65,-0.002137984847649932,-5.5533046605660275e-08,-0.0021379293146033262,0.0021379293146033262,4.570741754240248e-06
38,merged_z_p0p026_dedup_filtered,66,-0.0010532489977777004,-5.0840792908957155e-08,-0.0010531981569847915,0.0010531981569847915,1.1092263578761615e-06
38,merged_z_p0p026_dedup_filtered,67,0.007049314212054014,-0.0003287561412435025,0.007378070353297517,0.007378070353297517,5.443592213820774e-05
38,merged_z_p0p026_dedup_filtered,68,0.005569080822169781,-0.0003491897659841925,0.005918270588153973,0.005918270588153973,3.5025926754608375e-05
38,merged_z_p0p026_dedup_filtered,69,0.0026200907304883003,-0.00036962368176318705,0.0029897144122514874,0.0029897144122514874,8.938392266824256e-06
38,merged_z_p0p026_dedup_filtered,70,-0.001624437514692545,-0.00039005829603411257,-0.0012343792186584324,0.0012343792186584324,1.523692055455802e-06
38,merged_z_p0p026_dedup_filtered,71,-0.006740265991538763,-0.00041049456922337413,-0.006329771422315389,0.006329771422315389,4.006600625876058e-05
38,merged_z_p0p026_dedup_filtered,72,-0.012108509428799152,-0.00043093538261018693,-0.011677574046188965,0.011677574046188965,0.00013636573560422613
38,merged_z_p0p026_dedup_filtered,73,-0.017013264819979668,-0.00045138722634874284,-0.016561877593630925,0.016561877593630925,0.0002742957894264141
38,merged_z_p0p026_dedup_filtered,74,-0.020762614905834198,-0.000471863808343187,-0.02029075109749101,0.02029075109749101,0.00041171458010033266
38,merged_z_p0p026_dedup_filtered,75,-0.02280982956290245,-0.0004923840169794858,-0.022317445545922965,0.022317445545922965,0.0004980683756952368
38,merged_z_p0p026_dedup_filtered,76,-0.017960894852876663,-0.0009862297447398305,-0.016974665108136833,0.016974665108136833,0.000288139255533398
38,merged_z_p0p026_dedup_filtered,77,-0.01625240594148636,-0.0009451392688788474,-0.015307266672607511,0.015307266672607511,0.00023431241298632063
38,merged_z_p0p026_dedup_filtered,78,0.0009070849046111107,0.0004405994259286672,0.0004664854786824435,0.0004664854786824435,2.1760870182158845e-07
38,merged_z_p0p026_dedup_filtered,79,-0.0013800256419926882,0.0004201637639198452,-0.0018001894059125334,0.0018001894059125334,3.24068189715972e-06
38,merged_z_p0p026_dedup_filtered,80,-0.0035930145531892776,0.0003997348539996892,-0.003992749407188967,0.003992749407188967,1.5942047828607846e-05
38,merged_z_p0p026_dedup_filtered,81,-0.005384339950978756,0.00037930873804725707,-0.005763648689026013,0.005763648689026013,3.321964621051128e-05
38,merged_z_p0p026_dedup_filtered,82,-0.006489140912890434,0.00035888361162506044,-0.006848024524515495,0.006848024524515495,4.6895439888365666e-05
38,merged_z_p0p026_dedup_filtered,83,-0.006766344420611858,0.0003384589799679816,-0.00710480340057984,0.00710480340057984,5.0478231360890854e-05
38,merged_z_p0p026_dedup_filtered,84,-0.00621480867266655,0.0003180345520377159,-0.006532843224704266,0.006532843224704266,4.267804059856443e-05
38,merged_z_p0p026_dedup_filtered,85,-0.004962514620274305,0.00029760986217297614,-0.0052601244824472815,0.0052601244824472815,2.766890957084128e-05
38,merged_z_p0p026_dedup_filtered,86,-0.003232372924685478,0.00027718511410057545,-0.0035095580387860537,0.0035095580387860537,1.2316997627607811e-05
38,merged_z_p0p026_dedup_filtered,87,-0.0012928899377584457,0.00025676030782051384,-0.0015496502455789596,0.0015496502455789596,2.4014158836229297e-06
38,merged_z_p0p026_dedup_filtered,88,0.000595384684856981,0.00023633554519619793,0.0003590491396607831,0.0003590491396607831,1.2891628469114854e-07
38,merged_z_p0p026_dedup_filtered,89,0.0022262725979089737,0.0002159112336812541,0.0020103613642277196,0.0020103613642277196,4.041552814779538e-06
38,merged_z_p0p026_dedup_filtered,90,0.0034780139103531837,0.0001954879699042067,0.003282525940448977,0.003282525940448977,1.0774976549720441e-05
38,merged_z_p0p026_dedup_filtered,91,0.004321719985455275,0.0001750672236084938,0.004146652761846781,0.004146652761846781,1.7194729127331535e-05
38,merged_z_p0p026_dedup_filtered,92,0.00480804406106472,0.0001546525745652616,0.0046533914864994586,0.0046533914864994586,2.165405232662564e-05
38,merged_z_p0p026_dedup_filtered,93,0.00503681180998683,0.00013425250654108822,0.0049025593034457415,0.0049025593034457415,2.4035087723802394e-05
38,merged_z_p0p026_dedup_filtered,94,-0.0002237907610833645,-0.0001346870994893834,-8.910366159398109e-05,8.910366159398109e-05,7.9394625094547e-09
38,merged_z_p0p026_dedup_filtered,95,0.0001039477065205574,-0.00011431432358222082,0.00021826203010277823,0.00021826203010277823,4.763831378458607e-08
38,merged_z_p0p026_dedup_filtered,96,0.0005464409478008747,-0.00023012967722024769,0.0007765706250211224,0.0007765706250211224,6.030619356456967e-07
38,merged_z_p0p026_dedup_filtered,97,0.0005967752076685429,-0.00034439569571986794,0.0009411709033884108,0.0009411709033884108,8.858026693849573e-07
38,merged_z_p0p026_dedup_filtered,98,0.000645392807200551,-0.00040538940811529756,0.0010507822153158486,0.0010507822153158486,1.1041432640240824e-06
38,merged_z_p0p026_dedup_filtered,99,0.0003442000597715378,-0.0002708356478251517,0.0006150357075966895,0.0006150357075966895,3.782689216189605e-07
38,merged_z_p0p026_dedup_filtered,100,0.00017048325389623642,-0.000311625306494534,0.00048210856039077044,0.00048210856039077044,2.3242866400206114e-07
38,merged_z_p0p026_dedup_filtered,101,0.0007939285133033991,-0.00046654770267196,0.001260476215975359,0.001260476215975359,1.58880029103956e-06
38,merged_z_p0p026_dedup_filtered,102,0.00111780920997262,-0.0005277741001918912,0.0016455833101645112,0.0016455833101645112,2.70794443069199e-06
38,merged_z_p0p026_dedup_filtered,103,0.0002153536770492792,-0.0003524541389197111,0.0005678078159689903,0.0005678078159689903,3.224057158754748e-07
38,merged_z_p0p026_dedup_filtered,104,0.0006535856518894434,-0.00039330110303126276,0.0010468867549207062,0.0010468867549207062,1.0959718776284067e-06
38,merged_z_p0p026_dedup_filtered,105,0.0016776722623035312,-0.0005890292231924832,0.0022667014854960144,0.0022667014854960144,5.137935624349838e-06
38,merged_z_p0p026_dedup_filtered,106,0.002488841535523534,-0.0006503114709630609,0.0031391530064865947,0.0031391530064865947,9.854281598133826e-06
38,merged_z_p0p026_dedup_filtered,107,0.0015819364925846457,-0.000434155750554055,0.0020160922431387007,0.0020160922431387007,4.064627932844038e-06
38,merged_z_p0p026_dedup_filtered,108,0.0004332853714004159,0.0031443233601748943,-0.0027110379887744784,0.0027110379887744784,7.349726976578369e-06
38,merged_z_p0p026_dedup_filtered,109,-0.0004430671688169241,-0.000195943663129583,-0.0002471235056873411,0.0002471235056873411,6.10700270632013e-08
38,merged_z_p0p026_dedup_filtered,110,-0.0007264032028615475,-0.00017551530618220568,-0.0005508878966793418,0.0005508878966793418,3.0347747470778916e-07
38,merged_z_p0p026_dedup_filtered,111,-0.0005789739079773426,-0.0001550936867715791,-0.0004238802212057635,0.0004238802212057635,1.79674441929447e-07
38,merged_z_p0p026_dedup_filtered,112,0.0006329892203211784,-0.00018960496527142823,0.0008225941855926067,0.0008225941855926067,6.766611941707638e-07
38,merged_z_p0p026_dedup_filtered,113,0.0029711187817156315,-0.00047501467633992434,0.003446133458055556,0.003446133458055556,1.1875835810729943e-05
38,merged_z_p0p026_dedup_filtered,114,0.003498971229419112,-0.0007115888292901218,0.004210560058709234,0.004210560058709234,1.7728816007997508e-05
38,merged_z_p0p026_dedup_filtered,115,0.004580780863761902,-0.0007728756172582507,0.005353656481020153,0.005353656481020153,2.8661637716769083e-05
38,merged_z_p0p026_dedup_filtered,116,0.004645730834454298,-0.0005158754647709429,0.005161606299225241,0.005161606299225241,2.6642179588201688e-05
38,merged_z_p0p026_dedup_filtered,117,0.006299400236457586,-0.0005567368352785707,0.006856137071736157,0.006856137071736157,4.7006615546434845e-05
38,merged_z_p0p026_dedup_filtered,118,0.005543430335819721,-0.0008341713109984994,0.006377601646818221,0.006377601646818221,4.067380276549848e-05
38,merged_z_p0p026_dedup_filtered,119,0.006161828991025686,-0.0008954599034041166,0.007057288894429803,0.007057288894429803,4.980532653944223e-05
38,merged_z_p0p026_dedup_filtered,120,0.005381459835916758,-0.00027767239953391254,0.00565913223545067,0.00565913223545067,3.20257776583169e-05
38,merged_z_p0p026_dedup_filtered,121,0.0035828901454806328,-0.00025723950238898396,0.0038401296478696167,0.0038401296478696167,1.4746595712447227e-05
38,merged_z_p0p026_dedup_filtered,122,-0.000999698881059885,0.000771452090702951,-0.001771150971762836,0.001771150971762836,3.1369757647764382e-06
38,merged_z_p0p026_dedup_filtered,123,-0.0008620372973382473,0.0008390358416363597,-0.001701073138974607,0.001701073138974607,2.8936498241409226e-06
38,merged_z_p0p026_dedup_filtered,124,0.0013052874710410833,0.0009618177427910268,0.0003434697282500565,0.0003434697282500565,1.1797145422416766e-07
38,merged_z_p0p026_dedup_filtered,125,0.003152074757963419,0.0010490822605788708,0.002102992497384548,0.002102992497384548,4.422577444055699e-06
38,merged_z_p0p026_dedup_filtered,126,0.0033449772745370865,0.01456482708454132,-0.011219849810004234,0.011219849810004234,0.00012588502975905205
38,merged_z_p0p026_dedup_filtered,127,0.002801527502015233,0.0011778248008340597,0.0016237027011811733,0.0016237027011811733,2.6364104618230386e-06
39,merged_z_p0p028_dedup_filtered,0,-0.010649147443473339,-0.001447714283131063,-0.009201433160342276,0.009201433160342276,8.466637220424645e-05
39,merged_z_p0p028_dedup_filtered,1,-0.009073087014257908,-0.001375006278976798,-0.00769808073528111,0.00769808073528111,5.926044700690615e-05
39,merged_z_p0p028_dedup_filtered,2,-0.0066782343201339245,-0.0013246310409158468,-0.005353603279218078,0.005353603279218078,2.8661068071254554e-05
39,merged_z_p0p028_dedup_filtered,3,-0.011044062674045563,-0.0008837009663693607,-0.010160361707676202,0.010160361707676202,0.00010323295003081287
39,merged_z_p0p028_dedup_filtered,4,-0.006546422839164734,-0.0008428021101281047,-0.005703620729036629,0.005703620729036629,3.253128942069633e-05
39,merged_z_p0p028_dedup_filtered,5,-0.0038041644729673862,-0.001263270853087306,-0.0025408936198800802,0.0025408936198800802,6.456140387547298e-06
39,merged_z_p0p028_dedup_filtered,6,-0.0008195494301617146,-0.0012019394198432565,0.0003823899896815419,0.0003823899896815419,1.4622210420864974e-07
39,merged_z_p0p028_dedup_filtered,7,-0.001938600791618228,-0.0008019231609068811,-0.0011366776307113469,0.0011366776307113469,1.292036036159561e-06
39,merged_z_p0p028_dedup_filtered,8,0.0021868878975510597,-0.0007610530010424554,0.002947940898593515,0.002947940898593515,8.690355541600342e-06
39,merged_z_p0p028_dedup_filtered,9,0.0019132718443870544,-0.0011406324338167906,0.003053904278203845,0.003053904278203845,9.326331340431748e-06
39,merged_z_p0p028_dedup_filtered,10,0.004099754616618156,-0.0010793345281854272,0.005179089144803584,0.005179089144803584,2.6822964369822315e-05
39,merged_z_p0p028_dedup_filtered,11,0.005362004041671753,-0.0007201872649602592,0.006082191306632012,0.006082191306632012,3.699305109047002e-05
39,merged_z_p0p028_dedup_filtered,12,0.007312423549592495,-0.0006793235661461949,0.00799174711573869,0.00799174711573869,6.386802196191767e-05
39,merged_z_p0p028_dedup_filtered,13,0.005554331000894308,-0.0010180397657677531,0.006572370766662061,0.006572370766662061,4.319605749447405e-05
39,merged_z_p0p028_dedup_filtered,14,0.006219630595296621,-0.0009567463421262801,0.007176376937422901,0.007176376937422901,5.15003859479753e-05
39,merged_z_p0p028_dedup_filtered,15,0.007987001910805702,-0.000638460973277688,0.00862546288408339,0.00862546288408339,7.439860996470016e-05
39,merged_z_p0p028_dedup_filtered,16,0.007543756626546383,-0.0005975988460704684,0.008141355472616851,0.008141355472616851,6.628166893150835e-05
39,merged_z_p0p028_dedup_filtered,17,0.006781766191124916,0.008713317103683949,-0.0019315509125590324,0.0019315509125590324,3.730888927807631e-06
39,merged_z_p0p028_dedup_filtered,18,0.00013122730888426304,-4.381816864906796e-08,0.0001312711270529121,0.0001312711270529121,1.7232108797741794e-08
39,merged_z_p0p028_dedup_filtered,19,0.0006190411513671279,-3.940547443903597e-08,0.0006190805568415669,0.0006190805568415669,3.832607358592646e-07
39,merged_z_p0p028_dedup_filtered,20,0.0008960292325355113,-3.528859693346931e-08,0.0008960645211324447,0.0008960645211324447,8.029316260323175e-07
39,merged_z_p0p028_dedup_filtered,21,0.001005294849164784,-3.133590809056841e-08,0.0010053261850728745,0.0010053261850728745,1.0106807383931795e-06
39,merged_z_p0p028_dedup_filtered,22,0.000996123068034649,-2.7436634297828277e-08,0.0009961505046689467,0.0009961505046689467,9.923158279521973e-07
39,merged_z_p0p028_dedup_filtered,23,0.0009161231573671103,-2.3607100274603e-08,0.0009161467644673849,0.0009161467644673849,8.393248940440579e-07
39,merged_z_p0p028_dedup_filtered,24,0.0008056667866185308,-1.99208045614796e-08,0.0008056867074230922,0.0008056867074230922,6.491310705182635e-07
39,merged_z_p0p028_dedup_filtered,25,0.0006951277609914541,-1.6569588368042787e-08,0.0006951443305798222,0.0006951443305798222,4.832256403372691e-07
39,merged_z_p0p028_dedup_filtered,26,0.0006047337083145976,-1.3542215349104936e-08,0.0006047472505299467,0.0006047472505299467,3.6571923702353016e-07
39,merged_z_p0p028_dedup_filtered,27,0.0005462523549795151,-1.0667145389220423e-08,0.0005462630221249043,0.0005462630221249043,2.9840328934103367e-07
39,merged_z_p0p028_dedup_filtered,28,0.0005254086572676897,-7.969680915209665e-09,0.0005254166269486049,0.0005254166269486049,2.7606263187404945e-07
39,merged_z_p0p028_dedup_filtered,29,0.005142470356076956,9.47217849898152e-05,0.005047748571087141,0.005047748571087141,2.547976563691227e-05
39,merged_z_p0p028_dedup_filtered,30,0.013181810267269611,0.00021143874619156122,0.01297037152107805,0.01297037152107805,0.00016823053739479252
39,merged_z_p0p028_dedup_filtered,31,0.012267178855836391,0.00025207229191437364,0.012015106563922018,0.012015106563922018,0.00014436278574240195
39,merged_z_p0p028_dedup_filtered,32,0.015922483056783676,0.00037894511478953063,0.015543537941994146,0.015543537941994146,0.0002416015717542116
39,merged_z_p0p028_dedup_filtered,33,0.01289038360118866,0.0005682167247869074,0.012322166876401752,0.012322166876401752,0.0001518357965298925
39,merged_z_p0p028_dedup_filtered,34,0.01056593656539917,0.0004891888820566237,0.010076747683342546,0.010076747683342546,0.00010154084387374937
39,merged_z_p0p028_dedup_filtered,35,0.008365944027900696,0.0003336321096867323,0.008032311918213964,0.008032311918213964,6.451803475148208e-05
39,merged_z_p0p028_dedup_filtered,36,0.005840987432748079,0.00037446481292136014,0.005466522619826719,0.005466522619826719,2.9882869553077176e-05
39,merged_z_p0p028_dedup_filtered,37,0.003299761563539505,0.0004153090703766793,0.0028844524931628257,0.0028844524931628257,8.32006618531324e-06
39,merged_z_p0p028_dedup_filtered,38,0.0030579394660890102,0.0006241575465537608,0.0024337819195352495,0.0024337819195352495,5.9232944318566835e-06
39,merged_z_p0p028_dedup_filtered,39,0.0010022188071161509,0.0004561584210023284,0.0005460603861138225,0.0005460603861138225,2.9818194528277687e-07
39,merged_z_p0p028_dedup_filtered,40,-0.0008459058590233326,0.0004970102454535663,-0.001342916104476899,0.001342916104476899,1.8034236636634093e-06
39,merged_z_p0p028_dedup_filtered,41,-0.0021162587217986584,0.0005378634086810052,-0.0026541221304796636,0.0026541221304796636,7.0443642835019085e-06
39,merged_z_p0p028_dedup_filtered,42,-0.002766943769529462,0.0005787170375697315,-0.0033456608070991933,0.0033456608070991933,1.1193446236159626e-05
39,merged_z_p0p028_dedup_filtered,43,-0.002837103558704257,0.0006195716559886932,-0.0034566752146929502,0.0034566752146929502,1.1948603539872554e-05
39,merged_z_p0p028_dedup_filtered,44,-0.002429462503641844,0.0006604263326153159,-0.0030898888362571597,0.0030898888362571597,9.547413020426625e-06
39,merged_z_p0p028_dedup_filtered,45,-0.001685264753177762,0.0007012812420725822,-0.0023865459952503443,0.0023865459952503443,5.695601787445456e-06
39,merged_z_p0p028_dedup_filtered,46,-0.0007571245660074055,0.0007421369664371014,-0.0014992615324445069,0.0014992615324445069,2.247785142667851e-06
39,merged_z_p0p028_dedup_filtered,47,0.00021486359764821827,0.0007829946698620915,-0.0005681310722138733,0.0005681310722138733,3.227729152148853e-07
39,merged_z_p0p028_dedup_filtered,48,0.0011196770938113332,0.0008238583686761558,0.0002958187251351774,0.0002958187251351774,8.750871814060162e-08
39,merged_z_p0p028_dedup_filtered,49,0.0018825340084731579,0.0008647360373288393,0.0010177979711443186,0.0010177979711443186,1.0359127100654912e-06
39,merged_z_p0p028_dedup_filtered,50,0.002462955890223384,0.0009056436247192323,0.0015573122655041516,0.0015573122655041516,2.425221492289673e-06
39,merged_z_p0p028_dedup_filtered,51,0.002846095245331526,0.0009466128540225327,0.001899482391308993,0.001899482391308993,3.608033354892931e-06
39,merged_z_p0p028_dedup_filtered,52,0.003031059866771102,0.0009877001866698265,0.0020433596801012754,0.0020433596801012754,4.175318782263587e-06
39,merged_z_p0p028_dedup_filtered,53,-0.002257560146972537,0.0014846447156742215,-0.0037422048626467586,0.0037422048626467586,1.4004097234017045e-05
39,merged_z_p0p028_dedup_filtered,54,-0.0009998837485909462,0.0013856397708877921,-0.0023855235194787383,0.0023855235194787383,5.690722461986226e-06
39,merged_z_p0p028_dedup_filtered,55,0.0029029925353825092,0.00046105115325190127,0.002441941382130608,0.002441941382130608,5.963077713761944e-06
39,merged_z_p0p028_dedup_filtered,56,0.0042662047781050205,0.0004815375432372093,0.003784667234867811,0.003784667234867811,1.4323706078681964e-05
39,merged_z_p0p028_dedup_filtered,57,0.004773873835802078,0.0005020664539188147,0.004271807381883264,0.004271807381883264,1.8248338307912343e-05
39,merged_z_p0p028_dedup_filtered,58,-0.009905116632580757,-8.765365322460639e-08,-0.009905028978927533,0.009905028978927533,9.81095990733942e-05
39,merged_z_p0p028_dedup_filtered,59,-0.009488167241215706,-8.278884422452393e-08,-0.009488084452371481,0.009488084452371481,9.002374657533343e-05
39,merged_z_p0p028_dedup_filtered,60,-0.00868015643209219,-7.802069035278691e-08,-0.008680078411401837,0.008680078411401837,7.534376122808424e-05
39,merged_z_p0p028_dedup_filtered,61,-0.007559345569461584,-7.334247698054241e-08,-0.0075592722269846035,0.0075592722269846035,5.714259660166077e-05
39,merged_z_p0p028_dedup_filtered,62,-0.00623022997751832,-6.88823433847574e-08,-0.006230161095174935,0.006230161095174935,3.881490727183135e-05
39,merged_z_p0p028_dedup_filtered,63,-0.00480958167463541,-6.451631406889646e-08,-0.004809517158321341,0.004809517158321341,2.313145529618739e-05
39,merged_z_p0p028_dedup_filtered,64,-0.0034115961752831936,-6.008493613762766e-08,-0.003411536090347056,0.003411536090347056,1.1638578495740476e-05
39,merged_z_p0p028_dedup_filtered,65,-0.0021345121785998344,-5.5533046605660275e-08,-0.0021344566455532288,0.0021344566455532288,4.555905171746342e-06
39,merged_z_p0p028_dedup_filtered,66,-0.0010506780818104744,-5.0840792908957155e-08,-0.0010506272410175654,0.0010506272410175654,1.1038175995681816e-06
39,merged_z_p0p028_dedup_filtered,67,0.0070508630014956,-0.0003287561412435025,0.007379619142739102,0.007379619142739102,5.44587786918814e-05
39,merged_z_p0p028_dedup_filtered,68,0.005571764428168535,-0.0003491897659841925,0.005920954194152728,0.005920954194152728,3.5057698569254776e-05
39,merged_z_p0p028_dedup_filtered,69,0.0026237708516418934,-0.00036962368176318705,0.0029933945334050804,0.0029933945334050804,8.960410832619418e-06
39,merged_z_p0p028_dedup_filtered,70,-0.0016199215315282345,-0.00039005829603411257,-0.001229863235494122,0.001229863235494122,1.51256357802007e-06
39,merged_z_p0p028_dedup_filtered,71,-0.006735082715749741,-0.00041049456922337413,-0.0063245881465263665,0.0063245881465263665,4.0000415223181816e-05
39,merged_z_p0p028_dedup_filtered,72,-0.012102821841835976,-0.00043093538261018693,-0.011671886459225789,0.011671886459225789,0.00013623293351705833
39,merged_z_p0p028_dedup_filtered,73,-0.017007222399115562,-0.00045138722634874284,-0.01655583517276682,0.01655583517276682,0.00027409567826782295
39,merged_z_p0p028_dedup_filtered,74,-0.020756347104907036,-0.000471863808343187,-0.02028448329656385,0.02028448329656385,0.0004114602626085778
39,merged_z_p0p028_dedup_filtered,75,-0.022803455591201782,-0.0004923840169794858,-0.022311071574222296,0.022311071574222296,0.0004977839147900702
39,merged_z_p0p028_dedup_filtered,76,-0.017954574897885323,-0.0009862297447398305,-0.016968345153145492,0.016968345153145492,0.0002879247372362761
39,merged_z_p0p028_dedup_filtered,77,-0.01624622382223606,-0.0009451392688788474,-0.015301084553357214,0.015301084553357214,0.00023412318850898672
39,merged_z_p0p028_dedup_filtered,78,0.000912755262106657,0.0004405994259286672,0.00047215583617798984,0.00047215583617798984,2.2293113363693678e-07
39,merged_z_p0p028_dedup_filtered,79,-0.0013747992925345898,0.0004201637639198452,-0.001794963056454435,0.001794963056454435,3.221892374036247e-06
39,merged_z_p0p028_dedup_filtered,80,-0.003588265273720026,0.0003997348539996892,-0.003988000127719715,0.003988000127719715,1.5904145018692464e-05
39,merged_z_p0p028_dedup_filtered,81,-0.005380068905651569,0.00037930873804725707,-0.005759377643698826,0.005759377643698826,3.3170430842737845e-05
39,merged_z_p0p028_dedup_filtered,82,-0.006485338788479567,0.00035888361162506044,-0.006844222400104627,0.006844222400104627,4.684338026209394e-05
39,merged_z_p0p028_dedup_filtered,83,-0.006763019599020481,0.0003384589799679816,-0.007101478578988463,0.007101478578988463,5.043099800783199e-05
39,merged_z_p0p028_dedup_filtered,84,-0.006212006788700819,0.0003180345520377159,-0.006530041340738535,0.006530041340738535,4.264143991175432e-05
39,merged_z_p0p028_dedup_filtered,85,-0.004960332531481981,0.00029760986217297614,-0.005257942393654957,0.005257942393654957,2.7645958214994022e-05
39,merged_z_p0p028_dedup_filtered,86,-0.0032309640664607286,0.00027718511410057545,-0.003508149180561304,0.003508149180561304,1.230711067307295e-05
39,merged_z_p0p028_dedup_filtered,87,-0.0012924430193379521,0.00025676030782051384,-0.001549203327158466,0.001549203327158466,2.400030948878861e-06
39,merged_z_p0p028_dedup_filtered,88,0.0005946704186499119,0.00023633554519619793,0.00035833487345371395,0.00035833487345371395,1.284038815330892e-07
39,merged_z_p0p028_dedup_filtered,89,0.0022242292761802673,0.0002159112336812541,0.0020083180424990132,0.0020083180424990132,4.033341359827068e-06
39,merged_z_p0p028_dedup_filtered,90,0.0034745438024401665,0.0001954879699042067,0.0032790558325359598,0.0032790558325359598,1.0752207152888096e-05
39,merged_z_p0p028_dedup_filtered,91,0.004316831007599831,0.0001750672236084938,0.004141763783991337,0.004141763783991337,1.7154207242382237e-05
39,merged_z_p0p028_dedup_filtered,92,0.004801868461072445,0.0001546525745652616,0.004647215886507183,0.004647215886507183,2.1596615495804746e-05
39,merged_z_p0p028_dedup_filtered,93,0.005029610823839903,0.00013425250654108822,0.004895358317298815,0.004895358317298815,2.396453305474668e-05
39,merged_z_p0p028_dedup_filtered,94,-0.00023179734125733376,-0.0001346870994893834,-9.711024176795036e-05,9.711024176795036e-05,9.43039905622977e-09
39,merged_z_p0p028_dedup_filtered,95,9.568780660629272e-05,-0.00011431432358222082,0.00021000213018851355,0.00021000213018851355,4.410089468371339e-08
39,merged_z_p0p028_dedup_filtered,96,0.0005379803478717804,-0.00023012967722024769,0.0007681100250920281,0.0007681100250920281,5.89993010646876e-07
39,merged_z_p0p028_dedup_filtered,97,0.000588244991376996,-0.00034439569571986794,0.000932640687096864,0.000932640687096864,8.698186512285106e-07
39,merged_z_p0p028_dedup_filtered,98,0.0006371953058987856,-0.00040538940811529756,0.0010425847140140831,0.0010425847140140831,1.0869828858958275e-06
39,merged_z_p0p028_dedup_filtered,99,0.0003360291011631489,-0.0002708356478251517,0.0006068647489883006,0.0006068647489883006,3.6828482356463305e-07
39,merged_z_p0p028_dedup_filtered,100,0.0001627863384783268,-0.000311625306494534,0.0004744116449728608,0.0004744116449728608,2.2506640888585573e-07
39,merged_z_p0p028_dedup_filtered,101,0.000786270247772336,-0.00046654770267196,0.001252817950444296,0.001252817950444296,1.5695528169554465e-06
39,merged_z_p0p028_dedup_filtered,102,0.0011108762118965387,-0.0005277741001918912,0.00163865031208843,0.00163865031208843,2.685174845307509e-06
39,merged_z_p0p028_dedup_filtered,103,0.00020830915309488773,-0.0003524541389197111,0.0005607632920145988,0.0005607632920145988,3.1445546967105026e-07
39,merged_z_p0p028_dedup_filtered,104,0.0006473578978329897,-0.00039330110303126276,0.0010406590008642524,0.0010406590008642524,1.0829711560797842e-06
39,merged_z_p0p028_dedup_filtered,105,0.0016716232057660818,-0.0005890292231924832,0.002260652428958565,0.002260652428958565,5.11054940455626e-06
39,merged_z_p0p028_dedup_filtered,106,0.0024838026147335768,-0.0006503114709630609,0.0031341140856966376,0.0031341140856966376,9.82267110216207e-06
39,merged_z_p0p028_dedup_filtered,107,0.0015766710275784135,-0.000434155750554055,0.0020108267781324685,0.0020108267781324685,4.0434243316546035e-06
39,merged_z_p0p028_dedup_filtered,108,0.0004280725261196494,0.003386193886399269,-0.0029581213602796197,0.0029581213602796197,8.750481982142548e-06
39,merged_z_p0p028_dedup_filtered,109,-0.000449254410341382,-0.000195943663129583,-0.000253310747211799,0.000253310747211799,6.416633465299995e-08
39,merged_z_p0p028_dedup_filtered,110,-0.000733374385163188,-0.00017551530618220568,-0.0005578590789809823,0.0005578590789809823,3.1120675200150985e-07
39,merged_z_p0p028_dedup_filtered,111,-0.0005865516141057014,-0.0001550936867715791,-0.00043145792733412236,0.00043145792733412236,1.861559430594568e-07
39,merged_z_p0p028_dedup_filtered,112,0.0006244312971830368,-0.00018960496527142823,0.000814036262454465,0.000814036262454465,6.626550365908347e-07
39,merged_z_p0p028_dedup_filtered,113,0.0029669348150491714,-0.00047501467633992434,0.003441949491389096,0.003441949491389096,1.1847016301273655e-05
39,merged_z_p0p028_dedup_filtered,114,0.0034950340632349253,-0.0007115888292901218,0.004206622892525047,0.004206622892525047,1.7695676159915794e-05
39,merged_z_p0p028_dedup_filtered,115,0.004578001797199249,-0.0007728756172582507,0.0053508774144575,0.0053508774144575,2.863188910455138e-05
39,merged_z_p0p028_dedup_filtered,116,0.00464271754026413,-0.0005158754647709429,0.0051585930050350726,0.0051585930050350726,2.661108179159678e-05
39,merged_z_p0p028_dedup_filtered,117,0.006297608837485313,-0.0005567368352785707,0.006854345672763884,0.006854345672763884,4.698205460173698e-05
39,merged_z_p0p028_dedup_filtered,118,0.005541831720620394,-0.0008341713109984994,0.006376003031618893,0.006376003031618893,4.0653414659213316e-05
39,merged_z_p0p028_dedup_filtered,119,0.0061614029109478,-0.0008954599034041166,0.007056862814351916,0.007056862814351916,4.979931278058285e-05
39,merged_z_p0p028_dedup_filtered,120,0.005379817448556423,-0.00027767239953391254,0.005657489848090336,0.005657489848090336,3.200719138124521e-05
39,merged_z_p0p028_dedup_filtered,121,0.00357996323145926,-0.00025723950238898396,0.003837202733848244,0.003837202733848244,1.4724124820652437e-05
39,merged_z_p0p028_dedup_filtered,122,-0.0009979410097002983,0.000771452090702951,-0.0017693931004032493,0.0017693931004032493,3.130751943754623e-06
39,merged_z_p0p028_dedup_filtered,123,-0.0008598444983363152,0.0008390358416363597,-0.0016988803399726748,0.0016988803399726748,2.8861944095456713e-06
39,merged_z_p0p028_dedup_filtered,124,0.0013074942398816347,0.0009618177427910268,0.0003456764970906079,0.0003456764970906079,1.1949224064083304e-07
39,merged_z_p0p028_dedup_filtered,125,0.0031543863005936146,0.0010490822605788708,0.002105304040014744,0.002105304040014744,4.432305100902402e-06
39,merged_z_p0p028_dedup_filtered,126,0.0033476685639470816,0.015685196965932846,-0.012337528401985765,0.012337528401985765,0.0001522146070698054
39,merged_z_p0p028_dedup_filtered,127,0.0028048683889210224,0.0011778248008340597,0.0016270435880869627,0.0016270435880869627,2.647270837534898e-06
40,merged_z_p0p030_dedup_filtered,0,-0.010642925277352333,-0.001447714283131063,-0.00919521099422127,0.00919521099422127,8.455190522824772e-05
40,merged_z_p0p030_dedup_filtered,1,-0.009067093953490257,-0.001375006278976798,-0.007692087674513459,0.007692087674513459,5.916821279240188e-05
40,merged_z_p0p030_dedup_filtered,2,-0.006672617048025131,-0.0013246310409158468,-0.005347986007109284,0.005347986007109284,2.8600954332236707e-05
40,merged_z_p0p030_dedup_filtered,3,-0.011038349941372871,-0.0008837009663693607,-0.01015464897500351,0.01015464897500351,0.00010311689580553985
40,merged_z_p0p030_dedup_filtered,4,-0.006541211158037186,-0.0008428021101281047,-0.005698409047909081,0.005698409047909081,3.247186567729208e-05
40,merged_z_p0p030_dedup_filtered,5,-0.0037990668788552284,-0.001263270853087306,-0.0025357960257679224,0.0025357960257679224,6.43026148430039e-06
40,merged_z_p0p030_dedup_filtered,6,-0.000815107487142086,-0.0012019394198432565,0.00038683193270117044,0.00038683193270117044,1.4963894415732286e-07
40,merged_z_p0p030_dedup_filtered,7,-0.0019340373110026121,-0.0008019231609068811,-0.001132114150095731,0.001132114150095731,1.2816824488469794e-06
40,merged_z_p0p030_dedup_filtered,8,0.002190657425671816,-0.0007610530010424554,0.0029517104267142713,0.0029517104267142713,8.712594443173746e-06
40,merged_z_p0p030_dedup_filtered,9,0.0019169324077665806,-0.0011406324338167906,0.003057564841583371,0.003057564841583371,9.348702760486746e-06
40,merged_z_p0p030_dedup_filtered,10,0.004102520644664764,-0.0010793345281854272,0.005181855172850192,0.005181855172850192,2.685162303239429e-05
40,merged_z_p0p030_dedup_filtered,11,0.0053648436442017555,-0.0007201872649602592,0.006085030909162015,0.006085030909162015,3.702760116545709e-05
40,merged_z_p0p030_dedup_filtered,12,0.007314213551580906,-0.0006793235661461949,0.0079935371177271,0.0079935371177271,6.389663565248089e-05
40,merged_z_p0p030_dedup_filtered,13,0.005556103307753801,-0.0010180397657677531,0.0065741430735215545,0.0065741430735215545,4.321935715113143e-05
40,merged_z_p0p030_dedup_filtered,14,0.006220326758921146,-0.0009567463421262801,0.0071770731010474265,0.0071770731010474265,5.151037829777852e-05
40,merged_z_p0p030_dedup_filtered,15,0.00798764731734991,-0.000638460973277688,0.008626108290627599,0.008626108290627599,7.44097442416342e-05
40,merged_z_p0p030_dedup_filtered,16,0.0075431931763887405,-0.0005975988460704684,0.008140792022459209,0.008140792022459209,6.62724947529355e-05
40,merged_z_p0p030_dedup_filtered,17,0.006781459785997868,0.009335696697235107,-0.00255423691123724,0.00255423691123724,6.524126198726755e-06
40,merged_z_p0p030_dedup_filtered,18,0.00013222894631326199,-4.381816864906796e-08,0.00013227276448191105,0.00013227276448191105,1.749608422368711e-08
40,merged_z_p0p030_dedup_filtered,19,0.0006188732804730535,-3.940547443903597e-08,0.0006189126859474925,0.0006189126859474925,3.830529128267395e-07
40,merged_z_p0p030_dedup_filtered,20,0.0008946315501816571,-3.528859693346931e-08,0.0008946668387785905,0.0008946668387785905,8.004287524100765e-07
40,merged_z_p0p030_dedup_filtered,21,0.0010026460513472557,-3.133590809056841e-08,0.0010026773872553463,0.0010026773872553463,1.0053619429132076e-06
40,merged_z_p0p030_dedup_filtered,22,0.0009922469034790993,-2.7436634297828277e-08,0.000992274340113397,0.000992274340113397,9.846083660474776e-07
40,merged_z_p0p030_dedup_filtered,23,0.0009110926766879857,-2.3607100274603e-08,0.0009111162837882603,0.0009111162837882603,8.301328825841297e-07
40,merged_z_p0p030_dedup_filtered,24,0.0007996050408110023,-1.99208045614796e-08,0.0007996249616155637,0.0007996249616155637,6.394000792386918e-07
40,merged_z_p0p030_dedup_filtered,25,0.0006882046582177281,-1.6569588368042787e-08,0.0006882212278060962,0.0006882212278060962,4.7364845840293053e-07
40,merged_z_p0p030_dedup_filtered,26,0.0005971601931378245,-1.3542215349104936e-08,0.0005971737353531736,0.0005971737353531736,3.5661647019566226e-07
40,merged_z_p0p030_dedup_filtered,27,0.000538271851837635,-1.0667145389220423e-08,0.0005382825189830243,0.0005382825189830243,2.897480702427099e-07
40,merged_z_p0p030_dedup_filtered,28,0.0005172842647880316,-7.969680915209665e-09,0.0005172922344689468,0.0005172922344689468,2.675912558418758e-07
40,merged_z_p0p030_dedup_filtered,29,0.005134396255016327,9.47217849898152e-05,0.005039674470026512,0.005039674470026512,2.5398318763837e-05
40,merged_z_p0p030_dedup_filtered,30,0.013173702172935009,0.00021143874619156122,0.012962263426743448,0.012962263426743448,0.00016802027314429078
40,merged_z_p0p030_dedup_filtered,31,0.012259727343916893,0.00025207229191437364,0.01200765505200252,0.01200765505200252,0.00014418377984788162
40,merged_z_p0p030_dedup_filtered,32,0.015915025025606155,0.00037894511478953063,0.015536079910816625,0.015536079910816625,0.00024136977899527992
40,merged_z_p0p030_dedup_filtered,33,0.012884069234132767,0.0006088036461733282,0.012275265587959439,0.012275265587959439,0.00015068214525494118
40,merged_z_p0p030_dedup_filtered,34,0.01056110579520464,0.0004891888820566237,0.010071916913148016,0.010071916913148016,0.00010144351030535705
40,merged_z_p0p030_dedup_filtered,35,0.008361225947737694,0.0003336321096867323,0.008027593838050961,0.008027593838050961,6.444226282871377e-05
40,merged_z_p0p030_dedup_filtered,36,0.005837977863848209,0.00037446481292136014,0.005463513050926849,0.005463513050926849,2.9849974857648008e-05
40,merged_z_p0p030_dedup_filtered,37,0.003298410214483738,0.0004153090703766793,0.0028831011441070586,0.0028831011441070586,8.31227220715143e-06
40,merged_z_p0p030_dedup_filtered,38,0.003056999295949936,0.0006241575465537608,0.002432841749396175,0.002432841749396175,5.918718977605042e-06
40,merged_z_p0p030_dedup_filtered,39,0.0010023023933172226,0.0004561584210023284,0.0005461439723148942,0.0005461439723148942,2.982732384958919e-07
40,merged_z_p0p030_dedup_filtered,40,-0.0008447207510471344,0.0004970102454535663,-0.0013417309965007007,0.0013417309965007007,1.8002420669707633e-06
40,merged_z_p0p030_dedup_filtered,41,-0.0021143383346498013,0.0005378634086810052,-0.0026522017433308065,0.0026522017433308065,7.034174087326969e-06
40,merged_z_p0p030_dedup_filtered,42,-0.002764608943834901,0.0005787170375697315,-0.0033433259814046323,0.0033433259814046323,1.1177828617935248e-05
40,merged_z_p0p030_dedup_filtered,43,-0.002834572456777096,0.0006195716559886932,-0.003454144112765789,0.003454144112765789,1.193111155175456e-05
40,merged_z_p0p030_dedup_filtered,44,-0.0024268198758363724,0.0006604263326153159,-0.0030872462084516883,0.0030872462084516883,9.531089151599325e-06
40,merged_z_p0p030_dedup_filtered,45,-0.0016824636841192842,0.0007012812420725822,-0.0023837449261918664,0.0023837449261918664,5.682239873145467e-06
40,merged_z_p0p030_dedup_filtered,46,-0.0007540213991887867,0.0007421369664371014,-0.0014961583656258881,0.0014961583656258881,2.2384898550323287e-06
40,merged_z_p0p030_dedup_filtered,47,0.00021845355513505638,0.0007829946698620915,-0.0005645411147270352,0.0005645411147270352,3.187066702172435e-07
40,merged_z_p0p030_dedup_filtered,48,0.0011239167070016265,0.0008238583686761558,0.0003000583383254707,0.0003000583383254707,9.003500639864263e-08
40,merged_z_p0p030_dedup_filtered,49,0.0018875073874369264,0.0008647360373288393,0.001022771350108087,0.001022771350108087,1.0460612346019192e-06
40,merged_z_p0p030_dedup_filtered,50,0.002468632534146309,0.0009056436247192323,0.0015629889094270766,0.0015629889094270766,2.442934330992042e-06
40,merged_z_p0p030_dedup_filtered,51,0.002852321369573474,0.0009466128540225327,0.0019057085155509412,0.0019057085155509412,3.631724946243372e-06
40,merged_z_p0p030_dedup_filtered,52,0.003037579357624054,0.0009877001866698265,0.0020498791709542274,0.0020498791709542274,4.202004615511991e-06
40,merged_z_p0p030_dedup_filtered,53,-0.002250934485346079,0.0014846447156742215,-0.0037355792010203004,0.0037355792010203004,1.3954551967095466e-05
40,merged_z_p0p030_dedup_filtered,54,-0.000993984518572688,0.0013856397708877921,-0.00237962428946048,0.00237962428946048,5.662611758990295e-06
40,merged_z_p0p030_dedup_filtered,55,0.0029090428724884987,0.00046105115325190127,0.0024479917192365974,0.0024479917192365974,5.992663457450952e-06
40,merged_z_p0p030_dedup_filtered,56,0.004272500053048134,0.0004815375432372093,0.0037909625098109245,0.0037909625098109245,1.4371396750791944e-05
40,merged_z_p0p030_dedup_filtered,57,0.004780259914696217,0.0005020664539188147,0.004278193460777402,0.004278193460777402,1.8302939287838523e-05
40,merged_z_p0p030_dedup_filtered,58,-0.009898771531879902,-8.765365322460639e-08,-0.009898683878226677,0.009898683878226677,9.798394252106474e-05
40,merged_z_p0p030_dedup_filtered,59,-0.00948190875351429,-8.278884422452393e-08,-0.009481825964670065,0.009481825964670065,8.990502362429142e-05
40,merged_z_p0p030_dedup_filtered,60,-0.008674079552292824,-7.802069035278691e-08,-0.008674001531602471,0.008674001531602471,7.523830257024201e-05
40,merged_z_p0p030_dedup_filtered,61,-0.007553550414741039,-7.334247698054241e-08,-0.007553477072264059,0.007553477072264059,5.7055015881218814e-05
40,merged_z_p0p030_dedup_filtered,62,-0.006224827840924263,-6.88823433847574e-08,-0.006224758958580878,0.006224758958580878,3.87476240924329e-05
40,merged_z_p0p030_dedup_filtered,63,-0.004804691299796104,-6.451631406889646e-08,-0.0048046267834820355,0.0048046267834820355,2.308443852855293e-05
40,merged_z_p0p030_dedup_filtered,64,-0.0034073456190526485,-6.008493613762766e-08,-0.003407285534116511,0.003407285534116511,1.1609594710999637e-05
40,merged_z_p0p030_dedup_filtered,65,-0.002131033455953002,-5.5533046605660275e-08,-0.0021309779229063963,0.0021309779229063963,4.541066907914459e-06
40,merged_z_p0p030_dedup_filtered,66,-0.001048101345077157,-5.0840792908957155e-08,-0.001048050504284248,0.001048050504284248,1.0984098595304667e-06
40,merged_z_p0p030_dedup_filtered,67,0.007052412256598473,-0.0003287561412435025,0.007381168397841975,0.007381168397841975,5.448164691730107e-05
40,merged_z_p0p030_dedup_filtered,68,0.005574449431151152,-0.0003491897659841925,0.005923639197135344,0.005923639197135344,3.5089501337838264e-05
40,merged_z_p0p030_dedup_filtered,69,0.0026274528354406357,-0.00036962368176318705,0.0029970765172038227,0.0029970765172038227,8.982467649974595e-06
40,merged_z_p0p030_dedup_filtered,70,-0.001615405548363924,-0.00039005829603411257,-0.0012253472523298115,0.0012253472523298115,1.5014758887922186e-06
40,merged_z_p0p030_dedup_filtered,71,-0.006729900371283293,-0.00041049456922337413,-0.006319405802059919,0.006319405802059919,3.993488969110856e-05
40,merged_z_p0p030_dedup_filtered,72,-0.012097136117517948,-0.00043093538261018693,-0.011666200734907761,0.011666200734907761,0.0001361002395871624
40,merged_z_p0p030_dedup_filtered,73,-0.017001181840896606,-0.00045138722634874284,-0.016549794614547864,0.016549794614547864,0.0002738957017837175
40,merged_z_p0p030_dedup_filtered,74,-0.020750083029270172,-0.000471863808343187,-0.020278219220926985,0.020278219220926985,0.0004112061747719726
40,merged_z_p0p030_dedup_filtered,75,-0.022797083482146263,-0.0004923840169794858,-0.022304699465166777,0.022304699465166777,0.0004974996182314111
40,merged_z_p0p030_dedup_filtered,76,-0.017948249354958534,-0.0009862297447398305,-0.016962019610218704,0.016962019610218704,0.00028771010925744385
40,merged_z_p0p030_dedup_filtered,77,-0.016240036115050316,-0.0009451392688788474,-0.015294896846171468,0.015294896846171468,0.00023393386953502593
40,merged_z_p0p030_dedup_filtered,78,0.0009184391237795353,0.0004405994259286672,0.0004778396978508681,0.0004778396978508681,2.2833077684220893e-07
40,merged_z_p0p030_dedup_filtered,79,-0.0013695595553144813,0.0004201637639198452,-0.0017897233192343265,0.0017897233192343265,3.203109559411135e-06
40,merged_z_p0p030_dedup_filtered,80,-0.003583503421396017,0.0003997348539996892,-0.003983238275395706,0.003983238275395706,1.586618715857736e-05
40,merged_z_p0p030_dedup_filtered,81,-0.005375786684453487,0.00037930873804725707,-0.0057550954225007445,0.0057550954225007445,3.312112332208902e-05
40,merged_z_p0p030_dedup_filtered,82,-0.00648152781650424,0.00035888361162506044,-0.0068404114281293005,0.0068404114281293005,4.6791228506081935e-05
40,merged_z_p0p030_dedup_filtered,83,-0.006759687326848507,0.0003384589799679816,-0.0070981463068164885,0.0070981463068164885,5.038368099297255e-05
40,merged_z_p0p030_dedup_filtered,84,-0.006209198385477066,0.0003180345520377159,-0.006527232937514782,0.006527232937514782,4.260476982057785e-05
40,merged_z_p0p030_dedup_filtered,85,-0.004958147648721933,0.00029760986217297614,-0.0052557575108949095,0.0052557575108949095,2.7622987013328254e-05
40,merged_z_p0p030_dedup_filtered,86,-0.003229554044082761,0.00027718511410057545,-0.0035067391581833363,0.0035067391581833363,1.2297219523536374e-05
40,merged_z_p0p030_dedup_filtered,87,-0.0012919981963932514,0.00025676030782051384,-0.0015487585042137653,0.0015487585042137653,2.3986529043744596e-06
40,merged_z_p0p030_dedup_filtered,88,0.0005939528928138316,0.00023633554519619793,0.00035761734761763364,0.00035761734761763364,1.2789016731707142e-07
40,merged_z_p0p030_dedup_filtered,89,0.002222181297838688,0.0002159112336812541,0.002006270064157434,0.002006270064157434,4.025119570334273e-06
40,merged_z_p0p030_dedup_filtered,90,0.003471068572252989,0.0001954879699042067,0.003275580602348782,0.003275580602348782,1.072942828248361e-05
40,merged_z_p0p030_dedup_filtered,91,0.004311935976147652,0.0001750672236084938,0.004136868752539158,0.004136868752539158,1.7113683075734888e-05
40,merged_z_p0p030_dedup_filtered,92,0.004795688204467297,0.0001546525745652616,0.004641035629902035,0.004641035629902035,2.153921171802018e-05
40,merged_z_p0p030_dedup_filtered,93,0.005022404715418816,0.00013425250654108822,0.004888152208877727,0.004888152208877727,2.3894032017156205e-05
40,merged_z_p0p030_dedup_filtered,94,-0.0002398141659796238,-0.0001346870994893834,-0.0001051270664902404,0.0001051270664902404,1.1051700108843425e-08
40,merged_z_p0p030_dedup_filtered,95,8.741766214370728e-05,-0.00011431432358222082,0.0002017319857259281,0.0002017319857259281,4.069579406492606e-08
40,merged_z_p0p030_dedup_filtered,96,0.0005295034497976303,-0.00023012967722024769,0.000759633127017878,0.000759633127017878,5.770424876629596e-07
40,merged_z_p0p030_dedup_filtered,97,0.0005796980112791061,-0.00034439569571986794,0.0009240937069989741,0.0009240937069989741,8.539491793151058e-07
40,merged_z_p0p030_dedup_filtered,98,0.0006289808079600334,-0.00040538940811529756,0.001034370216075331,0.001034370216075331,1.0699217439037269e-06
40,merged_z_p0p030_dedup_filtered,99,0.0003278409130871296,-0.0002708356478251517,0.0005986765609122813,0.0005986765609122813,3.5841362458575643e-07
40,merged_z_p0p030_dedup_filtered,100,0.00015507498756051064,-0.000311625306494534,0.00046670029405504465,0.00046670029405504465,2.1780916447106515e-07
40,merged_z_p0p030_dedup_filtered,101,0.0007785959169268608,-0.00046654770267196,0.0012451436195988208,0.0012451436195988208,1.550382633427653e-06
40,merged_z_p0p030_dedup_filtered,102,0.0011039283126592636,-0.0005277741001918912,0.0016317024128511548,0.0016317024128511548,2.6624527641042804e-06
40,merged_z_p0p030_dedup_filtered,103,0.0002012518234550953,-0.0003524541389197111,0.0005537059623748064,0.0005537059623748064,3.065902927694105e-07
40,merged_z_p0p030_dedup_filtered,104,0.0006411192007362843,-0.00039330110303126276,0.001034420303767547,0.001034420303767547,1.0700253648465442e-06
40,merged_z_p0p030_dedup_filtered,105,0.0016655594808980823,-0.0005890292231924832,0.0022545887040905654,0.0022545887040905654,5.083170224612775e-06
40,merged_z_p0p030_dedup_filtered,106,0.0024787490256130695,-0.0006503114709630609,0.0031290604965761304,0.0031290604965761304,9.79101959123326e-06
40,merged_z_p0p030_dedup_filtered,107,0.0015713957836851478,-0.000434155750554055,0.0020055515342392027,0.0020055515342392027,4.02223695648922e-06
40,merged_z_p0p030_dedup_filtered,108,0.00042285420931875706,0.003628064878284931,-0.003205210668966174,0.003205210668966174,1.027337543245459e-05
40,merged_z_p0p030_dedup_filtered,109,-0.00045544933527708054,-0.000195943663129583,-0.00025950567214749753,0.00025950567214749753,6.734319387672448e-08
40,merged_z_p0p030_dedup_filtered,110,-0.000740353949368,-0.00017551530618220568,-0.0005648386431857944,0.0005648386431857944,3.190426928359691e-07
40,merged_z_p0p030_dedup_filtered,111,-0.0005941386334598064,-0.0001550936867715791,-0.00043904494668822736,0.00043904494668822736,1.927604652124684e-07
40,merged_z_p0p030_dedup_filtered,112,0.0006158556789159775,-0.00018960496527142823,0.0008054606441874057,0.0008054606441874057,6.487668493347906e-07
40,merged_z_p0p030_dedup_filtered,113,0.0029627433978021145,-0.00047501467633992434,0.003437758074142039,0.003437758074142039,1.181818057632878e-05
40,merged_z_p0p030_dedup_filtered,114,0.003491082228720188,-0.0007115888292901218,0.00420267105801031,0.00420267105801031,1.7662444021837498e-05
40,merged_z_p0p030_dedup_filtered,115,0.00457520829513669,-0.0007728756172582507,0.005348083912394941,0.005348083912394941,2.8602001534017577e-05
40,merged_z_p0p030_dedup_filtered,116,0.004639696795493364,-0.0005158754647709429,0.005155572260264307,0.005155572260264307,2.6579925330806818e-05
40,merged_z_p0p030_dedup_filtered,117,0.006295810453593731,-0.0005567368352785707,0.006852547288872302,0.006852547288872302,4.695740434623113e-05
40,merged_z_p0p030_dedup_filtered,118,0.00554021866992116,-0.0008341713109984994,0.006374389980919659,0.006374389980919659,4.063284762884893e-05
40,merged_z_p0p030_dedup_filtered,119,0.006160962861031294,-0.0008954599034041166,0.0070564227644354105,0.0070564227644354105,4.979310223044228e-05
40,merged_z_p0p030_dedup_filtered,120,0.0053781745955348015,-0.00027767239953391254,0.005655846995068714,0.005655846995068714,3.19886052316278e-05
40,merged_z_p0p030_dedup_filtered,121,0.0035770339891314507,-0.00025723950238898396,0.0038342734915204346,0.0038342734915204346,1.4701653207776304e-05
40,merged_z_p0p030_dedup_filtered,122,-0.0009961780160665512,0.000771452090702951,-0.0017676301067695022,0.0017676301067695022,3.1245161943579616e-06
40,merged_z_p0p030_dedup_filtered,123,-0.000857645645737648,0.0008390358416363597,-0.0016966814873740077,0.0016966814873740077,2.878728069597675e-06
40,merged_z_p0p030_dedup_filtered,124,0.0013097078772261739,0.0009618177427910268,0.00034789013443514705,0.00034789013443514705,1.2102754563730469e-07
40,merged_z_p0p030_dedup_filtered,125,0.0031567057594656944,0.0010490822605788708,0.0021076234988868237,0.0021076234988868237,4.442076813059937e-06
40,merged_z_p0p030_dedup_filtered,126,0.003350369166582823,0.01680556870996952,-0.013455199543386698,0.013455199543386698,0.0001810423947523536
40,merged_z_p0p030_dedup_filtered,127,0.002808220451697707,0.0011778248008340597,0.0016303956508636475,0.0016303956508636475,2.6581899783550966e-06
41,merged_z_p0p032_dedup_filtered,0,-0.010636713355779648,-0.001447714283131063,-0.009188999072648585,0.009188999072648585,8.443770395713655e-05
41,merged_z_p0p032_dedup_filtered,1,-0.009061108343303204,-0.001375006278976798,-0.0076861020643264055,0.0076861020643264055,5.907616494324263e-05
41,merged_z_p0p032_dedup_filtered,2,-0.006667006760835648,-0.0013246310409158468,-0.005342375719919801,0.005342375719919801,2.854097833278861e-05
41,merged_z_p0p032_dedup_filtered,3,-0.01103263720870018,-0.0008837009663693607,-0.01014893624233082,0.01014893624233082,0.00010300090685089601
41,merged_z_p0p032_dedup_filtered,4,-0.006535997614264488,-0.0008428021101281047,-0.0056931955041363835,0.0056931955041363835,3.241247504831873e-05
41,merged_z_p0p032_dedup_filtered,5,-0.0037939737085253,-0.001263270853087306,-0.002530702855437994,0.002530702855437994,6.404456942522016e-06
41,merged_z_p0p032_dedup_filtered,6,-0.0008106667082756758,-0.0012019394198432565,0.0003912727115675807,0.0003912727115675807,1.530943348174472e-07
41,merged_z_p0p032_dedup_filtered,7,-0.001929471967741847,-0.0008019231609068811,-0.001127548806834966,0.001127548806834966,1.2713663117949553e-06
41,merged_z_p0p032_dedup_filtered,8,0.002194429049268365,-0.0007610530010424554,0.0029554820503108203,0.0029554820503108203,8.73487414970945e-06
41,merged_z_p0p032_dedup_filtered,9,0.0019205944845452905,-0.0011406324338167906,0.003061226918362081,0.003061226918362081,9.371110245704603e-06
41,merged_z_p0p032_dedup_filtered,10,0.004105289466679096,-0.0010793345281854272,0.005184623994864523,0.005184623994864523,2.688032596812497e-05
41,merged_z_p0p032_dedup_filtered,11,0.005367684178054333,-0.0007201872649602592,0.006087871443014592,0.006087871443014592,3.7062178706672566e-05
41,merged_z_p0p032_dedup_filtered,12,0.007316003553569317,-0.0006793235661461949,0.007995327119715512,0.007995327119715512,6.392525575125834e-05
41,merged_z_p0p032_dedup_filtered,13,0.005557879339903593,-0.0010180397657677531,0.006575919105671346,0.006575919105671346,4.324271208433344e-05
41,merged_z_p0p032_dedup_filtered,14,0.006221028044819832,-0.0009567463421262801,0.007177774386946112,0.007177774386946112,5.152044514989963e-05
41,merged_z_p0p032_dedup_filtered,15,0.007988291792571545,-0.000638460973277688,0.008626752765849233,0.008626752765849233,7.442086328308739e-05
41,merged_z_p0p032_dedup_filtered,16,0.007542629726231098,-0.0005975988460704684,0.008140228572301567,0.008140228572301567,6.62633212093148e-05
41,merged_z_p0p032_dedup_filtered,17,0.006781150586903095,0.009958076290786266,-0.003176925703883171,0.003176925703883171,1.0092856927993582e-05
41,merged_z_p0p032_dedup_filtered,18,0.0001332287210971117,-4.381816864906796e-08,0.00013327253926576077,0.00013327253926576077,1.7761569722343747e-08
41,merged_z_p0p032_dedup_filtered,19,0.0006187037797644734,-3.940547443903597e-08,0.0006187431852389125,0.0006187431852389125,3.828431292795952e-07
41,merged_z_p0p032_dedup_filtered,20,0.0008932325290516019,-3.528859693346931e-08,0.0008932678176485354,0.0008932678176485354,7.97927394046577e-07
41,merged_z_p0p032_dedup_filtered,21,0.0009999965550377965,-3.133590809056841e-08,0.001000027890945887,0.001000027890945887,1.000055782669679e-06
41,merged_z_p0p032_dedup_filtered,22,0.0009883709717541933,-2.7436634297828277e-08,0.0009883984083884911,0.0009883984083884911,9.769314137049026e-07
41,merged_z_p0p032_dedup_filtered,23,0.0009060636512003839,-2.3607100274603e-08,0.0009060872583006585,0.0009060872583006585,8.209941196548042e-07
41,merged_z_p0p032_dedup_filtered,24,0.0007935457397252321,-1.99208045614796e-08,0.0007935656605297936,0.0007935656605297936,6.297464575720876e-07
41,merged_z_p0p032_dedup_filtered,25,0.0006812851643189788,-1.6569588368042787e-08,0.0006813017339073468,0.0006813017339073468,4.641720526251572e-07
41,merged_z_p0p032_dedup_filtered,26,0.0005895913345739245,-1.3542215349104936e-08,0.0005896048767892736,0.0005896048767892736,3.4763391073369453e-07
41,merged_z_p0p032_dedup_filtered,27,0.0005302964709699154,-1.0667145389220423e-08,0.0005303071381153046,0.0005303071381153046,2.8122566073604475e-07
41,merged_z_p0p032_dedup_filtered,28,0.0005091654602438211,-7.969680915209665e-09,0.0005091734299247364,0.0005091734299247364,2.592575817413204e-07
41,merged_z_p0p032_dedup_filtered,29,0.005126326344907284,9.47217849898152e-05,0.005031604559917469,0.005031604559917469,2.5317044447382263e-05
41,merged_z_p0p032_dedup_filtered,30,0.01316559687256813,0.00021143874619156122,0.01295415812637657,0.01295415812637657,0.0001678102127631681
41,merged_z_p0p032_dedup_filtered,31,0.01225227676331997,0.00025207229191437364,0.012000204471405596,0.012000204471405596,0.00014400490735554285
41,merged_z_p0p032_dedup_filtered,32,0.015907570719718933,0.00037894511478953063,0.015528625604929402,0.015528625604929402,0.00024113821317806906
41,merged_z_p0p032_dedup_filtered,33,0.012877753004431725,0.0006493905675597489,0.012228362436871976,0.012228362436871976,0.00014953284788750152
41,merged_z_p0p032_dedup_filtered,34,0.010556275956332684,0.0004891888820566237,0.01006708707427606,0.01006708707427606,0.00010134624216105612
41,merged_z_p0p032_dedup_filtered,35,0.008356509730219841,0.0003336321096867323,0.008022877620533109,0.008022877620533109,6.4366565314051e-05
41,merged_z_p0p032_dedup_filtered,36,0.005834968760609627,0.00037446481292136014,0.005460503947688267,0.005460503947688267,2.9817103362719143e-05
41,merged_z_p0p032_dedup_filtered,37,0.003297058865427971,0.0004153090703766793,0.0028817497950512916,0.0028817497950512916,8.30448188127816e-06
41,merged_z_p0p032_dedup_filtered,38,0.003056056797504425,0.0006241575465537608,0.0024318992509506643,0.0024318992509506643,5.914133966774402e-06
41,merged_z_p0p032_dedup_filtered,39,0.0010023843497037888,0.0004561584210023284,0.0005462259287014604,0.0005462259287014604,2.9836276518577286e-07
41,merged_z_p0p032_dedup_filtered,40,-0.0008435379713773727,0.0004970102454535663,-0.001340548216830939,0.001340548216830939,1.7970695216486104e-06
41,merged_z_p0p032_dedup_filtered,41,-0.002112420741468668,0.0005378634086810052,-0.0026502841501496732,0.0026502841501496732,7.024006076534576e-06
41,merged_z_p0p032_dedup_filtered,42,-0.0027622783090919256,0.0005787170375697315,-0.003340995346661657,0.003340995346661657,1.1162249906414846e-05
41,merged_z_p0p032_dedup_filtered,43,-0.002832047175616026,0.0006195716559886932,-0.003451618831604719,0.003451618831604719,1.1913672558688327e-05
41,merged_z_p0p032_dedup_filtered,44,-0.002424183301627636,0.0006604263326153159,-0.003084609634242952,0.003084609634242952,9.514816595664437e-06
41,merged_z_p0p032_dedup_filtered,45,-0.0016796692507341504,0.0007012812420725822,-0.0023809504928067327,0.0023809504928067327,5.668925249196623e-06
41,merged_z_p0p032_dedup_filtered,46,-0.0007509251590818167,0.0007421369664371014,-0.001493062125518918,0.001493062125518918,2.2292345106590694e-06
41,merged_z_p0p032_dedup_filtered,47,0.00022203687694855034,0.0007829946698620915,-0.0005609577929135412,0.0005609577929135412,3.1467364543043137e-07
41,merged_z_p0p032_dedup_filtered,48,0.0011281500337645411,0.0008238583686761558,0.00030429166508838534,0.00030429166508838534,9.259341744226207e-08
41,merged_z_p0p032_dedup_filtered,49,0.0018924751784652472,0.0008647360373288393,0.0010277391411364079,0.0010277391411364079,1.0562477422238013e-06
41,merged_z_p0p032_dedup_filtered,50,0.002474304288625717,0.0009056436247192323,0.0015686606639064848,0.0015686606639064848,2.460696278487534e-06
41,merged_z_p0p032_dedup_filtered,51,0.0028585423715412617,0.0009466128540225327,0.001911929517518729,0.001911929517518729,3.6554744799593998e-06
41,merged_z_p0p032_dedup_filtered,52,0.0030440944246947765,0.0009877001866698265,0.00205639423802495,0.00205639423802495,4.228757262182215e-06
41,merged_z_p0p032_dedup_filtered,53,-0.0022443081252276897,0.0014846447156742215,-0.0037289528409019113,0.0037289528409019113,1.3905089289670435e-05
41,merged_z_p0p032_dedup_filtered,54,-0.0009880855213850737,0.0013856397708877921,-0.0023737252922728658,0.0023737252922728658,5.634571763175902e-06
41,merged_z_p0p032_dedup_filtered,55,0.0029150836635380983,0.00046105115325190127,0.002454032510286197,0.002454032510286197,6.022275561541574e-06
41,merged_z_p0p032_dedup_filtered,56,0.004278784617781639,0.0004815375432372093,0.0037972470745444298,0.0037972470745444298,1.441908534513623e-05
41,merged_z_p0p032_dedup_filtered,57,0.004786635283380747,0.0005020664539188147,0.004284568829461932,0.004284568829461932,1.8357530054396792e-05
41,merged_z_p0p032_dedup_filtered,58,-0.009892428293824196,-8.765365322460639e-08,-0.009892340640170971,0.009892340640170971,9.785840334117822e-05
41,merged_z_p0p032_dedup_filtered,59,-0.009475652128458023,-8.278884422452393e-08,-0.009475569339613799,0.009475569339613799,8.978641430982908e-05
41,merged_z_p0p032_dedup_filtered,60,-0.008668003603816032,-7.802069035278691e-08,-0.00866792558312568,0.00866792558312568,7.513293391460465e-05
41,merged_z_p0p032_dedup_filtered,61,-0.007547757122665644,-7.334247698054241e-08,-0.007547683780188663,0.007547683780188663,5.696753044572303e-05
41,merged_z_p0p032_dedup_filtered,62,-0.006219426169991493,-6.88823433847574e-08,-0.0062193572876481085,0.0062193572876481085,3.868040507142164e-05
41,merged_z_p0p032_dedup_filtered,63,-0.004799801856279373,-6.451631406889646e-08,-0.004799737339965304,0.004799737339965304,2.3037478532657215e-05
41,merged_z_p0p032_dedup_filtered,64,-0.003403095994144678,-6.008493613762766e-08,-0.0034030359092085405,0.0034030359092085405,1.1580653399362798e-05
41,merged_z_p0p032_dedup_filtered,65,-0.0021275558974593878,-5.5533046605660275e-08,-0.002127500364412782,0.002127500364412782,4.526257800576521e-06
41,merged_z_p0p032_dedup_filtered,66,-0.0010455260053277016,-5.0840792908957155e-08,-0.0010454751645347926,0.0010454751645347926,1.0930183196590516e-06
41,merged_z_p0p032_dedup_filtered,67,0.007053961046040058,-0.0003287561412435025,0.007382717187283561,0.007382717187283561,5.450451306741209e-05
41,merged_z_p0p032_dedup_filtered,68,0.005577135365456343,-0.0003491897659841925,0.005926325131440535,0.005926325131440535,3.5121329563543676e-05
41,merged_z_p0p032_dedup_filtered,69,0.0026311352849006653,-0.00036962368176318705,0.0030007589666638523,0.0030007589666638523,9.00455437601351e-06
41,merged_z_p0p032_dedup_filtered,70,-0.0016108867712318897,-0.00039005829603411257,-0.0012208284751977772,0.0012208284751977772,1.4904221658537296e-06
41,merged_z_p0p032_dedup_filtered,71,-0.006724715232849121,-0.00041049456922337413,-0.006314220663625747,0.006314220663625747,3.9869382588958365e-05
41,merged_z_p0p032_dedup_filtered,72,-0.012091446667909622,-0.00043093538261018693,-0.011660511285299435,0.011660511285299435,0.0001359675234345955
41,merged_z_p0p032_dedup_filtered,73,-0.0169951394200325,-0.00045138722634874284,-0.01654375219368376,0.01654375219368376,0.0002736957366460162
41,merged_z_p0p032_dedup_filtered,74,-0.02074381709098816,-0.000471863808343187,-0.020271953282644972,0.020271953282644972,0.00041095208989374026
41,merged_z_p0p032_dedup_filtered,75,-0.022790707647800446,-0.0004923840169794858,-0.02229832363082096,0.02229832363082096,0.0004972152367448285
41,merged_z_p0p032_dedup_filtered,76,-0.017941925674676895,-0.0009862297447398305,-0.016955695929937065,0.016955695929937065,0.0002874956244684843
41,merged_z_p0p032_dedup_filtered,77,-0.01623385027050972,-0.0009451392688788474,-0.015288711001630872,0.015288711001630872,0.00023374468409138887
41,merged_z_p0p032_dedup_filtered,78,0.0009241136722266674,0.0004405994259286672,0.0004835142462980002,0.0004835142462980002,2.3378602637312322e-07
41,merged_z_p0p032_dedup_filtered,79,-0.0013643288984894753,0.0004201637639198452,-0.0017844926624093205,0.0017844926624093205,3.184414062192705e-06
41,merged_z_p0p032_dedup_filtered,80,-0.0035787492524832487,0.0003997348539996892,-0.003978484106482938,0.003978484106482938,1.582833578553734e-05
41,merged_z_p0p032_dedup_filtered,81,-0.00537151051685214,0.00037930873804725707,-0.0057508192548993975,0.0057508192548993975,3.307192210252166e-05
41,merged_z_p0p032_dedup_filtered,82,-0.006477721501141787,0.00035888361162506044,-0.006836605112766847,0.006836605112766847,4.673916946790979e-05
41,merged_z_p0p032_dedup_filtered,83,-0.006756357848644257,0.0003384589799679816,-0.007094816828612238,0.007094816828612238,5.0336425831559414e-05
41,merged_z_p0p032_dedup_filtered,84,-0.00620639231055975,0.0003180345520377159,-0.0065244268625974655,0.0065244268625974655,4.256814588538341e-05
41,merged_z_p0p032_dedup_filtered,85,-0.00495596369728446,0.00029760986217297614,-0.005253573559457436,0.005253573559457436,2.7600035144630275e-05
41,merged_z_p0p032_dedup_filtered,86,-0.0032281437888741493,0.00027718511410057545,-0.0035053289029747248,0.0035053289029747248,1.2287330718029987e-05
41,merged_z_p0p032_dedup_filtered,87,-0.0012915513943880796,0.00025676030782051384,-0.0015483117022085935,0.0015483117022085935,2.3972691271960723e-06
41,merged_z_p0p032_dedup_filtered,88,0.0005932381609454751,0.00023633554519619793,0.0003569026157492772,0.0003569026157492772,1.273794771286762e-07
41,merged_z_p0p032_dedup_filtered,89,0.0022201372776180506,0.0002159112336812541,0.0020042260439367965,0.0020042260439367965,4.0169220351945415e-06
41,merged_z_p0p032_dedup_filtered,90,0.0034675977658480406,0.0001954879699042067,0.003272109795943834,0.003272109795943834,1.0706702516711598e-05
41,merged_z_p0p032_dedup_filtered,91,0.004307045601308346,0.0001750672236084938,0.004131978377699852,0.004131978377699852,1.70732453137791e-05
41,merged_z_p0p032_dedup_filtered,92,0.004789511673152447,0.0001546525745652616,0.004634859098587185,0.004634859098587185,2.1481918863756414e-05
41,merged_z_p0p032_dedup_filtered,93,0.005015203263610601,0.00013425250654108822,0.004880950757069513,0.004880950757069513,2.3823680292937453e-05
41,merged_z_p0p032_dedup_filtered,94,-0.00024782493710517883,-0.0001346870994893834,-0.00011313783761579543,0.00011313783761579543,1.2800170300378096e-08
41,merged_z_p0p032_dedup_filtered,95,7.915496826171875e-05,-0.00011431432358222082,0.00019346929184393957,0.00019346929184393957,3.743036688659546e-08
41,merged_z_p0p032_dedup_filtered,96,0.0005210395902395248,-0.00023012967722024769,0.0007511692674597725,0.0007511692674597725,5.642552683760513e-07
41,merged_z_p0p032_dedup_filtered,97,0.0005711640696972609,-0.00034439569571986794,0.0009155597654171288,0.0009155597654171288,8.382496840506679e-07
41,merged_z_p0p032_dedup_filtered,98,0.0006207784172147512,-0.00040538940811529756,0.0010261678253300488,0.0010261678253300488,1.0530204057426015e-06
41,merged_z_p0p032_dedup_filtered,99,0.0003196648322045803,-0.0002708356478251517,0.000590500480029732,0.000590500480029732,3.486908169153439e-07
41,merged_z_p0p032_dedup_filtered,100,0.00014737248420715332,-0.000311625306494534,0.00045899779070168734,0.00045899779070168734,2.1067897186902997e-07
41,merged_z_p0p032_dedup_filtered,101,0.0007709325291216373,-0.00046654770267196,0.0012374802317935973,0.0012374802317935973,1.5313573240799354e-06
41,merged_z_p0p032_dedup_filtered,102,0.001096989493817091,-0.0005277741001918912,0.0016247635940089822,0.0016247635940089822,2.6398567364169847e-06
41,merged_z_p0p032_dedup_filtered,103,0.0001942012459039688,-0.0003524541389197111,0.0005466553848236799,0.0005466553848236799,2.988321097567256e-07
41,merged_z_p0p032_dedup_filtered,104,0.0006348844617605209,-0.00039330110303126276,0.0010281855647917837,0.0010281855647917837,1.0571655556461992e-06
41,merged_z_p0p032_dedup_filtered,105,0.0016595034394413233,-0.0005890292231924832,0.0022485326626338065,0.0022485326626338065,5.055899134931075e-06
41,merged_z_p0p032_dedup_filtered,106,0.0024737021885812283,-0.0006503114709630609,0.003124013659544289,0.003124013659544289,9.759461345019302e-06
41,merged_z_p0p032_dedup_filtered,107,0.0015661228680983186,-0.000434155750554055,0.0020002786186523736,0.0020002786186523736,4.001114552237848e-06
41,merged_z_p0p032_dedup_filtered,108,0.0004176350776106119,0.003869936103001237,-0.003452301025390625,0.003452301025390625,1.191838236991316e-05
41,merged_z_p0p032_dedup_filtered,109,-0.00046164332889020443,-0.000195943663129583,-0.00026569966576062143,0.00026569966576062143,7.059631238530594e-08
41,merged_z_p0p032_dedup_filtered,110,-0.0007473307196050882,-0.00017551530618220568,-0.0005718154134228826,0.0005718154134228826,3.269728670279821e-07
41,merged_z_p0p032_dedup_filtered,111,-0.0006017214618623257,-0.0001550936867715791,-0.0004466277750907466,0.0004466277750907466,1.994763694825105e-07
41,merged_z_p0p032_dedup_filtered,112,0.0006072940304875374,-0.00018960496527142823,0.0007968989957589656,0.0007968989957589656,6.350480094416479e-07
41,merged_z_p0p032_dedup_filtered,113,0.0029585515148937702,-0.00047501467633992434,0.0034335661912336946,0.0034335661912336946,1.178937678958306e-05
41,merged_z_p0p032_dedup_filtered,114,0.0034871362149715424,-0.0007115888292901218,0.004198725044261664,0.004198725044261664,1.7629291997310114e-05
41,merged_z_p0p032_dedup_filtered,115,0.004572419915348291,-0.0007728756172582507,0.005345295532606542,0.005345295532606542,2.8572184330903457e-05
41,merged_z_p0p032_dedup_filtered,116,0.004636675119400024,-0.0005158754647709429,0.005152550584170967,0.005152550584170967,2.6548777522440577e-05
41,merged_z_p0p032_dedup_filtered,117,0.006294011604040861,-0.0005567368352785707,0.006850748439319432,0.006850748439319432,4.693275417883763e-05
41,merged_z_p0p032_dedup_filtered,118,0.005538611672818661,-0.0008341713109984994,0.00637278298381716,0.00637278298381716,4.061236295882955e-05
41,merged_z_p0p032_dedup_filtered,119,0.006160528399050236,-0.0008954599034041166,0.007055988302454352,0.007055988302454352,4.978697092437265e-05
41,merged_z_p0p032_dedup_filtered,120,0.005376528017222881,-0.00027767239953391254,0.005654200416756794,0.005654200416756794,3.19699823528527e-05
41,merged_z_p0p032_dedup_filtered,121,0.003574102185666561,-0.00025723950238898396,0.003831341688055545,0.003831341688055545,1.4679179130632314e-05
41,merged_z_p0p032_dedup_filtered,122,-0.0009944206103682518,0.000771452090702951,-0.0017658727010712028,0.0017658727010712028,3.1183063963885054e-06
41,merged_z_p0p032_dedup_filtered,123,-0.0008554542437195778,0.0008390358416363597,-0.0016944900853559375,0.0016944900853559375,2.8712966493695723e-06
41,merged_z_p0p032_dedup_filtered,124,0.0013119125505909324,0.0009618177427910268,0.00035009480779990554,0.00035009480779990554,1.225663744484528e-07
41,merged_z_p0p032_dedup_filtered,125,0.0031590184662491083,0.0010490822605788708,0.0021099362056702375,0.0021099362056702375,4.451830791998119e-06
41,merged_z_p0p032_dedup_filtered,126,0.0033530632499605417,0.017925940454006195,-0.014572877204045653,0.014572877204045653,0.00021236875000419346
41,merged_z_p0p032_dedup_filtered,127,0.0028115666937083006,0.0011778248008340597,0.0016337418928742409,0.0016337418928742409,2.6691125725323075e-06
42,merged_z_p0p034_dedup_filtered,0,-0.01063050702214241,-0.001447714283131063,-0.009182792739011347,0.009182792739011347,8.432368248763952e-05
42,merged_z_p0p034_dedup_filtered,1,-0.009055126458406448,-0.001375006278976798,-0.00768012017942965,0.00768012017942965,5.8984245970482524e-05
42,merged_z_p0p034_dedup_filtered,2,-0.006661396473646164,-0.0013246310409158468,-0.005336765432730317,0.005336765432730317,2.848106528398521e-05
42,merged_z_p0p034_dedup_filtered,3,-0.011026926338672638,-0.0008837009663693607,-0.010143225372303277,0.010143225372303277,0.00010288502095333695
42,merged_z_p0p034_dedup_filtered,4,-0.00653078593313694,-0.0008428021101281047,-0.005687983823008835,0.005687983823008835,3.2353159970810206e-05
42,merged_z_p0p034_dedup_filtered,5,-0.0037888772785663605,-0.001263270853087306,-0.0025256064254790545,0.0025256064254790545,6.378687816421087e-06
42,merged_z_p0p034_dedup_filtered,6,-0.0008062201086431742,-0.0012019394198432565,0.0003957193112000823,0.0003957193112000823,1.5659377325666758e-07
42,merged_z_p0p034_dedup_filtered,7,-0.0019249075558036566,-0.0008019231609068811,-0.0011229843948967755,0.0011229843948967755,1.261093951181677e-06
42,merged_z_p0p034_dedup_filtered,8,0.0021982002072036266,-0.0007610530010424554,0.002959253208246082,0.002959253208246082,8.75717955051473e-06
42,merged_z_p0p034_dedup_filtered,9,0.0019242643611505628,-0.0011406324338167906,0.0030648967949673533,0.0030648967949673533,9.393592363801155e-06
42,merged_z_p0p034_dedup_filtered,10,0.0041080666705966,-0.0010793345281854272,0.005187401198782027,0.005187401198782027,2.690913119712521e-05
42,merged_z_p0p034_dedup_filtered,11,0.005370526108890772,-0.0007201872649602592,0.006090713373851031,0.006090713373851031,3.7096789402407806e-05
42,merged_z_p0p034_dedup_filtered,12,0.007317795418202877,-0.0006793235661461949,0.007997118984349072,0.007997118984349072,6.395391204983633e-05
42,merged_z_p0p034_dedup_filtered,13,0.005559662822633982,-0.0010180397657677531,0.006577702588401735,0.006577702588401735,4.326617134146688e-05
42,merged_z_p0p034_dedup_filtered,14,0.00622173398733139,-0.0009567463421262801,0.0071784803294576705,0.0071784803294576705,5.15305798404107e-05
42,merged_z_p0p034_dedup_filtered,15,0.007988939061760902,-0.000638460973277688,0.00862740003503859,0.00862740003503859,7.443203136458387e-05
42,merged_z_p0p034_dedup_filtered,16,0.007542068138718605,-0.0005975988460704684,0.008139666984789073,0.008139666984789073,6.625417862326525e-05
42,merged_z_p0p034_dedup_filtered,17,0.0067808423191308975,0.010580457746982574,-0.003799615427851677,0.003799615427851677,1.4437077399568482e-05
42,merged_z_p0p034_dedup_filtered,18,0.00013423035852611065,-4.381816864906796e-08,0.00013427417669475972,0.00013427417669475972,1.8029554527055554e-08
42,merged_z_p0p034_dedup_filtered,19,0.0006185361417010427,-3.940547443903597e-08,0.0006185755471754817,0.0006185755471754817,3.8263570756344656e-07
42,merged_z_p0p034_dedup_filtered,20,0.0008918354287743568,-3.528859693346931e-08,0.0008918707173712903,0.0008918707173712903,7.9543337650438e-07
42,merged_z_p0p034_dedup_filtered,21,0.0009973481064662337,-3.133590809056841e-08,0.0009973794423743243,0.0009973794423743243,9.94765752070918e-07
42,merged_z_p0p034_dedup_filtered,22,0.0009844956221058965,-2.7436634297828277e-08,0.0009845230587401943,0.0009845230587401943,9.692856531911482e-07
42,merged_z_p0p034_dedup_filtered,23,0.0009010339854285121,-2.3607100274603e-08,0.0009010575925287867,0.0009010575925287867,8.11904785053773e-07
42,merged_z_p0p034_dedup_filtered,24,0.0007874846924096346,-1.99208045614796e-08,0.0007875046132141961,0.0007875046132141961,6.201635158336405e-07
42,merged_z_p0p034_dedup_filtered,25,0.0006743626436218619,-1.6569588368042787e-08,0.00067437921321023,0.00067437921321023,4.547873232100488e-07
42,merged_z_p0p034_dedup_filtered,26,0.0005820187507197261,-1.3542215349104936e-08,0.0005820322929350752,0.0005820322929350752,3.3876159001926115e-07
42,merged_z_p0p034_dedup_filtered,27,0.0005223166663199663,-1.0667145389220423e-08,0.0005223273334653555,0.0005223273334653555,2.728258432850287e-07
42,merged_z_p0p034_dedup_filtered,28,0.0005010424647480249,-7.969680915209665e-09,0.0005010504344289402,0.0005010504344289402,2.5105153784142964e-07
42,merged_z_p0p034_dedup_filtered,29,0.005118261091411114,9.47217849898152e-05,0.0050235393064212985,0.0050235393064212985,2.523594716315978e-05
42,merged_z_p0p034_dedup_filtered,30,0.013157490640878677,0.00021143874619156122,0.012946051894687116,0.012946051894687116,0.00016760025965993186
42,merged_z_p0p034_dedup_filtered,31,0.01224482525140047,0.00025207229191437364,0.011992752959486097,0.011992752959486097,0.00014382612354726254
42,merged_z_p0p034_dedup_filtered,32,0.015900105237960815,0.00037894511478953063,0.015521160123171285,0.015521160123171285,0.00024090641156912247
42,merged_z_p0p034_dedup_filtered,33,0.012871433980762959,0.0006899776635691524,0.012181456317193806,0.012181456317193806,0.00014838787800770087
42,merged_z_p0p034_dedup_filtered,34,0.010551445186138153,0.0004891888820566237,0.01006225630408153,0.01006225630408153,0.00010124900192902848
42,merged_z_p0p034_dedup_filtered,35,0.008351793512701988,0.0003336321096867323,0.008018161403015256,0.008018161403015256,6.429091228480358e-05
42,merged_z_p0p034_dedup_filtered,36,0.0058319601230323315,0.00037446481292136014,0.005457495310110971,0.005457495310110971,2.9784255059883246e-05
42,merged_z_p0p034_dedup_filtered,37,0.0032957084476947784,0.0004153090703766793,0.002880399377318099,0.002880399377318099,8.296700572854492e-06
42,merged_z_p0p034_dedup_filtered,38,0.003055120352655649,0.0006241575465537608,0.0024309628061018884,0.0024309628061018884,5.9095801646507675e-06
42,merged_z_p0p034_dedup_filtered,39,0.0010024691000580788,0.0004561584210023284,0.0005463106790557504,0.0005463106790557504,2.984553580503551e-07
42,merged_z_p0p034_dedup_filtered,40,-0.0008423528634011745,0.0004970102454535663,-0.0013393631088547409,0.0013393631088547409,1.7938935373610364e-06
42,merged_z_p0p034_dedup_filtered,41,-0.002110501052811742,0.0005378634086810052,-0.002648364461492747,0.002648364461492747,7.013834320897768e-06
42,merged_z_p0p034_dedup_filtered,42,-0.0027599455788731575,0.0005787170375697315,-0.003338662616442889,0.003338662616442889,1.1146668066433277e-05
42,merged_z_p0p034_dedup_filtered,43,-0.002829519798979163,0.0006195716559886932,-0.0034490914549678564,0.0034490914549678564,1.1896231864732285e-05
42,merged_z_p0p034_dedup_filtered,44,-0.0024215455632656813,0.0006604263326153159,-0.003081971895880997,0.003081971895880997,9.498550767000308e-06
42,merged_z_p0p034_dedup_filtered,45,-0.0016768740024417639,0.0007012812420725822,-0.002378155244514346,0.002378155244514346,5.655622367011089e-06
42,merged_z_p0p034_dedup_filtered,46,-0.0007478289771825075,0.0007421369664371014,-0.0014899659436196089,0.0014899659436196089,2.2199985131462715e-06
42,merged_z_p0p034_dedup_filtered,47,0.0002256193693028763,0.0007829946698620915,-0.0005573753005592152,0.0005573753005592152,3.1066722567347553e-07
42,merged_z_p0p034_dedup_filtered,48,0.0011323821963742375,0.0008238583686761558,0.00030852382769808173,0.00030852382769808173,9.518695225747562e-08
42,merged_z_p0p034_dedup_filtered,49,0.0018974416889250278,0.0008647360373288393,0.0010327056515961885,0.0010327056515961885,1.0664809628387084e-06
42,merged_z_p0p034_dedup_filtered,50,0.0024799739476293325,0.0009056436247192323,0.0015743303229101002,0.0015743303229101002,2.4785159656342204e-06
42,merged_z_p0p034_dedup_filtered,51,0.002864762209355831,0.0009466128540225327,0.0019181493553332984,0.0019181493553332984,3.6792969493655484e-06
42,merged_z_p0p034_dedup_filtered,52,0.00305060762912035,0.0009877001866698265,0.0020629074424505234,0.0020629074424505234,4.255587116117759e-06
42,merged_z_p0p034_dedup_filtered,53,-0.002237676875665784,0.0014846447156742215,-0.0037223215913400054,0.0037223215913400054,1.385567802935599e-05
42,merged_z_p0p034_dedup_filtered,54,-0.00098218466155231,0.0013856397708877921,-0.002367824432440102,0.002367824432440102,5.606592542860292e-06
42,merged_z_p0p034_dedup_filtered,55,0.002921122359111905,0.00046105115325190127,0.002460071205860004,0.002460071205860004,6.051950337901493e-06
42,merged_z_p0p034_dedup_filtered,56,0.004285065922886133,0.0004815375432372093,0.003803528379648924,0.003803528379648924,1.4466828134794768e-05
42,merged_z_p0p034_dedup_filtered,57,0.004793005064129829,0.0005020664539188147,0.004290938610211015,0.004290938610211015,1.8412154156599635e-05
42,merged_z_p0p034_dedup_filtered,58,-0.00988608505576849,-8.765365322460639e-08,-0.009885997402115265,0.009885997402115265,9.773294463462977e-05
42,merged_z_p0p034_dedup_filtered,59,-0.009469396434724331,-8.278884422452393e-08,-0.009469313645880106,0.009469313645880106,8.966790092405119e-05
42,merged_z_p0p034_dedup_filtered,60,-0.008661928586661816,-7.802069035278691e-08,-0.008661850565971463,0.008661850565971463,7.502765522722015e-05
42,merged_z_p0p034_dedup_filtered,61,-0.007541963364928961,-7.334247698054241e-08,-0.00754189002245198,0.00754189002245198,5.688010511076073e-05
42,merged_z_p0p034_dedup_filtered,62,-0.006214024964720011,-6.88823433847574e-08,-0.006213956082376626,0.006213956082376626,3.8613250193705466e-05
42,merged_z_p0p034_dedup_filtered,63,-0.004794912412762642,-6.451631406889646e-08,-0.004794847896448573,0.004794847896448573,2.2990566350077304e-05
42,merged_z_p0p034_dedup_filtered,64,-0.0033988463692367077,-6.008493613762766e-08,-0.00339878628430057,0.00339878628430057,1.1551748206349675e-05
42,merged_z_p0p034_dedup_filtered,65,-0.002124077407643199,-5.5533046605660275e-08,-0.0021240218745965933,0.0021240218745965933,4.511468923764827e-06
42,merged_z_p0p034_dedup_filtered,66,-0.0010429492685943842,-5.0840792908957155e-08,-0.0010428984278014752,0.0010428984278014752,1.087637130710789e-06
42,merged_z_p0p034_dedup_filtered,67,0.007055503316223621,-0.0003287561412435025,0.007384259457467124,0.007384259457467124,5.452728773519266e-05
42,merged_z_p0p034_dedup_filtered,68,0.005579813849180937,-0.0003491897659841925,0.005929003615165129,0.005929003615165129,3.515308386864117e-05
42,merged_z_p0p034_dedup_filtered,69,0.0026348098181188107,-0.00036962368176318705,0.0030044334998819977,0.0030044334998819977,9.026620655213189e-06
42,merged_z_p0p034_dedup_filtered,70,-0.0016063759103417397,-0.00039005829603411257,-0.001216317614307627,0.001216317614307627,1.4794285388749975e-06
42,merged_z_p0p034_dedup_filtered,71,-0.0067195347510278225,-0.00041049456922337413,-0.006309040181804448,0.006309040181804448,3.9803988015623104e-05
42,merged_z_p0p034_dedup_filtered,72,-0.01208576001226902,-0.00043093538261018693,-0.011654824629658833,0.011654824629658833,0.00013583493714810216
42,merged_z_p0p034_dedup_filtered,73,-0.016989093273878098,-0.00045138722634874284,-0.016537706047529355,0.016537706047529355,0.000273495721314489
42,merged_z_p0p034_dedup_filtered,74,-0.0207375455647707,-0.000471863808343187,-0.02026568175642751,0.02026568175642751,0.00041069785705279886
42,merged_z_p0p034_dedup_filtered,75,-0.02278432622551918,-0.0004923840169794858,-0.022291942208539695,0.022291942208539695,0.0004969306874288736
42,merged_z_p0p034_dedup_filtered,76,-0.017935601994395256,-0.0009862297447398305,-0.016949372249655426,0.016949372249655426,0.0002872812196573894
42,merged_z_p0p034_dedup_filtered,77,-0.016227664425969124,-0.0009451392688788474,-0.015282525157090276,0.015282525157090276,0.00023355557517709718
42,merged_z_p0p034_dedup_filtered,78,0.0009297889191657305,0.0004405994259286672,0.0004891894932370633,0.0004891894932370633,2.393063602935348e-07
42,merged_z_p0p034_dedup_filtered,79,-0.001359093701466918,0.0004201637639198452,-0.0017792574653867632,0.0017792574653867632,3.165757128134529e-06
42,merged_z_p0p034_dedup_filtered,80,-0.0035739880986511707,0.0003997348539996892,-0.00397372295265086,0.00397372295265086,1.5790474104424268e-05
42,merged_z_p0p034_dedup_filtered,81,-0.005367226433008909,0.00037930873804725707,-0.005746535171056166,0.005746535171056166,3.302266647218552e-05
42,merged_z_p0p034_dedup_filtered,82,-0.006473907269537449,0.00035888361162506044,-0.006832790881162509,0.006832790881162509,4.668703122569754e-05
42,merged_z_p0p034_dedup_filtered,83,-0.006753021385520697,0.0003384589799679816,-0.007091480365488678,0.007091480365488678,5.0289093774111434e-05
42,merged_z_p0p034_dedup_filtered,84,-0.006203582044690847,0.0003180345520377159,-0.006521616596728563,0.006521616596728563,4.253148303472545e-05
42,merged_z_p0p034_dedup_filtered,85,-0.0049537778832018375,0.00029760986217297614,-0.005251387745374814,0.005251387745374814,2.7577073252272768e-05
42,merged_z_p0p034_dedup_filtered,86,-0.003226735396310687,0.00027718511410057545,-0.0035039205104112625,0.0035039205104112625,1.2277458943280722e-05
42,merged_z_p0p034_dedup_filtered,87,-0.0012911090161651373,0.00025676030782051384,-0.0015478693239856511,0.0015478693239856511,2.3958994441357966e-06
42,merged_z_p0p034_dedup_filtered,88,0.0005925172590650618,0.00023633554519619793,0.0003561817138688639,0.0003561817138688639,1.2686541329456122e-07
42,merged_z_p0p034_dedup_filtered,89,0.002218086738139391,0.0002159112336812541,0.002002175504458137,0.002002175504458137,4.008706750652195e-06
42,merged_z_p0p034_dedup_filtered,90,0.0034641213715076447,0.0001954879699042067,0.003268633401603438,0.003268633401603438,1.0683964314077662e-05
42,merged_z_p0p034_dedup_filtered,91,0.004302152432501316,0.0001750672236084938,0.004127085208892822,0.004127085208892822,1.703283232146191e-05
42,merged_z_p0p034_dedup_filtered,92,0.004783335141837597,0.0001546525745652616,0.004628682567272335,0.004628682567272335,2.1424702308570817e-05
42,merged_z_p0p034_dedup_filtered,93,0.005008004605770111,0.00013425250654108822,0.004873752099229023,0.004873752099229023,2.3753459524739306e-05
42,merged_z_p0p034_dedup_filtered,94,-0.0002558426931500435,-0.0001346870994893834,-0.00012115559366066009,0.00012115559366066009,1.4678677875266979e-08
42,merged_z_p0p034_dedup_filtered,95,7.088109850883484e-05,-0.00011431432358222082,0.00018519542209105566,0.00018519542209105566,3.429734436348427e-08
42,merged_z_p0p034_dedup_filtered,96,0.0005125734023749828,-0.00023012967722024769,0.0007427030795952305,0.0007427030795952305,5.516078644402393e-07
42,merged_z_p0p034_dedup_filtered,97,0.0005626366473734379,-0.00034439569571986794,0.0009070323430933058,0.0009070323430933058,8.227076714173325e-07
42,merged_z_p0p034_dedup_filtered,98,0.0006125809159129858,-0.00040538940811529756,0.0010179703240282834,0.0010179703240282834,1.0362635806022482e-06
42,merged_z_p0p034_dedup_filtered,99,0.0003114868886768818,-0.0002708356478251517,0.0005823225365020335,0.0005823225365020335,3.390995365181621e-07
42,merged_z_p0p034_dedup_filtered,100,0.0001396695151925087,-0.000311625306494534,0.0004512948216870427,0.0004512948216870427,2.0366701608153968e-07
42,merged_z_p0p034_dedup_filtered,101,0.0007632712367922068,-0.00046654770267196,0.0012298189394641668,0.0012298189394641668,1.5124546238647679e-06
42,merged_z_p0p034_dedup_filtered,102,0.0010900499764829874,-0.0005277741001918912,0.0016178240766748786,0.0016178240766748786,2.6173547430689235e-06
42,merged_z_p0p034_dedup_filtered,103,0.00018715090118348598,-0.0003524541389197111,0.0005396050401031971,0.0005396050401031971,2.9117359930477295e-07
42,merged_z_p0p034_dedup_filtered,104,0.0006286511197686195,-0.00039330110303126276,0.0010219522227998823,0.0010219522227998823,1.0443863456856203e-06
42,merged_z_p0p034_dedup_filtered,105,0.0016534443711861968,-0.0005890292231924832,0.00224247359437868,0.00224247359437868,5.028687821485637e-06
42,merged_z_p0p034_dedup_filtered,106,0.0024686509277671576,-0.0006503114709630609,0.0031189623987302184,0.0031189623987302184,9.727926444692958e-06
42,merged_z_p0p034_dedup_filtered,107,0.0015608516987413168,-0.000434155750554055,0.0019950074492953718,0.0019950074492953718,3.980054722744025e-06
42,merged_z_p0p034_dedup_filtered,108,0.0004124229308217764,0.00411180779337883,-0.0036993848625570536,0.0036993848625570536,1.368544836131627e-05
42,merged_z_p0p034_dedup_filtered,109,-0.0004678324330598116,-0.000195943663129583,-0.0002718887699302286,0.0002718887699302286,7.392350321417277e-08
42,merged_z_p0p034_dedup_filtered,110,-0.0007543065585196018,-0.00017551530618220568,-0.0005787912523373961,0.0005787912523373961,3.349993137822914e-07
42,merged_z_p0p034_dedup_filtered,111,-0.000609307549893856,-0.0001550936867715791,-0.00045421386312227696,0.00045421386312227696,2.0631023345246255e-07
42,merged_z_p0p034_dedup_filtered,112,0.0005987291224300861,-0.00018960496527142823,0.0007883340877015144,0.0007883340877015144,6.214706338321789e-07
42,merged_z_p0p034_dedup_filtered,113,0.002954362891614437,-0.00047501467633992434,0.0034293775679543614,0.0034293775679543614,1.1760630503588571e-05
42,merged_z_p0p034_dedup_filtered,114,0.0034831855446100235,-0.0007115888292901218,0.004194774373900145,0.004194774373900145,1.7596132047929356e-05
42,merged_z_p0p034_dedup_filtered,115,0.0045696282759308815,-0.0007728756172582507,0.005342503893189132,0.005342503893189132,2.8542347848741035e-05
42,merged_z_p0p034_dedup_filtered,116,0.004633656237274408,-0.0005158754647709429,0.005149531702045351,0.005149531702045351,2.6517676750370092e-05
42,merged_z_p0p034_dedup_filtered,117,0.006292215548455715,-0.0005567368352785707,0.006848952383734286,0.006848952383734286,4.6908148754659556e-05
42,merged_z_p0p034_dedup_filtered,118,0.0055370032787323,-0.0008341713109984994,0.006371174589730799,0.006371174589730799,4.059186565283142e-05
42,merged_z_p0p034_dedup_filtered,119,0.006160095799714327,-0.0008954599034041166,0.0070555557031184435,0.0070555557031184435,4.9780866279807193e-05
42,merged_z_p0p034_dedup_filtered,120,0.0053748865611851215,-0.00027767239953391254,0.005652558960719034,0.005652558960719034,3.1951422804405046e-05
42,merged_z_p0p034_dedup_filtered,121,0.003571176901459694,-0.00025723950238898396,0.003828416403848678,0.003828416403848678,1.4656772161257643e-05
42,merged_z_p0p034_dedup_filtered,122,-0.0009926562197506428,0.000771452090702951,-0.0017641083104535937,0.0017641083104535937,3.112078131011433e-06
42,merged_z_p0p034_dedup_filtered,123,-0.0008532586507499218,0.0008390358416363597,-0.0016922944923862815,0.0016922944923862815,2.863860648960942e-06
42,merged_z_p0p034_dedup_filtered,124,0.0013141146628186107,0.0009618177427910268,0.00035229692002758384,0.00035229692002758384,1.241131198609218e-07
42,merged_z_p0p034_dedup_filtered,125,0.0031613223254680634,0.0010490822605788708,0.0021122400648891926,0.0021122400648891926,4.4615580917231005e-06
42,merged_z_p0p034_dedup_filtered,126,0.003355748951435089,0.01904631219804287,-0.01569056324660778,0.01569056324660778,0.0002461937749957989
42,merged_z_p0p034_dedup_filtered,127,0.002814906183630228,0.0011778248008340597,0.0016370813827961683,0.0016370813827961683,2.6800354538978146e-06
43,merged_z_p0p036_dedup_filtered,0,-0.010624295100569725,-0.001447714283131063,-0.009176580817438662,0.009176580817438662,8.420963549898322e-05
43,merged_z_p0p036_dedup_filtered,1,-0.00904914177954197,-0.001375006278976798,-0.007674135500565171,0.007674135500565171,5.889235568103465e-05
43,merged_z_p0p036_dedup_filtered,2,-0.00665578618645668,-0.0013246310409158468,-0.0053311551455408335,0.0053311551455408335,2.8421215185826505e-05
43,merged_z_p0p036_dedup_filtered,3,-0.011021215468645096,-0.0008837009663693607,-0.010137514502275735,0.010137514502275735,0.00010276920028385084
43,merged_z_p0p036_dedup_filtered,4,-0.006525574252009392,-0.0008428021101281047,-0.005682772141881287,0.005682772141881287,3.229389921654203e-05
43,merged_z_p0p036_dedup_filtered,5,-0.003783784108236432,-0.001263270853087306,-0.002520513255149126,0.002520513255149126,6.352987069382443e-06
43,merged_z_p0p036_dedup_filtered,6,-0.0008017795626074076,-0.0012019394198432565,0.0004001598572358489,0.0004001598572358489,1.6012791134301498e-07
43,merged_z_p0p036_dedup_filtered,7,-0.0019203436095267534,-0.0008019231609068811,-0.0011184204486198723,0.0011184204486198723,1.2508642998910765e-06
43,merged_z_p0p036_dedup_filtered,8,0.0022019711323082447,-0.0007610530010424554,0.0029630241333507,0.0029630241333507,8.779512014818668e-06
43,merged_z_p0p036_dedup_filtered,9,0.001927926205098629,-0.0011406324338167906,0.0030685586389154196,0.0030685586389154196,9.416052120462452e-06
43,merged_z_p0p036_dedup_filtered,10,0.004110835492610931,-0.0010793345281854272,0.005190170020796359,0.005190170020796359,2.6937864844773273e-05
43,merged_z_p0p036_dedup_filtered,11,0.005373367108404636,-0.0007201872649602592,0.006093554373364896,0.006093554373364896,3.713140490115444e-05
43,merged_z_p0p036_dedup_filtered,12,0.007319587282836437,-0.0006793235661461949,0.007998910848982632,0.007998910848982632,6.398257476997205e-05
43,merged_z_p0p036_dedup_filtered,13,0.005561439320445061,-0.0010180397657677531,0.006579479086212814,0.006579479086212814,4.3289545045911804e-05
43,merged_z_p0p036_dedup_filtered,14,0.0062224362045526505,-0.0009567463421262801,0.0071791825466789305,0.0071791825466789305,5.154066203853937e-05
43,merged_z_p0p036_dedup_filtered,15,0.00798958633095026,-0.000638460973277688,0.008628047304227948,0.008628047304227948,7.444320028399516e-05
43,merged_z_p0p036_dedup_filtered,16,0.0075415074825286865,-0.0005975988460704684,0.008139106328599155,0.008139106328599155,6.624505182824282e-05
43,merged_z_p0p036_dedup_filtered,17,0.006780534517019987,0.011202835477888584,-0.004422300960868597,0.004422300960868597,1.9556745788499317e-05
43,merged_z_p0p036_dedup_filtered,18,0.0001352315302938223,-4.381816864906796e-08,0.00013527534846247136,0.00013527534846247136,1.8299419901643052e-08
43,merged_z_p0p036_dedup_filtered,19,0.000618369085714221,-3.940547443903597e-08,0.00061840849118866,0.00061840849118866,3.82429061974235e-07
43,merged_z_p0p036_dedup_filtered,20,0.00089043885236606,-3.528859693346931e-08,0.0008904741409629935,0.0008904741409629935,7.929441957237812e-07
43,merged_z_p0p036_dedup_filtered,21,0.0009947010548785329,-3.133590809056841e-08,0.0009947323907866235,0.0009947323907866235,9.894925292800718e-07
43,merged_z_p0p036_dedup_filtered,22,0.0009806216694414616,-2.7436634297828277e-08,0.0009806491060757594,0.0009806491060757594,9.61672669247186e-07
43,merged_z_p0p036_dedup_filtered,23,0.0008960061823017895,-2.3607100274603e-08,0.0008960297894020641,0.0008960297894020641,8.028693834959074e-07
43,merged_z_p0p036_dedup_filtered,24,0.0007814256241545081,-1.99208045614796e-08,0.0007814455449590696,0.0007814455449590696,6.106571397363773e-07
43,merged_z_p0p036_dedup_filtered,25,0.000667442218400538,-1.6569588368042787e-08,0.000667458787988906,0.000667458787988906,4.455012336636194e-07
43,merged_z_p0p036_dedup_filtered,26,0.0005744480295106769,-1.3542215349104936e-08,0.000574461571726026,0.000574461571726026,3.3000609738993607e-07
43,merged_z_p0p036_dedup_filtered,27,0.0005143389571458101,-1.0667145389220423e-08,0.0005143496242911993,0.0005143496242911993,2.6455553600849795e-07
43,merged_z_p0p036_dedup_filtered,28,0.000492921331897378,-7.969680915209665e-09,0.0004929293015782932,0.0004929293015782932,2.429792963544639e-07
43,merged_z_p0p036_dedup_filtered,29,0.005110187456011772,9.47217849898152e-05,0.005015465671021957,0.005015465671021957,2.515489589719973e-05
43,merged_z_p0p036_dedup_filtered,30,0.013149382546544075,0.00021143874619156122,0.012937943800352514,0.012937943800352514,0.00016739038978108003
43,merged_z_p0p036_dedup_filtered,31,0.012237373739480972,0.00025207229191437364,0.011985301447566599,0.011985301447566599,0.000143647450789042
43,merged_z_p0p036_dedup_filtered,32,0.015892645344138145,0.00037894511478953063,0.015513700229348615,0.015513700229348615,0.00024067489480609128
43,merged_z_p0p036_dedup_filtered,33,0.012865116819739342,0.0007305643521249294,0.012134552467614412,0.012134552467614412,0.00014724736358928702
43,merged_z_p0p036_dedup_filtered,34,0.010546613484621048,0.0004891888820566237,0.010057424602564424,0.010057424602564424,0.00010115178963626816
43,merged_z_p0p036_dedup_filtered,35,0.008347077295184135,0.0003336321096867323,0.008013445185497403,0.008013445185497403,6.421530374097151e-05
43,merged_z_p0p036_dedup_filtered,36,0.0058289519511163235,0.00037446481292136014,0.005454487138194963,0.005454487138194963,2.975142994073428e-05
43,merged_z_p0p036_dedup_filtered,37,0.0032943584956228733,0.0004153090703766793,0.002879049425246194,0.002879049425246194,8.28892559301044e-06
43,merged_z_p0p036_dedup_filtered,38,0.003054178785532713,0.0006241575465537608,0.002430021238978952,0.002430021238978952,5.905003221888802e-06
43,merged_z_p0p036_dedup_filtered,39,0.0010025536175817251,0.0004561584210023284,0.0005463951965793967,0.0005463951965793967,2.985477108450376e-07
43,merged_z_p0p036_dedup_filtered,40,-0.000841167289763689,0.0004970102454535663,-0.0013381775352172554,0.0013381775352172554,1.7907191157601287e-06
43,merged_z_p0p036_dedup_filtered,41,-0.0021085813641548157,0.0005378634086810052,-0.002646444772835821,0.002646444772835821,7.00366993567004e-06
43,merged_z_p0p036_dedup_filtered,42,-0.0027576133143156767,0.0005787170375697315,-0.003336330351885408,0.003336330351885408,1.1131100216911811e-05
43,merged_z_p0p036_dedup_filtered,43,-0.0028269928880035877,0.0006195716559886932,-0.003446564543992281,0.003446564543992281,1.187880715590472e-05
43,merged_z_p0p036_dedup_filtered,44,-0.0024189080577343702,0.0006604263326153159,-0.003079334390349686,0.003079334390349686,9.482300287590273e-06
43,merged_z_p0p036_dedup_filtered,45,-0.0016740798018872738,0.0007012812420725822,-0.002375361043959856,0.002375361043959856,5.642340089162057e-06
43,merged_z_p0p036_dedup_filtered,46,-0.0007447337848134339,0.0007421369664371014,-0.0014868707512505352,0.0014868707512505352,2.210784630924331e-06
43,merged_z_p0p036_dedup_filtered,47,0.00022920133778825402,0.0007829946698620915,-0.0005537933320738375,0.0005537933320738375,3.066870546494437e-07
43,merged_z_p0p036_dedup_filtered,48,0.0011366138933226466,0.0008238583686761558,0.0003127555246464908,0.0003127555246464908,9.781601819690172e-08
43,merged_z_p0p036_dedup_filtered,49,0.0019024079665541649,0.0008647360373288393,0.0010376719292253256,0.0010376719292253256,1.0767630327022091e-06
43,merged_z_p0p036_dedup_filtered,50,0.002485643606632948,0.0009056436247192323,0.0015799999819137156,0.0015799999819137156,2.4963999428473416e-06
43,merged_z_p0p036_dedup_filtered,51,0.0028709820471704006,0.0009466128540225327,0.001924369193147868,0.001924369193147868,3.703196791536576e-06
43,merged_z_p0p036_dedup_filtered,52,0.0030571212992072105,0.0009877001866698265,0.002069421112537384,0.002069421112537384,4.282503741015464e-06
43,merged_z_p0p036_dedup_filtered,53,-0.0022310507483780384,0.0014846447156742215,-0.00371569546405226,0.00371569546405226,1.380639278157854e-05
43,merged_z_p0p036_dedup_filtered,54,-0.0009762864792719483,0.0013856397708877921,-0.0023619262501597404,0.0023619262501597404,5.578695611193653e-06
43,merged_z_p0p036_dedup_filtered,55,0.00292716221883893,0.00046105115325190127,0.002466111065587029,0.002466111065587029,6.081703787810791e-06
43,merged_z_p0p036_dedup_filtered,56,0.004291350021958351,0.0004815375432372093,0.003809812478721142,0.003809812478721142,1.451467112301933e-05
43,merged_z_p0p036_dedup_filtered,57,0.004799379967153072,0.0005020664539188147,0.004297313513234258,0.004297313513234258,1.846690343102576e-05
43,merged_z_p0p036_dedup_filtered,58,-0.009879742749035358,-8.765365322460639e-08,-0.009879655095382134,0.009879655095382134,9.760758480371017e-05
43,merged_z_p0p036_dedup_filtered,59,-0.009463140740990639,-8.278884422452393e-08,-0.009463057952146414,0.009463057952146414,8.954946580568148e-05
43,merged_z_p0p036_dedup_filtered,60,-0.008655854500830173,-7.802069035278691e-08,-0.00865577648013982,0.00865577648013982,7.49224664741417e-05
43,merged_z_p0p036_dedup_filtered,61,-0.007536171469837427,-7.334247698054241e-08,-0.007536098127360447,0.007536098127360447,5.679277498520563e-05
43,merged_z_p0p036_dedup_filtered,62,-0.00620862515643239,-6.88823433847574e-08,-0.0062085562740890055,0.0062085562740890055,3.8546171008529955e-05
43,merged_z_p0p036_dedup_filtered,63,-0.004790023900568485,-6.451631406889646e-08,-0.004789959384254416,0.004789959384254416,2.294371090280695e-05
43,merged_z_p0p036_dedup_filtered,64,-0.003394597675651312,-6.008493613762766e-08,-0.0033945375907151742,0.0033945375907151742,1.152288545477838e-05
43,merged_z_p0p036_dedup_filtered,65,-0.0021205998491495848,-5.5533046605660275e-08,-0.002120544316102979,0.002120544316102979,4.496708196556652e-06
43,merged_z_p0p036_dedup_filtered,66,-0.0010403732303529978,-5.0840792908957155e-08,-0.0010403223895600888,0.0010403223895600888,1.0822706742200131e-06
43,merged_z_p0p036_dedup_filtered,67,0.007057052571326494,-0.0003287561412435025,0.007385808712569997,0.007385808712569997,5.455017033867487e-05
43,merged_z_p0p036_dedup_filtered,68,0.0055824993178248405,-0.0003491897659841925,0.005931689083809033,0.005931689083809033,3.5184935386979245e-05
43,merged_z_p0p036_dedup_filtered,69,0.002638491801917553,-0.00036962368176318705,0.00300811548368074,0.00300811548368074,9.048758763159812e-06
43,merged_z_p0p036_dedup_filtered,70,-0.00160185806453228,-0.00039005829603411257,-0.0012117997684981674,0.0012117997684981674,1.468458678932212e-06
43,merged_z_p0p036_dedup_filtered,71,-0.006714350078254938,-0.00041049456922337413,-0.006303855509031564,0.006303855509031564,3.9738594278747595e-05
43,merged_z_p0p036_dedup_filtered,72,-0.012080071493983269,-0.00043093538261018693,-0.011649136111373082,0.011649136111373082,0.00013570237214129637
43,merged_z_p0p036_dedup_filtered,73,-0.016983048990368843,-0.00045138722634874284,-0.0165316617640201,0.0165316617640201,0.0002732958406799642
43,merged_z_p0p036_dedup_filtered,74,-0.020731277763843536,-0.000471863808343187,-0.02025941395550035,0.02025941395550035,0.0004104438538203223
43,merged_z_p0p036_dedup_filtered,75,-0.022777948528528214,-0.0004923840169794858,-0.022285564511548728,0.022285564511548728,0.0004966463855984001
43,merged_z_p0p036_dedup_filtered,76,-0.017929278314113617,-0.0009862297447398305,-0.016943048569373786,0.016943048569373786,0.0002870668948241591
43,merged_z_p0p036_dedup_filtered,77,-0.016221478581428528,-0.0009451392688788474,-0.01527633931254968,0.01527633931254968,0.00023336654279215084
43,merged_z_p0p036_dedup_filtered,78,0.000935462536290288,0.0004405994259286672,0.0004948631103616208,0.0004948631103616208,2.4488949799677767e-07
43,merged_z_p0p036_dedup_filtered,79,-0.0013538633938878775,0.0004201637639198452,-0.0017740271578077227,0.0017740271578077227,3.1471723566393466e-06
43,merged_z_p0p036_dedup_filtered,80,-0.0035692343953996897,0.0003997348539996892,-0.003968969249399379,0.003968969249399379,1.5752716902677868e-05
43,merged_z_p0p036_dedup_filtered,81,-0.0053629507310688496,0.00037930873804725707,-0.005742259469116107,0.005742259469116107,3.297354381065359e-05
43,merged_z_p0p036_dedup_filtered,82,-0.006470100954174995,0.00035888361162506044,-0.006828984565800056,0.006828984565800056,4.663503019993538e-05
43,merged_z_p0p036_dedup_filtered,83,-0.006749691907316446,0.0003384589799679816,-0.007088150887284428,0.007088150887284428,5.024188300091102e-05
43,merged_z_p0p036_dedup_filtered,84,-0.006200775038450956,0.0003180345520377159,-0.006518809590488672,0.006518809590488672,4.249487847704709e-05
43,merged_z_p0p036_dedup_filtered,85,-0.004951592534780502,0.00029760986217297614,-0.0052492023969534785,0.0052492023969534785,2.7554125804182143e-05
43,merged_z_p0p036_dedup_filtered,86,-0.0032253230456262827,0.00027718511410057545,-0.003502508159726858,0.003502508159726858,1.2267563408953222e-05
43,merged_z_p0p036_dedup_filtered,87,-0.0012906602350994945,0.00025676030782051384,-0.0015474205429200083,0.0015474205429200083,2.3945103366508533e-06
43,merged_z_p0p036_dedup_filtered,88,0.0005918043898418546,0.00023633554519619793,0.00035546884464565665,0.00035546884464565665,1.2635809951371798e-07
43,merged_z_p0p036_dedup_filtered,89,0.0022160436492413282,0.0002159112336812541,0.002000132415560074,0.002000132415560074,4.000529679774177e-06
43,merged_z_p0p036_dedup_filtered,90,0.00346065079793334,0.0001954879699042067,0.0032651628280291334,0.0032651628280291334,1.0661288293543208e-05
43,merged_z_p0p036_dedup_filtered,91,0.004297261592000723,0.0001750672236084938,0.004122194368392229,0.004122194368392229,1.699248641080461e-05
43,merged_z_p0p036_dedup_filtered,92,0.004777157679200172,0.0001546525745652616,0.004622505104634911,0.004622505104634911,2.1367553442375808e-05
43,merged_z_p0p036_dedup_filtered,93,0.00500080082565546,0.00013425250654108822,0.004866548319114372,0.004866548319114372,2.368329254227492e-05
43,merged_z_p0p036_dedup_filtered,94,-0.00026385439559817314,-0.0001346870994893834,-0.00012916729610878974,0.00012916729610878974,1.668419038405577e-08
43,merged_z_p0p036_dedup_filtered,95,6.261561065912247e-05,-0.00011431432358222082,0.0001769299342413433,0.0001769299342413433,3.130420163064606e-08
43,merged_z_p0p036_dedup_filtered,96,0.0005041058175265789,-0.00023012967722024769,0.0007342354947468266,0.0007342354947468266,5.391017617461172e-07
43,merged_z_p0p036_dedup_filtered,97,0.000554101075977087,-0.00034439569571986794,0.000898496771696955,0.000898496771696955,8.0729644874985e-07
43,merged_z_p0p036_dedup_filtered,98,0.0006043778266757727,-0.00040538940811529756,0.0010097672347910702,0.0010097672347910702,1.0196298684576043e-06
43,merged_z_p0p036_dedup_filtered,99,0.0003033089451491833,-0.0002708356478251517,0.000574144592974335,0.000574144592974335,3.2964201364166476e-07
43,merged_z_p0p036_dedup_filtered,100,0.00013196654617786407,-0.000311625306494534,0.0004435918526723981,0.0004435918526723981,1.9677373175733053e-07
43,merged_z_p0p036_dedup_filtered,101,0.000755607383325696,-0.00046654770267196,0.001222155085997656,0.001222155085997656,1.493663054229938e-06
43,merged_z_p0p036_dedup_filtered,102,0.0010831113904714584,-0.0005277741001918912,0.0016108854906633496,0.0016108854906633496,2.5949520640297007e-06
43,merged_z_p0p036_dedup_filtered,103,0.0001801003236323595,-0.0003524541389197111,0.0005325544625520706,0.0005325544625520706,2.836142555841248e-07
43,merged_z_p0p036_dedup_filtered,104,0.0006224180106073618,-0.00039330110303126276,0.0010157191136386245,0.0010157191136386245,1.031685317810833e-06
43,merged_z_p0p036_dedup_filtered,105,0.0016473891446366906,-0.0005890292231924832,0.002236418367829174,0.002236418367829174,5.001567115963706e-06
43,merged_z_p0p036_dedup_filtered,106,0.0024636052548885345,-0.0006503114709630609,0.0031139167258515954,0.0031139167258515954,9.69647737553832e-06
43,merged_z_p0p036_dedup_filtered,107,0.0015555809950456023,-0.000434155750554055,0.0019897367455996573,0.0019897367455996573,3.959052316789515e-06
43,merged_z_p0p036_dedup_filtered,108,0.000407205312512815,0.004353677853941917,-0.003946472541429102,0.003946472541429102,1.557464552025388e-05
43,merged_z_p0p036_dedup_filtered,109,-0.00047402549535036087,-0.000195943663129583,-0.00027808183222077787,0.00027808183222077787,7.732950541126485e-08
43,merged_z_p0p036_dedup_filtered,110,-0.0007612835615873337,-0.00017551530618220568,-0.000585768255405128,0.000585768255405128,3.4312444904036727e-07
43,merged_z_p0p036_dedup_filtered,111,-0.0006168913096189499,-0.0001550936867715791,-0.0004617976228473708,0.0004617976228473708,2.1325704446748253e-07
43,merged_z_p0p036_dedup_filtered,112,0.0005901642143726349,-0.00018960496527142823,0.0007797691796440631,0.0007797691796440631,6.080399735227752e-07
43,merged_z_p0p036_dedup_filtered,113,0.002950174268335104,-0.00047501467633992434,0.0034251889446750283,0.0034251889446750283,1.1731919306724034e-05
43,merged_z_p0p036_dedup_filtered,114,0.0034792411606758833,-0.0007115888292901218,0.004190829989966005,0.004190829989966005,1.7563056004798466e-05
43,merged_z_p0p036_dedup_filtered,115,0.004566841758787632,-0.0007728756172582507,0.005339717376045883,0.005339717376045883,2.8512581656046327e-05
43,merged_z_p0p036_dedup_filtered,116,0.004630638286471367,-0.0005158754647709429,0.00514651375124231,0.00514651375124231,2.648660379172619e-05
43,merged_z_p0p036_dedup_filtered,117,0.006290419492870569,-0.0005567368352785707,0.00684715632814914,0.00684715632814914,4.688354978211281e-05
43,merged_z_p0p036_dedup_filtered,118,0.005535397678613663,-0.0008341713109984994,0.006369568989612162,0.006369568989612162,4.05714091134289e-05
43,merged_z_p0p036_dedup_filtered,119,0.006159662269055843,-0.0008954599034041166,0.00705512217245996,0.00705512217245996,4.9774748868336145e-05
43,merged_z_p0p036_dedup_filtered,120,0.005373241845518351,-0.00027767239953391254,0.005650914245052263,0.005650914245052263,3.193283180493459e-05
43,merged_z_p0p036_dedup_filtered,121,0.00356824672780931,-0.00025723950238898396,0.003825486230198294,0.003825486230198294,1.4634344897436754e-05
43,merged_z_p0p036_dedup_filtered,122,-0.0009908964857459068,0.000771452090702951,-0.0017623485764488578,0.0017623485764488578,3.1058725049113155e-06
43,merged_z_p0p036_dedup_filtered,123,-0.0008510644547641277,0.0008390358416363597,-0.0016901002964004874,0.0016901002964004874,2.8564390118930154e-06
43,merged_z_p0p036_dedup_filtered,124,0.001316320849582553,0.0009618177427910268,0.0003545031067915261,0.0003545031067915261,1.2567245272484414e-07
43,merged_z_p0p036_dedup_filtered,125,0.0031636343337595463,0.0010490822605788708,0.0021145520731806755,0.0021145520731806755,4.471330470192693e-06
43,merged_z_p0p036_dedup_filtered,126,0.0033584425691515207,0.020166682079434395,-0.016808239510282874,0.016808239510282874,0.00028251691543503427
43,merged_z_p0p036_dedup_filtered,127,0.002818252192810178,0.0011778248008340597,0.001640427391976118,0.001640427391976118,2.6910020283455686e-06
44,merged_z_p0p038_dedup_filtered,0,-0.01061808317899704,-0.001447714283131063,-0.009170368895865977,0.009170368895865977,8.409566568626617e-05
44,merged_z_p0p038_dedup_filtered,1,-0.009043155238032341,-0.001375006278976798,-0.007668148959055543,0.007668148959055543,5.880050845826461e-05
44,merged_z_p0p038_dedup_filtered,2,-0.006650174036622047,-0.0013246310409158468,-0.005325542995706201,0.005325542995706201,2.8361408199115373e-05
44,merged_z_p0p038_dedup_filtered,3,-0.011015500873327255,-0.0008837009663693607,-0.010131799906957895,0.010131799906957895,0.000102653369354632
44,merged_z_p0p038_dedup_filtered,4,-0.006520358379930258,-0.0008428021101281047,-0.005677556269802153,0.005677556269802153,3.223464519676974e-05
44,merged_z_p0p038_dedup_filtered,5,-0.00377868814393878,-0.001263270853087306,-0.002515417290851474,0.002515417290851474,6.327324147114568e-06
44,merged_z_p0p038_dedup_filtered,6,-0.0007973352912813425,-0.0012019394198432565,0.00040460412856191397,0.00040460412856191397,1.637045008493458e-07
44,merged_z_p0p038_dedup_filtered,7,-0.0019157754722982645,-0.0008019231609068811,-0.0011138523113913834,0.0011138523113913834,1.2406669715919274e-06
44,merged_z_p0p038_dedup_filtered,8,0.0022057462483644485,-0.0007610530010424554,0.002966799249406904,0.002966799249406904,8.801897786281369e-06
44,merged_z_p0p038_dedup_filtered,9,0.0019315928220748901,-0.0011406324338167906,0.0030722252558916807,0.0030722252558916807,9.438568022938703e-06
44,merged_z_p0p038_dedup_filtered,10,0.0041136108338832855,-0.0010793345281854272,0.005192945362068713,0.005192945362068713,2.6966681533430954e-05
44,merged_z_p0p038_dedup_filtered,11,0.005376212298870087,-0.0007201872649602592,0.006096399563830346,0.006096399563830346,3.716608764187083e-05
44,merged_z_p0p038_dedup_filtered,12,0.0073213838040828705,-0.0006793235661461949,0.008000707370229065,0.008000707370229065,6.401131842403769e-05
44,merged_z_p0p038_dedup_filtered,13,0.005563223268836737,-0.0010180397657677531,0.00658126303460449,0.00658126303460449,4.33130231306515e-05
44,merged_z_p0p038_dedup_filtered,14,0.006223146803677082,-0.0009567463421262801,0.007179893145803362,0.007179893145803362,5.1550865585154096e-05
44,merged_z_p0p038_dedup_filtered,15,0.007990237325429916,-0.000638460973277688,0.008628698298707604,0.008628698298707604,7.44544343301195e-05
44,merged_z_p0p038_dedup_filtered,16,0.0075409491546452045,-0.0005975988460704684,0.008138548000715673,0.008138548000715673,6.623596355995308e-05
44,merged_z_p0p038_dedup_filtered,17,0.006780226714909077,0.011825218796730042,-0.005044992081820965,0.005044992081820965,2.5451945105636233e-05
44,merged_z_p0p038_dedup_filtered,18,0.0001362334005534649,-4.381816864906796e-08,0.00013627721872211396,0.00013627721872211396,1.8571480342634888e-08
44,merged_z_p0p038_dedup_filtered,19,0.0006182017968967557,-3.940547443903597e-08,0.0006182412023711947,0.0006182412023711947,3.8222218430938056e-07
44,merged_z_p0p038_dedup_filtered,20,0.0008890424505807459,-3.528859693346931e-08,0.0008890777391776794,0.0008890777391776794,7.904592263012937e-07
44,merged_z_p0p038_dedup_filtered,21,0.000992054003290832,-3.133590809056841e-08,0.0009920853391989226,0.0009920853391989226,9.842333202534414e-07
44,merged_z_p0p038_dedup_filtered,22,0.0009767477167770267,-2.7436634297828277e-08,0.0009767751534113245,0.0009767751534113245,9.540897003217165e-07
44,merged_z_p0p038_dedup_filtered,23,0.000890978379175067,-2.3607100274603e-08,0.0008910019862753416,0.0008910019862753416,7.93884539546604e-07
44,merged_z_p0p038_dedup_filtered,24,0.0007753669051453471,-1.99208045614796e-08,0.0007753868259499086,0.0007753868259499086,6.012247298566739e-07
44,merged_z_p0p038_dedup_filtered,25,0.0006605223752558231,-1.6569588368042787e-08,0.0006605389448441912,0.0006605389448441912,4.3631169765587745e-07
44,merged_z_p0p038_dedup_filtered,26,0.0005668782396242023,-1.3542215349104936e-08,0.0005668917818395514,0.0005668917818395514,3.213662923172215e-07
44,merged_z_p0p038_dedup_filtered,27,0.0005063621792942286,-1.0667145389220423e-08,0.0005063728464396178,0.0005063728464396178,2.564134596113607e-07
44,merged_z_p0p038_dedup_filtered,28,0.0004848006647080183,-7.969680915209665e-09,0.0004848086343889335,0.0004848086343889335,2.3503941197806262e-07
44,merged_z_p0p038_dedup_filtered,29,0.005102111957967281,9.47217849898152e-05,0.005007390172977466,0.005007390172977466,2.5073956344431298e-05
44,merged_z_p0p038_dedup_filtered,30,0.013141271658241749,0.00021143874619156122,0.012929832912050188,0.012929832912050188,0.00016718057913353622
44,merged_z_p0p038_dedup_filtered,31,0.012229918502271175,0.00025207229191437364,0.011977846210356802,0.011977846210356802,0.0001434687998389588
44,merged_z_p0p038_dedup_filtered,32,0.015885185450315475,0.00037894511478953063,0.015506240335525945,0.015506240335525945,0.00024044348934309178
44,merged_z_p0p038_dedup_filtered,33,0.012858797796070576,0.0007711516809649765,0.0120876461151056,0.0120876461151056,0.00014611118860402748
44,merged_z_p0p038_dedup_filtered,34,0.010541778057813644,0.0004891888820566237,0.01005258917575702,0.01005258917575702,0.00010105454913654721
44,merged_z_p0p038_dedup_filtered,35,0.008342357352375984,0.0003336321096867323,0.008008725242689252,0.008008725242689252,6.413968001288802e-05
44,merged_z_p0p038_dedup_filtered,36,0.005825940053910017,0.00037446481292136014,0.005451475240988657,0.005451475240988657,2.9718582303112334e-05
44,merged_z_p0p038_dedup_filtered,37,0.0032930043525993824,0.0004153090703766793,0.002877695282222703,0.002877695282222703,8.281130137326802e-06
44,merged_z_p0p038_dedup_filtered,38,0.0030532320961356163,0.0006241575465537608,0.0024290745495818555,0.0024290745495818555,5.900403167426294e-06
44,merged_z_p0p038_dedup_filtered,39,0.001002634409815073,0.0004561584210023284,0.0005464759888127446,0.0005464759888127446,2.98636006348867e-07
44,merged_z_p0p038_dedup_filtered,40,-0.0008399868384003639,0.0004970102454535663,-0.0013369970838539302,0.0013369970838539302,1.7875612022339134e-06
44,merged_z_p0p038_dedup_filtered,41,-0.0021066656336188316,0.0005378634086810052,-0.002644529042299837,0.002644529042299837,6.993533855567292e-06
44,merged_z_p0p038_dedup_filtered,42,-0.0027552847750484943,0.0005787170375697315,-0.003334001812618226,0.003334001812618226,1.1115568086541615e-05
44,merged_z_p0p038_dedup_filtered,43,-0.0028244699351489544,0.0006195716559886932,-0.0034440415911376476,0.0034440415911376476,1.186142248148594e-05
44,merged_z_p0p038_dedup_filtered,44,-0.0024162745103240013,0.0006604263326153159,-0.0030767008429393172,0.0030767008429393172,9.466088076943505e-06
44,merged_z_p0p038_dedup_filtered,45,-0.0016712886281311512,0.0007012812420725822,-0.0023725698702037334,0.0023725698702037334,5.6290877889985606e-06
44,merged_z_p0p038_dedup_filtered,46,-0.0007416413282044232,0.0007421369664371014,-0.0014837782946415246,0.0014837782946415246,2.201598027649311e-06
44,merged_z_p0p038_dedup_filtered,47,0.00023278046865016222,0.0007829946698620915,-0.0005502142012119293,0.0005502142012119293,3.0273566721528145e-07
44,merged_z_p0p038_dedup_filtered,48,0.0011408431455492973,0.0008238583686761558,0.00031698477687314153,0.00031698477687314153,1.0047934876931532e-07
44,merged_z_p0p038_dedup_filtered,49,0.001907371450215578,0.0008647360373288393,0.0010426354128867388,0.0010426354128867388,1.0870886042055002e-06
44,merged_z_p0p038_dedup_filtered,50,0.0024913111701607704,0.0009056436247192323,0.001585667545441538,0.001585667545441538,2.5143415646665923e-06
44,merged_z_p0p038_dedup_filtered,51,0.0028771990910172462,0.0009466128540225327,0.0019305862369947135,0.0019305862369947135,3.7271632184734083e-06
44,merged_z_p0p038_dedup_filtered,52,0.0030636326409876347,0.0009877001866698265,0.002075932454317808,0.002075932454317808,4.309495554889959e-06
44,merged_z_p0p038_dedup_filtered,53,-0.0022244250867515802,0.0014846447156742215,-0.0037090698024258018,0.0037090698024258018,1.3757198799266976e-05
44,merged_z_p0p038_dedup_filtered,54,-0.0009703887044452131,0.0013856397708877921,-0.002356028475333005,0.002356028475333005,5.550870176579965e-06
44,merged_z_p0p038_dedup_filtered,55,0.002933198120445013,0.00046105115325190127,0.0024721469671931118,0.0024721469671931118,6.1115106274021005e-06
44,merged_z_p0p038_dedup_filtered,56,0.004297630395740271,0.0004815375432372093,0.0038160928525030613,0.0038160928525030613,1.4562564658924951e-05
44,merged_z_p0p038_dedup_filtered,57,0.004805750213563442,0.0005020664539188147,0.004303683759644628,0.004303683759644628,1.8521693903028916e-05
44,merged_z_p0p038_dedup_filtered,58,-0.009873401373624802,-8.765365322460639e-08,-0.009873313719971577,0.009873313719971577,9.748232381297898e-05
44,merged_z_p0p038_dedup_filtered,59,-0.009456886909902096,-8.278884422452393e-08,-0.009456804121057871,0.009456804121057871,8.943114418405714e-05
44,merged_z_p0p038_dedup_filtered,60,-0.008649780414998531,-7.802069035278691e-08,-0.008649702394308179,0.008649702394308179,7.481735151010063e-05
44,merged_z_p0p038_dedup_filtered,61,-0.007530379109084606,-7.334247698054241e-08,-0.007530305766607626,0.007530305766607626,5.670550493860406e-05
44,merged_z_p0p038_dedup_filtered,62,-0.006203224882483482,-6.88823433847574e-08,-0.006203156000140098,0.006203156000140098,3.8479144362074095e-05
44,merged_z_p0p038_dedup_filtered,63,-0.004785136319696903,-6.451631406889646e-08,-0.004785071803382834,0.004785071803382834,2.2896912163529452e-05
44,merged_z_p0p038_dedup_filtered,64,-0.003390348982065916,-6.008493613762766e-08,-0.0033902888971297784,0.0033902888971297784,1.1494058806001449e-05
44,merged_z_p0p038_dedup_filtered,65,-0.002117122756317258,-5.5533046605660275e-08,-0.0021170672232706522,0.0021170672232706522,4.48197362784691e-06
44,merged_z_p0p038_dedup_filtered,66,-0.001037797424942255,-5.0840792908957155e-08,-0.001037746584149346,0.001037746584149346,1.0769179729136358e-06
44,merged_z_p0p038_dedup_filtered,67,0.00705860136076808,-0.0003287561412435025,0.007387357502011582,0.007387357502011582,5.4573050862526804e-05
44,merged_z_p0p038_dedup_filtered,68,0.005585184786468744,-0.0003491897659841925,0.005934374552452937,0.005934374552452937,3.521680132880099e-05
44,merged_z_p0p038_dedup_filtered,69,0.0026421761140227318,-0.00036962368176318705,0.003011799795785919,0.003011799795785919,9.070938009896102e-06
44,merged_z_p0p038_dedup_filtered,70,-0.0015973388217389584,-0.00039005829603411257,-0.0012072805257048458,0.0012072805257048458,1.4575262677461688e-06
44,merged_z_p0p038_dedup_filtered,71,-0.0067091635428369045,-0.00041049456922337413,-0.00629866897361353,0.00629866897361353,3.967323083916172e-05
44,merged_z_p0p038_dedup_filtered,72,-0.012074381113052368,-0.00043093538261018693,-0.011643445730442181,0.011643445730442181,0.00013556982847775227
44,merged_z_p0p038_dedup_filtered,73,-0.01697700470685959,-0.00045138722634874284,-0.016525617480510846,0.016525617480510846,0.00027309603311216564
44,merged_z_p0p038_dedup_filtered,74,-0.020725008100271225,-0.000471863808343187,-0.020253144291928038,0.020253144291928038,0.00041018985370965726
44,merged_z_p0p038_dedup_filtered,75,-0.022771572694182396,-0.0004923840169794858,-0.02227918867720291,0.02227918867720291,0.0004963622481144064
44,merged_z_p0p038_dedup_filtered,76,-0.01792295277118683,-0.0009862297447398305,-0.016936723026446998,0.016936723026446998,0.00028685258687457995
44,merged_z_p0p038_dedup_filtered,77,-0.016215290874242783,-0.0009451392688788474,-0.015270151605363935,0.015270151605363935,0.00023317753005079876
44,merged_z_p0p038_dedup_filtered,78,0.000941133126616478,0.0004405994259286672,0.0005005337006878108,0.0005005337006878108,2.5053398552423495e-07
44,merged_z_p0p038_dedup_filtered,79,-0.0013486356474459171,0.0004201637639198452,-0.0017687994113657624,0.0017687994113657624,3.1286513576478674e-06
44,merged_z_p0p038_dedup_filtered,80,-0.003564482554793358,0.0003997348539996892,-0.003964217408793047,0.003964217408793047,1.571501966417786e-05
44,merged_z_p0p038_dedup_filtered,81,-0.0053586759604513645,0.00037930873804725707,-0.005737984698498622,0.005737984698498622,3.2924468400204316e-05
44,merged_z_p0p038_dedup_filtered,82,-0.006466294638812542,0.00035888361162506044,-0.006825178250437602,0.006825178250437602,4.658305815024649e-05
44,merged_z_p0p038_dedup_filtered,83,-0.006746361963450909,0.0003384589799679816,-0.00708482094341889,0.00708482094341889,5.019468780030693e-05
44,merged_z_p0p038_dedup_filtered,84,-0.006197967566549778,0.0003180345520377159,-0.006516002118587494,0.006516002118587494,4.245828360943671e-05
44,merged_z_p0p038_dedup_filtered,85,-0.0049494062550365925,0.00029760986217297614,-0.005247016117209569,0.005247016117209569,2.7531178134256977e-05
44,merged_z_p0p038_dedup_filtered,86,-0.0032239104621112347,0.00027718511410057545,-0.00350109557621181,0.00350109557621181,1.2257670233769907e-05
44,merged_z_p0p038_dedup_filtered,87,-0.0012902113376185298,0.00025676030782051384,-0.0015469716454390436,0.0015469716454390436,2.393121271792382e-06
44,merged_z_p0p038_dedup_filtered,88,0.0005910904728807509,0.00023633554519619793,0.00035475492768455297,0.00035475492768455297,1.258510587164724e-07
44,merged_z_p0p038_dedup_filtered,89,0.0022139991633594036,0.0002159112336812541,0.0019980879296781495,0.0019980879296781495,3.9923553747255136e-06
44,merged_z_p0p038_dedup_filtered,90,0.0034571783617138863,0.0001954879699042067,0.0032616903918096796,0.0032616903918096796,1.063862421202358e-05
44,merged_z_p0p038_dedup_filtered,91,0.004292368423193693,0.0001750672236084938,0.004117301199585199,0.004117301199585199,1.695216916810572e-05
44,merged_z_p0p038_dedup_filtered,92,0.004770977422595024,0.0001546525745652616,0.0046163248480297625,0.0046163248480297625,2.131045510253701e-05
44,merged_z_p0p038_dedup_filtered,93,0.0049935937859117985,0.00013425250654108822,0.00485934127937071,0.00485934127937071,2.361319766939617e-05
44,merged_z_p0p038_dedup_filtered,94,-0.00027186283841729164,-0.0001346870994893834,-0.00013717573892790824,0.00013717573892790824,1.881718335041764e-08
44,merged_z_p0p038_dedup_filtered,95,5.435571074485779e-05,-0.00011431432358222082,0.0001686700343270786,0.0001686700343270786,2.8449580479897877e-08
44,merged_z_p0p038_dedup_filtered,96,0.0004956419579684734,-0.00023012967722024769,0.0007257716351887211,0.0007257716351887211,5.267444664445101e-07
44,merged_z_p0p038_dedup_filtered,97,0.0005455634091049433,-0.00034439569571986794,0.0008899591048248112,0.0008899591048248112,7.920272082605793e-07
44,merged_z_p0p038_dedup_filtered,98,0.0005961733404546976,-0.00040538940811529756,0.0010015627485699952,0.0010015627485699952,1.0031279393230834e-06
44,merged_z_p0p038_dedup_filtered,99,0.0002951333299279213,-0.0002708356478251517,0.000565968977753073,0.000565968977753073,3.203208837788584e-07
44,merged_z_p0p038_dedup_filtered,100,0.000124265905469656,-0.000311625306494534,0.00043589121196419,0.00043589121196419,1.9000114866761042e-07
44,merged_z_p0p038_dedup_filtered,101,0.0007479435298591852,-0.00046654770267196,0.0012144912325311452,0.0012144912325311452,1.4749889538950202e-06
44,merged_z_p0p038_dedup_filtered,102,0.0010761742014437914,-0.0005277741001918912,0.0016039483016356826,0.0016039483016356826,2.5726501543199906e-06
44,merged_z_p0p038_dedup_filtered,103,0.00017305230721831322,-0.0003524541389197111,0.0005255064461380243,0.0005255064461380243,2.7615702493261627e-07
44,merged_z_p0p038_dedup_filtered,104,0.0006161872297525406,-0.00039330110303126276,0.0010094883327838033,0.0010094883327838033,1.0190666940266229e-06
44,merged_z_p0p038_dedup_filtered,105,0.0016413372941315174,-0.0005890292231924832,0.0022303665173240006,0.0022303665173240006,4.9745348015999915e-06
44,merged_z_p0p038_dedup_filtered,106,0.002458564704284072,-0.0006503114709630609,0.0031088761752471328,0.0031088761752471328,9.665111073019241e-06
44,merged_z_p0p038_dedup_filtered,107,0.001550312852486968,-0.000434155750554055,0.001984468603041023,0.001984468603041023,3.938115636455589e-06
44,merged_z_p0p038_dedup_filtered,108,0.00040198874194175005,0.004595550708472729,-0.004193561966530979,0.004193561966530979,1.758596196713517e-05
44,merged_z_p0p038_dedup_filtered,109,-0.0004802166949957609,-0.000195943663129583,-0.0002842730318661779,0.0002842730318661779,8.0811156646389e-08
44,merged_z_p0p038_dedup_filtered,110,-0.0007682570721954107,-0.00017551530618220568,-0.000592741766013205,0.000592741766013205,3.5134280117645313e-07
44,merged_z_p0p038_dedup_filtered,111,-0.0006244713440537453,-0.0001550936867715791,-0.0004693776572821662,0.0004693776572821662,2.2031538515569465e-07
44,merged_z_p0p038_dedup_filtered,112,0.0005816021002829075,-0.00018960496527142823,0.0007712070655543357,0.0007712070655543357,5.947603379609295e-07
44,merged_z_p0p038_dedup_filtered,113,0.0029459879733622074,-0.00047501467633992434,0.0034210026497021317,0.0034210026497021317,1.1703259129269006e-05
44,merged_z_p0p038_dedup_filtered,114,0.0034753030631691217,-0.0007115888292901218,0.0041868918924592435,0.0041868918924592435,1.7530063719140946e-05
44,merged_z_p0p038_dedup_filtered,115,0.004564062692224979,-0.0007728756172582507,0.00533693830948323,0.00533693830948323,2.8482910519229718e-05
44,merged_z_p0p038_dedup_filtered,116,0.004627623129636049,-0.0005158754647709429,0.005143498594406992,0.005143498594406992,2.6455577790666704e-05
44,merged_z_p0p038_dedup_filtered,117,0.006288627162575722,-0.0005567368352785707,0.006845363997854292,0.006845363997854292,4.68590082631197e-05
44,merged_z_p0p038_dedup_filtered,118,0.00553379999473691,-0.0008341713109984994,0.006367971305735409,0.006367971305735409,4.055105855066953e-05
44,merged_z_p0p038_dedup_filtered,119,0.006159237120300531,-0.0008954599034041166,0.007054697023704648,0.007054697023704648,4.976875009626722e-05
44,merged_z_p0p038_dedup_filtered,120,0.005371597595512867,-0.00027767239953391254,0.0056492699950467795,0.0056492699950467795,3.191425147693584e-05
44,merged_z_p0p038_dedup_filtered,121,0.0035653170198202133,-0.00025723950238898396,0.0038225565222091973,0.0038225565222091973,1.4611938365484073e-05
44,merged_z_p0p038_dedup_filtered,122,-0.0009891442023217678,0.000771452090702951,-0.0017605962930247188,0.0017605962930247188,3.0996993070123814e-06
44,merged_z_p0p038_dedup_filtered,123,-0.0008488791063427925,0.0008390358416363597,-0.0016879149479791522,0.0016879149479791522,2.849056871611464e-06
44,merged_z_p0p038_dedup_filtered,124,0.0013185202842578292,0.0009618177427910268,0.00035670254146680236,0.00035670254146680236,1.2723670308887586e-07
44,merged_z_p0p038_dedup_filtered,125,0.003165940986946225,0.0010490822605788708,0.0021168587263673544,0.0021168587263673544,4.481090867397618e-06
44,merged_z_p0p038_dedup_filtered,126,0.0033611319959163666,0.021287057548761368,-0.017925925552845,0.017925925552845,0.00032133880692614136
44,merged_z_p0p038_dedup_filtered,127,0.0028215949423611164,0.0011778248008340597,0.0016437701415270567,0.0016437701415270567,2.70198027817588e-06
45,merged_z_p0p040_dedup_filtered,0,-0.01061186846345663,-0.001447714283131063,-0.009164154180325568,0.009164154180325568,8.398172184077858e-05
45,merged_z_p0p040_dedup_filtered,1,-0.009037167765200138,-0.001375006278976798,-0.00766216148622334,0.00766216148622334,5.870871864096426e-05
45,merged_z_p0p040_dedup_filtered,2,-0.00664456095546484,-0.0013246310409158468,-0.005319929914548993,0.005319929914548993,2.8301654295713257e-05
45,merged_z_p0p040_dedup_filtered,3,-0.011009788140654564,-0.0008837009663693607,-0.010126087174285203,0.010126087174285203,0.00010253764146122329
45,merged_z_p0p040_dedup_filtered,4,-0.00651514483615756,-0.0008428021101281047,-0.005672342726029456,0.005672342726029456,3.2175472001539276e-05
45,merged_z_p0p040_dedup_filtered,5,-0.0037735928781330585,-0.001263270853087306,-0.0025103220250457525,0.0025103220250457525,6.301716669429808e-06
45,merged_z_p0p040_dedup_filtered,6,-0.0007928923005238175,-0.0012019394198432565,0.00040904711931943893,0.00040904711931943893,1.673195458235313e-07
45,merged_z_p0p040_dedup_filtered,7,-0.0019112087320536375,-0.0008019231609068811,-0.0011092855711467564,0.0011092855711467564,1.2305144783543856e-06
45,merged_z_p0p040_dedup_filtered,8,0.0022095204330980778,-0.0007610530010424554,0.002970573434140533,0.002970573434140533,8.82430652762148e-06
45,merged_z_p0p040_dedup_filtered,9,0.0019352578092366457,-0.0011406324338167906,0.0030758902430534363,0.0030758902430534363,9.461100787311327e-06
45,merged_z_p0p040_dedup_filtered,10,0.004116383381187916,-0.0010793345281854272,0.005195717909373343,0.005195717909373343,2.6995484593782902e-05
45,merged_z_p0p040_dedup_filtered,11,0.005379058420658112,-0.0007201872649602592,0.006099245685618371,0.006099245685618371,3.7200797933534306e-05
45,merged_z_p0p040_dedup_filtered,12,0.007323181256651878,-0.0006793235661461949,0.008002504822798073,0.008002504822798073,6.404008343890642e-05
45,merged_z_p0p040_dedup_filtered,13,0.0055650039575994015,-0.0010180397657677531,0.006583043723367155,0.006583043723367155,4.333646466376369e-05
45,merged_z_p0p040_dedup_filtered,14,0.006223853211849928,-0.0009567463421262801,0.007180599553976208,0.007180599553976208,5.1561009954563313e-05
45,merged_z_p0p040_dedup_filtered,15,0.007990891113877296,-0.000638460973277688,0.008629352087154984,0.008629352087154984,7.446571744408609e-05
45,merged_z_p0p040_dedup_filtered,16,0.007540395949035883,-0.0005975988460704684,0.008137994795106351,0.008137994795106351,6.622695928517807e-05
45,merged_z_p0p040_dedup_filtered,17,0.006779930554330349,0.012447596527636051,-0.005667665973305702,0.005667665973305702,3.212243758496727e-05
45,merged_z_p0p040_dedup_filtered,18,0.00013724807649850845,-4.381816864906796e-08,0.00013729189466715752,0.00013729189466715752,1.8849064341297877e-08
45,merged_z_p0p040_dedup_filtered,19,0.0006180484779179096,-3.940547443903597e-08,0.0006180878833923487,0.0006180878833923487,3.820326315964336e-07
45,merged_z_p0p040_dedup_filtered,20,0.0008876604260876775,-3.528859693346931e-08,0.000887695714684611,0.000887695714684611,7.880036818694222e-07
45,merged_z_p0p040_dedup_filtered,21,0.0009894215036183596,-3.133590809056841e-08,0.0009894528395264501,0.0009894528395264501,9.79016921646955e-07
45,merged_z_p0p040_dedup_filtered,22,0.0009728881996124983,-2.7436634297828277e-08,0.0009729156362467961,0.0009729156362467961,9.465648352535081e-07
45,merged_z_p0p040_dedup_filtered,23,0.0008859644876793027,-2.3607100274603e-08,0.0008859880947795773,0.0008859880947795773,7.849749040911452e-07
45,merged_z_p0p040_dedup_filtered,24,0.0007693211664445698,-1.99208045614796e-08,0.0007693410872491313,0.0007693410872491313,5.918857085296755e-07
45,merged_z_p0p040_dedup_filtered,25,0.000653614872135222,-1.6569588368042787e-08,0.00065363144172359,0.00065363144172359,4.2723406160965885e-07
45,merged_z_p0p040_dedup_filtered,26,0.000559319625608623,-1.3542215349104936e-08,0.0005593331678239721,0.0005593331678239721,3.1285359262799976e-07
45,merged_z_p0p040_dedup_filtered,27,0.0004983961116522551,-1.0667145389220423e-08,0.0004984067787976443,0.0004984067787976443,2.4840931715144393e-07
45,merged_z_p0p040_dedup_filtered,28,0.000476691173389554,-7.969680915209665e-09,0.00047669914307046923,0.00047669914307046923,2.272420730041197e-07
45,merged_z_p0p040_dedup_filtered,29,0.005094052758067846,9.47217849898152e-05,0.004999330973078031,0.004999330973078031,2.4993310178377333e-05
45,merged_z_p0p040_dedup_filtered,30,0.013133170083165169,0.00021143874619156122,0.012921731336973608,0.012921731336973608,0.00016697114074492572
45,merged_z_p0p040_dedup_filtered,31,0.012222472578287125,0.00025207229191437364,0.011970400286372751,0.011970400286372751,0.00014329048301599284
45,merged_z_p0p040_dedup_filtered,32,0.015877727419137955,0.00037894511478953063,0.015498782304348424,0.015498782304348424,0.00024021225291758386
45,merged_z_p0p040_dedup_filtered,33,0.012852485291659832,0.0008117383695207536,0.012040746922139078,0.012040746922139078,0.00014497958644300169
45,merged_z_p0p040_dedup_filtered,34,0.010536951944231987,0.0004891888820566237,0.010047763062175363,0.010047763062175363,0.00010095754255361563
45,merged_z_p0p040_dedup_filtered,35,0.008337648585438728,0.0003336321096867323,0.008004016475751996,0.008004016475751996,6.40642797441094e-05
45,merged_z_p0p040_dedup_filtered,36,0.005822939798235893,0.00037446481292136014,0.005448474985314533,0.005448474985314533,2.96858796655982e-05
45,merged_z_p0p040_dedup_filtered,37,0.0032916630152612925,0.0004153090703766793,0.002876353944884613,0.002876353944884613,8.273412016253275e-06
45,merged_z_p0p040_dedup_filtered,38,0.0030522961169481277,0.0006241575465537608,0.002428138570394367,0.002428138570394367,5.8958569170368e-06
45,merged_z_p0p040_dedup_filtered,39,0.0010027277749031782,0.0004561584210023284,0.0005465693539008498,0.0005465693539008498,2.987380586235924e-07
45,merged_z_p0p040_dedup_filtered,40,-0.0008387928828597069,0.0004970102454535663,-0.0013358031283132732,0.0013358031283132732,1.784369997611527e-06
45,merged_z_p0p040_dedup_filtered,41,-0.002104737563058734,0.0005378634086810052,-0.002642600971739739,0.002642600971739739,6.983339895839814e-06
45,merged_z_p0p040_dedup_filtered,42,-0.0027529445942491293,0.0005787170375697315,-0.0033316616318188608,0.0033316616318188608,1.1099969228933914e-05
45,merged_z_p0p040_dedup_filtered,43,-0.002821935573592782,0.0006195716559886932,-0.0034415072295814753,0.0034415072295814753,1.1843972011261561e-05
45,merged_z_p0p040_dedup_filtered,44,-0.002413631184026599,0.0006604263326153159,-0.003074057516641915,0.003074057516641915,9.449829615622657e-06
45,merged_z_p0p040_dedup_filtered,45,-0.001668489188887179,0.0007012812420725822,-0.002369770430959761,0.002369770430959761,5.615811895451212e-06
45,merged_z_p0p040_dedup_filtered,46,-0.0007385416538454592,0.0007421369664371014,-0.0014806786202825606,0.0014806786202825606,2.1924091765618672e-06
45,merged_z_p0p040_dedup_filtered,47,0.00023636588593944907,0.0007829946698620915,-0.0005466287839226425,0.0005466287839226425,2.9880302741274695e-07
45,merged_z_p0p040_dedup_filtered,48,0.0011450776364654303,0.0008238583686761558,0.00032121926778927445,0.00032121926778927445,1.0318181799907761e-07
45,merged_z_p0p040_dedup_filtered,49,0.0019123395904898643,0.0008647360373288393,0.001047603553161025,0.001047603553161025,1.0974732045956046e-06
45,merged_z_p0p040_dedup_filtered,50,0.0024969824589788914,0.0009056436247192323,0.001591338834259659,0.001591338834259659,2.5323592854228906e-06
45,merged_z_p0p040_dedup_filtered,51,0.0028834198601543903,0.0009466128540225327,0.0019368070061318576,0.0019368070061318576,3.7512213790014496e-06
45,merged_z_p0p040_dedup_filtered,52,0.00307014724239707,0.0009877001866698265,0.0020824470557272434,0.0020824470557272434,4.336585739907065e-06
45,merged_z_p0p040_dedup_filtered,53,-0.002217803616076708,0.0014846447156742215,-0.0037024483317509294,0.0037024483317509294,1.370812364928524e-05
45,merged_z_p0p040_dedup_filtered,54,-0.0009644943056628108,0.0013856397708877921,-0.002350134076550603,0.002350134076550603,5.523130177764355e-06
45,merged_z_p0p040_dedup_filtered,55,0.0029392465949058533,0.00046105115325190127,0.002478195441653952,0.002478195441653952,6.141452647034426e-06
45,merged_z_p0p040_dedup_filtered,56,0.004303923808038235,0.0004815375432372093,0.0038223862648010254,0.0038223862648010254,1.4610636757339535e-05
45,merged_z_p0p040_dedup_filtered,57,0.004812133498489857,0.0005020664539188147,0.004310067044571042,0.004310067044571042,1.8576677928697357e-05
45,merged_z_p0p040_dedup_filtered,58,-0.009867053478956223,-8.765365322460639e-08,-0.009866965825302998,0.009866965825302998,9.735701459769727e-05
45,merged_z_p0p040_dedup_filtered,59,-0.009450625628232956,-8.278884422452393e-08,-0.009450542839388731,0.009450542839388731,8.931275995912162e-05
45,merged_z_p0p040_dedup_filtered,60,-0.008643699809908867,-7.802069035278691e-08,-0.008643621789218514,0.008643621789218514,7.471219763505307e-05
45,merged_z_p0p040_dedup_filtered,61,-0.007524580229073763,-7.334247698054241e-08,-0.007524506886596782,0.007524506886596782,5.66182038864424e-05
45,merged_z_p0p040_dedup_filtered,62,-0.006197817157953978,-6.88823433847574e-08,-0.006197748275610593,0.006197748275610593,3.841208368783408e-05
45,merged_z_p0p040_dedup_filtered,63,-0.004780239425599575,-6.451631406889646e-08,-0.004780174909285506,0.004780174909285506,2.2850072163362698e-05
45,merged_z_p0p040_dedup_filtered,64,-0.003386090509593487,-6.008493613762766e-08,-0.003386030424657349,0.003386030424657349,1.1465202036705228e-05
45,merged_z_p0p040_dedup_filtered,65,-0.002113634254783392,-5.5533046605660275e-08,-0.0021135787217367863,0.0021135787217367863,4.467215012978508e-06
45,merged_z_p0p040_dedup_filtered,66,-0.001035209745168686,-5.0840792908957155e-08,-0.001035158904375777,0.001035158904375777,1.071553957308459e-06
45,merged_z_p0p040_dedup_filtered,67,0.007060160860419273,-0.0003287561412435025,0.007388917001662776,0.007388917001662776,5.4596094457461225e-05
45,merged_z_p0p040_dedup_filtered,68,0.005587879568338394,-0.0003491897659841925,0.005937069334322587,0.005937069334322587,3.524879228055364e-05
45,merged_z_p0p040_dedup_filtered,69,0.0026458660140633583,-0.00036962368176318705,0.0030154896958265454,0.0030154896958265454,9.09317810563607e-06
45,merged_z_p0p040_dedup_filtered,70,-0.0015928144566714764,-0.00039005829603411257,-0.0012027561606373638,0.0012027561606373638,1.446622381951132e-06
45,merged_z_p0p040_dedup_filtered,71,-0.006703974213451147,-0.00041049456922337413,-0.006293479644227773,0.006293479644227773,3.960788603230933e-05
45,merged_z_p0p040_dedup_filtered,72,-0.012068688869476318,-0.00043093538261018693,-0.011637753486866131,0.011637753486866131,0.0001354373062210648
45,merged_z_p0p040_dedup_filtered,73,-0.016970958560705185,-0.00045138722634874284,-0.016519571334356442,0.016519571334356442,0.0002728962370708911
45,merged_z_p0p040_dedup_filtered,74,-0.020718738436698914,-0.000471863808343187,-0.020246874628355727,0.020246874628355727,0.00040993593221635483
45,merged_z_p0p040_dedup_filtered,75,-0.02276519499719143,-0.0004923840169794858,-0.022272810980211943,0.022272810980211943,0.0004960781089602497
45,merged_z_p0p040_dedup_filtered,76,-0.01791662722826004,-0.0009862297447398305,-0.01693039748352021,0.01693039748352021,0.00028663835894998744
45,merged_z_p0p040_dedup_filtered,77,-0.016209103167057037,-0.0009451392688788474,-0.01526396389817819,0.01526396389817819,0.00023298859388488712
45,merged_z_p0p040_dedup_filtered,78,0.0009468148928135633,0.0004405994259286672,0.0005062154668848962,0.0005062154668848962,2.562540989134934e-07
45,merged_z_p0p040_dedup_filtered,79,-0.0013433974236249924,0.0004201637639198452,-0.0017635611875448376,0.0017635611875448376,3.110148062214558e-06
45,merged_z_p0p040_dedup_filtered,80,-0.0035597209352999926,0.0003997348539996892,-0.003959455789299682,0.003959455789299682,1.5677290147418765e-05
45,merged_z_p0p040_dedup_filtered,81,-0.005354392342269421,0.00037930873804725707,-0.005733701080316678,0.005733701080316678,3.2875328078424636e-05
45,merged_z_p0p040_dedup_filtered,82,-0.006462480407208204,0.00035888361162506044,-0.006821364018833265,0.006821364018833265,4.653100707743311e-05
45,merged_z_p0p040_dedup_filtered,83,-0.006743023172020912,0.0003384589799679816,-0.007081482151988894,0.007081482151988894,5.014738946893725e-05
45,merged_z_p0p040_dedup_filtered,84,-0.006195149850100279,0.0003180345520377159,-0.006513184402137995,0.006513184402137995,4.242157105625367e-05
45,merged_z_p0p040_dedup_filtered,85,-0.004947210196405649,0.00029760986217297614,-0.005244820058578625,0.005244820058578625,2.7508137446868694e-05
45,merged_z_p0p040_dedup_filtered,86,-0.0032224867027252913,0.00027718511410057545,-0.0034996718168258667,0.0034996718168258667,1.2247702825485263e-05
45,merged_z_p0p040_dedup_filtered,87,-0.0012897502165287733,0.00025676030782051384,-0.0015465105243492872,0.0015465105243492872,2.391694801923107e-06
45,merged_z_p0p040_dedup_filtered,88,0.0005903905839659274,0.00023633554519619793,0.00035405503876972944,0.00035405503876972944,1.2535497047823461e-07
45,merged_z_p0p040_dedup_filtered,89,0.002211969578638673,0.0002159112336812541,0.0019960583449574187,0.0019960583449574187,3.9842489164741495e-06
45,merged_z_p0p040_dedup_filtered,90,0.00345372105948627,0.0001954879699042067,0.0032582330895820633,0.0032582330895820633,1.0616082866047477e-05
45,merged_z_p0p040_dedup_filtered,91,0.004287491086870432,0.0001750672236084938,0.004112423863261938,0.004112423863261938,1.6912030031126244e-05
45,merged_z_p0p040_dedup_filtered,92,0.004764812532812357,0.0001546525745652616,0.004610159958247095,0.004610159958247095,2.125357484062486e-05
45,merged_z_p0p040_dedup_filtered,93,0.004986403044313192,0.00013425250654108822,0.004852150537772104,0.004852150537772104,2.354336484120212e-05
45,merged_z_p0p040_dedup_filtered,94,-0.00027986709028482437,-0.0001346870994893834,-0.00014517999079544097,0.00014517999079544097,2.1077229727364325e-08
45,merged_z_p0p040_dedup_filtered,95,4.609813913702965e-05,-0.00011431432358222082,0.00016041246271925047,0.00016041246271925047,2.5732158195654922e-08
45,merged_z_p0p040_dedup_filtered,96,0.0004871808923780918,-0.00023012967722024769,0.0007173105695983395,0.0007173105695983395,5.145344532574943e-07
45,merged_z_p0p040_dedup_filtered,97,0.0005370352882891893,-0.00034439569571986794,0.0008814309840090573,0.0008814309840090573,7.76920579571175e-07
45,merged_z_p0p040_dedup_filtered,98,0.0005879772361367941,-0.00040538940811529756,0.0009933666442520916,0.0009933666442520916,9.867772899126616e-07
45,merged_z_p0p040_dedup_filtered,99,0.0002869614399969578,-0.0002708356478251517,0.0005577970878221095,0.0005577970878221095,3.111375911828261e-07
45,merged_z_p0p040_dedup_filtered,100,0.00011656992137432098,-0.000311625306494534,0.000428195227868855,0.000428195227868855,1.8335115316966066e-07
45,merged_z_p0p040_dedup_filtered,101,0.0007402871269732714,-0.00046654770267196,0.0012068348296452314,0.0012068348296452314,1.4564503060448346e-06
45,merged_z_p0p040_dedup_filtered,102,0.001069243298843503,-0.0005277741001918912,0.0015970173990353942,0.0015970173990353942,2.5504645728217755e-06
45,merged_z_p0p040_dedup_filtered,103,0.00016600987873971462,-0.0003524541389197111,0.0005184640176594257,0.0005184640176594257,2.688049376075533e-07
45,merged_z_p0p040_dedup_filtered,104,0.0006099622696638107,-0.00039330110303126276,0.0010032633726950735,0.0010032633726950735,1.006537394991494e-06
45,merged_z_p0p040_dedup_filtered,105,0.0016352899838238955,-0.0005890292231924832,0.0022243192070163786,0.0022243192070163786,4.9475959347019715e-06
45,merged_z_p0p040_dedup_filtered,106,0.0024535267148166895,-0.0006503114709630609,0.0031038381857797503,0.0031038381857797503,9.633811483504532e-06
45,merged_z_p0p040_dedup_filtered,107,0.001545050530694425,-0.000434155750554055,0.00197920628124848,0.00197920628124848,3.917257503733438e-06
45,merged_z_p0p040_dedup_filtered,108,0.00039678241591900587,0.004837420769035816,-0.00444063835311681,0.00444063835311681,1.9719268983171977e-05
45,merged_z_p0p040_dedup_filtered,109,-0.0004863990470767021,-0.000195943663129583,-0.0002904553839471191,0.0002904553839471191,8.436433006386838e-08
45,merged_z_p0p040_dedup_filtered,110,-0.0007752240635454655,-0.00017551530618220568,-0.0005997087573632598,0.0005997087573632598,3.596505936581852e-07
45,merged_z_p0p040_dedup_filtered,111,-0.000632045790553093,-0.0001550936867715791,-0.00047695210378151387,0.00047695210378151387,2.2748330930161198e-07
45,merged_z_p0p040_dedup_filtered,112,0.0005730432458221912,-0.00018960496527142823,0.0007626482110936195,0.0007626482110936195,5.81632293884298e-07
45,merged_z_p0p040_dedup_filtered,113,0.0029418086633086205,-0.00047501467633992434,0.003416823339648545,0.003416823339648545,1.1674681734367035e-05
45,merged_z_p0p040_dedup_filtered,114,0.0034713661298155785,-0.0007115888292901218,0.0041829549591057,0.0041829549591057,1.749711218990697e-05
45,merged_z_p0p040_dedup_filtered,115,0.004561283625662327,-0.0007728756172582507,0.0053341592429205775,0.0053341592429205775,2.845325482883503e-05
45,merged_z_p0p040_dedup_filtered,116,0.004624613560736179,-0.0005158754647709429,0.005140489025507122,0.005140489025507122,2.6424627421359164e-05
45,merged_z_p0p040_dedup_filtered,117,0.00628683902323246,-0.0005567368352785707,0.006843575858511031,0.006843575858511031,4.683453053119499e-05
45,merged_z_p0p040_dedup_filtered,118,0.005532200448215008,-0.0008341713109984994,0.006366371759213507,0.006366371759213507,4.0530689376511286e-05
45,merged_z_p0p040_dedup_filtered,119,0.006158809177577496,-0.0008954599034041166,0.007054269080981612,0.007054269080981612,4.976271226689316e-05
45,merged_z_p0p040_dedup_filtered,120,0.005369966849684715,-0.00027767239953391254,0.005647639249218628,0.005647639249218628,3.1895829089314745e-05
45,merged_z_p0p040_dedup_filtered,121,0.003562399186193943,-0.00025723950238898396,0.003819638688582927,0.003819638688582927,1.4589639711319502e-05
45,merged_z_p0p040_dedup_filtered,122,-0.0009873779490590096,0.000771452090702951,-0.0017588300397619605,0.0017588300397619605,3.0934831087690596e-06
45,merged_z_p0p040_dedup_filtered,123,-0.0008466788567602634,0.0008390358416363597,-0.0016857146983966231,0.0016857146983966231,2.841634044390418e-06
45,merged_z_p0p040_dedup_filtered,124,0.0013207312440499663,0.0009618177427910268,0.0003589135012589395,0.0003589135012589395,1.2881890138595077e-07
45,merged_z_p0p040_dedup_filtered,125,0.0031682555563747883,0.0010490822605788708,0.0021191732957959175,0.0021191732957959175,4.490895457614531e-06
45,merged_z_p0p040_dedup_filtered,126,0.003363826544955373,0.022407425567507744,-0.01904359902255237,0.01904359902255237,0.0003626586637317576
45,merged_z_p0p040_dedup_filtered,127,0.0028249400202184916,0.0011778248008340597,0.0016471152193844318,0.0016471152193844318,2.712988545927825e-06
46,merged_z_p0p042_dedup_filtered,0,-0.010605661198496819,-0.001447714283131063,-0.009157946915365756,0.009157946915365756,8.386799170465716e-05
46,merged_z_p0p042_dedup_filtered,1,-0.009031187742948532,-0.001375006278976798,-0.007656181463971734,0.007656181463971734,5.8617114609264365e-05
46,merged_z_p0p042_dedup_filtered,2,-0.006638955324888229,-0.0013246310409158468,-0.0053143242839723825,0.0053143242839723825,2.8242042595218576e-05
46,merged_z_p0p042_dedup_filtered,3,-0.011004080064594746,-0.0008837009663693607,-0.010120379098225385,0.010120379098225385,0.00010242207309179725
46,merged_z_p0p042_dedup_filtered,4,-0.006509935483336449,-0.0008428021101281047,-0.005667133373208344,0.005667133373208344,3.2116400669731783e-05
46,merged_z_p0p042_dedup_filtered,5,-0.003768503898754716,-0.001263270853087306,-0.00250523304566741,0.00250523304566741,6.276192613104007e-06
46,merged_z_p0p042_dedup_filtered,6,-0.0007884559454396367,-0.0012019394198432565,0.00041348347440361977,0.00041348347440361977,1.7096858360488888e-07
46,merged_z_p0p042_dedup_filtered,7,-0.0019066468812525272,-0.0008019231609068811,-0.0011047237203456461,0.0011047237203456461,1.2204144982943254e-06
46,merged_z_p0p042_dedup_filtered,8,0.0022132887970656157,-0.0007610530010424554,0.002974341798108071,0.002974341798108071,8.846709131972754e-06
46,merged_z_p0p042_dedup_filtered,9,0.0019389156950637698,-0.0011406324338167906,0.0030795481288805604,0.0030795481288805604,9.48361667809176e-06
46,merged_z_p0p042_dedup_filtered,10,0.004119149409234524,-0.0010793345281854272,0.005198483937419951,0.005198483937419951,2.7024235247613237e-05
46,merged_z_p0p042_dedup_filtered,11,0.0053818970918655396,-0.0007201872649602592,0.006102084356825799,0.006102084356825799,3.723543349781812e-05
46,merged_z_p0p042_dedup_filtered,12,0.007324970327317715,-0.0006793235661461949,0.00800429389346391,0.00800429389346391,6.406872073294363e-05
46,merged_z_p0p042_dedup_filtered,13,0.005566778127104044,-0.0010180397657677531,0.006584817892871797,0.006584817892871797,4.3359826682284574e-05
46,merged_z_p0p042_dedup_filtered,14,0.006224554032087326,-0.0009567463421262801,0.007181300374213606,0.007181300374213606,5.1571075064680476e-05
46,merged_z_p0p042_dedup_filtered,15,0.007991536520421505,-0.000638460973277688,0.008629997493699193,0.008629997493699193,7.447685674125435e-05
46,merged_z_p0p042_dedup_filtered,16,0.00753983436152339,-0.0005975988460704684,0.008137433207593858,0.008137433207593858,6.621781920805127e-05
46,merged_z_p0p042_dedup_filtered,17,0.006779621355235577,0.013069978915154934,-0.006290357559919357,0.006290357559919357,3.956859823163461e-05
46,merged_z_p0p042_dedup_filtered,18,0.00013824994675815105,-4.381816864906796e-08,0.00013829376492680012,0.00013829376492680012,1.9125165417629053e-08
46,merged_z_p0p042_dedup_filtered,19,0.0006178804906085134,-3.940547443903597e-08,0.0006179198960829524,0.0006179198960829524,3.818249979751667e-07
46,merged_z_p0p042_dedup_filtered,20,0.0008862626273185015,-3.528859693346931e-08,0.0008862979159154349,0.0008862979159154349,7.855239957560433e-07
46,merged_z_p0p042_dedup_filtered,21,0.0009867728222161531,-3.133590809056841e-08,0.0009868041581242437,0.0009868041581242437,9.737824464912975e-07
46,merged_z_p0p042_dedup_filtered,22,0.0009690131992101669,-2.7436634297828277e-08,0.0009690406358444648,0.0009690406358444648,9.390397539178446e-07
46,merged_z_p0p042_dedup_filtered,23,0.0008809368009679019,-2.3607100274603e-08,0.0008809604080681765,0.0008809604080681765,7.760912405836481e-07
46,merged_z_p0p042_dedup_filtered,24,0.0007632637280039489,-1.99208045614796e-08,0.0007632836488085104,0.0007632836488085104,5.826019285384335e-07
46,merged_z_p0p042_dedup_filtered,25,0.0006466977065429091,-1.6569588368042787e-08,0.0006467142761312772,0.0006467142761312772,4.1823935495200183e-07
46,merged_z_p0p042_dedup_filtered,26,0.0005517540266737342,-1.3542215349104936e-08,0.0005517675688890833,0.0005517675688890833,3.044474500777693e-07
46,merged_z_p0p042_dedup_filtered,27,0.0004904242232441902,-1.0667145389220423e-08,0.0004904348903895794,0.0004904348903895794,2.405263817114388e-07
46,merged_z_p0p042_dedup_filtered,28,0.0004685763269662857,-7.969680915209665e-09,0.0004685842966472009,0.0004685842966472009,2.19571243064352e-07
46,merged_z_p0p042_dedup_filtered,29,0.005085982847958803,9.47217849898152e-05,0.004991261062968988,0.004991261062968988,2.491268699871031e-05
46,merged_z_p0p042_dedup_filtered,30,0.013125065714120865,0.00021143874619156122,0.012913626967929304,0.012913626967929304,0.00016676176146683097
46,merged_z_p0p042_dedup_filtered,31,0.01221502386033535,0.00025207229191437364,0.011962951568420976,0.011962951568420976,0.0001431122102283859
46,merged_z_p0p042_dedup_filtered,32,0.015870273113250732,0.00037894511478953063,0.015491327998461202,0.015491327998461202,0.00023998124315590796
46,merged_z_p0p042_dedup_filtered,33,0.012846171855926514,0.0008523255819454789,0.011993846273981035,0.011993846273981035,0.00014385234844388874
46,merged_z_p0p042_dedup_filtered,34,0.010532124899327755,0.0004891888820566237,0.010042936017271131,0.010042936017271131,0.00010086056384700173
46,merged_z_p0p042_dedup_filtered,35,0.008332934230566025,0.0003336321096867323,0.007999302120879292,0.007999302120879292,6.398883442110395e-05
46,merged_z_p0p042_dedup_filtered,36,0.005819933954626322,0.00037446481292136014,0.005445469141704962,0.005445469141704962,2.965313417326097e-05
46,merged_z_p0p042_dedup_filtered,37,0.00329031515866518,0.0004153090703766793,0.002875006088288501,0.002875006088288501,8.265660007695947e-06
46,merged_z_p0p042_dedup_filtered,38,0.0030513578094542027,0.0006241575465537608,0.002427200262900442,0.002427200262900442,5.891301116223974e-06
46,merged_z_p0p042_dedup_filtered,39,0.0010028141550719738,0.0004561584210023284,0.0005466557340696454,0.0005466557340696454,2.988324915912229e-07
46,merged_z_p0p042_dedup_filtered,40,-0.0008376059122383595,0.0004970102454535663,-0.0013346161576919258,0.0013346161576919258,1.7812002883723593e-06
46,merged_z_p0p042_dedup_filtered,41,-0.002102816477417946,0.0005378634086810052,-0.002640679886098951,0.002640679886098951,6.973190260847569e-06
46,merged_z_p0p042_dedup_filtered,42,-0.002750611398369074,0.0005787170375697315,-0.0033293284359388053,0.0033293284359388053,1.1084427834350732e-05
46,merged_z_p0p042_dedup_filtered,43,-0.0028194081969559193,0.0006195716559886932,-0.0034389798529446125,0.0034389798529446125,1.1826582428958949e-05
46,merged_z_p0p042_dedup_filtered,44,-0.002410994144156575,0.0006604263326153159,-0.003071420476771891,0.003071420476771891,9.433623745133671e-06
46,merged_z_p0p042_dedup_filtered,45,-0.0016656954539939761,0.0007012812420725822,-0.0023669766960665584,0.0023669766960665584,5.602578679722161e-06
46,merged_z_p0p042_dedup_filtered,46,-0.000735447509214282,0.0007421369664371014,-0.0014775844756513834,0.0014775844756513834,2.1832558826859736e-06
46,merged_z_p0p042_dedup_filtered,47,0.0002399457443971187,0.0007829946698620915,-0.0005430489254649729,0.0005430489254649729,2.9490213544866164e-07
46,merged_z_p0p042_dedup_filtered,48,0.0011493066558614373,0.0008238583686761558,0.0003254482871852815,0.0003254482871852815,1.0591658763183347e-07
46,merged_z_p0p042_dedup_filtered,49,0.001917302142828703,0.0008647360373288393,0.0010525661054998636,0.0010525661054998636,1.10789540644715e-06
46,merged_z_p0p042_dedup_filtered,50,0.0025026481598615646,0.0009056436247192323,0.0015970045351423323,0.0015970045351423323,2.550423485265177e-06
46,merged_z_p0p042_dedup_filtered,51,0.0028896350413560867,0.0009466128540225327,0.001943022187333554,0.001943022187333554,3.7753352204704687e-06
46,merged_z_p0p042_dedup_filtered,52,0.0030766562558710575,0.0009877001866698265,0.002088956069201231,0.002088956069201231,4.363737459052658e-06
46,merged_z_p0p042_dedup_filtered,53,-0.0022111788857728243,0.0014846447156742215,-0.003695823601447046,0.003695823601447046,1.3659112093013012e-05
46,merged_z_p0p042_dedup_filtered,54,-0.0009585976367816329,0.0013856397708877921,-0.002344237407669425,0.002344237407669425,5.495449023516666e-06
46,merged_z_p0p042_dedup_filtered,55,0.002945279935374856,0.00046105115325190127,0.0024842287821229547,0.0024842287821229547,6.171392641928099e-06
46,merged_z_p0p042_dedup_filtered,56,0.004310200922191143,0.0004815375432372093,0.0038286633789539337,0.0038286633789539337,1.4658663269342953e-05
46,merged_z_p0p042_dedup_filtered,57,0.004818500019609928,0.0005020664539188147,0.0043164335656911135,0.0043164335656911135,1.86315987270249e-05
46,merged_z_p0p042_dedup_filtered,58,-0.009860716760158539,-8.765365322460639e-08,-0.009860629106505314,0.009860629106505314,9.723200637605979e-05
46,merged_z_p0p042_dedup_filtered,59,-0.009444375522434711,-8.278884422452393e-08,-0.009444292733590487,0.009444292733590487,8.919466523775007e-05
46,merged_z_p0p042_dedup_filtered,60,-0.008637629449367523,-7.802069035278691e-08,-0.00863755142867717,0.00863755142867717,7.460729468304302e-05
46,merged_z_p0p042_dedup_filtered,61,-0.0075187901966273785,-7.334247698054241e-08,-0.007518716854150398,0.007518716854150398,5.653110313288526e-05
46,merged_z_p0p042_dedup_filtered,62,-0.006192417815327644,-6.88823433847574e-08,-0.00619234893298426,0.00619234893298426,3.83451853078313e-05
46,merged_z_p0p042_dedup_filtered,63,-0.004775350447744131,-6.451631406889646e-08,-0.004775285931430062,0.004775285931430062,2.2803355726913876e-05
46,merged_z_p0p042_dedup_filtered,64,-0.0033818401861935854,-6.008493613762766e-08,-0.0033817801012574478,0.0033817801012574478,1.1436436653260833e-05
46,merged_z_p0p042_dedup_filtered,65,-0.002110155299305916,-5.5533046605660275e-08,-0.00211009976625931,0.00211009976625931,4.452521023567596e-06
46,merged_z_p0p042_dedup_filtered,66,-0.0010326325427740812,-5.0840792908957155e-08,-0.0010325817019811723,0.0010325817019811723,1.0662249712663344e-06
46,merged_z_p0p042_dedup_filtered,67,0.007061708718538284,-0.0003287561412435025,0.007390464859781787,0.007390464859781787,5.4618970843669425e-05
46,merged_z_p0p042_dedup_filtered,68,0.005590564571321011,-0.0003491897659841925,0.005939754337305203,0.005939754337305203,3.528068158753597e-05
46,merged_z_p0p042_dedup_filtered,69,0.0026495475322008133,-0.00036962368176318705,0.0030191712139640003,0.0030191712139640003,9.115394819228855e-06
46,merged_z_p0p042_dedup_filtered,70,-0.001588297076523304,-0.00039005829603411257,-0.0011982387804891914,0.0011982387804891914,1.4357761750682246e-06
46,merged_z_p0p042_dedup_filtered,71,-0.00669879000633955,-0.00041049456922337413,-0.006288295437116176,0.006288295437116176,3.9542659504456114e-05
46,merged_z_p0p042_dedup_filtered,72,-0.012063002213835716,-0.00043093538261018693,-0.01163206683122553,0.01163206683122553,0.00013530497876609713
46,merged_z_p0p042_dedup_filtered,73,-0.01696491613984108,-0.00045138722634874284,-0.016513528913492337,0.016513528913492337,0.0002726966371767474
46,merged_z_p0p042_dedup_filtered,74,-0.02071247436106205,-0.000471863808343187,-0.020240610552718863,0.020240610552718863,0.0004096823155468342
46,merged_z_p0p042_dedup_filtered,75,-0.02275882288813591,-0.0004923840169794858,-0.022266438871156424,0.022266438871156424,0.0004957943000029458
46,merged_z_p0p042_dedup_filtered,76,-0.01791030541062355,-0.0009862297447398305,-0.01692407566588372,0.01692407566588372,0.00028642433714455746
46,merged_z_p0p042_dedup_filtered,77,-0.01620292104780674,-0.0009451392688788474,-0.015257781778927892,0.015257781778927892,0.000232799904813384
46,merged_z_p0p042_dedup_filtered,78,0.0009524836204946041,0.0004405994259286672,0.0005118841945659369,0.0005118841945659369,2.6202542864641797e-07
46,merged_z_p0p042_dedup_filtered,79,-0.0013381702592596412,0.0004201637639198452,-0.0017583340231794864,0.0017583340231794864,3.0917385370705586e-06
46,merged_z_p0p042_dedup_filtered,80,-0.003554968163371086,0.0003997348539996892,-0.003954703017370775,0.003954703017370775,1.5639675955601514e-05
46,merged_z_p0p042_dedup_filtered,81,-0.005350116174668074,0.00037930873804725707,-0.005729424912715331,0.005729424912715331,3.2826309830443074e-05
46,merged_z_p0p042_dedup_filtered,82,-0.006458672694861889,0.00035888361162506044,-0.006817556306486949,0.006817556306486949,4.6479073992119974e-05
46,merged_z_p0p042_dedup_filtered,83,-0.006739691365510225,0.0003384589799679816,-0.007078150345478207,0.007078150345478207,5.0100212313193256e-05
46,merged_z_p0p042_dedup_filtered,84,-0.006192340981215239,0.0003180345520377159,-0.0065103755332529545,0.0065103755332529545,4.238498958397869e-05
46,merged_z_p0p042_dedup_filtered,85,-0.004945022519677877,0.00029760986217297614,-0.0052426323818508536,0.0052426323818508536,2.7485194291231153e-05
46,merged_z_p0p042_dedup_filtered,86,-0.0032210734207183123,0.00027718511410057545,-0.0034982585348188877,0.0034982585348188877,1.2237812776433191e-05
46,merged_z_p0p042_dedup_filtered,87,-0.0012893012026324868,0.00025676030782051384,-0.0015460615104530007,0.0015460615104530007,2.390306194104214e-06
46,merged_z_p0p042_dedup_filtered,88,0.000589677772950381,0.00023633554519619793,0.0003533422277541831,0.0003533422277541831,1.24850729914289e-07
46,merged_z_p0p042_dedup_filtered,89,0.00220992648974061,0.0002159112336812541,0.001994015256059356,0.001994015256059356,3.976096841397459e-06
46,merged_z_p0p042_dedup_filtered,90,0.003450250718742609,0.0001954879699042067,0.0032547627488384023,0.0032547627488384023,1.0593480551226113e-05
46,merged_z_p0p042_dedup_filtered,91,0.004282601177692413,0.0001750672236084938,0.0041075339540839195,0.0041075339540839195,1.687183518395228e-05
46,merged_z_p0p042_dedup_filtered,92,0.004758636932820082,0.0001546525745652616,0.00460398435825482,0.00460398435825482,2.1196671971055048e-05
46,merged_z_p0p042_dedup_filtered,93,0.0049792020581662655,0.00013425250654108822,0.004844949551625177,0.004844949551625177,2.3473536157793005e-05
46,merged_z_p0p042_dedup_filtered,94,-0.000287872739136219,-0.0001346870994893834,-0.00015318563964683563,0.00015318563964683563,2.346584019401018e-08
46,merged_z_p0p042_dedup_filtered,95,3.78401018679142e-05,-0.00011431432358222082,0.00015215442545013502,0.00015215442545013502,2.3150969184060696e-08
46,merged_z_p0p042_dedup_filtered,96,0.00047871842980384827,-0.00023012967722024769,0.000708848107024096,0.000708848107024096,5.024656388316442e-07
46,merged_z_p0p042_dedup_filtered,97,0.0005285015795379877,-0.00034439569571986794,0.0008728972752578557,0.0008728972752578557,7.619496531525886e-07
46,merged_z_p0p042_dedup_filtered,98,0.0005797762423753738,-0.00040538940811529756,0.0009851656504906714,0.0009851656504906714,9.705513589067077e-07
46,merged_z_p0p042_dedup_filtered,99,0.00027878768742084503,-0.0002708356478251517,0.0005496233352459967,0.0005496233352459967,3.020858106469333e-07
46,merged_z_p0p042_dedup_filtered,100,0.00010887021198868752,-0.000311625306494534,0.00042049551848322153,0.00042049551848322153,1.768164810644733e-07
46,merged_z_p0p042_dedup_filtered,101,0.0007326256018131971,-0.00046654770267196,0.0011991733044851571,0.0011991733044851571,1.4380166141898514e-06
46,merged_z_p0p042_dedup_filtered,102,0.0010623075067996979,-0.0005277741001918912,0.001590081606991589,0.001590081606991589,2.5283595168929543e-06
46,merged_z_p0p042_dedup_filtered,103,0.0001589625608175993,-0.0003524541389197111,0.0005114166997373104,0.0005114166997373104,2.615470407702023e-07
46,merged_z_p0p042_dedup_filtered,104,0.0006037317216396332,-0.00039330110303126276,0.000997032824670896,0.000997032824670896,9.940744534712255e-07
46,merged_z_p0p042_dedup_filtered,105,0.001629237667657435,-0.0005890292231924832,0.002218266890849918,0.002218266890849918,4.920707999040963e-06
46,merged_z_p0p042_dedup_filtered,106,0.002448484068736434,-0.0006503114709630609,0.003098795539699495,0.003098795539699495,9.602533796861483e-06
46,merged_z_p0p042_dedup_filtered,107,0.0015397816896438599,-0.000434155750554055,0.001973937440197915,0.001973937440197915,3.896429017815097e-06
46,merged_z_p0p042_dedup_filtered,108,0.00039156468119472265,0.00507929315790534,-0.0046877284767106175,0.0046877284767106175,2.1974798271363647e-05
46,merged_z_p0p042_dedup_filtered,109,-0.0004925909452140331,-0.000195943663129583,-0.0002966472820844501,0.0002966472820844501,8.799960996809132e-08
46,merged_z_p0p042_dedup_filtered,110,-0.0007821982726454735,-0.00017551530618220568,-0.0006066829664632678,0.0006066829664632678,3.680642217966705e-07
46,merged_z_p0p042_dedup_filtered,111,-0.0006396248936653137,-0.0001550936867715791,-0.00048453120689373463,0.00048453120689373463,2.3477049045389908e-07
46,merged_z_p0p042_dedup_filtered,112,0.0005644825287163258,-0.00018960496527142823,0.000754087493987754,0.000754087493987754,5.686479485887309e-07
46,merged_z_p0p042_dedup_filtered,113,0.002937620971351862,-0.00047501467633992434,0.0034126356476917863,0.0034126356476917863,1.1646082063896738e-05
46,merged_z_p0p042_dedup_filtered,114,0.0034674243070185184,-0.0007115888292901218,0.00417901313630864,0.00417901313630864,1.7464150793440178e-05
46,merged_z_p0p042_dedup_filtered,115,0.004558498505502939,-0.0007728756172582507,0.00533137412276119,0.00533137412276119,2.8423550036847648e-05
46,merged_z_p0p042_dedup_filtered,116,0.004621596075594425,-0.0005158754647709429,0.005137471540365368,0.005137471540365368,2.639361382806411e-05
46,merged_z_p0p042_dedup_filtered,117,0.006285042501986027,-0.0005567368352785707,0.006841779337264597,0.006841779337264597,4.6809944499820794e-05
46,merged_z_p0p042_dedup_filtered,118,0.005530594848096371,-0.0008341713109984994,0.00636476615909487,0.00636476615909487,4.0510248259959265e-05
46,merged_z_p0p042_dedup_filtered,119,0.006158375181257725,-0.0008954599034041166,0.007053835084661841,0.007053835084661841,4.975658940160633e-05
46,merged_z_p0p042_dedup_filtered,120,0.005368319805711508,-0.00027767239953391254,0.00564599220524542,0.00564599220524542,3.1877227981692044e-05
46,merged_z_p0p042_dedup_filtered,121,0.003559467848390341,-0.00025723950238898396,0.0038167073507793248,0.0038167073507793248,1.4567255001492932e-05
46,merged_z_p0p042_dedup_filtered,122,-0.000985617283731699,0.000771452090702951,-0.00175706937443465,0.00175706937443465,3.087292786576172e-06
46,merged_z_p0p042_dedup_filtered,123,-0.0008444851264357567,0.0008390358416363597,-0.0016835209680721164,0.0016835209680721164,2.834242849938476e-06
46,merged_z_p0p042_dedup_filtered,124,0.001322935800999403,0.0009618177427910268,0.00036111805820837617,0.00036111805820837617,1.3040625196418816e-07
46,merged_z_p0p042_dedup_filtered,125,0.0031705652363598347,0.0010490822605788708,0.002121482975780964,0.002121482975780964,4.500690016528454e-06
46,merged_z_p0p042_dedup_filtered,126,0.0033665173687040806,0.023527801036834717,-0.020161283668130636,0.020161283668130636,0.0004064773591468311
46,merged_z_p0p042_dedup_filtered,127,0.002828283002600074,0.0011778248008340597,0.001650458201766014,0.001650458201766014,2.724012275776705e-06
47,merged_z_p0p044_dedup_filtered,0,-0.010599448345601559,-0.001447714283131063,-0.009151734062470496,0.009151734062470496,8.375423635018272e-05
47,merged_z_p0p044_dedup_filtered,1,-0.009025201201438904,-0.001375006278976798,-0.007650194922462106,0.007650194922462106,5.8525482351664984e-05
47,merged_z_p0p044_dedup_filtered,2,-0.006633344572037458,-0.0013246310409158468,-0.005308713531121612,0.005308713531121612,2.818243935551369e-05
47,merged_z_p0p044_dedup_filtered,3,-0.010998370125889778,-0.0008837009663693607,-0.010114669159520417,0.010114669159520417,0.00010230653220655346
47,merged_z_p0p044_dedup_filtered,4,-0.006504724733531475,-0.0008428021101281047,-0.00566192262340337,0.00566192262340337,3.2057367793406904e-05
47,merged_z_p0p044_dedup_filtered,5,-0.003763411659747362,-0.001263270853087306,-0.002500140806660056,0.002500140806660056,6.250704053126796e-06
47,merged_z_p0p044_dedup_filtered,6,-0.0007840170292183757,-0.0012019394198432565,0.0004179223906248808,0.0004179223906248808,1.7465912458561545e-07
47,merged_z_p0p044_dedup_filtered,7,-0.0019020840991288424,-0.0008019231609068811,-0.0011001609382219613,0.0011001609382219613,1.210354089989426e-06
47,merged_z_p0p044_dedup_filtered,8,0.0022170585580170155,-0.0007610530010424554,0.002978111559059471,0.002978111559059471,8.869148458203632e-06
47,merged_z_p0p044_dedup_filtered,9,0.0019425757927820086,-0.0011406324338167906,0.0030832082265987992,0.0030832082265987992,9.506172968566512e-06
47,merged_z_p0p044_dedup_filtered,10,0.004121916368603706,-0.0010793345281854272,0.0052012508967891335,0.0052012508967891335,2.7053010891349766e-05
47,merged_z_p0p044_dedup_filtered,11,0.0053847371600568295,-0.0007201872649602592,0.006104924425017089,0.006104924425017089,3.727010223517023e-05
47,merged_z_p0p044_dedup_filtered,12,0.0073267612606287,-0.0006793235661461949,0.008006084826774895,0.008006084826774895,6.40973942535152e-05
47,merged_z_p0p044_dedup_filtered,13,0.005568553227931261,-0.0010180397657677531,0.006586592993699014,0.006586592993699014,4.338320726464494e-05
47,merged_z_p0p044_dedup_filtered,14,0.0062252553179860115,-0.0009567463421262801,0.007182001660112292,0.007182001660112292,5.158114784585571e-05
47,merged_z_p0p044_dedup_filtered,15,0.007992182858288288,-0.000638460973277688,0.008630643831565976,0.008630643831565976,7.448801294734783e-05
47,merged_z_p0p044_dedup_filtered,16,0.007539273239672184,-0.0005975988460704684,0.008136872085742652,0.008136872085742652,6.620868733973798e-05
47,merged_z_p0p044_dedup_filtered,17,0.006779315881431103,0.013692355714738369,-0.006913039833307266,0.006913039833307266,4.7790119736892955e-05
47,merged_z_p0p044_dedup_filtered,18,0.00013925135135650635,-4.381816864906796e-08,0.00013929516952515542,0.00013929516952515542,1.9403144253041787e-08
47,merged_z_p0p044_dedup_filtered,19,0.0006177130853757262,-3.940547443903597e-08,0.0006177524908501653,0.0006177524908501653,3.816181399515835e-07
47,merged_z_p0p044_dedup_filtered,20,0.0008848659344948828,-3.528859693346931e-08,0.0008849012230918163,0.0008849012230918163,7.830501746293924e-07
47,merged_z_p0p044_dedup_filtered,21,0.000984125304967165,-3.133590809056841e-08,0.0009841566408752556,0.0009841566408752556,9.685642937788668e-07
47,merged_z_p0p044_dedup_filtered,22,0.0009651387808844447,-2.7436634297828277e-08,0.0009651662175187425,0.0009651662175187425,9.315458274394367e-07
47,merged_z_p0p044_dedup_filtered,23,0.0008759083575569093,-2.3607100274603e-08,0.0008759319646571839,0.0008759319646571839,7.672568067081941e-07
47,merged_z_p0p044_dedup_filtered,24,0.0007572041940875351,-1.99208045614796e-08,0.0007572241148920966,0.0007572241148920966,5.733883601741192e-07
47,merged_z_p0p044_dedup_filtered,25,0.0006397769320756197,-1.6569588368042787e-08,0.0006397935016639877,0.0006397935016639877,4.0933572477146706e-07
47,merged_z_p0p044_dedup_filtered,26,0.0005441829562187195,-1.3542215349104936e-08,0.0005441964984340686,0.0005441964984340686,2.9614982890790124e-07
47,merged_z_p0p044_dedup_filtered,27,0.0004824462812393904,-1.0667145389220423e-08,0.0004824569483847796,0.0004824569483847796,2.327647070447539e-07
47,merged_z_p0p044_dedup_filtered,28,0.0004604547284543514,-7.969680915209665e-09,0.00046046269813526663,0.00046046269813526663,2.120258963740097e-07
47,merged_z_p0p044_dedup_filtered,29,0.0050779120065271854,9.47217849898152e-05,0.00498319022153737,0.00498319022153737,2.4832184784025665e-05
47,merged_z_p0p044_dedup_filtered,30,0.013116956688463688,0.00021143874619156122,0.012905517942272127,0.012905517942272127,0.00016655239335830777
47,merged_z_p0p044_dedup_filtered,31,0.012207571417093277,0.00025207229191437364,0.011955499125178903,0.011955499125178903,0.00014293395933215352
47,merged_z_p0p044_dedup_filtered,32,0.015862811356782913,0.00037894511478953063,0.015483866241993383,0.015483866241993383,0.0002397501137999423
47,merged_z_p0p044_dedup_filtered,33,0.012839851900935173,0.0008929120958782732,0.0119469398050569,0.0119469398050569,0.000142729370705653
47,merged_z_p0p044_dedup_filtered,34,0.010527289472520351,0.0004891888820566237,0.010038100590463728,0.010038100590463728,0.00010076346346426824
47,merged_z_p0p044_dedup_filtered,35,0.008328216150403023,0.0003336321096867323,0.00799458404071629,0.00799458404071629,6.391337398407561e-05
47,merged_z_p0p044_dedup_filtered,36,0.005816923454403877,0.00037446481292136014,0.005442458641482517,0.005442458641482517,2.9620356064247725e-05
47,merged_z_p0p044_dedup_filtered,37,0.003288962645456195,0.0004153090703766793,0.0028736535750795156,0.0028736535750795156,8.25788486956728e-06
47,merged_z_p0p044_dedup_filtered,38,0.0030504129827022552,0.0006241575465537608,0.0024262554361484945,0.0024262554361484945,5.886715441440121e-06
47,merged_z_p0p044_dedup_filtered,39,0.0010028963442891836,0.0004561584210023284,0.0005467379232868552,0.0005467379232868552,2.989223567600232e-07
47,merged_z_p0p044_dedup_filtered,40,-0.0008364222012460232,0.0004970102454535663,-0.0013334324466995895,0.0013334324466995895,1.7780420899112536e-06
47,merged_z_p0p044_dedup_filtered,41,-0.002100897952914238,0.0005378634086810052,-0.002638761361595243,0.002638761361595243,6.963061523447982e-06
47,merged_z_p0p044_dedup_filtered,42,-0.0027482795994728804,0.0005787170375697315,-0.003326996637042612,0.003326996637042612,1.1068906622892849e-05
47,merged_z_p0p044_dedup_filtered,43,-0.0028168810531497,0.0006195716559886932,-0.0034364527091383934,0.0034364527091383934,1.1809207222144603e-05
47,merged_z_p0p044_dedup_filtered,44,-0.002408355474472046,0.0006604263326153159,-0.003068781807087362,0.003068781807087362,9.417421779510374e-06
47,merged_z_p0p044_dedup_filtered,45,-0.0016628996236249804,0.0007012812420725822,-0.0023641808656975627,0.0023641808656975627,5.589351165730477e-06
47,merged_z_p0p044_dedup_filtered,46,-0.0007323497557081282,0.0007421369664371014,-0.0014744867221452296,0.0014744867221452296,2.1741110937825835e-06
47,merged_z_p0p044_dedup_filtered,47,0.00024353017215617,0.0007829946698620915,-0.0005394644977059215,0.0005394644977059215,2.910219442851022e-07
47,merged_z_p0p044_dedup_filtered,48,0.0011535407975316048,0.0008238583686761558,0.00032968242885544896,0.00032968242885544896,1.0869050389602817e-07
47,merged_z_p0p044_dedup_filtered,49,0.0019222705159336329,0.0008647360373288393,0.0010575344786047935,0.0010575344786047935,1.1183791734379125e-06
47,merged_z_p0p044_dedup_filtered,50,0.0025083201471716166,0.0009056436247192323,0.0016026765224523842,0.0016026765224523842,2.5685720356200677e-06
47,merged_z_p0p044_dedup_filtered,51,0.0028958567418158054,0.0009466128540225327,0.0019492438877932727,0.0019492438877932727,3.799551734099433e-06
47,merged_z_p0p044_dedup_filtered,52,0.00308317132294178,0.0009877001866698265,0.0020954711362719536,0.0020954711362719536,4.390999282948872e-06
47,merged_z_p0p044_dedup_filtered,53,-0.00220455601811409,0.0014846447156742215,-0.0036892007337883115,0.0036892007337883115,1.3610202054184216e-05
47,merged_z_p0p044_dedup_filtered,54,-0.0009527013753540814,0.0013856397708877921,-0.0023383411462418735,0.0023383411462418735,5.467839316207759e-06
47,merged_z_p0p044_dedup_filtered,55,0.0029513221234083176,0.00046105115325190127,0.0024902709701564163,0.0024902709701564163,6.201449504803779e-06
47,merged_z_p0p044_dedup_filtered,56,0.004316488280892372,0.0004815375432372093,0.003834950737655163,0.003834950737655163,1.4706847160241877e-05
47,merged_z_p0p044_dedup_filtered,57,0.004824877716600895,0.0005020664539188147,0.00432281126268208,0.00432281126268208,1.868669721277104e-05
47,merged_z_p0p044_dedup_filtered,58,-0.009854374453425407,-8.765365322460639e-08,-0.009854286799772183,0.009854286799772183,9.710696833216429e-05
47,merged_z_p0p044_dedup_filtered,59,-0.00943811982870102,-8.278884422452393e-08,-0.009438037039856795,0.009438037039856795,8.907654316570881e-05
47,merged_z_p0p044_dedup_filtered,60,-0.008631555363535881,-7.802069035278691e-08,-0.008631477342845528,0.008631477342845528,7.45024011200557e-05
47,merged_z_p0p044_dedup_filtered,61,-0.0075129978358745575,-7.334247698054241e-08,-0.007512924493397577,0.007512924493397577,5.644403444349324e-05
47,merged_z_p0p044_dedup_filtered,62,-0.0061870175413787365,-6.88823433847574e-08,-0.006186948659035352,0.006186948659035352,3.827833370953934e-05
47,merged_z_p0p044_dedup_filtered,63,-0.004770461469888687,-6.451631406889646e-08,-0.004770396953574618,0.004770396953574618,2.2756687094673997e-05
47,merged_z_p0p044_dedup_filtered,64,-0.0033775907941162586,-6.008493613762766e-08,-0.003377530709180121,0.003377530709180121,1.1407713691454772e-05
47,merged_z_p0p044_dedup_filtered,65,-0.0021066777408123016,-5.5533046605660275e-08,-0.002106622207765696,0.002106622207765696,4.437857126251615e-06
47,merged_z_p0p044_dedup_filtered,66,-0.0010300562717020512,-5.0840792908957155e-08,-0.0010300054309091422,0.0010300054309091422,1.0609111877023276e-06
47,merged_z_p0p044_dedup_filtered,67,0.0070632584393024445,-0.0003287561412435025,0.007392014580545947,0.007392014580545947,5.464187955900387e-05
47,merged_z_p0p044_dedup_filtered,68,0.005593250039964914,-0.0003491897659841925,0.005942439805949107,0.005942439805949107,3.531259084732846e-05
47,merged_z_p0p044_dedup_filtered,69,0.0026532290503382683,-0.00036962368176318705,0.0030228527321014553,0.0030228527321014553,9.137638639973232e-06
47,merged_z_p0p044_dedup_filtered,70,-0.0015837810933589935,-0.00039005829603411257,-0.001193722797324881,0.001193722797324881,1.4249741168531388e-06
47,merged_z_p0p044_dedup_filtered,71,-0.0066936081275343895,-0.00041049456922337413,-0.006283113558311015,0.006283113558311015,3.9477515986631706e-05
47,merged_z_p0p044_dedup_filtered,72,-0.012057316489517689,-0.00043093538261018693,-0.011626381106907502,0.011626381106907502,0.0001351727376430557
47,merged_z_p0p044_dedup_filtered,73,-0.016958877444267273,-0.00045138722634874284,-0.01650749021791853,0.01650749021791853,0.00027249723329467597
47,merged_z_p0p044_dedup_filtered,74,-0.020706212148070335,-0.000471863808343187,-0.02023434833972715,0.02023434833972715,0.0004094288527334188
47,merged_z_p0p044_dedup_filtered,75,-0.02275245264172554,-0.0004923840169794858,-0.022260068624746054,0.022260068624746054,0.0004955106551784037
47,merged_z_p0p044_dedup_filtered,76,-0.01790398359298706,-0.0009862297447398305,-0.01691775384824723,0.01691775384824723,0.00028621039526988395
47,merged_z_p0p044_dedup_filtered,77,-0.016196737065911293,-0.0009451392688788474,-0.015251597797032446,0.015251597797032446,0.00023261123536244495
47,merged_z_p0p044_dedup_filtered,78,0.0009581600315868855,0.0004405994259286672,0.0005175606056582183,0.0005175606056582183,2.678689805293017e-07
47,merged_z_p0p044_dedup_filtered,79,-0.0013329375069588423,0.0004201637639198452,-0.0017531012708786875,0.0017531012708786875,3.0733640659564692e-06
47,merged_z_p0p044_dedup_filtered,80,-0.0035502128303050995,0.0003997348539996892,-0.003949947684304789,0.003949947684304789,1.5602086708744762e-05
47,merged_z_p0p044_dedup_filtered,81,-0.005345839075744152,0.00037930873804725707,-0.005725147813791409,0.005725147813791409,3.277731748976055e-05
47,merged_z_p0p044_dedup_filtered,82,-0.006454865913838148,0.00035888361162506044,-0.0068137495254632086,0.0068137495254632086,4.64271825957501e-05
47,merged_z_p0p044_dedup_filtered,83,-0.006736361887305975,0.0003384589799679816,-0.0070748208672739565,0.0070748208672739565,5.0053090304015015e-05
47,merged_z_p0p044_dedup_filtered,84,-0.006189534440636635,0.0003180345520377159,-0.006507568992674351,0.006507568992674351,4.2348454194416664e-05
47,merged_z_p0p044_dedup_filtered,85,-0.0049428376369178295,0.00029760986217297614,-0.005240447499090806,0.005240447499090806,2.746228999072708e-05
47,merged_z_p0p044_dedup_filtered,86,-0.003219662234187126,0.00027718511410057545,-0.0034968473482877016,0.0034968473482877016,1.222794137722673e-05
47,merged_z_p0p044_dedup_filtered,87,-0.0012888535857200623,0.00025676030782051384,-0.001545613893540576,0.001545613893540576,2.3889223079056593e-06
47,merged_z_p0p044_dedup_filtered,88,0.0005889637977816164,0.00023633554519619793,0.0003526282525854185,0.0003526282525854185,1.2434668452144572e-07
47,merged_z_p0p044_dedup_filtered,89,0.00220788293518126,0.0002159112336812541,0.001991971701500006,0.001991971701500006,3.967951259576829e-06
47,merged_z_p0p044_dedup_filtered,90,0.0034467801451683044,0.0001954879699042067,0.0032512921752640978,0.0032512921752640978,1.0570900808933548e-05
47,merged_z_p0p044_dedup_filtered,91,0.004277711268514395,0.0001750672236084938,0.004102644044905901,0.004102644044905901,1.6831688159201852e-05
47,merged_z_p0p044_dedup_filtered,92,0.004752460401505232,0.0001546525745652616,0.00459780782693997,0.00459780782693997,2.113983681347045e-05
47,merged_z_p0p044_dedup_filtered,93,0.004972000606358051,0.00013425250654108822,0.004837748099816963,0.004837748099816963,2.3403806677282636e-05
47,merged_z_p0p044_dedup_filtered,94,-0.0002958863042294979,-0.0001346870994893834,-0.0001611992047401145,0.0001611992047401145,2.5985183608845356e-08
47,merged_z_p0p044_dedup_filtered,95,2.957228571176529e-05,-0.00011431432358222082,0.0001438866092939861,0.0001438866092939861,2.070335633412021e-08
47,merged_z_p0p044_dedup_filtered,96,0.00047025177627801895,-0.00023012967722024769,0.0007003814534982666,0.0007003814534982666,4.905341804043446e-07
47,merged_z_p0p044_dedup_filtered,97,0.0005199688021093607,-0.00034439569571986794,0.0008643644978292286,0.0008643644978292286,7.471259851075746e-07
47,merged_z_p0p044_dedup_filtered,98,0.0005715754814445972,-0.00040538940811529756,0.0009769648895598948,0.0009769648895598948,9.544603954327774e-07
47,merged_z_p0p044_dedup_filtered,99,0.0002706102095544338,-0.0002708356478251517,0.0005414458573795855,0.0005414458573795855,2.9316361647351445e-07
47,merged_z_p0p044_dedup_filtered,100,0.00010116817429661751,-0.000311625306494534,0.0004127934807911515,0.0004127934807911515,1.7039845778367478e-07
47,merged_z_p0p044_dedup_filtered,101,0.0007249647751450539,-0.00046654770267196,0.0011915124778170139,0.0011915124778170139,1.41970198479364e-06
47,merged_z_p0p044_dedup_filtered,102,0.00105537218041718,-0.0005277741001918912,0.0015831462806090713,0.0015831462806090713,2.506352145806336e-06
47,merged_z_p0p044_dedup_filtered,103,0.00015191338025033474,-0.0003524541389197111,0.0005043675191700459,0.0005043675191700459,2.5438659439374657e-07
47,merged_z_p0p044_dedup_filtered,104,0.0005974997766315937,-0.00039330110303126276,0.0009908008796628565,0.0009908008796628565,9.816863831406902e-07
47,merged_z_p0p044_dedup_filtered,105,0.0016231858171522617,-0.0005890292231924832,0.002212215040344745,0.002212215040344745,4.893895384727501e-06
47,merged_z_p0p044_dedup_filtered,106,0.002443441189825535,-0.0006503114709630609,0.0030937526607885957,0.0030937526607885957,9.571305526136516e-06
47,merged_z_p0p044_dedup_filtered,107,0.0015345123829320073,-0.000434155750554055,0.0019686681334860623,0.0019686681334860623,3.875654219803496e-06
47,merged_z_p0p044_dedup_filtered,108,0.0003863476449623704,0.005321162287145853,-0.004934814642183483,0.004934814642183483,2.4352395552708494e-05
47,merged_z_p0p044_dedup_filtered,109,-0.0004987837746739388,-0.000195943663129583,-0.00030284011154435575,0.00030284011154435575,9.171213316019783e-08
47,merged_z_p0p044_dedup_filtered,110,-0.0007891752757132053,-0.00017551530618220568,-0.0006136599695309997,0.0006136599695309997,3.7657855820478743e-07
47,merged_z_p0p044_dedup_filtered,111,-0.0006472095847129822,-0.0001550936867715791,-0.0004921158979414031,0.0004921158979414031,2.4217805700667346e-07
47,merged_z_p0p044_dedup_filtered,112,0.0005559185519814491,-0.00018960496527142823,0.0007455235172528774,0.0007455235172528774,5.558053147771013e-07
47,merged_z_p0p044_dedup_filtered,113,0.0029334337450563908,-0.00047501467633992434,0.003408448421396315,0.003408448421396315,1.1617520641319032e-05
47,merged_z_p0p044_dedup_filtered,114,0.0034634822513908148,-0.0007115888292901218,0.004175071080680937,0.004175071080680937,1.7431218528738284e-05
47,merged_z_p0p044_dedup_filtered,115,0.004555713385343552,-0.0007728756172582507,0.005328589002601802,0.005328589002601802,2.839386075864887e-05
47,merged_z_p0p044_dedup_filtered,116,0.004618578590452671,-0.0005158754647709429,0.005134454055223614,0.005134454055223614,2.6362618445202214e-05
47,merged_z_p0p044_dedup_filtered,117,0.006283247377723455,-0.0005567368352785707,0.006839984213002026,0.006839984213002026,4.6785384034116946e-05
47,merged_z_p0p044_dedup_filtered,118,0.005528990179300308,-0.0008341713109984994,0.006363161490298808,0.006363161490298808,4.048982415162174e-05
47,merged_z_p0p044_dedup_filtered,119,0.006157941650599241,-0.0008954599034041166,0.007053401554003358,0.007053401554003358,4.9750473482016984e-05
47,merged_z_p0p044_dedup_filtered,120,0.005366677884012461,-0.00027767239953391254,0.005644350283546373,0.005644350283546373,3.185869012337002e-05
47,merged_z_p0p044_dedup_filtered,121,0.003556539537385106,-0.00025723950238898396,0.00381377903977409,0.00381377903977409,1.454491056422018e-05
47,merged_z_p0p044_dedup_filtered,122,-0.000983858946710825,0.000771452090702951,-0.001755311037413776,0.001755311037413776,3.0811168380666263e-06
47,merged_z_p0p044_dedup_filtered,123,-0.0008422913961112499,0.0008390358416363597,-0.0016813272377476096,0.0016813272377476096,2.826861280392007e-06
47,merged_z_p0p044_dedup_filtered,124,0.0013251436175778508,0.0009618177427910268,0.000363325874786824,0.000363325874786824,1.320056912896109e-07
47,merged_z_p0p044_dedup_filtered,125,0.003172879107296467,0.0010490822605788708,0.002123796846717596,0.002123796846717596,4.510513046127604e-06
47,merged_z_p0p044_dedup_filtered,126,0.0033692126162350178,0.024648169055581093,-0.021278956439346075,0.021278956439346075,0.0004527939871475878
47,merged_z_p0p044_dedup_filtered,127,0.002831629943102598,0.0011778248008340597,0.0016538051422685385,0.0016538051422685385,2.7350714485938608e-06
48,merged_z_p0p046_dedup_filtered,0,-0.010593237355351448,-0.001447714283131063,-0.009145523072220385,0.009145523072220385,8.364059226451539e-05
48,merged_z_p0p046_dedup_filtered,1,-0.009019216522574425,-0.001375006278976798,-0.007644210243597627,0.007644210243597627,5.843395024832289e-05
48,merged_z_p0p046_dedup_filtered,2,-0.006627734750509262,-0.0013246310409158468,-0.005303103709593415,0.005303103709593415,2.8122908954703442e-05
48,merged_z_p0p046_dedup_filtered,3,-0.010992658324539661,-0.0008837009663693607,-0.0101089573581703,0.0101089573581703,0.00010219101886930546
48,merged_z_p0p046_dedup_filtered,4,-0.006499513052403927,-0.0008428021101281047,-0.005656710942275822,0.005656710942275822,3.199837868446302e-05
48,merged_z_p0p046_dedup_filtered,5,-0.0037583184894174337,-0.001263270853087306,-0.0024950476363301277,0.0024950476363301277,6.225262707556557e-06
48,merged_z_p0p046_dedup_filtered,6,-0.0007795761339366436,-0.0012019394198432565,0.0004223632859066129,0.0004223632859066129,1.783907452818312e-07
48,merged_z_p0p046_dedup_filtered,7,-0.0018975194543600082,-0.0008019231609068811,-0.0010955962934531271,0.0010955962934531271,1.2003312382282307e-06
48,merged_z_p0p046_dedup_filtered,8,0.002220829948782921,-0.0007610530010424554,0.0029818829498253763,0.0029818829498253763,8.891625926459287e-06
48,merged_z_p0p046_dedup_filtered,9,0.001946238218806684,-0.0011406324338167906,0.0030868706526234746,0.0030868706526234746,9.528770426028076e-06
48,merged_z_p0p046_dedup_filtered,10,0.004124686121940613,-0.0010793345281854272,0.00520402065012604,0.00520402065012604,2.7081830926938252e-05
48,merged_z_p0p046_dedup_filtered,11,0.005387579090893269,-0.0007201872649602592,0.006107766355853528,0.006107766355853528,3.730480985769628e-05
48,merged_z_p0p046_dedup_filtered,12,0.007328554056584835,-0.0006793235661461949,0.00800787762273103,0.00800787762273103,6.412610402063637e-05
48,merged_z_p0p046_dedup_filtered,13,0.005570330657064915,-0.0010180397657677531,0.006588370422832668,0.006588370422832668,4.3406624828456306e-05
48,merged_z_p0p046_dedup_filtered,14,0.006225958466529846,-0.0009567463421262801,0.007182704808656126,0.007182704808656126,5.1591248368291836e-05
48,merged_z_p0p046_dedup_filtered,15,0.00799283105880022,-0.000638460973277688,0.008631292032077909,0.008631292032077909,7.449920214301159e-05
48,merged_z_p0p046_dedup_filtered,16,0.0075387125834822655,-0.0005975988460704684,0.008136311429552734,0.008136311429552734,6.619956367867045e-05
48,merged_z_p0p046_dedup_filtered,17,0.006779008079320192,0.014314737170934677,-0.007535729091614485,0.007535729091614485,5.678721294220487e-05
48,merged_z_p0p046_dedup_filtered,18,0.00014025275595486164,-4.381816864906796e-08,0.0001402965741235107,0.0001402965741235107,1.9683128710793736e-08
48,merged_z_p0p046_dedup_filtered,19,0.0006175457965582609,-3.940547443903597e-08,0.0006175852020327,0.0006175852020327,3.8141148176977083e-07
48,merged_z_p0p046_dedup_filtered,20,0.0008834695909172297,-3.528859693346931e-08,0.0008835048795141631,0.0008835048795141631,7.80580872125336e-07
48,merged_z_p0p046_dedup_filtered,21,0.000981478369794786,-3.133590809056841e-08,0.0009815097057028765,0.0009815097057028765,9.633613023889473e-07
48,merged_z_p0p046_dedup_filtered,22,0.0009612649446353316,-2.7436634297828277e-08,0.0009612923812696295,0.0009612923812696295,9.240830422870347e-07
48,merged_z_p0p046_dedup_filtered,23,0.0008708802633918822,-2.3607100274603e-08,0.0008709038704921568,0.0008709038704921568,7.584735516382194e-07
48,merged_z_p0p046_dedup_filtered,24,0.0007511445437557995,-1.99208045614796e-08,0.000751164464560361,0.000751164464560361,5.642480528182539e-07
48,merged_z_p0p046_dedup_filtered,25,0.0006328556919470429,-1.6569588368042787e-08,0.000632872261535411,0.000632872261535411,4.005272994209456e-07
48,merged_z_p0p046_dedup_filtered,26,0.0005366113036870956,-1.3542215349104936e-08,0.0005366248459024447,0.0005366248459024447,2.879662252398226e-07
48,merged_z_p0p046_dedup_filtered,27,0.00047446717508137226,-1.0667145389220423e-08,0.0004744778422267615,0.0004744778422267615,2.2512922276416357e-07
48,merged_z_p0p046_dedup_filtered,28,0.0004523319657891989,-7.969680915209665e-09,0.0004523399354701141,0.0004523399354701141,2.0461141722110697e-07
48,merged_z_p0p046_dedup_filtered,29,0.0050698379054665565,9.47217849898152e-05,0.004975116120476741,0.004975116120476741,2.475178041222754e-05
48,merged_z_p0p046_dedup_filtered,30,0.013108846731483936,0.00021143874619156122,0.012897407985292375,0.012897407985292375,0.0001663431327390835
48,merged_z_p0p046_dedup_filtered,31,0.012200117111206055,0.00025207229191437364,0.011948044819291681,0.011948044819291681,0.00014275577500380278
48,merged_z_p0p046_dedup_filtered,32,0.015855349600315094,0.00037894511478953063,0.015476404485525563,0.015476404485525563,0.0002395190957995958
48,merged_z_p0p046_dedup_filtered,33,0.012833533808588982,0.0009334991918876767,0.011900034616701305,0.011900034616701305,0.00014161082387868936
48,merged_z_p0p046_dedup_filtered,34,0.010522457771003246,0.0004891888820566237,0.010033268888946623,0.010033268888946623,0.00010066648459790419
48,merged_z_p0p046_dedup_filtered,35,0.008323499001562595,0.0003336321096867323,0.007989866891875863,0.007989866891875863,6.383797294989406e-05
48,merged_z_p0p046_dedup_filtered,36,0.005813915748149157,0.00037446481292136014,0.0054394509352277964,0.0054394509352277964,2.958762647675055e-05
48,merged_z_p0p046_dedup_filtered,37,0.003287613857537508,0.0004153090703766793,0.0028723047871608287,0.0028723047871608287,8.250134790347013e-06
48,merged_z_p0p046_dedup_filtered,38,0.0030494718812406063,0.0006241575465537608,0.0024253143346868455,0.0024253143346868455,5.882149622037496e-06
48,merged_z_p0p046_dedup_filtered,39,0.0010029827244579792,0.0004561584210023284,0.0005468243034556508,0.0005468243034556508,2.990168188497577e-07
48,merged_z_p0p046_dedup_filtered,40,-0.0008352356962859631,0.0004970102454535663,-0.0013322459417395294,0.0013322459417395294,1.7748792492814455e-06
48,merged_z_p0p046_dedup_filtered,41,-0.002098977332934737,0.0005378634086810052,-0.0026368407416157424,0.0026368407416157424,6.952929096644659e-06
48,merged_z_p0p046_dedup_filtered,42,-0.0027459466364234686,0.0005787170375697315,-0.0033246636739932,0.0033246636739932,1.1053388545169963e-05
48,merged_z_p0p046_dedup_filtered,43,-0.0028143541421741247,0.0006195716559886932,-0.003433925798162818,0.003433925798162818,1.1791846387288146e-05
48,merged_z_p0p046_dedup_filtered,44,-0.002405719133093953,0.0006604263326153159,-0.003066145465709269,0.003066145465709269,9.40124801688951e-06
48,merged_z_p0p046_dedup_filtered,45,-0.0016601061215624213,0.0007012812420725822,-0.0023613873636350036,0.0023613873636350036,5.5761502811350726e-06
48,merged_z_p0p046_dedup_filtered,46,-0.0007292554946616292,0.0007421369664371014,-0.0014713924610987306,0.0014713924610987306,2.1649957745781793e-06
48,merged_z_p0p046_dedup_filtered,47,0.00024711148580536246,0.0007829946698620915,-0.0005358831840567291,0.0005358831840567291,2.871707869547782e-07
48,merged_z_p0p046_dedup_filtered,48,0.001157772378064692,0.0008238583686761558,0.0003339140093885362,0.0003339140093885362,1.1149856566592745e-07
48,merged_z_p0p046_dedup_filtered,49,0.0019272372592240572,0.0008647360373288393,0.001062501221895218,0.001062501221895218,1.128908846528831e-06
48,merged_z_p0p046_dedup_filtered,50,0.002513991203159094,0.0009056436247192323,0.0016083475784398615,0.0016083475784398615,2.5867819330733666e-06
48,merged_z_p0p046_dedup_filtered,51,0.0029020775109529495,0.0009466128540225327,0.001955464656930417,0.001955464656930417,3.823842024503993e-06
48,merged_z_p0p046_dedup_filtered,52,0.00308968685567379,0.0009877001866698265,0.0021019866690039635,0.0021019866690039635,4.418347956670378e-06
48,merged_z_p0p046_dedup_filtered,53,-0.0021979280281811953,0.0014846447156742215,-0.0036825727438554168,0.0036825727438554168,1.3561342013786813e-05
48,merged_z_p0p046_dedup_filtered,54,-0.0009468019707128406,0.0013856397708877921,-0.0023324417416006327,0.0023324417416006327,5.4402844779609925e-06
48,merged_z_p0p046_dedup_filtered,55,0.0029573633801192045,0.00046105115325190127,0.0024963122268673033,0.0024963122268673033,6.2315747340071945e-06
48,merged_z_p0p046_dedup_filtered,56,0.004322773776948452,0.0004815375432372093,0.0038412362337112427,0.0038412362337112427,1.4755095803176133e-05
48,merged_z_p0p046_dedup_filtered,57,0.0048312535509467125,0.0005020664539188147,0.004329187097027898,0.004329187097027898,1.8741860921072837e-05
48,merged_z_p0p046_dedup_filtered,58,-0.009848031215369701,-8.765365322460639e-08,-0.009847943561716477,0.009847943561716477,9.6981992394753e-05
48,merged_z_p0p046_dedup_filtered,59,-0.009431863203644753,-8.278884422452393e-08,-0.009431780414800528,0.009431780414800528,8.895848179301482e-05
48,merged_z_p0p046_dedup_filtered,60,-0.008625480346381664,-7.802069035278691e-08,-0.008625402325691311,0.008625402325691311,7.439756528004109e-05
48,merged_z_p0p046_dedup_filtered,61,-0.007507205009460449,-7.334247698054241e-08,-0.007507131666983469,0.007507131666983469,5.6357025865425994e-05
48,merged_z_p0p046_dedup_filtered,62,-0.006181617267429829,-6.88823433847574e-08,-0.006181548385086444,0.006181548385086444,3.8211540437164825e-05
48,merged_z_p0p046_dedup_filtered,63,-0.004765573423355818,-6.451631406889646e-08,-0.004765508907041749,0.004765508907041749,2.2710075143094246e-05
48,merged_z_p0p046_dedup_filtered,64,-0.00337334256619215,-6.008493613762766e-08,-0.0033732824812560125,0.0033732824812560125,1.1379034698348721e-05
48,merged_z_p0p046_dedup_filtered,65,-0.0021032001823186874,-5.5533046605660275e-08,-0.0021031446492720818,0.0021031446492720818,4.423217415761788e-06
48,merged_z_p0p046_dedup_filtered,66,-0.0010274804662913084,-5.0840792908957155e-08,-0.0010274296254983994,0.0010274296254983994,1.0556116353517813e-06
48,merged_z_p0p046_dedup_filtered,67,0.00706480722874403,-0.0003287561412435025,0.0073935633699875325,0.0073935633699875325,5.46647793060214e-05
48,merged_z_p0p046_dedup_filtered,68,0.005595935974270105,-0.0003491897659841925,0.005945125740254298,0.005945125740254298,3.534452006743421e-05
48,merged_z_p0p046_dedup_filtered,69,0.002656911499798298,-0.00036962368176318705,0.003026535181561485,0.003026535181561485,9.15991520522941e-06
48,merged_z_p0p046_dedup_filtered,70,-0.0015792627818882465,-0.00039005829603411257,-0.001189204485854134,0.001189204485854134,1.4142073091755951e-06
48,merged_z_p0p046_dedup_filtered,71,-0.0066884225234389305,-0.00041049456922337413,-0.006277927954215556,0.006277927954215556,3.941237939832112e-05
48,merged_z_p0p046_dedup_filtered,72,-0.012051627971231937,-0.00043093538261018693,-0.01162069258862175,0.01162069258862175,0.00013504049623924849
48,merged_z_p0p046_dedup_filtered,73,-0.01695283316075802,-0.00045138722634874284,-0.016501445934409276,0.016501445934409276,0.0002722977179262324
48,merged_z_p0p046_dedup_filtered,74,-0.020699944347143173,-0.000471863808343187,-0.020228080538799986,0.020228080538799986,0.00040917524228417873
48,merged_z_p0p046_dedup_filtered,75,-0.022746074944734573,-0.0004923840169794858,-0.022253690927755088,0.022253690927755088,0.0004952267599080491
48,merged_z_p0p046_dedup_filtered,76,-0.01789766177535057,-0.0009862297447398305,-0.01691143203061074,0.01691143203061074,0.0002859965333259669
48,merged_z_p0p046_dedup_filtered,77,-0.016190551221370697,-0.0009451392688788474,-0.01524541195249185,0.01524541195249185,0.00023242258560118135
48,merged_z_p0p046_dedup_filtered,78,0.0009638343472033739,0.0004405994259286672,0.0005232349212747067,0.0005232349212747067,2.7377478284134854e-07
48,merged_z_p0p046_dedup_filtered,79,-0.0013277074322104454,0.0004201637639198452,-0.0017478711961302906,0.0017478711961302906,3.055053718261933e-06
48,merged_z_p0p046_dedup_filtered,80,-0.0035454598255455494,0.0003997348539996892,-0.003945194679545239,0.003945194679545239,1.5564561059512057e-05
48,merged_z_p0p046_dedup_filtered,81,-0.005341564770787954,0.00037930873804725707,-0.005720873508835211,0.005720873508835211,3.27283937040925e-05
48,merged_z_p0p046_dedup_filtered,82,-0.006451060995459557,0.00035888361162506044,-0.006809944607084617,0.006809944607084617,4.637534555156086e-05
48,merged_z_p0p046_dedup_filtered,83,-0.006733033340424299,0.0003384589799679816,-0.007071492320392281,0.007071492320392281,5.0006003637367e-05
48,merged_z_p0p046_dedup_filtered,84,-0.006186728365719318,0.0003180345520377159,-0.006504762917757034,0.006504762917757034,4.2311940616227006e-05
48,merged_z_p0p046_dedup_filtered,85,-0.004940652288496494,0.00029760986217297614,-0.00523826215066947,0.00523826215066947,2.7439390359136345e-05
48,merged_z_p0p046_dedup_filtered,86,-0.003218249883502722,0.00027718511410057545,-0.0034954349976032972,0.0034954349976032972,1.2218065822469963e-05
48,merged_z_p0p046_dedup_filtered,87,-0.0012884038733318448,0.00025676030782051384,-0.0015451641811523587,0.0015451641811523587,2.387532346716239e-06
48,merged_z_p0p046_dedup_filtered,88,0.0005882516270503402,0.00023633554519619793,0.00035191608185414225,0.00035191608185414225,1.2384492866757135e-07
48,merged_z_p0p046_dedup_filtered,89,0.0022058405447751284,0.0002159112336812541,0.0019899293110938743,0.0019899293110938743,3.959818663150541e-06
48,merged_z_p0p046_dedup_filtered,90,0.003443310037255287,0.0001954879699042067,0.0032478220673510805,0.0032478220673510805,1.0548348181172646e-05
48,merged_z_p0p046_dedup_filtered,91,0.004272820893675089,0.0001750672236084938,0.004097753670066595,0.004097753670066595,1.679158514054425e-05
48,merged_z_p0p046_dedup_filtered,92,0.004746282938867807,0.0001546525745652616,0.004591630364302546,0.004591630364302546,2.108306940238513e-05
48,merged_z_p0p046_dedup_filtered,93,0.004964795894920826,0.00013425250654108822,0.004830543388379738,0.004830543388379738,2.3334149427019197e-05
48,merged_z_p0p046_dedup_filtered,94,-0.0003038994036614895,-0.0001346870994893834,-0.0001692123041721061,0.0001692123041721061,2.863280388323335e-08
48,merged_z_p0p046_dedup_filtered,95,2.130633220076561e-05,-0.00011431432358222082,0.00013562065578298643,0.00013562065578298643,1.839296227500729e-08
48,merged_z_p0p046_dedup_filtered,96,0.00046178465709090233,-0.00023012967722024769,0.00069191433431115,0.00069191433431115,4.787454460252419e-07
48,merged_z_p0p046_dedup_filtered,97,0.0005114327650517225,-0.00034439569571986794,0.0008558284607715905,0.0008558284607715905,7.324423542666698e-07
48,merged_z_p0p046_dedup_filtered,98,0.0005633721593767405,-0.00040538940811529756,0.000968761567492038,0.000968761567492038,9.384989746496305e-07
48,merged_z_p0p046_dedup_filtered,99,0.0002624313347041607,-0.0002708356478251517,0.0005332669825293124,0.0005332669825293124,2.8437367465591795e-07
48,merged_z_p0p046_dedup_filtered,100,9.346427395939827e-05,-0.000311625306494534,0.0004050895804539323,0.0004050895804539323,1.6409756819234288e-07
48,merged_z_p0p046_dedup_filtered,101,0.0007173004560172558,-0.00046654770267196,0.0011838481586892158,0.0011838481586892158,1.4014964628318466e-06
48,merged_z_p0p046_dedup_filtered,102,0.0010484328959137201,-0.0005277741001918912,0.0015762069961056113,0.0015762069961056113,2.4844284945722746e-06
48,merged_z_p0p046_dedup_filtered,103,0.00014486233703792095,-0.0003524541389197111,0.0004973164759576321,0.0004973164759576321,2.4732367725891803e-07
48,merged_z_p0p046_dedup_filtered,104,0.000591265968978405,-0.00039330110303126276,0.0009845670720096678,0.0009845670720096678,9.693723192856903e-07
48,merged_z_p0p046_dedup_filtered,105,0.0016171301249414682,-0.0005890292231924832,0.0022061593481339514,0.0022061593481339514,4.8671390693588215e-06
48,merged_z_p0p046_dedup_filtered,106,0.002438395516946912,-0.0006503114709630609,0.0030887069879099727,0.0030887069879099727,9.540110857163896e-06
48,merged_z_p0p046_dedup_filtered,107,0.0015292412135750055,-0.000434155750554055,0.0019633969641290605,0.0019633969641290605,3.854927638751211e-06
48,merged_z_p0p046_dedup_filtered,108,0.0003811296774074435,0.00556303421035409,-0.005181904532946646,0.005181904532946646,2.6852134588573e-05
48,merged_z_p0p046_dedup_filtered,109,-0.0005049770697951317,-0.000195943663129583,-0.0003090334066655487,0.0003090334066655487,9.550164643531439e-08
48,merged_z_p0p046_dedup_filtered,110,-0.0007961522787809372,-0.00017551530618220568,-0.0006206369725987315,0.0006206369725987315,3.851902517565186e-07
48,merged_z_p0p046_dedup_filtered,111,-0.0006547938100993633,-0.0001550936867715791,-0.0004997001233277842,0.0004997001233277842,2.497002132538028e-07
48,merged_z_p0p046_dedup_filtered,112,0.0005473527126014233,-0.00018960496527142823,0.0007369576778728515,0.0007369576778728515,5.431066189757455e-07
48,merged_z_p0p046_dedup_filtered,113,0.002929244888946414,-0.00047501467633992434,0.0034042595652863383,0.0034042595652863383,1.158898318784353e-05
48,merged_z_p0p046_dedup_filtered,114,0.0034595381002873182,-0.0007115888292901218,0.00417112692957744,0.00417112692957744,1.7398299862646122e-05
48,merged_z_p0p046_dedup_filtered,115,0.004552927799522877,-0.0007728756172582507,0.0053258034167811275,0.0053258034167811275,2.836418203419753e-05
48,merged_z_p0p046_dedup_filtered,116,0.004615560173988342,-0.0005158754647709429,0.005131435638759285,0.005131435638759285,2.6331631714728913e-05
48,merged_z_p0p046_dedup_filtered,117,0.0062814513221383095,-0.0005567368352785707,0.00683818815741688,0.00683818815741688,4.6760817276236466e-05
48,merged_z_p0p046_dedup_filtered,118,0.0055273850448429585,-0.0008341713109984994,0.006361556355841458,0.006361556355841458,4.046939926854685e-05
48,merged_z_p0p046_dedup_filtered,119,0.006157509051263332,-0.0008954599034041166,0.007052968954667449,0.007052968954667449,4.974437107550285e-05
48,merged_z_p0p046_dedup_filtered,120,0.0053650327026844025,-0.00027767239953391254,0.005642705102218315,0.005642705102218315,3.1840120870600604e-05
48,merged_z_p0p046_dedup_filtered,121,0.0035536091309040785,-0.00025723950238898396,0.0038108486332930624,0.0038108486332930624,1.4522567305871602e-05
48,merged_z_p0p046_dedup_filtered,122,-0.000982099212706089,0.000771452090702951,-0.00175355130340904,0.00175355130340904,3.074942173687543e-06
48,merged_z_p0p046_dedup_filtered,123,-0.0008400981314480305,0.0008390358416363597,-0.0016791339730843902,0.0016791339730843902,2.8194908995661695e-06
48,merged_z_p0p046_dedup_filtered,124,0.0013273486401885748,0.0009618177427910268,0.00036553089739754796,0.00036553089739754796,1.3361283695225673e-07
48,merged_z_p0p046_dedup_filtered,125,0.0031751892529428005,0.0010490822605788708,0.0021261069923639297,0.0021261069923639297,4.520330942978795e-06
48,merged_z_p0p046_dedup_filtered,126,0.0033719043713063,0.025768540799617767,-0.022396636428311467,0.022396636428311467,0.0005016093233019682
48,merged_z_p0p046_dedup_filtered,127,0.0028349747881293297,0.0011778248008340597,0.00165714998729527,0.00165714998729527,2.7461460803927134e-06
49,merged_z_p0p048_dedup_filtered,0,-0.010587019845843315,-0.001447714283131063,-0.009139305562712252,0.009139305562712252,8.352690616862312e-05
49,merged_z_p0p048_dedup_filtered,1,-0.009013226255774498,-0.001375006278976798,-0.0076382199767977,0.0076382199767977,5.8342404413951456e-05
49,merged_z_p0p048_dedup_filtered,2,-0.006622120272368193,-0.0013246310409158468,-0.005297489231452346,0.005297489231452346,2.8063392157353566e-05
49,merged_z_p0p048_dedup_filtered,3,-0.010986944660544395,-0.0008837009663693607,-0.010103243694175035,0.010103243694175035,0.0001020755331438876
49,merged_z_p0p048_dedup_filtered,4,-0.006494298577308655,-0.0008428021101281047,-0.00565149646718055,0.00565149646718055,3.193941231855424e-05
49,merged_z_p0p048_dedup_filtered,5,-0.003753222757950425,-0.001263270853087306,-0.002489951904863119,0.002489951904863119,6.1998604885314754e-06
49,merged_z_p0p048_dedup_filtered,6,-0.0007751346565783024,-0.0012019394198432565,0.0004268047632649541,0.0004268047632649541,1.821623059456535e-07
49,merged_z_p0p048_dedup_filtered,7,-0.0018929536454379559,-0.0008019231609068811,-0.0010910304845310748,0.0010910304845310748,1.1903475181761118e-06
49,merged_z_p0p048_dedup_filtered,8,0.00222460157237947,-0.0007610530010424554,0.0029856545734219253,0.0029856545734219253,8.914133231795259e-06
49,merged_z_p0p048_dedup_filtered,9,0.0019498994806781411,-0.0011406324338167906,0.0030905319144949317,0.0030905319144949317,9.551387514511708e-06
49,merged_z_p0p048_dedup_filtered,10,0.004127453081309795,-0.0010793345281854272,0.005206787609495223,0.005206787609495223,2.7110637210392974e-05
49,merged_z_p0p048_dedup_filtered,11,0.00539042055606842,-0.0007201872649602592,0.00611060782102868,0.00611060782102868,3.7339527942416864e-05
49,merged_z_p0p048_dedup_filtered,12,0.007330344524234533,-0.0006793235661461949,0.008009668090380728,0.008009668090380728,6.415478291806326e-05
49,merged_z_p0p048_dedup_filtered,13,0.00557210436090827,-0.0010180397657677531,0.006590144126676023,0.006590144126676023,4.342999961036248e-05
49,merged_z_p0p048_dedup_filtered,14,0.0062266564927995205,-0.0009567463421262801,0.0071834028349258006,0.0071834028349258006,5.1601276288820025e-05
49,merged_z_p0p048_dedup_filtered,15,0.007993476465344429,-0.000638460973277688,0.008631937438622117,0.008631937438622117,7.451034394428615e-05
49,merged_z_p0p048_dedup_filtered,16,0.007538149133324623,-0.0005975988460704684,0.008135747979395092,0.008135747979395092,6.619039518423131e-05
49,merged_z_p0p048_dedup_filtered,17,0.006778702139854431,0.014937114901840687,-0.008158412761986256,0.008158412761986256,6.65596987949402e-05
49,merged_z_p0p048_dedup_filtered,18,0.0001412578858435154,-4.381816864906796e-08,0.00014130170401216446,0.00014130170401216446,1.9966171556741336e-08
49,merged_z_p0p048_dedup_filtered,19,0.0006173824658617377,-3.940547443903597e-08,0.0006174218713361768,0.0006174218713361768,3.812097672042664e-07
49,merged_z_p0p048_dedup_filtered,20,0.0008820762159302831,-3.528859693346931e-08,0.0008821115045272165,0.0008821115045272165,7.781207064192696e-07
49,merged_z_p0p048_dedup_filtered,21,0.000978833413682878,-3.133590809056841e-08,0.0009788647495909686,0.0009788647495909686,9.581761979917895e-07
49,merged_z_p0p048_dedup_filtered,22,0.0009573920397087932,-2.7436634297828277e-08,0.000957419476343091,0.000957419476343091,9.166520536810785e-07
49,merged_z_p0p048_dedup_filtered,23,0.0008658523438498378,-2.3607100274603e-08,0.0008658759509501124,0.0008658759509501124,7.497411624337615e-07
49,merged_z_p0p048_dedup_filtered,24,0.0007450843113474548,-1.99208045614796e-08,0.0007451042321520163,0.0007451042321520163,5.551803167708458e-07
49,merged_z_p0p048_dedup_filtered,25,0.0006259331712499261,-1.6569588368042787e-08,0.0006259497408382941,0.0006259497408382941,3.9181307805552757e-07
49,merged_z_p0p048_dedup_filtered,26,0.0005290376720950007,-1.3542215349104936e-08,0.0005290512143103498,0.0005290512143103498,2.798951873632557e-07
49,merged_z_p0p048_dedup_filtered,27,0.00046648643910884857,-1.0667145389220423e-08,0.0004664971062542378,0.0004664971062542378,2.176195501435776e-07
49,merged_z_p0p048_dedup_filtered,28,0.0004442073404788971,-7.969680915209665e-09,0.0004442153101598123,0.0004442153101598123,1.9732724178037824e-07
49,merged_z_p0p048_dedup_filtered,29,0.00506176520138979,9.47217849898152e-05,0.004967043416399974,0.004967043416399974,2.467152030040233e-05
49,merged_z_p0p048_dedup_filtered,30,0.013100743293762207,0.00021143874619156122,0.012889304547570646,0.012889304547570646,0.00016613417172002532
49,merged_z_p0p048_dedup_filtered,31,0.01219266839325428,0.00025207229191437364,0.011940596101339906,0.011940596101339906,0.00014257783525533377
49,merged_z_p0p048_dedup_filtered,32,0.01584789529442787,0.00037894511478953063,0.015468950179638341,0.015468950179638341,0.00023928841966013308
49,merged_z_p0p048_dedup_filtered,33,0.012827221304178238,0.0009740858222357929,0.011853135481942445,0.011853135481942445,0.00014049682075328296
49,merged_z_p0p048_dedup_filtered,34,0.01051762979477644,0.0004891888820566237,0.010028440912719816,0.010028440912719816,0.00010056962713991265
49,merged_z_p0p048_dedup_filtered,35,0.008318784646689892,0.0003336321096867323,0.00798515253700316,0.00798515253700316,6.3762661039208e-05
49,merged_z_p0p048_dedup_filtered,36,0.005810908507555723,0.00037446481292136014,0.005436443694634363,0.005436443694634363,2.9554920044929723e-05
49,merged_z_p0p048_dedup_filtered,37,0.0032862641382962465,0.0004153090703766793,0.0028709550679195672,0.0028709550679195672,8.242383002013046e-06
49,merged_z_p0p048_dedup_filtered,38,0.0030485312454402447,0.0006241575465537608,0.002424373698886484,0.002424373698886484,5.877587831852532e-06
49,merged_z_p0p048_dedup_filtered,39,0.001003067009150982,0.0004561584210023284,0.0005469085881486535,0.0005469085881486535,2.991090037907535e-07
49,merged_z_p0p048_dedup_filtered,40,-0.0008340515196323395,0.0004970102454535663,-0.0013310617650859058,0.0013310617650859058,1.771725422473607e-06
49,merged_z_p0p048_dedup_filtered,41,-0.002097059041261673,0.0005378634086810052,-0.002634922449942678,0.002634922449942678,6.9428163172119256e-06
49,merged_z_p0p048_dedup_filtered,42,-0.0027436160016804934,0.0005787170375697315,-0.003322333039250225,0.003322333039250225,1.1037896823693636e-05
49,merged_z_p0p048_dedup_filtered,43,-0.002811828861013055,0.0006195716559886932,-0.003431400517001748,0.003431400517001748,1.1774509508079864e-05
49,merged_z_p0p048_dedup_filtered,44,-0.0024030839558690786,0.0006604263326153159,-0.0030635102884843946,0.0030635102884843946,9.385095287649738e-06
49,merged_z_p0p048_dedup_filtered,45,-0.0016573133179917932,0.0007012812420725822,-0.0023585945600643754,0.0023585945600643754,5.5629682987652645e-06
49,merged_z_p0p048_dedup_filtered,46,-0.0007261612336151302,0.0007421369664371014,-0.0014682982000522316,0.0014682982000522316,2.155899604276623e-06
49,merged_z_p0p048_dedup_filtered,47,0.00025069224648177624,0.0007829946698620915,-0.0005323024233803153,0.0005323024233803153,2.8334586993655644e-07
49,merged_z_p0p048_dedup_filtered,48,0.0011620032601058483,0.0008238583686761558,0.0003381448914296925,0.0003381448914296925,1.1434196759999853e-07
49,merged_z_p0p048_dedup_filtered,49,0.0019322026055306196,0.0008647360373288393,0.0010674665682017803,0.0010674665682017803,1.1394848742284861e-06
49,merged_z_p0p048_dedup_filtered,50,0.002519660396501422,0.0009056436247192323,0.0016140167717821896,0.0016140167717821896,2.6050501395942007e-06
49,merged_z_p0p048_dedup_filtered,51,0.0029082968831062317,0.0009466128540225327,0.001961684029083699,0.001961684029083699,3.848204229962055e-06
49,merged_z_p0p048_dedup_filtered,52,0.0030962000600993633,0.0009877001866698265,0.002108499873429537,0.002108499873429537,4.445771716252373e-06
49,merged_z_p0p048_dedup_filtered,53,-0.002191300969570875,0.0014846447156742215,-0.0036759456852450967,0.0036759456852450967,1.3512576680872043e-05
49,merged_z_p0p048_dedup_filtered,54,-0.0009409028571099043,0.0013856397708877921,-0.0023265426279976964,0.0023265426279976964,5.4128005998904275e-06
49,merged_z_p0p048_dedup_filtered,55,0.002963401610031724,0.00046105115325190127,0.0025023504567798227,0.0025023504567798227,6.261757808546187e-06
49,merged_z_p0p048_dedup_filtered,56,0.004329055547714233,0.0004815375432372093,0.003847518004477024,0.003847518004477024,1.4803394794774861e-05
49,merged_z_p0p048_dedup_filtered,57,0.004837626591324806,0.0005020664539188147,0.0043355601374059916,0.0043355601374059916,1.879708170506386e-05
49,merged_z_p0p048_dedup_filtered,58,-0.009841692633926868,-8.765365322460639e-08,-0.009841604980273644,0.009841604980273644,9.685718858774699e-05
49,merged_z_p0p048_dedup_filtered,59,-0.009425612166523933,-8.278884422452393e-08,-0.009425529377679709,0.009425529377679709,8.884060404950324e-05
49,merged_z_p0p048_dedup_filtered,60,-0.008619408123195171,-7.802069035278691e-08,-0.008619330102504819,0.008619330102504819,7.429285141594572e-05
49,merged_z_p0p048_dedup_filtered,61,-0.0075014145113527775,-7.334247698054241e-08,-0.007501341168875797,0.007501341168875797,5.6270119331870904e-05
49,merged_z_p0p048_dedup_filtered,62,-0.006176217459142208,-6.88823433847574e-08,-0.006176148576798823,0.006176148576798823,3.8144811242694134e-05
49,merged_z_p0p048_dedup_filtered,63,-0.004760684445500374,-6.451631406889646e-08,-0.004760619929186305,0.004760619929186305,2.266350211016582e-05
49,merged_z_p0p048_dedup_filtered,64,-0.003369092009961605,-6.008493613762766e-08,-0.0033690319250254674,0.0033690319250254674,1.1350376111840807e-05
49,merged_z_p0p048_dedup_filtered,65,-0.002099720062687993,-5.5533046605660275e-08,-0.0020996645296413874,0.0020996645296413874,4.408591137034189e-06
49,merged_z_p0p048_dedup_filtered,66,-0.0010249009355902672,-5.0840792908957155e-08,-0.0010248500947973582,0.0010248500947973582,1.050317716806154e-06
49,merged_z_p0p048_dedup_filtered,67,0.0070663574151694775,-0.0003287561412435025,0.00739511355641298,0.00739511355641298,5.468770451224303e-05
49,merged_z_p0p048_dedup_filtered,68,0.005598622374236584,-0.0003491897659841925,0.005947812140220776,0.005947812140220776,3.537646925535765e-05
49,merged_z_p0p048_dedup_filtered,69,0.0026605953462421894,-0.00036962368176318705,0.0030302190280053765,0.0030302190280053765,9.182227357685848e-06
49,merged_z_p0p048_dedup_filtered,70,-0.0015747444704174995,-0.00039005829603411257,-0.001184686174383387,0.001184686174383387,1.4034813317751448e-06
49,merged_z_p0p048_dedup_filtered,71,-0.006683237850666046,-0.00041049456922337413,-0.006272743281442672,0.006272743281442672,3.934730827488418e-05
49,merged_z_p0p048_dedup_filtered,72,-0.01204594038426876,-0.00043093538261018693,-0.011615005001658574,0.011615005001658574,0.0001349083411885537
49,merged_z_p0p048_dedup_filtered,73,-0.016946790739893913,-0.00045138722634874284,-0.01649540351354517,0.01649540351354517,0.00027209833707467836
49,merged_z_p0p048_dedup_filtered,74,-0.02069367654621601,-0.000471863808343187,-0.020221812737872824,0.020221812737872824,0.0004089217104055956
49,merged_z_p0p048_dedup_filtered,75,-0.022739700973033905,-0.0004923840169794858,-0.02224731695605442,0.02224731695605442,0.0004949431117431465
49,merged_z_p0p048_dedup_filtered,76,-0.017891334369778633,-0.0009862297447398305,-0.016905104625038803,0.016905104625038803,0.0002857825623835083
49,merged_z_p0p048_dedup_filtered,77,-0.016184363514184952,-0.0009451392688788474,-0.015239224245306104,0.015239224245306104,0.0002322339555987254
49,merged_z_p0p048_dedup_filtered,78,0.0009695065673440695,0.0004405994259286672,0.0005289071414154023,0.0005289071414154023,2.7974276424021236e-07
49,merged_z_p0p048_dedup_filtered,79,-0.0013224782887846231,0.0004201637639198452,-0.0017426420527044684,0.0017426420527044684,3.036801323854043e-06
49,merged_z_p0p048_dedup_filtered,80,-0.003540706355124712,0.0003997348539996892,-0.003940441209124401,0.003940441209124401,1.5527076922565772e-05
49,merged_z_p0p048_dedup_filtered,81,-0.005337288603186607,0.00037930873804725707,-0.005716597341233864,0.005716597341233864,3.267948516180209e-05
49,merged_z_p0p048_dedup_filtered,82,-0.0064472537487745285,0.00035888361162506044,-0.006806137360399589,0.006806137360399589,4.632350576862708e-05
49,merged_z_p0p048_dedup_filtered,83,-0.006729702465236187,0.0003384589799679816,-0.0070681614452041686,0.0070681614452041686,4.995890621547068e-05
49,merged_z_p0p048_dedup_filtered,84,-0.006183919962495565,0.0003180345520377159,-0.006501954514533281,0.006501954514533281,4.227541250905972e-05
49,merged_z_p0p048_dedup_filtered,85,-0.00493846507743001,0.00029760986217297614,-0.005236074939602986,0.005236074939602986,2.7416480773138412e-05
49,merged_z_p0p048_dedup_filtered,86,-0.0032168361358344555,0.00027718511410057545,-0.003494021249935031,0.003494021249935031,1.2208184494997556e-05
49,merged_z_p0p048_dedup_filtered,87,-0.00128795369528234,0.00025676030782051384,-0.001544714003102854,0.001544714003102854,2.3861413513820437e-06
49,merged_z_p0p048_dedup_filtered,88,0.0005875395727343857,0.00023633554519619793,0.0003512040275381878,0.0003512040275381878,1.2334426895904418e-07
49,merged_z_p0p048_dedup_filtered,89,0.0022037983871996403,0.0002159112336812541,0.001987887153518386,0.001987887153518386,3.951695335123432e-06
49,merged_z_p0p048_dedup_filtered,90,0.00343983992934227,0.0001954879699042067,0.003244351959438063,0.003244351959438063,1.05258196367096e-05
49,merged_z_p0p048_dedup_filtered,91,0.004267930053174496,0.0001750672236084938,0.004092862829566002,0.004092862829566002,1.675152614164302e-05
49,merged_z_p0p048_dedup_filtered,92,0.004740105010569096,0.0001546525745652616,0.004585452436003834,0.004585452436003834,2.1026374042853495e-05
49,merged_z_p0p048_dedup_filtered,93,0.004957592114806175,0.00013425250654108822,0.004823339608265087,0.004823339608265087,2.3264604976658802e-05
49,merged_z_p0p048_dedup_filtered,94,-0.0003119134344160557,-0.0001346870994893834,-0.00017722633492667228,0.00017722633492667228,3.140917379154102e-08
49,merged_z_p0p048_dedup_filtered,95,1.3038981705904007e-05,-0.00011431432358222082,0.00012735330528812483,0.00012735330528812483,1.6218864367810324e-08
49,merged_z_p0p048_dedup_filtered,96,0.000453318003565073,-0.00023012967722024769,0.0006834476807853207,0.0006834476807853207,4.671007323708336e-07
49,merged_z_p0p048_dedup_filtered,97,0.0005028983578085899,-0.00034439569571986794,0.0008472940535284579,0.0008472940535284579,7.179072131446852e-07
49,merged_z_p0p048_dedup_filtered,98,0.0005551690701395273,-0.00040538940811529756,0.0009605584782548249,0.0009605584782548249,9.226725901472249e-07
49,merged_z_p0p048_dedup_filtered,99,0.0002542533911764622,-0.0002708356478251517,0.0005250890390016139,0.0005250890390016139,2.7571849887963836e-07
49,merged_z_p0p048_dedup_filtered,100,8.576083928346634e-05,-0.000311625306494534,0.00039738614577800035,0.00039738614577800035,1.5791574885629415e-07
49,merged_z_p0p048_dedup_filtered,101,0.000709636602550745,-0.00046654770267196,0.001176184305222705,0.001176184305222705,1.3834095198522173e-06
49,merged_z_p0p048_dedup_filtered,102,0.0010414938442409039,-0.0005277741001918912,0.001569267944432795,0.001569267944432795,2.46260188142433e-06
49,merged_z_p0p048_dedup_filtered,103,0.0001378105953335762,-0.0003524541389197111,0.0004902647342532873,0.0004902647342532873,2.4035950965244643e-07
49,merged_z_p0p048_dedup_filtered,104,0.000585030997171998,-0.00039330110303126276,0.0009783321002032608,0.0009783321002032608,9.57133698288123e-07
49,merged_z_p0p048_dedup_filtered,105,0.0016110733849927783,-0.0005890292231924832,0.0022001026081852615,0.0022001026081852615,4.84045148654359e-06
49,merged_z_p0p048_dedup_filtered,106,0.0024333475157618523,-0.0006503114709630609,0.003083658986724913,0.003083658986724913,9.508952746409318e-06
49,merged_z_p0p048_dedup_filtered,107,0.0015239682979881763,-0.000434155750554055,0.0019581240485422313,0.0019581240485422313,3.834249789479419e-06
49,merged_z_p0p048_dedup_filtered,108,0.0003759122919291258,0.00580490380525589,-0.005428991513326764,0.005428991513326764,2.9473948851774028e-05
49,merged_z_p0p048_dedup_filtered,109,-0.0005111708305776119,-0.000195943663129583,-0.0003152271674480289,0.0003152271674480289,9.936816709730766e-08
49,merged_z_p0p048_dedup_filtered,110,-0.0008031304460018873,-0.00017551530618220568,-0.0006276151398196816,0.0006276151398196816,3.9390076373087854e-07
49,merged_z_p0p048_dedup_filtered,111,-0.0006623785011470318,-0.0001550936867715791,-0.0005072848143754527,0.0005072848143754527,2.573378828959375e-07
49,merged_z_p0p048_dedup_filtered,112,0.0005387882702052593,-0.00018960496527142823,0.0007283932354766876,0.0007283932354766876,5.305567054881972e-07
49,merged_z_p0p048_dedup_filtered,113,0.002925053471699357,-0.00047501467633992434,0.0034000681480392814,0.0034000681480392814,1.1560463411311269e-05
49,merged_z_p0p048_dedup_filtered,114,0.003455590456724167,-0.0007115888292901218,0.004167179286014289,0.004167179286014289,1.7365383201786557e-05
49,merged_z_p0p048_dedup_filtered,115,0.0045501370914280415,-0.0007728756172582507,0.005323012708686292,0.005323012708686292,2.8334464296835777e-05
49,merged_z_p0p048_dedup_filtered,116,0.00461253896355629,-0.0005158754647709429,0.005128414428327233,0.005128414428327233,2.6300634548674936e-05
49,merged_z_p0p048_dedup_filtered,117,0.006279653403908014,-0.0005567368352785707,0.006836390239186585,0.006836390239186585,4.673623150244561e-05
49,merged_z_p0p048_dedup_filtered,118,0.005525775253772736,-0.0008341713109984994,0.006359946564771235,0.006359946564771235,4.044892030674543e-05
49,merged_z_p0p048_dedup_filtered,119,0.006157071329653263,-0.0008954599034041166,0.00705253123305738,0.00705253123305738,4.9738196793249845e-05
49,merged_z_p0p048_dedup_filtered,120,0.005363391246646643,-0.00027767239953391254,0.005641063646180555,0.005641063646180555,3.182159906025986e-05
49,merged_z_p0p048_dedup_filtered,121,0.0035506805870682,-0.00025723950238898396,0.003807920089457184,0.003807920089457184,1.4500255407691609e-05
49,merged_z_p0p048_dedup_filtered,122,-0.0009803418070077896,0.000771452090702951,-0.0017517938977107406,0.0017517938977107406,3.0687818600565886e-06
49,merged_z_p0p048_dedup_filtered,123,-0.0008379071950912476,0.0008390358416363597,-0.0016769430367276073,0.0016769430367276073,2.812137948429209e-06
49,merged_z_p0p048_dedup_filtered,124,0.0013295518001541495,0.0009618177427910268,0.0003677340573631227,0.0003677340573631227,1.3522833694474442e-07
49,merged_z_p0p048_dedup_filtered,125,0.0031774991657584906,0.0010490822605788708,0.00212841690517962,0.00212841690517962,4.530158522254391e-06
49,merged_z_p0p048_dedup_filtered,126,0.00337459659203887,0.026888910681009293,-0.023514314088970423,0.023514314088970423,0.0005529229670747529
49,merged_z_p0p048_dedup_filtered,127,0.0028383200988173485,0.0011778248008340597,0.0016604952979832888,0.0016604952979832888,2.757244634624611e-06
50,merged_z_p0p050_dedup_filtered,0,-0.01058080606162548,-0.001447714283131063,-0.009133091778494418,0.009133091778494418,8.341336543440233e-05
50,merged_z_p0p050_dedup_filtered,1,-0.00900723971426487,-0.001375006278976798,-0.007632233435288072,0.007632233435288072,5.825098721072916e-05
50,merged_z_p0p050_dedup_filtered,2,-0.006616508588194847,-0.0013246310409158468,-0.005291877547279,0.005291877547279,2.8003967975395608e-05
50,merged_z_p0p050_dedup_filtered,3,-0.010981233790516853,-0.0008837009663693607,-0.010097532824147493,0.010097532824147493,0.00010196016913473604
50,merged_z_p0p050_dedup_filtered,4,-0.006489087361842394,-0.0008428021101281047,-0.005646285251714289,0.005646285251714289,3.1880537143726294e-05
50,merged_z_p0p050_dedup_filtered,5,-0.003748128889128566,-0.001263270853087306,-0.0024848580360412598,0.0024848580360412598,6.174519459278827e-06
50,merged_z_p0p050_dedup_filtered,6,-0.0007706937612965703,-0.0012019394198432565,0.00043124565854668617,0.00043124565854668617,1.8597281801536504e-07
50,merged_z_p0p050_dedup_filtered,7,-0.0018883899319916964,-0.0008019231609068811,-0.0010864667710848153,0.0010864667710848153,1.1804100446714644e-06
50,merged_z_p0p050_dedup_filtered,8,0.0022283727303147316,-0.0007610530010424554,0.002989425731357187,0.002989425731357187,8.936666203300453e-06
50,merged_z_p0p050_dedup_filtered,9,0.0019535617902874947,-0.0011406324338167906,0.0030941942241042852,0.0030941942241042852,9.57403789648032e-06
50,merged_z_p0p050_dedup_filtered,10,0.004130221903324127,-0.0010793345281854272,0.005209556431509554,0.005209556431509554,2.7139478213082562e-05
50,merged_z_p0p050_dedup_filtered,11,0.005393262021243572,-0.0007201872649602592,0.0061134492862038314,0.0061134492862038314,3.737426217498613e-05
50,merged_z_p0p050_dedup_filtered,12,0.007332135923206806,-0.0006793235661461949,0.008011459489353001,0.008011459489353001,6.418348314954425e-05
50,merged_z_p0p050_dedup_filtered,13,0.005573880393058062,-0.0010180397657677531,0.006591920158825815,0.006591920158825815,4.3453411380334154e-05
50,merged_z_p0p050_dedup_filtered,14,0.006227358244359493,-0.0009567463421262801,0.007184104586485773,0.007184104586485773,5.161135870956592e-05
50,merged_z_p0p050_dedup_filtered,15,0.007994122803211212,-0.000638460973277688,0.0086325837764889,0.0086325837764889,7.452150265809936e-05
50,merged_z_p0p050_dedup_filtered,16,0.007537588477134705,-0.0005975988460704684,0.008135187323205173,0.008135187323205173,6.618127278363815e-05
50,merged_z_p0p050_dedup_filtered,17,0.006778396666049957,0.015559496358036995,-0.008781099691987038,0.008781099691987038,7.710771180061485e-05
50,merged_z_p0p050_dedup_filtered,18,0.00014225998893380165,-4.381816864906796e-08,0.00014230380710245072,0.00014230380710245072,2.0250373515851505e-08
50,merged_z_p0p050_dedup_filtered,19,0.0006172150606289506,-3.940547443903597e-08,0.0006172544661033896,0.0006172544661033896,3.810030759245806e-07
50,merged_z_p0p050_dedup_filtered,20,0.0008806796395219862,-3.528859693346931e-08,0.0008807149281189197,0.0008807149281189197,7.756587846115139e-07
50,merged_z_p0p050_dedup_filtered,21,0.0009761858964338899,-3.133590809056841e-08,0.0009762172323419804,0.0009762172323419804,9.530000847214362e-07
50,merged_z_p0p050_dedup_filtered,22,0.0009535176213830709,-2.7436634297828277e-08,0.0009535450580173688,0.0009535450580173688,9.092481776693472e-07
50,merged_z_p0p050_dedup_filtered,23,0.0008608238422311842,-2.3607100274603e-08,0.0008608474493314588,0.0008608474493314588,7.410583310204786e-07
50,merged_z_p0p050_dedup_filtered,24,0.0007390246610157192,-1.99208045614796e-08,0.0007390445818202807,0.0007390445818202807,5.461868939179135e-07
50,merged_z_p0p050_dedup_filtered,25,0.0006190125131979585,-1.6569588368042787e-08,0.0006190290827863265,0.0006190290827863265,3.8319700533528066e-07
50,merged_z_p0p050_dedup_filtered,26,0.0005214669508859515,-1.3542215349104936e-08,0.0005214804931013006,0.0005214804931013006,2.7194190468517565e-07
50,merged_z_p0p050_dedup_filtered,27,0.0004585080314427614,-1.0667145389220423e-08,0.00045851869858815064,0.00045851869858815064,2.1023939695497135e-07
50,merged_z_p0p050_dedup_filtered,28,0.0004360857419669628,-7.969680915209665e-09,0.000436093711647878,0.000436093711647878,1.9017772533882258e-07
50,merged_z_p0p050_dedup_filtered,29,0.005053694359958172,9.47217849898152e-05,0.004958972574968357,0.004958972574968357,2.4591408999288293e-05
50,merged_z_p0p050_dedup_filtered,30,0.013092635199427605,0.00021143874619156122,0.012881196453236043,0.012881196453236043,0.0001659252220668608
50,merged_z_p0p050_dedup_filtered,31,0.012185215950012207,0.00025207229191437364,0.011933143658097833,0.011933143658097833,0.00014239991756480054
50,merged_z_p0p050_dedup_filtered,32,0.0158404354006052,0.00037894511478953063,0.015461490285815671,0.015461490285815671,0.00023905768185837238
50,merged_z_p0p050_dedup_filtered,33,0.012820903211832047,0.0010146729182451963,0.01180623029358685,0.01180623029358685,0.00013938707374520784
50,merged_z_p0p050_dedup_filtered,34,0.010512798093259335,0.0004891888820566237,0.01002360921120271,0.01002360921120271,0.00010047274161890783
50,merged_z_p0p050_dedup_filtered,35,0.008314067497849464,0.0003336321096867323,0.007980435388162732,0.007980435388162732,6.368734898464006e-05
50,merged_z_p0p050_dedup_filtered,36,0.005807899869978428,0.00037446481292136014,0.005433435057057068,0.005433435057057068,2.952221651925674e-05
50,merged_z_p0p050_dedup_filtered,37,0.0032849139533936977,0.0004153090703766793,0.0028696048830170184,0.0028696048830170184,8.234632184635115e-06
50,merged_z_p0p050_dedup_filtered,38,0.0030475901439785957,0.0006241575465537608,0.002423432597424835,0.002423432597424835,5.873025554261282e-06
50,merged_z_p0p050_dedup_filtered,39,0.001003151061013341,0.0004561584210023284,0.0005469926400110126,0.0005469926400110126,2.9920094822621717e-07
50,merged_z_p0p050_dedup_filtered,40,-0.0008328668773174286,0.0004970102454535663,-0.001329877122770995,0.001329877122770995,1.7685731616696598e-06
50,merged_z_p0p050_dedup_filtered,41,-0.0020951395854353905,0.0005378634086810052,-0.0026330029941163957,0.0026330029941163957,6.9327047670259046e-06
50,merged_z_p0p050_dedup_filtered,42,-0.0027412832714617252,0.0005787170375697315,-0.0033200003090314567,0.0033200003090314567,1.1022402051968968e-05
50,merged_z_p0p050_dedup_filtered,43,-0.002809302182868123,0.0006195716559886932,-0.0034288738388568163,0.0034288738388568163,1.175717580279668e-05
50,merged_z_p0p050_dedup_filtered,44,-0.002400446217507124,0.0006604263326153159,-0.00306087255012244,0.00306087255012244,9.368940768093048e-06
50,merged_z_p0p050_dedup_filtered,45,-0.001654518418945372,0.0007012812420725822,-0.0023557996610179543,0.0023557996610179543,5.549792042852309e-06
50,merged_z_p0p050_dedup_filtered,46,-0.0007230653427541256,0.0007421369664371014,-0.001465202309191227,0.001465202309191227,2.146817806859304e-06
50,merged_z_p0p050_dedup_filtered,47,0.00025427481159567833,0.0007829946698620915,-0.0005287198582664132,0.0005287198582664132,2.795446885252561e-07
50,merged_z_p0p050_dedup_filtered,48,0.0011662354227155447,0.0008238583686761558,0.0003423770540393889,0.0003423770540393889,1.1722204713269062e-07
50,merged_z_p0p050_dedup_filtered,49,0.0019371691159904003,0.0008647360373288393,0.001072433078661561,0.001072433078661561,1.150112708207514e-06
50,merged_z_p0p050_dedup_filtered,50,0.0025253305211663246,0.0009056436247192323,0.0016196868964470923,0.0016196868964470923,2.623385642522414e-06
50,merged_z_p0p050_dedup_filtered,51,0.00291451602242887,0.0009466128540225327,0.0019679031684063375,0.0019679031684063375,3.872642880223702e-06
50,merged_z_p0p050_dedup_filtered,52,0.003102713730186224,0.0009877001866698265,0.0021150135435163975,0.0021150135435163975,4.473282289257788e-06
50,merged_z_p0p050_dedup_filtered,53,-0.002184677869081497,0.0014846447156742215,-0.0036693225847557187,0.0036693225847557187,1.3463928230998389e-05
50,merged_z_p0p050_dedup_filtered,54,-0.0009350065956823528,0.0013856397708877921,-0.002320646366570145,0.002320646366570145,5.385399558675215e-06
50,merged_z_p0p050_dedup_filtered,55,0.0029694426339119673,0.00046105115325190127,0.002508391480660066,0.002508391480660066,6.292027820247998e-06
50,merged_z_p0p050_dedup_filtered,56,0.004335342440754175,0.0004815375432372093,0.003853804897516966,0.003853804897516966,1.4851812188125752e-05
50,merged_z_p0p050_dedup_filtered,57,0.004844002425670624,0.0005020664539188147,0.004341935971751809,0.004341935971751809,1.8852407982792327e-05
50,merged_z_p0p050_dedup_filtered,58,-0.009835351258516312,-8.765365322460639e-08,-0.009835263604863087,0.009835263604863087,9.673241017714444e-05
50,merged_z_p0p050_dedup_filtered,59,-0.009419356472790241,-8.278884422452393e-08,-0.009419273683946017,0.009419273683946017,8.872271673307797e-05
50,merged_z_p0p050_dedup_filtered,60,-0.00861333403736353,-7.802069035278691e-08,-0.008613256016673176,0.008613256016673176,7.418817920875667e-05
50,merged_z_p0p050_dedup_filtered,61,-0.007495621684938669,-7.334247698054241e-08,-0.007495548342461689,0.007495548342461689,5.618324495418017e-05
50,merged_z_p0p050_dedup_filtered,62,-0.0061708171851933,-6.88823433847574e-08,-0.0061707483028499155,0.0061707483028499155,3.8078134617125115e-05
50,merged_z_p0p050_dedup_filtered,63,-0.004755795933306217,-6.451631406889646e-08,-0.004755731416992148,0.004755731416992148,2.2616981310566146e-05
50,merged_z_p0p050_dedup_filtered,64,-0.0033648426178842783,-6.008493613762766e-08,-0.0033647825329481407,0.0033647825329481407,1.1321761494032906e-05
50,merged_z_p0p050_dedup_filtered,65,-0.0020962415728718042,-5.5533046605660275e-08,-0.0020961860398251986,0.0020961860398251986,4.393995913558049e-06
50,merged_z_p0p050_dedup_filtered,66,-0.0010223246645182371,-5.0840792908957155e-08,-0.0010222738237253282,0.0010222738237253282,1.0450437706740033e-06
50,merged_z_p0p050_dedup_filtered,67,0.0070679085329174995,-0.0003287561412435025,0.007396664674161002,0.007396664674161002,5.471064830198128e-05
50,merged_z_p0p050_dedup_filtered,68,0.005601310171186924,-0.0003491897659841925,0.0059504999371711165,0.0059504999371711165,3.540844950227346e-05
50,merged_z_p0p050_dedup_filtered,69,0.002664279192686081,-0.00036962368176318705,0.003033902874449268,0.003033902874449268,9.20456665159153e-06
50,merged_z_p0p050_dedup_filtered,70,-0.0015702256932854652,-0.00039005829603411257,-0.0011801673972513527,0.0011801673972513527,1.392795085535032e-06
50,merged_z_p0p050_dedup_filtered,71,-0.006678053177893162,-0.00041049456922337413,-0.006267558608669788,0.006267558608669788,3.928229091311076e-05
50,merged_z_p0p050_dedup_filtered,72,-0.012040250934660435,-0.00043093538261018693,-0.011609315552050248,0.011609315552050248,0.00013477620758707576
50,merged_z_p0p050_dedup_filtered,73,-0.016940748319029808,-0.00045138722634874284,-0.016489361092681065,0.016489361092681065,0.0002718990292448241
50,merged_z_p0p050_dedup_filtered,74,-0.020687412470579147,-0.000471863808343187,-0.02021554866223596,0.02021554866223596,0.0004086684077152301
50,merged_z_p0p050_dedup_filtered,75,-0.022733327001333237,-0.0004923840169794858,-0.02224094298435375,0.02224094298435375,0.0004946595448332744
50,merged_z_p0p050_dedup_filtered,76,-0.017885012552142143,-0.0009862297447398305,-0.016898782807402313,0.016898782807402313,0.000285568860371756
50,merged_z_p0p050_dedup_filtered,77,-0.016178177669644356,-0.0009451392688788474,-0.015233038400765508,0.015233038400765508,0.0002320454589191966
50,merged_z_p0p050_dedup_filtered,78,0.0009751813486218452,0.0004405994259286672,0.0005345819226931781,0.0005345819226931781,2.85777832070335e-07
50,merged_z_p0p050_dedup_filtered,79,-0.001317247049883008,0.0004201637639198452,-0.0017374108138028532,0.0017374108138028532,3.0185963359190927e-06
50,merged_z_p0p050_dedup_filtered,80,-0.0035359524190425873,0.0003997348539996892,-0.0039356872730422765,0.0039356872730422765,1.548963431118695e-05
50,merged_z_p0p050_dedup_filtered,81,-0.005333012901246548,0.00037930873804725707,-0.005712321639293805,0.005712321639293805,3.263061851074426e-05
50,merged_z_p0p050_dedup_filtered,82,-0.00644344836473465,0.00035888361162506044,-0.00680233197635971,0.00680233197635971,4.62717203166058e-05
50,merged_z_p0p050_dedup_filtered,83,-0.006726373918354511,0.0003384589799679816,-0.007064832898322493,0.007064832898322493,4.991186388121979e-05
50,merged_z_p0p050_dedup_filtered,84,-0.006181113421916962,0.0003180345520377159,-0.006499147973954678,0.006499147973954678,4.223892438735919e-05
50,merged_z_p0p050_dedup_filtered,85,-0.004936280660331249,0.00029760986217297614,-0.005233890522504225,0.005233890522504225,2.7393610001559552e-05
50,merged_z_p0p050_dedup_filtered,86,-0.0032154256477952003,0.00027718511410057545,-0.003492610761895776,0.003492610761895776,1.2198329934110191e-05
50,merged_z_p0p050_dedup_filtered,87,-0.001287506427615881,0.00025676030782051384,-0.0015442667354363948,0.0015442667354363948,2.38475975017538e-06
50,merged_z_p0p050_dedup_filtered,88,0.0005868251319043338,0.00023633554519619793,0.0003504895867081359,0.0003504895867081359,1.2284295039083992e-07
50,merged_z_p0p050_dedup_filtered,89,0.002201754366979003,0.0002159112336812541,0.001985843133297749,0.001985843133297749,3.9435729500658205e-06
50,merged_z_p0p050_dedup_filtered,90,0.003436368890106678,0.0001954879699042067,0.0032408809202024713,0.0032408809202024713,1.0503309138932417e-05
50,merged_z_p0p050_dedup_filtered,91,0.00426303967833519,0.0001750672236084938,0.004087972454726696,0.004087972454726696,1.671151879060421e-05
50,merged_z_p0p050_dedup_filtered,92,0.0047339280135929585,0.0001546525745652616,0.004579275439027697,0.004579275439027697,2.0969763546482306e-05
50,merged_z_p0p050_dedup_filtered,93,0.004950389731675386,0.00013425250654108822,0.004816137225134298,0.004816137225134298,2.3195177771324297e-05
50,merged_z_p0p050_dedup_filtered,94,-0.00031992699950933456,-0.0001346870994893834,-0.00018523990001995116,0.00018523990001995116,3.4313820559401504e-08
50,merged_z_p0p050_dedup_filtered,95,4.77256253361702e-06,-0.00011431432358222082,0.00011908688611583784,0.00011908688611583784,1.4181686444766532e-08
50,merged_z_p0p050_dedup_filtered,96,0.000444851815700531,-0.00023012967722024769,0.0006749814929207787,0.0006749814929207787,4.556000157855632e-07
50,merged_z_p0p050_dedup_filtered,97,0.0004943639505654573,-0.00034439569571986794,0.0008387596462853253,0.0008387596462853253,7.03517744236684e-07
50,merged_z_p0p050_dedup_filtered,98,0.0005469664465636015,-0.00040538940811529756,0.000952355854678899,0.000952355854678899,9.069816739411763e-07
50,merged_z_p0p050_dedup_filtered,99,0.00024607544764876366,-0.0002708356478251517,0.0005169110954739153,0.0005169110954739153,2.671970806240432e-07
50,merged_z_p0p050_dedup_filtered,100,7.805787026882172e-05,-0.000311625306494534,0.00038968317676335573,0.00038968317676335573,1.5185297825238075e-07
50,merged_z_p0p050_dedup_filtered,101,0.0007019732147455215,-0.00046654770267196,0.0011685209174174815,0.0011685209174174815,1.3654411344421927e-06
50,merged_z_p0p050_dedup_filtered,102,0.0010345552582293749,-0.0005277741001918912,0.001562329358421266,0.001562329358421266,2.440873024185005e-06
50,merged_z_p0p050_dedup_filtered,103,0.00013076071627438068,-0.0003524541389197111,0.0004832148551940918,0.0004832148551940918,2.334965962802471e-07
50,merged_z_p0p050_dedup_filtered,104,0.0005787981208413839,-0.00039330110303126276,0.0009720992238726467,0.0009720992238726467,9.449769010538021e-07
50,merged_z_p0p050_dedup_filtered,105,0.001605018274858594,-0.0005890292231924832,0.002194047498051077,0.002194047498051077,4.813844423704191e-06
50,merged_z_p0p050_dedup_filtered,106,0.0024283016100525856,-0.0006503114709630609,0.0030786130810156465,0.0030786130810156465,9.477858502600651e-06
50,merged_z_p0p050_dedup_filtered,107,0.0015186975942924619,-0.000434155750554055,0.0019528533448465168,0.0019528533448465168,3.813636186478229e-06
50,merged_z_p0p050_dedup_filtered,108,0.00037069455720484257,0.006046776194125414,-0.005676081636920571,0.005676081636920571,3.221790274898691e-05
50,merged_z_p0p050_dedup_filtered,109,-0.0005173641256988049,-0.000195943663129583,-0.00032142046256922185,0.00032142046256922185,1.0331111375821255e-07
50,merged_z_p0p050_dedup_filtered,110,-0.0008101079147309065,-0.00017551530618220568,-0.0006345926085487008,0.0006345926085487008,4.027077788246446e-07
50,merged_z_p0p050_dedup_filtered,111,-0.0006699636578559875,-0.0001550936867715791,-0.0005148699710844085,0.0005148699710844085,2.650910871244596e-07
50,merged_z_p0p050_dedup_filtered,112,0.0005302238278090954,-0.00018960496527142823,0.0007198287930805236,0.0007198287930805236,5.181534913477633e-07
50,merged_z_p0p050_dedup_filtered,113,0.002920865546911955,-0.00047501467633992434,0.003395880223251879,0.003395880223251879,1.1532002490673233e-05
50,merged_z_p0p050_dedup_filtered,114,0.0034516453742980957,-0.0007115888292901218,0.0041632342035882175,0.0041632342035882175,1.733251903392682e-05
50,merged_z_p0p050_dedup_filtered,115,0.004547349642962217,-0.0007728756172582507,0.005320225260220468,0.005320225260220468,2.8304796819487947e-05
50,merged_z_p0p050_dedup_filtered,116,0.0046095214784145355,-0.0005158754647709429,0.0051253969431854784,0.0051253969431854784,2.6269693825215047e-05
50,merged_z_p0p050_dedup_filtered,117,0.006277857348322868,-0.0005567368352785707,0.006834594183601439,0.006834594183601439,4.671167765451862e-05
50,merged_z_p0p050_dedup_filtered,118,0.005524168722331524,-0.0008341713109984994,0.006358340033330023,0.006358340033330023,4.042848797944724e-05
50,merged_z_p0p050_dedup_filtered,119,0.006156636867672205,-0.0008954599034041166,0.007052096771076322,0.007052096771076322,4.973206886862508e-05
50,merged_z_p0p050_dedup_filtered,120,0.005361747927963734,-0.00027767239953391254,0.005639420327497646,0.005639420327497646,3.180306163019366e-05
50,merged_z_p0p050_dedup_filtered,121,0.0035477520432323217,-0.00025723950238898396,0.0038049915456213057,0.0038049915456213057,1.4477960662249613e-05
50,merged_z_p0p050_dedup_filtered,122,-0.0009785802103579044,0.000771452090702951,-0.0017500323010608554,0.0017500323010608554,3.0626130547563524e-06
50,merged_z_p0p050_dedup_filtered,123,-0.0008357116021215916,0.0008390358416363597,-0.0016747474437579513,0.0016747474437579513,2.804779000373792e-06
50,merged_z_p0p050_dedup_filtered,124,0.001331759849563241,0.0009618177427910268,0.0003699421067722142,0.0003699421067722142,1.368571623630643e-07
50,merged_z_p0p050_dedup_filtered,125,0.003179812803864479,0.0010490822605788708,0.0021307305432856083,0.0021307305432856083,4.5400126480901835e-06
50,merged_z_p0p050_dedup_filtered,126,0.003377290675416589,0.028009284287691116,-0.024631993612274528,0.024631993612274528,0.0006067351093151331
50,merged_z_p0p050_dedup_filtered,127,0.0028416654095053673,0.0011778248008340597,0.0016638406086713076,0.0016638406086713076,2.7683655710637072e-06
