sample_id,sample_name,point_id,w_pred,w_true,w_diff,w_abs_error,w_sq_error
0,merged_fibers_output_z_m0p005,0,-0.008812407962977886,-0.0013859870377928019,-0.007426420925185084,0.007426420925185084,5.5151727758026884e-05
0,merged_fibers_output_z_m0p005,1,-0.008502583019435406,-0.0012630850542336702,-0.0072394979652017355,0.0072394979652017355,5.241033078816007e-05
0,merged_fibers_output_z_m0p005,2,-0.007312967907637358,-0.0011403559474274516,-0.006172611960209906,0.006172611960209906,3.810113841132638e-05
0,merged_fibers_output_z_m0p005,3,-0.004967567976564169,-0.0010176709620282054,-0.0039498970145359635,0.0039498970145359635,1.5601686425440118e-05
0,merged_fibers_output_z_m0p005,4,-0.0018878841074183583,-0.0008949994808062911,-0.0009928846266120672,0.0009928846266120672,9.858198817625841e-07
0,merged_fibers_output_z_m0p005,5,0.0009710571030154824,-0.0007723227026872337,0.0017433798057027161,0.0017433798057027161,3.03937314693204e-06
0,merged_fibers_output_z_m0p005,6,0.0027402271516621113,-0.0006496664718724787,0.00338989362353459,0.00338989362353459,1.1491378778880473e-05
0,merged_fibers_output_z_m0p005,7,0.003221738850697875,-0.0005270388210192323,0.0037487776717171073,0.0037487776717171073,1.4053334031964736e-05
0,merged_fibers_output_z_m0p005,8,0.002964047947898507,-0.00040456769056618214,0.0033686156384646893,0.0033686156384646893,1.1347571319708866e-05
0,merged_fibers_output_z_m0p005,9,-0.008767863735556602,-0.0009264255058951676,-0.007841438229661435,0.007841438229661435,6.148815350959585e-05
0,merged_fibers_output_z_m0p005,10,-0.008500907570123672,-0.0008445210987702012,-0.007656386471353471,0.007656386471353471,5.862025379872446e-05
0,merged_fibers_output_z_m0p005,11,-0.007366728037595749,-0.0007627098239026964,-0.0066040182136930525,0.0066040182136930525,4.361305656678957e-05
0,merged_fibers_output_z_m0p005,12,-0.005056680645793676,-0.0006809188053011894,-0.004375761840492487,0.004375761840492487,1.9147291684710197e-05
0,merged_fibers_output_z_m0p005,13,-0.0019684392027556896,-0.0005991326761431992,-0.0013693065266124904,0.0013693065266124904,1.875000363823563e-06
0,merged_fibers_output_z_m0p005,14,0.0009399180999025702,-0.0005173480021767318,0.001457266102079302,0.001457266102079302,2.123624492269403e-06
0,merged_fibers_output_z_m0p005,15,0.0027714029420167208,-0.0004355667042545974,0.003206969646271318,0.003206969646271318,1.0284654312105584e-05
0,merged_fibers_output_z_m0p005,16,0.003295724745839834,-0.0003538031887728721,0.0036495279346127063,0.0036495279346127063,1.3319054145518485e-05
0,merged_fibers_output_z_m0p005,17,0.003047359874472022,-0.00027212078566662967,0.0033194806601386517,0.0033194806601386517,1.1018951853034538e-05
0,merged_fibers_output_z_m0p005,18,0.002064967527985573,-0.00013318669516593218,0.002198154223151505,0.002198154223151505,4.831881988758796e-06
0,merged_fibers_output_z_m0p005,19,0.0022888542152941227,-0.00017404320533387363,0.0024628974206279963,0.0024628974206279963,6.0658637045360375e-06
0,merged_fibers_output_z_m0p005,20,0.0018681022338569164,-0.0002149327046936378,0.002083034938550554,0.002083034938550554,4.339034555222311e-06
0,merged_fibers_output_z_m0p005,21,0.0002905492438003421,-0.00025582819944247603,0.0005463774432428181,0.0005463774432428181,2.9852831048455893e-07
0,merged_fibers_output_z_m0p005,22,-0.0022991816513240337,-0.00029672510572709143,-0.0020024565455969423,0.0020024565455969423,4.009832217004039e-06
0,merged_fibers_output_z_m0p005,23,-0.005140972323715687,-0.00033762300154194236,-0.0048033493221737444,0.0048033493221737444,2.307216471082697e-05
0,merged_fibers_output_z_m0p005,24,-0.0073662251234054565,-0.0003785215085372329,-0.006987703614868224,0.006987703614868224,4.882800180924244e-05
0,merged_fibers_output_z_m0p005,25,-0.008558140136301517,-0.0004194251087028533,-0.008138715027598664,0.008138715027598664,6.623868230046032e-05
0,merged_fibers_output_z_m0p005,26,-0.008922557346522808,-0.0004603606939781457,-0.008462196652544662,0.008462196652544662,7.160877218633809e-05
0,merged_fibers_output_z_m0p005,27,-0.00961935892701149,-8.089727998594753e-08,-0.009619278029731504,0.009619278029731504,9.253050981327521e-05
0,merged_fibers_output_z_m0p005,28,-0.00891310628503561,-7.15433898790252e-08,-0.008913034741645731,0.008913034741645731,7.944218830578378e-05
0,merged_fibers_output_z_m0p005,29,-0.007643184158951044,-6.275835318092504e-08,-0.007643121400597863,0.007643121400597863,5.841730474427704e-05
0,merged_fibers_output_z_m0p005,30,-0.0058841221034526825,-5.366636912640388e-08,-0.005884068437083556,0.005884068437083556,3.462226137228292e-05
0,merged_fibers_output_z_m0p005,31,-0.003930483013391495,-4.426376065680415e-08,-0.003930438749630838,0.003930438749630838,1.5448348764599623e-05
0,merged_fibers_output_z_m0p005,32,-0.002211781218647957,-3.567392070635833e-08,-0.0022117455447272505,0.0022117455447272505,4.891818354620842e-06
0,merged_fibers_output_z_m0p005,33,-0.0010724859312176704,-2.7802819602129603e-08,-0.0010724581283980683,0.0010724581283980683,1.1501664371670875e-06
0,merged_fibers_output_z_m0p005,34,-0.0005784897366538644,-2.025250012138713e-08,-0.000578469484153743,0.000578469484153743,3.346269440970975e-07
0,merged_fibers_output_z_m0p005,35,-0.0005064840661361814,-1.3811660259932523e-08,-0.0005064702544759214,0.0005064702544759214,2.565121186689046e-07
0,merged_fibers_output_z_m0p005,36,-0.002207104116678238,0.00013152830069884658,-0.0023386324173770845,0.0023386324173770845,5.469201583606986e-06
0,merged_fibers_output_z_m0p005,37,-0.0028863020706921816,0.0001723692985251546,-0.003058671369217336,0.003058671369217336,9.355470544869854e-06
0,merged_fibers_output_z_m0p005,38,-0.003639308735728264,0.00021324330009520054,-0.0038525520358234644,0.0038525520358234644,1.484215718872752e-05
0,merged_fibers_output_z_m0p005,39,-0.0042176865972578526,0.0002541228896006942,-0.004471809486858547,0.004471809486858547,1.99970800867581e-05
0,merged_fibers_output_z_m0p005,40,-0.004723182413727045,0.0002950030902866274,-0.0050181855040136725,0.0050181855040136725,2.5182185752692955e-05
0,merged_fibers_output_z_m0p005,41,-0.005522872321307659,0.0003358829126227647,-0.005858755233930424,0.005858755233930424,3.4325012891107135e-05
0,merged_fibers_output_z_m0p005,42,-0.0068930089473724365,0.0003767632006201893,-0.007269772147992626,0.007269772147992626,5.2849587083729316e-05
0,merged_fibers_output_z_m0p005,43,-0.008681757375597954,0.0004176482034381479,-0.009099405579036102,0.009099405579036102,8.279918189179334e-05
0,merged_fibers_output_z_m0p005,44,-0.010286668315529823,0.0004585623973980546,-0.010745230712927878,0.010745230712927878,0.00011545998307404855
0,merged_fibers_output_z_m0p005,45,-0.011022030375897884,0.0009328235173597932,-0.011954853893257678,0.011954853893257678,0.00014291853160913824
0,merged_fibers_output_z_m0p005,46,-0.008679576218128204,0.000850923708640039,-0.009530499926768243,0.009530499926768243,9.083042885412949e-05
0,merged_fibers_output_z_m0p005,47,-0.006160089746117592,0.0007691296050325036,-0.0069292193511500955,0.0069292193511500955,4.801408081635295e-05
0,merged_fibers_output_z_m0p005,48,-0.004680889658629894,0.0006873561069369316,-0.005368245765566826,0.005368245765566826,2.8818062599526156e-05
0,merged_fibers_output_z_m0p005,49,-0.00446703564375639,0.0006055852863937616,-0.005072620930150151,0.005072620930150151,2.5731483100997386e-05
0,merged_fibers_output_z_m0p005,50,-0.004724739119410515,0.0005238162120804191,-0.005248555331490934,0.005248555331490934,2.7547333067721907e-05
0,merged_fibers_output_z_m0p005,51,-0.004419180564582348,0.0004420508921612054,-0.004861231456743553,0.004861231456743553,2.3631571276033048e-05
0,merged_fibers_output_z_m0p005,52,-0.0031919702887535095,0.00036030029878020287,-0.0035522705875337124,0.0035522705875337124,1.2618626327057106e-05
0,merged_fibers_output_z_m0p005,53,-0.0016611521132290363,0.00027862010756507516,-0.0019397722207941115,0.0019397722207941115,3.7627162685645192e-06
0,merged_fibers_output_z_m0p005,54,-0.00879064854234457,-0.001207267981953919,-0.007583380560390651,0.007583380560390651,5.750766072371083e-05
0,merged_fibers_output_z_m0p005,55,-0.008761840872466564,-0.000904951011762023,-0.007856889860704541,0.007856889860704541,6.173071828324182e-05
0,merged_fibers_output_z_m0p005,56,-0.008870812132954597,-0.0006027672789059579,-0.00826804485404864,0.00826804485404864,6.836056570856019e-05
0,merged_fibers_output_z_m0p005,57,-0.00922622811049223,-0.00030065811006352305,-0.008925570000428706,0.008925570000428706,7.96657998325529e-05
0,merged_fibers_output_z_m0p005,58,-0.009824502281844616,1.4198450344338198e-06,-0.00982592212687905,0.00982592212687905,9.654874564349131e-05
0,merged_fibers_output_z_m0p005,59,-0.010544490069150925,0.0003034975961782038,-0.010847987665329129,0.010847987665329129,0.00011767883638713291
0,merged_fibers_output_z_m0p005,60,-0.011218626983463764,0.0006056110723875463,-0.01182423805585131,0.01182423805585131,0.00013981260560144238
0,merged_fibers_output_z_m0p005,61,-0.011721627786755562,0.0009077897993847728,-0.012629417586140335,0.012629417586140335,0.00015950218856511074
0,merged_fibers_output_z_m0p005,62,-0.012011373415589333,0.0012101080501452088,-0.013221481465734541,0.013221481465734541,0.00017480757214876198
0,merged_fibers_output_z_m0p005,63,-0.012023212388157845,0.0014784210361540318,-0.013501633424311876,0.013501633424311876,0.00018229410512449564
0,merged_fibers_output_z_m0p005,64,-0.008823618292808533,-0.0014475439675152302,-0.0073760743252933025,0.0073760743252933025,5.440647245225105e-05
0,merged_fibers_output_z_m0p005,65,-0.00879655685275793,-0.001166517031379044,-0.007630039821378887,0.007630039821378887,5.821750767582755e-05
0,merged_fibers_output_z_m0p005,66,-0.008767648600041866,-0.0008766594110056758,-0.00789098918903619,0.00789098918903619,6.226771038148604e-05
0,merged_fibers_output_z_m0p005,67,-0.00886579044163227,-0.0005868541193194687,-0.008278936322312802,0.008278936322312802,6.854078662891022e-05
0,merged_fibers_output_z_m0p005,68,-0.009194056503474712,-0.0002970829955302179,-0.008896973507944494,0.008896973507944494,7.915613760106616e-05
0,merged_fibers_output_z_m0p005,69,-0.009747697040438652,-7.328800165851135e-06,-0.009740368240272801,0.009740368240272801,9.487477345611506e-05
0,merged_fibers_output_z_m0p005,70,-0.010409324429929256,0.00028242490952834487,-0.010691749339457601,0.010691749339457601,0.00011431350393779205
0,merged_fibers_output_z_m0p005,71,-0.011019404046237469,0.0005721942870877683,-0.011591598333325237,0.011591598333325237,0.0001343651519211484
0,merged_fibers_output_z_m0p005,72,-0.011463833041489124,0.0008619970758445561,-0.01232583011733368,0.01232583011733368,0.00015192608808137
0,merged_fibers_output_z_m0p005,73,-0.011712958104908466,0.0011518510291352868,-0.012864809134043753,0.012864809134043753,0.00016550331405537557
0,merged_fibers_output_z_m0p005,74,-0.010907250456511974,0.0013856400037184358,-0.01229289046023041,0.01229289046023041,0.0001511151558672238
0,merged_fibers_output_z_m0p005,75,-0.010887602344155312,0.0011223029578104615,-0.012009905301965773,0.012009905301965773,0.00014423782536218557
0,merged_fibers_output_z_m0p005,76,-0.010777909308671951,0.0008447985164821148,-0.011622707825154066,0.011622707825154066,0.00013508733718889756
0,merged_fibers_output_z_m0p005,77,-0.010525441728532314,0.0005673173000104725,-0.011092759028542787,0.011092759028542787,0.0001230493028653175
0,merged_fibers_output_z_m0p005,78,-0.010112710297107697,0.0002898557868320495,-0.010402566083939746,0.010402566083939746,0.0001082133811307335
0,merged_fibers_output_z_m0p005,79,-0.009610357694327831,1.2404960216372274e-05,-0.009622762654544204,0.009622762654544204,9.25975611056906e-05
0,merged_fibers_output_z_m0p005,80,-0.009154173545539379,-0.0002650455862749368,-0.008889127959264442,0.008889127959264442,7.901659587617683e-05
0,merged_fibers_output_z_m0p005,81,-0.008863932453095913,-0.0005425061099231243,-0.008321426343172789,0.008321426343172789,6.924613638485005e-05
0,merged_fibers_output_z_m0p005,82,-0.008766633458435535,-0.0008199859876185656,-0.00794664747081697,0.00794664747081697,6.314920602544174e-05
0,merged_fibers_output_z_m0p005,83,-0.00878656655550003,-0.001097489963285625,-0.0076890765922144055,0.0076890765922144055,5.9121898840939496e-05
0,merged_fibers_output_z_m0p005,84,-0.008730513043701649,-0.0013242480345070362,-0.0074062650091946125,0.0074062650091946125,5.4852761386420474e-05
0,merged_fibers_output_z_m0p005,85,-0.00871508289128542,-0.0010780399898067117,-0.007637042901478708,0.007637042901478708,5.832442427902632e-05
0,merged_fibers_output_z_m0p005,86,-0.008697486482560635,-0.0008128414046950638,-0.00788464507786557,0.00788464507786557,6.216762800390977e-05
0,merged_fibers_output_z_m0p005,87,-0.008762767538428307,-0.000547654926776886,-0.00821511261165142,0.00821511261165142,6.748807522211422e-05
0,merged_fibers_output_z_m0p005,88,-0.008963992819190025,-0.0002824797120410949,-0.00868151310714893,0.00868151310714893,7.536866982959868e-05
0,merged_fibers_output_z_m0p005,89,-0.009264389052987099,-1.731134943838697e-05,-0.009247077703548712,0.009247077703548712,8.550844605546772e-05
0,merged_fibers_output_z_m0p005,90,-0.009551324881613255,0.00024785648565739393,-0.009799181367270648,0.009799181367270648,9.602395546866426e-05
0,merged_fibers_output_z_m0p005,91,-0.00971450936049223,0.0005130302160978317,-0.010227539576590061,0.010227539576590061,0.00010460256579071601
0,merged_fibers_output_z_m0p005,92,-0.009725863113999367,0.0007782144821248949,-0.010504077596124262,0.010504077596124262,0.00011033564614539964
0,merged_fibers_output_z_m0p005,93,-0.009655717760324478,0.0010434100404381752,-0.010699127800762653,0.010699127800762653,0.00011447133569705229
0,merged_fibers_output_z_m0p005,94,-0.008082712069153786,0.0012626319658011198,-0.009345344034954906,0.009345344034954906,8.733545513166723e-05
0,merged_fibers_output_z_m0p005,95,-0.008193878456950188,0.001033034990541637,-0.009226913447491825,0.009226913447491825,8.513593176750547e-05
0,merged_fibers_output_z_m0p005,96,-0.008463367819786072,0.0007801247993484139,-0.009243492619134486,0.009243492619134486,8.544215579999371e-05
0,merged_fibers_output_z_m0p005,97,-0.008746691979467869,0.0005272197886370122,-0.009273911768104881,0.009273911768104881,8.60054394825942e-05
0,merged_fibers_output_z_m0p005,98,-0.008892938494682312,0.0002743205986917019,-0.009167259093374014,0.009167259093374014,8.403863928504855e-05
0,merged_fibers_output_z_m0p005,99,-0.008854937739670277,2.142511038982775e-05,-0.008876362850060104,0.008876362850060104,7.878981744592714e-05
0,merged_fibers_output_z_m0p005,100,-0.008703155443072319,-0.00023146999592427164,-0.008471685447148047,0.008471685447148047,7.176945431542001e-05
0,merged_fibers_output_z_m0p005,101,-0.008556018583476543,-0.00048436838551424444,-0.008071650197962299,0.008071650197962299,6.515153691826483e-05
0,merged_fibers_output_z_m0p005,102,-0.00848825927823782,-0.0007372726104222238,-0.007750986667815596,0.007750986667815596,6.007779432465511e-05
0,merged_fibers_output_z_m0p005,103,-0.008490297943353653,-0.0009901829762384295,-0.007500114967115223,0.007500114967115223,5.625172451994579e-05
0,merged_fibers_output_z_m0p005,104,-0.0080454396083951,-0.001201341045089066,-0.006844098563306034,0.006844098563306034,4.684168514424771e-05
0,merged_fibers_output_z_m0p005,105,-0.00804615393280983,-0.000987852574326098,-0.007058301358483732,0.007058301358483732,4.981961806717329e-05
0,merged_fibers_output_z_m0p005,106,-0.008047560229897499,-0.0007472187280654907,-0.007300341501832008,0.007300341501832008,5.329498604337082e-05
0,merged_fibers_output_z_m0p005,107,-0.0080992691218853,-0.00050658721011132,-0.00759268191177398,0.00759268191177398,5.7648818613379775e-05
0,merged_fibers_output_z_m0p005,108,-0.00819951482117176,-0.0002659588062670082,-0.007933556014904752,0.007933556014904752,6.294131104163138e-05
0,merged_fibers_output_z_m0p005,109,-0.00826253928244114,-2.5332290533697233e-05,-0.008237206991907442,0.008237206991907442,6.785157902752884e-05
0,merged_fibers_output_z_m0p005,110,-0.008158834651112556,0.00021529410150833428,-0.00837412875262089,0.00837412875262089,7.012603236547191e-05
0,merged_fibers_output_z_m0p005,111,-0.007816149853169918,0.00045592221431434155,-0.00827207206748426,0.00827207206748426,6.842717628965331e-05
0,merged_fibers_output_z_m0p005,112,-0.007303630467504263,0.0006965533830225468,-0.00800018385052681,0.00800018385052681,6.400294164222997e-05
0,merged_fibers_output_z_m0p005,113,-0.006823747418820858,0.0009371878113597631,-0.007760935230180621,0.007760935230180621,6.023211564705873e-05
0,merged_fibers_output_z_m0p005,114,-0.005318855866789818,0.0011398099595680833,-0.006458665826357901,0.006458665826357901,4.171436425656339e-05
0,merged_fibers_output_z_m0p005,115,-0.00551338167861104,0.0009419294074177742,-0.006455311086028814,0.006455311086028814,4.167104121740651e-05
0,merged_fibers_output_z_m0p005,116,-0.0060727279633283615,0.0007135649211704731,-0.006786292884498835,0.006786292884498835,4.605377111419951e-05
0,merged_fibers_output_z_m0p005,117,-0.006755462847650051,0.00048520241398364305,-0.007240665261633694,0.007240665261633694,5.242723343102893e-05
0,merged_fibers_output_z_m0p005,118,-0.007286752574145794,0.00025684188585728407,-0.007543594460003078,0.007543594460003078,5.690581737698913e-05
0,merged_fibers_output_z_m0p005,119,-0.0075282505713403225,2.848268923116848e-05,-0.007556733260571491,0.007556733260571491,5.7104217571427435e-05
0,merged_fibers_output_z_m0p005,120,-0.007522521540522575,-0.00019987620180472732,-0.007322645338717848,0.007322645338717848,5.3621134756646224e-05
0,merged_fibers_output_z_m0p005,121,-0.007416016422212124,-0.0004282357986085117,-0.006987780623603612,0.006987780623603612,4.8829078043610084e-05
0,merged_fibers_output_z_m0p005,122,-0.007335267029702663,-0.0006565966759808362,-0.006678670353721827,0.006678670353721827,4.4604637693682834e-05
0,merged_fibers_output_z_m0p005,123,-0.007314611691981554,-0.0008849587175063789,-0.006429652974475175,0.006429652974475175,4.1340437372177464e-05
0,merged_fibers_output_z_m0p005,124,-0.006266394164413214,-0.0010785210179165006,-0.005187873146496713,0.005187873146496713,2.6914027784141707e-05
0,merged_fibers_output_z_m0p005,125,-0.0062809535302221775,-0.0008957621175795794,-0.005385191412642598,0.005385191412642598,2.9000286550799582e-05
0,merged_fibers_output_z_m0p005,126,-0.006297069601714611,-0.0006796685047447681,-0.005617401096969843,0.005617401096969843,3.1555195084237994e-05
0,merged_fibers_output_z_m0p005,127,-0.006391497328877449,-0.0004635755030903965,-0.0059279218257870525,0.0059279218257870525,3.51402571726425e-05
0,merged_fibers_output_z_m0p005,128,-0.006562431808561087,-0.0002474831126164645,-0.006314948695944622,0.006314948695944622,3.987857703241268e-05
0,merged_fibers_output_z_m0p005,129,-0.006689336616545916,-3.139102045679465e-05,-0.006657945596089121,0.006657945596089121,4.432823956048252e-05
0,merged_fibers_output_z_m0p005,130,-0.006585783325135708,0.00018470120267011225,-0.00677048452780582,0.00677048452780582,4.5839460741258e-05
0,merged_fibers_output_z_m0p005,131,-0.0061409189365804195,0.00040079408790916204,-0.006541713024489582,0.006541713024489582,4.279400929477663e-05
0,merged_fibers_output_z_m0p005,132,-0.005441801156848669,0.0006168882246129215,-0.0060586893814615905,0.0060586893814615905,3.670771702103543e-05
0,merged_fibers_output_z_m0p005,133,-0.004768122918903828,0.0008329838747158647,-0.005601106793619692,0.005601106793619692,3.137239731353267e-05
0,merged_fibers_output_z_m0p005,134,-0.0039631687104702,0.0010170229943469167,-0.004980191704817116,0.004980191704817116,2.4802309416729215e-05
0,merged_fibers_output_z_m0p005,135,-0.004715201910585165,0.0006450567743740976,-0.005360258684959263,0.005360258684959263,2.8732373169681203e-05
0,merged_fibers_output_z_m0p005,136,-0.005367378704249859,0.0004412299022078514,-0.00580860860645771,0.00580860860645771,3.373993394301458e-05
0,merged_fibers_output_z_m0p005,137,-0.005770321004092693,0.00023740380129311234,-0.006007724805385806,0.006007724805385806,3.609275733724792e-05
0,merged_fibers_output_z_m0p005,138,-0.00578664755448699,3.357815876370296e-05,-0.005820225713250693,0.005820225713250693,3.387502735318454e-05
0,merged_fibers_output_z_m0p005,139,-0.005522948689758778,-0.00017024729459080845,-0.005352701395167969,0.005352701395167969,2.8651412225833123e-05
0,merged_fibers_output_z_m0p005,140,-0.005209632217884064,-0.0003740728134289384,-0.004835559404455125,0.004835559404455125,2.3382634754014406e-05
0,merged_fibers_output_z_m0p005,141,-0.005019851494580507,-0.0005778985214419663,-0.004441952973138541,0.004441952973138541,1.9730946215574324e-05
0,merged_fibers_output_z_m0p005,142,-0.004972176626324654,-0.0007817244040779769,-0.004190452222246677,0.004190452222246677,1.755988982693211e-05
0,merged_fibers_output_z_m0p005,143,-0.003450720803812146,-0.0009557188022881746,-0.0024950020015239716,0.0024950020015239716,6.225034987608624e-06
0,merged_fibers_output_z_m0p005,144,-0.0034867736976593733,-0.000610163901001215,-0.0028766097966581583,0.0028766097966581583,8.274883922229691e-06
0,merged_fibers_output_z_m0p005,145,-0.0036762862000614405,-0.00041860470082610846,-0.003257681499235332,0.003257681499235332,1.061248875046016e-05
0,merged_fibers_output_z_m0p005,146,-0.004114844370633364,-0.00022704570437781513,-0.0038877986662555486,0.0038877986662555486,1.5114978469338422e-05
0,merged_fibers_output_z_m0p005,147,-0.0046797944232821465,-3.548671884345822e-05,-0.004644307704438688,0.004644307704438688,2.1569594053508557e-05
0,merged_fibers_output_z_m0p005,148,-0.00509026600047946,0.00015607220120728016,-0.00524633820168674,0.00524633820168674,2.7524064526477656e-05
0,merged_fibers_output_z_m0p005,149,-0.005103103816509247,0.0003476314013823867,-0.0054507352178916335,0.0054507352178916335,2.9710514415564153e-05
0,merged_fibers_output_z_m0p005,150,-0.0047127073630690575,0.000539190776180476,-0.005251898139249533,0.005251898139249533,2.758243406505271e-05
0,merged_fibers_output_z_m0p005,151,-0.004186585079878569,0.0007307502091862261,-0.004917335289064795,0.004917335289064795,2.418018634508195e-05
0,merged_fibers_output_z_m0p005,152,-0.004071222152560949,0.0008942338754422963,-0.004965456028003246,0.004965456028003246,2.465575356603377e-05
0,merged_fibers_output_z_m0p005,153,-0.004539100918918848,0.0005745879025198519,-0.0051136888214387,0.0051136888214387,2.614981336250712e-05
0,merged_fibers_output_z_m0p005,154,-0.004799261223524809,0.00039529570494778454,-0.005194556928472593,0.005194556928472593,2.6983421683142623e-05
0,merged_fibers_output_z_m0p005,155,-0.004632581491023302,0.00021600349282380193,-0.004848584983847104,0.004848584983847104,2.350877634558762e-05
0,merged_fibers_output_z_m0p005,156,-0.003981310874223709,3.671125159598887e-05,-0.004018022125819698,0.004018022125819698,1.6144501803576644e-05
0,merged_fibers_output_z_m0p005,157,-0.0030976138077676296,-0.00014258110604714602,-0.0029550327017204836,0.0029550327017204836,8.73221826823746e-06
0,merged_fibers_output_z_m0p005,158,-0.0023495652712881565,-0.00032187349279411137,-0.002027691778494045,0.002027691778494045,4.111533948572344e-06
0,merged_fibers_output_z_m0p005,159,-0.001958528533577919,-0.0005011662724427879,-0.0014573622611351311,0.0014573622611351311,2.123904760180902e-06
0,merged_fibers_output_z_m0p005,160,-0.0018785579595714808,-0.0006804593722335994,-0.0011980985873378813,0.0011980985873378813,1.4354402249810268e-06
0,merged_fibers_output_z_m0p005,161,-0.0003486506175249815,-0.0008329299162141979,0.0004842792986892164,0.0004842792986892164,2.3452643913891925e-07
0,merged_fibers_output_z_m0p005,162,-0.00036242161877453327,-0.0005386985139921308,0.00017627689521759748,0.00017627689521759748,3.107354378755584e-08
0,merged_fibers_output_z_m0p005,163,-0.0006571284029632807,-0.00037167189293541014,-0.00028545651002787054,0.00028545651002787054,8.148541911729175e-08
0,merged_fibers_output_z_m0p005,164,-0.0014440990053117275,-0.00020464579574763775,-0.0012394532095640898,0.0012394532095640898,1.5362442586987234e-06
0,merged_fibers_output_z_m0p005,165,-0.002622353844344616,-3.762004052987322e-05,-0.0025847338038147427,0.0025847338038147427,6.680848836582629e-06
0,merged_fibers_output_z_m0p005,166,-0.003801002399995923,0.00012940559827256948,-0.0039304079982684925,0.0039304079982684925,1.544810703285294e-05
0,merged_fibers_output_z_m0p005,167,-0.0045556272380054,0.0002964310988318175,-0.004852058336837217,0.004852058336837217,2.354247010407154e-05
0,merged_fibers_output_z_m0p005,168,-0.004728652071207762,0.00046345649752765894,-0.005192108568735421,0.005192108568735421,2.695799138953578e-05
0,merged_fibers_output_z_m0p005,169,-0.004529057536274195,0.000630481808912009,-0.005159539345186204,0.005159539345186204,2.662084625452448e-05
0,merged_fibers_output_z_m0p005,170,-0.004524862859398127,0.000771452090702951,-0.0052963149501010776,0.0052963149501010776,2.805095205066418e-05
0,merged_fibers_output_z_m0p005,171,-0.004741621669381857,0.0005021578981541097,-0.005243779567535967,0.005243779567535967,2.749722415290769e-05
0,merged_fibers_output_z_m0p005,172,-0.004611636511981487,0.00034739880356937647,-0.004959035315550864,0.004959035315550864,2.4592031260880655e-05
0,merged_fibers_output_z_m0p005,173,-0.0038588806055486202,0.0001926397962961346,-0.004051520401844755,0.004051520401844755,1.6414817566564283e-05
0,merged_fibers_output_z_m0p005,174,-0.002502428600564599,3.7880810850765556e-05,-0.0025403094114153646,0.0025403094114153646,6.4531719057254765e-06
0,merged_fibers_output_z_m0p005,175,-0.0009496198035776615,-0.00011687829828588292,-0.0008327415052917786,0.0008327415052917786,6.934584146356173e-07
0,merged_fibers_output_z_m0p005,176,0.00027635926380753517,-0.0002716378076002002,0.0005479970714077353,0.0005479970714077353,3.003007902714546e-07
0,merged_fibers_output_z_m0p005,177,0.0008920535328797996,-0.00042639789171516895,0.0013184514245949686,0.0013184514245949686,1.738314159016502e-06
0,merged_fibers_output_z_m0p005,178,0.0010070169810205698,-0.0005811583832837641,0.001588175364304334,0.001588175364304334,2.5223009877832038e-06
0,merged_fibers_output_z_m0p005,179,0.0020364844240248203,-0.0007101328228600323,0.0027466172468848526,0.0027466172468848526,7.543906300885328e-06
0,merged_fibers_output_z_m0p005,180,0.0020618150010704994,-0.0004652724019251764,0.002527087402995676,0.002527087402995676,6.386170742379429e-06
0,merged_fibers_output_z_m0p005,181,0.0016995815094560385,-0.00032277809805236757,0.002022359607508406,0.002022359607508406,4.089938382081554e-06
0,merged_fibers_output_z_m0p005,182,0.0006499455193988979,-0.00018028459453489631,0.0008302301139337942,0.0008302301139337942,6.892820420825209e-07
0,merged_fibers_output_z_m0p005,183,-0.001003624638542533,-3.779173857765272e-05,-0.0009658328999648802,0.0009658328999648802,9.328331906545702e-07
0,merged_fibers_output_z_m0p005,184,-0.002770831575617194,0.00010470079723745584,-0.00287553237285465,0.00287553237285465,8.268686427335094e-06
0,merged_fibers_output_z_m0p005,185,-0.0040689557790756226,0.00024719341308809817,-0.004316149192163721,0.004316149192163721,1.8629143849015538e-05
0,merged_fibers_output_z_m0p005,186,-0.004619660787284374,0.00038968640728853643,-0.005009347194572911,0.005009347194572911,2.509355931577549e-05
0,merged_fibers_output_z_m0p005,187,-0.004608069080859423,0.0005321800126694143,-0.005140249093528837,0.005140249093528837,2.642216074352403e-05
0,merged_fibers_output_z_m0p005,188,-0.004080913960933685,0.0006486846250481904,-0.004729598585981876,0.004729598585981876,2.2369102784521758e-05
0,merged_fibers_output_z_m0p005,189,-0.004336649551987648,0.0004277692933101207,-0.004764418845297769,0.004764418845297769,2.2699686933428523e-05
0,merged_fibers_output_z_m0p005,190,-0.00417018448933959,0.00029754071147181094,-0.004467725200811401,0.004467725200811401,1.9960568469965273e-05
0,merged_fibers_output_z_m0p005,191,-0.0032460885122418404,0.00016731349751353264,-0.003413402009755373,0.003413402009755373,1.165131328020202e-05
0,merged_fibers_output_z_m0p005,192,-0.001575484056957066,3.708713120431639e-05,-0.0016125711881613825,0.0016125711881613825,2.6003858368882127e-06
0,merged_fibers_output_z_m0p005,193,0.00034947897074744105,-9.313911141362041e-05,0.00044261808216106147,0.00044261808216106147,1.9591076665593616e-07
0,merged_fibers_output_z_m0p005,194,0.001881335163488984,-0.00022336610709317029,0.0021047012705821544,0.0021047012705821544,4.429767438390135e-06
0,merged_fibers_output_z_m0p005,195,0.002657882869243622,-0.0003535946016199887,0.0030114774708636105,0.0030114774708636105,9.068996557519088e-06
0,merged_fibers_output_z_m0p005,196,0.0028035310097038746,-0.0004838246095459908,0.0032873556192498654,0.0032873556192498654,1.0806706967413665e-05
0,merged_fibers_output_z_m0p005,197,0.0031251241452991962,-0.0005873574991710484,0.0037124816444702446,0.0037124816444702446,1.3782519960528492e-05
0,merged_fibers_output_z_m0p005,198,0.0031868922524154186,-0.00038989228778518736,0.003576784540200606,0.003576784540200606,1.279338764701806e-05
0,merged_fibers_output_z_m0p005,199,0.0028143622912466526,-0.00027192579000256956,0.003086288081249222,0.003086288081249222,9.525174120461004e-06
0,merged_fibers_output_z_m0p005,200,0.0016813890542834997,-0.00015396240632981062,0.0018353514606133103,0.0018353514606133103,3.3685149839754116e-06
0,merged_fibers_output_z_m0p005,201,-0.00012037542182952166,-3.600136915338226e-05,-8.43740526761394e-05,8.43740526761394e-05,7.118980764995946e-09
0,merged_fibers_output_z_m0p005,202,-0.0020278608426451683,8.195891859941185e-05,-0.00210981976124458,0.00210981976124458,4.451339424938137e-06
0,merged_fibers_output_z_m0p005,203,-0.0033699346240609884,0.00019992029410786927,-0.0035698549181688577,0.0035698549181688577,1.274386413677438e-05
0,merged_fibers_output_z_m0p005,204,-0.003835822455585003,0.0003178842016495764,-0.004153706657234579,0.004153706657234579,1.7253278994354863e-05
0,merged_fibers_output_z_m0p005,205,-0.003668950404971838,0.00043585090315900743,-0.004104801308130845,0.004104801308130845,1.68493937792327e-05
0,merged_fibers_output_z_m0p005,206,-0.0024618948809802532,0.0005259520839899778,-0.002987846964970231,0.002987846964970231,8.927229486081821e-06
0,merged_fibers_output_z_m0p005,207,-0.0030346380081027746,0.0003514353884384036,-0.0033860733965411782,0.0033860733965411782,1.1465493046763911e-05
0,merged_fibers_output_z_m0p005,208,-0.0032366353552788496,0.0002457287919241935,-0.003482364147203043,0.003482364147203043,1.2126860053725177e-05
0,merged_fibers_output_z_m0p005,209,-0.002646449953317642,0.00014002789976075292,-0.002786477853078395,0.002786477853078395,7.764458825696382e-06
0,merged_fibers_output_z_m0p005,210,-0.0011682757176458836,3.433120946283452e-05,-0.001202606927108718,0.001202606927108718,1.4462634211298737e-06
0,merged_fibers_output_z_m0p005,211,0.000718796974979341,-7.136441126931459e-05,0.0007901613862486556,0.0007901613862486556,6.243550163183971e-07
0,merged_fibers_output_z_m0p005,212,0.0023016883060336113,-0.0001770624949131161,0.0024787508009467274,0.0024787508009467274,6.144205533194043e-06
0,merged_fibers_output_z_m0p005,213,0.00313541479408741,-0.00028276589000597596,0.003418180684093386,0.003418180684093386,1.1683959189109128e-05
0,merged_fibers_output_z_m0p005,214,0.003301599295809865,-0.00038847530959174037,0.0036900746054016054,0.0036900746054016054,1.3616650593429814e-05
0,merged_fibers_output_z_m0p005,215,0.0031302899587899446,-0.0004646620946004987,0.0035949520533904433,0.0035949520533904433,1.2923680266176165e-05
0,merged_fibers_output_z_m0p005,216,0.0032104533165693283,-0.0003125884977634996,0.003523041814332828,0.003523041814332828,1.2411823625537543e-05
0,merged_fibers_output_z_m0p005,217,0.0028679766692221165,-0.0002191324019804597,0.003087109071202576,0.003087109071202576,9.530242417501232e-06
0,merged_fibers_output_z_m0p005,218,0.0017955232178792357,-0.00012568759848363698,0.0019212108163628727,0.0019212108163628727,3.691051000909696e-06
0,merged_fibers_output_z_m0p005,219,0.00011275667930021882,-3.2251118682324886e-05,0.0001450077979825437,0.0001450077979825437,2.1027261475746207e-08
0,merged_fibers_output_z_m0p005,220,-0.0015743242111057043,6.118285818956792e-05,-0.0016355070692952722,0.0016355070692952722,2.6748833737148104e-06
0,merged_fibers_output_z_m0p005,221,-0.0025708391331136227,0.00015462130249943584,-0.0027254604356130585,0.0027254604356130585,7.4281345860921224e-06
0,merged_fibers_output_z_m0p005,222,-0.0026034959591925144,0.00024806929286569357,-0.002851565252058208,0.002851565252058208,8.131424386745791e-06
0,merged_fibers_output_z_m0p005,223,-0.0020266836509108543,0.0003415280079934746,-0.002368211658904329,0.002368211658904329,5.608426461370394e-06
0,merged_fibers_output_z_m0p005,224,-0.0005890510510653257,0.0004033820878248662,-0.000992433138890192,0.000992433138890192,9.84923535167439e-07
0,merged_fibers_output_z_m0p005,225,-0.001502366503700614,0.0002732237917371094,-0.0017755902954377234,0.0017755902954377234,3.152720897252622e-06
0,merged_fibers_output_z_m0p005,226,-0.002192955929785967,0.0001920023059938103,-0.002384958235779777,0.002384958235779777,5.688025786413787e-06
0,merged_fibers_output_z_m0p005,227,-0.0021288138814270496,0.00011080170224886388,-0.0022396155836759135,0.0022396155836759135,5.0158779626440025e-06
0,merged_fibers_output_z_m0p005,228,-0.0010745101608335972,2.961704012705013e-05,-0.0011041272009606473,0.0011041272009606473,1.2190968759011936e-06
0,merged_fibers_output_z_m0p005,229,0.0005592934903688729,-5.1562779844971374e-05,0.0006108562702138443,0.0006108562702138443,3.731453828595691e-07
0,merged_fibers_output_z_m0p005,230,0.002043871209025383,-0.00013275089440867305,0.002176622103434056,0.002176622103434056,4.7376837811576946e-06
0,merged_fibers_output_z_m0p005,231,0.002867904957383871,-0.0002139571006409824,0.0030818620580248535,0.0030818620580248535,9.497873744693185e-06
0,merged_fibers_output_z_m0p005,232,0.0030466695316135883,-0.0002951835922431201,0.0033418531238567084,0.0033418531238567084,1.116798230143084e-05
0,merged_fibers_output_z_m0p005,233,0.002813981845974922,-0.0003423085145186633,0.0031562903604935855,0.0031562903604935855,9.962168839744727e-06
0,merged_fibers_output_z_m0p005,234,0.0028932855930179358,-0.00023351020354311913,0.003126795796561055,0.003126795796561055,9.776851953391882e-06
0,merged_fibers_output_z_m0p005,235,0.002587850671261549,-0.0001644891017349437,0.0027523397729964927,0.0027523397729964927,7.575374226018385e-06
0,merged_fibers_output_z_m0p005,236,0.00160455412697047,-9.550635877531022e-05,0.0017000604857457802,0.0017000604857457802,2.890205655194178e-06
0,merged_fibers_output_z_m0p005,237,8.047488518059254e-05,-2.65535491053015e-05,0.00010702843428589404,0.00010702843428589404,1.1455085745689938e-08
0,merged_fibers_output_z_m0p005,238,-0.0013634349452331662,4.238983092363924e-05,-0.0014058247761568055,0.0014058247761568055,1.976343301256332e-06
0,merged_fibers_output_z_m0p005,239,-0.002032787539064884,0.0001113480975618586,-0.0021441356366267428,0.0021441356366267428,4.597317628252767e-06
0,merged_fibers_output_z_m0p005,240,-0.0016898976173251867,0.00018033980450127274,-0.0018702374218264595,0.0018702374218264595,3.497788014000082e-06
0,merged_fibers_output_z_m0p005,241,-0.0007678571273572743,0.0002493695938028395,-0.0010172267211601138,0.0010172267211601138,1.034750202242156e-06
0,merged_fibers_output_z_m0p005,242,-3.292446490377188e-05,0.0003484426124487072,-0.0003813670773524791,0.0003813670773524791,1.4544084768837178e-07
0,merged_fibers_output_z_m0p005,243,-0.008769193664193153,-0.004616423975676298,-0.004152769688516855,0.004152769688516855,1.724549608586438e-05
0,merged_fibers_output_z_m0p005,244,-0.008927233517169952,-0.004245733842253685,-0.004681499674916267,0.004681499674916267,2.1916439206241117e-05
0,merged_fibers_output_z_m0p005,245,-0.009283442050218582,-0.003880216972902417,-0.005403225077316165,0.005403225077316165,2.9194841236138277e-05
0,merged_fibers_output_z_m0p005,246,-0.008830520324409008,-0.003513047005981207,-0.005317473318427801,0.005317473318427801,2.827552249219157e-05
0,merged_fibers_output_z_m0p005,247,-0.007095213048160076,-0.0031574389431625605,-0.003937774104997516,0.003937774104997516,1.5506064901988986e-05
0,merged_fibers_output_z_m0p005,248,-0.005093117710202932,-0.0024736400227993727,-0.0026194776874035597,0.0026194776874035597,6.861663354805101e-06
0,merged_fibers_output_z_m0p005,249,-0.005614663939923048,-0.0021527549251914024,-0.0034619090147316456,0.0034619090147316456,1.1984814026280233e-05
0,merged_fibers_output_z_m0p005,250,-0.004792916122823954,-0.001850296976044774,-0.0029426191467791796,0.0029426191467791796,8.659007442991427e-06
0,merged_fibers_output_z_m0p005,251,-0.0024287174455821514,-0.0015559500316157937,-0.0008727674139663577,0.0008727674139663577,7.617229588815236e-07
0,merged_fibers_output_z_m0p005,252,-0.00036787777207791805,-0.0012810180196538568,0.0009131402475759387,0.0009131402475759387,8.338251117430466e-07
0,merged_fibers_output_z_m0p005,253,0.0020745359361171722,-0.0007985340780578554,0.0028730700141750276,0.0028730700141750276,8.254531306351693e-06
0,merged_fibers_output_z_m0p005,254,0.001821631216444075,-0.0006046774797141552,0.0024263086961582303,0.0024263086961582303,5.8869738890530515e-06
0,merged_fibers_output_z_m0p005,255,-0.0006967479130253196,-0.00043188821291550994,-0.00026485970010980964,0.00026485970010980964,7.01506607422583e-08
0,merged_fibers_output_z_m0p005,256,-0.0029550406616181135,-0.0002796286134980619,-0.0026754120481200516,0.0026754120481200516,7.157829627225929e-06
0,merged_fibers_output_z_m0p005,257,-0.0022225615102797747,-0.00015440990682691336,-0.0020681516034528613,0.0020681516034528613,4.277251054864641e-06
1,merged_fibers_output_z_m0p010,0,-0.008812397718429565,-0.0013859870377928019,-0.007426410680636764,0.007426410680636764,5.51515755974758e-05
1,merged_fibers_output_z_m0p010,1,-0.008502572774887085,-0.0012630850542336702,-0.007239487720653415,0.007239487720653415,5.2410182457491574e-05
1,merged_fibers_output_z_m0p010,2,-0.007312958128750324,-0.0011403559474274516,-0.006172602181322873,0.006172602181322873,3.8101017688871885e-05
1,merged_fibers_output_z_m0p010,3,-0.004967563319951296,-0.0010176709620282054,-0.0039498923579230905,0.0039498923579230905,1.560164963917923e-05
1,merged_fibers_output_z_m0p010,4,-0.0018878864357247949,-0.0008949994808062911,-0.0009928869549185038,0.0009928869549185038,9.85824505247339e-07
1,merged_fibers_output_z_m0p010,5,0.0009710496524348855,-0.0007723227026872337,0.0017433723551221192,0.0017433723551221192,3.0393471686040445e-06
1,merged_fibers_output_z_m0p010,6,0.0027402197010815144,-0.0006496664718724787,0.003389886172953993,0.003389886172953993,1.149132826558467e-05
1,merged_fibers_output_z_m0p010,7,0.003221735591068864,-0.0005270388210192323,0.003748774412088096,0.003748774412088096,1.4053309592726451e-05
1,merged_fibers_output_z_m0p010,8,0.0029640498105436563,-0.00040456769056618214,0.0033686175011098385,0.0033686175011098385,1.1347583868783493e-05
1,merged_fibers_output_z_m0p010,9,-0.008767852559685707,-0.0009264255058951676,-0.00784142705379054,0.00784142705379054,6.148797823991818e-05
1,merged_fibers_output_z_m0p010,10,-0.008500893600285053,-0.0008445210987702012,-0.007656372501514852,0.007656372501514852,5.862003988195279e-05
1,merged_fibers_output_z_m0p010,11,-0.007366713136434555,-0.0007627098239026964,-0.006604003312531859,0.006604003312531859,4.361285975193176e-05
1,merged_fibers_output_z_m0p010,12,-0.0050566717982292175,-0.0006809188053011894,-0.004375752992928028,0.004375752992928028,1.9147214255118596e-05
1,merged_fibers_output_z_m0p010,13,-0.001968439668416977,-0.0005991326761431992,-0.0013693069922737777,0.0013693069922737777,1.8750016390898596e-06
1,merged_fibers_output_z_m0p010,14,0.0009399099508300424,-0.0005173480021767318,0.0014572579530067742,0.0014572579530067742,2.1236007416014937e-06
1,merged_fibers_output_z_m0p010,15,0.002771393395960331,-0.0004355667042545974,0.0032069601002149284,0.0032069601002149284,1.0284593084370544e-05
1,merged_fibers_output_z_m0p010,16,0.003295720089226961,-0.0003538031887728721,0.0036495232779998332,0.0036495232779998332,1.3319020156662647e-05
1,merged_fibers_output_z_m0p010,17,0.003047362668439746,-0.00027212078566662967,0.0033194834541063756,0.0033194834541063756,1.1018970402085993e-05
1,merged_fibers_output_z_m0p010,18,0.0020649712532758713,-0.00013318669516593218,0.0021981579484418035,0.0021981579484418035,4.831898366297878e-06
1,merged_fibers_output_z_m0p010,19,0.002288850722834468,-0.00017404320533387363,0.0024628939281683415,0.0024628939281683415,6.065846501408484e-06
1,merged_fibers_output_z_m0p010,20,0.001868093735538423,-0.0002149327046936378,0.002083026440232061,0.002083026440232061,4.338999150705851e-06
1,merged_fibers_output_z_m0p010,21,0.00029054225888103247,-0.00025582819944247603,0.0005463704583235085,0.0005463704583235085,2.9852067772864074e-07
1,merged_fibers_output_z_m0p010,22,-0.002299180254340172,-0.00029672510572709143,-0.0020024551486130804,0.0020024551486130804,4.009826622207034e-06
1,merged_fibers_output_z_m0p010,23,-0.005140961147844791,-0.00033762300154194236,-0.004803338146302849,0.004803338146302849,2.307205734772809e-05
1,merged_fibers_output_z_m0p010,24,-0.0073662083595991135,-0.0003785215085372329,-0.006987686851061881,0.006987686851061881,4.88277675285031e-05
1,merged_fibers_output_z_m0p010,25,-0.008558124303817749,-0.0004194251087028533,-0.008138699195114896,0.008138699195114896,6.623842458856385e-05
1,merged_fibers_output_z_m0p010,26,-0.008922545239329338,-0.0004603606939781457,-0.008462184545351192,0.008462184545351192,7.160856727958057e-05
1,merged_fibers_output_z_m0p010,27,-0.009619348682463169,-8.089727998594753e-08,-0.009619267785183183,0.009619267785183183,9.253031272306298e-05
1,merged_fibers_output_z_m0p010,28,-0.008913097903132439,-7.15433898790252e-08,-0.00891302635974256,0.00891302635974256,7.94420388894657e-05
1,merged_fibers_output_z_m0p010,29,-0.007643178571015596,-6.275835318092504e-08,-0.0076431158126624155,0.0076431158126624155,5.841721932577025e-05
1,merged_fibers_output_z_m0p010,30,-0.005884117912501097,-5.366636912640388e-08,-0.00588406424613197,0.00588406424613197,3.4622212052608594e-05
1,merged_fibers_output_z_m0p010,31,-0.0039304811507463455,-4.426376065680415e-08,-0.003930436886985689,0.003930436886985689,1.5448334122577752e-05
1,merged_fibers_output_z_m0p010,32,-0.002211780520156026,-3.567392070635833e-08,-0.0022117448462353195,0.0022117448462353195,4.891815264848497e-06
1,merged_fibers_output_z_m0p010,33,-0.0010724858148023486,-2.7802819602129603e-08,-0.0010724580119827465,0.0010724580119827465,1.1501661874659849e-06
1,merged_fibers_output_z_m0p010,34,-0.0005784890381619334,-2.025250012138713e-08,-0.000578468785661812,0.000578468785661812,3.3462613598505144e-07
1,merged_fibers_output_z_m0p010,35,-0.0005064825527369976,-1.3811660259932523e-08,-0.0005064687410767377,0.0005064687410767377,2.5651058568785557e-07
1,merged_fibers_output_z_m0p010,36,-0.002207107376307249,0.00013152830069884658,-0.0023386356770060956,0.0023386356770060956,5.469216829765759e-06
1,merged_fibers_output_z_m0p010,37,-0.0028863002080470324,0.0001723692985251546,-0.003058669506572187,0.003058669506572187,9.355459150434546e-06
1,merged_fibers_output_z_m0p010,38,-0.003639302682131529,0.00021324330009520054,-0.0038525459822267294,0.0038525459822267294,1.4842110545171315e-05
1,merged_fibers_output_z_m0p010,39,-0.0042176805436611176,0.0002541228896006942,-0.004471803433261812,0.004471803433261812,1.9997025945732127e-05
1,merged_fibers_output_z_m0p010,40,-0.0047231800854206085,0.0002950030902866274,-0.005018183175707236,0.005018183175707236,2.518216238495116e-05
1,merged_fibers_output_z_m0p010,41,-0.005522874183952808,0.0003358829126227647,-0.005858757096575573,0.005858757096575573,3.432503471667464e-05
1,merged_fibers_output_z_m0p010,42,-0.006893011275678873,0.0003767632006201893,-0.007269774476299062,0.007269774476299062,5.2849620936249306e-05
1,merged_fibers_output_z_m0p010,43,-0.00868175458163023,0.0004176482034381479,-0.009099402785068378,0.009099402785068378,8.279913104491016e-05
1,merged_fibers_output_z_m0p010,44,-0.010286660864949226,0.0004585623973980546,-0.010745223262347281,0.010745223262347281,0.00011545982295768914
1,merged_fibers_output_z_m0p010,45,-0.01102201547473669,0.0009328235173597932,-0.011954838992096484,0.011954838992096484,0.00014291817532695046
1,merged_fibers_output_z_m0p010,46,-0.008679565973579884,0.000850923708640039,-0.009530489682219923,0.009530489682219923,9.08302335829004e-05
1,merged_fibers_output_z_m0p010,47,-0.006160082295536995,0.0007691296050325036,-0.0069292119005694985,0.0069292119005694985,4.801397756299396e-05
1,merged_fibers_output_z_m0p010,48,-0.004680885002017021,0.0006873561069369316,-0.005368241108953953,0.005368241108953953,2.8818012603863165e-05
1,merged_fibers_output_z_m0p010,49,-0.004467031452804804,0.0006055852863937616,-0.0050726167391985655,0.0050726167391985655,2.5731440582797487e-05
1,merged_fibers_output_z_m0p010,50,-0.004724735394120216,0.0005238162120804191,-0.005248551606200635,0.005248551606200635,2.754729396295127e-05
1,merged_fibers_output_z_m0p010,51,-0.004419178701937199,0.0004420508921612054,-0.004861229594098404,0.004861229594098404,2.3631553166538133e-05
1,merged_fibers_output_z_m0p010,52,-0.0031919723842293024,0.00036030029878020287,-0.0035522726830095053,0.0035522726830095053,1.2618641214455549e-05
1,merged_fibers_output_z_m0p010,53,-0.0016611593309789896,0.00027862010756507516,-0.0019397794385440648,0.0019397794385440648,3.762744270198327e-06
1,merged_fibers_output_z_m0p010,54,-0.008790639229118824,-0.001207267981953919,-0.007583371247164905,0.007583371247164905,5.750751947232741e-05
1,merged_fibers_output_z_m0p010,55,-0.008761830627918243,-0.000904951011762023,-0.00785687961615622,0.00785687961615622,6.173055730277112e-05
1,merged_fibers_output_z_m0p010,56,-0.008870802819728851,-0.0006027672789059579,-0.008268035540822893,0.008268035540822893,6.836041170431051e-05
1,merged_fibers_output_z_m0p010,57,-0.009226218797266483,-0.00030065811006352305,-0.00892556068720296,0.00892556068720296,7.966563358094298e-05
1,merged_fibers_output_z_m0p010,58,-0.00982449296861887,1.4198450344338198e-06,-0.009825912813653304,0.009825912813653304,9.654856262151619e-05
1,merged_fibers_output_z_m0p010,59,-0.010544480755925179,0.0003034975961782038,-0.010847978352103382,0.010847978352103382,0.00011767863432770361
1,merged_fibers_output_z_m0p010,60,-0.011218615807592869,0.0006056110723875463,-0.011824226879980415,0.011824226879980415,0.00013981234130925138
1,merged_fibers_output_z_m0p010,61,-0.011721612885594368,0.0009077897993847728,-0.01262940268497914,0.01262940268497914,0.00015950181217935832
1,merged_fibers_output_z_m0p010,62,-0.01201135665178299,0.0012101080501452088,-0.013221464701928198,0.013221464701928198,0.0001748071288643333
1,merged_fibers_output_z_m0p010,63,-0.012023193761706352,0.0014784210361540318,-0.013501614797860384,0.013501614797860384,0.0001822936021498025
1,merged_fibers_output_z_m0p010,64,-0.008823608979582787,-0.0014475439675152302,-0.007376065012067556,0.007376065012067556,5.440633506224716e-05
1,merged_fibers_output_z_m0p010,65,-0.00879654660820961,-0.001166517031379044,-0.007630029576830566,0.007630029576830566,5.8217351343309225e-05
1,merged_fibers_output_z_m0p010,66,-0.008767638355493546,-0.0008766594110056758,-0.00789097894448787,0.00789097894448787,6.22675487023509e-05
1,merged_fibers_output_z_m0p010,67,-0.008865779265761375,-0.0005868541193194687,-0.008278925146441907,0.008278925146441907,6.854060158038814e-05
1,merged_fibers_output_z_m0p010,68,-0.009194046258926392,-0.0002970829955302179,-0.008896963263396174,0.008896963263396174,7.915595531022109e-05
1,merged_fibers_output_z_m0p010,69,-0.00974768865853548,-7.328800165851135e-06,-0.00974035985836963,0.00974035985836963,9.487461017053843e-05
1,merged_fibers_output_z_m0p010,70,-0.01040931511670351,0.00028242490952834487,-0.010691740026231855,0.010691740026231855,0.00011431330478852835
1,merged_fibers_output_z_m0p010,71,-0.011019392870366573,0.0005721942870877683,-0.011591587157454342,0.011591587157454342,0.00013436489282886042
1,merged_fibers_output_z_m0p010,72,-0.011463819071650505,0.0008619970758445561,-0.012325816147495061,0.012325816147495061,0.00015192574370185
1,merged_fibers_output_z_m0p010,73,-0.011712940409779549,0.0011518510291352868,-0.012864791438914835,0.012864791438914835,0.00016550285876677643
1,merged_fibers_output_z_m0p010,74,-0.010907232761383057,0.0013856400037184358,-0.012292872765101492,0.012292872765101492,0.000151114720818974
1,merged_fibers_output_z_m0p010,75,-0.010887586511671543,0.0011223029578104615,-0.012009889469482005,0.012009889469482005,0.00014423744506917473
1,merged_fibers_output_z_m0p010,76,-0.010777896270155907,0.0008447985164821148,-0.011622694786638021,0.011622694786638021,0.00013508703410334264
1,merged_fibers_output_z_m0p010,77,-0.010525432415306568,0.0005673173000104725,-0.01109274971531704,0.01109274971531704,0.00012304909624666628
1,merged_fibers_output_z_m0p010,78,-0.0101127028465271,0.0002898557868320495,-0.010402558633359149,0.010402558633359149,0.00010821322612047497
1,merged_fibers_output_z_m0p010,79,-0.009610348381102085,1.2404960216372274e-05,-0.009622753341318457,0.009622753341318457,9.259738186785554e-05
1,merged_fibers_output_z_m0p010,80,-0.009154162369668484,-0.0002650455862749368,-0.008889116783393547,0.008889116783393547,7.901639718880884e-05
1,merged_fibers_output_z_m0p010,81,-0.008863919414579868,-0.0005425061099231243,-0.008321413304656744,0.008321413304656744,6.924591938691827e-05
1,merged_fibers_output_z_m0p010,82,-0.008766621351242065,-0.0008199859876185656,-0.0079466353636235,0.0079466353636235,6.31490136023916e-05
1,merged_fibers_output_z_m0p010,83,-0.00878655631095171,-0.001097489963285625,-0.007689066347666085,0.007689066347666085,5.9121741298811064e-05
1,merged_fibers_output_z_m0p010,84,-0.008730502799153328,-0.0013242480345070362,-0.007406254764646292,0.007406254764646292,5.48526096388459e-05
1,merged_fibers_output_z_m0p010,85,-0.008715071715414524,-0.0010780399898067117,-0.007637031725607812,0.007637031725607812,5.832425357794024e-05
1,merged_fibers_output_z_m0p010,86,-0.00869747344404459,-0.0008128414046950638,-0.007884632039349526,0.007884632039349526,6.216742239593706e-05
1,merged_fibers_output_z_m0p010,87,-0.008762752637267113,-0.000547654926776886,-0.008215097710490227,0.008215097710490227,6.748783039290177e-05
1,merged_fibers_output_z_m0p010,88,-0.008963980711996555,-0.0002824797120410949,-0.00868150099995546,0.00868150099995546,7.536845961222766e-05
1,merged_fibers_output_z_m0p010,89,-0.009264379739761353,-1.731134943838697e-05,-0.009247068390322966,0.009247068390322966,8.550827381531016e-05
1,merged_fibers_output_z_m0p010,90,-0.009551319293677807,0.00024785648565739393,-0.0097991757793352,0.0097991757793352,9.602384595430964e-05
1,merged_fibers_output_z_m0p010,91,-0.009714502841234207,0.0005130302160978317,-0.010227533057332039,0.010227533057332039,0.00010460243243881964
1,merged_fibers_output_z_m0p010,92,-0.009725852869451046,0.0007782144821248949,-0.01050406735157594,0.01050406735157594,0.0001103354309264436
1,merged_fibers_output_z_m0p010,93,-0.009655702859163284,0.0010434100404381752,-0.01069911289960146,0.01069911289960146,0.00011447101683841835
1,merged_fibers_output_z_m0p010,94,-0.008082695305347443,0.0012626319658011198,-0.009345327271148562,0.009345327271148562,8.733514180487304e-05
1,merged_fibers_output_z_m0p010,95,-0.008193863555788994,0.001033034990541637,-0.00922689854633063,0.00922689854633063,8.513565678427831e-05
1,merged_fibers_output_z_m0p010,96,-0.008463360369205475,0.0007801247993484139,-0.009243485168553889,0.009243485168553889,8.544201806127571e-05
1,merged_fibers_output_z_m0p010,97,-0.008746689185500145,0.0005272197886370122,-0.009273908974137157,0.009273908974137157,8.60053876605817e-05
1,merged_fibers_output_z_m0p010,98,-0.008892935700714588,0.0002743205986917019,-0.00916725629940629,0.00916725629940629,8.403858805900431e-05
1,merged_fibers_output_z_m0p010,99,-0.008854931220412254,2.142511038982775e-05,-0.008876356330802082,0.008876356330802082,7.87897017113702e-05
1,merged_fibers_output_z_m0p010,100,-0.008703142404556274,-0.00023146999592427164,-0.008471672408632003,0.008471672408632003,7.176923339917676e-05
1,merged_fibers_output_z_m0p010,101,-0.0085560018196702,-0.00048436838551424444,-0.008071633434155956,0.008071633434155956,6.515126629538428e-05
1,merged_fibers_output_z_m0p010,102,-0.008488243445754051,-0.0007372726104222238,-0.007750970835331827,0.007750970835331827,6.007754889016456e-05
1,merged_fibers_output_z_m0p010,103,-0.008490284904837608,-0.0009901829762384295,-0.007500101928599179,0.007500101928599179,5.625152893937712e-05
1,merged_fibers_output_z_m0p010,104,-0.008045429363846779,-0.001201341045089066,-0.006844088318757713,0.006844088318757713,4.6841544914955776e-05
1,merged_fibers_output_z_m0p010,105,-0.00804614182561636,-0.000987852574326098,-0.007058289251290262,0.007058289251290262,4.9819447154879644e-05
1,merged_fibers_output_z_m0p010,106,-0.008047543466091156,-0.0007472187280654907,-0.007300324738025665,0.007300324738025665,5.32947412806295e-05
1,merged_fibers_output_z_m0p010,107,-0.008099251426756382,-0.00050658721011132,-0.007592664216645062,0.007592664216645062,5.764854990672237e-05
1,merged_fibers_output_z_m0p010,108,-0.008199499920010567,-0.0002659588062670082,-0.007933541113743559,0.007933541113743559,6.294107460345939e-05
1,merged_fibers_output_z_m0p010,109,-0.008262531831860542,-2.5332290533697233e-05,-0.008237199541326845,0.008237199541326845,6.785145628363518e-05
1,merged_fibers_output_z_m0p010,110,-0.008158833719789982,0.00021529410150833428,-0.008374127821298316,0.008374127821298316,7.012601676744248e-05
1,merged_fibers_output_z_m0p010,111,-0.007816150784492493,0.00045592221431434155,-0.008272072998806834,0.008272072998806834,6.842719169758909e-05
1,merged_fibers_output_z_m0p010,112,-0.007303626276552677,0.0006965533830225468,-0.008000179659575224,0.008000179659575224,6.400287458548115e-05
1,merged_fibers_output_z_m0p010,113,-0.006823735777288675,0.0009371878113597631,-0.0077609235886484385,0.0077609235886484385,6.0231934948839756e-05
1,merged_fibers_output_z_m0p010,114,-0.005318841896951199,0.0011398099595680833,-0.006458651856519282,0.006458651856519282,4.1714183803719966e-05
1,merged_fibers_output_z_m0p010,115,-0.005513370037078857,0.0009419294074177742,-0.006455299444496632,0.006455299444496632,4.167089091811852e-05
1,merged_fibers_output_z_m0p010,116,-0.0060727233067154884,0.0007135649211704731,-0.0067862882278859615,0.0067862882278859615,4.6053707911943584e-05
1,merged_fibers_output_z_m0p010,117,-0.0067554647102952,0.00048520241398364305,-0.007240667124278843,0.007240667124278843,5.2427260404612456e-05
1,merged_fibers_output_z_m0p010,118,-0.007286753971129656,0.00025684188585728407,-0.00754359585698694,0.00754359585698694,5.6905838453550524e-05
1,merged_fibers_output_z_m0p010,119,-0.007528245914727449,2.848268923116848e-05,-0.007556728603958618,0.007556728603958618,5.710414719388636e-05
1,merged_fibers_output_z_m0p010,120,-0.007522508502006531,-0.00019987620180472732,-0.0073226323002018034,0.0073226323002018034,5.362094380395875e-05
1,merged_fibers_output_z_m0p010,121,-0.007415998727083206,-0.0004282357986085117,-0.0069877629284746945,0.0069877629284746945,4.8828830744565235e-05
1,merged_fibers_output_z_m0p010,122,-0.00733525026589632,-0.0006565966759808362,-0.006678653589915484,0.006678653589915484,4.460441377409098e-05
1,merged_fibers_output_z_m0p010,123,-0.007314599584788084,-0.0008849587175063789,-0.006429640867281705,0.006429640867281705,4.1340281682219034e-05
1,merged_fibers_output_z_m0p010,124,-0.006266387179493904,-0.0010785210179165006,-0.0051878661615774035,0.0051878661615774035,2.6913955310439863e-05
1,merged_fibers_output_z_m0p010,125,-0.006280944216996431,-0.0008957621175795794,-0.005385182099416852,0.005385182099416852,2.9000186243879694e-05
1,merged_fibers_output_z_m0p010,126,-0.0062970565631985664,-0.0006796685047447681,-0.005617388058453798,0.005617388058453798,3.1555048599259334e-05
1,merged_fibers_output_z_m0p010,127,-0.006391481962054968,-0.0004635755030903965,-0.005927906458964571,0.005927906458964571,3.514007498623388e-05
1,merged_fibers_output_z_m0p010,128,-0.006562418770045042,-0.0002474831126164645,-0.0063149356574285775,0.0063149356574285775,3.98784123574629e-05
1,merged_fibers_output_z_m0p010,129,-0.006689331028610468,-3.139102045679465e-05,-0.006657940008153673,0.006657940008153673,4.4328165152173336e-05
1,merged_fibers_output_z_m0p010,130,-0.006585783790796995,0.00018470120267011225,-0.006770484993467107,0.006770484993467107,4.58394670467633e-05
1,merged_fibers_output_z_m0p010,131,-0.006140921730548143,0.00040079408790916204,-0.006541715818457305,0.006541715818457305,4.2794045849454533e-05
1,merged_fibers_output_z_m0p010,132,-0.005441799759864807,0.0006168882246129215,-0.006058687984477729,0.006058687984477729,3.67077000932548e-05
1,merged_fibers_output_z_m0p010,133,-0.0047681150026619434,0.0008329838747158647,-0.005601098877377808,0.005601098877377808,3.137230863416294e-05
1,merged_fibers_output_z_m0p010,134,-0.003963158465921879,0.0010170229943469167,-0.0049801814602687955,0.0049801814602687955,2.4802207377205032e-05
1,merged_fibers_output_z_m0p010,135,-0.0047151981852948666,0.0006450567743740976,-0.005360254959668964,0.005360254959668964,2.873233323265573e-05
1,merged_fibers_output_z_m0p010,136,-0.0053673796355724335,0.0004412299022078514,-0.005808609537780285,0.005808609537780285,3.3739944762392095e-05
1,merged_fibers_output_z_m0p010,137,-0.0057703228667378426,0.00023740380129311234,-0.006007726668030955,0.006007726668030955,3.609277971777032e-05
1,merged_fibers_output_z_m0p010,138,-0.0057866452261805534,3.357815876370296e-05,-0.005820223384944256,0.005820223384944256,3.387500025065198e-05
1,merged_fibers_output_z_m0p010,139,-0.005522940307855606,-0.00017024729459080845,-0.005352693013264798,0.005352693013264798,2.865132249425378e-05
1,merged_fibers_output_z_m0p010,140,-0.005209620576351881,-0.0003740728134289384,-0.004835547762922943,0.004835547762922943,2.3382522167509075e-05
1,merged_fibers_output_z_m0p010,141,-0.005019840784370899,-0.0005778985214419663,-0.004441942262928933,0.004441942262928933,1.973085106719421e-05
1,merged_fibers_output_z_m0p010,142,-0.004972169175744057,-0.0007817244040779769,-0.00419044477166608,0.00419044477166608,1.7559827384383583e-05
1,merged_fibers_output_z_m0p010,143,-0.0034507198724895716,-0.0009557188022881746,-0.002495001070201397,0.002495001070201397,6.225030340306116e-06
1,merged_fibers_output_z_m0p010,144,-0.0034867688082158566,-0.000610163901001215,-0.0028766049072146416,0.0028766049072146416,8.274855792211357e-06
1,merged_fibers_output_z_m0p010,145,-0.0036762794479727745,-0.00041860470082610846,-0.003257674747146666,0.003257674747146666,1.0612444758197095e-05
1,merged_fibers_output_z_m0p010,146,-0.004114837385714054,-0.00022704570437781513,-0.003887791681336239,0.003887791681336239,1.5114924157467259e-05
1,merged_fibers_output_z_m0p010,147,-0.004679790697991848,-3.548671884345822e-05,-0.00464430397914839,0.00464430397914839,2.1569559450733565e-05
1,merged_fibers_output_z_m0p010,148,-0.00509026600047946,0.00015607220120728016,-0.00524633820168674,0.00524633820168674,2.7524064526477656e-05
1,merged_fibers_output_z_m0p010,149,-0.005103104282170534,0.0003476314013823867,-0.005450735683552921,0.005450735683552921,2.9710519491957127e-05
1,merged_fibers_output_z_m0p010,150,-0.004712705500423908,0.000539190776180476,-0.005251896276604384,0.005251896276604384,2.7582414500210994e-05
1,merged_fibers_output_z_m0p010,151,-0.004186579026281834,0.0007307502091862261,-0.00491732923546806,0.00491732923546806,2.4180126809988893e-05
1,merged_fibers_output_z_m0p010,152,-0.004071216098964214,0.0008942338754422963,-0.004965449974406511,0.004965449974406511,2.4655693448333617e-05
1,merged_fibers_output_z_m0p010,153,-0.004539096727967262,0.0005745879025198519,-0.005113684630487114,0.005113684630487114,2.6149770500080134e-05
1,merged_fibers_output_z_m0p010,154,-0.004799258895218372,0.00039529570494778454,-0.005194554600166157,0.005194554600166157,2.698339749410738e-05
1,merged_fibers_output_z_m0p010,155,-0.00463258009403944,0.00021600349282380193,-0.004848583586863242,0.004848583586863242,2.3508762798799622e-05
1,merged_fibers_output_z_m0p010,156,-0.00398130901157856,3.671125159598887e-05,-0.004018020263174549,0.004018020263174549,1.614448683528127e-05
1,merged_fibers_output_z_m0p010,157,-0.0030976117122918367,-0.00014258110604714602,-0.0029550306062446907,0.0029550306062446907,8.732205883842864e-06
1,merged_fibers_output_z_m0p010,158,-0.0023495634086430073,-0.00032187349279411137,-0.002027689915848896,0.002027689915848896,4.1115263948353026e-06
1,merged_fibers_output_z_m0p010,159,-0.0019585283007472754,-0.0005011662724427879,-0.0014573620283044875,0.0014573620283044875,2.1239040815437697e-06
1,merged_fibers_output_z_m0p010,160,-0.0018785592401400208,-0.0006804593722335994,-0.0011980998679064214,0.0011980998679064214,1.4354432934773845e-06
1,merged_fibers_output_z_m0p010,161,-0.00034865597262978554,-0.0008329299162141979,0.00048427394358441234,0.00048427394358441234,2.3452125243479858e-07
1,merged_fibers_output_z_m0p010,162,-0.0003624263918027282,-0.0005386985139921308,0.00017627212218940258,0.00017627212218940258,3.1071861061155674e-08
1,merged_fibers_output_z_m0p010,163,-0.0006571323610842228,-0.00037167189293541014,-0.00028546046814881265,0.00028546046814881265,8.148767887573928e-08
1,merged_fibers_output_z_m0p010,164,-0.0014441009843721986,-0.00020464579574763775,-0.0012394551886245608,0.0012394551886245608,1.5362491646083457e-06
1,merged_fibers_output_z_m0p010,165,-0.002622353844344616,-3.762004052987322e-05,-0.0025847338038147427,0.0025847338038147427,6.680848836582629e-06
1,merged_fibers_output_z_m0p010,166,-0.0038009993731975555,0.00012940559827256948,-0.003930404971470125,0.003930404971470125,1.5448083239757076e-05
1,merged_fibers_output_z_m0p010,167,-0.004555623047053814,0.0002964310988318175,-0.0048520541458856314,0.0048520541458856314,2.3542429434605944e-05
1,merged_fibers_output_z_m0p010,168,-0.004728647880256176,0.00046345649752765894,-0.005192104377783835,0.005192104377783835,2.6957947869802064e-05
1,merged_fibers_output_z_m0p010,169,-0.004529052879661322,0.000630481808912009,-0.005159534688573331,0.005159534688573331,2.6620798202591496e-05
1,merged_fibers_output_z_m0p010,170,-0.004524861462414265,0.000771452090702951,-0.005296313553117216,0.005296313553117216,2.8050937252933105e-05
1,merged_fibers_output_z_m0p010,171,-0.004741617012768984,0.0005021578981541097,-0.0052437749109230936,0.0052437749109230936,2.7497175316426498e-05
1,merged_fibers_output_z_m0p010,172,-0.004611630458384752,0.00034739880356937647,-0.004959029261954129,0.004959029261954129,2.459197122091731e-05
1,merged_fibers_output_z_m0p010,173,-0.00385887548327446,0.0001926397962961346,-0.004051515279570594,0.004051515279570594,1.641477606059399e-05
1,merged_fibers_output_z_m0p010,174,-0.0025024269707500935,3.7880810850765556e-05,-0.002540307781600859,0.002540307781600859,6.453163625261878e-06
1,merged_fibers_output_z_m0p010,175,-0.0009496231796219945,-0.00011687829828588292,-0.0008327448813361116,0.0008327448813361116,6.934640373914945e-07
1,merged_fibers_output_z_m0p010,176,0.0002763524535112083,-0.0002716378076002002,0.0005479902611114085,0.0005479902611114085,3.0029332627294964e-07
1,merged_fibers_output_z_m0p010,177,0.0008920450345613062,-0.00042639789171516895,0.0013184429262764752,0.0013184429262764752,1.738291749848475e-06
1,merged_fibers_output_z_m0p010,178,0.001007008831948042,-0.0005811583832837641,0.001588167215231806,0.001588167215231806,2.5222751035371497e-06
1,merged_fibers_output_z_m0p010,179,0.0020364762749522924,-0.0007101328228600323,0.0027466090978123248,0.0027466090978123248,7.5438615361854326e-06
1,merged_fibers_output_z_m0p010,180,0.0020618047565221786,-0.0004652724019251764,0.002527077158447355,0.002527077158447355,6.386118964746358e-06
1,merged_fibers_output_z_m0p010,181,0.0016995713813230395,-0.00032277809805236757,0.002022349479375407,0.002022349479375407,4.08989741672998e-06
1,merged_fibers_output_z_m0p010,182,0.0006499385926872492,-0.00018028459453489631,0.0008302231872221455,0.0008302231872221455,6.892705406012977e-07
1,merged_fibers_output_z_m0p010,183,-0.0010036258026957512,-3.779173857765272e-05,-0.0009658340641180985,0.0009658340641180985,9.328354394108831e-07
1,merged_fibers_output_z_m0p010,184,-0.0027708271518349648,0.00010470079723745584,-0.0028755279490724206,0.0028755279490724206,8.268660985896642e-06
1,merged_fibers_output_z_m0p010,185,-0.004068948794156313,0.00024719341308809817,-0.004316142207244411,0.004316142207244411,1.8629083553156656e-05
1,merged_fibers_output_z_m0p010,186,-0.0046196551993489265,0.00038968640728853643,-0.005009341606637463,0.005009341606637463,2.5093503331989198e-05
1,merged_fibers_output_z_m0p010,187,-0.0046080672182142735,0.0005321800126694143,-0.005140247230883688,0.005140247230883688,2.642214159460742e-05
1,merged_fibers_output_z_m0p010,188,-0.0040809172205626965,0.0006486846250481904,-0.004729601845610887,0.004729601845610887,2.2369133618005907e-05
1,merged_fibers_output_z_m0p010,189,-0.0043366472236812115,0.0004277692933101207,-0.004764416516991332,0.004764416516991332,2.2699664747379816e-05
1,merged_fibers_output_z_m0p010,190,-0.004170177970081568,0.00029754071147181094,-0.004467718681553379,0.004467718681553379,1.996051021750106e-05
1,merged_fibers_output_z_m0p010,191,-0.0032460824586451054,0.00016731349751353264,-0.003413395956158638,0.003413395956158638,1.1651271953520143e-05
1,merged_fibers_output_z_m0p010,192,-0.0015754814958199859,3.708713120431639e-05,-0.0016125686270243023,0.0016125686270243023,2.6003775768630432e-06
1,merged_fibers_output_z_m0p010,193,0.00034947480889968574,-9.313911141362041e-05,0.00044261392031330615,0.00044261392031330615,1.9590708245511373e-07
1,merged_fibers_output_z_m0p010,194,0.0018813260830938816,-0.00022336610709317029,0.002104692190187052,0.002104692190187052,4.429729215434369e-06
1,merged_fibers_output_z_m0p010,195,0.002657872624695301,-0.0003535946016199887,0.0030114672263152897,0.0030114672263152897,9.068934855171104e-06
1,merged_fibers_output_z_m0p010,196,0.0028035216964781284,-0.0004838246095459908,0.0032873463060241193,0.0032873463060241193,1.0806645735730421e-05
1,merged_fibers_output_z_m0p010,197,0.003125118324533105,-0.0005873574991710484,0.0037124758237041533,0.0037124758237041533,1.3782476741587832e-05
1,merged_fibers_output_z_m0p010,198,0.0031868843361735344,-0.00038989228778518736,0.0035767766239587218,0.0035767766239587218,1.279333101769755e-05
1,merged_fibers_output_z_m0p010,199,0.0028143534436821938,-0.00027192579000256956,0.0030862792336847633,0.0030862792336847633,9.525119508273809e-06
1,merged_fibers_output_z_m0p010,200,0.001681383466348052,-0.00015396240632981062,0.0018353458726778626,0.0018353458726778626,3.368494472355665e-06
1,merged_fibers_output_z_m0p010,201,-0.00012037710985168815,-3.600136915338226e-05,-8.437574069830589e-05,8.437574069830589e-05,7.119265618387753e-09
1,merged_fibers_output_z_m0p010,202,-0.002027857583016157,8.195891859941185e-05,-0.002109816501615569,0.002109816501615569,4.451325670489358e-06
1,merged_fibers_output_z_m0p010,203,-0.0033699297346174717,0.00019992029410786927,-0.003569850028725341,0.003569850028725341,1.2743829227590317e-05
1,merged_fibers_output_z_m0p010,204,-0.003835819661617279,0.0003178842016495764,-0.0041537038632668555,0.0041537038632668555,1.7253255783718e-05
1,merged_fibers_output_z_m0p010,205,-0.0036689518019557,0.00043585090315900743,-0.004104802705114707,0.004104802705114707,1.6849405247917018e-05
1,merged_fibers_output_z_m0p010,206,-0.002461901633068919,0.0005259520839899778,-0.002987853717058897,0.002987853717058897,8.927269834542667e-06
1,merged_fibers_output_z_m0p010,207,-0.003034640569239855,0.0003514353884384036,-0.0033860759576782584,0.0033860759576782584,1.1465510391166735e-05
1,merged_fibers_output_z_m0p010,208,-0.0032366346567869186,0.0002457287919241935,-0.003482363448711112,0.003482363448711112,1.212685518891915e-05
1,merged_fibers_output_z_m0p010,209,-0.002646446693688631,0.00014002789976075292,-0.002786474593449384,0.002786474593449384,7.76444065993891e-06
1,merged_fibers_output_z_m0p010,210,-0.0011682742042466998,3.433120946283452e-05,-0.0012026054137095343,0.0012026054137095343,1.4462597810834803e-06
1,merged_fibers_output_z_m0p010,211,0.0007187954615801573,-7.136441126931459e-05,0.0007901598728494719,0.0007901598728494719,6.243526246614935e-07
1,merged_fibers_output_z_m0p010,212,0.002301684580743313,-0.0001770624949131161,0.002478747075656429,0.002478747075656429,6.144187065075298e-06
1,merged_fibers_output_z_m0p010,213,0.003135410137474537,-0.00028276589000597596,0.003418176027480513,0.003418176027480513,1.168392735484246e-05
1,merged_fibers_output_z_m0p010,214,0.00330159580335021,-0.00038847530959174037,0.0036900711129419506,0.0036900711129419506,1.3616624818568646e-05
1,merged_fibers_output_z_m0p010,215,0.0031302894931286573,-0.0004646620946004987,0.003594951587729156,0.003594951587729156,1.292367691811638e-05
1,merged_fibers_output_z_m0p010,216,0.00321045215241611,-0.0003125884977634996,0.0035230406501796097,0.0035230406501796097,1.2411815422817966e-05
1,merged_fibers_output_z_m0p010,217,0.002867975737899542,-0.0002191324019804597,0.0030871081398800015,0.0030871081398800015,9.530236667313363e-06
1,merged_fibers_output_z_m0p010,218,0.001795523101463914,-0.00012568759848363698,0.001921210699947551,0.001921210699947551,3.6910505535929584e-06
1,merged_fibers_output_z_m0p010,219,0.00011275755241513252,-3.2251118682324886e-05,0.0001450086710974574,0.0001450086710974574,2.102751469345058e-08
1,merged_fibers_output_z_m0p010,220,-0.0015743226977065206,6.118285818956792e-05,-0.0016355055558960885,0.0016355055558960885,2.6748784233669734e-06
1,merged_fibers_output_z_m0p010,221,-0.0025708391331136227,0.00015462130249943584,-0.0027254604356130585,0.0027254604356130585,7.4281345860921224e-06
1,merged_fibers_output_z_m0p010,222,-0.0026034987531602383,0.00024806929286569357,-0.002851568046025932,0.002851568046025932,8.131440321116151e-06
1,merged_fibers_output_z_m0p010,223,-0.002026689937338233,0.0003415280079934746,-0.0023682179453317076,0.0023682179453317076,5.608456236591135e-06
1,merged_fibers_output_z_m0p010,224,-0.0005890603642910719,0.0004033820878248662,-0.000992442452115938,0.000992442452115938,9.84942020761896e-07
1,merged_fibers_output_z_m0p010,225,-0.001502373954281211,0.0002732237917371094,-0.0017755977460183203,0.0017755977460183203,3.1527473556653396e-06
1,merged_fibers_output_z_m0p010,226,-0.0021929601207375526,0.0001920023059938103,-0.002384962426731363,0.002384962426731363,5.688045776920352e-06
1,merged_fibers_output_z_m0p010,227,-0.002128815511241555,0.00011080170224886388,-0.002239617213490419,0.002239617213490419,5.015885262962589e-06
1,merged_fibers_output_z_m0p010,228,-0.0010745096951723099,2.961704012705013e-05,-0.00110412673529936,0.00110412673529936,1.219095847602823e-06
1,merged_fibers_output_z_m0p010,229,0.0005592959932982922,-5.1562779844971374e-05,0.0006108587731432635,0.0006108587731432635,3.731484407260931e-07
1,merged_fibers_output_z_m0p010,230,0.002043874468654394,-0.00013275089440867305,0.002176625363063067,0.002176625363063067,4.737697971129429e-06
1,merged_fibers_output_z_m0p010,231,0.002867907751351595,-0.0002139571006409824,0.0030818648519925773,0.0030818648519925773,9.49789096594723e-06
1,merged_fibers_output_z_m0p010,232,0.003046671859920025,-0.0002951835922431201,0.003341855452163145,0.003341855452163145,1.1167997863152537e-05
1,merged_fibers_output_z_m0p010,233,0.0028139858040958643,-0.0003423085145186633,0.0031562943186145276,0.0031562943186145276,9.962193825718344e-06
1,merged_fibers_output_z_m0p010,234,0.002893290016800165,-0.00023351020354311913,0.0031268002203432843,0.0031268002203432843,9.776879617938811e-06
1,merged_fibers_output_z_m0p010,235,0.002587856724858284,-0.0001644891017349437,0.0027523458265932277,0.0027523458265932277,7.5754075491651575e-06
1,merged_fibers_output_z_m0p010,236,0.0016045597149059176,-9.550635877531022e-05,0.0017000660736812279,0.0017000660736812279,2.890224654881906e-06
1,merged_fibers_output_z_m0p010,237,8.047779556363821e-05,-2.65535491053015e-05,0.00010703134466893971,0.00010703134466893971,1.1455708741641369e-08
1,merged_fibers_output_z_m0p010,238,-0.0013634359929710627,4.238983092363924e-05,-0.001405825823894702,0.001405825823894702,1.976346247129217e-06
1,merged_fibers_output_z_m0p010,239,-0.00203279173001647,0.0001113480975618586,-0.0021441398275783285,0.0021441398275783285,4.597335600207624e-06
1,merged_fibers_output_z_m0p010,240,-0.0016899053007364273,0.00018033980450127274,-0.0018702451052377,0.0018702451052377,3.4978167536655755e-06
1,merged_fibers_output_z_m0p010,241,-0.0007678663241676986,0.0002493695938028395,-0.0010172359179705381,0.0010172359179705381,1.0347689128093634e-06
1,merged_fibers_output_z_m0p010,242,-3.293441841378808e-05,0.0003484426124487072,-0.0003813770308624953,0.0003813770308624953,1.454484396694927e-07
1,merged_fibers_output_z_m0p010,243,-0.008769182488322258,-0.009232847951352596,0.0004636654630303383,0.0004636654630303383,2.14985661607138e-07
1,merged_fibers_output_z_m0p010,244,-0.008927222341299057,-0.008491466753184795,-0.00043575558811426163,0.00043575558811426163,1.8988293257280603e-07
1,merged_fibers_output_z_m0p010,245,-0.00928343366831541,-0.00776043301448226,-0.0015230006538331509,0.0015230006538331509,2.319530991576205e-06
1,merged_fibers_output_z_m0p010,246,-0.008830517530441284,-0.007026094943284988,-0.0018044225871562958,0.0018044225871562958,3.25594087303982e-06
1,merged_fibers_output_z_m0p010,247,-0.007095205131918192,-0.006314877886325121,-0.000780327245593071,0.000780327245593071,6.089106102148689e-07
1,merged_fibers_output_z_m0p010,248,-0.005093112587928772,-0.00494728097692132,-0.000145831611007452,0.000145831611007452,2.12668587690288e-08
1,merged_fibers_output_z_m0p010,249,-0.0056146662682294846,-0.0043055107817053795,-0.001309155486524105,0.001309155486524105,1.7138880878961663e-06
1,merged_fibers_output_z_m0p010,250,-0.004792913794517517,-0.0037005951162427664,-0.0010923186782747507,0.0010923186782747507,1.1931600949078983e-06
1,merged_fibers_output_z_m0p010,251,-0.002428715582937002,-0.003111898899078369,0.000683183316141367,0.000683183316141367,4.6673944345391495e-07
1,merged_fibers_output_z_m0p010,252,-0.0003678827779367566,-0.0025620360393077135,0.002194153261370957,0.002194153261370957,4.814308534384807e-06
1,merged_fibers_output_z_m0p010,253,0.0020745256915688515,-0.001597068039700389,0.0036715937312692404,0.0036715937312692404,1.3480600527495583e-05
1,merged_fibers_output_z_m0p010,254,0.00182162260171026,-0.0012093549594283104,0.0030309775611385703,0.0030309775611385703,9.186824976125516e-06
1,merged_fibers_output_z_m0p010,255,-0.0006967475637793541,-0.000863776309415698,0.00016702874563634396,0.00016702874563634396,2.789860186885049e-08
1,merged_fibers_output_z_m0p010,256,-0.0029550381004810333,-0.000559257110580802,-0.0023957809899002314,0.0023957809899002314,5.7397665515673325e-06
1,merged_fibers_output_z_m0p010,257,-0.0022225668653845787,-0.0003088196972385049,-0.0019137471681460738,0.0019137471681460738,3.662428223587117e-06
2,merged_fibers_output_z_m0p015,0,-0.008812391199171543,-0.0013859870377928019,-0.007426404161378741,0.007426404161378741,5.5151478768143485e-05
2,merged_fibers_output_z_m0p015,1,-0.008502569049596786,-0.0012630850542336702,-0.007239483995363116,0.007239483995363116,5.241012851911871e-05
2,merged_fibers_output_z_m0p015,2,-0.007312955800443888,-0.0011403559474274516,-0.006172599853016436,0.006172599853016436,3.810098894545853e-05
2,merged_fibers_output_z_m0p015,3,-0.0049675581976771355,-0.0010176709620282054,-0.00394988723564893,0.00394988723564893,1.5601609174342346e-05
2,merged_fibers_output_z_m0p015,4,-0.001887876191176474,-0.0008949994808062911,-0.000992876710370183,0.000992876710370183,9.858041619955162e-07
2,merged_fibers_output_z_m0p015,5,0.000971062749158591,-0.0007723227026872337,0.0017433854518458247,0.0017433854518458247,3.0393928337076704e-06
2,merged_fibers_output_z_m0p015,6,0.0027402297127991915,-0.0006496664718724787,0.00338989618467167,0.00338989618467167,1.1491396142851546e-05
2,merged_fibers_output_z_m0p015,7,0.0032217376865446568,-0.0005270388210192323,0.003748776507563889,0.003748776507563889,1.4053325303662909e-05
2,merged_fibers_output_z_m0p015,8,0.0029640435241162777,-0.00040456769056618214,0.00336861121468246,0.00336861121468246,1.1347541515684437e-05
2,merged_fibers_output_z_m0p015,9,-0.008767850697040558,-0.0009264255058951676,-0.00784142519114539,0.00784142519114539,6.148794902832952e-05
2,merged_fibers_output_z_m0p015,10,-0.008500889874994755,-0.0008445210987702012,-0.007656368776224554,0.007656368776224554,5.861998283754627e-05
2,merged_fibers_output_z_m0p015,11,-0.007366708479821682,-0.0007627098239026964,-0.006603998655918986,0.006603998655918986,4.3612798247379765e-05
2,merged_fibers_output_z_m0p015,12,-0.005056666675955057,-0.0006809188053011894,-0.004375747870653868,0.004375747870653868,1.9147169427531857e-05
2,merged_fibers_output_z_m0p015,13,-0.001968435710296035,-0.0005991326761431992,-0.0013693030341528356,0.0013693030341528356,1.8749907993401617e-06
2,merged_fibers_output_z_m0p015,14,0.0009399119298905134,-0.0005173480021767318,0.0014572599320672452,0.0014572599320672452,2.1236065096086322e-06
2,merged_fibers_output_z_m0p015,15,0.002771393395960331,-0.0004355667042545974,0.0032069601002149284,0.0032069601002149284,1.0284593084370544e-05
2,merged_fibers_output_z_m0p015,16,0.00329571939073503,-0.0003538031887728721,0.0036495225795079023,0.0036495225795079023,1.3319015058338012e-05
2,merged_fibers_output_z_m0p015,17,0.003047361271455884,-0.00027212078566662967,0.0033194820571225137,0.0033194820571225137,1.1018961127558314e-05
2,merged_fibers_output_z_m0p015,18,0.0020649759098887444,-0.00013318669516593218,0.0021981626050546765,0.0021981626050546765,4.831918838260762e-06
2,merged_fibers_output_z_m0p015,19,0.0022888467647135258,-0.00017404320533387363,0.0024628899700473994,0.0024628899700473994,6.06582700456008e-06
2,merged_fibers_output_z_m0p015,20,0.0018680824432522058,-0.0002149327046936378,0.0020830151479458436,0.0020830151479458436,4.338952106571845e-06
2,merged_fibers_output_z_m0p015,21,0.00029053003527224064,-0.00025582819944247603,0.0005463582347147167,0.0005463582347147167,2.9850732064058143e-07
2,merged_fibers_output_z_m0p015,22,-0.0022991870064288378,-0.00029672510572709143,-0.0020024619007017463,0.0020024619007017463,4.009853663762051e-06
2,merged_fibers_output_z_m0p015,23,-0.005140961147844791,-0.00033762300154194236,-0.004803338146302849,0.004803338146302849,2.307205734772809e-05
2,merged_fibers_output_z_m0p015,24,-0.007366204634308815,-0.0003785215085372329,-0.006987683125771582,0.006987683125771582,4.882771546619291e-05
2,merged_fibers_output_z_m0p015,25,-0.0085581224411726,-0.0004194251087028533,-0.008138697332469746,0.008138697332469746,6.623839426955017e-05
2,merged_fibers_output_z_m0p015,26,-0.008922549895942211,-0.0004603606939781457,-0.008462189201964065,0.008462189201964065,7.160864608983723e-05
2,merged_fibers_output_z_m0p015,27,-0.009619351476430893,-8.089727998594753e-08,-0.009619270579150907,0.009619270579150907,9.253036647491823e-05
2,merged_fibers_output_z_m0p015,28,-0.008913101628422737,-7.15433898790252e-08,-0.008913030085032858,0.008913030085032858,7.944210529670083e-05
2,merged_fibers_output_z_m0p015,29,-0.007643184158951044,-6.275835318092504e-08,-0.007643121400597863,0.007643121400597863,5.841730474427704e-05
2,merged_fibers_output_z_m0p015,30,-0.005884125363081694,-5.366636912640388e-08,-0.005884071696712567,0.005884071696712567,3.462229973205391e-05
2,merged_fibers_output_z_m0p015,31,-0.0039304886013269424,-4.426376065680415e-08,-0.003930444337566286,0.003930444337566286,1.544839269070688e-05
2,merged_fibers_output_z_m0p015,32,-0.002211787039414048,-3.567392070635833e-08,-0.002211751365493342,0.002211751365493342,4.891844102761662e-06
2,merged_fibers_output_z_m0p015,33,-0.0010724901221692562,-2.7802819602129603e-08,-0.001072462319349654,0.001072462319349654,1.1501754264248394e-06
2,merged_fibers_output_z_m0p015,34,-0.0005784906097687781,-2.025250012138713e-08,-0.0005784703572686567,0.0005784703572686567,3.346279542385273e-07
2,merged_fibers_output_z_m0p015,35,-0.0005064820288680494,-1.3811660259932523e-08,-0.0005064682172077895,0.0005064682172077895,2.565100550416366e-07
2,merged_fibers_output_z_m0p015,36,-0.002207110868766904,0.00013152830069884658,-0.0023386391694657505,0.0023386391694657505,5.469233164959455e-06
2,merged_fibers_output_z_m0p015,37,-0.002886297879740596,0.0001723692985251546,-0.0030586671782657504,0.0030586671782657504,9.355444907400168e-06
2,merged_fibers_output_z_m0p015,38,-0.00363929639570415,0.00021324330009520054,-0.0038525396957993507,0.0038525396957993507,1.4842062107709754e-05
2,merged_fibers_output_z_m0p015,39,-0.00421767495572567,0.0002541228896006942,-0.004471797845326364,0.004471797845326364,1.9996975969465512e-05
2,merged_fibers_output_z_m0p015,40,-0.004723180551081896,0.0002950030902866274,-0.005018183641368523,0.005018183641368523,2.518216705849865e-05
2,merged_fibers_output_z_m0p015,41,-0.005522881168872118,0.0003358829126227647,-0.005858764081494883,0.005858764081494883,3.4325116562614576e-05
2,merged_fibers_output_z_m0p015,42,-0.006893019657582045,0.0003767632006201893,-0.007269782858202234,0.007269782858202234,5.284974280541104e-05
2,merged_fibers_output_z_m0p015,43,-0.008681760169565678,0.0004176482034381479,-0.009099408373003826,0.009099408373003826,8.279923273869213e-05
2,merged_fibers_output_z_m0p015,44,-0.010286659933626652,0.0004585623973980546,-0.010745222331024706,0.010745222331024706,0.00011545980294315202
2,merged_fibers_output_z_m0p015,45,-0.01102201733738184,0.0009328235173597932,-0.011954840854741633,0.011954840854741633,0.00014291821986219964
2,merged_fibers_output_z_m0p015,46,-0.008679564110934734,0.000850923708640039,-0.009530487819574773,0.009530487819574773,9.083019807906312e-05
2,merged_fibers_output_z_m0p015,47,-0.006160079501569271,0.0007691296050325036,-0.006929209106601775,0.006929209106601775,4.8013938843012965e-05
2,merged_fibers_output_z_m0p015,48,-0.004680880811065435,0.0006873561069369316,-0.005368236918002367,0.005368236918002367,2.8817967607803552e-05
2,merged_fibers_output_z_m0p015,49,-0.004467027727514505,0.0006055852863937616,-0.005072613013908267,0.005072613013908267,2.5731402788871512e-05
2,merged_fibers_output_z_m0p015,50,-0.0047247326001524925,0.0005238162120804191,-0.005248548812232912,0.005248548812232912,2.7547264634391507e-05
2,merged_fibers_output_z_m0p015,51,-0.004419177304953337,0.0004420508921612054,-0.004861228197114542,0.004861228197114542,2.36315395844215e-05
2,merged_fibers_output_z_m0p015,52,-0.003191971220076084,0.00036030029878020287,-0.003552271518856287,0.003552271518856287,1.2618632943677552e-05
2,merged_fibers_output_z_m0p015,53,-0.001661157002672553,0.00027862010756507516,-0.0019397771102376282,0.0019397771102376282,3.7627352374018437e-06
2,merged_fibers_output_z_m0p015,54,-0.008790633641183376,-0.001207267981953919,-0.007583365659229457,0.007583365659229457,5.750743472158062e-05
2,merged_fibers_output_z_m0p015,55,-0.008761832490563393,-0.000904951011762023,-0.00785688147880137,0.00785688147880137,6.1730586571932e-05
2,merged_fibers_output_z_m0p015,56,-0.008870808407664299,-0.0006027672789059579,-0.008268041128758341,0.008268041128758341,6.83605041068395e-05
2,merged_fibers_output_z_m0p015,57,-0.009226223453879356,-0.00030065811006352305,-0.008925565343815833,0.008925565343815833,7.966571670672625e-05
2,merged_fibers_output_z_m0p015,58,-0.009824494831264019,1.4198450344338198e-06,-0.009825914676298453,0.009825914676298453,9.654859922589733e-05
2,merged_fibers_output_z_m0p015,59,-0.010544477961957455,0.0003034975961782038,-0.010847975558135659,0.010847975558135659,0.00011767857370990865
2,merged_fibers_output_z_m0p015,60,-0.011218611150979996,0.0006056110723875463,-0.011824222223367542,0.011824222223367542,0.00013981223118757886
2,merged_fibers_output_z_m0p015,61,-0.011721614748239517,0.0009077897993847728,-0.01262940454762429,0.01262940454762429,0.00015950185922755308
2,merged_fibers_output_z_m0p015,62,-0.012011363171041012,0.0012101080501452088,-0.01322147122118622,0.01322147122118622,0.00017480730125265544
2,merged_fibers_output_z_m0p015,63,-0.012023203074932098,0.0014784210361540318,-0.01350162411108613,0.01350162411108613,0.00018229385363706233
2,merged_fibers_output_z_m0p015,64,-0.00882360152900219,-0.0014475439675152302,-0.0073760575614869595,0.0073760575614869595,5.440622515036895e-05
2,merged_fibers_output_z_m0p015,65,-0.008796541020274162,-0.001166517031379044,-0.007630023988895118,0.007630023988895118,5.821726607111497e-05
2,merged_fibers_output_z_m0p015,66,-0.00876763928681612,-0.0008766594110056758,-0.007890979875810444,0.007890979875810444,6.226756340044542e-05
2,merged_fibers_output_z_m0p015,67,-0.008865785785019398,-0.0005868541193194687,-0.008278931665699929,0.008278931665699929,6.8540709525329e-05
2,merged_fibers_output_z_m0p015,68,-0.009194050915539265,-0.0002970829955302179,-0.008896967920009047,0.008896967920009047,7.91560381696701e-05
2,merged_fibers_output_z_m0p015,69,-0.009747689589858055,-7.328800165851135e-06,-0.009740360789692204,0.009740360789692204,9.487462831337334e-05
2,merged_fibers_output_z_m0p015,70,-0.010409312322735786,0.00028242490952834487,-0.010691737232264131,0.010691737232264131,0.00011431324504378306
2,merged_fibers_output_z_m0p015,71,-0.01101939007639885,0.0005721942870877683,-0.011591584363486618,0.011591584363486618,0.00013436482805582746
2,merged_fibers_output_z_m0p015,72,-0.01146382000297308,0.0008619970758445561,-0.012325817078817636,0.012325817078817636,0.0001519257666604725
2,merged_fibers_output_z_m0p015,73,-0.011712945997714996,0.0011518510291352868,-0.012864797026850283,0.012864797026850283,0.00016550300254205587
2,merged_fibers_output_z_m0p015,74,-0.01090723741799593,0.0013856400037184358,-0.012292877421714365,0.012292877421714365,0.0001511148353052948
2,merged_fibers_output_z_m0p015,75,-0.010887589305639267,0.0011223029578104615,-0.012009892263449728,0.012009892263449728,0.00014423751217966963
2,merged_fibers_output_z_m0p015,76,-0.010777897201478481,0.0008447985164821148,-0.011622695717960596,0.011622695717960596,0.00013508705575229958
2,merged_fibers_output_z_m0p015,77,-0.010525431483983994,0.0005673173000104725,-0.011092748783994466,0.011092748783994466,0.0001230490755848107
2,merged_fibers_output_z_m0p015,78,-0.010112701915204525,0.0002898557868320495,-0.010402557702036574,0.010402557702036574,0.00010821320674420046
2,merged_fibers_output_z_m0p015,79,-0.009610350243747234,1.2404960216372274e-05,-0.009622755203963607,0.009622755203963607,9.259741771540867e-05
2,merged_fibers_output_z_m0p015,80,-0.009154167026281357,-0.0002650455862749368,-0.00888912144000642,0.00888912144000642,7.901647997518181e-05
2,merged_fibers_output_z_m0p015,81,-0.008863923139870167,-0.0005425061099231243,-0.008321417029947042,0.008321417029947042,6.924598138629266e-05
2,merged_fibers_output_z_m0p015,82,-0.00876662041991949,-0.0008199859876185656,-0.007946634432300925,0.007946634432300925,6.314899880063065e-05
2,merged_fibers_output_z_m0p015,83,-0.008786552585661411,-0.001097489963285625,-0.007689062622375786,0.007689062622375786,5.9121684010816404e-05
2,merged_fibers_output_z_m0p015,84,-0.00873049721121788,-0.0013242480345070362,-0.007406249176710844,0.007406249176710844,5.4852526867530055e-05
2,merged_fibers_output_z_m0p015,85,-0.008715067990124226,-0.0010780399898067117,-0.007637028000317514,0.007637028000317514,5.8324196677633726e-05
2,merged_fibers_output_z_m0p015,86,-0.00869747158139944,-0.0008128414046950638,-0.007884630176704377,0.007884630176704377,6.216739302339729e-05
2,merged_fibers_output_z_m0p015,87,-0.008762751705944538,-0.000547654926776886,-0.008215096779167652,0.008215096779167652,6.748781509109073e-05
2,merged_fibers_output_z_m0p015,88,-0.00896398350596428,-0.0002824797120410949,-0.008681503793923184,0.008681503793923184,7.536850812390264e-05
2,merged_fibers_output_z_m0p015,89,-0.009264383465051651,-1.731134943838697e-05,-0.009247072115613264,0.009247072115613264,8.550834271135236e-05
2,merged_fibers_output_z_m0p015,90,-0.009551321156322956,0.00024785648565739393,-0.00979917764198035,0.00979917764198035,9.602388245908757e-05
2,merged_fibers_output_z_m0p015,91,-0.009714503772556782,0.0005130302160978317,-0.010227533988654613,0.010227533988654613,0.00010460245148908535
2,merged_fibers_output_z_m0p015,92,-0.009725852869451046,0.0007782144821248949,-0.01050406735157594,0.01050406735157594,0.0001103354309264436
2,merged_fibers_output_z_m0p015,93,-0.009655702859163284,0.0010434100404381752,-0.01069911289960146,0.01069911289960146,0.00011447101683841835
2,merged_fibers_output_z_m0p015,94,-0.008082689717411995,0.0012626319658011198,-0.009345321683213115,0.009345321683213115,8.73350373627332e-05
2,merged_fibers_output_z_m0p015,95,-0.008193861693143845,0.001033034990541637,-0.009226896683685482,0.009226896683685482,8.513562241140614e-05
2,merged_fibers_output_z_m0p015,96,-0.008463358506560326,0.0007801247993484139,-0.00924348330590874,0.00924348330590874,8.544198362661356e-05
2,merged_fibers_output_z_m0p015,97,-0.008746692910790443,0.0005272197886370122,-0.009273912699427456,0.009273912699427456,8.600545675660183e-05
2,merged_fibers_output_z_m0p015,98,-0.008892941288650036,0.0002743205986917019,-0.009167261887341738,0.009167261887341738,8.40386905111084e-05
2,merged_fibers_output_z_m0p015,99,-0.008854934945702553,2.142511038982775e-05,-0.00887636005609238,0.00887636005609238,7.878976784539232e-05
2,merged_fibers_output_z_m0p015,100,-0.008703144267201424,-0.00023146999592427164,-0.008471674271277152,0.008471674271277152,7.176926495861926e-05
2,merged_fibers_output_z_m0p015,101,-0.008555999957025051,-0.00048436838551424444,-0.008071631571510807,0.008071631571510807,6.515123622621002e-05
2,merged_fibers_output_z_m0p015,102,-0.008488239720463753,-0.0007372726104222238,-0.007750967110041529,0.007750967110041529,6.007749114094553e-05
2,merged_fibers_output_z_m0p015,103,-0.00849028117954731,-0.0009901829762384295,-0.00750009820330888,0.00750009820330888,5.6251473059277095e-05
2,merged_fibers_output_z_m0p015,104,-0.008045426569879055,-0.001201341045089066,-0.006844085524789989,0.006844085524789989,4.684150667063986e-05
2,merged_fibers_output_z_m0p015,105,-0.008046139031648636,-0.000987852574326098,-0.007058286457322538,0.007058286457322538,4.981940771362274e-05
2,merged_fibers_output_z_m0p015,106,-0.008047538809478283,-0.0007472187280654907,-0.007300320081412792,0.007300320081412792,5.329467329107888e-05
2,merged_fibers_output_z_m0p015,107,-0.008099247701466084,-0.00050658721011132,-0.0075926604913547635,0.0075926604913547635,5.764849333697956e-05
2,merged_fibers_output_z_m0p015,108,-0.008199498988687992,-0.0002659588062670082,-0.007933540182420984,0.007933540182420984,6.294105982608838e-05
2,merged_fibers_output_z_m0p015,109,-0.008262536488473415,-2.5332290533697233e-05,-0.008237204197939718,0.008237204197939718,6.785153299855572e-05
2,merged_fibers_output_z_m0p015,110,-0.008158841170370579,0.00021529410150833428,-0.008374135271878913,0.008374135271878913,7.012614155172652e-05
2,merged_fibers_output_z_m0p015,111,-0.007816155441105366,0.00045592221431434155,-0.008272077655419707,0.008272077655419707,6.8427268737294e-05
2,merged_fibers_output_z_m0p015,112,-0.007303626276552677,0.0006965533830225468,-0.008000179659575224,0.008000179659575224,6.400287458548115e-05
2,merged_fibers_output_z_m0p015,113,-0.00682372972369194,0.0009371878113597631,-0.0077609175350517035,0.0077609175350517035,6.023184098587301e-05
2,merged_fibers_output_z_m0p015,114,-0.005318829789757729,0.0011398099595680833,-0.006458639749325812,0.006458639749325812,4.1714027411571386e-05
2,merged_fibers_output_z_m0p015,115,-0.005513360723853111,0.0009419294074177742,-0.0064552901312708855,0.0064552901312708855,4.1670770678883286e-05
2,merged_fibers_output_z_m0p015,116,-0.006072721444070339,0.0007135649211704731,-0.006786286365240812,0.006786286365240812,4.6053682631053356e-05
2,merged_fibers_output_z_m0p015,117,-0.006755471229553223,0.00048520241398364305,-0.007240673643536866,0.007240673643536866,5.242735481220943e-05
2,merged_fibers_output_z_m0p015,118,-0.007286762818694115,0.00025684188585728407,-0.007543604704551399,0.007543604704551399,5.6905971938529996e-05
2,merged_fibers_output_z_m0p015,119,-0.007528251968324184,2.848268923116848e-05,-0.007556734657555353,0.007556734657555353,5.7104238684698214e-05
2,merged_fibers_output_z_m0p015,120,-0.007522509433329105,-0.00019987620180472732,-0.007322633231524378,0.007322633231524378,5.362095744342515e-05
2,merged_fibers_output_z_m0p015,121,-0.007415994070470333,-0.0004282357986085117,-0.006987758271861821,0.006987758271861821,4.8828765665973305e-05
2,merged_fibers_output_z_m0p015,122,-0.007335244677960873,-0.0006565966759808362,-0.0066786480019800365,0.0066786480019800365,4.460433913435193e-05
2,merged_fibers_output_z_m0p015,123,-0.007314596325159073,-0.0008849587175063789,-0.006429637607652694,0.006429637607652694,4.1340239765741855e-05
2,merged_fibers_output_z_m0p015,124,-0.006266383454203606,-0.0010785210179165006,-0.005187862436287105,0.005187862436287105,2.6913916657838777e-05
2,merged_fibers_output_z_m0p015,125,-0.006280940491706133,-0.0008957621175795794,-0.0053851783741265535,0.0053851783741265535,2.900014612116031e-05
2,merged_fibers_output_z_m0p015,126,-0.006297051440924406,-0.0006796685047447681,-0.005617382936179638,0.005617382936179638,3.155499105168217e-05
2,merged_fibers_output_z_m0p015,127,-0.006391477305442095,-0.0004635755030903965,-0.005927901802351698,0.005927901802351698,3.514001977832451e-05
2,merged_fibers_output_z_m0p015,128,-0.006562418770045042,-0.0002474831126164645,-0.0063149356574285775,0.0063149356574285775,3.98784123574629e-05
2,merged_fibers_output_z_m0p015,129,-0.006689335685223341,-3.139102045679465e-05,-0.006657944664766546,0.006657944664766546,4.432822715909332e-05
2,merged_fibers_output_z_m0p015,130,-0.006585793104022741,0.00018470120267011225,-0.006770494306692854,0.006770494306692854,4.583959315696034e-05
2,merged_fibers_output_z_m0p015,131,-0.006140929646790028,0.00040079408790916204,-0.00654172373469919,0.00654172373469919,4.2794149421126714e-05
2,merged_fibers_output_z_m0p015,132,-0.0054417988285422325,0.0006168882246129215,-0.006058687053155154,0.006058687053155154,3.670768880806988e-05
2,merged_fibers_output_z_m0p015,133,-0.004768106155097485,0.0008329838747158647,-0.005601090029813349,0.005601090029813349,3.1372209522074506e-05
2,merged_fibers_output_z_m0p015,134,-0.003963146358728409,0.0010170229943469167,-0.0049801693530753255,0.0049801693530753255,2.4802086785310706e-05
2,merged_fibers_output_z_m0p015,135,-0.004715194925665855,0.0006450567743740976,-0.005360251700039953,0.005360251700039953,2.8732298287781206e-05
2,merged_fibers_output_z_m0p015,136,-0.005367383826524019,0.0004412299022078514,-0.005808613728731871,0.005808613728731871,3.3739993449612366e-05
2,merged_fibers_output_z_m0p015,137,-0.005770331248641014,0.00023740380129311234,-0.0060077350499341264,0.0060077350499341264,3.6092880430207004e-05
2,merged_fibers_output_z_m0p015,138,-0.005786653142422438,3.357815876370296e-05,-0.005820231301186141,0.005820231301186141,3.387509239930692e-05
2,merged_fibers_output_z_m0p015,139,-0.005522943567484617,-0.00017024729459080845,-0.005352696272893809,0.005352696272893809,2.865135738985127e-05
2,merged_fibers_output_z_m0p015,140,-0.005209619179368019,-0.0003740728134289384,-0.004835546365939081,0.004835546365939081,2.338250865714665e-05
2,merged_fibers_output_z_m0p015,141,-0.005019837059080601,-0.0005778985214419663,-0.0044419385376386344,0.0044419385376386344,1.973081797215925e-05
2,merged_fibers_output_z_m0p015,142,-0.004972164519131184,-0.0007817244040779769,-0.004190440115053207,0.004190440115053207,1.7559788357847132e-05
2,merged_fibers_output_z_m0p015,143,-0.003450712189078331,-0.0009557188022881746,-0.0024949933867901564,0.0024949933867901564,6.224992000126615e-06
2,merged_fibers_output_z_m0p015,144,-0.003486765082925558,-0.000610163901001215,-0.002876601181924343,0.002876601181924343,8.274834359848528e-06
2,merged_fibers_output_z_m0p015,145,-0.003676279680803418,-0.00041860470082610846,-0.0032576749799773097,0.0032576749799773097,1.0612446275170165e-05
2,merged_fibers_output_z_m0p015,146,-0.0041148425079882145,-0.00022704570437781513,-0.0038877968036103994,0.0038877968036103994,1.5114963986163237e-05
2,merged_fibers_output_z_m0p015,147,-0.004679798148572445,-3.548671884345822e-05,-0.004644311429728987,0.004644311429728987,2.1569628656311303e-05
2,merged_fibers_output_z_m0p015,148,-0.005090272985398769,0.00015607220120728016,-0.0052463451866060495,0.0052463451866060495,2.7524137817024465e-05
2,merged_fibers_output_z_m0p015,149,-0.005103107541799545,0.0003476314013823867,-0.005450738943181932,0.005450738943181932,2.9710555026720085e-05
2,merged_fibers_output_z_m0p015,150,-0.004712703637778759,0.000539190776180476,-0.005251894413959235,0.005251894413959235,2.7582394935376216e-05
2,merged_fibers_output_z_m0p015,151,-0.004186572507023811,0.0007307502091862261,-0.0049173227162100375,0.0049173227162100375,2.418006269535526e-05
2,merged_fibers_output_z_m0p015,152,-0.004071211442351341,0.0008942338754422963,-0.0049654453177936375,0.0049654453177936375,2.4655647203998758e-05
2,merged_fibers_output_z_m0p015,153,-0.004539093002676964,0.0005745879025198519,-0.005113680905196816,0.005113680905196816,2.6149732400174525e-05
2,merged_fibers_output_z_m0p015,154,-0.004799257963895798,0.00039529570494778454,-0.005194553668843582,0.005194553668843582,2.698338781849632e-05
2,merged_fibers_output_z_m0p015,155,-0.004632582888007164,0.00021600349282380193,-0.004848586380830966,0.004848586380830966,2.3508789892379524e-05
2,merged_fibers_output_z_m0p015,156,-0.003981316462159157,3.671125159598887e-05,-0.004018027713755146,0.004018027713755146,1.6144546708504402e-05
2,merged_fibers_output_z_m0p015,157,-0.003097620327025652,-0.00014258110604714602,-0.002955039220978506,0.002955039220978506,8.732256797521255e-06
2,merged_fibers_output_z_m0p015,158,-0.0023495694622397423,-0.00032187349279411137,-0.002027695969445631,0.002027695969445631,4.111550944506057e-06
2,merged_fibers_output_z_m0p015,159,-0.0019585283007472754,-0.0005011662724427879,-0.0014573620283044875,0.0014573620283044875,2.1239040815437697e-06
2,merged_fibers_output_z_m0p015,160,-0.0018785527208819985,-0.0006804593722335994,-0.0011980933486483991,0.0011980933486483991,1.4354276720755344e-06
2,merged_fibers_output_z_m0p015,161,-0.0003486436326056719,-0.0008329299162141979,0.000484286283608526,0.000484286283608526,2.3453320449135767e-07
2,merged_fibers_output_z_m0p015,162,-0.00036242464557290077,-0.0005386985139921308,0.00017627386841922998,0.00017627386841922998,3.1072476687480006e-08
2,merged_fibers_output_z_m0p015,163,-0.0006571389967575669,-0.00037167189293541014,-0.0002854671038221568,0.0002854671038221568,8.149146736461004e-08
2,merged_fibers_output_z_m0p015,164,-0.0014441118109971285,-0.00020464579574763775,-0.0012394660152494907,0.0012394660152494907,1.5362760029584508e-06
2,merged_fibers_output_z_m0p015,165,-0.0026223615277558565,-3.762004052987322e-05,-0.0025847414872259833,0.0025847414872259833,6.680888555787188e-06
2,merged_fibers_output_z_m0p015,166,-0.0038010019343346357,0.00012940559827256948,-0.003930407532607205,0.003930407532607205,1.544810337237546e-05
2,merged_fibers_output_z_m0p015,167,-0.00455562025308609,0.0002964310988318175,-0.004852051351917908,0.004852051351917908,2.3542402321648394e-05
2,merged_fibers_output_z_m0p015,168,-0.004728644620627165,0.00046345649752765894,-0.005192101118154824,0.005192101118154824,2.695791402114457e-05
2,merged_fibers_output_z_m0p015,169,-0.00452905148267746,0.000630481808912009,-0.005159533291589469,0.005159533291589469,2.6620783787020058e-05
2,merged_fibers_output_z_m0p015,170,-0.004524865187704563,0.000771452090702951,-0.005296317278407514,0.005296317278407514,2.8050976713557977e-05
2,merged_fibers_output_z_m0p015,171,-0.004741614684462547,0.0005021578981541097,-0.005243772582616657,0.005243772582616657,2.7497150898202165e-05
2,merged_fibers_output_z_m0p015,172,-0.004611624870449305,0.00034739880356937647,-0.004959023674018681,0.004959023674018681,2.4591915799477738e-05
2,merged_fibers_output_z_m0p015,173,-0.0038588717579841614,0.0001926397962961346,-0.004051511554280296,0.004051511554280296,1.641474587446674e-05
2,merged_fibers_output_z_m0p015,174,-0.0025024311617016792,3.7880810850765556e-05,-0.002540311972552445,0.002540311972552445,6.453184917893293e-06
2,merged_fibers_output_z_m0p015,175,-0.000949634239077568,-0.00011687829828588292,-0.0008327559407916851,0.0008327559407916851,6.934824569238445e-07
2,merged_fibers_output_z_m0p015,176,0.00027634052094072104,-0.0002716378076002002,0.0005479783285409212,0.0005479783285409212,3.002802485505018e-07
2,merged_fibers_output_z_m0p015,177,0.0008920409018173814,-0.00042639789171516895,0.0013184387935325503,0.0013184387935325503,1.7382808522915669e-06
2,merged_fibers_output_z_m0p015,178,0.001007015467621386,-0.0005811583832837641,0.0015881738509051502,0.0015881738509051502,2.522296180698894e-06
2,merged_fibers_output_z_m0p015,179,0.002036488614976406,-0.0007101328228600323,0.0027466214378364384,0.0027466214378364384,7.543929322782704e-06
2,merged_fibers_output_z_m0p015,180,0.0020618049893528223,-0.0004652724019251764,0.0025270773912779987,0.0025270773912779987,6.386120141508415e-06
2,merged_fibers_output_z_m0p015,181,0.001699561718851328,-0.00032277809805236757,0.0020223398169036955,0.0020223398169036955,4.0898583350340725e-06
2,merged_fibers_output_z_m0p015,182,0.0006499257870018482,-0.00018028459453489631,0.0008302103815367445,0.0008302103815367445,6.892492776113869e-07
2,merged_fibers_output_z_m0p015,183,-0.0010036334861069918,-3.779173857765272e-05,-0.000965841747529339,0.000965841747529339,9.328502812705275e-07
2,merged_fibers_output_z_m0p015,184,-0.0027708259876817465,0.00010470079723745584,-0.0028755267849192023,0.0028755267849192023,8.268654290787764e-06
2,merged_fibers_output_z_m0p015,185,-0.004068942274898291,0.00024719341308809817,-0.004316135687986389,0.004316135687986389,1.8629027277109737e-05
2,merged_fibers_output_z_m0p015,186,-0.0046196505427360535,0.00038968640728853643,-0.00500933695002459,0.00500933695002459,2.509345667888166e-05
2,merged_fibers_output_z_m0p015,187,-0.004608067683875561,0.0005321800126694143,-0.005140247696544975,0.005140247696544975,2.6422146381835922e-05
2,merged_fibers_output_z_m0p015,188,-0.004080922808498144,0.0006486846250481904,-0.0047296074335463345,0.0047296074335463345,2.2369186475456745e-05
2,merged_fibers_output_z_m0p015,189,-0.0043366458266973495,0.0004277692933101207,-0.00476441512000747,0.00476441512000747,2.2699651435755796e-05
2,merged_fibers_output_z_m0p015,190,-0.00417017238214612,0.00029754071147181094,-0.004467713093617931,0.004467713093617931,1.9960460286885103e-05
2,merged_fibers_output_z_m0p015,191,-0.003246077336370945,0.00016731349751353264,-0.0034133908338844776,0.0034133908338844776,1.165123698484657e-05
2,merged_fibers_output_z_m0p015,192,-0.001575483474880457,3.708713120431639e-05,-0.0016125706060847733,0.0016125706060847733,2.600383959608613e-06
2,merged_fibers_output_z_m0p015,193,0.0003494658158160746,-9.313911141362041e-05,0.000442604927229695,0.000442604927229695,1.9589912160800363e-07
2,merged_fibers_output_z_m0p015,194,0.0018813146743923426,-0.00022336610709317029,0.002104680781485513,0.002104680781485513,4.429681191954469e-06
2,merged_fibers_output_z_m0p015,195,0.0026578670367598534,-0.0003535946016199887,0.003011461638379842,0.003011461638379842,9.068901199433403e-06
2,merged_fibers_output_z_m0p015,196,0.002803525887429714,-0.0004838246095459908,0.003287350496975705,0.003287350496975705,1.0806673289966414e-05
2,merged_fibers_output_z_m0p015,197,0.003125124843791127,-0.0005873574991710484,0.0037124823429621756,0.0037124823429621756,1.3782525146805925e-05
2,merged_fibers_output_z_m0p015,198,0.0031868836376816034,-0.00038989228778518736,0.003576775925466791,0.003576775925466791,1.2793326020998817e-05
2,merged_fibers_output_z_m0p015,199,0.0028143469244241714,-0.00027192579000256956,0.003086272714426741,0.003086272714426741,9.525079267815003e-06
2,merged_fibers_output_z_m0p015,200,0.0016813749680295587,-0.00015396240632981062,0.0018353373743593693,0.0018353373743593693,3.3684632777203436e-06
2,merged_fibers_output_z_m0p015,201,-0.00012038167915306985,-3.600136915338226e-05,-8.43803099996876e-05,8.43803099996876e-05,7.120036715643379e-09
2,merged_fibers_output_z_m0p015,202,-0.0020278566516935825,8.195891859941185e-05,-0.0021098155702929944,0.0021098155702929944,4.451321740650753e-06
2,merged_fibers_output_z_m0p015,203,-0.0033699250780045986,0.00019992029410786927,-0.003569845372112468,0.003569845372112468,1.2743795980792803e-05
2,merged_fibers_output_z_m0p015,204,-0.0038358159363269806,0.0003178842016495764,-0.004153700137976557,0.004153700137976557,1.725322483622647e-05
2,merged_fibers_output_z_m0p015,205,-0.0036689527332782745,0.00043585090315900743,-0.004104803636437282,0.004104803636437282,1.6849412893708733e-05
2,merged_fibers_output_z_m0p015,206,-0.002461901865899563,0.0005259520839899778,-0.0029878539498895407,0.0029878539498895407,8.92727122587053e-06
2,merged_fibers_output_z_m0p015,207,-0.0030346389394253492,0.0003514353884384036,-0.003386074327863753,0.003386074327863753,1.1465499353817966e-05
2,merged_fibers_output_z_m0p015,208,-0.003236631862819195,0.0002457287919241935,-0.0034823606547433883,0.0034823606547433883,1.21268357297048e-05
2,merged_fibers_output_z_m0p015,209,-0.002646445296704769,0.00014002789976075292,-0.002786473196465522,0.002786473196465522,7.764432874620784e-06
2,merged_fibers_output_z_m0p015,210,-0.0011682752519845963,3.433120946283452e-05,-0.0012026064614474308,0.0012026064614474308,1.446262301115111e-06
2,merged_fibers_output_z_m0p015,211,0.0007187922019511461,-7.136441126931459e-05,0.0007901566132204607,0.0007901566132204607,6.243474734160287e-07
2,merged_fibers_output_z_m0p015,212,0.0023016801569610834,-0.0001770624949131161,0.0024787426518741995,0.0024787426518741995,6.144165134220339e-06
2,merged_fibers_output_z_m0p015,213,0.0031354071106761694,-0.00028276589000597596,0.0034181730006821454,0.0034181730006821454,1.1683906662592382e-05
2,merged_fibers_output_z_m0p015,214,0.003301596036180854,-0.00038847530959174037,0.003690071345772594,0.003690071345772594,1.3616626536891965e-05
2,merged_fibers_output_z_m0p015,215,0.003130286931991577,-0.0004646620946004987,0.003594949026592076,0.003594949026592076,1.2923658503795313e-05
2,merged_fibers_output_z_m0p015,216,0.003210451453924179,-0.0003125884977634996,0.0035230399516876787,0.0035230399516876787,1.241181050118752e-05
2,merged_fibers_output_z_m0p015,217,0.002867975505068898,-0.0002191324019804597,0.003087107907049358,0.003087107907049358,9.530235229766667e-06
2,merged_fibers_output_z_m0p015,218,0.0017955241492018104,-0.00012568759848363698,0.0019212117476854473,0.0019212117476854473,3.691054579444571e-06
2,merged_fibers_output_z_m0p015,219,0.00011275842553004622,-3.2251118682324886e-05,0.0001450095442123711,0.0001450095442123711,2.1027767912679612e-08
2,merged_fibers_output_z_m0p015,220,-0.0015743233961984515,6.118285818956792e-05,-0.0016355062543880194,0.0016355062543880194,2.674880708142329e-06
2,merged_fibers_output_z_m0p015,221,-0.0025708400644361973,0.00015462130249943584,-0.002725461366935633,0.002725461366935633,7.42813966265865e-06
2,merged_fibers_output_z_m0p015,222,-0.002603498287498951,0.00024806929286569357,-0.0028515675803646445,0.0028515675803646445,8.131437665386673e-06
2,merged_fibers_output_z_m0p015,223,-0.002026687143370509,0.0003415280079934746,-0.0023682151513639838,0.0023682151513639838,5.6084430031499365e-06
2,merged_fibers_output_z_m0p015,224,-0.0005890527972951531,0.0004033820878248662,-0.0009924348851200193,0.0009924348851200193,9.84927001203186e-07
2,merged_fibers_output_z_m0p015,225,-0.0015023713931441307,0.0002732237917371094,-0.0017755951848812401,0.0017755951848812401,3.1527382605734453e-06
2,merged_fibers_output_z_m0p015,226,-0.002192962449043989,0.0001920023059938103,-0.0023849647550377995,0.0023849647550377995,5.688056882772511e-06
2,merged_fibers_output_z_m0p015,227,-0.0021288185380399227,0.00011080170224886388,-0.0022396202402887866,0.0022396202402887866,5.015898820711202e-06
2,merged_fibers_output_z_m0p015,228,-0.0010745107429102063,2.961704012705013e-05,-0.0011041277830372564,0.0011041277830372564,1.2190981612747668e-06
2,merged_fibers_output_z_m0p015,229,0.000559298787266016,-5.1562779844971374e-05,0.0006108615671109874,0.0006108615671109874,3.731518541732913e-07
2,merged_fibers_output_z_m0p015,230,0.0020438791252672672,-0.00013275089440867305,0.0021766300196759403,0.0021766300196759403,4.737718242554484e-06
2,merged_fibers_output_z_m0p015,231,0.0028679100796580315,-0.0002139571006409824,0.003081867180299014,0.003081867180299014,9.497905317004194e-06
2,merged_fibers_output_z_m0p015,232,0.0030466692987829447,-0.0002951835922431201,0.0033418528910260648,0.0033418528910260648,1.1167980745259266e-05
2,merged_fibers_output_z_m0p015,233,0.002813976490870118,-0.0003423085145186633,0.0031562850053887814,0.0031562850053887814,9.96213503524206e-06
2,merged_fibers_output_z_m0p015,234,0.0028932890854775906,-0.00023351020354311913,0.0031267992890207097,0.0031267992890207097,9.776873793820415e-06
2,merged_fibers_output_z_m0p015,235,0.002587861381471157,-0.0001644891017349437,0.0027523504832061008,0.0027523504832061008,7.575433182404856e-06
2,merged_fibers_output_z_m0p015,236,0.001604566932655871,-9.550635877531022e-05,0.0017000732914311811,0.0017000732914311811,2.8902491962376495e-06
2,merged_fibers_output_z_m0p015,237,8.048187009990215e-05,-2.65535491053015e-05,0.00010703541920520365,0.00010703541920520365,1.1456580964433679e-08
2,merged_fibers_output_z_m0p015,238,-0.0013634382048621774,4.238983092363924e-05,-0.0014058280357858166,0.0014058280357858166,1.976352466201407e-06
2,merged_fibers_output_z_m0p015,239,-0.0020327973179519176,0.0001113480975618586,-0.0021441454155137762,0.0021441454155137762,4.597359562868744e-06
2,merged_fibers_output_z_m0p015,240,-0.0016899069305509329,0.00018033980450127274,-0.0018702467350522056,0.0018702467350522056,3.497822849973435e-06
2,merged_fibers_output_z_m0p015,241,-0.0007678614347241819,0.0002493695938028395,-0.0010172310285270214,0.0010172310285270214,1.0347589653981418e-06
2,merged_fibers_output_z_m0p015,242,-3.2924406696110964e-05,0.0003484426124487072,-0.0003813670191448182,0.0003813670191448182,1.4544080329140412e-07
2,merged_fibers_output_z_m0p015,243,-0.008769181556999683,-0.013849269598722458,0.0050800880417227745,0.0050800880417227745,2.5807294511654734e-05
2,merged_fibers_output_z_m0p015,244,-0.008927226066589355,-0.012737199664115906,0.0038099735975265503,0.0038099735975265503,1.4515898813849404e-05
2,merged_fibers_output_z_m0p015,245,-0.009283436462283134,-0.01164065022021532,0.002357213757932186,0.002357213757932186,5.556456700584779e-06
2,merged_fibers_output_z_m0p015,246,-0.008830522187054157,-0.010539139620959759,0.0017086174339056015,0.0017086174339056015,2.9193735354461625e-06
2,merged_fibers_output_z_m0p015,247,-0.007095202803611755,-0.009472317062318325,0.0023771142587065697,0.0023771142587065697,5.650672198946084e-06
2,merged_fibers_output_z_m0p015,248,-0.005093108396977186,-0.007420921232551336,0.00232781283557415,0.00232781283557415,5.418712597463765e-06
2,merged_fibers_output_z_m0p015,249,-0.005614673253148794,-0.006458266172558069,0.0008435929194092751,0.0008435929194092751,7.116490136774636e-07
2,merged_fibers_output_z_m0p015,250,-0.004792920779436827,-0.0055508920922875404,0.0007579713128507137,0.0007579713128507137,5.745205111046345e-07
2,merged_fibers_output_z_m0p015,251,-0.0024287221021950245,-0.004667848814278841,0.0022391267120838165,0.0022391267120838165,5.013688432767283e-06
2,merged_fibers_output_z_m0p015,252,-0.00036787986755371094,-0.0038430551066994667,0.0034751752391457558,0.0034751752391457558,1.207684294277176e-05
2,merged_fibers_output_z_m0p015,253,0.002074526622891426,-0.0023956019431352615,0.004470128566026688,0.004470128566026688,1.998204939680781e-05
2,merged_fibers_output_z_m0p015,254,0.001821611076593399,-0.0018140330212190747,0.0036356440978124738,0.0036356440978124738,1.3217908005958676e-05
2,merged_fibers_output_z_m0p015,255,-0.0006967503577470779,-0.0012956639984622598,0.0005989136407151818,0.0005989136407151818,3.586975490347139e-07
2,merged_fibers_output_z_m0p015,256,-0.0029550353065133095,-0.0008388857240788639,-0.0021161495824344456,0.0021161495824344456,4.4780890552374786e-06
2,merged_fibers_output_z_m0p015,257,-0.0022225650027394295,-0.00046322960406541824,-0.0017593353986740112,0.0017593353986740112,3.095261045027442e-06
3,merged_fibers_output_z_m0p020,0,-0.008812379091978073,-0.0013859870377928019,-0.007426392054185271,0.007426392054185271,5.515129894246613e-05
3,merged_fibers_output_z_m0p020,1,-0.00850255973637104,-0.0012630850542336702,-0.00723947468213737,0.00723947468213737,5.2409993673307976e-05
3,merged_fibers_output_z_m0p020,2,-0.007312949746847153,-0.0011403559474274516,-0.006172593799419701,0.006172593799419701,3.810091421263454e-05
3,merged_fibers_output_z_m0p020,3,-0.004967554938048124,-0.0010176709620282054,-0.003949883976019919,0.003949883976019919,1.5601583424018923e-05
3,merged_fibers_output_z_m0p020,4,-0.0018878747941926122,-0.0008949994808062911,-0.000992875313386321,0.000992875313386321,9.858013879319853e-07
3,merged_fibers_output_z_m0p020,5,0.0009710640297271311,-0.0007723227026872337,0.0017433867324143648,0.0017433867324143648,3.039397298758436e-06
3,merged_fibers_output_z_m0p020,6,0.0027402318082749844,-0.0006496664718724787,0.003389898280147463,0.003389898280147463,1.1491410349746728e-05
3,merged_fibers_output_z_m0p020,7,0.0032217411790043116,-0.0005270388210192323,0.003748780000023544,0.003748780000023544,1.4053351488576521e-05
3,merged_fibers_output_z_m0p020,8,0.0029640477150678635,-0.00040456769056618214,0.0033686154056340456,0.0033686154056340456,1.1347569751075026e-05
3,merged_fibers_output_z_m0p020,9,-0.008767843246459961,-0.0009264255058951676,-0.007841417740564793,0.007841417740564793,6.148783218204427e-05
3,merged_fibers_output_z_m0p020,10,-0.008500882424414158,-0.0008445210987702012,-0.007656361325643957,0.007656361325643957,5.8619868748816485e-05
3,merged_fibers_output_z_m0p020,11,-0.007366702891886234,-0.0007627098239026964,-0.006603993067983538,0.006603993067983538,4.361272444197462e-05
3,merged_fibers_output_z_m0p020,12,-0.005056662019342184,-0.0006809188053011894,-0.004375743214040995,0.004375743214040995,1.9147128675225814e-05
3,merged_fibers_output_z_m0p020,13,-0.001968431519344449,-0.0005991326761431992,-0.0013692988432012498,0.0013692988432012498,1.874979321992281e-06
3,merged_fibers_output_z_m0p020,14,0.0009399158880114555,-0.0005173480021767318,0.0014572638901881874,0.0014572638901881874,2.1236180456464094e-06
3,merged_fibers_output_z_m0p020,15,0.0027713975869119167,-0.0004355667042545974,0.003206964291166514,0.003206964291166514,1.0284619964817143e-05
3,merged_fibers_output_z_m0p020,16,0.003295723581686616,-0.0003538031887728721,0.003649526770459488,0.003649526770459488,1.331904564830046e-05
3,merged_fibers_output_z_m0p020,17,0.0030473656952381134,-0.00027212078566662967,0.003319486480904743,0.003319486480904743,1.1018990496909354e-05
3,merged_fibers_output_z_m0p020,18,0.0020649805665016174,-0.00013318669516593218,0.0021981672616675496,0.0021981672616675496,4.8319393102670135e-06
3,merged_fibers_output_z_m0p020,19,0.0022888523526489735,-0.00017404320533387363,0.002462895557982847,0.002462895557982847,6.06585452953164e-06
3,merged_fibers_output_z_m0p020,20,0.0018680891953408718,-0.0002149327046936378,0.0020830219000345096,0.0020830219000345096,4.338980236023378e-06
3,merged_fibers_output_z_m0p020,21,0.00029053795151412487,-0.00025582819944247603,0.0005463661509566009,0.0005463661509566009,2.985159709111312e-07
3,merged_fibers_output_z_m0p020,22,-0.0022991786245256662,-0.00029672510572709143,-0.002002453518798575,0.002002453518798575,4.009820094948794e-06
3,merged_fibers_output_z_m0p020,23,-0.0051409536972641945,-0.00033762300154194236,-0.004803330695722252,0.004803330695722252,2.3071985772467615e-05
3,merged_fibers_output_z_m0p020,24,-0.007366199046373367,-0.0003785215085372329,-0.0069876775378361344,0.0069876775378361344,4.882763737277966e-05
3,merged_fibers_output_z_m0p020,25,-0.00855812057852745,-0.0004194251087028533,-0.008138695469824597,0.008138695469824597,6.623836395054342e-05
3,merged_fibers_output_z_m0p020,26,-0.008922548964619637,-0.0004603606939781457,-0.00846218827064149,0.00846218827064149,7.160863032778242e-05
3,merged_fibers_output_z_m0p020,27,-0.009619355201721191,-8.089727998594753e-08,-0.009619274304441205,0.009619274304441205,9.253043814408283e-05
3,merged_fibers_output_z_m0p020,28,-0.008913101628422737,-7.15433898790252e-08,-0.008913030085032858,0.008913030085032858,7.944210529670083e-05
3,merged_fibers_output_z_m0p020,29,-0.007643180433660746,-6.275835318092504e-08,-0.007643117675307565,0.007643117675307565,5.8417247798598914e-05
3,merged_fibers_output_z_m0p020,30,-0.005884118378162384,-5.366636912640388e-08,-0.005884064711793258,0.005884064711793258,3.462221753257067e-05
3,merged_fibers_output_z_m0p020,31,-0.0039304811507463455,-4.426376065680415e-08,-0.003930436886985689,0.003930436886985689,1.5448334122577752e-05
3,merged_fibers_output_z_m0p020,32,-0.0022117802873253822,-3.567392070635833e-08,-0.002211744613404676,0.002211744613404676,4.891814234924599e-06
3,merged_fibers_output_z_m0p020,33,-0.0010724843014031649,-2.7802819602129603e-08,-0.0010724564985835627,0.0010724564985835627,1.1501629413541152e-06
3,merged_fibers_output_z_m0p020,34,-0.0005784854292869568,-2.025250012138713e-08,-0.0005784651767868354,0.0005784651767868354,3.346219607550247e-07
3,merged_fibers_output_z_m0p020,35,-0.000506476906593889,-1.3811660259932523e-08,-0.0005064630949336291,0.0005064630949336291,2.5650486652975015e-07
3,merged_fibers_output_z_m0p020,36,-0.0022071055136621,0.00013152830069884658,-0.0023386338143609464,0.0023386338143609464,5.46920811767243e-06
3,merged_fibers_output_z_m0p020,37,-0.0028862948529422283,0.0001723692985251546,-0.003058664151467383,0.003058664151467383,9.355426391471685e-06
3,merged_fibers_output_z_m0p020,38,-0.0036392949987202883,0.00021324330009520054,-0.003852538298815489,0.003852538298815489,1.484205134384014e-05
3,merged_fibers_output_z_m0p020,39,-0.004217673558741808,0.0002541228896006942,-0.004471796448342502,0.004471796448342502,1.9996963475408616e-05
3,merged_fibers_output_z_m0p020,40,-0.004723178222775459,0.0002950030902866274,-0.005018181313062087,0.005018181313062087,2.5182143690765528e-05
3,merged_fibers_output_z_m0p020,41,-0.005522876977920532,0.0003358829126227647,-0.005858759890543297,0.005858759890543297,3.4325067455038904e-05
3,merged_fibers_output_z_m0p020,42,-0.0068930163979530334,0.0003767632006201893,-0.007269779598573223,0.007269779598573223,5.284969541183145e-05
3,merged_fibers_output_z_m0p020,43,-0.008681758306920528,0.0004176482034381479,-0.009099406510358676,0.009099406510358676,8.279919884075787e-05
3,merged_fibers_output_z_m0p020,44,-0.010286660864949226,0.0004585623973980546,-0.010745223262347281,0.010745223262347281,0.00011545982295768914
3,merged_fibers_output_z_m0p020,45,-0.011022012680768967,0.0009328235173597932,-0.01195483619812876,0.01195483619812876,0.0001429181085240897
3,merged_fibers_output_z_m0p020,46,-0.008679559454321861,0.000850923708640039,-0.0095304831629619,0.0095304831629619,9.083010931950027e-05
3,merged_fibers_output_z_m0p020,47,-0.006160073913633823,0.0007691296050325036,-0.006929203518666327,0.006929203518666327,4.801386140309781e-05
3,merged_fibers_output_z_m0p020,48,-0.004680877551436424,0.0006873561069369316,-0.005368233658373356,0.005368233658373356,2.8817932610892584e-05
3,merged_fibers_output_z_m0p020,49,-0.004467027727514505,0.0006055852863937616,-0.005072613013908267,0.005072613013908267,2.5731402788871512e-05
3,merged_fibers_output_z_m0p020,50,-0.004724735394120216,0.0005238162120804191,-0.005248551606200635,0.005248551606200635,2.754729396295127e-05
3,merged_fibers_output_z_m0p020,51,-0.004419179633259773,0.0004420508921612054,-0.004861230525420979,0.004861230525420979,2.3631562221284723e-05
3,merged_fibers_output_z_m0p020,52,-0.003191970754414797,0.00036030029878020287,-0.0035522710531949997,0.0035522710531949997,1.2618629635367112e-05
3,merged_fibers_output_z_m0p020,53,-0.0016611528117209673,0.00027862010756507516,-0.0019397729192860425,0.0019397729192860425,3.7627189783954954e-06
3,merged_fibers_output_z_m0p020,54,-0.008790621533989906,-0.001207267981953919,-0.007583353552035987,0.007583353552035987,5.750725109517683e-05
3,merged_fibers_output_z_m0p020,55,-0.00876182597130537,-0.000904951011762023,-0.007856874959543347,0.007856874959543347,6.173048412989928e-05
3,merged_fibers_output_z_m0p020,56,-0.008870807476341724,-0.0006027672789059579,-0.008268040197435766,0.008268040197435766,6.836048870641366e-05
3,merged_fibers_output_z_m0p020,57,-0.00922622811049223,-0.00030065811006352305,-0.008925570000428706,0.008925570000428706,7.96657998325529e-05
3,merged_fibers_output_z_m0p020,58,-0.009824500419199467,1.4198450344338198e-06,-0.0098259202642339,0.0098259202642339,9.654870903908241e-05
3,merged_fibers_output_z_m0p020,59,-0.010544481687247753,0.0003034975961782038,-0.010847979283425957,0.010847979283425957,0.00011767865453363874
3,merged_fibers_output_z_m0p020,60,-0.011218613013625145,0.0006056110723875463,-0.011824224086012691,0.011824224086012691,0.00013981227523624266
3,merged_fibers_output_z_m0p020,61,-0.011721611954271793,0.0009077897993847728,-0.012629401753656566,0.012629401753656566,0.00015950178865526353
3,merged_fibers_output_z_m0p020,62,-0.01201135665178299,0.0012101080501452088,-0.013221464701928198,0.013221464701928198,0.0001748071288643333
3,merged_fibers_output_z_m0p020,63,-0.012023195624351501,0.0014784210361540318,-0.013501616660505533,0.013501616660505533,0.0001822936524472406
3,merged_fibers_output_z_m0p020,64,-0.008823588490486145,-0.0014475439675152302,-0.007376044522970915,0.007376044522970915,5.440603280484923e-05
3,merged_fibers_output_z_m0p020,65,-0.008796530775725842,-0.001166517031379044,-0.0076300137443467975,0.0076300137443467975,5.8217109738921036e-05
3,merged_fibers_output_z_m0p020,66,-0.008767632767558098,-0.0008766594110056758,-0.007890973356552422,0.007890973356552422,6.22674605138202e-05
3,merged_fibers_output_z_m0p020,67,-0.008865783922374249,-0.0005868541193194687,-0.00827892980305478,0.00827892980305478,6.854067868390865e-05
3,merged_fibers_output_z_m0p020,68,-0.009194053709506989,-0.0002970829955302179,-0.00889697071397677,0.00889697071397677,7.915608788536032e-05
3,merged_fibers_output_z_m0p020,69,-0.009747695177793503,-7.328800165851135e-06,-0.009740366377627652,0.009740366377627652,9.487473717041922e-05
3,merged_fibers_output_z_m0p020,70,-0.01040931697934866,0.00028242490952834487,-0.010691741888877004,0.010691741888877004,0.00011431334461836721
3,merged_fibers_output_z_m0p020,71,-0.011019391007721424,0.0005721942870877683,-0.011591585294809192,0.011591585294809192,0.0001343648496468367
3,merged_fibers_output_z_m0p020,72,-0.011463817209005356,0.0008619970758445561,-0.012325814284849912,0.012325814284849912,0.00015192569778461014
3,merged_fibers_output_z_m0p020,73,-0.011712940409779549,0.0011518510291352868,-0.012864791438914835,0.012864791438914835,0.00016550285876677643
3,merged_fibers_output_z_m0p020,74,-0.010907230898737907,0.0013856400037184358,-0.012292870902456343,0.012292870902456343,0.00015111467502445782
3,merged_fibers_output_z_m0p020,75,-0.01088758371770382,0.0011223029578104615,-0.01200988667551428,0.01200988667551428,0.00014423737795869545
3,merged_fibers_output_z_m0p020,76,-0.010777893476188183,0.0008447985164821148,-0.011622691992670298,0.011622691992670298,0.00013508696915648225
3,merged_fibers_output_z_m0p020,77,-0.010525431483983994,0.0005673173000104725,-0.011092748783994466,0.011092748783994466,0.0001230490755848107
3,merged_fibers_output_z_m0p020,78,-0.010112704709172249,0.0002898557868320495,-0.010402560496004298,0.010402560496004298,0.00010821326487302919
3,merged_fibers_output_z_m0p020,79,-0.009610353969037533,1.2404960216372274e-05,-0.009622758929253905,0.009622758929253905,9.259748941053576e-05
3,merged_fibers_output_z_m0p020,80,-0.009154168888926506,-0.0002650455862749368,-0.00888912330265157,0.00888912330265157,7.901651308974314e-05
3,merged_fibers_output_z_m0p020,81,-0.008863922208547592,-0.0005425061099231243,-0.008321416098624468,0.008321416098624468,6.924596588644646e-05
3,merged_fibers_output_z_m0p020,82,-0.008766613900661469,-0.0008199859876185656,-0.007946627913042903,0.007946627913042903,6.31488951883526e-05
3,merged_fibers_output_z_m0p020,83,-0.008786541409790516,-0.001097489963285625,-0.007689051446504891,0.007689051446504891,5.9121512146998955e-05
3,merged_fibers_output_z_m0p020,84,-0.00873048696666956,-0.0013242480345070362,-0.007406238932162523,0.007406238932162523,5.485237512027987e-05
3,merged_fibers_output_z_m0p020,85,-0.00871505867689848,-0.0010780399898067117,-0.007637018687091768,0.007637018687091768,5.832405442698887e-05
3,merged_fibers_output_z_m0p020,86,-0.008697465062141418,-0.0008128414046950638,-0.007884623657446355,0.007884623657446355,6.216729021956273e-05
3,merged_fibers_output_z_m0p020,87,-0.008762749843299389,-0.000547654926776886,-0.008215094916522503,0.008215094916522503,6.748778448747387e-05
3,merged_fibers_output_z_m0p020,88,-0.008963982574641705,-0.0002824797120410949,-0.00868150286260061,0.00868150286260061,7.536849195334258e-05
3,merged_fibers_output_z_m0p020,89,-0.0092643853276968,-1.731134943838697e-05,-0.009247073978258413,0.009247073978258413,8.550837715938388e-05
3,merged_fibers_output_z_m0p020,90,-0.00955132208764553,0.00024785648565739393,-0.009799178573302925,0.009799178573302925,9.602390071147914e-05
3,merged_fibers_output_z_m0p020,91,-0.009714502841234207,0.0005130302160978317,-0.010227533057332039,0.010227533057332039,0.00010460243243881964
3,merged_fibers_output_z_m0p020,92,-0.009725850075483322,0.0007782144821248949,-0.010504064557608217,0.010504064557608217,0.0001103353722304011
3,merged_fibers_output_z_m0p020,93,-0.009655696339905262,0.0010434100404381752,-0.010699106380343437,0.010699106380343437,0.00011447087733790565
3,merged_fibers_output_z_m0p020,94,-0.008082683198153973,0.0012626319658011198,-0.009345315163955092,0.009345315163955092,8.7334915513649e-05
3,merged_fibers_output_z_m0p020,95,-0.008193854242563248,0.001033034990541637,-0.009226889233104885,0.009226889233104885,8.513548491998685e-05
3,merged_fibers_output_z_m0p020,96,-0.008463354781270027,0.0007801247993484139,-0.009243479580618441,0.009243479580618441,8.544191475731007e-05
3,merged_fibers_output_z_m0p020,97,-0.00874669011682272,0.0005272197886370122,-0.009273909905459732,0.009273909905459732,8.600540493458413e-05
3,merged_fibers_output_z_m0p020,98,-0.008892941288650036,0.0002743205986917019,-0.009167261887341738,0.009167261887341738,8.40386905111084e-05
3,merged_fibers_output_z_m0p020,99,-0.008854934945702553,2.142511038982775e-05,-0.00887636005609238,0.00887636005609238,7.878976784539232e-05
3,merged_fibers_output_z_m0p020,100,-0.008703142404556274,-0.00023146999592427164,-0.008471672408632003,0.008471672408632003,7.176923339917676e-05
3,merged_fibers_output_z_m0p020,101,-0.008555995300412178,-0.00048436838551424444,-0.008071626914897934,0.008071626914897934,6.515116105330474e-05
3,merged_fibers_output_z_m0p020,102,-0.008488234132528305,-0.0007372726104222238,-0.007750961522106081,0.007750961522106081,6.0077404517169016e-05
3,merged_fibers_output_z_m0p020,103,-0.008490272797644138,-0.0009901829762384295,-0.007500089821405709,0.007500089821405709,5.625134732915352e-05
3,merged_fibers_output_z_m0p020,104,-0.008045419119298458,-0.001201341045089066,-0.006844078074209392,0.006844078074209392,4.684140468587374e-05
3,merged_fibers_output_z_m0p020,105,-0.008046131581068039,-0.000987852574326098,-0.007058279006741941,0.007058279006741941,4.9819302537014e-05
3,merged_fibers_output_z_m0p020,106,-0.00804753229022026,-0.0007472187280654907,-0.00730031356215477,0.00730031356215477,5.3294578105780865e-05
3,merged_fibers_output_z_m0p020,107,-0.00809924304485321,-0.00050658721011132,-0.00759265583474189,0.00759265583474189,5.764842262484007e-05
3,merged_fibers_output_z_m0p020,108,-0.008199496194720268,-0.0002659588062670082,-0.00793353738845326,0.00793353738845326,6.294101549398578e-05
3,merged_fibers_output_z_m0p020,109,-0.008262533694505692,-2.5332290533697233e-05,-0.008237201403971994,0.008237201403971994,6.785148696959819e-05
3,merged_fibers_output_z_m0p020,110,-0.008158838376402855,0.00021529410150833428,-0.00837413247791119,0.00837413247791119,7.012609475760699e-05
3,merged_fibers_output_z_m0p020,111,-0.007816153578460217,0.00045592221431434155,-0.008272075792774558,0.008272075792774558,6.842723792140683e-05
3,merged_fibers_output_z_m0p020,112,-0.007303621619939804,0.0006965533830225468,-0.00800017500296235,0.00800017500296235,6.400280007802365e-05
3,merged_fibers_output_z_m0p020,113,-0.006823723670095205,0.0009371878113597631,-0.0077609114814549685,0.0077609114814549685,6.023174702297955e-05
3,merged_fibers_output_z_m0p020,114,-0.005318823270499706,0.0011398099595680833,-0.0064586332300677896,0.0064586332300677896,4.171394320053589e-05
3,merged_fibers_output_z_m0p020,115,-0.005513355135917664,0.0009419294074177742,-0.006455284543335438,0.006455284543335438,4.167069853542541e-05
3,merged_fibers_output_z_m0p020,116,-0.006072716787457466,0.0007135649211704731,-0.006786281708627939,0.006786281708627939,4.605361942885814e-05
3,merged_fibers_output_z_m0p020,117,-0.006755467038601637,0.00048520241398364305,-0.00724066945258528,0.00724066945258528,5.242729412160162e-05
3,merged_fibers_output_z_m0p020,118,-0.007286760490387678,0.00025684188585728407,-0.007543602376244962,0.007543602376244962,5.690593681088864e-05
3,merged_fibers_output_z_m0p020,119,-0.007528248243033886,2.848268923116848e-05,-0.0075567309322650544,0.0075567309322650544,5.7104182382651476e-05
3,merged_fibers_output_z_m0p020,120,-0.007522504776716232,-0.00019987620180472732,-0.007322628574911505,0.007322628574911505,5.3620889246110495e-05
3,merged_fibers_output_z_m0p020,121,-0.007415988482534885,-0.0004282357986085117,-0.006987752683926374,0.006987752683926374,4.8828687571720236e-05
3,merged_fibers_output_z_m0p020,122,-0.007335239090025425,-0.0006565966759808362,-0.006678642414044589,0.006678642414044589,4.460426449467533e-05
3,merged_fibers_output_z_m0p020,123,-0.007314590271562338,-0.0008849587175063789,-0.006429631554055959,0.006429631554055959,4.134016192091204e-05
3,merged_fibers_output_z_m0p020,124,-0.006266379728913307,-0.0010785210179165006,-0.005187858710996807,0.005187858710996807,2.6913878005265448e-05
3,merged_fibers_output_z_m0p020,125,-0.00628093583509326,-0.0008957621175795794,-0.0053851737175136805,0.0053851737175136805,2.9000095967800113e-05
3,merged_fibers_output_z_m0p020,126,-0.006297045852988958,-0.0006796685047447681,-0.00561737734824419,0.00561737734824419,3.155492827256693e-05
3,merged_fibers_output_z_m0p020,127,-0.00639147125184536,-0.0004635755030903965,-0.005927895748754963,0.005927895748754963,3.5139948008107166e-05
3,merged_fibers_output_z_m0p020,128,-0.00656241225078702,-0.0002474831126164645,-0.006314929138170555,0.006314929138170555,3.987833002011551e-05
3,merged_fibers_output_z_m0p020,129,-0.006689330562949181,-3.139102045679465e-05,-0.006657939542492386,0.006657939542492386,4.432815895148372e-05
3,merged_fibers_output_z_m0p020,130,-0.006585788447409868,0.00018470120267011225,-0.0067704896500799805,0.0067704896500799805,4.5839530101840136e-05
3,merged_fibers_output_z_m0p020,131,-0.0061409249901771545,0.00040079408790916204,-0.006541719078086317,0.006541719078086317,4.279408849659849e-05
3,merged_fibers_output_z_m0p020,132,-0.005441795568913221,0.0006168882246129215,-0.006058683793526143,0.006058683793526143,3.670764930993633e-05
3,merged_fibers_output_z_m0p020,133,-0.004768101032823324,0.0008329838747158647,-0.005601084907539189,0.005601084907539189,3.1372152141463284e-05
3,merged_fibers_output_z_m0p020,134,-0.003963143564760685,0.0010170229943469167,-0.004980166559107602,0.004980166559107602,2.480205895645365e-05
3,merged_fibers_output_z_m0p020,135,-0.004715191666036844,0.0006450567743740976,-0.005360248440410942,0.005360248440410942,2.8732263342927934e-05
3,merged_fibers_output_z_m0p020,136,-0.005367380101233721,0.0004412299022078514,-0.005808610003441572,0.005808610003441572,3.37399501720815e-05
3,merged_fibers_output_z_m0p020,137,-0.005770326592028141,0.00023740380129311234,-0.006007730393321253,0.006007730393321253,3.6092824478835945e-05
3,merged_fibers_output_z_m0p020,138,-0.005786646157503128,3.357815876370296e-05,-0.005820224316266831,0.005820224316266831,3.3875011091663703e-05
3,merged_fibers_output_z_m0p020,139,-0.00552293611690402,-0.00017024729459080845,-0.005352688822313212,0.005352688822313212,2.86512776285168e-05
3,merged_fibers_output_z_m0p020,140,-0.0052096121944487095,-0.0003740728134289384,-0.004835539381019771,0.004835539381019771,2.338244110539307e-05
3,merged_fibers_output_z_m0p020,141,-0.005019831005483866,-0.0005778985214419663,-0.0044419324840418994,0.0044419324840418994,1.973076419278664e-05
3,merged_fibers_output_z_m0p020,142,-0.004972160328179598,-0.0007817244040779769,-0.004190435924101621,0.004190435924101621,1.7559753234001406e-05
3,merged_fibers_output_z_m0p020,143,-0.003450710093602538,-0.0009557188022881746,-0.0024949912913143635,0.0024949912913143635,6.224981543734515e-06
3,merged_fibers_output_z_m0p020,144,-0.0034867601934820414,-0.000610163901001215,-0.0028765962924808264,0.0028765962924808264,8.274806229914436e-06
3,merged_fibers_output_z_m0p020,145,-0.0036762722302228212,-0.00041860470082610846,-0.0032576675293967128,0.0032576675293967128,1.0612397732085683e-05
3,merged_fibers_output_z_m0p020,146,-0.004114834126085043,-0.00022704570437781513,-0.003887788421707228,0.003887788421707228,1.5114898811960777e-05
3,merged_fibers_output_z_m0p020,147,-0.004679790697991848,-3.548671884345822e-05,-0.00464430397914839,0.00464430397914839,2.1569559450733565e-05
3,merged_fibers_output_z_m0p020,148,-0.005090267863124609,0.00015607220120728016,-0.005246340064331889,0.005246340064331889,2.752408407061393e-05
3,merged_fibers_output_z_m0p020,149,-0.005103104282170534,0.0003476314013823867,-0.005450735683552921,0.005450735683552921,2.9710519491957127e-05
3,merged_fibers_output_z_m0p020,150,-0.004712702706456184,0.000539190776180476,-0.00525189348263666,0.00525189348263666,2.758238515296143e-05
3,merged_fibers_output_z_m0p020,151,-0.004186571110039949,0.0007307502091862261,-0.0049173213192261755,0.0049173213192261755,2.4180048956516255e-05
3,merged_fibers_output_z_m0p020,152,-0.004071212839335203,0.0008942338754422963,-0.0049654467147774994,0.0049654467147774994,2.4655661077294662e-05
3,merged_fibers_output_z_m0p020,153,-0.004539093468338251,0.0005745879025198519,-0.005113681370858103,0.005113681370858103,2.6149737162661208e-05
3,merged_fibers_output_z_m0p020,154,-0.004799256566911936,0.00039529570494778454,-0.00519455227185972,0.00519455227185972,2.698337330508298e-05
3,merged_fibers_output_z_m0p020,155,-0.004632578697055578,0.00021600349282380193,-0.00484858218987938,0.00484858218987938,2.3508749252015526e-05
3,merged_fibers_output_z_m0p020,156,-0.00398130901157856,3.671125159598887e-05,-0.004018020263174549,0.004018020263174549,1.614448683528127e-05
3,merged_fibers_output_z_m0p020,157,-0.0030976117122918367,-0.00014258110604714602,-0.0029550306062446907,0.0029550306062446907,8.732205883842864e-06
3,merged_fibers_output_z_m0p020,158,-0.0023495613131672144,-0.00032187349279411137,-0.002027687820373103,0.002027687820373103,4.111517896889425e-06
3,merged_fibers_output_z_m0p020,159,-0.0019585222471505404,-0.0005011662724427879,-0.0014573559747077525,0.0014573559747077525,2.1238864370163832e-06
3,merged_fibers_output_z_m0p020,160,-0.0018785493448376656,-0.0006804593722335994,-0.0011980899726040661,0.0011980899726040661,1.435419582454412e-06
3,merged_fibers_output_z_m0p020,161,-0.0003486424684524536,-0.0008329299162141979,0.00048428744776174426,0.00048428744776174426,2.3453433205958418e-07
3,merged_fibers_output_z_m0p020,162,-0.00036242022179067135,-0.0005386985139921308,0.0001762782922014594,0.0001762782922014594,3.1074036301463105e-08
3,merged_fibers_output_z_m0p020,163,-0.0006571316043846309,-0.00037167189293541014,-0.0002854597114492208,0.0002854597114492208,8.148724686067239e-08
3,merged_fibers_output_z_m0p020,164,-0.0014441029634326696,-0.00020464579574763775,-0.0012394571676850319,0.0012394571676850319,1.5362540705258013e-06
3,merged_fibers_output_z_m0p020,165,-0.002622353844344616,-3.762004052987322e-05,-0.0025847338038147427,0.0025847338038147427,6.680848836582629e-06
3,merged_fibers_output_z_m0p020,166,-0.0038009965792298317,0.00012940559827256948,-0.003930402177502401,0.003930402177502401,1.5448061276915618e-05
3,merged_fibers_output_z_m0p020,167,-0.004555618390440941,0.0002964310988318175,-0.004852049489272758,0.004852049489272758,2.3542384246352034e-05
3,merged_fibers_output_z_m0p020,168,-0.004728645086288452,0.00046345649752765894,-0.005192101583816111,0.005192101583816111,2.695791885666577e-05
3,merged_fibers_output_z_m0p020,169,-0.004529053810983896,0.000630481808912009,-0.005159535619895905,0.005159535619895905,2.6620807812974623e-05
3,merged_fibers_output_z_m0p020,170,-0.004524869844317436,0.000771452090702951,-0.005296321935020387,0.005296321935020387,2.8051026039378098e-05
3,merged_fibers_output_z_m0p020,171,-0.004741617478430271,0.0005021578981541097,-0.005243775376584381,0.005243775376584381,2.7497180200072665e-05
3,merged_fibers_output_z_m0p020,172,-0.004611625336110592,0.00034739880356937647,-0.004959024139679968,0.004959024139679968,2.459192041792865e-05
3,merged_fibers_output_z_m0p020,173,-0.003858868731185794,0.0001926397962961346,-0.0040515085274819285,0.0040515085274819285,1.6414721348258783e-05
3,merged_fibers_output_z_m0p020,174,-0.0025024255737662315,3.7880810850765556e-05,-0.002540306384616997,0.002540306384616997,6.453156527725879e-06
3,merged_fibers_output_z_m0p020,175,-0.0009496263228356838,-0.00011687829828588292,-0.0008327480245498009,0.0008327480245498009,6.934692723915958e-07
3,merged_fibers_output_z_m0p020,176,0.00027634843718260527,-0.0002716378076002002,0.0005479862447828054,0.0005479862447828054,3.0028892447116077e-07
3,merged_fibers_output_z_m0p020,177,0.00089204654796049,-0.00042639789171516895,0.001318444439675659,0.001318444439675659,1.7382957405116623e-06
3,merged_fibers_output_z_m0p020,178,0.001007018145173788,-0.0005811583832837641,0.0015881765284575522,0.0015881765284575522,2.522304685543482e-06
3,merged_fibers_output_z_m0p020,179,0.0020364902447909117,-0.0007101328228600323,0.002746623067650944,0.002746623067650944,7.543938275752282e-06
3,merged_fibers_output_z_m0p020,180,0.0020618089474737644,-0.0004652724019251764,0.002527081349398941,0.002527081349398941,6.3861401464799715e-06
3,merged_fibers_output_z_m0p020,181,0.0016995680052787066,-0.00032277809805236757,0.002022346103331074,0.002022346103331074,4.0898837616583795e-06
3,merged_fibers_output_z_m0p020,182,0.0006499336450360715,-0.00018028459453489631,0.0008302182395709679,0.0008302182395709679,6.89262325316317e-07
3,merged_fibers_output_z_m0p020,183,-0.0010036268504336476,-3.779173857765272e-05,-0.0009658351118559949,0.0009658351118559949,9.328374632938821e-07
3,merged_fibers_output_z_m0p020,184,-0.0027708217967301607,0.00010470079723745584,-0.0028755225939676166,0.0028755225939676166,8.26863018841825e-06
3,merged_fibers_output_z_m0p020,185,-0.004068941343575716,0.00024719341308809817,-0.004316134756663814,0.004316134756663814,1.86290192376814e-05
3,merged_fibers_output_z_m0p020,186,-0.004619652405381203,0.00038968640728853643,-0.005009338812669739,0.005009338812669739,2.509347534011947e-05
3,merged_fibers_output_z_m0p020,187,-0.0046080718748271465,0.0005321800126694143,-0.005140251887496561,0.005140251887496561,2.6422189466911956e-05
3,merged_fibers_output_z_m0p020,188,-0.00408092699944973,0.0006486846250481904,-0.00472961162449792,0.00472961162449792,2.2369226118585856e-05
3,merged_fibers_output_z_m0p020,189,-0.004336648620665073,0.0004277692933101207,-0.004764417913975194,0.004764417913975194,2.269967805900774e-05
3,merged_fibers_output_z_m0p020,190,-0.004170172847807407,0.00029754071147181094,-0.004467713559279218,0.004467713559279218,1.996046444776738e-05
3,merged_fibers_output_z_m0p020,191,-0.003246074775233865,0.00016731349751353264,-0.0034133882727473974,0.0034133882727473974,1.1651219500529461e-05
3,merged_fibers_output_z_m0p020,192,-0.0015754781197756529,3.708713120431639e-05,-0.0016125652509799693,0.0016125652509799693,2.6003666886680913e-06
3,merged_fibers_output_z_m0p020,193,0.00034947198582813144,-9.313911141362041e-05,0.00044261109724175185,0.00044261109724175185,1.959045834015475e-07
3,merged_fibers_output_z_m0p020,194,0.0018813216593116522,-0.00022336610709317029,0.0021046877664048225,0.0021046877664048225,4.4297105940541206e-06
3,merged_fibers_output_z_m0p020,195,0.0026578721590340137,-0.0003535946016199887,0.0030114667606540024,0.0030114667606540024,9.06893205052391e-06
3,merged_fibers_output_z_m0p020,196,0.0028035291470587254,-0.0004838246095459908,0.003287353756604716,0.003287353756604716,1.0806694721063139e-05
3,merged_fibers_output_z_m0p020,197,0.003125127637758851,-0.0005873574991710484,0.0037124851369298995,0.0037124851369298995,1.3782545891925414e-05
3,merged_fibers_output_z_m0p020,198,0.003186888061463833,-0.00038989228778518736,0.0035767803492490202,0.0035767803492490202,1.2793357666773942e-05
3,merged_fibers_output_z_m0p020,199,0.002814352512359619,-0.00027192579000256956,0.0030862783023621887,0.0030862783023621887,9.525113759631633e-06
3,merged_fibers_output_z_m0p020,200,0.0016813809052109718,-0.00015396240632981062,0.0018353433115407825,0.0018353433115407825,3.3684850712174856e-06
3,merged_fibers_output_z_m0p020,201,-0.00012037617852911353,-3.600136915338226e-05,-8.437480937573127e-05,8.437480937573127e-05,7.11910845719099e-09
3,merged_fibers_output_z_m0p020,202,-0.002027852227911353,8.195891859941185e-05,-0.002109811146510765,0.002109811146510765,4.4513030739410685e-06
3,merged_fibers_output_z_m0p020,203,-0.0033699229825288057,0.00019992029410786927,-0.003569843276636675,0.003569843276636675,1.2743781019748071e-05
3,merged_fibers_output_z_m0p020,204,-0.003835816401988268,0.0003178842016495764,-0.004153700603637844,0.004153700603637844,1.7253228704661392e-05
3,merged_fibers_output_z_m0p020,205,-0.0036689541302621365,0.00043585090315900743,-0.004104805033421144,0.004104805033421144,1.6849424362399557e-05
3,merged_fibers_output_z_m0p020,206,-0.00246190233156085,0.0005259520839899778,-0.002987854415550828,0.002987854415550828,8.92727400852658e-06
3,merged_fibers_output_z_m0p020,207,-0.0030346387065947056,0.0003514353884384036,-0.003386074095033109,0.003386074095033109,1.146549777705429e-05
3,merged_fibers_output_z_m0p020,208,-0.0032366306986659765,0.0002457287919241935,-0.00348235949059017,0.00348235949059017,1.2126827621703428e-05
3,merged_fibers_output_z_m0p020,209,-0.0026464415714144707,0.00014002789976075292,-0.0027864694711752236,0.0027864694711752236,7.76441211379153e-06
3,merged_fibers_output_z_m0p020,210,-0.0011682703625410795,3.433120946283452e-05,-0.001202601572003914,0.001202601572003914,1.4462505409862853e-06
3,merged_fibers_output_z_m0p020,211,0.000718797673471272,-7.136441126931459e-05,0.0007901620847405866,0.0007901620847405866,6.243561201615899e-07
3,merged_fibers_output_z_m0p020,212,0.002301685744896531,-0.0001770624949131161,0.002478748239809647,0.002478748239809647,6.144192836359424e-06
3,merged_fibers_output_z_m0p020,213,0.0031354122329503298,-0.00028276589000597596,0.0034181781229563057,0.0034181781229563057,1.1683941680257094e-05
3,merged_fibers_output_z_m0p020,214,0.0033015997614711523,-0.00038847530959174037,0.0036900750710628927,0.0036900750710628927,1.3616654030079812e-05
3,merged_fibers_output_z_m0p020,215,0.003130291122943163,-0.0004646620946004987,0.0035949532175436616,0.0035949532175436616,1.2923688636327525e-05
3,merged_fibers_output_z_m0p020,216,0.0032104558777064085,-0.0003125884977634996,0.003523044375469908,0.003523044375469908,1.2411841671530154e-05
3,merged_fibers_output_z_m0p020,217,0.0028679801616817713,-0.0002191324019804597,0.003087112563662231,0.003087112563662231,9.530263980721192e-06
3,merged_fibers_output_z_m0p020,218,0.0017955289222300053,-0.00012568759848363698,0.0019212165207136422,0.0019212165207136422,3.691072919463033e-06
3,merged_fibers_output_z_m0p020,219,0.00011276378063485026,-3.2251118682324886e-05,0.00014501489931717515,0.00014501489931717515,2.1029321023970446e-08
3,merged_fibers_output_z_m0p020,220,-0.001574319088831544,6.118285818956792e-05,-0.0016355019470211118,0.0016355019470211118,2.6748666187098477e-06
3,merged_fibers_output_z_m0p020,221,-0.0025708358734846115,0.00015462130249943584,-0.0027254571759840474,0.0027254571759840474,7.428116818122938e-06
3,merged_fibers_output_z_m0p020,222,-0.0026034945622086525,0.00024806929286569357,-0.002851563855074346,0.002851563855074346,8.131416419566466e-06
3,merged_fibers_output_z_m0p020,223,-0.0020266855135560036,0.0003415280079934746,-0.002368213521549478,0.002368213521549478,5.608435283649781e-06
3,merged_fibers_output_z_m0p020,224,-0.0005890490720048547,0.0004033820878248662,-0.0009924311598297209,0.0009924311598297209,9.84919607000965e-07
3,merged_fibers_output_z_m0p020,225,-0.0015023670857772231,0.0002732237917371094,-0.0017755908775143325,0.0017755908775143325,3.1527229643121174e-06
3,merged_fibers_output_z_m0p020,226,-0.002192957326769829,0.0001920023059938103,-0.002384959632763639,0.002384959632763639,5.688032449912072e-06
3,merged_fibers_output_z_m0p020,227,-0.002128813648596406,0.00011080170224886388,-0.00223961535084527,0.00223961535084527,5.015876919741781e-06
3,merged_fibers_output_z_m0p020,228,-0.0010745051549747586,2.961704012705013e-05,-0.0011041221951018088,0.0011041221951018088,1.2190858217164366e-06
3,merged_fibers_output_z_m0p020,229,0.0005593035602942109,-5.1562779844971374e-05,0.0006108663401391823,0.0006108663401391823,3.7315768551503913e-07
3,merged_fibers_output_z_m0p020,230,0.0020438835490494967,-0.00013275089440867305,0.0021766344434581697,0.0021766344434581697,4.737737500448456e-06
3,merged_fibers_output_z_m0p020,231,0.0028679140377789736,-0.0002139571006409824,0.003081871138419956,0.003081871138419956,9.497929713825915e-06
3,merged_fibers_output_z_m0p020,232,0.0030466739553958178,-0.0002951835922431201,0.003341857547638938,0.003341857547638938,1.1168011868711335e-05
3,merged_fibers_output_z_m0p020,233,0.002813981380313635,-0.0003423085145186633,0.003156289894832298,0.003156289894832298,9.962165900220479e-06
3,merged_fibers_output_z_m0p020,234,0.0028932932764291763,-0.00023351020354311913,0.0031268034799722955,0.0031268034799722955,9.776900002366857e-06
3,merged_fibers_output_z_m0p020,235,0.00258786603808403,-0.0001644891017349437,0.002752355139818974,0.002752355139818974,7.575458815687923e-06
3,merged_fibers_output_z_m0p020,236,0.0016045712400227785,-9.550635877531022e-05,0.0017000775987980887,0.0017000775987980887,2.890263841935075e-06
3,merged_fibers_output_z_m0p020,237,8.048687595874071e-05,-2.65535491053015e-05,0.00010704042506404221,0.00010704042506404221,1.1457652597890836e-08
3,merged_fibers_output_z_m0p020,238,-0.0013634322676807642,4.238983092363924e-05,-0.0014058220986044034,0.0014058220986044034,1.976335772924489e-06
3,merged_fibers_output_z_m0p020,239,-0.002032791031524539,0.0001113480975618586,-0.0021441391290863976,0.0021441391290863976,4.597332604879375e-06
3,merged_fibers_output_z_m0p020,240,-0.001689901459030807,0.00018033980450127274,-0.0018702412635320798,0.0018702412635320798,3.49780238381807e-06
3,merged_fibers_output_z_m0p020,241,-0.0007678562542423606,0.0002493695938028395,-0.0010172258480452001,0.0010172258480452001,1.0347484259312765e-06
3,merged_fibers_output_z_m0p020,242,-3.2919400837272406e-05,0.0003484426124487072,-0.00038136201328597963,0.00038136201328597963,1.454369851775357e-07
3,merged_fibers_output_z_m0p020,243,-0.008769174106419086,-0.01846569962799549,0.009696525521576405,0.009696525521576405,9.402260719058256e-05
3,merged_fibers_output_z_m0p020,244,-0.00892722513526678,-0.016982929781079292,0.008055704645812511,0.008055704645812511,6.489437734056528e-05
3,merged_fibers_output_z_m0p020,245,-0.009283438324928284,-0.015520869754254818,0.006237431429326534,0.006237431429326534,3.890555083555045e-05
3,merged_fibers_output_z_m0p020,246,-0.008830520324409008,-0.014052189886569977,0.005221669562160969,0.005221669562160969,2.7265833016398323e-05
3,merged_fibers_output_z_m0p020,247,-0.007095197215676308,-0.012629760429263115,0.005534563213586807,0.005534563213586807,3.063138996518833e-05
3,merged_fibers_output_z_m0p020,248,-0.0050931042060256,-0.00989456195384264,0.0048014577478170395,0.0048014577478170395,2.3053996504072277e-05
3,merged_fibers_output_z_m0p020,249,-0.005614669062197208,-0.008611020632088184,0.002996351569890976,0.002996351569890976,8.978122730388116e-06
3,merged_fibers_output_z_m0p020,250,-0.004792913794517517,-0.007401188835501671,0.0026082750409841537,0.0026082750409841537,6.803098689420889e-06
3,merged_fibers_output_z_m0p020,251,-0.002428713720291853,-0.006223797798156738,0.0037950840778648853,0.0037950840778648853,1.4402663158063567e-05
3,merged_fibers_output_z_m0p020,252,-0.00036787567660212517,-0.005124073009938002,0.0047561973333358765,0.0047561973333358765,2.2621413073631302e-05
3,merged_fibers_output_z_m0p020,253,0.002074530813843012,-0.003194136079400778,0.00526866689324379,0.00526866689324379,2.7758850831963167e-05
3,merged_fibers_output_z_m0p020,254,0.001821617828682065,-0.002418709918856621,0.004240327747538686,0.004240327747538686,1.7980379406546505e-05
3,merged_fibers_output_z_m0p020,255,-0.000696744944434613,-0.0017275529680773616,0.0010308080236427486,0.0010308080236427486,1.0625651816062693e-06
3,merged_fibers_output_z_m0p020,256,-0.0029550325125455856,-0.0011185139883309603,-0.0018365185242146254,0.0018365185242146254,3.3728002897834655e-06
3,merged_fibers_output_z_m0p020,257,-0.002222562674432993,-0.0006176393944770098,-0.0016049232799559832,0.0016049232799559832,2.575778734544671e-06
4,merged_fibers_output_z_m0p025,0,-0.00881237257272005,-0.0013859870377928019,-0.007426385534927249,0.007426385534927249,5.515120211337668e-05
4,merged_fibers_output_z_m0p025,1,-0.008502556011080742,-0.0012630850542336702,-0.007239470956847072,0.007239470956847072,5.2409939735032255e-05
4,merged_fibers_output_z_m0p025,2,-0.007312948815524578,-0.0011403559474274516,-0.0061725928680971265,0.0061725928680971265,3.810090271528351e-05
4,merged_fibers_output_z_m0p025,3,-0.004967554938048124,-0.0010176709620282054,-0.003949883976019919,0.003949883976019919,1.5601583424018923e-05
4,merged_fibers_output_z_m0p025,4,-0.0018878737464547157,-0.0008949994808062911,-0.0009928742656484246,0.0009928742656484246,9.857993073868985e-07
4,merged_fibers_output_z_m0p025,5,0.0009710664744488895,-0.0007723227026872337,0.0017433891771361232,0.0017433891771361232,3.0394058229553687e-06
4,merged_fibers_output_z_m0p025,6,0.0027402350679039955,-0.0006496664718724787,0.0033899015397764742,0.0033899015397764742,1.1491432449378911e-05
4,merged_fibers_output_z_m0p025,7,0.003221743507310748,-0.0005270388210192323,0.0037487823283299804,0.0037487823283299804,1.4053368945199149e-05
4,merged_fibers_output_z_m0p025,8,0.0029640488792210817,-0.00040456769056618214,0.003368616569787264,0.003368616569787264,1.1347577594245312e-05
4,merged_fibers_output_z_m0p025,9,-0.008767839521169662,-0.0009264255058951676,-0.007841414015274495,0.007841414015274495,6.148777375894327e-05
4,merged_fibers_output_z_m0p025,10,-0.008500881493091583,-0.0008445210987702012,-0.007656360394321382,0.007656360394321382,5.861985448773307e-05
4,merged_fibers_output_z_m0p025,11,-0.007366703357547522,-0.0007627098239026964,-0.006603993533644825,0.006603993533644825,4.361273059242266e-05
4,merged_fibers_output_z_m0p025,12,-0.005056662950664759,-0.0006809188053011894,-0.004375744145363569,0.004375744145363569,1.9147136825683553e-05
4,merged_fibers_output_z_m0p025,13,-0.001968431519344449,-0.0005991326761431992,-0.0013692988432012498,0.0013692988432012498,1.874979321992281e-06
4,merged_fibers_output_z_m0p025,14,0.0009399177506566048,-0.0005173480021767318,0.0014572657528333366,0.0014572657528333366,2.1236234743809113e-06
4,merged_fibers_output_z_m0p025,15,0.002771400846540928,-0.0004355667042545974,0.0032069675507955253,0.0032069675507955253,1.028464087185545e-05
4,merged_fibers_output_z_m0p025,16,0.0032957273069769144,-0.0003538031887728721,0.0036495304957497865,0.0036495304957497865,1.3319072839407682e-05
4,merged_fibers_output_z_m0p025,17,0.003047369420528412,-0.00027212078566662967,0.0033194902061950415,0.0033194902061950415,1.1019015229024799e-05
4,merged_fibers_output_z_m0p025,18,0.002064983593299985,-0.00013318669516593218,0.002198170288465917,0.002198170288465917,4.831952617094333e-06
4,merged_fibers_output_z_m0p025,19,0.0022888544481247663,-0.00017404320533387363,0.00246289765345864,0.00246289765345864,6.065864851412075e-06
4,merged_fibers_output_z_m0p025,20,0.0018680894281715155,-0.0002149327046936378,0.0020830221328651533,0.0020830221328651533,4.338981206006092e-06
4,merged_fibers_output_z_m0p025,21,0.00029053649632260203,-0.00025582819944247603,0.0005463646957650781,0.0005463646957650781,2.985143807784663e-07
4,merged_fibers_output_z_m0p025,22,-0.0022991811856627464,-0.00029672510572709143,-0.002002456079935655,0.002002456079935655,4.00983035207127e-06
4,merged_fibers_output_z_m0p025,23,-0.005140956956893206,-0.00033762300154194236,-0.004803333955351263,0.004803333955351263,2.3072017086630412e-05
4,merged_fibers_output_z_m0p025,24,-0.0073662023060023785,-0.0003785215085372329,-0.006987680797465146,0.006987680797465146,4.882768292726313e-05
4,merged_fibers_output_z_m0p025,25,-0.0085581224411726,-0.0004194251087028533,-0.008138697332469746,0.008138697332469746,6.623839426955017e-05
4,merged_fibers_output_z_m0p025,26,-0.008922550827264786,-0.0004603606939781457,-0.00846219013328664,0.00846219013328664,7.160866185189376e-05
4,merged_fibers_output_z_m0p025,27,-0.009619356133043766,-8.089727998594753e-08,-0.00961927523576378,0.00961927523576378,9.253045606137833e-05
4,merged_fibers_output_z_m0p025,28,-0.008913103491067886,-7.15433898790252e-08,-0.008913031947678007,0.008913031947678007,7.944213850032882e-05
4,merged_fibers_output_z_m0p025,29,-0.0076431832276284695,-6.275835318092504e-08,-0.0076431204692752885,0.0076431204692752885,5.841729050785491e-05
4,merged_fibers_output_z_m0p025,30,-0.005884123034775257,-5.366636912640388e-08,-0.005884069368406131,0.005884069368406131,3.462227233221532e-05
4,merged_fibers_output_z_m0p025,31,-0.003930486738681793,-4.426376065680415e-08,-0.003930442474921136,0.003930442474921136,1.5448378048664187e-05
4,merged_fibers_output_z_m0p025,32,-0.00221178587526083,-3.567392070635833e-08,-0.0022117502013401236,0.0022117502013401236,4.891838953128077e-06
4,merged_fibers_output_z_m0p025,33,-0.001072489656507969,-2.7802819602129603e-08,-0.0010724618536883668,0.0010724618536883668,1.1501744276166877e-06
4,merged_fibers_output_z_m0p025,34,-0.0005784901441074908,-2.025250012138713e-08,-0.0005784698916073694,0.0005784698916073694,3.346274154962417e-07
4,merged_fibers_output_z_m0p025,35,-0.000506480922922492,-1.3811660259932523e-08,-0.0005064671112622321,0.0005064671112622321,2.565089347903102e-07
4,merged_fibers_output_z_m0p025,36,-0.0022071124985814095,0.00013152830069884658,-0.002338640799280256,0.002338640799280256,5.469240788058195e-06
4,merged_fibers_output_z_m0p025,37,-0.002886300440877676,0.0001723692985251546,-0.0030586697394028306,0.0030586697394028306,9.35546057473858e-06
4,merged_fibers_output_z_m0p025,38,-0.0036392994225025177,0.00021324330009520054,-0.0038525427225977182,0.0038525427225977182,1.484208542944064e-05
4,merged_fibers_output_z_m0p025,39,-0.004217678215354681,0.0002541228896006942,-0.004471801104955375,0.004471801104955375,1.9997005122280115e-05
4,merged_fibers_output_z_m0p025,40,-0.004723182413727045,0.0002950030902866274,-0.0050181855040136725,0.0050181855040136725,2.5182185752692955e-05
4,merged_fibers_output_z_m0p025,41,-0.005522881634533405,0.0003358829126227647,-0.00585876454715617,0.00585876454715617,3.432512201901404e-05
4,merged_fibers_output_z_m0p025,42,-0.00689301872625947,0.0003767632006201893,-0.007269781926879659,0.007269781926879659,5.284972926438613e-05
4,merged_fibers_output_z_m0p025,43,-0.008681757375597954,0.0004176482034381479,-0.009099405579036102,0.009099405579036102,8.279918189179334e-05
4,merged_fibers_output_z_m0p025,44,-0.010286656208336353,0.0004585623973980546,-0.010745218605734408,0.010745218605734408,0.00011545972288502089
4,merged_fibers_output_z_m0p025,45,-0.011022007092833519,0.0009328235173597932,-0.011954830610193312,0.011954830610193312,0.000142917974918415
4,merged_fibers_output_z_m0p025,46,-0.008679558522999287,0.000850923708640039,-0.009530482231639326,0.009530482231639326,9.08300915675929e-05
4,merged_fibers_output_z_m0p025,47,-0.0061600771732628345,0.0007691296050325036,-0.006929206778295338,0.006929206778295338,4.801390657637406e-05
4,merged_fibers_output_z_m0p025,48,-0.004680880345404148,0.0006873561069369316,-0.00536823645234108,0.00536823645234108,2.881796260824354e-05
4,merged_fibers_output_z_m0p025,49,-0.004467028193175793,0.0006055852863937616,-0.005072613479569554,0.005072613479569554,2.573140751311074e-05
4,merged_fibers_output_z_m0p025,50,-0.004724731668829918,0.0005238162120804191,-0.005248547880910337,0.005248547880910337,2.754725485820839e-05
4,merged_fibers_output_z_m0p025,51,-0.0044191740453243256,0.0004420508921612054,-0.004861224937485531,0.004861224937485531,2.3631507892831204e-05
4,merged_fibers_output_z_m0p025,52,-0.0031919660978019238,0.00036030029878020287,-0.0035522663965821266,0.0035522663965821266,1.2618596552286566e-05
4,merged_fibers_output_z_m0p025,53,-0.001661150949075818,0.00027862010756507516,-0.0019397710566408932,0.0019397710566408932,3.7627117521817274e-06
4,merged_fibers_output_z_m0p025,54,-0.00879061408340931,-0.001207267981953919,-0.0075833461014553905,0.0075833461014553905,5.750713809445867e-05
4,merged_fibers_output_z_m0p025,55,-0.008761823177337646,-0.000904951011762023,-0.007856872165575624,0.007856872165575624,6.173044022619699e-05
4,merged_fibers_output_z_m0p025,56,-0.008870807476341724,-0.0006027672789059579,-0.008268040197435766,0.008268040197435766,6.836048870641366e-05
4,merged_fibers_output_z_m0p025,57,-0.009226229973137379,-0.00030065811006352305,-0.008925571863073856,0.008925571863073856,7.96658330828957e-05
4,merged_fibers_output_z_m0p025,58,-0.009824500419199467,1.4198450344338198e-06,-0.0098259202642339,0.0098259202642339,9.654870903908241e-05
4,merged_fibers_output_z_m0p025,59,-0.01054447703063488,0.0003034975961782038,-0.010847974626813084,0.010847974626813084,0.00011767855350398046
4,merged_fibers_output_z_m0p025,60,-0.011218606494367123,0.0006056110723875463,-0.011824217566754669,0.011824217566754669,0.0001398121210659497
4,merged_fibers_output_z_m0p025,61,-0.011721604503691196,0.0009077897993847728,-0.01262939430307597,0.01262939430307597,0.00015950160046256773
4,merged_fibers_output_z_m0p025,62,-0.012011350132524967,0.0012101080501452088,-0.013221458182670176,0.013221458182670176,0.00017480695647609614
4,merged_fibers_output_z_m0p025,63,-0.012023190036416054,0.0014784210361540318,-0.013501611072570086,0.013501611072570086,0.00018229350155494714
4,merged_fibers_output_z_m0p025,64,-0.008823580108582973,-0.0014475439675152302,-0.007376036141067743,0.007376036141067743,5.4405909154337526e-05
4,merged_fibers_output_z_m0p025,65,-0.008796523325145245,-0.001166517031379044,-0.0076300062937662005,0.0076300062937662005,5.821699604291183e-05
4,merged_fibers_output_z_m0p025,66,-0.008767629973590374,-0.0008766594110056758,-0.007890970562584698,0.007890970562584698,6.226741641957827e-05
4,merged_fibers_output_z_m0p025,67,-0.008865783922374249,-0.0005868541193194687,-0.00827892980305478,0.00827892980305478,6.854067868390865e-05
4,merged_fibers_output_z_m0p025,68,-0.009194056503474712,-0.0002970829955302179,-0.008896973507944494,0.008896973507944494,7.915613760106616e-05
4,merged_fibers_output_z_m0p025,69,-0.009747695177793503,-7.328800165851135e-06,-0.009740366377627652,0.009740366377627652,9.487473717041922e-05
4,merged_fibers_output_z_m0p025,70,-0.010409314185380936,0.00028242490952834487,-0.01069173909490928,0.01069173909490928,0.00011431328487361152
4,merged_fibers_output_z_m0p025,71,-0.011019385419785976,0.0005721942870877683,-0.011591579706873745,0.011591579706873745,0.0001343647201008072
4,merged_fibers_output_z_m0p025,72,-0.011463809758424759,0.0008619970758445561,-0.012325806834269315,0.012325806834269315,0.00015192551411572015
4,merged_fibers_output_z_m0p025,73,-0.011712934821844101,0.0011518510291352868,-0.012864785850979388,0.012864785850979388,0.00016550271499155944
4,merged_fibers_output_z_m0p025,74,-0.010907226242125034,0.0013856400037184358,-0.01229286624584347,0.01229286624584347,0.00015111456053819772
4,merged_fibers_output_z_m0p025,75,-0.010887578129768372,0.0011223029578104615,-0.012009881087578833,0.012009881087578833,0.00014423724373778372
4,merged_fibers_output_z_m0p025,76,-0.01077788881957531,0.0008447985164821148,-0.011622687336057425,0.011622687336057425,0.00013508686091174963
4,merged_fibers_output_z_m0p025,77,-0.01052542682737112,0.0005673173000104725,-0.011092744127381593,0.011092744127381593,0.00012304897227555882
4,merged_fibers_output_z_m0p025,78,-0.0101127028465271,0.0002898557868320495,-0.010402558633359149,0.010402558633359149,0.00010821322612047497
4,merged_fibers_output_z_m0p025,79,-0.009610353969037533,1.2404960216372274e-05,-0.009622758929253905,0.009622758929253905,9.259748941053576e-05
4,merged_fibers_output_z_m0p025,80,-0.009154170751571655,-0.0002650455862749368,-0.008889125165296718,0.008889125165296718,7.901654620431141e-05
4,merged_fibers_output_z_m0p025,81,-0.008863924071192741,-0.0005425061099231243,-0.008321417961269617,0.008321417961269617,6.924599688614059e-05
4,merged_fibers_output_z_m0p025,82,-0.008766612969338894,-0.0008199859876185656,-0.007946626981720328,0.007946626981720328,6.314888038660554e-05
4,merged_fibers_output_z_m0p025,83,-0.008786535821855068,-0.001097489963285625,-0.007689045858569443,0.007689045858569443,5.9121426215183906e-05
4,merged_fibers_output_z_m0p025,84,-0.008730480447411537,-0.0013242480345070362,-0.007406232412904501,0.007406232412904501,5.4852278553957226e-05
4,merged_fibers_output_z_m0p025,85,-0.008715053088963032,-0.0010780399898067117,-0.00763701309915632,0.00763701309915632,5.832396907668522e-05
4,merged_fibers_output_z_m0p025,86,-0.00869746319949627,-0.0008128414046950638,-0.007884621794801205,0.007884621794801205,6.216726084705418e-05
4,merged_fibers_output_z_m0p025,87,-0.008762751705944538,-0.000547654926776886,-0.008215096779167652,0.008215096779167652,6.748781509109073e-05
4,merged_fibers_output_z_m0p025,88,-0.008963985368609428,-0.0002824797120410949,-0.008681505656568334,0.008681505656568334,7.536854046502797e-05
4,merged_fibers_output_z_m0p025,89,-0.0092643853276968,-1.731134943838697e-05,-0.009247073978258413,0.009247073978258413,8.550837715938388e-05
4,merged_fibers_output_z_m0p025,90,-0.009551320225000381,0.00024785648565739393,-0.009799176710657775,0.009799176710657775,9.602386420669774e-05
4,merged_fibers_output_z_m0p025,91,-0.009714500978589058,0.0005130302160978317,-0.01022753119468689,0.01022753119468689,0.00010460239433829344
4,merged_fibers_output_z_m0p025,92,-0.009725847281515598,0.0007782144821248949,-0.010504061763640493,0.010504061763640493,0.00011033531353437422
4,merged_fibers_output_z_m0p025,93,-0.009655693545937538,0.0010434100404381752,-0.010699103586375713,0.010699103586375713,0.00011447081755199765
4,merged_fibers_output_z_m0p025,94,-0.008082683198153973,0.0012626319658011198,-0.009345315163955092,0.009345315163955092,8.7334915513649e-05
4,merged_fibers_output_z_m0p025,95,-0.008193855173885822,0.001033034990541637,-0.00922689016442746,0.00922689016442746,8.513550210640819e-05
4,merged_fibers_output_z_m0p025,96,-0.008463353849947453,0.0007801247993484139,-0.009243478649295866,0.009243478649295866,8.544189753998854e-05
4,merged_fibers_output_z_m0p025,97,-0.00874668825417757,0.0005272197886370122,-0.009273908042814583,0.009273908042814583,8.6005370386581e-05
4,merged_fibers_output_z_m0p025,98,-0.008892940357327461,0.0002743205986917019,-0.009167260956019163,0.009167260956019163,8.403867343575338e-05
4,merged_fibers_output_z_m0p025,99,-0.008854935877025127,2.142511038982775e-05,-0.008876360987414955,0.008876360987414955,7.87897843789022e-05
4,merged_fibers_output_z_m0p025,100,-0.008703145198523998,-0.00023146999592427164,-0.008471675202599727,0.008471675202599727,7.176928073834312e-05
4,merged_fibers_output_z_m0p025,101,-0.008555999025702477,-0.00048436838551424444,-0.008071630640188232,0.008071630640188232,6.51512211916255e-05
4,merged_fibers_output_z_m0p025,102,-0.00848823320120573,-0.0007372726104222238,-0.007750960590783507,0.007750960590783507,6.0077390079879e-05
4,merged_fibers_output_z_m0p025,103,-0.008490270003676414,-0.0009901829762384295,-0.007500087027437985,0.007500087027437985,5.625130541914355e-05
4,merged_fibers_output_z_m0p025,104,-0.008045416325330734,-0.001201341045089066,-0.006844075280241668,0.006844075280241668,4.684136644161507e-05
4,merged_fibers_output_z_m0p025,105,-0.00804612971842289,-0.000987852574326098,-0.007058277144096792,0.007058277144096792,4.981927624287916e-05
4,merged_fibers_output_z_m0p025,106,-0.008047533221542835,-0.0007472187280654907,-0.0073003144934773445,0.0073003144934773445,5.329459170367538e-05
4,merged_fibers_output_z_m0p025,107,-0.00809924490749836,-0.00050658721011132,-0.00759265769738704,0.00759265769738704,5.764845090969066e-05
4,merged_fibers_output_z_m0p025,108,-0.008199498988687992,-0.0002659588062670082,-0.007933540182420984,0.007933540182420984,6.294105982608838e-05
4,merged_fibers_output_z_m0p025,109,-0.008262536488473415,-2.5332290533697233e-05,-0.008237204197939718,0.008237204197939718,6.785153299855572e-05
4,merged_fibers_output_z_m0p025,110,-0.008158840239048004,0.00021529410150833428,-0.008374134340556338,0.008374134340556338,7.012612595368494e-05
4,merged_fibers_output_z_m0p025,111,-0.007816153578460217,0.00045592221431434155,-0.008272075792774558,0.008272075792774558,6.842723792140683e-05
4,merged_fibers_output_z_m0p025,112,-0.007303623482584953,0.0006965533830225468,-0.0080001768656075,0.0080001768656075,6.400282988100144e-05
4,merged_fibers_output_z_m0p025,113,-0.006823725998401642,0.0009371878113597631,-0.007760913809761405,0.007760913809761405,6.0231783162545286e-05
4,merged_fibers_output_z_m0p025,114,-0.005318827927112579,0.0011398099595680833,-0.006458637886680663,0.006458637886680663,4.1714003351266856e-05
4,merged_fibers_output_z_m0p025,115,-0.005513358395546675,0.0009419294074177742,-0.006455287802964449,0.006455287802964449,4.167074061910158e-05
4,merged_fibers_output_z_m0p025,116,-0.00607271958142519,0.0007135649211704731,-0.006786284502595663,0.006786284502595663,4.6053657350170066e-05
4,merged_fibers_output_z_m0p025,117,-0.006755469832569361,0.00048520241398364305,-0.007240672246553004,0.007240672246553004,5.242733458200292e-05
4,merged_fibers_output_z_m0p025,118,-0.007286762818694115,0.00025684188585728407,-0.007543604704551399,0.007543604704551399,5.6905971938529996e-05
4,merged_fibers_output_z_m0p025,119,-0.00752825103700161,2.848268923116848e-05,-0.007556733726232778,0.007556733726232778,5.710422460918393e-05
4,merged_fibers_output_z_m0p025,120,-0.007522507570683956,-0.00019987620180472732,-0.007322631368879229,0.007322631368879229,5.3620930164494085e-05
4,merged_fibers_output_z_m0p025,121,-0.0074159917421638966,-0.0004282357986085117,-0.006987755943555385,0.006987755943555385,4.8828733126693604e-05
4,merged_fibers_output_z_m0p025,122,-0.007335240952670574,-0.0006565966759808362,-0.006678644276689738,0.006678644276689738,4.460428937456059e-05
4,merged_fibers_output_z_m0p025,123,-0.007314589805901051,-0.0008849587175063789,-0.006429631088394672,0.006429631088394672,4.134015593285125e-05
4,merged_fibers_output_z_m0p025,124,-0.006266378797590733,-0.0010785210179165006,-0.005187857779674232,0.005187857779674232,2.6913868342126452e-05
4,merged_fibers_output_z_m0p025,125,-0.00628093583509326,-0.0008957621175795794,-0.0053851737175136805,0.0053851737175136805,2.9000095967800113e-05
4,merged_fibers_output_z_m0p025,126,-0.00629704724997282,-0.0006796685047447681,-0.005617378745228052,0.005617378745228052,3.1554943967339886e-05
4,merged_fibers_output_z_m0p025,127,-0.006391474045813084,-0.0004635755030903965,-0.005927898542722687,0.005927898542722687,3.513998113281376e-05
4,merged_fibers_output_z_m0p025,128,-0.006562415976077318,-0.0002474831126164645,-0.006314932863460854,0.006314932863460854,3.9878377070017896e-05
4,merged_fibers_output_z_m0p025,129,-0.006689334288239479,-3.139102045679465e-05,-0.006657943267782684,0.006657943267782684,4.432820855701277e-05
4,merged_fibers_output_z_m0p025,130,-0.006585792638361454,0.00018470120267011225,-0.006770493841031566,0.006770493841031566,4.583958685144637e-05
4,merged_fibers_output_z_m0p025,131,-0.006140928715467453,0.00040079408790916204,-0.006541722803376615,0.006541722803376615,4.27941372362176e-05
4,merged_fibers_output_z_m0p025,132,-0.0054417988285422325,0.0006168882246129215,-0.006058687053155154,0.006058687053155154,3.670768880806988e-05
4,merged_fibers_output_z_m0p025,133,-0.00476810522377491,0.0008329838747158647,-0.005601089098490775,0.005601089098490775,3.13721990892322e-05
4,merged_fibers_output_z_m0p025,134,-0.0039631458930671215,0.0010170229943469167,-0.004980168887414038,0.004980168887414038,2.480208214716678e-05
4,merged_fibers_output_z_m0p025,135,-0.004715194925665855,0.0006450567743740976,-0.005360251700039953,0.005360251700039953,2.8732298287781206e-05
4,merged_fibers_output_z_m0p025,136,-0.0053673842921853065,0.0004412299022078514,-0.005808614194393158,0.005808614194393158,3.3739998859305675e-05
4,merged_fibers_output_z_m0p025,137,-0.005770331248641014,0.00023740380129311234,-0.0060077350499341264,0.0060077350499341264,3.6092880430207004e-05
4,merged_fibers_output_z_m0p025,138,-0.005786650348454714,3.357815876370296e-05,-0.005820228507218417,0.005820228507218417,3.387505987623792e-05
4,merged_fibers_output_z_m0p025,139,-0.005522940773516893,-0.00017024729459080845,-0.005352693478926085,0.005352693478926085,2.8651327479337834e-05
4,merged_fibers_output_z_m0p025,140,-0.005209614522755146,-0.0003740728134289384,-0.004835541709326208,0.004835541709326208,2.3382463622633422e-05
4,merged_fibers_output_z_m0p025,141,-0.005019832402467728,-0.0005778985214419663,-0.004441933881025761,0.004441933881025761,1.9730776603404583e-05
4,merged_fibers_output_z_m0p025,142,-0.004972160793840885,-0.0007817244040779769,-0.004190436389762908,0.004190436389762908,1.7559757136649196e-05
4,merged_fibers_output_z_m0p025,143,-0.0034507098607718945,-0.0009557188022881746,-0.00249499105848372,0.00249499105848372,6.224980381913713e-06
4,merged_fibers_output_z_m0p025,144,-0.003486761124804616,-0.000610163901001215,-0.002876597223803401,0.002876597223803401,8.274811587993434e-06
4,merged_fibers_output_z_m0p025,145,-0.0036762745585292578,-0.00041860470082610846,-0.0032576698577031493,0.0032576698577031493,1.0612412901787657e-05
4,merged_fibers_output_z_m0p025,146,-0.004114838317036629,-0.00022704570437781513,-0.0038877926126588136,0.0038877926126588136,1.5114931399044443e-05
4,merged_fibers_output_z_m0p025,147,-0.004679796285927296,-3.548671884345822e-05,-0.0046443095670838375,0.0046443095670838375,2.156961135490646e-05
4,merged_fibers_output_z_m0p025,148,-0.005090272985398769,0.00015607220120728016,-0.0052463451866060495,0.0052463451866060495,2.7524137817024465e-05
4,merged_fibers_output_z_m0p025,149,-0.0051031094044446945,0.0003476314013823867,-0.005450740805827081,0.005450740805827081,2.971057533230846e-05
4,merged_fibers_output_z_m0p025,150,-0.004712705034762621,0.000539190776180476,-0.005251895810943097,0.005251895810943097,2.758240960900165e-05
4,merged_fibers_output_z_m0p025,151,-0.004186572972685099,0.0007307502091862261,-0.004917323181871325,0.004917323181871325,2.418006727496913e-05
4,merged_fibers_output_z_m0p025,152,-0.004071210045367479,0.0008942338754422963,-0.004965443920809776,0.004965443920809776,2.4655633330706757e-05
4,merged_fibers_output_z_m0p025,153,-0.004539093933999538,0.0005745879025198519,-0.00511368183651939,0.00511368183651939,2.6149741925148325e-05
4,merged_fibers_output_z_m0p025,154,-0.004799259826540947,0.00039529570494778454,-0.0051945555314887315,0.0051945555314887315,2.6983407169720177e-05
4,merged_fibers_output_z_m0p025,155,-0.004632584284991026,0.00021600349282380193,-0.004848587777814828,0.004848587777814828,2.350880343917533e-05
4,merged_fibers_output_z_m0p025,156,-0.003981314599514008,3.671125159598887e-05,-0.0040180258511099964,0.0040180258511099964,1.614453174018821e-05
4,merged_fibers_output_z_m0p025,157,-0.003097616136074066,-0.00014258110604714602,-0.00295503503002692,0.00295503503002692,8.7322320286862e-06
4,merged_fibers_output_z_m0p025,158,-0.0023495638743042946,-0.00032187349279411137,-0.002027690381510183,0.002027690381510183,4.111528283268912e-06
4,merged_fibers_output_z_m0p025,159,-0.0019585229456424713,-0.0005011662724427879,-0.0014573566731996834,0.0014573566731996834,2.123888472919649e-06
4,merged_fibers_output_z_m0p025,160,-0.001878549112007022,-0.0006804593722335994,-0.0011980897397734225,0.0011980897397734225,1.4354190245503472e-06
4,merged_fibers_output_z_m0p025,161,-0.00034864083863794804,-0.0008329299162141979,0.00048428907757624984,0.00048428907757624984,2.3453591065965493e-07
4,merged_fibers_output_z_m0p025,162,-0.00036241929046809673,-0.0005386985139921308,0.00017627922352403402,0.00017627922352403402,3.107436464623635e-08
4,merged_fibers_output_z_m0p025,163,-0.0006571324774995446,-0.00037167189293541014,-0.0002854605845641345,0.0002854605845641345,8.148774533969737e-08
4,merged_fibers_output_z_m0p025,164,-0.001444106688722968,-0.00020464579574763775,-0.0012394608929753304,0.0012394608929753304,1.5362633052152033e-06
4,merged_fibers_output_z_m0p025,165,-0.0026223596651107073,-3.762004052987322e-05,-0.002584739624580834,0.002584739624580834,6.680878926878271e-06
4,merged_fibers_output_z_m0p025,166,-0.0038010026328265667,0.00012940559827256948,-0.003930408231099136,0.003930408231099136,1.5448108863091842e-05
4,merged_fibers_output_z_m0p025,167,-0.004555622581392527,0.0002964310988318175,-0.004852053680224344,0.004852053680224344,2.35424249157786e-05
4,merged_fibers_output_z_m0p025,168,-0.0047286455519497395,0.00046345649752765894,-0.005192102049477398,0.005192102049477398,2.69579236921874e-05
4,merged_fibers_output_z_m0p025,169,-0.004529050085693598,0.000630481808912009,-0.005159531894605607,0.005159531894605607,2.6620769371452522e-05
4,merged_fibers_output_z_m0p025,170,-0.00452486053109169,0.000771452090702951,-0.005296312621794641,0.005296312621794641,2.8050927387781224e-05
4,merged_fibers_output_z_m0p025,171,-0.004741613753139973,0.0005021578981541097,-0.005243771651294082,0.005243771651294082,2.7497141130915468e-05
4,merged_fibers_output_z_m0p025,172,-0.004611627198755741,0.00034739880356937647,-0.004959026002325118,0.004959026002325118,2.4591938891736637e-05
4,merged_fibers_output_z_m0p025,173,-0.0038588743191212416,0.0001926397962961346,-0.004051514115417376,0.004051514115417376,1.6414766627426243e-05
4,merged_fibers_output_z_m0p025,174,-0.0025024311617016792,3.7880810850765556e-05,-0.002540311972552445,0.002540311972552445,6.453184917893293e-06
4,merged_fibers_output_z_m0p025,175,-0.0009496302809566259,-0.00011687829828588292,-0.000832751982670743,0.000832751982670743,6.934758646420534e-07
4,merged_fibers_output_z_m0p025,176,0.00027634709840640426,-0.0002716378076002002,0.0005479849060066044,0.0005479849060066044,3.002874572110671e-07
4,merged_fibers_output_z_m0p025,177,0.0008920475956983864,-0.00042639789171516895,0.0013184454874135554,0.0013184454874135554,1.7382985032811676e-06
4,merged_fibers_output_z_m0p025,178,0.0010070204734802246,-0.0005811583832837641,0.0015881788567639887,0.0015881788567639887,2.5223120810721702e-06
4,merged_fibers_output_z_m0p025,179,0.002036493271589279,-0.0007101328228600323,0.0027466260944493115,0.0027466260944493115,7.543954902709878e-06
4,merged_fibers_output_z_m0p025,180,0.0020618122071027756,-0.0004652724019251764,0.002527084609027952,0.002527084609027952,6.386156621185957e-06
4,merged_fibers_output_z_m0p025,181,0.001699569053016603,-0.00032277809805236757,0.0020223471510689706,0.0020223471510689706,4.089887999436782e-06
4,merged_fibers_output_z_m0p025,182,0.0006499316077679396,-0.00018028459453489631,0.0008302162023028359,0.0008302162023028359,6.892589425661433e-07
4,merged_fibers_output_z_m0p025,183,-0.0010036320891231298,-3.779173857765272e-05,-0.0009658403505454771,0.0009658403505454771,9.328475827418101e-07
4,merged_fibers_output_z_m0p025,184,-0.0027708280831575394,0.00010470079723745584,-0.002875528880394995,0.002875528880394995,8.268666341985695e-06
4,merged_fibers_output_z_m0p025,185,-0.004068945534527302,0.00024719341308809817,-0.0043161389476154,0.0043161389476154,1.862905541512257e-05
4,merged_fibers_output_z_m0p025,186,-0.0046196505427360535,0.00038968640728853643,-0.00500933695002459,0.00500933695002459,2.509345667888166e-05
4,merged_fibers_output_z_m0p025,187,-0.00460806442424655,0.0005321800126694143,-0.005140244436915964,0.005140244436915964,2.6422112871245515e-05
4,merged_fibers_output_z_m0p025,188,-0.004080914426594973,0.0006486846250481904,-0.004729599051643163,0.004729599051643163,2.2369107189303907e-05
4,merged_fibers_output_z_m0p025,189,-0.004336643032729626,0.0004277692933101207,-0.004764412326039746,0.004764412326039746,2.2699624812519466e-05
4,merged_fibers_output_z_m0p025,190,-0.004170173779129982,0.00029754071147181094,-0.004467714490601793,0.004467714490601793,1.9960472769533237e-05
4,merged_fibers_output_z_m0p025,191,-0.003246079897508025,0.00016731349751353264,-0.003413393395021558,0.003413393395021558,1.1651254469176797e-05
4,merged_fibers_output_z_m0p025,192,-0.0015754845226183534,3.708713120431639e-05,-0.0016125716538226698,0.0016125716538226698,2.6003873387123803e-06
4,merged_fibers_output_z_m0p025,193,0.00034946875530295074,-9.313911141362041e-05,0.00044260786671657115,0.00044260786671657115,1.9590172367939401e-07
4,merged_fibers_output_z_m0p025,194,0.0018813221249729395,-0.00022336610709317029,0.0021046882320661098,0.0021046882320661098,4.429712554197567e-06
4,merged_fibers_output_z_m0p025,195,0.002657875418663025,-0.0003535946016199887,0.0030114700202830136,0.0030114700202830136,9.068951683063374e-06
4,merged_fibers_output_z_m0p025,196,0.0028035324066877365,-0.0004838246095459908,0.0032873570162337273,0.0032873570162337273,1.0806716152181114e-05
4,merged_fibers_output_z_m0p025,197,0.0031251306645572186,-0.0005873574991710484,0.003712488163728267,0.003712488163728267,1.378256836582248e-05
4,merged_fibers_output_z_m0p025,198,0.003186891321092844,-0.00038989228778518736,0.0035767836088780314,0.0035767836088780314,1.2793380984738553e-05
4,merged_fibers_output_z_m0p025,199,0.002814355306327343,-0.00027192579000256956,0.0030862810963299125,0.0030862810963299125,9.525131005563366e-06
4,merged_fibers_output_z_m0p025,200,0.0016813804395496845,-0.00015396240632981062,0.0018353428458794951,0.0018353428458794951,3.3684833619210443e-06
4,merged_fibers_output_z_m0p025,201,-0.00012037987471558154,-3.600136915338226e-05,-8.437850556219928e-05,8.437850556219928e-05,7.119732200910095e-09
4,merged_fibers_output_z_m0p025,202,-0.0020278592128306627,8.195891859941185e-05,-0.0021098181314300746,0.0021098181314300746,4.451332547711091e-06
4,merged_fibers_output_z_m0p025,203,-0.003369928104802966,0.00019992029410786927,-0.0035698483989108354,0.0035698483989108354,1.2743817591206254e-05
4,merged_fibers_output_z_m0p025,204,-0.0038358154706656933,0.0003178842016495764,-0.00415369967231527,0.00415369967231527,1.725322096779198e-05
4,merged_fibers_output_z_m0p025,205,-0.0036689462140202522,0.00043585090315900743,-0.00410479711717926,0.00410479711717926,1.684935937320316e-05
4,merged_fibers_output_z_m0p025,206,-0.0024618911556899548,0.0005259520839899778,-0.0029878432396799326,0.0029878432396799326,8.927207224901075e-06
4,merged_fibers_output_z_m0p025,207,-0.003034634282812476,0.0003514353884384036,-0.0033860696712508798,0.0033860696712508798,1.1465467818565041e-05
4,merged_fibers_output_z_m0p025,208,-0.0032366327941417694,0.0002457287919241935,-0.003482361586065963,0.003482361586065963,1.2126842216107848e-05
4,merged_fibers_output_z_m0p025,209,-0.0026464476250112057,0.00014002789976075292,-0.0027864755247719586,0.0027864755247719586,7.764445850153162e-06
4,merged_fibers_output_z_m0p025,210,-0.0011682751355692744,3.433120946283452e-05,-0.001202606345032109,0.001202606345032109,1.446262021111488e-06
4,merged_fibers_output_z_m0p025,211,0.0007187963929027319,-7.136441126931459e-05,0.0007901608041720465,0.0007901608041720465,6.243540964498152e-07
4,merged_fibers_output_z_m0p025,212,0.0023016876075416803,-0.0001770624949131161,0.0024787501024547964,0.0024787501024547964,6.144202070419664e-06
4,merged_fibers_output_z_m0p025,213,0.0031354157254099846,-0.00028276589000597596,0.0034181816154159606,0.0034181816154159606,1.1683965555967666e-05
4,merged_fibers_output_z_m0p025,214,0.003301603253930807,-0.00038847530959174037,0.0036900785635225475,0.0036900785635225475,1.3616679804968628e-05
4,merged_fibers_output_z_m0p025,215,0.003130292985588312,-0.0004646620946004987,0.003594955080188811,0.003594955080188811,1.292370202857534e-05
4,merged_fibers_output_z_m0p025,216,0.0032104593701660633,-0.0003125884977634996,0.003523047867929563,0.003523047867929563,1.2411866279723038e-05
4,merged_fibers_output_z_m0p025,217,0.0028679841198027134,-0.0002191324019804597,0.003087116521783173,0.003087116521783173,9.530288419066637e-06
4,merged_fibers_output_z_m0p025,218,0.0017955307848751545,-0.00012568759848363698,0.0019212183833587915,0.0019212183833587915,3.6910800765557682e-06
4,merged_fibers_output_z_m0p025,219,0.00011276121949777007,-3.2251118682324886e-05,0.00014501233818009496,0.00014501233818009496,2.1028578224458226e-08
4,merged_fibers_output_z_m0p025,220,-0.001574325142428279,6.118285818956792e-05,-0.0016355080006178468,0.0016355080006178468,2.674886420084987e-06
4,merged_fibers_output_z_m0p025,221,-0.00257084215991199,0.00015462130249943584,-0.002725463462411426,0.002725463462411426,7.428151084939678e-06
4,merged_fibers_output_z_m0p025,222,-0.0026034959591925144,0.00024806929286569357,-0.002851565252058208,0.002851565252058208,8.131424386745791e-06
4,merged_fibers_output_z_m0p025,223,-0.002026679925620556,0.0003415280079934746,-0.0023682079336140305,0.0023682079336140305,5.608408816832436e-06
4,merged_fibers_output_z_m0p025,224,-0.000589040748309344,0.0004033820878248662,-0.0009924228361342102,0.0009924228361342102,9.849030856806695e-07
4,merged_fibers_output_z_m0p025,225,-0.0015023652231320739,0.0002732237917371094,-0.0017755890148691833,0.0017755890148691833,3.152716349724117e-06
4,merged_fibers_output_z_m0p025,226,-0.0021929615177214146,0.0001920023059938103,-0.002384963823715225,0.002384963823715225,5.688052440430346e-06
4,merged_fibers_output_z_m0p025,227,-0.0021288208663463593,0.00011080170224886388,-0.002239622568595223,0.002239622568595223,5.015909249761065e-06
4,merged_fibers_output_z_m0p025,228,-0.0010745106264948845,2.961704012705013e-05,-0.0011041276666219346,0.0011041276666219346,1.219097904199998e-06
4,merged_fibers_output_z_m0p025,229,0.0005593022797256708,-5.1562779844971374e-05,0.0006108650595706422,0.0006108650595706422,3.731561210042442e-07
4,merged_fibers_output_z_m0p025,230,0.002043886575847864,-0.00013275089440867305,0.002176637470256537,0.002176637470256537,4.737750676924778e-06
4,merged_fibers_output_z_m0p025,231,0.0028679189272224903,-0.0002139571006409824,0.0030818760278634727,0.0030818760278634727,9.497959851119536e-06
4,merged_fibers_output_z_m0p025,232,0.0030466769821941853,-0.0002951835922431201,0.0033418605744373053,0.0033418605744373053,1.1168032098978436e-05
4,merged_fibers_output_z_m0p025,233,0.0028139823116362095,-0.0003423085145186633,0.0031562908261548728,0.0031562908261548728,9.962171779269408e-06
4,merged_fibers_output_z_m0p025,234,0.0028932965360581875,-0.00023351020354311913,0.0031268067396013066,0.0031268067396013066,9.776920386816153e-06
4,merged_fibers_output_z_m0p025,235,0.002587870229035616,-0.0001644891017349437,0.0027523593307705596,0.0027523593307705596,7.5754818856797625e-06
4,merged_fibers_output_z_m0p025,236,0.0016045736847445369,-9.550635877531022e-05,0.001700080043519847,0.001700080043519847,2.890272154374445e-06
4,merged_fibers_output_z_m0p025,237,8.048512972891331e-05,-2.65535491053015e-05,0.0001070386788342148,0.0001070386788342148,1.1457278766574185e-08
4,merged_fibers_output_z_m0p025,238,-0.0013634387869387865,4.238983092363924e-05,-0.0014058286178624257,0.0014058286178624257,1.976354102800978e-06
4,merged_fibers_output_z_m0p025,239,-0.002032798482105136,0.0001113480975618586,-0.0021441465796669945,0.0021441465796669945,4.597364555097671e-06
4,merged_fibers_output_z_m0p025,240,-0.00168990483507514,0.00018033980450127274,-0.0018702446395764127,0.0018702446395764127,3.4978150118643058e-06
4,merged_fibers_output_z_m0p025,241,-0.000767853925935924,0.0002493695938028395,-0.0010172235197387636,0.0010172235197387636,1.0347436891097187e-06
4,merged_fibers_output_z_m0p025,242,-3.291206667199731e-05,0.0003484426124487072,-0.00038135467912070453,0.00038135467912070453,1.4543139128725552e-07
4,merged_fibers_output_z_m0p025,243,-0.008769169449806213,-0.023082120344042778,0.014312950894236565,0.014312950894236565,0.00020486056330082728
4,merged_fibers_output_z_m0p025,244,-0.008927227929234505,-0.021228669211268425,0.01230144128203392,0.01230144128203392,0.00015132545761532834
4,merged_fibers_output_z_m0p025,245,-0.009283439256250858,-0.019401080906391144,0.010117641650140285,0.010117641650140285,0.00010236667256065344
4,merged_fibers_output_z_m0p025,246,-0.008830519393086433,-0.01756523922085762,0.008734719827771187,0.008734719827771187,7.629533046965911e-05
4,merged_fibers_output_z_m0p025,247,-0.007095199078321457,-0.015787189826369286,0.008691990748047829,0.008691990748047829,7.555070316414905e-05
4,merged_fibers_output_z_m0p025,248,-0.005093107931315899,-0.012368200346827507,0.007275092415511608,0.007275092415511608,5.2926969654234525e-05
4,merged_fibers_output_z_m0p025,249,-0.0056146737188100815,-0.01076378021389246,0.005149106495082378,0.005149106495082378,2.6513297697699535e-05
4,merged_fibers_output_z_m0p025,250,-0.0047929189167916775,-0.00925148744136095,0.004458568524569273,0.004458568524569273,1.9878833288279824e-05
4,merged_fibers_output_z_m0p025,251,-0.002428716514259577,-0.0077797481790184975,0.005351031664758921,0.005351031664758921,2.8633539877252626e-05
4,merged_fibers_output_z_m0p025,252,-0.0003678746288642287,-0.0064050909131765366,0.006037216284312308,0.006037216284312308,3.644798046356571e-05
4,merged_fibers_output_z_m0p025,253,0.0020745336078107357,-0.003992671146988869,0.006067204754799604,0.006067204754799604,3.681097353666293e-05
4,merged_fibers_output_z_m0p025,254,0.0018216180615127087,-0.003023388097062707,0.004845006158575416,0.004845006158575416,2.3474084676633705e-05
4,merged_fibers_output_z_m0p025,255,-0.0006967500085011125,-0.002159440889954567,0.0014626908814534545,0.0014626908814534545,2.1394646146870837e-06
4,merged_fibers_output_z_m0p025,256,-0.0029550378676503897,-0.0013981430092826486,-0.001556894858367741,0.001556894858367741,2.4239216000119086e-06
4,merged_fibers_output_z_m0p025,257,-0.0022225596476346254,-0.0007720493013039231,-0.0014505103463307023,0.0014505103463307023,2.103980264812414e-06
5,merged_fibers_output_z_m0p030,0,-0.008812375366687775,-0.0013859870377928019,-0.007426388328894973,0.007426388328894973,5.515124361154747e-05
5,merged_fibers_output_z_m0p030,1,-0.008502554148435593,-0.0012630850542336702,-0.007239469094201922,0.007239469094201922,5.24099127659048e-05
5,merged_fibers_output_z_m0p030,2,-0.007312944624572992,-0.0011403559474274516,-0.006172588677145541,0.006172588677145541,3.8100850977225336e-05
5,merged_fibers_output_z_m0p030,3,-0.004967553075402975,-0.0010176709620282054,-0.00394988211337477,0.00394988211337477,1.5601568709557937e-05
5,merged_fibers_output_z_m0p030,4,-0.001887876191176474,-0.0008949994808062911,-0.000992876710370183,0.000992876710370183,9.858041619955162e-07
5,merged_fibers_output_z_m0p030,5,0.0009710613521747291,-0.0007723227026872337,0.0017433840548619628,0.0017433840548619628,3.0393879627469393e-06
5,merged_fibers_output_z_m0p030,6,0.002740232739597559,-0.0006496664718724787,0.0033898992114700377,0.0033898992114700377,1.1491416663925183e-05
5,merged_fibers_output_z_m0p030,7,0.0032217497937381268,-0.0005270388210192323,0.003748788614757359,0.003748788614757359,1.4053416078134399e-05
5,merged_fibers_output_z_m0p030,8,0.0029640644788742065,-0.00040456769056618214,0.0033686321694403887,0.0033686321694403887,1.134768269298866e-05
5,merged_fibers_output_z_m0p030,9,-0.008767838589847088,-0.0009264255058951676,-0.00784141308395192,0.00784141308395192,6.148775915317236e-05
5,merged_fibers_output_z_m0p030,10,-0.00850087869912386,-0.0008445210987702012,-0.007656357600353658,0.007656357600353658,5.861981170449323e-05
5,merged_fibers_output_z_m0p030,11,-0.007366701029241085,-0.0007627098239026964,-0.006603991205338389,0.006603991205338389,4.361269984018678e-05
5,merged_fibers_output_z_m0p030,12,-0.005056662485003471,-0.0006809188053011894,-0.004375743679702282,0.004375743679702282,1.9147132750454467e-05
5,merged_fibers_output_z_m0p030,13,-0.001968432916328311,-0.0005991326761431992,-0.0013693002401851118,0.0013693002401851118,1.8749831477710048e-06
5,merged_fibers_output_z_m0p030,14,0.0009399153059348464,-0.0005173480021767318,0.0014572633081115782,0.0014572633081115782,2.1236163491683006e-06
5,merged_fibers_output_z_m0p030,15,0.002771399449557066,-0.0004355667042545974,0.0032069661538116634,0.0032069661538116634,1.0284631911693573e-05
5,merged_fibers_output_z_m0p030,16,0.0032957291696220636,-0.0003538031887728721,0.0036495323583949357,0.0036495323583949357,1.33190864349717e-05
5,merged_fibers_output_z_m0p030,17,0.0030473745428025723,-0.00027212078566662967,0.003319495328469202,0.003319495328469202,1.1019049235728854e-05
5,merged_fibers_output_z_m0p030,18,0.0020649745129048824,-0.00013318669516593218,0.0021981612080708146,0.0021981612080708146,4.831912696667343e-06
5,merged_fibers_output_z_m0p030,19,0.002288849325850606,-0.00017404320533387363,0.0024628925311844796,0.0024628925311844796,6.065839620164293e-06
5,merged_fibers_output_z_m0p030,20,0.0018680887296795845,-0.0002149327046936378,0.0020830214343732223,0.0020830214343732223,4.338978296058276e-06
5,merged_fibers_output_z_m0p030,21,0.0002905376022681594,-0.00025582819944247603,0.0005463658017106354,0.0005463658017106354,2.985155892789054e-07
5,merged_fibers_output_z_m0p030,22,-0.00229918141849339,-0.00029672510572709143,-0.0020024563127662987,0.0020024563127662987,4.0098312845376005e-06
5,merged_fibers_output_z_m0p030,23,-0.0051409583538770676,-0.00033762300154194236,-0.004803335352335125,0.004803335352335125,2.30720305069924e-05
5,merged_fibers_output_z_m0p030,24,-0.007366204168647528,-0.0003785215085372329,-0.006987682660110295,0.006987682660110295,4.8827708958406086e-05
5,merged_fibers_output_z_m0p030,25,-0.008558121509850025,-0.0004194251087028533,-0.008138696401147172,0.008138696401147172,6.623837911004593e-05
5,merged_fibers_output_z_m0p030,26,-0.008922547101974487,-0.0004603606939781457,-0.008462186407996342,0.008462186407996342,7.160859880367803e-05
5,merged_fibers_output_z_m0p030,27,-0.009619360789656639,-8.089727998594753e-08,-0.009619279892376653,0.009619279892376653,9.25305456478818e-05
5,merged_fibers_output_z_m0p030,28,-0.00891310628503561,-7.15433898790252e-08,-0.008913034741645731,0.008913034741645731,7.944218830578378e-05
5,merged_fibers_output_z_m0p030,29,-0.007643185555934906,-6.275835318092504e-08,-0.007643122797581725,0.007643122797581725,5.84173260989135e-05
5,merged_fibers_output_z_m0p030,30,-0.005884123966097832,-5.366636912640388e-08,-0.005884070299728705,0.005884070299728705,3.462228329214946e-05
5,merged_fibers_output_z_m0p030,31,-0.003930486738681793,-4.426376065680415e-08,-0.003930442474921136,0.003930442474921136,1.5448378048664187e-05
5,merged_fibers_output_z_m0p030,32,-0.0022117868065834045,-3.567392070635833e-08,-0.002211751132662698,0.002211751132662698,4.891843072834728e-06
5,merged_fibers_output_z_m0p030,33,-0.0010724926833063364,-2.7802819602129603e-08,-0.0010724648804867343,0.0010724648804867343,1.1501809198774253e-06
5,merged_fibers_output_z_m0p030,34,-0.0005784961977042258,-2.025250012138713e-08,-0.0005784759452041044,0.0005784759452041044,3.3463441917978196e-07
5,merged_fibers_output_z_m0p030,35,-0.00050648971227929,-1.3811660259932523e-08,-0.00050647590061903,0.00050647590061903,2.565178379078576e-07
5,merged_fibers_output_z_m0p030,36,-0.0022071150597184896,0.00013152830069884658,-0.0023386433604173362,0.0023386433604173362,5.469252767224091e-06
5,merged_fibers_output_z_m0p030,37,-0.0028863060288131237,0.0001723692985251546,-0.0030586753273382783,0.0030586753273382783,9.355494758067924e-06
5,merged_fibers_output_z_m0p030,38,-0.003639307338744402,0.00021324330009520054,-0.0038525506388396025,0.0038525506388396025,1.4842146424823429e-05
5,merged_fibers_output_z_m0p030,39,-0.004217685200273991,0.0002541228896006942,-0.004471808089874685,0.004471808089874685,1.9997067592668677e-05
5,merged_fibers_output_z_m0p030,40,-0.004723186604678631,0.0002950030902866274,-0.005018189694965258,0.005018189694965258,2.518222781465551e-05
5,merged_fibers_output_z_m0p030,41,-0.005522883031517267,0.0003358829126227647,-0.005858765944140032,0.005858765944140032,3.432513838821504e-05
5,merged_fibers_output_z_m0p030,42,-0.0068930210545659065,0.0003767632006201893,-0.007269784255186096,0.007269784255186096,5.284976311695166e-05
5,merged_fibers_output_z_m0p030,43,-0.00868176482617855,0.0004176482034381479,-0.009099413029616699,0.009099413029616699,8.279931748355815e-05
5,merged_fibers_output_z_m0p030,44,-0.010286669246852398,0.0004585623973980546,-0.010745231644250453,0.010745231644250453,0.00011546000308860128
5,merged_fibers_output_z_m0p030,45,-0.011022018268704414,0.0009328235173597932,-0.011954841786064208,0.011954841786064208,0.00014291824212982684
5,merged_fibers_output_z_m0p030,46,-0.008679566904902458,0.000850923708640039,-0.009530490613542497,0.009530490613542497,9.083025133482164e-05
5,merged_fibers_output_z_m0p030,47,-0.006160084158182144,0.0007691296050325036,-0.006929213763214648,0.006929213763214648,4.80140033763233e-05
5,merged_fibers_output_z_m0p030,48,-0.00468088872730732,0.0006873561069369316,-0.005368244834244251,0.005368244834244251,2.881805260039009e-05
5,merged_fibers_output_z_m0p030,49,-0.004467037506401539,0.0006055852863937616,-0.0050726227927953005,0.0050726227927953005,2.5731501997986394e-05
5,merged_fibers_output_z_m0p030,50,-0.004724742844700813,0.0005238162120804191,-0.005248559056781232,0.005248559056781232,2.75473721725203e-05
5,merged_fibers_output_z_m0p030,51,-0.004419185221195221,0.0004420508921612054,-0.004861236113356426,0.004861236113356426,2.3631616549800693e-05
5,merged_fibers_output_z_m0p030,52,-0.0031919749453663826,0.00036030029878020287,-0.0035522752441465855,0.0035522752441465855,1.2618659410176683e-05
5,merged_fibers_output_z_m0p030,53,-0.0016611567698419094,0.00027862010756507516,-0.0019397768774069846,0.0019397768774069846,3.7627343341227916e-06
5,merged_fibers_output_z_m0p030,54,-0.008790617808699608,-0.001207267981953919,-0.007583349826745689,0.007583349826745689,5.750719459480387e-05
5,merged_fibers_output_z_m0p030,55,-0.008761821314692497,-0.000904951011762023,-0.007856870302930474,0.007856870302930474,6.17304109570708e-05
5,merged_fibers_output_z_m0p030,56,-0.008870802819728851,-0.0006027672789059579,-0.008268035540822893,0.008268035540822893,6.836041170431051e-05
5,merged_fibers_output_z_m0p030,57,-0.009226227179169655,-0.00030065811006352305,-0.008925569069106132,0.008925569069106132,7.96657832073841e-05
5,merged_fibers_output_z_m0p030,58,-0.00982450507581234,1.4198450344338198e-06,-0.009825924920846774,0.009825924920846774,9.654880055011768e-05
5,merged_fibers_output_z_m0p030,59,-0.0105444910004735,0.0003034975961782038,-0.010847988596651703,0.010847988596651703,0.00011767885659308538
5,merged_fibers_output_z_m0p030,60,-0.011218622326850891,0.0006056110723875463,-0.011824233399238437,0.011824233399238437,0.00013981249547966577
5,merged_fibers_output_z_m0p030,61,-0.011721617542207241,0.0009077897993847728,-0.012629407341592014,0.012629407341592014,0.00015950192979985824
5,merged_fibers_output_z_m0p030,62,-0.012011358514428139,0.0012101080501452088,-0.013221466564573348,0.013221466564573348,0.00017480717811813094
5,merged_fibers_output_z_m0p030,63,-0.012023195624351501,0.0014784210361540318,-0.013501616660505533,0.013501616660505533,0.0001822936524472406
5,merged_fibers_output_z_m0p030,64,-0.008823584765195847,-0.0014475439675152302,-0.007376040797680616,0.007376040797680616,5.4405977849048904e-05
5,merged_fibers_output_z_m0p030,65,-0.008796526119112968,-0.001166517031379044,-0.007630009087733924,0.007630009087733924,5.821703867890227e-05
5,merged_fibers_output_z_m0p030,66,-0.008767628110945225,-0.0008766594110056758,-0.007890968699939549,0.007890968699939549,6.226738702342566e-05
5,merged_fibers_output_z_m0p030,67,-0.008865779265761375,-0.0005868541193194687,-0.008278925146441907,0.008278925146441907,6.854060158038814e-05
5,merged_fibers_output_z_m0p030,68,-0.009194053709506989,-0.0002970829955302179,-0.00889697071397677,0.00889697071397677,7.915608788536032e-05
5,merged_fibers_output_z_m0p030,69,-0.009747699834406376,-7.328800165851135e-06,-0.009740371034240525,0.009740371034240525,9.487482788467183e-05
5,merged_fibers_output_z_m0p030,70,-0.010409326292574406,0.00028242490952834487,-0.01069175120210275,0.01069175120210275,0.00011431354376766561
5,merged_fibers_output_z_m0p030,71,-0.01101940032094717,0.0005721942870877683,-0.011591594608034939,0.011591594608034939,0.00013436506555702466
5,merged_fibers_output_z_m0p030,72,-0.011463823728263378,0.0008619970758445561,-0.012325820804107934,0.012325820804107934,0.00015192585849497996
5,merged_fibers_output_z_m0p030,73,-0.011712942272424698,0.0011518510291352868,-0.012864793301559985,0.012864793301559985,0.00016550290669186264
5,merged_fibers_output_z_m0p030,74,-0.010907231830060482,0.0013856400037184358,-0.012292871833778918,0.012292871833778918,0.00015111469792171504
5,merged_fibers_output_z_m0p030,75,-0.010887586511671543,0.0011223029578104615,-0.012009889469482005,0.012009889469482005,0.00014423744506917473
5,merged_fibers_output_z_m0p030,76,-0.010777899995446205,0.0008447985164821148,-0.01162269851192832,0.01162269851192832,0.00013508712069918078
5,merged_fibers_output_z_m0p030,77,-0.010525439865887165,0.0005673173000104725,-0.011092757165897638,0.011092757165897638,0.00012304926154157339
5,merged_fibers_output_z_m0p030,78,-0.010112712159752846,0.0002898557868320495,-0.010402567946584895,0.010402567946584895,0.00010821341988331548
5,merged_fibers_output_z_m0p030,79,-0.009610358625650406,1.2404960216372274e-05,-0.009622763585866778,0.009622763585866778,9.259757902948366e-05
5,merged_fibers_output_z_m0p030,80,-0.00915416982024908,-0.0002650455862749368,-0.008889124233974144,0.008889124233974144,7.901652964702641e-05
5,merged_fibers_output_z_m0p030,81,-0.008863918483257294,-0.0005425061099231243,-0.00832141237333417,0.00832141237333417,6.924590388707901e-05
5,merged_fibers_output_z_m0p030,82,-0.00876661017537117,-0.0008199859876185656,-0.007946624187752604,0.007946624187752604,6.314883598137474e-05
5,merged_fibers_output_z_m0p030,83,-0.008786537684500217,-0.001097489963285625,-0.0076890477212145925,0.0076890477212145925,5.912145485911532e-05
5,merged_fibers_output_z_m0p030,84,-0.008730481378734112,-0.0013242480345070362,-0.007406233344227076,0.007406233344227076,5.485229234914097e-05
5,merged_fibers_output_z_m0p030,85,-0.008715054020285606,-0.0010780399898067117,-0.007637014030478895,0.007637014030478895,5.832398330173149e-05
5,merged_fibers_output_z_m0p030,86,-0.008697460405528545,-0.0008128414046950638,-0.007884619000833482,0.007884619000833482,6.216721678830437e-05
5,merged_fibers_output_z_m0p030,87,-0.008762748911976814,-0.000547654926776886,-0.008215093985199928,0.008215093985199928,6.748776918566804e-05
5,merged_fibers_output_z_m0p030,88,-0.008963984437286854,-0.0002824797120410949,-0.008681504725245759,0.008681504725245759,7.536852429446444e-05
5,merged_fibers_output_z_m0p030,89,-0.009264389984309673,-1.731134943838697e-05,-0.009247078634871286,0.009247078634871286,8.550846327949301e-05
5,merged_fibers_output_z_m0p030,90,-0.009551329538226128,0.00024785648565739393,-0.009799186023883522,0.009799186023883522,9.602404673067414e-05
5,merged_fibers_output_z_m0p030,91,-0.009714511223137379,0.0005130302160978317,-0.01022754143923521,0.01022754143923521,0.00010460260389127344
5,merged_fibers_output_z_m0p030,92,-0.009725856594741344,0.0007782144821248949,-0.01050407107686624,0.01050407107686624,0.00011033550918785787
5,merged_fibers_output_z_m0p030,93,-0.00965570192784071,0.0010434100404381752,-0.010699111968278885,0.010699111968278885,0.00011447099690976847
5,merged_fibers_output_z_m0p030,94,-0.00808269064873457,0.0012626319658011198,-0.00934532261453569,0.00934532261453569,8.733505476975217e-05
5,merged_fibers_output_z_m0p030,95,-0.00819386262446642,0.001033034990541637,-0.009226897615008056,0.009226897615008056,8.513563959784136e-05
5,merged_fibers_output_z_m0p030,96,-0.008463362231850624,0.0007801247993484139,-0.009243487031199038,0.009243487031199038,8.54420524959448e-05
5,merged_fibers_output_z_m0p030,97,-0.008746697567403316,0.0005272197886370122,-0.009273917356040329,0.009273917356040329,8.600554312666604e-05
5,merged_fibers_output_z_m0p030,98,-0.008892946876585484,0.0002743205986917019,-0.009167267475277185,0.009167267475277185,8.403879296327494e-05
5,merged_fibers_output_z_m0p030,99,-0.008854940533638,2.142511038982775e-05,-0.008876365644027828,0.008876365644027828,7.878986704647756e-05
5,merged_fibers_output_z_m0p030,100,-0.008703146129846573,-0.00023146999592427164,-0.008471676133922301,0.008471676133922301,7.176929651806871e-05
5,merged_fibers_output_z_m0p030,101,-0.008555997163057327,-0.00048436838551424444,-0.008071628777543083,0.008071628777543083,6.515119112246165e-05
5,merged_fibers_output_z_m0p030,102,-0.008488232269883156,-0.0007372726104222238,-0.007750959659460932,0.007750959659460932,6.0077375642590724e-05
5,merged_fibers_output_z_m0p030,103,-0.008490268141031265,-0.0009901829762384295,-0.007500085164792836,0.007500085164792836,5.625127747914558e-05
5,merged_fibers_output_z_m0p030,104,-0.00804541353136301,-0.001201341045089066,-0.006844072486273944,0.006844072486273944,4.684132819737201e-05
5,merged_fibers_output_z_m0p030,105,-0.008046126924455166,-0.000987852574326098,-0.007058274350129068,0.007058274350129068,4.9819236801689916e-05
5,merged_fibers_output_z_m0p030,106,-0.008047531358897686,-0.0007472187280654907,-0.007300312630832195,0.007300312630832195,5.329456450788809e-05
5,merged_fibers_output_z_m0p030,107,-0.00809924490749836,-0.00050658721011132,-0.00759265769738704,0.00759265769738704,5.764845090969066e-05
5,merged_fibers_output_z_m0p030,108,-0.008199500851333141,-0.0002659588062670082,-0.007933542045066133,0.007933542045066133,6.294108938083213e-05
5,merged_fibers_output_z_m0p030,109,-0.00826253928244114,-2.5332290533697233e-05,-0.008237206991907442,0.008237206991907442,6.785157902752884e-05
5,merged_fibers_output_z_m0p030,110,-0.008158844895660877,0.00021529410150833428,-0.008374138997169212,0.008374138997169212,7.012620394391017e-05
5,merged_fibers_output_z_m0p030,111,-0.007816159166395664,0.00045592221431434155,-0.008272081380710006,0.008272081380710006,6.842733036908916e-05
5,merged_fibers_output_z_m0p030,112,-0.007303630001842976,0.0006965533830225468,-0.008000183384865522,0.008000183384865522,6.400293419147837e-05
5,merged_fibers_output_z_m0p030,113,-0.006823733914643526,0.0009371878113597631,-0.007760921726003289,0.007760921726003289,6.0231906037149874e-05
5,merged_fibers_output_z_m0p030,114,-0.0053188372403383255,0.0011398099595680833,-0.006458647199906409,0.006458647199906409,4.1714123652858895e-05
5,merged_fibers_output_z_m0p030,115,-0.005513367243111134,0.0009419294074177742,-0.006455296650528908,0.006455296650528908,4.1670854846329736e-05
5,merged_fibers_output_z_m0p030,116,-0.006072726100683212,0.0007135649211704731,-0.006786291021853685,0.006786291021853685,4.605374583329194e-05
5,merged_fibers_output_z_m0p030,117,-0.006755473557859659,0.00048520241398364305,-0.007240675971843302,0.007240675971843302,5.242738852922895e-05
5,merged_fibers_output_z_m0p030,118,-0.007286764215677977,0.00025684188585728407,-0.007543606101535261,0.007543606101535261,5.6905993015120014e-05
5,merged_fibers_output_z_m0p030,119,-0.007528252433985472,2.848268923116848e-05,-0.00755673512321664,0.00755673512321664,5.710424572245601e-05
5,merged_fibers_output_z_m0p030,120,-0.007522509898990393,-0.00019987620180472732,-0.007322633697185665,0.007322633697185665,5.3620964263159003e-05
5,merged_fibers_output_z_m0p030,121,-0.007415992673486471,-0.0004282357986085117,-0.0069877568748779595,0.0069877568748779595,4.8828746142404183e-05
5,merged_fibers_output_z_m0p030,122,-0.007335239555686712,-0.0006565966759808362,-0.006678642879705876,0.006678642879705876,4.4604270714645994e-05
5,merged_fibers_output_z_m0p030,123,-0.007314587011933327,-0.0008849587175063789,-0.006429628294426948,0.006429628294426948,4.134012000449558e-05
5,merged_fibers_output_z_m0p030,124,-0.006266375072300434,-0.0010785210179165006,-0.0051878540543839335,0.0051878540543839335,2.6913829689587817e-05
5,merged_fibers_output_z_m0p030,125,-0.006280932575464249,-0.0008957621175795794,-0.005385170457884669,0.005385170457884669,2.900006086047378e-05
5,merged_fibers_output_z_m0p030,126,-0.006297046318650246,-0.0006796685047447681,-0.0056173778139054775,0.0056173778139054775,3.155493350415748e-05
5,merged_fibers_output_z_m0p030,127,-0.006391475442796946,-0.0004635755030903965,-0.005927899939706549,0.005927899939706549,3.513999769517291e-05
5,merged_fibers_output_z_m0p030,128,-0.006562417838722467,-0.0002474831126164645,-0.006314934726106003,0.006314934726106003,3.98784005949795e-05
5,merged_fibers_output_z_m0p030,129,-0.006689335219562054,-3.139102045679465e-05,-0.006657944199105259,0.006657944199105259,4.432822095839937e-05
5,merged_fibers_output_z_m0p030,130,-0.006585793104022741,0.00018470120267011225,-0.006770494306692854,0.006770494306692854,4.583959315696034e-05
5,merged_fibers_output_z_m0p030,131,-0.0061409310437738895,0.00040079408790916204,-0.006541725131683052,0.006541725131683052,4.279416769849364e-05
5,merged_fibers_output_z_m0p030,132,-0.005441803485155106,0.0006168882246129215,-0.006058691709768027,0.006058691709768027,3.6707745234011816e-05
5,merged_fibers_output_z_m0p030,133,-0.004768114071339369,0.0008329838747158647,-0.0056010979460552335,0.0056010979460552335,3.1372298201304155e-05
5,merged_fibers_output_z_m0p030,134,-0.003963157534599304,0.0010170229943469167,-0.004980180528946221,0.004980180528946221,2.480219810089506e-05
5,merged_fibers_output_z_m0p030,135,-0.004715202376246452,0.0006450567743740976,-0.00536025915062055,0.00536025915062055,2.873237816181134e-05
5,merged_fibers_output_z_m0p030,136,-0.00536738708615303,0.0004412299022078514,-0.005808616988360882,0.005808616988360882,3.374003131747464e-05
5,merged_fibers_output_z_m0p030,137,-0.005770331714302301,0.00023740380129311234,-0.006007735515595414,0.006007735515595414,3.6092886025346495e-05
5,merged_fibers_output_z_m0p030,138,-0.005786651745438576,3.357815876370296e-05,-0.005820229904202279,0.005820229904202279,3.387507613777047e-05
5,merged_fibers_output_z_m0p030,139,-0.005522940773516893,-0.00017024729459080845,-0.005352693478926085,0.005352693478926085,2.8651327479337834e-05
5,merged_fibers_output_z_m0p030,140,-0.005209616385400295,-0.0003740728134289384,-0.004835543571971357,0.004835543571971357,2.338248163643351e-05
5,merged_fibers_output_z_m0p030,141,-0.005019833333790302,-0.0005778985214419663,-0.004441934812348336,0.004441934812348336,1.9730784877152047e-05
5,merged_fibers_output_z_m0p030,142,-0.0049721598625183105,-0.0007817244040779769,-0.004190435458440334,0.004190435458440334,1.755974933135405e-05
5,merged_fibers_output_z_m0p030,143,-0.0034507098607718945,-0.0009557188022881746,-0.00249499105848372,0.00249499105848372,6.224980381913713e-06
5,merged_fibers_output_z_m0p030,144,-0.003486761823296547,-0.000610163901001215,-0.002876597922295332,0.002876597922295332,8.27481560655382e-06
5,merged_fibers_output_z_m0p030,145,-0.003676275722682476,-0.00041860470082610846,-0.0032576710218563676,0.0032576710218563676,1.061242048664271e-05
5,merged_fibers_output_z_m0p030,146,-0.004114838317036629,-0.00022704570437781513,-0.0038877926126588136,0.0038877926126588136,1.5114931399044443e-05
5,merged_fibers_output_z_m0p030,147,-0.004679795820266008,-3.548671884345822e-05,-0.00464430910142255,0.00464430910142255,2.1569607029556334e-05
5,merged_fibers_output_z_m0p030,148,-0.005090272985398769,0.00015607220120728016,-0.0052463451866060495,0.0052463451866060495,2.7524137817024465e-05
5,merged_fibers_output_z_m0p030,149,-0.005103112198412418,0.0003476314013823867,-0.005450743599794805,0.005450743599794805,2.971060579070403e-05
5,merged_fibers_output_z_m0p030,150,-0.004712711554020643,0.000539190776180476,-0.005251902330201119,0.005251902330201119,2.7582478085971946e-05
5,merged_fibers_output_z_m0p030,151,-0.004186582751572132,0.0007307502091862261,-0.004917332960758358,0.004917332960758358,2.418016344696056e-05
5,merged_fibers_output_z_m0p030,152,-0.004071222618222237,0.0008942338754422963,-0.004965456493664533,0.004965456493664533,2.4655758190475277e-05
5,merged_fibers_output_z_m0p030,153,-0.004539102781563997,0.0005745879025198519,-0.005113690684083849,0.005113690684083849,2.6149832412485946e-05
5,merged_fibers_output_z_m0p030,154,-0.004799265414476395,0.00039529570494778454,-0.005194561119424179,0.005194561119424179,2.698346522343338e-05
5,merged_fibers_output_z_m0p030,155,-0.0046325866132974625,0.00021600349282380193,-0.004848590106121264,0.004848590106121264,2.3508826017177014e-05
5,merged_fibers_output_z_m0p030,156,-0.003981315065175295,3.671125159598887e-05,-0.004018026316771284,0.004018026316771284,1.6144535482266608e-05
5,merged_fibers_output_z_m0p030,157,-0.003097615670412779,-0.00014258110604714602,-0.002955034564365633,0.002955034564365633,8.732229276595585e-06
5,merged_fibers_output_z_m0p030,158,-0.0023495638743042946,-0.00032187349279411137,-0.002027690381510183,0.002027690381510183,4.111528283268912e-06
5,merged_fibers_output_z_m0p030,159,-0.0019585241097956896,-0.0005011662724427879,-0.0014573578373529017,0.0014573578373529017,2.1238918660939267e-06
5,merged_fibers_output_z_m0p030,160,-0.001878551091067493,-0.0006804593722335994,-0.0011980917188338935,0.0011980917188338935,1.4354237667383534e-06
5,merged_fibers_output_z_m0p030,161,-0.00034864514600485563,-0.0008329299162141979,0.00048428477020934224,0.00048428477020934224,2.3453173865671542e-07
5,merged_fibers_output_z_m0p030,162,-0.0003624212695285678,-0.0005386985139921308,0.00017627724446356297,0.00017627724446356297,3.107366691566674e-08
5,merged_fibers_output_z_m0p030,163,-0.0006571327103301883,-0.00037167189293541014,-0.00028546081739477813,0.00028546081739477813,8.148787826769487e-08
5,merged_fibers_output_z_m0p030,164,-0.0014441055245697498,-0.00020464579574763775,-0.001239459728822112,0.001239459728822112,1.5362604193717836e-06
5,merged_fibers_output_z_m0p030,165,-0.0026223594322800636,-3.762004052987322e-05,-0.0025847393917501904,0.0025847393917501904,6.680877723265145e-06
5,merged_fibers_output_z_m0p030,166,-0.003801005193963647,0.00012940559827256948,-0.003930410792236216,0.003930410792236216,1.5448128995726923e-05
5,merged_fibers_output_z_m0p030,167,-0.004555628634989262,0.0002964310988318175,-0.004852059733821079,0.004852059733821079,2.354248366056788e-05
5,merged_fibers_output_z_m0p030,168,-0.004728654399514198,0.00046345649752765894,-0.005192110897041857,0.005192110897041857,2.69580155671808e-05
5,merged_fibers_output_z_m0p030,169,-0.0045290617272257805,0.000630481808912009,-0.0051595435361377895,0.0051595435361377895,2.6620889501301245e-05
5,merged_fibers_output_z_m0p030,170,-0.00452487263828516,0.000771452090702951,-0.005296324728988111,0.005296324728988111,2.8051055634890988e-05
5,merged_fibers_output_z_m0p030,171,-0.004741624929010868,0.0005021578981541097,-0.005243782827164978,0.005243782827164978,2.7497258338470327e-05
5,merged_fibers_output_z_m0p030,172,-0.004611635580658913,0.00034739880356937647,-0.004959034384228289,0.004959034384228289,2.4592022023958447e-05
5,merged_fibers_output_z_m0p030,173,-0.0038588799070566893,0.0001926397962961346,-0.004051519703352824,0.004051519703352824,1.6414811906656153e-05
5,merged_fibers_output_z_m0p030,174,-0.0025024330243468285,3.7880810850765556e-05,-0.002540313835197594,0.002540313835197594,6.453194381296309e-06
5,merged_fibers_output_z_m0p030,175,-0.0009496293496340513,-0.00011687829828588292,-0.0008327510513481684,0.0008327510513481684,6.934743135214798e-07
5,merged_fibers_output_z_m0p030,176,0.0002763482043519616,-0.0002716378076002002,0.0005479860119521618,0.0005479860119521618,3.002886692952348e-07
5,merged_fibers_output_z_m0p030,177,0.0008920467225834727,-0.00042639789171516895,0.0013184446142986417,0.0013184446142986417,1.738296200973094e-06
5,merged_fibers_output_z_m0p030,178,0.0010070166317746043,-0.0005811583832837641,0.0015881750150583684,0.0015881750150583684,2.522299878455649e-06
5,merged_fibers_output_z_m0p030,179,0.002036488614976406,-0.0007101328228600323,0.0027466214378364384,0.0027466214378364384,7.543929322782704e-06
5,merged_fibers_output_z_m0p030,180,0.0020618096459656954,-0.0004652724019251764,0.0025270820478908718,0.0025270820478908718,6.386143676772322e-06
5,merged_fibers_output_z_m0p030,181,0.0016995694022625685,-0.00032277809805236757,0.002022347500314936,0.002022347500314936,4.08988941203007e-06
5,merged_fibers_output_z_m0p030,182,0.0006499321898445487,-0.00018028459453489631,0.000830216784379445,0.000830216784379445,6.892599090653459e-07
5,merged_fibers_output_z_m0p030,183,-0.0010036329040303826,-3.779173857765272e-05,-0.0009658411654527299,0.0009658411654527299,9.328491568830875e-07
5,merged_fibers_output_z_m0p030,184,-0.0027708320412784815,0.00010470079723745584,-0.0028755328385159373,0.0028755328385159373,8.268689105383524e-06
5,merged_fibers_output_z_m0p030,185,-0.004068952985107899,0.00024719341308809817,-0.004316146398195997,0.004316146398195997,1.8629119730660276e-05
5,merged_fibers_output_z_m0p030,186,-0.0046196612529456615,0.00038968640728853643,-0.005009347660234198,0.005009347660234198,2.5093563981093833e-05
5,merged_fibers_output_z_m0p030,187,-0.004608076065778732,0.0005321800126694143,-0.005140256078448147,0.005140256078448147,2.642223255202312e-05
5,merged_fibers_output_z_m0p030,188,-0.004080926068127155,0.0006486846250481904,-0.004729610693175346,0.004729610693175346,2.2369217308998574e-05
5,merged_fibers_output_z_m0p030,189,-0.0043366532772779465,0.0004277692933101207,-0.004764422570588067,0.004764422570588067,2.2699722431129005e-05
5,merged_fibers_output_z_m0p030,190,-0.004170182626694441,0.00029754071147181094,-0.004467723338166252,0.004467723338166252,1.9960551826395395e-05
5,merged_fibers_output_z_m0p030,191,-0.0032460871152579784,0.00016731349751353264,-0.003413400612771511,0.003413400612771511,1.1651303743268927e-05
5,merged_fibers_output_z_m0p030,192,-0.0015754878986626863,3.708713120431639e-05,-0.0016125750298670027,0.0016125750298670027,2.6003982269505648e-06
5,merged_fibers_output_z_m0p030,193,0.0003494675038382411,-9.313911141362041e-05,0.0004426066152518615,0.0004426066152518615,1.9590061586470937e-07
5,merged_fibers_output_z_m0p030,194,0.0018813216593116522,-0.00022336610709317029,0.0021046877664048225,0.0021046877664048225,4.4297105940541206e-06
5,merged_fibers_output_z_m0p030,195,0.002657874021679163,-0.0003535946016199887,0.0030114686232991517,0.0030114686232991517,9.068943269115288e-06
5,merged_fibers_output_z_m0p030,196,0.002803530776873231,-0.0004838246095459908,0.0032873553864192218,0.0032873553864192218,1.080670543661947e-05
5,merged_fibers_output_z_m0p030,197,0.0031251320615410805,-0.0005873574991710484,0.003712489560712129,0.003712489560712129,1.3782578738396536e-05
5,merged_fibers_output_z_m0p030,198,0.0031868917867541313,-0.00038989228778518736,0.0035767840745393187,0.0035767840745393187,1.279338431587809e-05
5,merged_fibers_output_z_m0p030,199,0.0028143541421741247,-0.00027192579000256956,0.0030862799321766943,0.0030862799321766943,9.52512381975658e-06
5,merged_fibers_output_z_m0p030,200,0.0016813783440738916,-0.00015396240632981062,0.0018353407504037023,0.0018353407504037023,3.368475670092425e-06
5,merged_fibers_output_z_m0p030,201,-0.00012038482236675918,-3.600136915338226e-05,-8.438345321337692e-05,8.438345321337692e-05,7.120567176214172e-09
5,merged_fibers_output_z_m0p030,202,-0.0020278645679354668,8.195891859941185e-05,-0.0021098234865348786,0.0021098234865348786,4.451355144334191e-06
5,merged_fibers_output_z_m0p030,203,-0.0033699350897222757,0.00019992029410786927,-0.003569855383830145,0.003569855383830145,1.2743867461461071e-05
5,merged_fibers_output_z_m0p030,204,-0.003835823852568865,0.0003178842016495764,-0.004153708054218441,0.004153708054218441,1.725329059967915e-05
5,merged_fibers_output_z_m0p030,205,-0.0036689559929072857,0.00043585090315900743,-0.004104806896066293,0.004104806896066293,1.6849439653993395e-05
5,merged_fibers_output_z_m0p030,206,-0.0024619014002382755,0.0005259520839899778,-0.0029878534842282534,0.0029878534842282534,8.927268443214913e-06
5,merged_fibers_output_z_m0p030,207,-0.0030346421990543604,0.0003514353884384036,-0.003386077587492764,0.003386077587492764,1.1465521428520817e-05
5,merged_fibers_output_z_m0p030,208,-0.0032366393133997917,0.0002457287919241935,-0.0034823681053239852,0.0034823681053239852,1.2126887620977762e-05
5,merged_fibers_output_z_m0p030,209,-0.002646453445777297,0.00014002789976075292,-0.00278648134553805,0.00278648134553805,7.764478289031541e-06
5,merged_fibers_output_z_m0p030,210,-0.0011682817712426186,3.433120946283452e-05,-0.001202612980705453,0.001202612980705453,1.4462779813612546e-06
5,merged_fibers_output_z_m0p030,211,0.0007187897572293878,-7.136441126931459e-05,0.0007901541684987023,0.0007901541684987023,6.243436099958757e-07
5,merged_fibers_output_z_m0p030,212,0.0023016829509288073,-0.0001770624949131161,0.0024787454458419234,0.0024787454458419234,6.144178985282075e-06
5,merged_fibers_output_z_m0p030,213,0.00313541479408741,-0.00028276589000597596,0.003418180684093386,0.003418180684093386,1.1683959189109128e-05
5,merged_fibers_output_z_m0p030,214,0.0033016069792211056,-0.00038847530959174037,0.003690082288812846,0.003690082288812846,1.3616707298210252e-05
5,merged_fibers_output_z_m0p030,215,0.0031303041614592075,-0.0004646620946004987,0.003594966256059706,0.003594966256059706,1.2923782382207941e-05
5,merged_fibers_output_z_m0p030,216,0.0032104633282870054,-0.0003125884977634996,0.003523051826050505,0.003523051826050505,1.2411894169037797e-05
5,merged_fibers_output_z_m0p030,217,0.0028679806273430586,-0.0002191324019804597,0.0030871130293235183,0.0030871130293235183,9.53026685581903e-06
5,merged_fibers_output_z_m0p030,218,0.001795522402971983,-0.00012568759848363698,0.00192121000145562,0.00192121000145562,3.691047869693103e-06
5,merged_fibers_output_z_m0p030,219,0.00011275222641415894,-3.2251118682324886e-05,0.00014500334509648383,0.00014500334509648383,2.102597008916998e-08
5,merged_fibers_output_z_m0p030,220,-0.001574331196025014,6.118285818956792e-05,-0.0016355140542145818,0.0016355140542145818,2.674906221533418e-06
5,merged_fibers_output_z_m0p030,221,-0.002570846350863576,0.00015462130249943584,-0.0027254676533630118,0.0027254676533630118,7.428173929528082e-06
5,merged_fibers_output_z_m0p030,222,-0.002603501547127962,0.00024806929286569357,-0.0028515708399936557,0.0028515708399936557,8.131456255502123e-06
5,merged_fibers_output_z_m0p030,223,-0.002026687376201153,0.0003415280079934746,-0.0023682153841946274,0.0023682153841946274,5.608444105936107e-06
5,merged_fibers_output_z_m0p030,224,-0.0005890501197427511,0.0004033820878248662,-0.0009924322075676173,0.0009924322075676173,9.849216866175342e-07
5,merged_fibers_output_z_m0p030,225,-0.0015023708110675216,0.0002732237917371094,-0.001775594602804631,0.001775594602804631,3.1527361935089353e-06
5,merged_fibers_output_z_m0p030,226,-0.0021929640788584948,0.0001920023059938103,-0.002384966384852305,0.002384966384852305,5.688064656875473e-06
5,merged_fibers_output_z_m0p030,227,-0.0021288238931447268,0.00011080170224886388,-0.0022396255953935906,0.0022396255953935906,5.015922807542095e-06
5,merged_fibers_output_z_m0p030,228,-0.0010745186591520905,2.961704012705013e-05,-0.0011041356992791407,0.0011041356992791407,1.219115642422637e-06
5,merged_fibers_output_z_m0p030,229,0.0005592921515926719,-5.1562779844971374e-05,0.0006108549314376432,0.0006108549314376432,3.731437472616878e-07
5,merged_fibers_output_z_m0p030,230,0.002043877262622118,-0.00013275089440867305,0.002176628157030791,0.002176628157030791,4.737710133979258e-06
5,merged_fibers_output_z_m0p030,231,0.0028679168317466974,-0.0002139571006409824,0.00308187393238768,0.00308187393238768,9.497946935130701e-06
5,merged_fibers_output_z_m0p030,232,0.003046685364097357,-0.0002951835922431201,0.003341868956340477,0.003341868956340477,1.1168088121352187e-05
5,merged_fibers_output_z_m0p030,233,0.0028140004724264145,-0.0003423085145186633,0.0031563089869450778,0.0031563089869450778,9.962286421070262e-06
5,merged_fibers_output_z_m0p030,234,0.002893303520977497,-0.00023351020354311913,0.0031268137245206162,0.0031268137245206162,9.776964067850488e-06
5,merged_fibers_output_z_m0p030,235,0.002587865572422743,-0.0001644891017349437,0.0027523546741576865,0.0027523546741576865,7.575456252357665e-06
5,merged_fibers_output_z_m0p030,236,0.0016045623924583197,-9.550635877531022e-05,0.0017000687512336299,0.0017000687512336299,2.8902337589210735e-06
5,merged_fibers_output_z_m0p030,237,8.047313895076513e-05,-2.65535491053015e-05,0.00010702668805606663,0.00010702668805606663,1.1454711956250596e-08
5,merged_fibers_output_z_m0p030,238,-0.001363445888273418,4.238983092363924e-05,-0.0014058357191970572,0.0014058357191970572,1.976374069370307e-06
5,merged_fibers_output_z_m0p030,239,-0.002032800577580929,0.0001113480975618586,-0.0021441486751427874,0.0021441486751427874,4.59737354111657e-06
5,merged_fibers_output_z_m0p030,240,-0.0016899072797968984,0.00018033980450127274,-0.001870247084298171,0.001870247084298171,3.49782415632581e-06
5,merged_fibers_output_z_m0p030,241,-0.0007678596884943545,0.0002493695938028395,-0.001017229282297194,0.001017229282297194,1.0347554127628644e-06
5,merged_fibers_output_z_m0p030,242,-3.292132169008255e-05,0.0003484426124487072,-0.0003813639341387898,0.0003813639341387898,1.4543845026181518e-07
5,merged_fibers_output_z_m0p030,243,-0.008769168518483639,-0.027698539197444916,0.018929370678961277,0.018929370678961277,0.0003583210743015189
5,merged_fibers_output_z_m0p030,244,-0.008927224203944206,-0.02547439932823181,0.016547175124287605,0.016547175124287605,0.0002738090045938425
5,merged_fibers_output_z_m0p030,245,-0.009283442981541157,-0.02328130044043064,0.013997857458889484,0.013997857458889484,0.00019594001343938797
5,merged_fibers_output_z_m0p030,246,-0.008830527774989605,-0.021078290417790413,0.012247762642800808,0.012247762642800808,0.00015000768975438703
5,merged_fibers_output_z_m0p030,247,-0.007095206528902054,-0.01894463039934635,0.011849423870444298,0.011849423870444298,0.00014040884606145512
5,merged_fibers_output_z_m0p030,248,-0.005093115381896496,-0.014841839671134949,0.009748724289238453,0.009748724289238453,9.503762526758778e-05
5,merged_fibers_output_z_m0p030,249,-0.005614675115793943,-0.012916529551148415,0.007301854435354471,0.007301854435354471,5.3317078195105764e-05
5,merged_fibers_output_z_m0p030,250,-0.0047929189167916775,-0.011101789772510529,0.006308870855718851,0.006308870855718851,3.980185147413871e-05
5,merged_fibers_output_z_m0p030,251,-0.002428716514259577,-0.009335697628557682,0.006906981114298105,0.006906981114298105,4.7706388113270696e-05
5,merged_fibers_output_z_m0p030,252,-0.00036787684075534344,-0.007686110213398933,0.00731823337264359,0.00731823337264359,5.3556539696474374e-05
5,merged_fibers_output_z_m0p030,253,0.002074531512334943,-0.004791204817593098,0.0068657363299280405,0.0068657363299280405,4.713833535209376e-05
5,merged_fibers_output_z_m0p030,254,0.0018216175958514214,-0.0036280660424381495,0.005449683638289571,0.005449683638289571,2.9699051757441054e-05
5,merged_fibers_output_z_m0p030,255,-0.0006967542576603591,-0.002591328928247094,0.001894574670586735,0.001894574670586735,3.5894131824288355e-06
5,merged_fibers_output_z_m0p030,256,-0.002955043688416481,-0.0016777720302343369,-0.0012772716581821442,0.0012772716581821442,1.6314228887953641e-06
5,merged_fibers_output_z_m0p030,257,-0.0022225661668926477,-0.0009264593245461583,-0.0012961068423464894,0.0012961068423464894,1.6798929467773876e-06
6,merged_fibers_output_z_m0p035,0,-0.008812380023300648,-0.0013859870377928019,-0.007426392985507846,0.007426392985507846,5.5151312775200136e-05
6,merged_fibers_output_z_m0p035,1,-0.008502550423145294,-0.0012630850542336702,-0.007239465368911624,0.007239465368911624,5.2409858827670716e-05
6,merged_fibers_output_z_m0p035,2,-0.007312933914363384,-0.0011403559474274516,-0.006172577966935933,0.006172577966935933,3.810071875790293e-05
6,merged_fibers_output_z_m0p035,3,-0.004967540502548218,-0.0010176709620282054,-0.003949869540520012,0.003949869540520012,1.5601469387127774e-05
6,merged_fibers_output_z_m0p035,4,-0.001887870137579739,-0.0008949994808062911,-0.000992870656773448,0.000992870656773448,9.85792141081738e-07
6,merged_fibers_output_z_m0p035,5,0.0009710590820759535,-0.0007723227026872337,0.0017433817847631872,0.0017433817847631872,3.039380047444076e-06
6,merged_fibers_output_z_m0p035,6,0.0027402248233556747,-0.0006496664718724787,0.0033898912952281535,0.0033898912952281535,1.1491362993463608e-05
6,merged_fibers_output_z_m0p035,7,0.0032217411790043116,-0.0005270388210192323,0.003748780000023544,0.003748780000023544,1.4053351488576521e-05
6,merged_fibers_output_z_m0p035,8,0.0029640577267855406,-0.00040456769056618214,0.0033686254173517227,0.0033686254173517227,1.1347637202428068e-05
6,merged_fibers_output_z_m0p035,9,-0.00876784510910511,-0.0009264255058951676,-0.007841419603209943,0.007841419603209943,6.148786139360517e-05
6,merged_fibers_output_z_m0p035,10,-0.008500879630446434,-0.0008445210987702012,-0.007656358531676233,0.007656358531676233,5.861982596557144e-05
6,merged_fibers_output_z_m0p035,11,-0.007366694509983063,-0.0007627098239026964,-0.006603984686080366,0.006603984686080366,4.361261373398399e-05
6,merged_fibers_output_z_m0p035,12,-0.0050566536374390125,-0.0006809188053011894,-0.004375734832137823,0.004375734832137823,1.9147055321184223e-05
6,merged_fibers_output_z_m0p035,13,-0.001968427561223507,-0.0005991326761431992,-0.0013692948850803077,0.0013692948850803077,1.8749684823070931e-06
6,merged_fibers_output_z_m0p035,14,0.0009399150731042027,-0.0005173480021767318,0.0014572630752809346,0.0014572630752809346,2.1236156705772468e-06
6,merged_fibers_output_z_m0p035,15,0.0027713957242667675,-0.0004355667042545974,0.003206962428521365,0.003206962428521365,1.028460801794765e-05
6,merged_fibers_output_z_m0p035,16,0.003295725444331765,-0.0003538031887728721,0.0036495286331046373,0.0036495286331046373,1.3319059243850601e-05
6,merged_fibers_output_z_m0p035,17,0.0030473729129880667,-0.00027212078566662967,0.0033194936986546963,0.0033194936986546963,1.1019038415408235e-05
6,merged_fibers_output_z_m0p035,18,0.002064979635179043,-0.00013318669516593218,0.002198166330344975,0.002198166330344975,4.831935215862294e-06
6,merged_fibers_output_z_m0p035,19,0.0022888523526489735,-0.00017404320533387363,0.002462895557982847,0.002462895557982847,6.06585452953164e-06
6,merged_fibers_output_z_m0p035,20,0.0018680898938328028,-0.0002149327046936378,0.0020830225985264406,0.0020830225985264406,4.3389831459718446e-06
6,merged_fibers_output_z_m0p035,21,0.0002905385917983949,-0.00025582819944247603,0.000546366791240871,0.000546366791240871,2.9851667057084546e-07
6,merged_fibers_output_z_m0p035,22,-0.00229917885735631,-0.00029672510572709143,-0.0020024537516292185,0.0020024537516292185,4.009821027413932e-06
6,merged_fibers_output_z_m0p035,23,-0.005140955559909344,-0.00033762300154194236,-0.004803332558367401,0.004803332558367401,2.3072003666272325e-05
6,merged_fibers_output_z_m0p035,24,-0.0073662023060023785,-0.0003785215085372329,-0.006987680797465146,0.006987680797465146,4.882768292726313e-05
6,merged_fibers_output_z_m0p035,25,-0.008558124303817749,-0.0004194251087028533,-0.008138699195114896,0.008138699195114896,6.623842458856385e-05
6,merged_fibers_output_z_m0p035,26,-0.008922554552555084,-0.0004603606939781457,-0.008462193858576939,0.008462193858576939,7.160872490013725e-05
6,merged_fibers_output_z_m0p035,27,-0.009619360789656639,-8.089727998594753e-08,-0.009619279892376653,0.009619279892376653,9.25305456478818e-05
6,merged_fibers_output_z_m0p035,28,-0.008913107216358185,-7.15433898790252e-08,-0.008913035672968306,0.008913035672968306,7.944220490760558e-05
6,merged_fibers_output_z_m0p035,29,-0.007643185555934906,-6.275835318092504e-08,-0.007643122797581725,0.007643122797581725,5.84173260989135e-05
6,merged_fibers_output_z_m0p035,30,-0.005884124897420406,-5.366636912640388e-08,-0.00588407123105128,0.00588407123105128,3.4622294252085325e-05
6,merged_fibers_output_z_m0p035,31,-0.003930488135665655,-4.426376065680415e-08,-0.003930443871904998,0.003930443871904998,1.5448389030195555e-05
6,merged_fibers_output_z_m0p035,32,-0.0022117886692285538,-3.567392070635833e-08,-0.0022117529953078474,0.0022117529953078474,4.891851312253235e-06
6,merged_fibers_output_z_m0p035,33,-0.0010724933817982674,-2.7802819602129603e-08,-0.0010724655789786652,0.0010724655789786652,1.1501824180940437e-06
6,merged_fibers_output_z_m0p035,34,-0.0005784949171356857,-2.025250012138713e-08,-0.0005784746646355643,0.0005784746646355643,3.3463293762522857e-07
6,merged_fibers_output_z_m0p035,35,-0.000506486336234957,-1.3811660259932523e-08,-0.000506472524574697,0.000506472524574697,2.565144181490671e-07
6,merged_fibers_output_z_m0p035,36,-0.0022071164567023516,0.00013152830069884658,-0.002338644757401198,0.002338644757401198,5.469259301320109e-06
6,merged_fibers_output_z_m0p035,37,-0.002886308589950204,0.0001723692985251546,-0.0030586778884753585,0.0030586778884753585,9.355510425448078e-06
6,merged_fibers_output_z_m0p035,38,-0.0036393108312040567,0.00021324330009520054,-0.0038525541312992573,0.0038525541312992573,1.4842173334590975e-05
6,merged_fibers_output_z_m0p035,39,-0.004217688459903002,0.0002541228896006942,-0.004471811349503696,0.004471811349503696,1.9997096745550066e-05
6,merged_fibers_output_z_m0p035,40,-0.004723188932985067,0.0002950030902866274,-0.005018192023271695,0.005018192023271695,2.5182251182427665e-05
6,merged_fibers_output_z_m0p035,41,-0.0055228834971785545,0.0003358829126227647,-0.005858766409801319,0.005858766409801319,3.432514384461624e-05
6,merged_fibers_output_z_m0p035,42,-0.006893020123243332,0.0003767632006201893,-0.007269783323863521,0.007269783323863521,5.2849749575924146e-05
6,merged_fibers_output_z_m0p035,43,-0.008681761100888252,0.0004176482034381479,-0.0090994093043264,0.0090994093043264,8.279924968766187e-05
6,merged_fibers_output_z_m0p035,44,-0.0102866655215621,0.0004585623973980546,-0.010745227918960154,0.010745227918960154,0.00011545992303040076
6,merged_fibers_output_z_m0p035,45,-0.011022020131349564,0.0009328235173597932,-0.011954843648709357,0.011954843648709357,0.00014291828666508643
6,merged_fibers_output_z_m0p035,46,-0.008679566904902458,0.000850923708640039,-0.009530490613542497,0.009530490613542497,9.083025133482164e-05
6,merged_fibers_output_z_m0p035,47,-0.006160082295536995,0.0007691296050325036,-0.0069292119005694985,0.0069292119005694985,4.801397756299396e-05
6,merged_fibers_output_z_m0p035,48,-0.004680885002017021,0.0006873561069369316,-0.005368241108953953,0.005368241108953953,2.8818012603863165e-05
6,merged_fibers_output_z_m0p035,49,-0.00446703564375639,0.0006055852863937616,-0.005072620930150151,0.005072620930150151,2.5731483100997386e-05
6,merged_fibers_output_z_m0p035,50,-0.004724742844700813,0.0005238162120804191,-0.005248559056781232,0.005248559056781232,2.75473721725203e-05
6,merged_fibers_output_z_m0p035,51,-0.004419186618179083,0.0004420508921612054,-0.004861237510340288,0.004861237510340288,2.3631630131939444e-05
6,merged_fibers_output_z_m0p035,52,-0.003191976575180888,0.00036030029878020287,-0.003552276873961091,0.003552276873961091,1.2618670989278781e-05
6,merged_fibers_output_z_m0p035,53,-0.0016611578175798059,0.00027862010756507516,-0.001939777925144881,0.001939777925144881,3.7627383988793796e-06
6,merged_fibers_output_z_m0p035,54,-0.008790627121925354,-0.001207267981953919,-0.007583359139971435,0.007583359139971435,5.75073358457883e-05
6,merged_fibers_output_z_m0p035,55,-0.008761830627918243,-0.000904951011762023,-0.00785687961615622,0.00785687961615622,6.173055730277112e-05
6,merged_fibers_output_z_m0p035,56,-0.008870813064277172,-0.0006027672789059579,-0.008268045785371214,0.008268045785371214,6.83605811089947e-05
6,merged_fibers_output_z_m0p035,57,-0.009226232767105103,-0.00030065811006352305,-0.00892557465704158,0.00892557465704158,7.96658829584229e-05
6,merged_fibers_output_z_m0p035,58,-0.00982450507581234,1.4198450344338198e-06,-0.009825924920846774,0.009825924920846774,9.654880055011768e-05
6,merged_fibers_output_z_m0p035,59,-0.0105444872751832,0.0003034975961782038,-0.010847984871361405,0.010847984871361405,0.00011767877576928591
6,merged_fibers_output_z_m0p035,60,-0.011218618601560593,0.0006056110723875463,-0.011824229673948139,0.011824229673948139,0.0001398124073822757
6,merged_fibers_output_z_m0p035,61,-0.011721618473529816,0.0009077897993847728,-0.012629408272914588,0.012629408272914588,0.00015950195332396343
6,merged_fibers_output_z_m0p035,62,-0.012011365033686161,0.0012101080501452088,-0.01322147308383137,0.01322147308383137,0.00017480735050647738
6,merged_fibers_output_z_m0p035,63,-0.012023204006254673,0.0014784210361540318,-0.013501625042408705,0.013501625042408705,0.00018229387878579786
6,merged_fibers_output_z_m0p035,64,-0.008823592215776443,-0.0014475439675152302,-0.007376048248261213,0.007376048248261213,5.440608776067731e-05
6,merged_fibers_output_z_m0p035,65,-0.00879653450101614,-0.001166517031379044,-0.007630017469637096,0.007630017469637096,5.821716658696727e-05
6,merged_fibers_output_z_m0p035,66,-0.008767636492848396,-0.0008766594110056758,-0.00789097708184272,0.00789097708184272,6.226751930616706e-05
6,merged_fibers_output_z_m0p035,67,-0.008865788578987122,-0.0005868541193194687,-0.008278934459667653,0.008278934459667653,6.854075578747253e-05
6,merged_fibers_output_z_m0p035,68,-0.009194059297442436,-0.0002970829955302179,-0.008896976301912218,0.008896976301912218,7.915618731678761e-05
6,merged_fibers_output_z_m0p035,69,-0.00974770076572895,-7.328800165851135e-06,-0.0097403719655631,0.0097403719655631,9.487484602752756e-05
6,merged_fibers_output_z_m0p035,70,-0.010409323498606682,0.00028242490952834487,-0.010691748408135027,0.010691748408135027,0.00011431348402285787
6,merged_fibers_output_z_m0p035,71,-0.011019398458302021,0.0005721942870877683,-0.01159159274538979,0.01159159274538979,0.0001343650223749732
6,merged_fibers_output_z_m0p035,72,-0.011463824659585953,0.0008619970758445561,-0.012325821735430509,0.012325821735430509,0.00015192588145361116
6,merged_fibers_output_z_m0p035,73,-0.01171294879168272,0.0011518510291352868,-0.012864799820818007,0.012864799820818007,0.000165503074429719
6,merged_fibers_output_z_m0p035,74,-0.010907239280641079,0.0013856400037184358,-0.012292879284359515,0.012292879284359515,0.00015111488109983528
6,merged_fibers_output_z_m0p035,75,-0.010887591168284416,0.0011223029578104615,-0.012009894126094878,0.012009894126094878,0.00014423755692000823
6,merged_fibers_output_z_m0p035,76,-0.010777899995446205,0.0008447985164821148,-0.01162269851192832,0.01162269851192832,0.00013508712069918078
6,merged_fibers_output_z_m0p035,77,-0.010525437071919441,0.0005673173000104725,-0.011092754371929914,0.011092754371929914,0.0001230491995559702
6,merged_fibers_output_z_m0p035,78,-0.010112710297107697,0.0002898557868320495,-0.010402566083939746,0.010402566083939746,0.0001082133811307335
6,merged_fibers_output_z_m0p035,79,-0.00961035955697298,1.2404960216372274e-05,-0.009622764517189353,0.009622764517189353,9.259759695327844e-05
6,merged_fibers_output_z_m0p035,80,-0.009154174476861954,-0.0002650455862749368,-0.008889128890587017,0.008889128890587017,7.901661243346877e-05
6,merged_fibers_output_z_m0p035,81,-0.008863926865160465,-0.0005425061099231243,-0.008321420755237341,0.008321420755237341,6.92460433856948e-05
6,merged_fibers_output_z_m0p035,82,-0.008766617625951767,-0.0008199859876185656,-0.007946631638333201,0.007946631638333201,6.314895439535822e-05
6,merged_fibers_output_z_m0p035,83,-0.00878654234111309,-0.001097489963285625,-0.0076890523778274655,0.0076890523778274655,5.91215264689742e-05
6,merged_fibers_output_z_m0p035,84,-0.008730482310056686,-0.0013242480345070362,-0.00740623427554965,0.00740623427554965,5.485230614432645e-05
6,merged_fibers_output_z_m0p035,85,-0.008715055882930756,-0.0010780399898067117,-0.007637015893124044,0.007637015893124044,5.832401175182924e-05
6,merged_fibers_output_z_m0p035,86,-0.008697465062141418,-0.0008128414046950638,-0.007884623657446355,0.007884623657446355,6.216729021956273e-05
6,merged_fibers_output_z_m0p035,87,-0.008762753568589687,-0.000547654926776886,-0.008215098641812801,0.008215098641812801,6.748784569471453e-05
6,merged_fibers_output_z_m0p035,88,-0.008963989093899727,-0.0002824797120410949,-0.008681509381858632,0.008681509381858632,7.536860514729945e-05
6,merged_fibers_output_z_m0p035,89,-0.009264390915632248,-1.731134943838697e-05,-0.009247079566193861,0.009247079566193861,8.550848050352004e-05
6,merged_fibers_output_z_m0p035,90,-0.009551326744258404,0.00024785648565739393,-0.009799183229915798,0.009799183229915798,9.6023991973463e-05
6,merged_fibers_output_z_m0p035,91,-0.009714508429169655,0.0005130302160978317,-0.010227538645267487,0.010227538645267487,0.0001046025467404399
6,merged_fibers_output_z_m0p035,92,-0.00972585566341877,0.0007782144821248949,-0.010504070145543665,0.010504070145543665,0.0001103354896225017
6,merged_fibers_output_z_m0p035,93,-0.009655705653131008,0.0010434100404381752,-0.010699115693569183,0.010699115693569183,0.00011447107662437839
6,merged_fibers_output_z_m0p035,94,-0.008082693442702293,0.0012626319658011198,-0.009345325408503413,0.009345325408503413,8.733510699081949e-05
6,merged_fibers_output_z_m0p035,95,-0.008193863555788994,0.001033034990541637,-0.00922689854633063,0.00922689854633063,8.513565678427831e-05
6,merged_fibers_output_z_m0p035,96,-0.00846336130052805,0.0007801247993484139,-0.009243486099876463,0.009243486099876463,8.544203527860939e-05
6,merged_fibers_output_z_m0p035,97,-0.008746694773435593,0.0005272197886370122,-0.009273914562072605,0.009273914562072605,8.600549130462231e-05
6,merged_fibers_output_z_m0p035,98,-0.00889294408261776,0.0002743205986917019,-0.009167264681309462,0.009167264681309462,8.403874173718386e-05
6,merged_fibers_output_z_m0p035,99,-0.008854939602315426,2.142511038982775e-05,-0.008876364712705254,0.008876364712705254,7.878985051295902e-05
6,merged_fibers_output_z_m0p035,100,-0.008703147992491722,-0.00023146999592427164,-0.00847167799656745,0.00847167799656745,7.176932807752509e-05
6,merged_fibers_output_z_m0p035,101,-0.008556000888347626,-0.00048436838551424444,-0.008071632502833381,0.008071632502833381,6.515125126079628e-05
6,merged_fibers_output_z_m0p035,102,-0.00848823320120573,-0.0007372726104222238,-0.007750960590783507,0.007750960590783507,6.0077390079879e-05
6,merged_fibers_output_z_m0p035,103,-0.008490266278386116,-0.0009901829762384295,-0.0075000833021476865,0.0075000833021476865,5.6251249539154545e-05
6,merged_fibers_output_z_m0p035,104,-0.008045406080782413,-0.001201341045089066,-0.0068440650356933475,0.0068440650356933475,4.684122621280018e-05
6,merged_fibers_output_z_m0p035,105,-0.008046120405197144,-0.000987852574326098,-0.007058267830871046,0.007058267830871046,4.9819144772309055e-05
6,merged_fibers_output_z_m0p035,106,-0.008047527633607388,-0.0007472187280654907,-0.007300308905541897,0.007300308905541897,5.329451011633433e-05
6,merged_fibers_output_z_m0p035,107,-0.00809924490749836,-0.00050658721011132,-0.00759265769738704,0.00759265769738704,5.764845090969066e-05
6,merged_fibers_output_z_m0p035,108,-0.008199501782655716,-0.0002659588062670082,-0.007933542976388708,0.007933542976388708,6.29411041582066e-05
6,merged_fibers_output_z_m0p035,109,-0.008262540213763714,-2.5332290533697233e-05,-0.008237207923230017,0.008237207923230017,6.785159437052336e-05
6,merged_fibers_output_z_m0p035,110,-0.008158842101693153,0.00021529410150833428,-0.008374136203201488,0.008374136203201488,7.012615714976983e-05
6,merged_fibers_output_z_m0p035,111,-0.00781615637242794,0.00045592221431434155,-0.008272078586742282,0.008272078586742282,6.842728414524019e-05
6,merged_fibers_output_z_m0p035,112,-0.007303628139197826,0.0006965533830225468,-0.008000181522220373,0.008000181522220373,6.400290438847629e-05
6,merged_fibers_output_z_m0p035,113,-0.0068237329833209515,0.0009371878113597631,-0.007760920794680715,0.007760920794680715,6.0231891581307535e-05
6,merged_fibers_output_z_m0p035,114,-0.005318834446370602,0.0011398099595680833,-0.006458644405938685,0.006458644405938685,4.171408756236307e-05
6,merged_fibers_output_z_m0p035,115,-0.00551336444914341,0.0009419294074177742,-0.006455293856561184,0.006455293856561184,4.167081877455656e-05
6,merged_fibers_output_z_m0p035,116,-0.0060727233067154884,0.0007135649211704731,-0.0067862882278859615,0.0067862882278859615,4.6053707911943584e-05
6,merged_fibers_output_z_m0p035,117,-0.006755472160875797,0.00048520241398364305,-0.00724067457485944,0.00724067457485944,5.242736829901594e-05
6,merged_fibers_output_z_m0p035,118,-0.007286763284355402,0.00025684188585728407,-0.007543605170212686,0.007543605170212686,5.690597896405957e-05
6,merged_fibers_output_z_m0p035,119,-0.007528253365308046,2.848268923116848e-05,-0.007556736054539215,0.007556736054539215,5.7104259797972896e-05
6,merged_fibers_output_z_m0p035,120,-0.007522509898990393,-0.00019987620180472732,-0.007322633697185665,0.007322633697185665,5.3620964263159003e-05
6,merged_fibers_output_z_m0p035,121,-0.0074159917421638966,-0.0004282357986085117,-0.006987755943555385,0.006987755943555385,4.8828733126693604e-05
6,merged_fibers_output_z_m0p035,122,-0.007335234433412552,-0.0006565966759808362,-0.006678637757431716,0.006678637757431716,4.4604202294992534e-05
6,merged_fibers_output_z_m0p035,123,-0.007314577698707581,-0.0008849587175063789,-0.006429618981201202,0.006429618981201202,4.1340000243422775e-05
6,merged_fibers_output_z_m0p035,124,-0.006266362965106964,-0.0010785210179165006,-0.0051878419471904635,0.0051878419471904635,2.691370406902894e-05
6,merged_fibers_output_z_m0p035,125,-0.006280921399593353,-0.0008957621175795794,-0.005385159282013774,0.005385159282013774,2.8999940492659105e-05
6,merged_fibers_output_z_m0p035,126,-0.0062970384024083614,-0.0006796685047447681,-0.005617369897663593,0.005617369897663593,3.155484456717709e-05
6,merged_fibers_output_z_m0p035,127,-0.0063914707861840725,-0.0004635755030903965,-0.005927895283093676,0.005927895283093676,3.513994248732425e-05
6,merged_fibers_output_z_m0p035,128,-0.006562416907399893,-0.0002474831126164645,-0.006314933794783428,0.006314933794783428,3.987838883249783e-05
6,merged_fibers_output_z_m0p035,129,-0.006689336150884628,-3.139102045679465e-05,-0.006657945130427834,0.006657945130427834,4.4328233359787704e-05
6,merged_fibers_output_z_m0p035,130,-0.006585794035345316,0.00018470120267011225,-0.006770495238015428,0.006770495238015428,4.583960576798959e-05
6,merged_fibers_output_z_m0p035,131,-0.006140930112451315,0.00040079408790916204,-0.006541724200360477,0.006541724200360477,4.279415551358192e-05
6,merged_fibers_output_z_m0p035,132,-0.005441801156848669,0.0006168882246129215,-0.0060586893814615905,0.0060586893814615905,3.670771702103543e-05
6,merged_fibers_output_z_m0p035,133,-0.004768109880387783,0.0008329838747158647,-0.005601093755103648,0.005601093755103648,3.137225125346108e-05
6,merged_fibers_output_z_m0p035,134,-0.0039631519466638565,0.0010170229943469167,-0.004980174941010773,0.004980174941010773,2.4802142443071658e-05
6,merged_fibers_output_z_m0p035,135,-0.004715198650956154,0.0006450567743740976,-0.0053602554253302515,0.0053602554253302515,2.8732338224782395e-05
6,merged_fibers_output_z_m0p035,136,-0.005367386620491743,0.0004412299022078514,-0.0058086165226995945,0.0058086165226995945,3.374002590777873e-05
6,merged_fibers_output_z_m0p035,137,-0.005770333111286163,0.00023740380129311234,-0.006007736912579276,0.006007736912579276,3.609290281076757e-05
6,merged_fibers_output_z_m0p035,138,-0.00578665267676115,3.357815876370296e-05,-0.005820230835524853,0.005820230835524853,3.3875086978794335e-05
6,merged_fibers_output_z_m0p035,139,-0.005522940773516893,-0.00017024729459080845,-0.005352693478926085,0.005352693478926085,2.8651327479337834e-05
6,merged_fibers_output_z_m0p035,140,-0.005209613125771284,-0.0003740728134289384,-0.004835540312342346,0.004835540312342346,2.338245011228791e-05
6,merged_fibers_output_z_m0p035,141,-0.005019825883209705,-0.0005778985214419663,-0.004441927361767739,0.004441927361767739,1.9730718687220907e-05
6,merged_fibers_output_z_m0p035,142,-0.004972148686647415,-0.0007817244040779769,-0.004190424282569438,0.004190424282569438,1.755965566794759e-05
6,merged_fibers_output_z_m0p035,143,-0.003450700081884861,-0.0009557188022881746,-0.0024949812795966864,0.0024949812795966864,6.2249315855379185e-06
6,merged_fibers_output_z_m0p035,144,-0.0034867546055465937,-0.000610163901001215,-0.0028765907045453787,0.0028765907045453787,8.274774081476878e-06
6,merged_fibers_output_z_m0p035,145,-0.003676271066069603,-0.00041860470082610846,-0.0032576663652434945,0.0032576663652434945,1.0612390147238761e-05
6,merged_fibers_output_z_m0p035,146,-0.004114837385714054,-0.00022704570437781513,-0.003887791681336239,0.003887791681336239,1.5114924157467259e-05
6,merged_fibers_output_z_m0p035,147,-0.00467979721724987,-3.548671884345822e-05,-0.004644310498406412,0.004644310498406412,2.1569620005608014e-05
6,merged_fibers_output_z_m0p035,148,-0.005090275779366493,0.00015607220120728016,-0.005246347980573773,0.005246347980573773,2.752416713327051e-05
6,merged_fibers_output_z_m0p035,149,-0.005103113129734993,0.0003476314013823867,-0.00545074453111738,0.00545074453111738,2.9710615943506023e-05
6,merged_fibers_output_z_m0p035,150,-0.004712709691375494,0.000539190776180476,-0.00525190046755597,0.00525190046755597,2.7582458521114616e-05
6,merged_fibers_output_z_m0p035,151,-0.004186579026281834,0.0007307502091862261,-0.00491732923546806,0.00491732923546806,2.4180126809988893e-05
6,merged_fibers_output_z_m0p035,152,-0.004071217495948076,0.0008942338754422963,-0.0049654513713903725,0.0049654513713903725,2.465570732164253e-05
6,merged_fibers_output_z_m0p035,153,-0.004539101384580135,0.0005745879025198519,-0.005113689287099987,0.005113689287099987,2.6149818125001176e-05
6,merged_fibers_output_z_m0p035,154,-0.004799266811460257,0.00039529570494778454,-0.005194562516408041,0.005194562516408041,2.698347973687144e-05
6,merged_fibers_output_z_m0p035,155,-0.004632589407265186,0.00021600349282380193,-0.004848592900088988,0.004848592900088988,2.3508853110793345e-05
6,merged_fibers_output_z_m0p035,156,-0.003981317393481731,3.671125159598887e-05,-0.00401802864507772,0.00401802864507772,1.61445541926651e-05
6,merged_fibers_output_z_m0p035,157,-0.003097615670412779,-0.00014258110604714602,-0.002955034564365633,0.002955034564365633,8.732229276595585e-06
6,merged_fibers_output_z_m0p035,158,-0.0023495610803365707,-0.00032187349279411137,-0.0020276875875424594,0.0020276875875424594,4.111516952673759e-06
6,merged_fibers_output_z_m0p035,159,-0.0019585194531828165,-0.0005011662724427879,-0.0014573531807400286,0.0014573531807400286,2.1238782934130785e-06
6,merged_fibers_output_z_m0p035,160,-0.0018785453867167234,-0.0006804593722335994,-0.001198086014483124,0.001198086014483124,1.4354100981000565e-06
6,merged_fibers_output_z_m0p035,161,-0.0003486432833597064,-0.0008329299162141979,0.00048428663285449147,0.00048428663285449147,2.3453354276154102e-07
6,merged_fibers_output_z_m0p035,162,-0.00036241894122213125,-0.0005386985139921308,0.0001762795727699995,0.0001762795727699995,3.107448777597355e-08
6,merged_fibers_output_z_m0p035,163,-0.0006571302656084299,-0.00037167189293541014,-0.00028545837267301977,0.00028545837267301977,8.148648252912864e-08
6,merged_fibers_output_z_m0p035,164,-0.0014441049424931407,-0.00020464579574763775,-0.001239459146745503,0.001239459146745503,1.5362589764510902e-06
6,merged_fibers_output_z_m0p035,165,-0.0026223608292639256,-3.762004052987322e-05,-0.0025847407887340523,0.0025847407887340523,6.680884944945531e-06
6,merged_fibers_output_z_m0p035,166,-0.0038010082207620144,0.00012940559827256948,-0.003930413819034584,0.003930413819034584,1.5448152788858024e-05
6,merged_fibers_output_z_m0p035,167,-0.0045556314289569855,0.0002964310988318175,-0.004852062527788803,0.004852062527788803,2.3542510773572268e-05
6,merged_fibers_output_z_m0p035,168,-0.004728654865175486,0.00046345649752765894,-0.0051921113627031446,0.0051921113627031446,2.6958020402711105e-05
6,merged_fibers_output_z_m0p035,169,-0.004529059864580631,0.000630481808912009,-0.00515954167349264,0.00515954167349264,2.6620870280507235e-05
6,merged_fibers_output_z_m0p035,170,-0.004524869844317436,0.000771452090702951,-0.005296321935020387,0.005296321935020387,2.8051026039378098e-05
6,merged_fibers_output_z_m0p035,171,-0.004741624929010868,0.0005021578981541097,-0.005243782827164978,0.005243782827164978,2.7497258338470327e-05
6,merged_fibers_output_z_m0p035,172,-0.0046116383746266365,0.00034739880356937647,-0.004959037178196013,0.004959037178196013,2.4592049734730275e-05
6,merged_fibers_output_z_m0p035,173,-0.003858883399516344,0.0001926397962961346,-0.004051523195812479,0.004051523195812479,1.641484020620656e-05
6,merged_fibers_output_z_m0p035,174,-0.002502435352653265,3.7880810850765556e-05,-0.0025403161635040306,0.0025403161635040306,6.453206210559837e-06
6,merged_fibers_output_z_m0p035,175,-0.000949629582464695,-0.00011687829828588292,-0.0008327512841788121,0.0008327512841788121,6.934747013014605e-07
6,merged_fibers_output_z_m0p035,176,0.00027634913567453623,-0.0002716378076002002,0.0005479869432747364,0.0005479869432747364,3.002896899995892e-07
6,merged_fibers_output_z_m0p035,177,0.0008920471300370991,-0.00042639789171516895,0.001318445021752268,0.001318445021752268,1.7382972753833386e-06
6,merged_fibers_output_z_m0p035,178,0.0010070158168673515,-0.0005811583832837641,0.0015881742001511157,0.0015881742001511157,2.522297290025636e-06
6,merged_fibers_output_z_m0p035,179,0.0020364830270409584,-0.0007101328228600323,0.0027466158499009907,0.0027466158499009907,7.543898626927342e-06
6,merged_fibers_output_z_m0p035,180,0.0020618075504899025,-0.0004652724019251764,0.002527079952415079,0.002527079952415079,6.386133085898197e-06
6,merged_fibers_output_z_m0p035,181,0.0016995692858472466,-0.00032277809805236757,0.002022347383899614,0.002022347383899614,4.089888941165614e-06
6,merged_fibers_output_z_m0p035,182,0.0006499330047518015,-0.00018028459453489631,0.0008302175992866978,0.0008302175992866978,6.892612621653679e-07
6,merged_fibers_output_z_m0p035,183,-0.0010036338353529572,-3.779173857765272e-05,-0.0009658420967753045,0.0009658420967753045,9.328509559033167e-07
6,merged_fibers_output_z_m0p035,184,-0.002770835068076849,0.00010470079723745584,-0.002875535865314305,0.002875535865314305,8.268706512708888e-06
6,merged_fibers_output_z_m0p035,185,-0.004068956710398197,0.00024719341308809817,-0.004316150123486295,0.004316150123486295,1.862915188847076e-05
6,merged_fibers_output_z_m0p035,186,-0.004619663581252098,0.00038968640728853643,-0.0050093499885406345,0.0050093499885406345,2.5093587307692054e-05
6,merged_fibers_output_z_m0p035,187,-0.004608076065778732,0.0005321800126694143,-0.005140256078448147,0.005140256078448147,2.642223255202312e-05
6,merged_fibers_output_z_m0p035,188,-0.004080925136804581,0.0006486846250481904,-0.004729609761852771,0.004729609761852771,2.2369208499413026e-05
6,merged_fibers_output_z_m0p035,189,-0.004336655139923096,0.0004277692933101207,-0.004764424433233216,0.004764424433233216,2.2699740179989655e-05
6,merged_fibers_output_z_m0p035,190,-0.004170186351984739,0.00029754071147181094,-0.00446772706345655,0.00446772706345655,1.996058511354209e-05
6,merged_fibers_output_z_m0p035,191,-0.0032460903748869896,0.00016731349751353264,-0.0034134038724005222,0.0034134038724005222,1.165132599611888e-05
6,merged_fibers_output_z_m0p035,192,-0.0015754897613078356,3.708713120431639e-05,-0.001612576892512152,0.001612576892512152,2.6004042342641485e-06
6,merged_fibers_output_z_m0p035,193,0.0003494679694995284,-9.313911141362041e-05,0.0004426070809131488,0.0004426070809131488,1.9590102807445867e-07
6,merged_fibers_output_z_m0p035,194,0.001881322474218905,-0.00022336610709317029,0.0021046885813120753,0.0021046885813120753,4.429714024305436e-06
6,merged_fibers_output_z_m0p035,195,0.002657872624695301,-0.0003535946016199887,0.0030114672263152897,0.0030114672263152897,9.068934855171104e-06
6,merged_fibers_output_z_m0p035,196,0.002803525421768427,-0.0004838246095459908,0.0032873500313144177,0.0032873500313144177,1.0806670228382902e-05
6,merged_fibers_output_z_m0p035,197,0.0031251234468072653,-0.0005873574991710484,0.0037124809459783137,0.0037124809459783137,1.3782514774252035e-05
6,merged_fibers_output_z_m0p035,198,0.003186887362971902,-0.00038989228778518736,0.0035767796507570893,0.0035767796507570893,1.2793352670070005e-05
6,merged_fibers_output_z_m0p035,199,0.002814353909343481,-0.00027192579000256956,0.0030862796993460506,0.0030862796993460506,9.525122382595548e-06
6,merged_fibers_output_z_m0p035,200,0.0016813797410577536,-0.00015396240632981062,0.0018353421473875642,0.0018353421473875642,3.3684807979771954e-06
6,merged_fibers_output_z_m0p035,201,-0.0001203831925522536,-3.600136915338226e-05,-8.438182339887135e-05,8.438182339887135e-05,7.120292120118312e-09
6,merged_fibers_output_z_m0p035,202,-0.0020278661977499723,8.195891859941185e-05,-0.002109825116349384,0.002109825116349384,4.4513620215786925e-06
6,merged_fibers_output_z_m0p035,203,-0.0033699381165206432,0.00019992029410786927,-0.0035698584106285125,0.0035698584106285125,1.2743889071935129e-05
6,merged_fibers_output_z_m0p035,204,-0.0038358273450285196,0.0003178842016495764,-0.004153711546678096,0.004153711546678096,1.725331961300694e-05
6,merged_fibers_output_z_m0p035,205,-0.0036689576227217913,0.00043585090315900743,-0.004104808525880799,0.004104808525880799,1.6849453034143695e-05
6,merged_fibers_output_z_m0p035,206,-0.0024619014002382755,0.0005259520839899778,-0.0029878534842282534,0.0029878534842282534,8.927268443214913e-06
6,merged_fibers_output_z_m0p035,207,-0.0030346442945301533,0.0003514353884384036,-0.003386079682968557,0.003386079682968557,1.1465535619412443e-05
6,merged_fibers_output_z_m0p035,208,-0.0032366421073675156,0.0002457287919241935,-0.003482370899291709,0.003482370899291709,1.2126907080233746e-05
6,merged_fibers_output_z_m0p035,209,-0.0026464557740837336,0.00014002789976075292,-0.0027864836738444865,0.0027864836738444865,7.764491264601866e-06
6,merged_fibers_output_z_m0p035,210,-0.0011682807235047221,3.433120946283452e-05,-0.0012026119329675566,0.0012026119329675566,1.446275461315963e-06
6,merged_fibers_output_z_m0p035,211,0.0007187927258200943,-7.136441126931459e-05,0.0007901571370894089,0.0007901571370894089,6.24348301293331e-07
6,merged_fibers_output_z_m0p035,212,0.002301685744896531,-0.0001770624949131161,0.002478748239809647,0.002478748239809647,6.144192836359424e-06
6,merged_fibers_output_z_m0p035,213,0.003135414095595479,-0.00028276589000597596,0.003418179985601455,0.003418179985601455,1.1683954413966363e-05
6,merged_fibers_output_z_m0p035,214,0.003301601391285658,-0.00038847530959174037,0.0036900767008773983,0.0036900767008773983,1.3616666058358224e-05
6,merged_fibers_output_z_m0p035,215,0.0031302962452173233,-0.0004646620946004987,0.003594958339817822,0.003594958339817822,1.292372546502571e-05
6,merged_fibers_output_z_m0p035,216,0.003210460301488638,-0.0003125884977634996,0.0035230487992521375,0.0035230487992521375,1.2411872841911927e-05
6,merged_fibers_output_z_m0p035,217,0.002867982489988208,-0.0002191324019804597,0.0030871148919686675,0.0030871148919686675,9.530278356214718e-06
6,merged_fibers_output_z_m0p035,218,0.0017955268267542124,-0.00012568759848363698,0.0019212144252378494,0.0019212144252378494,3.691064867742e-06
6,merged_fibers_output_z_m0p035,219,0.00011275609722360969,-3.2251118682324886e-05,0.00014500721590593457,0.00014500721590593457,2.1027092664790324e-08
6,merged_fibers_output_z_m0p035,220,-0.0015743308467790484,6.118285818956792e-05,-0.0016355137049686164,0.0016355137049686164,2.6749050791401703e-06
6,merged_fibers_output_z_m0p035,221,-0.0025708479806780815,0.00015462130249943584,-0.0027254692831775174,0.0027254692831775174,7.42818281354417e-06
6,merged_fibers_output_z_m0p035,222,-0.0026035034097731113,0.00024806929286569357,-0.002851572702638805,0.002851572702638805,8.131466878434778e-06
6,merged_fibers_output_z_m0p035,223,-0.0020266887731850147,0.0003415280079934746,-0.0023682167811784893,0.0023682167811784893,5.608450722655405e-06
6,merged_fibers_output_z_m0p035,224,-0.0005890497122891247,0.0004033820878248662,-0.000992431800113991,0.000992431800113991,9.849208778774964e-07
6,merged_fibers_output_z_m0p035,225,-0.0015023719752207398,0.0002732237917371094,-0.0017755957669578493,0.0017755957669578493,3.152740327638633e-06
6,merged_fibers_output_z_m0p035,226,-0.0021929664071649313,0.0001920023059938103,-0.0023849687131587416,0.0023849687131587416,5.688075762746064e-06
6,merged_fibers_output_z_m0p035,227,-0.0021288248244673014,0.00011080170224886388,-0.0022396265267161652,0.0022396265267161652,5.015926979170714e-06
6,merged_fibers_output_z_m0p035,228,-0.0010745158651843667,2.961704012705013e-05,-0.0011041329053114168,0.0011041329053114168,1.2191094725914301e-06
6,merged_fibers_output_z_m0p035,229,0.0005592969246208668,-5.1562779844971374e-05,0.0006108597044658381,0.0006108597044658381,3.731495785400911e-07
6,merged_fibers_output_z_m0p035,230,0.0020438821520656347,-0.00013275089440867305,0.0021766330464743078,0.0021766330464743078,4.737731419004026e-06
6,merged_fibers_output_z_m0p035,231,0.0028679189272224903,-0.0002139571006409824,0.0030818760278634727,0.0030818760278634727,9.497959851119536e-06
6,merged_fibers_output_z_m0p035,232,0.0030466816388070583,-0.0002951835922431201,0.0033418652310501784,0.0033418652310501784,1.1168063222502061e-05
6,merged_fibers_output_z_m0p035,233,0.002813994884490967,-0.0003423085145186633,0.00315630339900963,0.00315630339900963,9.962251146599743e-06
6,merged_fibers_output_z_m0p035,234,0.0028933025896549225,-0.00023351020354311913,0.0031268127931980416,0.0031268127931980416,9.776958243706939e-06
6,merged_fibers_output_z_m0p035,235,0.0025878692977130413,-0.0001644891017349437,0.002752358399447985,0.002752358399447985,7.5754767590118735e-06
6,merged_fibers_output_z_m0p035,236,0.0016045684460550547,-9.550635877531022e-05,0.0017000748048303649,0.0017000748048303649,2.890254342019003e-06
6,merged_fibers_output_z_m0p035,237,8.047872688621283e-05,-2.65535491053015e-05,0.00010703227599151433,0.00010703227599151433,1.1455908103923694e-08
6,merged_fibers_output_z_m0p035,238,-0.0013634433271363378,4.238983092363924e-05,-0.001405833158059977,0.001405833158059977,1.976366868300888e-06
6,merged_fibers_output_z_m0p035,239,-0.002032801043242216,0.0001113480975618586,-0.0021441491408040747,0.0021441491408040747,4.5973755380108516e-06
6,merged_fibers_output_z_m0p035,240,-0.0016899084439501166,0.00018033980450127274,-0.0018702482484513894,0.0018702482484513894,3.4978285108354897e-06
6,merged_fibers_output_z_m0p035,241,-0.00076786003774032,0.0002493695938028395,-0.0010172296315431595,0.0010172296315431595,1.034756123289432e-06
6,merged_fibers_output_z_m0p035,242,-3.29206814058125e-05,0.0003484426124487072,-0.0003813632938545197,0.0003813632938545197,1.4543796189956876e-07
6,merged_fibers_output_z_m0p035,243,-0.008769177831709385,-0.0323149710893631,0.023545793257653713,0.023545793257653713,0.0005544043801321711
6,merged_fibers_output_z_m0p035,244,-0.008927230723202229,-0.029720140621066093,0.020792909897863865,0.020792909897863865,0.0004323451020206851
6,merged_fibers_output_z_m0p035,245,-0.009283442981541157,-0.02716151997447014,0.017878076992928982,0.017878076992928982,0.0003196256369650966
6,merged_fibers_output_z_m0p035,246,-0.008830524981021881,-0.02459133043885231,0.01576080545783043,0.01576080545783043,0.00024840298867957744
6,merged_fibers_output_z_m0p035,247,-0.007095204666256905,-0.02210206910967827,0.015006864443421364,0.015006864443421364,0.0002252059804232244
6,merged_fibers_output_z_m0p035,248,-0.005093111656606197,-0.01731548085808754,0.012222369201481342,0.012222369201481342,0.00014938630889731967
6,merged_fibers_output_z_m0p035,249,-0.005614675581455231,-0.015069290064275265,0.009454614482820034,0.009454614482820034,8.938973501875034e-05
6,merged_fibers_output_z_m0p035,250,-0.004792920779436827,-0.012952079996466637,0.00815915921702981,0.00815915921702981,6.65718791288425e-05
6,merged_fibers_output_z_m0p035,251,-0.0024287141859531403,-0.01089164987206459,0.00846293568611145,0.00846293568611145,7.162128042725868e-05
6,merged_fibers_output_z_m0p035,252,-0.00036787439603358507,-0.008967127650976181,0.008599253254942596,0.008599253254942596,7.394715654264083e-05
6,merged_fibers_output_z_m0p035,253,0.0020745289511978626,-0.005589738953858614,0.007664267905056477,0.007664267905056477,5.874100252047879e-05
6,merged_fibers_output_z_m0p035,254,0.001821618527173996,-0.004232742823660374,0.00605436135083437,0.00605436135083437,3.665529136647697e-05
6,merged_fibers_output_z_m0p035,255,-0.0006967539084143937,-0.0030232169665396214,0.0023264630581252277,0.0023264630581252277,5.4124303608213866e-06
6,merged_fibers_output_z_m0p035,256,-0.002955046482384205,-0.0019574000034481287,-0.0009976464789360762,0.0009976464789360762,9.952984969335507e-07
6,merged_fibers_output_z_m0p035,257,-0.0022225677967071533,-0.001080868998542428,-0.0011416987981647253,0.0011416987981647253,1.3034761457307782e-06
7,merged_fibers_output_z_m0p040,0,-0.00881237257272005,-0.0013859870377928019,-0.007426385534927249,0.007426385534927249,5.515120211337668e-05
7,merged_fibers_output_z_m0p040,1,-0.008502552285790443,-0.0012630850542336702,-0.007239467231556773,0.007239467231556773,5.240988579678429e-05
7,merged_fibers_output_z_m0p040,2,-0.007312942761927843,-0.0011403559474274516,-0.0061725868145003915,0.0061725868145003915,3.810082798254409e-05
7,merged_fibers_output_z_m0p040,3,-0.004967551212757826,-0.0010176709620282054,-0.0039498802507296205,0.0039498802507296205,1.560155399510389e-05
7,merged_fibers_output_z_m0p040,4,-0.0018878757255151868,-0.0008949994808062911,-0.0009928762447088957,0.0009928762447088957,9.85803237307239e-07
7,merged_fibers_output_z_m0p040,5,0.0009710594895295799,-0.0007723227026872337,0.0017433821922168136,0.0017433821922168136,3.0393814681387027e-06
7,merged_fibers_output_z_m0p040,6,0.0027402276173233986,-0.0006496664718724787,0.0033898940891958773,0.0033898940891958773,1.1491381935965147e-05
7,merged_fibers_output_z_m0p040,7,0.003221740946173668,-0.0005270388210192323,0.0037487797671929,0.0037487797671929,1.4053349742914855e-05
7,merged_fibers_output_z_m0p040,8,0.00296405260451138,-0.00040456769056618214,0.0033686202950775623,0.0033686202950775623,1.1347602692408443e-05
7,merged_fibers_output_z_m0p040,9,-0.008767841383814812,-0.0009264255058951676,-0.007841415877919644,0.007841415877919644,6.14878029704903e-05
7,merged_fibers_output_z_m0p040,10,-0.008500877767801285,-0.0008445210987702012,-0.007656356669031084,0.007656356669031084,5.861979744341675e-05
7,merged_fibers_output_z_m0p040,11,-0.007366695906966925,-0.0007627098239026964,-0.006603986083064228,0.006603986083064228,4.3612632185306005e-05
7,merged_fibers_output_z_m0p040,12,-0.005056655500084162,-0.0006809188053011894,-0.004375736694782972,0.004375736694782972,1.914707162207021e-05
7,merged_fibers_output_z_m0p040,13,-0.0019684284925460815,-0.0005991326761431992,-0.0013692958164028823,0.0013692958164028823,1.874971032818436e-06
7,merged_fibers_output_z_m0p040,14,0.0009399157715961337,-0.0005173480021767318,0.0014572637737728655,0.0014572637737728655,2.1236177063507334e-06
7,merged_fibers_output_z_m0p040,15,0.002771396655589342,-0.0004355667042545974,0.0032069633598439395,0.0032069633598439395,1.028461399138153e-05
7,merged_fibers_output_z_m0p040,16,0.003295724978670478,-0.0003538031887728721,0.00364952816744335,0.00364952816744335,1.3319055844962415e-05
7,merged_fibers_output_z_m0p040,17,0.003047369886189699,-0.00027212078566662967,0.003319490671856329,0.003319490671856329,1.101901832054118e-05
7,merged_fibers_output_z_m0p040,18,0.002064979635179043,-0.00013318669516593218,0.002198166330344975,0.002198166330344975,4.831935215862294e-06
7,merged_fibers_output_z_m0p040,19,0.002288851421326399,-0.00017404320533387363,0.0024628946266602725,0.0024628946266602725,6.065849942032043e-06
7,merged_fibers_output_z_m0p040,20,0.0018680895445868373,-0.0002149327046936378,0.002083022249280475,0.002083022249280475,4.3389816909974895e-06
7,merged_fibers_output_z_m0p040,21,0.00029054039623588324,-0.00025582819944247603,0.0005463685956783593,0.0005463685956783593,2.9851864234354243e-07
7,merged_fibers_output_z_m0p040,22,-0.002299174200743437,-0.00029672510572709143,-0.0020024490950163454,0.0020024490950163454,4.009802378131781e-06
7,merged_fibers_output_z_m0p040,23,-0.005140948109328747,-0.00033762300154194236,-0.0048033251077868044,0.0048033251077868044,2.3071932091095116e-05
7,merged_fibers_output_z_m0p040,24,-0.0073661962524056435,-0.0003785215085372329,-0.006987674743868411,0.006987674743868411,4.882759832609646e-05
7,merged_fibers_output_z_m0p040,25,-0.008558121509850025,-0.0004194251087028533,-0.008138696401147172,0.008138696401147172,6.623837911004593e-05
7,merged_fibers_output_z_m0p040,26,-0.008922555483877659,-0.0004603606939781457,-0.008462194789899513,0.008462194789899513,7.160874066220246e-05
7,merged_fibers_output_z_m0p040,27,-0.009619364514946938,-8.089727998594753e-08,-0.009619283617666952,0.009619283617666952,9.25306173171158e-05
7,merged_fibers_output_z_m0p040,28,-0.008913109079003334,-7.15433898790252e-08,-0.008913037535613455,0.008913037535613455,7.944223811125438e-05
7,merged_fibers_output_z_m0p040,29,-0.007643185090273619,-6.275835318092504e-08,-0.007643122331920438,0.007643122331920438,5.841731898070091e-05
7,merged_fibers_output_z_m0p040,30,-0.0058841221034526825,-5.366636912640388e-08,-0.005884068437083556,0.005884068437083556,3.462226137228292e-05
7,merged_fibers_output_z_m0p040,31,-0.003930484410375357,-4.426376065680415e-08,-0.0039304401466147,0.0039304401466147,1.5448359746120583e-05
7,merged_fibers_output_z_m0p040,32,-0.0022117854095995426,-3.567392070635833e-08,-0.0022117497356788363,0.0022117497356788363,4.891836893275402e-06
7,merged_fibers_output_z_m0p040,33,-0.0010724919848144054,-2.7802819602129603e-08,-0.0010724641819948033,0.0010724641819948033,1.1501794216617826e-06
7,merged_fibers_output_z_m0p040,34,-0.0005784955574199557,-2.025250012138713e-08,-0.0005784753049198343,0.0005784753049198343,3.346336784020953e-07
7,merged_fibers_output_z_m0p040,35,-0.0005064888391643763,-1.3811660259932523e-08,-0.0005064750275041163,0.0005064750275041163,2.565169534852954e-07
7,merged_fibers_output_z_m0p040,36,-0.0022071204148232937,0.00013152830069884658,-0.0023386487155221403,0.0023386487155221403,5.4692778146133565e-06
7,merged_fibers_output_z_m0p040,37,-0.0028863083571195602,0.0001723692985251546,-0.003058677655644715,0.003058677655644715,9.355509001140249e-06
7,merged_fibers_output_z_m0p040,38,-0.003639307338744402,0.00021324330009520054,-0.0038525506388396025,0.0038525506388396025,1.4842146424823429e-05
7,merged_fibers_output_z_m0p040,39,-0.004217685665935278,0.0002541228896006942,-0.004471808555535972,0.004471808555535972,1.9997071757364717e-05
7,merged_fibers_output_z_m0p040,40,-0.004723189864307642,0.0002950030902866274,-0.005018192954594269,0.005018192954594269,2.5182260529539562e-05
7,merged_fibers_output_z_m0p040,41,-0.005522888619452715,0.0003358829126227647,-0.00585877153207548,0.00585877153207548,3.432520386505806e-05
7,merged_fibers_output_z_m0p040,42,-0.006893026176840067,0.0003767632006201893,-0.007269789377460256,0.007269789377460256,5.284983759263398e-05
7,merged_fibers_output_z_m0p040,43,-0.0086817666888237,0.0004176482034381479,-0.009099414892261848,0.009099414892261848,8.27993513815167e-05
7,merged_fibers_output_z_m0p040,44,-0.010286666452884674,0.0004585623973980546,-0.010745228850282729,0.010745228850282729,0.00011545994304494829
7,merged_fibers_output_z_m0p040,45,-0.011022018268704414,0.0009328235173597932,-0.011954841786064208,0.011954841786064208,0.00014291824212982684
7,merged_fibers_output_z_m0p040,46,-0.008679567836225033,0.000850923708640039,-0.009530491544865072,0.009530491544865072,9.083026908674462e-05
7,merged_fibers_output_z_m0p040,47,-0.006160086020827293,0.0007691296050325036,-0.006929215625859797,0.006929215625859797,4.801402918965958e-05
7,merged_fibers_output_z_m0p040,48,-0.004680890589952469,0.0006873561069369316,-0.0053682466968894005,0.0053682466968894005,2.881807259866396e-05
7,merged_fibers_output_z_m0p040,49,-0.0044670384377241135,0.0006055852863937616,-0.005072623724117875,0.005072623724117875,2.57315114464835e-05
7,merged_fibers_output_z_m0p040,50,-0.004724742379039526,0.0005238162120804191,-0.005248558591119945,0.005248558591119945,2.7547367284418983e-05
7,merged_fibers_output_z_m0p040,51,-0.004419183824211359,0.0004420508921612054,-0.0048612347163725644,0.0048612347163725644,2.3631602967665846e-05
7,merged_fibers_output_z_m0p040,52,-0.0031919735483825207,0.00036030029878020287,-0.0035522738471627235,0.0035522738471627235,1.2618649485236257e-05
7,merged_fibers_output_z_m0p040,53,-0.0016611559549346566,0.00027862010756507516,-0.0019397760624997318,0.0019397760624997318,3.7627311726469633e-06
7,merged_fibers_output_z_m0p040,54,-0.008790617808699608,-0.001207267981953919,-0.007583349826745689,0.007583349826745689,5.750719459480387e-05
7,merged_fibers_output_z_m0p040,55,-0.00876182783395052,-0.000904951011762023,-0.007856876822188497,0.007856876822188497,6.173051339904281e-05
7,merged_fibers_output_z_m0p040,56,-0.008870813995599747,-0.0006027672789059579,-0.008268046716693789,0.008268046716693789,6.836059650943094e-05
7,merged_fibers_output_z_m0p040,57,-0.00922623835504055,-0.00030065811006352305,-0.008925580244977027,0.008925580244977027,7.966598270952417e-05
7,merged_fibers_output_z_m0p040,58,-0.009824509732425213,1.4198450344338198e-06,-0.009825929577459647,0.009825929577459647,9.654889206119631e-05
7,merged_fibers_output_z_m0p040,59,-0.010544488206505775,0.0003034975961782038,-0.01084798580268398,0.01084798580268398,0.00011767879597523317
7,merged_fibers_output_z_m0p040,60,-0.011218616738915443,0.0006056110723875463,-0.01182422781130299,0.01182422781130299,0.0001398123633335911
7,merged_fibers_output_z_m0p040,61,-0.011721614748239517,0.0009077897993847728,-0.01262940454762429,0.01262940454762429,0.00015950185922755308
7,merged_fibers_output_z_m0p040,62,-0.012011362239718437,0.0012101080501452088,-0.013221470289863646,0.013221470289863646,0.00017480727662574707
7,merged_fibers_output_z_m0p040,63,-0.0120231993496418,0.0014784210361540318,-0.013501620385795832,0.013501620385795832,0.00018229375304213758
7,merged_fibers_output_z_m0p040,64,-0.008823581971228123,-0.0014475439675152302,-0.0073760380037128925,0.0073760380037128925,5.440593663221687e-05
7,merged_fibers_output_z_m0p040,65,-0.008796525187790394,-0.001166517031379044,-0.00763000815641135,0.00763000815641135,5.8217024466903725e-05
7,merged_fibers_output_z_m0p040,66,-0.008767633698880672,-0.0008766594110056758,-0.007890974287874997,0.007890974287874997,6.226747521190431e-05
7,merged_fibers_output_z_m0p040,67,-0.008865789510309696,-0.0005868541193194687,-0.008278935390990227,0.008278935390990227,6.854077120819051e-05
7,merged_fibers_output_z_m0p040,68,-0.00919406395405531,-0.0002970829955302179,-0.008896980958525091,0.008896980958525091,7.915627017635805e-05
7,merged_fibers_output_z_m0p040,69,-0.009747704491019249,-7.328800165851135e-06,-0.009740375690853398,0.009740375690853398,9.48749185989678e-05
7,merged_fibers_output_z_m0p040,70,-0.010409324429929256,0.00028242490952834487,-0.010691749339457601,0.010691749339457601,0.00011431350393779205
7,merged_fibers_output_z_m0p040,71,-0.011019395664334297,0.0005721942870877683,-0.011591589951422065,0.011591589951422065,0.000134364957601909
7,merged_fibers_output_z_m0p040,72,-0.011463820934295654,0.0008619970758445561,-0.01232581801014021,0.01232581801014021,0.00015192578961909677
7,merged_fibers_output_z_m0p040,73,-0.011712944135069847,0.0011518510291352868,-0.012864795164205134,0.012864795164205134,0.00016550295461695578
7,merged_fibers_output_z_m0p040,74,-0.01090723555535078,0.0013856400037184358,-0.012292875559069216,0.012292875559069216,0.00015111478951076128
7,merged_fibers_output_z_m0p040,75,-0.010887588374316692,0.0011223029578104615,-0.012009891332127154,0.012009891332127154,0.00014423748980950293
7,merged_fibers_output_z_m0p040,76,-0.010777898132801056,0.0008447985164821148,-0.01162269664928317,0.01162269664928317,0.00013508707740125824
7,merged_fibers_output_z_m0p040,77,-0.010525437071919441,0.0005673173000104725,-0.011092754371929914,0.011092754371929914,0.0001230491995559702
7,merged_fibers_output_z_m0p040,78,-0.010112712159752846,0.0002898557868320495,-0.010402567946584895,0.010402567946584895,0.00010821341988331548
7,merged_fibers_output_z_m0p040,79,-0.009610362350940704,1.2404960216372274e-05,-0.009622767311157077,0.009622767311157077,9.25976507246732e-05
7,merged_fibers_output_z_m0p040,80,-0.009154178202152252,-0.0002650455862749368,-0.008889132615877315,0.008889132615877315,7.901667866265388e-05
7,merged_fibers_output_z_m0p040,81,-0.00886392779648304,-0.0005425061099231243,-0.008321421686559916,0.008321421686559916,6.924605888554967e-05
7,merged_fibers_output_z_m0p040,82,-0.008766614831984043,-0.0008199859876185656,-0.007946628844365478,0.007946628844365478,6.31489099901014e-05
7,merged_fibers_output_z_m0p040,83,-0.008786536753177643,-0.001097489963285625,-0.007689046789892018,0.007689046789892018,5.9121440537148744e-05
7,merged_fibers_output_z_m0p040,84,-0.008730479516088963,-0.0013242480345070362,-0.007406231481581926,0.007406231481581926,5.4852264758775216e-05
7,merged_fibers_output_z_m0p040,85,-0.008715052157640457,-0.0010780399898067117,-0.0076370121678337455,0.0076370121678337455,5.8323954851640685e-05
7,merged_fibers_output_z_m0p040,86,-0.00869746319949627,-0.0008128414046950638,-0.007884621794801205,0.007884621794801205,6.216726084705418e-05
7,merged_fibers_output_z_m0p040,87,-0.008762752637267113,-0.000547654926776886,-0.008215097710490227,0.008215097710490227,6.748783039290177e-05
7,merged_fibers_output_z_m0p040,88,-0.008963990025222301,-0.0002824797120410949,-0.008681510313181207,0.008681510313181207,7.536862131787165e-05
7,merged_fibers_output_z_m0p040,89,-0.009264392778277397,-1.731134943838697e-05,-0.00924708142883901,0.00924708142883901,8.550851495157931e-05
7,merged_fibers_output_z_m0p040,90,-0.009551329538226128,0.00024785648565739393,-0.009799186023883522,0.009799186023883522,9.602404673067414e-05
7,merged_fibers_output_z_m0p040,91,-0.009714510291814804,0.0005130302160978317,-0.010227540507912636,0.010227540507912636,0.00010460258484099386
7,merged_fibers_output_z_m0p040,92,-0.009725856594741344,0.0007782144821248949,-0.01050407107686624,0.01050407107686624,0.00011033550918785787
7,merged_fibers_output_z_m0p040,93,-0.00965570192784071,0.0010434100404381752,-0.010699111968278885,0.010699111968278885,0.00011447099690976847
7,merged_fibers_output_z_m0p040,94,-0.008082691580057144,0.0012626319658011198,-0.009345323545858264,0.009345323545858264,8.733507217677288e-05
7,merged_fibers_output_z_m0p040,95,-0.00819386262446642,0.001033034990541637,-0.009226897615008056,0.009226897615008056,8.513563959784136e-05
7,merged_fibers_output_z_m0p040,96,-0.008463362231850624,0.0007801247993484139,-0.009243487031199038,0.009243487031199038,8.54420524959448e-05
7,merged_fibers_output_z_m0p040,97,-0.008746698498725891,0.0005272197886370122,-0.009273918287362903,0.009273918287362903,8.600556040068408e-05
7,merged_fibers_output_z_m0p040,98,-0.008892948739230633,0.0002743205986917019,-0.009167269337922335,0.009167269337922335,8.4038827114011e-05
7,merged_fibers_output_z_m0p040,99,-0.00885494239628315,2.142511038982775e-05,-0.008876367506672977,0.008876367506672977,7.878990011351985e-05
7,merged_fibers_output_z_m0p040,100,-0.008703147061169147,-0.00023146999592427164,-0.008471677065244876,0.008471677065244876,7.176931229779603e-05
7,merged_fibers_output_z_m0p040,101,-0.008555998094379902,-0.00048436838551424444,-0.008071629708865657,0.008071629708865657,6.51512061570427e-05
7,merged_fibers_output_z_m0p040,102,-0.008488231338560581,-0.0007372726104222238,-0.007750958728138357,0.007750958728138357,6.007736120530418e-05
7,merged_fibers_output_z_m0p040,103,-0.008490266278386116,-0.0009901829762384295,-0.0075000833021476865,0.0075000833021476865,5.6251249539154545e-05
7,merged_fibers_output_z_m0p040,104,-0.008045410737395287,-0.001201341045089066,-0.0068440696923062205,0.0068440696923062205,4.6841289953144564e-05
7,merged_fibers_output_z_m0p040,105,-0.008046124130487442,-0.000987852574326098,-0.007058271556161344,0.007058271556161344,4.981919736051628e-05
7,merged_fibers_output_z_m0p040,106,-0.008047527633607388,-0.0007472187280654907,-0.007300308905541897,0.007300308905541897,5.329451011633433e-05
7,merged_fibers_output_z_m0p040,107,-0.008099241182208061,-0.00050658721011132,-0.007592653972096741,0.007592653972096741,5.764839433999642e-05
7,merged_fibers_output_z_m0p040,108,-0.008199498057365417,-0.0002659588062670082,-0.00793353925109841,0.00793353925109841,6.294104504871911e-05
7,merged_fibers_output_z_m0p040,109,-0.00826253928244114,-2.5332290533697233e-05,-0.008237206991907442,0.008237206991907442,6.785157902752884e-05
7,merged_fibers_output_z_m0p040,110,-0.008158847689628601,0.00021529410150833428,-0.008374141791136935,0.008374141791136935,7.012625073806612e-05
7,merged_fibers_output_z_m0p040,111,-0.007816161960363388,0.00045592221431434155,-0.00827208417467773,0.00827208417467773,6.842737659295373e-05
7,merged_fibers_output_z_m0p040,112,-0.0073036327958106995,0.0006965533830225468,-0.008000186178833246,0.008000186178833246,6.40029788959945e-05
7,merged_fibers_output_z_m0p040,113,-0.006823734380304813,0.0009371878113597631,-0.0077609221916645765,0.0077609221916645765,6.0231913265071694e-05
7,merged_fibers_output_z_m0p040,114,-0.005318834446370602,0.0011398099595680833,-0.006458644405938685,0.006458644405938685,4.171408756236307e-05
7,merged_fibers_output_z_m0p040,115,-0.005513366311788559,0.0009419294074177742,-0.006455295719206333,0.006455295719206333,4.167084282240361e-05
7,merged_fibers_output_z_m0p040,116,-0.006072728894650936,0.0007135649211704731,-0.006786293815821409,0.006786293815821409,4.60537837546559e-05
7,merged_fibers_output_z_m0p040,117,-0.00675547868013382,0.00048520241398364305,-0.007240681094117463,0.007240681094117463,5.2427462706710056e-05
7,merged_fibers_output_z_m0p040,118,-0.007286769337952137,0.00025684188585728407,-0.007543611223809421,0.007543611223809421,5.690607029598347e-05
7,merged_fibers_output_z_m0p040,119,-0.007528253365308046,2.848268923116848e-05,-0.007556736054539215,0.007556736054539215,5.7104259797972896e-05
7,merged_fibers_output_z_m0p040,120,-0.007522504776716232,-0.00019987620180472732,-0.007322628574911505,0.007322628574911505,5.3620889246110495e-05
7,merged_fibers_output_z_m0p040,121,-0.007415986154228449,-0.0004282357986085117,-0.006987750355619937,0.006987750355619937,4.8828655032466555e-05
7,merged_fibers_output_z_m0p040,122,-0.007335233502089977,-0.0006565966759808362,-0.006678636826109141,0.006678636826109141,4.460418985506118e-05
7,merged_fibers_output_z_m0p040,123,-0.007314583286643028,-0.0008849587175063789,-0.006429624569136649,0.006429624569136649,4.134007210004564e-05
7,merged_fibers_output_z_m0p040,124,-0.006266373209655285,-0.0010785210179165006,-0.005187852191738784,0.005187852191738784,2.6913810363328908e-05
7,merged_fibers_output_z_m0p040,125,-0.00628092885017395,-0.0008957621175795794,-0.005385166732594371,0.005385166732594371,2.9000020737841132e-05
7,merged_fibers_output_z_m0p040,126,-0.006297039799392223,-0.0006796685047447681,-0.005617371294647455,0.005617371294647455,3.155486026192923e-05
7,merged_fibers_output_z_m0p040,127,-0.006391466129571199,-0.0004635755030903965,-0.005927890626480803,0.005927890626480803,3.5139887279518965e-05
7,merged_fibers_output_z_m0p040,128,-0.006562409922480583,-0.0002474831126164645,-0.006314926809864119,0.006314926809864119,3.9878300613940614e-05
7,merged_fibers_output_z_m0p040,129,-0.006689332891255617,-3.139102045679465e-05,-0.0066579418707988225,0.0066579418707988225,4.4328189954936126e-05
7,merged_fibers_output_z_m0p040,130,-0.00658579682931304,0.00018470120267011225,-0.006770498031983152,0.006770498031983152,4.5839643601087734e-05
7,merged_fibers_output_z_m0p040,131,-0.006140936631709337,0.00040079408790916204,-0.006541730719618499,0.006541730719618499,4.279424080800037e-05
7,merged_fibers_output_z_m0p040,132,-0.005441807210445404,0.0006168882246129215,-0.0060586954350583255,0.0060586954350583255,3.670779037479659e-05
7,merged_fibers_output_z_m0p040,133,-0.0047681136056780815,0.0008329838747158647,-0.005601097480393946,0.005601097480393946,3.137229298487541e-05
7,merged_fibers_output_z_m0p040,134,-0.003963153809309006,0.0010170229943469167,-0.004980176803655922,0.004980176803655922,2.480216099567252e-05
7,merged_fibers_output_z_m0p040,135,-0.0047152042388916016,0.0006450567743740976,-0.005360261013265699,0.005360261013265699,2.873239813033622e-05
7,merged_fibers_output_z_m0p040,136,-0.005367393139749765,0.0004412299022078514,-0.005808623041957617,0.005808623041957617,3.374010164356096e-05
7,merged_fibers_output_z_m0p040,137,-0.005770336836576462,0.00023740380129311234,-0.006007740637869574,0.006007740637869574,3.609294757190952e-05
7,merged_fibers_output_z_m0p040,138,-0.005786650814116001,3.357815876370296e-05,-0.005820228972879704,0.005820228972879704,3.387506529674834e-05
7,merged_fibers_output_z_m0p040,139,-0.005522933788597584,-0.00017024729459080845,-0.005352686494006775,0.005352686494006775,2.8651252703122544e-05
7,merged_fibers_output_z_m0p040,140,-0.0052096061408519745,-0.0003740728134289384,-0.004835533327423036,0.004835533327423036,2.33823825606189e-05
7,merged_fibers_output_z_m0p040,141,-0.005019824951887131,-0.0005778985214419663,-0.0044419264304451644,0.0044419264304451644,1.973071041348732e-05
7,merged_fibers_output_z_m0p040,142,-0.0049721552059054375,-0.0007817244040779769,-0.0041904308018274605,0.0041904308018274605,1.7559710304904334e-05
7,merged_fibers_output_z_m0p040,143,-0.003450708696618676,-0.0009557188022881746,-0.0024949898943305016,0.0024949898943305016,6.224974572811327e-06
7,merged_fibers_output_z_m0p040,144,-0.0034867555368691683,-0.000610163901001215,-0.0028765916358679533,0.0028765916358679533,8.274779439545468e-06
7,merged_fibers_output_z_m0p040,145,-0.0036762666422873735,-0.00041860470082610846,-0.003257661941461265,0.003257661941461265,1.0612361324845179e-05
7,merged_fibers_output_z_m0p040,146,-0.0041148304007947445,-0.00022704570437781513,-0.0038877846964169294,0.0038877846964169294,1.5114869845693675e-05
7,merged_fibers_output_z_m0p040,147,-0.0046797930262982845,-3.548671884345822e-05,-0.004644306307454826,0.004644306307454826,2.1569581077464682e-05
7,merged_fibers_output_z_m0p040,148,-0.005090275779366493,0.00015607220120728016,-0.005246347980573773,0.005246347980573773,2.752416713327051e-05
7,merged_fibers_output_z_m0p040,149,-0.005103117320686579,0.0003476314013823867,-0.0054507487220689654,0.0054507487220689654,2.971066163113646e-05
7,merged_fibers_output_z_m0p040,150,-0.004712714813649654,0.000539190776180476,-0.00525190558983013,0.00525190558983013,2.758251232448897e-05
7,merged_fibers_output_z_m0p040,151,-0.0041865818202495575,0.0007307502091862261,-0.004917332029435784,0.004917332029435784,2.4180154287715042e-05
7,merged_fibers_output_z_m0p040,152,-0.0040712193585932255,0.0008942338754422963,-0.004965453234035522,0.004965453234035522,2.4655725819393822e-05
7,merged_fibers_output_z_m0p040,153,-0.004539104178547859,0.0005745879025198519,-0.005113692081067711,0.005113692081067711,2.6149846699974618e-05
7,merged_fibers_output_z_m0p040,154,-0.004799268674105406,0.00039529570494778454,-0.00519456437905319,0.00519456437905319,2.6983499088128256e-05
7,merged_fibers_output_z_m0p040,155,-0.004632589407265186,0.00021600349282380193,-0.004848592900088988,0.004848592900088988,2.3508853110793345e-05
7,merged_fibers_output_z_m0p040,156,-0.00398131413385272,3.671125159598887e-05,-0.004018025385448709,0.004018025385448709,1.6144527998110247e-05
7,merged_fibers_output_z_m0p040,157,-0.003097610082477331,-0.00014258110604714602,-0.002955028976430185,0.002955028976430185,8.732196251542027e-06
7,merged_fibers_output_z_m0p040,158,-0.0023495564237236977,-0.00032187349279411137,-0.0020276829309295863,0.0020276829309295863,4.111498068383197e-06
7,merged_fibers_output_z_m0p040,159,-0.0019585180561989546,-0.0005011662724427879,-0.0014573517837561667,0.0014573517837561667,2.123874221617281e-06
7,merged_fibers_output_z_m0p040,160,-0.0018785482970997691,-0.0006804593722335994,-0.0011980889248661697,0.0011980889248661697,1.4354170718869744e-06
7,merged_fibers_output_z_m0p040,161,-0.00034864572808146477,-0.0008329299162141979,0.0004842841881327331,0.0004842841881327331,2.3453117487538043e-07
7,merged_fibers_output_z_m0p040,162,-0.00036241847556084394,-0.0005386985139921308,0.0001762800384312868,0.0001762800384312868,3.1074651949335955e-08
7,merged_fibers_output_z_m0p040,163,-0.0006571276462636888,-0.00037167189293541014,-0.00028545575332827866,0.00028545575332827866,8.148498710821507e-08
7,merged_fibers_output_z_m0p040,164,-0.001444100635126233,-0.00020464579574763775,-0.0012394548393785954,0.0012394548393785954,1.5362482988590196e-06
7,merged_fibers_output_z_m0p040,165,-0.002622357103973627,-3.762004052987322e-05,-0.002584737063443754,0.002584737063443754,6.6808656871398405e-06
7,merged_fibers_output_z_m0p040,166,-0.003801005659624934,0.00012940559827256948,-0.003930411257897504,0.003930411257897504,1.544813265620744e-05
7,merged_fibers_output_z_m0p040,167,-0.004555630963295698,0.0002964310988318175,-0.004852062062127516,0.004852062062127516,2.354250625473712e-05
7,merged_fibers_output_z_m0p040,168,-0.004728655330836773,0.00046345649752765894,-0.005192111828364432,0.005192111828364432,2.6958025238241844e-05
7,merged_fibers_output_z_m0p040,169,-0.004529060795903206,0.000630481808912009,-0.005159542604815215,0.005159542604815215,2.6620879890903373e-05
7,merged_fibers_output_z_m0p040,170,-0.004524870775640011,0.000771452090702951,-0.005296322866342962,0.005296322866342962,2.8051035904547327e-05
7,merged_fibers_output_z_m0p040,171,-0.004741624929010868,0.0005021578981541097,-0.005243782827164978,0.005243782827164978,2.7497258338470327e-05
7,merged_fibers_output_z_m0p040,172,-0.004611636511981487,0.00034739880356937647,-0.004959035315550864,0.004959035315550864,2.4592031260880655e-05
7,merged_fibers_output_z_m0p040,173,-0.0038588803727179766,0.0001926397962961346,-0.004051520169014111,0.004051520169014111,1.641481567992813e-05
7,merged_fibers_output_z_m0p040,174,-0.002502432093024254,3.7880810850765556e-05,-0.0025403129038750194,0.0025403129038750194,6.453189649593934e-06
7,merged_fibers_output_z_m0p040,175,-0.0009496270213276148,-0.00011687829828588292,-0.0008327487230417319,0.0008327487230417319,6.93470435727635e-07
7,merged_fibers_output_z_m0p040,176,0.0002763512311503291,-0.0002716378076002002,0.0005479890387505293,0.0005479890387505293,3.002919865907291e-07
7,merged_fibers_output_z_m0p040,177,0.0008920482359826565,-0.00042639789171516895,0.0013184461276978254,0.0013184461276978254,1.7383001916413906e-06
7,merged_fibers_output_z_m0p040,178,0.0010070160496979952,-0.0005811583832837641,0.0015881744329817593,0.0015881744329817593,2.5222980295769327e-06
7,merged_fibers_output_z_m0p040,179,0.002036485355347395,-0.0007101328228600323,0.0027466181782074273,0.0027466181782074273,7.543911416859487e-06
7,merged_fibers_output_z_m0p040,180,0.0020618087146431208,-0.0004652724019251764,0.002527081116568297,0.002527081116568297,6.3861389697160714e-06
7,merged_fibers_output_z_m0p040,181,0.0016995701007544994,-0.00032277809805236757,0.002022348198806867,0.002022348198806867,4.089892237217379e-06
7,merged_fibers_output_z_m0p040,182,0.0006499335286207497,-0.00018028459453489631,0.000830218123155646,0.000830218123155646,6.892621320160834e-07
7,merged_fibers_output_z_m0p040,183,-0.0010036320891231298,-3.779173857765272e-05,-0.0009658403505454771,0.0009658403505454771,9.328475827418101e-07
7,merged_fibers_output_z_m0p040,184,-0.002770831575617194,0.00010470079723745584,-0.00287553237285465,0.00287553237285465,8.268686427335094e-06
7,merged_fibers_output_z_m0p040,185,-0.004068953450769186,0.00024719341308809817,-0.004316146863857284,0.004316146863857284,1.862912375038507e-05
7,merged_fibers_output_z_m0p040,186,-0.004619660787284374,0.00038968640728853643,-0.005009347194572911,0.005009347194572911,2.509355931577549e-05
7,merged_fibers_output_z_m0p040,187,-0.00460807466879487,0.0005321800126694143,-0.005140254681464285,0.005140254681464285,2.6422218190315495e-05
7,merged_fibers_output_z_m0p040,188,-0.004080923739820719,0.0006486846250481904,-0.004729608364868909,0.004729608364868909,2.2369195285037956e-05
7,merged_fibers_output_z_m0p040,189,-0.004336652345955372,0.0004277692933101207,-0.0047644216392654926,0.0047644216392654926,2.2699713556701282e-05
7,merged_fibers_output_z_m0p040,190,-0.004170183092355728,0.00029754071147181094,-0.004467723803827539,0.004467723803827539,1.9960555987287214e-05
7,merged_fibers_output_z_m0p040,191,-0.0032460871152579784,0.00016731349751353264,-0.003413400612771511,0.003413400612771511,1.1651303743268927e-05
7,merged_fibers_output_z_m0p040,192,-0.0015754880150780082,3.708713120431639e-05,-0.0016125751462823246,0.0016125751462823246,2.6003986024074605e-06
7,merged_fibers_output_z_m0p040,193,0.0003494684351608157,-9.313911141362041e-05,0.00044260754657443613,0.00044260754657443613,1.9590144028464165e-07
7,merged_fibers_output_z_m0p040,194,0.0018813221249729395,-0.00022336610709317029,0.0021046882320661098,0.0021046882320661098,4.429712554197567e-06
7,merged_fibers_output_z_m0p040,195,0.0026578730903565884,-0.0003535946016199887,0.003011467691976577,0.003011467691976577,9.068937659818732e-06
7,merged_fibers_output_z_m0p040,196,0.0028035270515829325,-0.0004838246095459908,0.0032873516611289233,0.0032873516611289233,1.080668094392709e-05
7,merged_fibers_output_z_m0p040,197,0.003125125076621771,-0.0005873574991710484,0.0037124825757928193,0.0037124825757928193,1.3782526875565286e-05
7,merged_fibers_output_z_m0p040,198,0.003186888061463833,-0.00038989228778518736,0.0035767803492490202,0.0035767803492490202,1.2793357666773942e-05
7,merged_fibers_output_z_m0p040,199,0.0028143534436821938,-0.00027192579000256956,0.0030862792336847633,0.0030862792336847633,9.525119508273809e-06
7,merged_fibers_output_z_m0p040,200,0.0016813792753964663,-0.00015396240632981062,0.0018353416817262769,0.0018353416817262769,3.368479088681838e-06
7,merged_fibers_output_z_m0p040,201,-0.00012038313434459269,-3.600136915338226e-05,-8.438176519121043e-05,8.438176519121043e-05,7.120282296784573e-09
7,merged_fibers_output_z_m0p040,202,-0.0020278648007661104,8.195891859941185e-05,-0.0021098237193655223,0.0021098237193655223,4.451356126797366e-06
7,merged_fibers_output_z_m0p040,203,-0.0033699360210448503,0.00019992029410786927,-0.0035698563151527196,0.0035698563151527196,1.2743874110835753e-05
7,merged_fibers_output_z_m0p040,204,-0.0038358240853995085,0.0003178842016495764,-0.004153708287049085,0.004153708287049085,1.7253292533900243e-05
7,merged_fibers_output_z_m0p040,205,-0.0036689541302621365,0.00043585090315900743,-0.004104805033421144,0.004104805033421144,1.6849424362399557e-05
7,merged_fibers_output_z_m0p040,206,-0.0024618972092866898,0.0005259520839899778,-0.0029878492932766676,0.0029878492932766676,8.927243399333882e-06
7,merged_fibers_output_z_m0p040,207,-0.0030346415005624294,0.0003514353884384036,-0.003386076889000833,0.003386076889000833,1.146551669822556e-05
7,merged_fibers_output_z_m0p040,208,-0.0032366409432142973,0.0002457287919241935,-0.003482369735138491,0.003482369735138491,1.2126898972208522e-05
7,merged_fibers_output_z_m0p040,209,-0.0026464550755918026,0.00014002789976075292,-0.0027864829753525555,0.0027864829753525555,7.76448737192963e-06
7,merged_fibers_output_z_m0p040,210,-0.0011682820040732622,3.433120946283452e-05,-0.0012026132135360967,0.0012026132135360967,1.4462785413716175e-06
7,merged_fibers_output_z_m0p040,211,0.0007187919691205025,-7.136441126931459e-05,0.0007901563803898171,0.0007901563803898171,6.243471054707373e-07
7,merged_fibers_output_z_m0p040,212,0.0023016850464046,-0.0001770624949131161,0.0024787475413177162,0.0024787475413177162,6.144189373588623e-06
7,merged_fibers_output_z_m0p040,213,0.0031354136299341917,-0.00028276589000597596,0.0034181795199401677,0.0034181795199401677,1.1683951230538395e-05
7,merged_fibers_output_z_m0p040,214,0.003301600692793727,-0.00038847530959174037,0.0036900760023854673,0.0036900760023854673,1.3616660903381111e-05
7,merged_fibers_output_z_m0p040,215,0.003130293218418956,-0.0004646620946004987,0.0035949553130194545,0.0035949553130194545,1.2923703702606804e-05
7,merged_fibers_output_z_m0p040,216,0.003210458904504776,-0.0003125884977634996,0.0035230474022682756,0.0035230474022682756,1.2411862998629244e-05
7,merged_fibers_output_z_m0p040,217,0.002867982257157564,-0.0002191324019804597,0.003087114659138024,0.003087114659138024,9.530276918664877e-06
7,merged_fibers_output_z_m0p040,218,0.0017955265939235687,-0.00012568759848363698,0.0019212141924072057,0.0019212141924072057,3.6910639731068716e-06
7,merged_fibers_output_z_m0p040,219,0.00011275435099378228,-3.2251118682324886e-05,0.00014500546967610717,0.00014500546967610717,2.1026586235988435e-08
7,merged_fibers_output_z_m0p040,220,-0.0015743334079161286,6.118285818956792e-05,-0.0016355162661056966,0.0016355162661056966,2.6749134566963196e-06
7,merged_fibers_output_z_m0p040,221,-0.0025708500761538744,0.00015462130249943584,-0.0027254713786533102,0.0027254713786533102,7.428194235858375e-06
7,merged_fibers_output_z_m0p040,222,-0.0026035034097731113,0.00024806929286569357,-0.002851572702638805,0.002851572702638805,8.131466878434778e-06
7,merged_fibers_output_z_m0p040,223,-0.0020266855135560036,0.0003415280079934746,-0.002368213521549478,0.002368213521549478,5.608435283649781e-06
7,merged_fibers_output_z_m0p040,224,-0.0005890435422770679,0.0004033820878248662,-0.000992425630101934,0.000992425630101934,9.849086312832209e-07
7,merged_fibers_output_z_m0p040,225,-0.0015023701125755906,0.0002732237917371094,-0.0017755939043127,0.0017755939043127,3.1527337130324178e-06
7,merged_fibers_output_z_m0p040,226,-0.0021929678041487932,0.0001920023059938103,-0.0023849701101426035,0.0023849701101426035,5.688082426273622e-06
7,merged_fibers_output_z_m0p040,227,-0.002128829713910818,0.00011080170224886388,-0.002239631416159682,0.002239631416159682,5.015948880249422e-06
7,merged_fibers_output_z_m0p040,228,-0.0010745187755674124,2.961704012705013e-05,-0.0011041358156944625,0.0011041358156944625,1.219115899499276e-06
7,merged_fibers_output_z_m0p040,229,0.000559295411221683,-5.1562779844971374e-05,0.0006108581910666544,0.0006108581910666544,3.7314772959322524e-07
7,merged_fibers_output_z_m0p040,230,0.0020438823848962784,-0.00013275089440867305,0.0021766332793049514,0.0021766332793049514,4.737732432577827e-06
7,merged_fibers_output_z_m0p040,231,0.002867917763069272,-0.0002139571006409824,0.0030818748637102544,0.0030818748637102544,9.4979526755691e-06
7,merged_fibers_output_z_m0p040,232,0.003046678379178047,-0.0002951835922431201,0.0033418619714211673,0.0033418619714211673,1.116804143603097e-05
7,merged_fibers_output_z_m0p040,233,0.0028139876667410135,-0.0003423085145186633,0.003156296181259677,0.003156296181259677,9.962205583834418e-06
7,merged_fibers_output_z_m0p040,234,0.0028932990971952677,-0.00023351020354311913,0.003126809300738387,0.003126809300738387,9.77693640318408e-06
7,merged_fibers_output_z_m0p040,235,0.0025878690648823977,-0.0001644891017349437,0.0027523581666173413,0.0027523581666173413,7.575475477345172e-06
7,merged_fibers_output_z_m0p040,236,0.001604568213224411,-9.550635877531022e-05,0.0017000745719997212,0.0017000745719997212,2.890253550360035e-06
7,merged_fibers_output_z_m0p040,237,8.047651499509811e-05,-2.65535491053015e-05,0.00010703006410039961,0.00010703006410039961,1.145543462133565e-08
7,merged_fibers_output_z_m0p040,238,-0.0013634481001645327,4.238983092363924e-05,-0.001405837931088172,0.001405837931088172,1.9763802884862714e-06
7,merged_fibers_output_z_m0p040,239,-0.0020328068640083075,0.0001113480975618586,-0.002144154961570166,0.002144154961570166,4.59740049922596e-06
7,merged_fibers_output_z_m0p040,240,-0.001689910888671875,0.00018033980450127274,-0.0018702506931731477,0.0018702506931731477,3.4978376553146394e-06
7,merged_fibers_output_z_m0p040,241,-0.0007678570691496134,0.0002493695938028395,-0.001017226662952453,0.001017226662952453,1.0347500838213832e-06
7,merged_fibers_output_z_m0p040,242,-3.2913871109485626e-05,0.0003484426124487072,-0.00038135648355819285,0.00038135648355819285,1.454327675518702e-07
7,merged_fibers_output_z_m0p040,243,-0.008769172243773937,-0.036931391805410385,0.028162219561636448,0.028162219561636448,0.0007931106106378186
7,merged_fibers_output_z_m0p040,244,-0.008927232585847378,-0.03396587073802948,0.025038638152182102,0.025038638152182102,0.0006269334005159092
7,merged_fibers_output_z_m0p040,245,-0.009283446706831455,-0.03104173019528389,0.021758283488452435,0.021758283488452435,0.00047342290036386184
7,merged_fibers_output_z_m0p040,246,-0.00883052870631218,-0.028104379773139954,0.019273851066827774,0.019273851066827774,0.0003714813349462581
7,merged_fibers_output_z_m0p040,247,-0.0070952074602246284,-0.025259509682655334,0.018164302222430706,0.018164302222430706,0.0003299418752278011
7,merged_fibers_output_z_m0p040,248,-0.005093116778880358,-0.01978912018239498,0.014696003403514624,0.014696003403514624,0.0002159725160361134
7,merged_fibers_output_z_m0p040,249,-0.005614681169390678,-0.01722203940153122,0.011607358232140541,0.011607358232140541,0.0001347307651292408
7,merged_fibers_output_z_m0p040,250,-0.004792917054146528,-0.014802380464971066,0.010009463410824537,0.010009463410824537,0.00010018935777263518
7,merged_fibers_output_z_m0p040,251,-0.00242870906367898,-0.01244760025292635,0.01001889118924737,0.01001889118924737,0.00010037818066197858
7,merged_fibers_output_z_m0p040,252,-0.00036787427961826324,-0.010248149745166302,0.009880275465548038,0.009880275465548038,9.761984327511051e-05
7,merged_fibers_output_z_m0p040,253,0.002074530115351081,-0.006388272158801556,0.008462802274152637,0.008462802274152637,7.161902233140304e-05
7,merged_fibers_output_z_m0p040,254,0.0018216182943433523,-0.004837419837713242,0.006659038132056594,0.006659038132056594,4.434278884418377e-05
7,merged_fibers_output_z_m0p040,255,-0.0006967536173760891,-0.0034551050048321486,0.0027583513874560595,0.0027583513874560595,7.608502376680768e-06
7,merged_fibers_output_z_m0p040,256,-0.0029550460167229176,-0.0022370279766619205,-0.000718018040060997,0.000718018040060997,5.155499058530355e-07
7,merged_fibers_output_z_m0p040,257,-0.0022225654684007168,-0.0012352790217846632,-0.0009872864466160536,0.0009872864466160536,9.747345276717536e-07
8,merged_fibers_output_z_m0p045,0,-0.0088123744353652,-0.0013859870377928019,-0.007426387397572398,0.007426387397572398,5.515122977882214e-05
8,merged_fibers_output_z_m0p045,1,-0.008502554148435593,-0.0012630850542336702,-0.007239469094201922,0.007239469094201922,5.24099127659048e-05
8,merged_fibers_output_z_m0p045,2,-0.0073129464872181416,-0.0011403559474274516,-0.00617259053979069,0.00617259053979069,3.810087397191352e-05
8,merged_fibers_output_z_m0p045,3,-0.004967555403709412,-0.0010176709620282054,-0.003949884441681206,0.003949884441681206,1.5601587102635254e-05
8,merged_fibers_output_z_m0p045,4,-0.0018878785194829106,-0.0008949994808062911,-0.0009928790386766195,0.0009928790386766195,9.858087854434081e-07
8,merged_fibers_output_z_m0p045,5,0.0009710576268844306,-0.0007723227026872337,0.0017433803295716643,0.0017433803295716643,3.039374973537405e-06
8,merged_fibers_output_z_m0p045,6,0.002740225289016962,-0.0006496664718724787,0.0033898917608894408,0.0033898917608894408,1.1491366150546114e-05
8,merged_fibers_output_z_m0p045,7,0.0032217358238995075,-0.0005270388210192323,0.00374877464491874,0.00374877464491874,1.4053311338385624e-05
8,merged_fibers_output_z_m0p045,8,0.0029640449211001396,-0.00040456769056618214,0.0033686126116663218,0.0033686126116663218,1.1347550927477397e-05
8,merged_fibers_output_z_m0p045,9,-0.008767840452492237,-0.0009264255058951676,-0.00784141494659707,0.00784141494659707,6.148778836471592e-05
8,merged_fibers_output_z_m0p045,10,-0.008500879630446434,-0.0008445210987702012,-0.007656358531676233,0.007656358531676233,5.861982596557144e-05
8,merged_fibers_output_z_m0p045,11,-0.007366699166595936,-0.0007627098239026964,-0.0066039893426932395,0.0066039893426932395,4.361267523840588e-05
8,merged_fibers_output_z_m0p045,12,-0.00505665922537446,-0.0006809188053011894,-0.004375740420073271,0.004375740420073271,1.9147104223863004e-05
8,merged_fibers_output_z_m0p045,13,-0.0019684303551912308,-0.0005991326761431992,-0.0013692976790480316,0.0013692976790480316,1.874976133846326e-06
8,merged_fibers_output_z_m0p045,14,0.0009399150148965418,-0.0005173480021767318,0.0014572630170732737,0.0014572630170732737,2.1236155009295003e-06
8,merged_fibers_output_z_m0p045,15,0.002771396189928055,-0.0004355667042545974,0.0032069628941826522,0.0032069628941826522,1.0284611004664373e-05
8,merged_fibers_output_z_m0p045,16,0.0032957226503640413,-0.0003538031887728721,0.0036495258391369134,0.0036495258391369134,1.3319038850527991e-05
8,merged_fibers_output_z_m0p045,17,0.003047365928068757,-0.00027212078566662967,0.0033194867137353867,0.0033194867137353867,1.1018992042665756e-05
8,merged_fibers_output_z_m0p045,18,0.0020649826619774103,-0.00013318669516593218,0.0021981693571433425,0.0021981693571433425,4.831948522683976e-06
8,merged_fibers_output_z_m0p045,19,0.0022888549137860537,-0.00017404320533387363,0.0024628981191199273,0.0024628981191199273,6.0658671451644755e-06
8,merged_fibers_output_z_m0p045,20,0.001868092454969883,-0.0002149327046936378,0.0020830251596635208,0.0020830251596635208,4.338993815791236e-06
8,merged_fibers_output_z_m0p045,21,0.00029054254991933703,-0.00025582819944247603,0.0005463707493618131,0.0005463707493618131,2.9852099575818916e-07
8,merged_fibers_output_z_m0p045,22,-0.002299172803759575,-0.00029672510572709143,-0.0020024476980324835,0.0020024476980324835,4.009796783355592e-06
8,merged_fibers_output_z_m0p045,23,-0.005140948574990034,-0.00033762300154194236,-0.004803325573448092,0.004803325573448092,2.307193656454044e-05
8,merged_fibers_output_z_m0p045,24,-0.0073661962524056435,-0.0003785215085372329,-0.006987674743868411,0.006987674743868411,4.882759832609646e-05
8,merged_fibers_output_z_m0p045,25,-0.00855812057852745,-0.0004194251087028533,-0.008138695469824597,0.008138695469824597,6.623836395054342e-05
8,merged_fibers_output_z_m0p045,26,-0.00892255362123251,-0.0004603606939781457,-0.008462192927254364,0.008462192927254364,7.160870913807378e-05
8,merged_fibers_output_z_m0p045,27,-0.009619362652301788,-8.089727998594753e-08,-0.009619281755021802,0.009619281755021802,9.253058148249533e-05
8,merged_fibers_output_z_m0p045,28,-0.00891310628503561,-7.15433898790252e-08,-0.008913034741645731,0.008913034741645731,7.944218830578378e-05
8,merged_fibers_output_z_m0p045,29,-0.007643182296305895,-6.275835318092504e-08,-0.007643119537952714,0.007643119537952714,5.841727627143451e-05
8,merged_fibers_output_z_m0p045,30,-0.005884118378162384,-5.366636912640388e-08,-0.005884064711793258,0.005884064711793258,3.462221753257067e-05
8,merged_fibers_output_z_m0p045,31,-0.003930480685085058,-4.426376065680415e-08,-0.003930436421324401,0.003930436421324401,1.5448330462073367e-05
8,merged_fibers_output_z_m0p045,32,-0.002211781218647957,-3.567392070635833e-08,-0.0022117455447272505,0.0022117455447272505,4.891818354620842e-06
8,merged_fibers_output_z_m0p045,33,-0.0010724873282015324,-2.7802819602129603e-08,-0.0010724595253819302,0.0010724595253819302,1.150169433582435e-06
8,merged_fibers_output_z_m0p045,34,-0.0005784904351457953,-2.025250012138713e-08,-0.000578470182645674,0.000578470182645674,3.346277522101194e-07
8,merged_fibers_output_z_m0p045,35,-0.0005064832512289286,-1.3811660259932523e-08,-0.0005064694395686686,0.0005064694395686686,2.565112932170013e-07
8,merged_fibers_output_z_m0p045,36,-0.00220711762085557,0.00013152830069884658,-0.0023386459215544164,0.0023386459215544164,5.469264746403106e-06
8,merged_fibers_output_z_m0p045,37,-0.002886306494474411,0.0001723692985251546,-0.0030586757929995656,0.0030586757929995656,9.355497606681521e-06
8,merged_fibers_output_z_m0p045,38,-0.00363930594176054,0.00021324330009520054,-0.0038525492418557405,0.0038525492418557405,1.4842135660923241e-05
8,merged_fibers_output_z_m0p045,39,-0.004217683803290129,0.0002541228896006942,-0.004471806692890823,0.004471806692890823,1.999705509858316e-05
8,merged_fibers_output_z_m0p045,40,-0.0047231875360012054,0.0002950030902866274,-0.005018190626287833,0.005018190626287833,2.518223716176307e-05
8,merged_fibers_output_z_m0p045,41,-0.005522885359823704,0.0003358829126227647,-0.0058587682724464685,0.0058587682724464685,3.4325165670225376e-05
8,merged_fibers_output_z_m0p045,42,-0.006893023382872343,0.0003767632006201893,-0.007269786583492532,0.007269786583492532,5.2849796969528026e-05
8,merged_fibers_output_z_m0p045,43,-0.00868176482617855,0.0004176482034381479,-0.009099413029616699,0.009099413029616699,8.279931748355815e-05
8,merged_fibers_output_z_m0p045,44,-0.010286666452884674,0.0004585623973980546,-0.010745228850282729,0.010745228850282729,0.00011545994304494829
8,merged_fibers_output_z_m0p045,45,-0.011022020131349564,0.0009328235173597932,-0.011954843648709357,0.011954843648709357,0.00014291828666508643
8,merged_fibers_output_z_m0p045,46,-0.008679567836225033,0.000850923708640039,-0.009530491544865072,0.009530491544865072,9.083026908674462e-05
8,merged_fibers_output_z_m0p045,47,-0.006160085089504719,0.0007691296050325036,-0.006929214694537222,0.006929214694537222,4.801401628299057e-05
8,merged_fibers_output_z_m0p045,48,-0.004680889658629894,0.0006873561069369316,-0.005368245765566826,0.005368245765566826,2.8818062599526156e-05
8,merged_fibers_output_z_m0p045,49,-0.004467040300369263,0.0006055852863937616,-0.005072625586763024,0.005072625586763024,2.5731530343482917e-05
8,merged_fibers_output_z_m0p045,50,-0.004724746569991112,0.0005238162120804191,-0.005248562782071531,0.005248562782071531,2.7547411277346448e-05
8,merged_fibers_output_z_m0p045,51,-0.004419188946485519,0.0004420508921612054,-0.004861239838646725,0.004861239838646725,2.3631652768846034e-05
8,merged_fibers_output_z_m0p045,52,-0.003191977273672819,0.00036030029878020287,-0.003552277572453022,0.003552277572453022,1.2618675951752735e-05
8,merged_fibers_output_z_m0p045,53,-0.0016611573519185185,0.00027862010756507516,-0.0019397774594835937,0.0019397774594835937,3.762736592320625e-06
8,merged_fibers_output_z_m0p045,54,-0.008790617808699608,-0.001207267981953919,-0.007583349826745689,0.007583349826745689,5.750719459480387e-05
8,merged_fibers_output_z_m0p045,55,-0.00876182597130537,-0.000904951011762023,-0.007856874959543347,0.007856874959543347,6.173048412989928e-05
8,merged_fibers_output_z_m0p045,56,-0.008870811201632023,-0.0006027672789059579,-0.008268043922726065,0.008268043922726065,6.836055030812741e-05
8,merged_fibers_output_z_m0p045,57,-0.009226235561072826,-0.00030065811006352305,-0.008925577451009303,0.008925577451009303,7.966593283396573e-05
8,merged_fibers_output_z_m0p045,58,-0.009824507869780064,1.4198450344338198e-06,-0.009825927714814497,0.009825927714814497,9.654885545675965e-05
8,merged_fibers_output_z_m0p045,59,-0.010544488206505775,0.0003034975961782038,-0.01084798580268398,0.01084798580268398,0.00011767879597523317
8,merged_fibers_output_z_m0p045,60,-0.011218619532883167,0.0006056110723875463,-0.011824230605270714,0.011824230605270714,0.00013981242940662062
8,merged_fibers_output_z_m0p045,61,-0.011721618473529816,0.0009077897993847728,-0.012629408272914588,0.012629408272914588,0.00015950195332396343
8,merged_fibers_output_z_m0p045,62,-0.012011364102363586,0.0012101080501452088,-0.013221472152508795,0.013221472152508795,0.00017480732587956554
8,merged_fibers_output_z_m0p045,63,-0.012023203074932098,0.0014784210361540318,-0.01350162411108613,0.01350162411108613,0.00018229385363706233
8,merged_fibers_output_z_m0p045,64,-0.008823582902550697,-0.0014475439675152302,-0.007376038935035467,0.007376038935035467,5.440595037115915e-05
8,merged_fibers_output_z_m0p045,65,-0.008796526119112968,-0.001166517031379044,-0.007630009087733924,0.007630009087733924,5.821703867890227e-05
8,merged_fibers_output_z_m0p045,66,-0.008767632767558098,-0.0008766594110056758,-0.007890973356552422,0.007890973356552422,6.22674605138202e-05
8,merged_fibers_output_z_m0p045,67,-0.008865787647664547,-0.0005868541193194687,-0.008278933528345078,0.008278933528345078,6.854074036675628e-05
8,merged_fibers_output_z_m0p045,68,-0.009194061160087585,-0.0002970829955302179,-0.008896978164557368,0.008896978164557368,7.915622046061058e-05
8,merged_fibers_output_z_m0p045,69,-0.0097477026283741,-7.328800165851135e-06,-0.009740373828208249,0.009740373828208249,9.487488231324421e-05
8,merged_fibers_output_z_m0p045,70,-0.010409323498606682,0.00028242490952834487,-0.010691748408135027,0.010691748408135027,0.00011431348402285787
8,merged_fibers_output_z_m0p045,71,-0.011019396595656872,0.0005721942870877683,-0.01159159088274464,0.01159159088274464,0.00013436497919292866
8,merged_fibers_output_z_m0p045,72,-0.011463823728263378,0.0008619970758445561,-0.012325820804107934,0.012325820804107934,0.00015192585849497996
8,merged_fibers_output_z_m0p045,73,-0.011712946929037571,0.0011518510291352868,-0.012864797958172858,0.012864797958172858,0.00016550302650460852
8,merged_fibers_output_z_m0p045,74,-0.010907238349318504,0.0013856400037184358,-0.01229287835303694,0.01229287835303694,0.00015111485820256418
8,merged_fibers_output_z_m0p045,75,-0.010887591168284416,0.0011223029578104615,-0.012009894126094878,0.012009894126094878,0.00014423755692000823
8,merged_fibers_output_z_m0p045,76,-0.01077790092676878,0.0008447985164821148,-0.011622699443250895,0.011622699443250895,0.00013508714234814465
8,merged_fibers_output_z_m0p045,77,-0.010525438003242016,0.0005673173000104725,-0.011092755303252488,0.011092755303252488,0.0001230492202178362
8,merged_fibers_output_z_m0p045,78,-0.010112711228430271,0.0002898557868320495,-0.01040256701526232,0.01040256701526232,0.00010821340050702363
8,merged_fibers_output_z_m0p045,79,-0.00961036141961813,1.2404960216372274e-05,-0.009622766379834502,0.009622766379834502,9.25976328008732e-05
8,merged_fibers_output_z_m0p045,80,-0.009154175408184528,-0.0002650455862749368,-0.008889129821909592,0.008889129821909592,7.901662899076245e-05
8,merged_fibers_output_z_m0p045,81,-0.00886392593383789,-0.0005425061099231243,-0.008321419823914766,0.008321419823914766,6.924602788584166e-05
8,merged_fibers_output_z_m0p045,82,-0.008766613900661469,-0.0008199859876185656,-0.007946627913042903,0.007946627913042903,6.31488951883526e-05
8,merged_fibers_output_z_m0p045,83,-0.008786537684500217,-0.001097489963285625,-0.0076890477212145925,0.0076890477212145925,5.912145485911532e-05
8,merged_fibers_output_z_m0p045,84,-0.008730481378734112,-0.0013242480345070362,-0.007406233344227076,0.007406233344227076,5.485229234914097e-05
8,merged_fibers_output_z_m0p045,85,-0.008715054020285606,-0.0010780399898067117,-0.007637014030478895,0.007637014030478895,5.832398330173149e-05
8,merged_fibers_output_z_m0p045,86,-0.00869746319949627,-0.0008128414046950638,-0.007884621794801205,0.007884621794801205,6.216726084705418e-05
8,merged_fibers_output_z_m0p045,87,-0.008762750774621964,-0.000547654926776886,-0.008215095847845078,0.008215095847845078,6.748779978928143e-05
8,merged_fibers_output_z_m0p045,88,-0.008963987231254578,-0.0002824797120410949,-0.008681507519213483,0.008681507519213483,7.536857280616024e-05
8,merged_fibers_output_z_m0p045,89,-0.009264390915632248,-1.731134943838697e-05,-0.009247079566193861,0.009247079566193861,8.550848050352004e-05
8,merged_fibers_output_z_m0p045,90,-0.009551328606903553,0.00024785648565739393,-0.009799185092560947,0.009799185092560947,9.60240284782687e-05
8,merged_fibers_output_z_m0p045,91,-0.009714510291814804,0.0005130302160978317,-0.010227540507912636,0.010227540507912636,0.00010460258484099386
8,merged_fibers_output_z_m0p045,92,-0.009725857526063919,0.0007782144821248949,-0.010504072008188814,0.010504072008188814,0.00011033552875321578
8,merged_fibers_output_z_m0p045,93,-0.009655704721808434,0.0010434100404381752,-0.010699114762246609,0.010699114762246609,0.00011447105669572331
8,merged_fibers_output_z_m0p045,94,-0.008082692511379719,0.0012626319658011198,-0.009345324477180839,0.009345324477180839,8.733508958379531e-05
8,merged_fibers_output_z_m0p045,95,-0.008193863555788994,0.001033034990541637,-0.00922689854633063,0.00922689854633063,8.513565678427831e-05
8,merged_fibers_output_z_m0p045,96,-0.008463363163173199,0.0007801247993484139,-0.009243487962521613,0.009243487962521613,8.544206971328195e-05
8,merged_fibers_output_z_m0p045,97,-0.008746697567403316,0.0005272197886370122,-0.009273917356040329,0.009273917356040329,8.600554312666604e-05
8,merged_fibers_output_z_m0p045,98,-0.008892946876585484,0.0002743205986917019,-0.009167267475277185,0.009167267475277185,8.403879296327494e-05
8,merged_fibers_output_z_m0p045,99,-0.008854938670992851,2.142511038982775e-05,-0.008876363781382679,0.008876363781382679,7.878983397944221e-05
8,merged_fibers_output_z_m0p045,100,-0.008703145198523998,-0.00023146999592427164,-0.008471675202599727,0.008471675202599727,7.176928073834312e-05
8,merged_fibers_output_z_m0p045,101,-0.008555997163057327,-0.00048436838551424444,-0.008071628777543083,0.008071628777543083,6.515119112246165e-05
8,merged_fibers_output_z_m0p045,102,-0.008488231338560581,-0.0007372726104222238,-0.007750958728138357,0.007750958728138357,6.007736120530418e-05
8,merged_fibers_output_z_m0p045,103,-0.008490268141031265,-0.0009901829762384295,-0.007500085164792836,0.007500085164792836,5.625127747914558e-05
8,merged_fibers_output_z_m0p045,104,-0.008045414462685585,-0.001201341045089066,-0.006844073417596519,0.006844073417596519,4.6841340945451295e-05
8,merged_fibers_output_z_m0p045,105,-0.00804612785577774,-0.000987852574326098,-0.0070582752814516425,0.0070582752814516425,4.981924994875126e-05
8,merged_fibers_output_z_m0p045,106,-0.008047529496252537,-0.0007472187280654907,-0.007300310768187046,0.007300310768187046,5.329453731210774e-05
8,merged_fibers_output_z_m0p045,107,-0.008099241182208061,-0.00050658721011132,-0.007592653972096741,0.007592653972096741,5.764839433999642e-05
8,merged_fibers_output_z_m0p045,108,-0.008199496194720268,-0.0002659588062670082,-0.00793353738845326,0.00793353738845326,6.294101549398578e-05
8,merged_fibers_output_z_m0p045,109,-0.00826253741979599,-2.5332290533697233e-05,-0.008237205129262293,0.008237205129262293,6.785154834154502e-05
8,merged_fibers_output_z_m0p045,110,-0.008158844895660877,0.00021529410150833428,-0.008374138997169212,0.008374138997169212,7.012620394391017e-05
8,merged_fibers_output_z_m0p045,111,-0.007816161029040813,0.00045592221431434155,-0.008272083243355155,0.008272083243355155,6.842736118499714e-05
8,merged_fibers_output_z_m0p045,112,-0.007303631864488125,0.0006965533830225468,-0.008000185247510672,0.008000185247510672,6.400296399448739e-05
8,merged_fibers_output_z_m0p045,113,-0.006823734380304813,0.0009371878113597631,-0.0077609221916645765,0.0077609221916645765,6.0231913265071694e-05
8,merged_fibers_output_z_m0p045,114,-0.005318834912031889,0.0011398099595680833,-0.006458644871599972,0.006458644871599972,4.171409357744462e-05
8,merged_fibers_output_z_m0p045,115,-0.005513366311788559,0.0009419294074177742,-0.006455295719206333,0.006455295719206333,4.167084282240361e-05
8,merged_fibers_output_z_m0p045,116,-0.006072727497667074,0.0007135649211704731,-0.006786292418837547,0.006786292418837547,4.605376479397197e-05
8,merged_fibers_output_z_m0p045,117,-0.006755475886166096,0.00048520241398364305,-0.007240678300149739,0.007240678300149739,5.242742224625931e-05
8,merged_fibers_output_z_m0p045,118,-0.007286766078323126,0.00025684188585728407,-0.00754360796418041,0.00754360796418041,5.690602111724611e-05
8,merged_fibers_output_z_m0p045,119,-0.0075282505713403225,2.848268923116848e-05,-0.007556733260571491,0.007556733260571491,5.7104217571427435e-05
8,merged_fibers_output_z_m0p045,120,-0.007522504311054945,-0.00019987620180472732,-0.007322628109250218,0.007322628109250218,5.3620882426381414e-05
8,merged_fibers_output_z_m0p045,121,-0.007415986619889736,-0.0004282357986085117,-0.0069877508212812245,0.0069877508212812245,4.8828661540316424e-05
8,merged_fibers_output_z_m0p045,122,-0.007335235830396414,-0.0006565966759808362,-0.006678639154415578,0.006678639154415578,4.460422095489282e-05
8,merged_fibers_output_z_m0p045,123,-0.007314586546272039,-0.0008849587175063789,-0.0064296278287656605,0.0064296278287656605,4.134011401643782e-05
8,merged_fibers_output_z_m0p045,124,-0.006266377400606871,-0.0010785210179165006,-0.00518785638269037,0.00518785638269037,2.691385384742121e-05
8,merged_fibers_output_z_m0p045,125,-0.006280933506786823,-0.0008957621175795794,-0.005385171389207244,0.005385171389207244,2.9000070891136277e-05
8,merged_fibers_output_z_m0p045,126,-0.00629704212769866,-0.0006796685047447681,-0.005617373622953892,0.005617373622953892,3.155488641985813e-05
8,merged_fibers_output_z_m0p045,127,-0.006391466595232487,-0.0004635755030903965,-0.00592789109214209,0.00592789109214209,3.513989280029754e-05
8,merged_fibers_output_z_m0p045,128,-0.006562408991158009,-0.0002474831126164645,-0.006314925878541544,0.006314925878541544,3.987828885147369e-05
8,merged_fibers_output_z_m0p045,129,-0.006689330097287893,-3.139102045679465e-05,-0.006657939076831099,0.006657939076831099,4.432815275079454e-05
8,merged_fibers_output_z_m0p045,130,-0.006585793569684029,0.00018470120267011225,-0.006770494772354141,0.006770494772354141,4.583959946247475e-05
8,merged_fibers_output_z_m0p045,131,-0.006140933837741613,0.00040079408790916204,-0.006541727925650775,0.006541727925650775,4.27942042532392e-05
8,merged_fibers_output_z_m0p045,132,-0.005441805813461542,0.0006168882246129215,-0.006058694038074464,0.006058694038074464,3.6707773446999046e-05
8,merged_fibers_output_z_m0p045,133,-0.004768113140016794,0.0008329838747158647,-0.005601097014732659,0.005601097014732659,3.13722877684471e-05
8,merged_fibers_output_z_m0p045,134,-0.003963155671954155,0.0010170229943469167,-0.004980178666301072,0.004980178666301072,2.480217954828032e-05
8,merged_fibers_output_z_m0p045,135,-0.004715203773230314,0.0006450567743740976,-0.005360260547604412,0.005360260547604412,2.873239313820435e-05
8,merged_fibers_output_z_m0p045,136,-0.0053673903457820415,0.0004412299022078514,-0.005808620247989893,0.005808620247989893,3.3740069185358166e-05
8,merged_fibers_output_z_m0p045,137,-0.005770333111286163,0.00023740380129311234,-0.006007736912579276,0.006007736912579276,3.609290281076757e-05
8,merged_fibers_output_z_m0p045,138,-0.00578664755448699,3.357815876370296e-05,-0.005820225713250693,0.005820225713250693,3.387502735318454e-05
8,merged_fibers_output_z_m0p045,139,-0.005522932391613722,-0.00017024729459080845,-0.005352685097022913,0.005352685097022913,2.8651237747891196e-05
8,merged_fibers_output_z_m0p045,140,-0.005209606606513262,-0.0003740728134289384,-0.004835533793084323,0.004835533793084323,2.3382387064060464e-05
8,merged_fibers_output_z_m0p045,141,-0.005019827280193567,-0.0005778985214419663,-0.004441928758751601,0.004441928758751601,1.973073109782454e-05
8,merged_fibers_output_z_m0p045,142,-0.004972158931195736,-0.0007817244040779769,-0.004190434527117759,0.004190434527117759,1.7559741526060636e-05
8,merged_fibers_output_z_m0p045,143,-0.0034507119562476873,-0.0009557188022881746,-0.0024949931539595127,0.0024949931539595127,6.224990838304837e-06
8,merged_fibers_output_z_m0p045,144,-0.003486757865175605,-0.000610163901001215,-0.00287659396417439,0.00287659396417439,8.27479283472453e-06
8,merged_fibers_output_z_m0p045,145,-0.003676267107948661,-0.00041860470082610846,-0.0032576624071225524,0.0032576624071225524,1.0612364358779502e-05
8,merged_fibers_output_z_m0p045,146,-0.004114829003810883,-0.00022704570437781513,-0.0038877832994330674,0.0038877832994330674,1.5114858983350667e-05
8,merged_fibers_output_z_m0p045,147,-0.004679789301007986,-3.548671884345822e-05,-0.004644302582164528,0.004644302582164528,2.15695464747001e-05
8,merged_fibers_output_z_m0p045,148,-0.005090272054076195,0.00015607220120728016,-0.005246344255283475,0.005246344255283475,2.752412804494592e-05
8,merged_fibers_output_z_m0p045,149,-0.005103114061057568,0.0003476314013823867,-0.005450745462439954,0.005450745462439954,2.971062609630975e-05
8,merged_fibers_output_z_m0p045,150,-0.004712714347988367,0.000539190776180476,-0.005251905124168843,0.005251905124168843,2.758250743327095e-05
8,merged_fibers_output_z_m0p045,151,-0.004186583682894707,0.0007307502091862261,-0.004917333892080933,0.004917333892080933,2.4180172606207815e-05
8,merged_fibers_output_z_m0p045,152,-0.0040712240152060986,0.0008942338754422963,-0.004965457890648395,0.004965457890648395,2.4655772063802406e-05
8,merged_fibers_output_z_m0p045,153,-0.004539105575531721,0.0005745879025198519,-0.005113693478051573,0.005113693478051573,2.6149860987467194e-05
8,merged_fibers_output_z_m0p045,154,-0.004799267277121544,0.00039529570494778454,-0.005194562982069328,0.005194562982069328,2.6983484574684993e-05
8,merged_fibers_output_z_m0p045,155,-0.004632585681974888,0.00021600349282380193,-0.00484858917479869,0.00484858917479869,2.350881698597504e-05
8,merged_fibers_output_z_m0p045,156,-0.003981310408562422,3.671125159598887e-05,-0.004018021660158411,0.004018021660158411,1.614449806150215e-05
8,merged_fibers_output_z_m0p045,157,-0.003097607521340251,-0.00014258110604714602,-0.002955026415293105,0.002955026415293105,8.732181115080018e-06
8,merged_fibers_output_z_m0p045,158,-0.0023495557252317667,-0.00032187349279411137,-0.0020276822324376553,0.0020276822324376553,4.111495235743354e-06
8,merged_fibers_output_z_m0p045,159,-0.001958519220352173,-0.0005011662724427879,-0.001457352947909385,0.001457352947909385,2.1238776147801745e-06
8,merged_fibers_output_z_m0p045,160,-0.0018785505089908838,-0.0006804593722335994,-0.0011980911367572844,0.0011980911367572844,1.435422371976362e-06
8,merged_fibers_output_z_m0p045,161,-0.00034864782355725765,-0.0008329299162141979,0.0004842820926569402,0.0004842820926569402,2.3452914526818523e-07
8,merged_fibers_output_z_m0p045,162,-0.00036241987254470587,-0.0005386985139921308,0.0001762786414474249,0.0001762786414474249,3.1074159430549784e-08
8,merged_fibers_output_z_m0p045,163,-0.0006571271223947406,-0.00037167189293541014,-0.00028545522945933044,0.00028545522945933044,8.148468802567899e-08
8,merged_fibers_output_z_m0p045,164,-0.001444098073989153,-0.00020464579574763775,-0.0012394522782415152,0.0012394522782415152,1.5362419500380823e-06
8,merged_fibers_output_z_m0p045,165,-0.0026223533786833286,-3.762004052987322e-05,-0.0025847333381534554,0.0025847333381534554,6.680846429361905e-06
8,merged_fibers_output_z_m0p045,166,-0.003801001701503992,0.00012940559827256948,-0.0039304072997765616,0.0039304072997765616,1.5448101542136883e-05
8,merged_fibers_output_z_m0p045,167,-0.004555629100650549,0.0002964310988318175,-0.0048520601994823664,0.0048520601994823664,2.354248817940086e-05
8,merged_fibers_output_z_m0p045,168,-0.004728656727820635,0.00046345649752765894,-0.005192113225348294,0.005192113225348294,2.6958039744836662e-05
8,merged_fibers_output_z_m0p045,169,-0.004529065452516079,0.000630481808912009,-0.005159547261428088,0.005159547261428088,2.6620927942910082e-05
8,merged_fibers_output_z_m0p045,170,-0.0045248777605593204,0.000771452090702951,-0.005296329851262271,0.005296329851262271,2.8051109893371834e-05
8,merged_fibers_output_z_m0p045,171,-0.0047416286543011665,0.0005021578981541097,-0.005243786552455276,0.005243786552455276,2.749729740771079e-05
8,merged_fibers_output_z_m0p045,172,-0.004611636977642775,0.00034739880356937647,-0.004959035781212151,0.004959035781212151,2.459203587934241e-05
8,merged_fibers_output_z_m0p045,173,-0.003858877345919609,0.0001926397962961346,-0.004051517142215744,0.004051517142215744,1.6414791153668026e-05
8,merged_fibers_output_z_m0p045,174,-0.002502427902072668,3.7880810850765556e-05,-0.0025403087129234336,0.0025403087129234336,6.453168356954712e-06
8,merged_fibers_output_z_m0p045,175,-0.0009496236452832818,-0.00011687829828588292,-0.0008327453469973989,0.0008327453469973989,6.934648129458182e-07
8,merged_fibers_output_z_m0p045,176,0.0002763532684184611,-0.0002716378076002002,0.0005479910760186613,0.0005479910760186613,3.002942193960902e-07
8,merged_fibers_output_z_m0p045,177,0.0008920483523979783,-0.00042639789171516895,0.0013184462441131473,0.0013184462441131473,1.7383004986160647e-06
8,merged_fibers_output_z_m0p045,178,0.001007014885544777,-0.0005811583832837641,0.001588173268828541,0.001588173268828541,2.5222943318215333e-06
8,merged_fibers_output_z_m0p045,179,0.0020364834927022457,-0.0007101328228600323,0.002746616315562278,0.002746616315562278,7.543901184912903e-06
8,merged_fibers_output_z_m0p045,180,0.00206180801615119,-0.0004652724019251764,0.002527080418076366,0.002527080418076366,6.386135439425022e-06
8,merged_fibers_output_z_m0p045,181,0.0016995714977383614,-0.00032277809805236757,0.002022349595790729,0.002022349595790729,4.089897887594925e-06
8,merged_fibers_output_z_m0p045,182,0.0006499369628727436,-0.00018028459453489631,0.0008302215574076399,0.0008302215574076399,6.892678343843671e-07
8,merged_fibers_output_z_m0p045,183,-0.0010036277817562222,-3.779173857765272e-05,-0.0009658360431785695,0.0009658360431785695,9.328392623028356e-07
8,merged_fibers_output_z_m0p045,184,-0.0027708280831575394,0.00010470079723745584,-0.002875528880394995,0.002875528880394995,8.268666341985695e-06
8,merged_fibers_output_z_m0p045,185,-0.004068952053785324,0.00024719341308809817,-0.004316145466873422,0.004316145466873422,1.862911169121199e-05
8,merged_fibers_output_z_m0p045,186,-0.004619663115590811,0.00038968640728853643,-0.005009349522879347,0.005009349522879347,2.5093582642371543e-05
8,merged_fibers_output_z_m0p045,187,-0.004608080256730318,0.0005321800126694143,-0.005140260269399732,0.005140260269399732,2.642227563716941e-05
8,merged_fibers_output_z_m0p045,188,-0.004080931190401316,0.0006486846250481904,-0.004729615815449506,0.004729615815449506,2.2369265761750096e-05
8,merged_fibers_output_z_m0p045,189,-0.004336657002568245,0.0004277692933101207,-0.004764426295878366,0.004764426295878366,2.2699757928857243e-05
8,merged_fibers_output_z_m0p045,190,-0.00417018448933959,0.00029754071147181094,-0.004467725200811401,0.004467725200811401,1.9960568469965273e-05
8,merged_fibers_output_z_m0p045,191,-0.003246085252612829,0.00016731349751353264,-0.003413398750126362,0.003413398750126362,1.165129102736421e-05
8,merged_fibers_output_z_m0p045,192,-0.001575483474880457,3.708713120431639e-05,-0.0016125706060847733,0.0016125706060847733,2.600383959608613e-06
8,merged_fibers_output_z_m0p045,193,0.0003494728298392147,-9.313911141362041e-05,0.0004426119412528351,0.0004426119412528351,1.9590533053960315e-07
8,merged_fibers_output_z_m0p045,194,0.0018813250353559852,-0.00022336610709317029,0.0021046911424491554,0.0021046911424491554,4.429724805103931e-06
8,merged_fibers_output_z_m0p045,195,0.0026578737888485193,-0.0003535946016199887,0.003011468390468508,0.003011468390468508,9.068941866790986e-06
8,merged_fibers_output_z_m0p045,196,0.0028035256545990705,-0.0004838246095459908,0.0032873502641450614,0.0032873502641450614,1.0806671759174604e-05
8,merged_fibers_output_z_m0p045,197,0.003125121584162116,-0.0005873574991710484,0.0037124790833331645,0.0037124790833331645,1.3782500944186253e-05
8,merged_fibers_output_z_m0p045,198,0.0031868871301412582,-0.00038989228778518736,0.0035767794179264456,0.0035767794179264456,1.2793351004502242e-05
8,merged_fibers_output_z_m0p045,199,0.002814355306327343,-0.00027192579000256956,0.0030862810963299125,0.0030862810963299125,9.525131005563366e-06
8,merged_fibers_output_z_m0p045,200,0.0016813832335174084,-0.00015396240632981062,0.001835345639847219,0.001835345639847219,3.3684936177061977e-06
8,merged_fibers_output_z_m0p045,201,-0.00012037807027809322,-3.600136915338226e-05,-8.437670112471096e-05,8.437670112471096e-05,7.1194276926888e-09
8,merged_fibers_output_z_m0p045,202,-0.0020278608426451683,8.195891859941185e-05,-0.00210981976124458,0.00210981976124458,4.451339424938137e-06
8,merged_fibers_output_z_m0p045,203,-0.0033699346240609884,0.00019992029410786927,-0.0035698549181688577,0.0035698549181688577,1.274386413677438e-05
8,merged_fibers_output_z_m0p045,204,-0.003835826413705945,0.0003178842016495764,-0.0041537106153555214,0.0041537106153555214,1.7253311876117145e-05
8,merged_fibers_output_z_m0p045,205,-0.003668959252536297,0.00043585090315900743,-0.004104810155695304,0.004104810155695304,1.6849466414299307e-05
8,merged_fibers_output_z_m0p045,206,-0.0024619027972221375,0.0005259520839899778,-0.0029878548812121153,0.0029878548812121153,8.927276791183064e-06
8,merged_fibers_output_z_m0p045,207,-0.0030346447601914406,0.0003514353884384036,-0.003386080148629844,0.003386080148629844,1.1465538772945108e-05
8,merged_fibers_output_z_m0p045,208,-0.003236641176044941,0.0002457287919241935,-0.0034823699679691344,0.0034823699679691344,1.212690059381335e-05
8,merged_fibers_output_z_m0p045,209,-0.002646452747285366,0.00014002789976075292,-0.002786480647046119,0.002786480647046119,7.764474396362558e-06
8,merged_fibers_output_z_m0p045,210,-0.001168277463875711,3.433120946283452e-05,-0.0012026086733385455,0.0012026086733385455,1.4462676211890965e-06
8,merged_fibers_output_z_m0p045,211,0.0007187970913946629,-7.136441126931459e-05,0.0007901615026639774,0.0007901615026639774,6.243552002921948e-07
8,merged_fibers_output_z_m0p045,212,0.0023016880732029676,-0.0001770624949131161,0.0024787505681160837,0.0024787505681160837,6.144204378935808e-06
8,merged_fibers_output_z_m0p045,213,0.0031354138627648354,-0.00028276589000597596,0.0034181797527708113,0.0034181797527708113,1.1683952822252325e-05
8,merged_fibers_output_z_m0p045,214,0.0033015974331647158,-0.00038847530959174037,0.003690072742756456,0.003690072742756456,1.3616636846834155e-05
8,merged_fibers_output_z_m0p045,215,0.003130286931991577,-0.0004646620946004987,0.003594949026592076,0.003594949026592076,1.2923658503795313e-05
8,merged_fibers_output_z_m0p045,216,0.003210455644875765,-0.0003125884977634996,0.0035230441426392645,0.0035230441426392645,1.241184003098483e-05
8,merged_fibers_output_z_m0p045,217,0.0028679831884801388,-0.0002191324019804597,0.0030871155904605985,0.0030871155904605985,9.53028266886489e-06
8,merged_fibers_output_z_m0p045,218,0.0017955305520445108,-0.00012568759848363698,0.0019212181505281478,0.0019212181505281478,3.691079181918797e-06
8,merged_fibers_output_z_m0p045,219,0.00011275988072156906,-3.2251118682324886e-05,0.00014501099940389395,0.00014501099940389395,2.102818994811613e-08
8,merged_fibers_output_z_m0p045,220,-0.001574329100549221,6.118285818956792e-05,-0.001635511958738789,0.001635511958738789,2.67489936717759e-06
8,merged_fibers_output_z_m0p045,221,-0.0025708479806780815,0.00015462130249943584,-0.0027254692831775174,0.0027254692831775174,7.42818281354417e-06
8,merged_fibers_output_z_m0p045,222,-0.0026035038754343987,0.00024806929286569357,-0.0028515731683000922,0.0028515731683000922,8.131469534169026e-06
8,merged_fibers_output_z_m0p045,223,-0.0020266887731850147,0.0003415280079934746,-0.0023682167811784893,0.0023682167811784893,5.608450722655405e-06
8,merged_fibers_output_z_m0p045,224,-0.0005890467436984181,0.0004033820878248662,-0.0009924288315232843,0.0009924288315232843,9.849149856386714e-07
8,merged_fibers_output_z_m0p045,225,-0.0015023713931441307,0.0002732237917371094,-0.0017755951848812401,0.0017755951848812401,3.1527382605734453e-06
8,merged_fibers_output_z_m0p045,226,-0.002192967338487506,0.0001920023059938103,-0.002384969644481316,0.002384969644481316,5.688080205097336e-06
8,merged_fibers_output_z_m0p045,227,-0.0021288259886205196,0.00011080170224886388,-0.0022396276908693835,0.0022396276908693835,5.015932193708927e-06
8,merged_fibers_output_z_m0p045,228,-0.0010745131876319647,2.961704012705013e-05,-0.0011041302277590148,0.0011041302277590148,1.2191035598511739e-06
8,merged_fibers_output_z_m0p045,229,0.0005593007663264871,-5.1562779844971374e-05,0.0006108635461714584,0.0006108635461714584,3.731542720411695e-07
8,merged_fibers_output_z_m0p045,230,0.0020438856445252895,-0.00013275089440867305,0.0021766365389339626,0.0021766365389339626,4.73774662262242e-06
8,merged_fibers_output_z_m0p045,231,0.002867917064577341,-0.0002139571006409824,0.0030818741652183235,0.0030818741652183235,9.497948370240138e-06
8,merged_fibers_output_z_m0p045,232,0.0030466734897345304,-0.0002951835922431201,0.0033418570819776505,0.0033418570819776505,1.1168008756364176e-05
8,merged_fibers_output_z_m0p045,233,0.002813979284837842,-0.0003423085145186633,0.0031562877993565053,0.0031562877993565053,9.96215267236673e-06
8,merged_fibers_output_z_m0p045,234,0.0028932946734130383,-0.00023351020354311913,0.0031268048769561574,0.0031268048769561574,9.77690873855681e-06
8,merged_fibers_output_z_m0p045,235,0.0025878692977130413,-0.0001644891017349437,0.002752358399447985,0.002752358399447985,7.5754767590118735e-06
8,merged_fibers_output_z_m0p045,236,0.0016045721713453531,-9.550635877531022e-05,0.0017000785301206633,0.0017000785301206633,2.890267008577235e-06
8,merged_fibers_output_z_m0p045,237,8.048233576118946e-05,-2.65535491053015e-05,0.00010703588486649096,0.00010703588486649096,1.1456680649152709e-08
8,merged_fibers_output_z_m0p045,238,-0.0013634422793984413,4.238983092363924e-05,-0.0014058321103220806,0.0014058321103220806,1.9763639224126343e-06
8,merged_fibers_output_z_m0p045,239,-0.002032803138718009,0.0001113480975618586,-0.0021441512362798676,0.0021441512362798676,4.597384524040484e-06
8,merged_fibers_output_z_m0p045,240,-0.001689910190179944,0.00018033980450127274,-0.0018702499946812168,0.0018702499946812168,3.497835042605091e-06
8,merged_fibers_output_z_m0p045,241,-0.0007678585825487971,0.0002493695938028395,-0.0010172281763516366,0.0010172281763516366,1.0347531627636764e-06
8,merged_fibers_output_z_m0p045,242,-3.2916374038904905e-05,0.0003484426124487072,-0.00038135898648761213,0.00038135898648761213,1.4543467657485873e-07
8,merged_fibers_output_z_m0p045,243,-0.008769171312451363,-0.041547808796167374,0.03277863748371601,0.03277863748371601,0.0010744390752888723
8,merged_fibers_output_z_m0p045,244,-0.008927229791879654,-0.03821159899234772,0.029284369200468063,0.029284369200468063,0.0008575742794693225
8,merged_fibers_output_z_m0p045,245,-0.009283443912863731,-0.034921951591968536,0.025638507679104805,0.025638507679104805,0.0006573330760115161
8,merged_fibers_output_z_m0p045,246,-0.008830527774989605,-0.0316174291074276,0.022786901332437992,0.022786901332437992,0.0005192428723342643
8,merged_fibers_output_z_m0p045,247,-0.007095206528902054,-0.0284169502556324,0.021321743726730347,0.021321743726730347,0.0004546167555483649
8,merged_fibers_output_z_m0p045,248,-0.0050931163132190704,-0.022262759506702423,0.017169643193483353,0.017169643193483353,0.0002947966473915292
8,merged_fibers_output_z_m0p045,249,-0.005614677909761667,-0.019374800845980644,0.013760122936218977,0.013760122936218977,0.00018934098321985956
8,merged_fibers_output_z_m0p045,250,-0.004792913794517517,-0.016652679070830345,0.011859765276312828,0.011859765276312828,0.0001406540324092355
8,merged_fibers_output_z_m0p045,251,-0.0024287081323564053,-0.014003540389239788,0.011574832256883383,0.011574832256883383,0.00013397674177498806
8,merged_fibers_output_z_m0p045,252,-0.0003678754437714815,-0.011529159732162952,0.011161284288391471,0.011161284288391471,0.0001245742669662943
8,merged_fibers_output_z_m0p045,253,0.00207452941685915,-0.007186805829405785,0.009261335246264935,0.009261335246264935,8.577233054370918e-05
8,merged_fibers_output_z_m0p045,254,0.0018216213211417198,-0.0054420968517661095,0.007263718172907829,0.007263718172907829,5.2761601695431454e-05
8,merged_fibers_output_z_m0p045,255,-0.0006967487279325724,-0.0038869930431246758,0.0031902443151921034,0.0031902443151921034,1.0177658790615533e-05
8,merged_fibers_output_z_m0p045,256,-0.0029550439212471247,-0.0025166571140289307,-0.000438386807218194,0.000438386807218194,1.92182992742962e-07
8,merged_fibers_output_z_m0p045,257,-0.0022225677967071533,-0.0013896890450268984,-0.0008328787516802549,0.0008328787516802549,6.936870150004598e-07
9,merged_fibers_output_z_m0p050,0,-0.008812367916107178,-0.0013859870377928019,-0.007426380878314376,0.007426380878314376,5.51511329497934e-05
9,merged_fibers_output_z_m0p050,1,-0.008502548560500145,-0.0012630850542336702,-0.007239463506266475,0.007239463506266475,5.240983185856408e-05
9,merged_fibers_output_z_m0p050,2,-0.007312939967960119,-0.0011403559474274516,-0.006172584020532668,0.006172584020532668,3.810079349053523e-05
9,merged_fibers_output_z_m0p050,3,-0.004967548884451389,-0.0010176709620282054,-0.003949877922423184,0.003949877922423184,1.5601535602046088e-05
9,merged_fibers_output_z_m0p050,4,-0.0018878738628700376,-0.0008949994808062911,-0.0009928743820637465,0.0009928743820637465,9.857995385584664e-07
9,merged_fibers_output_z_m0p050,5,0.0009710612939670682,-0.0007723227026872337,0.0017433839966543019,0.0017433839966543019,3.039387759790327e-06
9,merged_fibers_output_z_m0p050,6,0.002740228781476617,-0.0006496664718724787,0.0033898952533490956,0.0033898952533490956,1.1491389828678729e-05
9,merged_fibers_output_z_m0p050,7,0.0032217407133430243,-0.0005270388210192323,0.0037487795343622565,0.0037487795343622565,1.4053347997253297e-05
9,merged_fibers_output_z_m0p050,8,0.0029640509746968746,-0.00040456769056618214,0.0033686186652630568,0.0033686186652630568,1.1347591711958658e-05
9,merged_fibers_output_z_m0p050,9,-0.008767836727201939,-0.0009264255058951676,-0.007841411221306771,0.007841411221306771,6.148772994163574e-05
9,merged_fibers_output_z_m0p050,10,-0.008500875905156136,-0.0008445210987702012,-0.007656354806385934,0.007656354806385934,5.8619768921269e-05
9,merged_fibers_output_z_m0p050,11,-0.007366694509983063,-0.0007627098239026964,-0.006603984686080366,0.006603984686080366,4.361261373398399e-05
9,merged_fibers_output_z_m0p050,12,-0.0050566541031003,-0.0006809188053011894,-0.00437573529779911,0.00437573529779911,1.914705939640507e-05
9,merged_fibers_output_z_m0p050,13,-0.0019684259314090014,-0.0005991326761431992,-0.0013692932552658021,0.0013692932552658021,1.8749640189164172e-06
9,merged_fibers_output_z_m0p050,14,0.0009399190312251449,-0.0005173480021767318,0.0014572670334018767,0.0014572670334018767,2.1236272066399064e-06
9,merged_fibers_output_z_m0p050,15,0.002771399449557066,-0.0004355667042545974,0.0032069661538116634,0.0032069661538116634,1.0284631911693573e-05
9,merged_fibers_output_z_m0p050,16,0.0032957259099930525,-0.0003538031887728721,0.0036495290987659246,0.0036495290987659246,1.331906264273922e-05
9,merged_fibers_output_z_m0p050,17,0.003047368722036481,-0.00027212078566662967,0.0033194895077031106,0.0033194895077031106,1.1019010591751039e-05
9,merged_fibers_output_z_m0p050,18,0.0020649805665016174,-0.00013318669516593218,0.0021981672616675496,0.0021981672616675496,4.8319393102670135e-06
9,merged_fibers_output_z_m0p050,19,0.002288856077939272,-0.00017404320533387363,0.0024628992832731456,0.0024628992832731456,6.065872879547374e-06
9,merged_fibers_output_z_m0p050,20,0.0018680973444133997,-0.0002149327046936378,0.0020830300491070375,0.0020830300491070375,4.339014185482867e-06
9,merged_fibers_output_z_m0p050,21,0.0002905492438003421,-0.00025582819944247603,0.0005463774432428181,0.0005463774432428181,2.9852831048455893e-07
9,merged_fibers_output_z_m0p050,22,-0.00229916675016284,-0.00029672510572709143,-0.0020024416444357485,0.0020024416444357485,4.0097725393705445e-06
9,merged_fibers_output_z_m0p050,23,-0.005140944384038448,-0.00033762300154194236,-0.004803321382496506,0.004803321382496506,2.3071896303548145e-05
9,merged_fibers_output_z_m0p050,24,-0.0073661948554217815,-0.0003785215085372329,-0.006987673346884549,0.006987673346884549,4.882757880276071e-05
9,merged_fibers_output_z_m0p050,25,-0.00855812057852745,-0.0004194251087028533,-0.008138695469824597,0.008138695469824597,6.623836395054342e-05
9,merged_fibers_output_z_m0p050,26,-0.00892255362123251,-0.0004603606939781457,-0.008462192927254364,0.008462192927254364,7.160870913807378e-05
9,merged_fibers_output_z_m0p050,27,-0.009619362652301788,-8.089727998594753e-08,-0.009619281755021802,0.009619281755021802,9.253058148249533e-05
9,merged_fibers_output_z_m0p050,28,-0.00891310628503561,-7.15433898790252e-08,-0.008913034741645731,0.008913034741645731,7.944218830578378e-05
9,merged_fibers_output_z_m0p050,29,-0.007643179967999458,-6.275835318092504e-08,-0.007643117209646277,0.007643117209646277,5.84172406803911e-05
9,merged_fibers_output_z_m0p050,30,-0.005884113255888224,-5.366636912640388e-08,-0.005884059589519097,0.005884059589519097,3.4622157253011646e-05
9,merged_fibers_output_z_m0p050,31,-0.003930471837520599,-4.426376065680415e-08,-0.0039304275737599426,0.0039304275737599426,1.544826091257247e-05
9,merged_fibers_output_z_m0p050,32,-0.0022117707412689924,-3.567392070635833e-08,-0.002211735067348286,0.002211735067348286,4.891772008138128e-06
9,merged_fibers_output_z_m0p050,33,-0.0010724787134677172,-2.7802819602129603e-08,-0.001072450910648115,0.001072450910648115,1.1501509557499713e-06
9,merged_fibers_output_z_m0p050,34,-0.0005784865352325141,-2.025250012138713e-08,-0.0005784662827323928,0.0005784662827323928,3.3462324025823257e-07
9,merged_fibers_output_z_m0p050,35,-0.0005064844153821468,-1.3811660259932523e-08,-0.0005064706037218869,0.0005064706037218869,2.565124724344126e-07
9,merged_fibers_output_z_m0p050,36,-0.0022071152925491333,0.00013152830069884658,-0.00233864359324798,0.00233864359324798,5.469253856239823e-06
9,merged_fibers_output_z_m0p050,37,-0.0028863013722002506,0.0001723692985251546,-0.003058670670725405,0.003058670670725405,9.3554662719558e-06
9,merged_fibers_output_z_m0p050,38,-0.003639297792688012,0.00021324330009520054,-0.0038525410927832127,0.0038525410927832127,1.484207287158327e-05
9,merged_fibers_output_z_m0p050,39,-0.0042176744900643826,0.0002541228896006942,-0.004471797379665077,0.004471797379665077,1.9996971804779446e-05
9,merged_fibers_output_z_m0p050,40,-0.004723178222775459,0.0002950030902866274,-0.005018181313062087,0.005018181313062087,2.5182143690765528e-05
9,merged_fibers_output_z_m0p050,41,-0.005522878374904394,0.0003358829126227647,-0.005858761287527159,0.005858761287527159,3.432508382422689e-05
9,merged_fibers_output_z_m0p050,42,-0.006893018260598183,0.0003767632006201893,-0.007269781461218372,0.007269781461218372,5.284972249387433e-05
9,merged_fibers_output_z_m0p050,43,-0.008681762032210827,0.0004176482034381479,-0.009099410235648975,0.009099410235648975,8.279926663663334e-05
9,merged_fibers_output_z_m0p050,44,-0.01028666365891695,0.0004585623973980546,-0.010745226056315005,0.010745226056315005,0.00011545988300131091
9,merged_fibers_output_z_m0p050,45,-0.01102201547473669,0.0009328235173597932,-0.011954838992096484,0.011954838992096484,0.00014291817532695046
9,merged_fibers_output_z_m0p050,46,-0.008679564110934734,0.000850923708640039,-0.009530487819574773,0.009530487819574773,9.083019807906312e-05
9,merged_fibers_output_z_m0p050,47,-0.00616008136421442,0.0007691296050325036,-0.006929210969246924,0.006929210969246924,4.8013964656331895e-05
9,merged_fibers_output_z_m0p050,48,-0.004680886399000883,0.0006873561069369316,-0.005368242505937815,0.005368242505937815,2.881802760255751e-05
9,merged_fibers_output_z_m0p050,49,-0.0044670370407402515,0.0006055852863937616,-0.005072622327134013,0.005072622327134013,2.573149727373849e-05
9,merged_fibers_output_z_m0p050,50,-0.004724743310362101,0.0005238162120804191,-0.00524855952244252,0.00524855952244252,2.754737706062205e-05
9,merged_fibers_output_z_m0p050,51,-0.004419185686856508,0.0004420508921612054,-0.004861236579017714,0.004861236579017714,2.3631621077179843e-05
9,merged_fibers_output_z_m0p050,52,-0.0031919737812131643,0.00036030029878020287,-0.003552274079993367,0.003552274079993367,1.2618651139392723e-05
9,merged_fibers_output_z_m0p050,53,-0.0016611533937975764,0.00027862010756507516,-0.0019397735013626516,0.0019397735013626516,3.762721236588721e-06
9,merged_fibers_output_z_m0p050,54,-0.008790613152086735,-0.001207267981953919,-0.007583345170132816,0.007583345170132816,5.7507123969376706e-05
9,merged_fibers_output_z_m0p050,55,-0.008761824108660221,-0.000904951011762023,-0.007856873096898198,0.007856873096898198,6.173045486076268e-05
9,merged_fibers_output_z_m0p050,56,-0.008870812132954597,-0.0006027672789059579,-0.00826804485404864,0.00826804485404864,6.836056570856019e-05
9,merged_fibers_output_z_m0p050,57,-0.009226237423717976,-0.00030065811006352305,-0.008925579313654453,0.008925579313654453,7.966596608433629e-05
9,merged_fibers_output_z_m0p050,58,-0.009824506938457489,1.4198450344338198e-06,-0.009825926783491923,0.009825926783491923,9.654883715454393e-05
9,merged_fibers_output_z_m0p050,59,-0.010544486343860626,0.0003034975961782038,-0.01084798394003883,0.01084798394003883,0.00011767875556334038
9,merged_fibers_output_z_m0p050,60,-0.011218614876270294,0.0006056110723875463,-0.01182422594865784,0.01182422594865784,0.0001398123192849134
9,merged_fibers_output_z_m0p050,61,-0.011721612885594368,0.0009077897993847728,-0.01262940268497914,0.01262940268497914,0.00015950181217935832
9,merged_fibers_output_z_m0p050,62,-0.012011359445750713,0.0012101080501452088,-0.013221467495895922,0.013221467495895922,0.00017480720274503237
9,merged_fibers_output_z_m0p050,63,-0.012023198418319225,0.0014784210361540318,-0.013501619454473257,0.013501619454473257,0.00018229372789341073
9,merged_fibers_output_z_m0p050,64,-0.008823576383292675,-0.0014475439675152302,-0.007376032415777445,0.007376032415777445,5.440585419859965e-05
9,merged_fibers_output_z_m0p050,65,-0.00879652053117752,-0.001166517031379044,-0.007630003499798477,0.007630003499798477,5.8216953406937e-05
9,merged_fibers_output_z_m0p050,66,-0.008767629973590374,-0.0008766594110056758,-0.007890970562584698,0.007890970562584698,6.226741641957827e-05
9,merged_fibers_output_z_m0p050,67,-0.008865787647664547,-0.0005868541193194687,-0.008278933528345078,0.008278933528345078,6.854074036675628e-05
9,merged_fibers_output_z_m0p050,68,-0.00919406209141016,-0.0002970829955302179,-0.008896979095879942,0.008896979095879942,7.915623703252467e-05
9,merged_fibers_output_z_m0p050,69,-0.0097477026283741,-7.328800165851135e-06,-0.009740373828208249,0.009740373828208249,9.487488231324421e-05
9,merged_fibers_output_z_m0p050,70,-0.010409322567284107,0.00028242490952834487,-0.010691747476812452,0.010691747476812452,0.00011431346410792543
9,merged_fibers_output_z_m0p050,71,-0.011019392870366573,0.0005721942870877683,-0.011591587157454342,0.011591587157454342,0.00013436489282886042
9,merged_fibers_output_z_m0p050,72,-0.01146381814032793,0.0008619970758445561,-0.012325815216172487,0.012325815216172487,0.0001519257207432292
9,merged_fibers_output_z_m0p050,73,-0.011712943203747272,0.0011518510291352868,-0.01286479423288256,0.01286479423288256,0.00016550293065440834
9,merged_fibers_output_z_m0p050,74,-0.010907233692705631,0.0013856400037184358,-0.012292873696424067,0.012292873696424067,0.0001511147437162347
9,merged_fibers_output_z_m0p050,75,-0.010887586511671543,0.0011223029578104615,-0.012009889469482005,0.012009889469482005,0.00014423744506917473
9,merged_fibers_output_z_m0p050,76,-0.010777896270155907,0.0008447985164821148,-0.011622694786638021,0.011622694786638021,0.00013508703410334264
9,merged_fibers_output_z_m0p050,77,-0.010525434277951717,0.0005673173000104725,-0.01109275157796219,0.01109275157796219,0.00012304913757038265
9,merged_fibers_output_z_m0p050,78,-0.010112710297107697,0.0002898557868320495,-0.010402566083939746,0.010402566083939746,0.0001082133811307335
9,merged_fibers_output_z_m0p050,79,-0.00961036141961813,1.2404960216372274e-05,-0.009622766379834502,0.009622766379834502,9.25976328008732e-05
9,merged_fibers_output_z_m0p050,80,-0.009154175408184528,-0.0002650455862749368,-0.008889129821909592,0.008889129821909592,7.901662899076245e-05
9,merged_fibers_output_z_m0p050,81,-0.00886392593383789,-0.0005425061099231243,-0.008321419823914766,0.008321419823914766,6.924602788584166e-05
9,merged_fibers_output_z_m0p050,82,-0.00876661203801632,-0.0008199859876185656,-0.007946626050397754,0.007946626050397754,6.31488655848602e-05
9,merged_fibers_output_z_m0p050,83,-0.00878653209656477,-0.001097489963285625,-0.007689042133279145,0.007689042133279145,5.91213689273419e-05
9,merged_fibers_output_z_m0p050,84,-0.00873047485947609,-0.0013242480345070362,-0.007406226824969053,0.007406226824969053,5.4852195782891184e-05
9,merged_fibers_output_z_m0p050,85,-0.008715048432350159,-0.0010780399898067117,-0.007637008442543447,0.007637008442543447,5.8323897951479886e-05
9,merged_fibers_output_z_m0p050,86,-0.008697460405528545,-0.0008128414046950638,-0.007884619000833482,0.007884619000833482,6.216721678830437e-05
9,merged_fibers_output_z_m0p050,87,-0.008762751705944538,-0.000547654926776886,-0.008215096779167652,0.008215096779167652,6.748781509109073e-05
9,merged_fibers_output_z_m0p050,88,-0.008963989093899727,-0.0002824797120410949,-0.008681509381858632,0.008681509381858632,7.536860514729945e-05
9,merged_fibers_output_z_m0p050,89,-0.009264390915632248,-1.731134943838697e-05,-0.009247079566193861,0.009247079566193861,8.550848050352004e-05
9,merged_fibers_output_z_m0p050,90,-0.00955132581293583,0.00024785648565739393,-0.009799182298593223,0.009799182298593223,9.602397372106276e-05
9,merged_fibers_output_z_m0p050,91,-0.009714506566524506,0.0005130302160978317,-0.010227536782622337,0.010227536782622337,0.00010460250863989287
9,merged_fibers_output_z_m0p050,92,-0.009725852869451046,0.0007782144821248949,-0.01050406735157594,0.01050406735157594,0.0001103354309264436
9,merged_fibers_output_z_m0p050,93,-0.00965570006519556,0.0010434100404381752,-0.010699110105633736,0.010699110105633736,0.00011447095705247393
9,merged_fibers_output_z_m0p050,94,-0.00808268878608942,0.0012626319658011198,-0.00934532075189054,0.00934532075189054,8.733501995571597e-05
9,merged_fibers_output_z_m0p050,95,-0.008193859830498695,0.001033034990541637,-0.009226894821040332,0.009226894821040332,8.51355880385409e-05
9,merged_fibers_output_z_m0p050,96,-0.0084633594378829,0.0007801247993484139,-0.009243484237231314,0.009243484237231314,8.544200084394377e-05
9,merged_fibers_output_z_m0p050,97,-0.008746693842113018,0.0005272197886370122,-0.00927391363075003,0.00927391363075003,8.60054740306112e-05
9,merged_fibers_output_z_m0p050,98,-0.00889294408261776,0.0002743205986917019,-0.009167264681309462,0.009167264681309462,8.403874173718386e-05
9,merged_fibers_output_z_m0p050,99,-0.008854938670992851,2.142511038982775e-05,-0.008876363781382679,0.008876363781382679,7.878983397944221e-05
9,merged_fibers_output_z_m0p050,100,-0.008703145198523998,-0.00023146999592427164,-0.008471675202599727,0.008471675202599727,7.176928073834312e-05
9,merged_fibers_output_z_m0p050,101,-0.008555997163057327,-0.00048436838551424444,-0.008071628777543083,0.008071628777543083,6.515119112246165e-05
9,merged_fibers_output_z_m0p050,102,-0.008488229475915432,-0.0007372726104222238,-0.007750956865493208,0.007750956865493208,6.0077332330736295e-05
9,merged_fibers_output_z_m0p050,103,-0.008490263484418392,-0.0009901829762384295,-0.007500080508179963,0.007500080508179963,5.6251207629181007e-05
9,merged_fibers_output_z_m0p050,104,-0.008045407943427563,-0.001201341045089066,-0.006844066898338497,0.006844066898338497,4.684125170893273e-05
9,merged_fibers_output_z_m0p050,105,-0.008046121336519718,-0.000987852574326098,-0.00705826876219362,0.00705826876219362,4.981915791935826e-05
9,merged_fibers_output_z_m0p050,106,-0.008047525770962238,-0.0007472187280654907,-0.007300307042896748,0.007300307042896748,5.3294482920567855e-05
9,merged_fibers_output_z_m0p050,107,-0.008099239319562912,-0.00050658721011132,-0.007592652109451592,0.007592652109451592,5.764836605515971e-05
9,merged_fibers_output_z_m0p050,108,-0.008199496194720268,-0.0002659588062670082,-0.00793353738845326,0.00793353738845326,6.294101549398578e-05
9,merged_fibers_output_z_m0p050,109,-0.00826253555715084,-2.5332290533697233e-05,-0.008237203266617144,0.008237203266617144,6.785151765556813e-05
9,merged_fibers_output_z_m0p050,110,-0.008158841170370579,0.00021529410150833428,-0.008374135271878913,0.008374135271878913,7.012614155172652e-05
9,merged_fibers_output_z_m0p050,111,-0.007816157303750515,0.00045592221431434155,-0.008272079518064857,0.008272079518064857,6.842729955318811e-05
9,merged_fibers_output_z_m0p050,112,-0.007303627673536539,0.0006965533830225468,-0.008000181056559086,0.008000181056559086,6.400289693772685e-05
9,merged_fibers_output_z_m0p050,113,-0.006823730189353228,0.0009371878113597631,-0.007760918000712991,0.007760918000712991,6.0231848213790926e-05
9,merged_fibers_output_z_m0p050,114,-0.005318831652402878,0.0011398099595680833,-0.006458641611970961,0.006458641611970961,4.1714051471882855e-05
9,merged_fibers_output_z_m0p050,115,-0.005513363052159548,0.0009419294074177742,-0.006455292459577322,0.006455292459577322,4.167080073867583e-05
9,merged_fibers_output_z_m0p050,116,-0.0060727233067154884,0.0007135649211704731,-0.0067862882278859615,0.0067862882278859615,4.6053707911943584e-05
9,merged_fibers_output_z_m0p050,117,-0.006755470298230648,0.00048520241398364305,-0.007240672712214291,0.007240672712214291,5.242734132540466e-05
9,merged_fibers_output_z_m0p050,118,-0.00728676188737154,0.00025684188585728407,-0.007543603773228824,0.007543603773228824,5.690595788747215e-05
9,merged_fibers_output_z_m0p050,119,-0.007528247777372599,2.848268923116848e-05,-0.007556730466603767,0.007556730466603767,5.7104175344897585e-05
9,merged_fibers_output_z_m0p050,120,-0.007522502448409796,-0.00019987620180472732,-0.0073226262466050684,0.0073226262466050684,5.362085514746943e-05
9,merged_fibers_output_z_m0p050,121,-0.007415984757244587,-0.0004282357986085117,-0.006987748958636075,0.006987748958636075,4.882863550891955e-05
9,merged_fibers_output_z_m0p050,122,-0.007335232570767403,-0.0006565966759808362,-0.0066786358947865665,0.0066786358947865665,4.460417741513156e-05
9,merged_fibers_output_z_m0p050,123,-0.007314580958336592,-0.0008849587175063789,-0.006429622240830213,0.006429622240830213,4.1340042159778524e-05
9,merged_fibers_output_z_m0p050,124,-0.006266370881348848,-0.0010785210179165006,-0.005187849863432348,0.005187849863432348,2.691378620551503e-05
9,merged_fibers_output_z_m0p050,125,-0.006280927918851376,-0.0008957621175795794,-0.005385165801271796,0.005385165801271796,2.9000010707187307e-05
9,merged_fibers_output_z_m0p050,126,-0.006297037936747074,-0.0006796685047447681,-0.005617369432002306,0.005617369432002306,3.155483933559391e-05
9,merged_fibers_output_z_m0p050,127,-0.006391463801264763,-0.0004635755030903965,-0.005927888298174366,0.005927888298174366,3.5139859675632585e-05
9,merged_fibers_output_z_m0p050,128,-0.006562406197190285,-0.0002474831126164645,-0.00631492308457382,0.00631492308457382,3.987825356408333e-05
9,merged_fibers_output_z_m0p050,129,-0.006689326837658882,-3.139102045679465e-05,-0.0066579358172020875,0.0066579358172020875,4.432810934598243e-05
9,merged_fibers_output_z_m0p050,130,-0.006585787981748581,0.00018470120267011225,-0.006770489184418693,0.006770489184418693,4.58395237963305e-05
9,merged_fibers_output_z_m0p050,131,-0.006140928249806166,0.00040079408790916204,-0.006541722337715328,0.006541722337715328,4.279413114376369e-05
9,merged_fibers_output_z_m0p050,132,-0.005441801622509956,0.0006168882246129215,-0.006058689847122878,0.006058689847122878,3.670772266362984e-05
9,merged_fibers_output_z_m0p050,133,-0.004768109880387783,0.0008329838747158647,-0.005601093755103648,0.005601093755103648,3.137225125346108e-05
9,merged_fibers_output_z_m0p050,134,-0.00396315474063158,0.0010170229943469167,-0.004980177734978497,0.004980177734978497,2.4802170271975553e-05
9,merged_fibers_output_z_m0p050,135,-0.0047151995822787285,0.0006450567743740976,-0.005360256356652826,0.005360256356652826,2.873234820903703e-05
9,merged_fibers_output_z_m0p050,136,-0.005367383826524019,0.0004412299022078514,-0.005808613728731871,0.005808613728731871,3.3739993449612366e-05
9,merged_fibers_output_z_m0p050,137,-0.005770326126366854,0.00023740380129311234,-0.006007729927659966,0.006007729927659966,3.6092818883701224e-05
9,merged_fibers_output_z_m0p050,138,-0.005786641035228968,3.357815876370296e-05,-0.005820219193992671,0.005820219193992671,3.3874951466120695e-05
9,merged_fibers_output_z_m0p050,139,-0.005522927735000849,-0.00017024729459080845,-0.00535268044041004,0.00535268044041004,2.8651187897148223e-05
9,merged_fibers_output_z_m0p050,140,-0.005209602881222963,-0.0003740728134289384,-0.004835530067794025,0.004835530067794025,2.3382351036540087e-05
9,merged_fibers_output_z_m0p050,141,-0.005019822623580694,-0.0005778985214419663,-0.004441924102138728,0.004441924102138728,1.9730689729160944e-05
9,merged_fibers_output_z_m0p050,142,-0.004972153343260288,-0.0007817244040779769,-0.004190428939182311,0.004190428939182311,1.755969469433659e-05
9,merged_fibers_output_z_m0p050,143,-0.003450706833973527,-0.0009557188022881746,-0.0024949880316853523,0.0024949880316853523,6.224965278253149e-06
9,merged_fibers_output_z_m0p050,144,-0.0034867532085627317,-0.000610163901001215,-0.0028765893075615168,0.0028765893075615168,8.274766044377246e-06
9,merged_fibers_output_z_m0p050,145,-0.0036762626841664314,-0.00041860470082610846,-0.003257657983340323,0.003257657983340323,1.061233553642094e-05
9,merged_fibers_output_z_m0p050,146,-0.004114823415875435,-0.00022704570437781513,-0.0038877777114976197,0.0038877777114976197,1.5114815534017669e-05
9,merged_fibers_output_z_m0p050,147,-0.0046797823160886765,-3.548671884345822e-05,-0.004644295597245218,0.004644295597245218,2.1569481594591317e-05
9,merged_fibers_output_z_m0p050,148,-0.005090263672173023,0.00015607220120728016,-0.005246335873380303,0.005246335873380303,2.752404009631707e-05
9,merged_fibers_output_z_m0p050,149,-0.005103106610476971,0.0003476314013823867,-0.005450738011859357,0.005450738011859357,2.97105448739285e-05
9,merged_fibers_output_z_m0p050,150,-0.004712709691375494,0.000539190776180476,-0.00525190046755597,0.00525190046755597,2.7582458521114616e-05
9,merged_fibers_output_z_m0p050,151,-0.004186582285910845,0.0007307502091862261,-0.004917332495097071,0.004917332495097071,2.4180158867337585e-05
9,merged_fibers_output_z_m0p050,152,-0.004071224946528673,0.0008942338754422963,-0.0049654588219709694,0.0049654588219709694,2.4655781312689328e-05
9,merged_fibers_output_z_m0p050,153,-0.004539101850241423,0.0005745879025198519,-0.005113689752761275,0.005113689752761275,2.6149822887495666e-05
9,merged_fibers_output_z_m0p050,154,-0.004799260292202234,0.00039529570494778454,-0.005194555997150019,0.005194555997150019,2.6983412007527225e-05
9,merged_fibers_output_z_m0p050,155,-0.004632576368749142,0.00021600349282380193,-0.004848579861572944,0.004848579861572944,2.3508726674050705e-05
9,merged_fibers_output_z_m0p050,156,-0.003981300629675388,3.671125159598887e-05,-0.004018011881271377,0.004018011881271377,1.614441947803795e-05
9,merged_fibers_output_z_m0p050,157,-0.0030975998379290104,-0.00014258110604714602,-0.0029550187318818644,0.0029550187318818644,8.732135705772702e-06
9,merged_fibers_output_z_m0p050,158,-0.0023495499044656754,-0.00032187349279411137,-0.002027676411671564,0.002027676411671564,4.11147163044927e-06
9,merged_fibers_output_z_m0p050,159,-0.0019585145637392998,-0.0005011662724427879,-0.0014573482912965119,0.0014573482912965119,2.123864042144863e-06
9,merged_fibers_output_z_m0p050,160,-0.0018785460852086544,-0.0006804593722335994,-0.001198086712975055,0.001198086712975055,1.4354117718073718e-06
9,merged_fibers_output_z_m0p050,161,-0.0003486437490209937,-0.0008329299162141979,0.00048428616719320416,0.00048428616719320416,2.345330917346841e-07
9,merged_fibers_output_z_m0p050,162,-0.00036241556517779827,-0.0005386985139921308,0.00017628294881433249,0.00017628294881433249,3.107567804267657e-08
9,merged_fibers_output_z_m0p050,163,-0.0006571215344592929,-0.00037167189293541014,-0.00028544964152388275,0.00028544964152388275,8.148149784611317e-08
9,merged_fibers_output_z_m0p050,164,-0.001444090623408556,-0.00020464579574763775,-0.0012394448276609182,0.0012394448276609182,1.5362234808154033e-06
9,merged_fibers_output_z_m0p050,165,-0.002622343134135008,-3.762004052987322e-05,-0.0025847230936051346,0.0025847230936051346,6.680793470615698e-06
9,merged_fibers_output_z_m0p050,166,-0.0038009912241250277,0.00012940559827256948,-0.003930396822397597,0.003930396822397597,1.544801918151313e-05
9,merged_fibers_output_z_m0p050,167,-0.004555619787424803,0.0002964310988318175,-0.00485205088625662,0.00485205088625662,2.3542397802823654e-05
9,merged_fibers_output_z_m0p050,168,-0.0047286516055464745,0.00046345649752765894,-0.005192108103074133,0.005192108103074133,2.6957986554008076e-05
9,merged_fibers_output_z_m0p050,169,-0.004529064521193504,0.000630481808912009,-0.005159546330105513,0.005159546330105513,2.662091833250527e-05
9,merged_fibers_output_z_m0p050,170,-0.00452487962320447,0.000771452090702951,-0.005296331713907421,0.005296331713907421,2.8051129623741516e-05
9,merged_fibers_output_z_m0p050,171,-0.004741624929010868,0.0005021578981541097,-0.005243782827164978,0.005243782827164978,2.7497258338470327e-05
9,merged_fibers_output_z_m0p050,172,-0.00461162906140089,0.00034739880356937647,-0.004959027864970267,0.004959027864970267,2.4591957365551563e-05
9,merged_fibers_output_z_m0p050,173,-0.003858866635710001,0.0001926397962961346,-0.004051506432006136,0.004051506432006136,1.6414704368587086e-05
9,merged_fibers_output_z_m0p050,174,-0.0025024169590324163,3.7880810850765556e-05,-0.002540297769883182,0.002540297769883182,6.453112759673468e-06
9,merged_fibers_output_z_m0p050,175,-0.0009496143320575356,-0.00011687829828588292,-0.0008327360337716527,0.0008327360337716527,6.934493019417431e-07
9,merged_fibers_output_z_m0p050,176,0.00027635955484583974,-0.0002716378076002002,0.0005479973624460399,0.0005479973624460399,3.0030110924781644e-07
9,merged_fibers_output_z_m0p050,177,0.0008920530090108514,-0.00042639789171516895,0.0013184509007260203,0.0013184509007260203,1.7383127776252543e-06
9,merged_fibers_output_z_m0p050,178,0.0010070190764963627,-0.0005811583832837641,0.0015881774597801268,0.0015881774597801268,2.5223076437536563e-06
9,merged_fibers_output_z_m0p050,179,0.002036486752331257,-0.0007101328228600323,0.002746619575191289,0.002746619575191289,7.543919090823978e-06
9,merged_fibers_output_z_m0p050,180,0.0020618122071027756,-0.0004652724019251764,0.002527084609027952,0.002527084609027952,6.386156621185957e-06
9,merged_fibers_output_z_m0p050,181,0.001699576387181878,-0.00032277809805236757,0.0020223544852342457,0.0020223544852342457,4.089917663947071e-06
9,merged_fibers_output_z_m0p050,182,0.0006499440059997141,-0.00018028459453489631,0.0008302286005346105,0.0008302286005346105,6.892795291456578e-07
9,merged_fibers_output_z_m0p050,183,-0.0010036182356998324,-3.779173857765272e-05,-0.0009658264971221797,0.0009658264971221797,9.328208225432998e-07
9,merged_fibers_output_z_m0p050,184,-0.0027708178386092186,0.00010470079723745584,-0.0028755186358466744,0.0028755186358466744,8.26860742510152e-06
9,merged_fibers_output_z_m0p050,185,-0.004068942740559578,0.00024719341308809817,-0.004316136153647676,0.004316136153647676,1.8629031296824555e-05
9,merged_fibers_output_z_m0p050,186,-0.00461965799331665,0.00038968640728853643,-0.005009344400605187,0.005009344400605187,2.5093531323874538e-05
9,merged_fibers_output_z_m0p050,187,-0.004608078859746456,0.0005321800126694143,-0.00514025887241587,0.00514025887241587,2.6422261275450076e-05
9,merged_fibers_output_z_m0p050,188,-0.004080931656062603,0.0006486846250481904,-0.004729616281110793,0.004729616281110793,2.236927016654829e-05
9,merged_fibers_output_z_m0p050,189,-0.004336654208600521,0.0004277692933101207,-0.004764423501910642,0.004764423501910642,2.2699731305558462e-05
9,merged_fibers_output_z_m0p050,190,-0.004170177038758993,0.00029754071147181094,-0.004467717750230804,0.004467717750230804,1.9960501895727397e-05
9,merged_fibers_output_z_m0p050,191,-0.0032460761722177267,0.00016731349751353264,-0.0034133896697312593,0.0034133896697312593,1.1651229037428076e-05
9,merged_fibers_output_z_m0p050,192,-0.00157547474373132,3.708713120431639e-05,-0.0016125618749356363,0.0016125618749356363,2.6003558004959347e-06
9,merged_fibers_output_z_m0p050,193,0.00034947984386235476,-9.313911141362041e-05,0.00044261895527597517,0.00044261895527597517,1.959115395695957e-07
9,merged_fibers_output_z_m0p050,194,0.0018813300412148237,-0.00022336610709317029,0.002104696148307994,0.002104696148307994,4.4297458767025055e-06
9,merged_fibers_output_z_m0p050,195,0.0026578777469694614,-0.0003535946016199887,0.00301147234858945,0.00301147234858945,9.068965706318859e-06
9,merged_fibers_output_z_m0p050,196,0.0028035291470587254,-0.0004838246095459908,0.003287353756604716,0.003287353756604716,1.0806694721063139e-05
9,merged_fibers_output_z_m0p050,197,0.003125125542283058,-0.0005873574991710484,0.0037124830414541066,0.0037124830414541066,1.3782530333084334e-05
9,merged_fibers_output_z_m0p050,198,0.0031868901569396257,-0.00038989228778518736,0.003576782444724813,0.003576782444724813,1.279337265689161e-05
9,merged_fibers_output_z_m0p050,199,0.002814358100295067,-0.00027192579000256956,0.0030862838902976364,0.0030862838902976364,9.525148251510712e-06
9,merged_fibers_output_z_m0p050,200,0.001681386842392385,-0.00015396240632981062,0.0018353492487221956,0.0018353492487221956,3.368506864785128e-06
9,merged_fibers_output_z_m0p050,201,-0.00012037242413498461,-3.600136915338226e-05,-8.437105498160236e-05,8.437105498160236e-05,7.118474918708568e-09
9,merged_fibers_output_z_m0p050,202,-0.0020278538577258587,8.195891859941185e-05,-0.0021098127763252705,0.0021098127763252705,4.451309951145346e-06
9,merged_fibers_output_z_m0p050,203,-0.003369927406311035,0.00019992029410786927,-0.0035698477004189044,0.0035698477004189044,1.2743812604186139e-05
9,merged_fibers_output_z_m0p050,204,-0.0038358215242624283,0.0003178842016495764,-0.004153705725912005,0.004153705725912005,1.7253271257474174e-05
9,merged_fibers_output_z_m0p050,205,-0.0036689576227217913,0.00043585090315900743,-0.004104808525880799,0.004104808525880799,1.6849453034143695e-05
9,merged_fibers_output_z_m0p050,206,-0.002461901167407632,0.0005259520839899778,-0.0029878532513976097,0.0029878532513976097,8.927267051887268e-06
9,merged_fibers_output_z_m0p050,207,-0.0030346415005624294,0.0003514353884384036,-0.003386076889000833,0.003386076889000833,1.146551669822556e-05
9,merged_fibers_output_z_m0p050,208,-0.0032366355881094933,0.0002457287919241935,-0.0034823643800336868,0.0034823643800336868,1.2126861675327403e-05
9,merged_fibers_output_z_m0p050,209,-0.0026464476250112057,0.00014002789976075292,-0.0027864755247719586,0.0027864755247719586,7.764445850153162e-06
9,merged_fibers_output_z_m0p050,210,-0.0011682730400934815,3.433120946283452e-05,-0.001202604249556316,0.001202604249556316,1.4462569810509102e-06
9,merged_fibers_output_z_m0p050,211,0.0007187994197010994,-7.136441126931459e-05,0.000790163830970414,0.000790163830970414,6.24358879773841e-07
9,merged_fibers_output_z_m0p050,212,0.0023016897030174732,-0.0001770624949131161,0.0024787521979305893,0.0024787521979305893,6.1442124587457274e-06
9,merged_fibers_output_z_m0p050,213,0.003135415492579341,-0.00028276589000597596,0.003418181382585317,0.003418181382585317,1.1683963964252869e-05
9,merged_fibers_output_z_m0p050,214,0.0033016011584550142,-0.00038847530959174037,0.0036900764680467546,0.0036900764680467546,1.3616664340032411e-05
9,merged_fibers_output_z_m0p050,215,0.003130292519927025,-0.0004646620946004987,0.0035949546145275235,0.0035949546145275235,1.2923698680512735e-05
9,merged_fibers_output_z_m0p050,216,0.0032104584388434887,-0.0003125884977634996,0.0035230469366069883,0.0035230469366069883,1.2411859717535884e-05
9,merged_fibers_output_z_m0p050,217,0.002867983654141426,-0.0002191324019804597,0.0030871160561218858,0.0030871160561218858,9.530285543965546e-06
9,merged_fibers_output_z_m0p050,218,0.0017955299699679017,-0.00012568759848363698,0.0019212175684515387,0.0019212175684515387,3.6910769453268427e-06
9,merged_fibers_output_z_m0p050,219,0.00011276031727902591,-3.2251118682324886e-05,0.0001450114359613508,0.0001450114359613508,2.1028316559572944e-08
9,merged_fibers_output_z_m0p050,220,-0.0015743270050734282,6.118285818956792e-05,-0.001635509863262996,0.001635509863262996,2.674892512830544e-06
9,merged_fibers_output_z_m0p050,221,-0.0025708440225571394,0.00015462130249943584,-0.0027254653250565752,0.0027254653250565752,7.428161238085743e-06
9,merged_fibers_output_z_m0p050,222,-0.0026034994516521692,0.00024806929286569357,-0.002851568744517863,0.002851568744517863,8.13144430471118e-06
9,merged_fibers_output_z_m0p050,223,-0.0020266848150640726,0.0003415280079934746,-0.002368212823057547,0.002368212823057547,5.608431975294197e-06
9,merged_fibers_output_z_m0p050,224,-0.000589042785577476,0.0004033820878248662,-0.0009924248734023422,0.0009924248734023422,9.84907129347655e-07
9,merged_fibers_output_z_m0p050,225,-0.0015023673186078668,0.0002732237917371094,-0.0017755911103449762,0.0017755911103449762,3.1527237911361054e-06
9,merged_fibers_output_z_m0p050,226,-0.0021929640788584948,0.0001920023059938103,-0.002384966384852305,0.002384966384852305,5.688064656875473e-06
9,merged_fibers_output_z_m0p050,227,-0.002128824358806014,0.00011080170224886388,-0.002239626061054878,0.002239626061054878,5.015924893356188e-06
9,merged_fibers_output_z_m0p050,228,-0.0010745140025392175,2.961704012705013e-05,-0.0011041310426662676,0.0011041310426662676,1.2191053593792992e-06
9,merged_fibers_output_z_m0p050,229,0.0005592983216047287,-5.1562779844971374e-05,0.0006108611014497001,0.0006108611014497001,3.7315128526434075e-07
9,merged_fibers_output_z_m0p050,230,0.0020438837818801403,-0.00013275089440867305,0.0021766346762888134,0.0021766346762888134,4.737738514022907e-06
9,merged_fibers_output_z_m0p050,231,0.002867917064577341,-0.0002139571006409824,0.0030818741652183235,0.0030818741652183235,9.497948370240138e-06
9,merged_fibers_output_z_m0p050,232,0.003046677215024829,-0.0002951835922431201,0.003341860807267949,0.003341860807267949,1.1168033655153587e-05
9,merged_fibers_output_z_m0p050,233,0.002813986036926508,-0.0003423085145186633,0.0031562945514451712,0.0031562945514451712,9.962195295482474e-06
9,merged_fibers_output_z_m0p050,234,0.002893297001719475,-0.00023351020354311913,0.003126807205262594,0.003126807205262594,9.776923298882073e-06
9,merged_fibers_output_z_m0p050,235,0.0025878683663904667,-0.0001644891017349437,0.0027523574681254104,0.0027523574681254104,7.575471632345719e-06
9,merged_fibers_output_z_m0p050,236,0.0016045685624703765,-9.550635877531022e-05,0.0017000749212456867,0.0017000749212456867,2.8902547378485277e-06
9,merged_fibers_output_z_m0p050,237,8.047895971685648e-05,-2.65535491053015e-05,0.00010703250882215798,0.00010703250882215798,1.1455957944765326e-08
9,merged_fibers_output_z_m0p050,238,-0.0013634441420435905,4.238983092363924e-05,-0.0014058339729672298,0.0014058339729672298,1.9763691595488256e-06
9,merged_fibers_output_z_m0p050,239,-0.0020328019745647907,0.0001113480975618586,-0.0021441500721266493,0.0021441500721266493,4.597379531800715e-06
9,merged_fibers_output_z_m0p050,240,-0.0016899063484743237,0.00018033980450127274,-0.0018702461529755965,0.0018702461529755965,3.497820672720018e-06
9,merged_fibers_output_z_m0p050,241,-0.000767853925935924,0.0002493695938028395,-0.0010172235197387636,0.0010172235197387636,1.0347436891097187e-06
9,merged_fibers_output_z_m0p050,242,-3.291177563369274e-05,0.0003484426124487072,-0.00038135438808239996,0.00038135438808239996,1.4543116930970172e-07
9,merged_fibers_output_z_m0p050,243,-0.008769168518483639,-0.046164240688085556,0.03739507216960192,0.03739507216960192,0.0013983914225697358
9,merged_fibers_output_z_m0p050,244,-0.008927230723202229,-0.04245733842253685,0.03353010769933462,0.03353010769933462,0.0011242681223289789
9,merged_fibers_output_z_m0p050,245,-0.009283443912863731,-0.038802169263362885,0.029518725350499153,0.029518725350499153,0.0008713551463182014
9,merged_fibers_output_z_m0p050,246,-0.008830524049699306,-0.035130470991134644,0.026299946941435337,0.026299946941435337,0.0006916872091223139
9,merged_fibers_output_z_m0p050,247,-0.007095202803611755,-0.03157439082860947,0.02447918802499771,0.02447918802499771,0.0005992306463631913
9,merged_fibers_output_z_m0p050,248,-0.005093112122267485,-0.024736400693655014,0.01964328857138753,0.01964328857138753,0.0003858587858988039
9,merged_fibers_output_z_m0p050,249,-0.005614670924842358,-0.021527549251914024,0.015912878327071667,0.015912878327071667,0.00025321969665218717
9,merged_fibers_output_z_m0p050,250,-0.004792905878275633,-0.018502969294786453,0.01371006341651082,0.01371006341651082,0.00018796583888474835
9,merged_fibers_output_z_m0p050,251,-0.0024287020787596703,-0.015559489838778973,0.013130787760019302,0.013130787760019302,0.00017241758719867273
9,merged_fibers_output_z_m0p050,252,-0.00036787125281989574,-0.012810179963707924,0.012442308710888028,0.012442308710888028,0.0001548110460570401
9,merged_fibers_output_z_m0p050,253,0.002074533374980092,-0.007985341362655163,0.010059874737635255,0.010059874737635255,0.00010120107973691199
9,merged_fibers_output_z_m0p050,254,0.0018216262105852365,-0.006046774797141552,0.007868401007726789,0.007868401007726789,6.191173441839594e-05
9,merged_fibers_output_z_m0p050,255,-0.0006967424997128546,-0.004318880848586559,0.0036221383488737047,0.0036221383488737047,1.3119886218381527e-05
9,merged_fibers_output_z_m0p050,256,-0.0029550385661423206,-0.002796286018565297,-0.0001587525475770235,0.0001587525475770235,2.5202371362195112e-08
9,merged_fibers_output_z_m0p050,257,-0.002222564071416855,-0.0015440980205312371,-0.0006784660508856177,0.0006784660508856177,4.6031618220432563e-07
10,merged_fibers_output_z_p0p000,0,-0.00881241261959076,-0.0013859870377928019,-0.007426425581797957,0.007426425581797957,5.515179692198313e-05
10,merged_fibers_output_z_p0p000,1,-0.008502580225467682,-0.0012630850542336702,-0.007239495171234012,0.007239495171234012,5.241029033432057e-05
10,merged_fibers_output_z_p0p000,2,-0.007312957663089037,-0.0011403559474274516,-0.006172601715661585,0.006172601715661585,3.810101194018835e-05
10,merged_fibers_output_z_p0p000,3,-0.004967554938048124,-0.0010176709620282054,-0.003949883976019919,0.003949883976019919,1.5601583424018923e-05
10,merged_fibers_output_z_p0p000,4,-0.0018878733972087502,-0.0008949994808062911,-0.0009928739164024591,0.0009928739164024591,9.857986138723574e-07
10,merged_fibers_output_z_p0p000,5,0.0009710624581202865,-0.0007723227026872337,0.0017433851608075202,0.0017433851608075202,3.039391818923863e-06
10,merged_fibers_output_z_p0p000,6,0.002740228082984686,-0.0006496664718724787,0.0033898945548571646,0.0033898945548571646,1.1491385093050254e-05
10,merged_fibers_output_z_p0p000,7,0.0032217376865446568,-0.0005270388210192323,0.003748776507563889,0.003748776507563889,1.4053325303662909e-05
10,merged_fibers_output_z_p0p000,8,0.002964046783745289,-0.00040456769056618214,0.003368614474311471,0.003368614474311471,1.1347563476540748e-05
10,merged_fibers_output_z_p0p000,9,-0.008767863735556602,-0.0009264255058951676,-0.007841438229661435,0.007841438229661435,6.148815350959585e-05
10,merged_fibers_output_z_p0p000,10,-0.0085009029135108,-0.0008445210987702012,-0.007656381814740598,0.007656381814740598,5.8620182493090536e-05
10,merged_fibers_output_z_p0p000,11,-0.007366717793047428,-0.0007627098239026964,-0.006604007969144732,0.006604007969144732,4.361292125652712e-05
10,merged_fibers_output_z_p0p000,12,-0.005056668072938919,-0.0006809188053011894,-0.00437574926763773,0.00437574926763773,1.9147181653232127e-05
10,merged_fibers_output_z_p0p000,13,-0.0019684280268847942,-0.0005991326761431992,-0.001369295350741595,0.001369295350741595,1.8749697575625478e-06
10,merged_fibers_output_z_p0p000,14,0.0009399259579367936,-0.0005173480021767318,0.0014572739601135254,0.0014572739601135254,2.123647394824957e-06
10,merged_fibers_output_z_p0p000,15,0.002771406900137663,-0.0004355667042545974,0.0032069736043922603,0.0032069736043922603,1.0284679699268686e-05
10,merged_fibers_output_z_p0p000,16,0.0032957259099930525,-0.0003538031887728721,0.0036495290987659246,0.0036495290987659246,1.331906264273922e-05
10,merged_fibers_output_z_p0p000,17,0.003047359175980091,-0.00027212078566662967,0.0033194799616467208,0.0033194799616467208,1.1018947215774114e-05
10,merged_fibers_output_z_p0p000,18,0.002064966131001711,-0.00013318669516593218,0.002198152826167643,0.002198152826167643,4.8318758471887965e-06
10,merged_fibers_output_z_p0p000,19,0.00228885468095541,-0.00017404320533387363,0.0024628978862892836,0.0024628978862892836,6.065865998288221e-06
10,merged_fibers_output_z_p0p000,20,0.0018681057263165712,-0.0002149327046936378,0.002083038431010209,0.002083038431010209,4.339049105065473e-06
10,merged_fibers_output_z_p0p000,21,0.0002905563451349735,-0.00025582819944247603,0.0005463845445774496,0.0005463845445774496,2.9853607055310697e-07
10,merged_fibers_output_z_p0p000,22,-0.002299171406775713,-0.00029672510572709143,-0.0020024463010486215,0.0020024463010486215,4.009791188583307e-06
10,merged_fibers_output_z_p0p000,23,-0.005140961147844791,-0.00033762300154194236,-0.004803338146302849,0.004803338146302849,2.307205734772809e-05
10,merged_fibers_output_z_p0p000,24,-0.007366215344518423,-0.0003785215085372329,-0.00698769383598119,0.00698769383598119,4.882786514540952e-05
10,merged_fibers_output_z_p0p000,25,-0.008558133617043495,-0.0004194251087028533,-0.008138708508340642,0.008138708508340642,6.623857618373635e-05
10,merged_fibers_output_z_p0p000,26,-0.008922554552555084,-0.0004603606939781457,-0.008462193858576939,0.008462193858576939,7.160872490013725e-05
10,merged_fibers_output_z_p0p000,27,-0.009619361720979214,-8.089727998594753e-08,-0.009619280823699228,0.009619280823699228,9.253056356518769e-05
10,merged_fibers_output_z_p0p000,28,-0.008913103491067886,-7.15433898790252e-08,-0.008913031947678007,0.008913031947678007,7.944213850032882e-05
10,merged_fibers_output_z_p0p000,29,-0.007643174845725298,-6.275835318092504e-08,-0.007643112087372117,0.007643112087372117,5.841716238013376e-05
10,merged_fibers_output_z_p0p000,30,-0.005884111858904362,-5.366636912640388e-08,-0.005884058192535235,0.005884058192535235,3.462214081314102e-05
10,merged_fibers_output_z_p0p000,31,-0.00393047695979476,-4.426376065680415e-08,-0.003930432696034103,0.003930432696034103,1.5448301178053907e-05
10,merged_fibers_output_z_p0p000,32,-0.0022117821499705315,-3.567392070635833e-08,-0.002211746476049825,0.002211746476049825,4.891822474318819e-06
10,merged_fibers_output_z_p0p000,33,-0.0010724919848144054,-2.7802819602129603e-08,-0.0010724641819948033,0.0010724641819948033,1.1501794216617826e-06
10,merged_fibers_output_z_p0p000,34,-0.0005784968961961567,-2.025250012138713e-08,-0.0005784766436960354,0.0005784766436960354,3.3463522730182985e-07
10,merged_fibers_output_z_p0p000,35,-0.0005064899451099336,-1.3811660259932523e-08,-0.0005064761334496737,0.0005064761334496737,2.5651807375413167e-07
10,merged_fibers_output_z_p0p000,36,-0.0022071152925491333,0.00013152830069884658,-0.00233864359324798,0.00233864359324798,5.469253856239823e-06
10,merged_fibers_output_z_p0p000,37,-0.0028863148763775826,0.0001723692985251546,-0.003058684174902737,0.003058684174902737,9.355548881800438e-06
10,merged_fibers_output_z_p0p000,38,-0.0036393210757523775,0.00021324330009520054,-0.003852564375847578,0.003852564375847578,1.4842252270049839e-05
10,merged_fibers_output_z_p0p000,39,-0.004217693582177162,0.0002541228896006942,-0.004471816471777856,0.004471816471777856,1.9997142557263756e-05
10,merged_fibers_output_z_p0p000,40,-0.004723181948065758,0.0002950030902866274,-0.005018185038352385,0.005018185038352385,2.518218107914373e-05
10,merged_fibers_output_z_p0p000,41,-0.0055228667333722115,0.0003358829126227647,-0.005858749645994976,0.005858749645994976,3.432494741444626e-05
10,merged_fibers_output_z_p0p000,42,-0.0068930028937757015,0.0003767632006201893,-0.007269766094395891,0.007269766094395891,5.2849499067228083e-05
10,merged_fibers_output_z_p0p000,43,-0.008681757375597954,0.0004176482034381479,-0.009099405579036102,0.009099405579036102,8.279918189179334e-05
10,merged_fibers_output_z_p0p000,44,-0.01028667576611042,0.0004585623973980546,-0.010745238163508475,0.010745238163508475,0.00011546014319051898
10,merged_fibers_output_z_p0p000,45,-0.011022031307220459,0.0009328235173597932,-0.011954854824580252,0.011954854824580252,0.00014291855387678972
10,merged_fibers_output_z_p0p000,46,-0.008679579012095928,0.000850923708640039,-0.009530502720735967,0.009530502720735967,9.083048210995567e-05
10,merged_fibers_output_z_p0p000,47,-0.006160092074424028,0.0007691296050325036,-0.006929221679456532,0.006929221679456532,4.80141130830504e-05
10,merged_fibers_output_z_p0p000,48,-0.004680891055613756,0.0006873561069369316,-0.005368247162550688,0.005368247162550688,2.881807759823351e-05
10,merged_fibers_output_z_p0p000,49,-0.00446703564375639,0.0006055852863937616,-0.005072620930150151,0.005072620930150151,2.5731483100997386e-05
10,merged_fibers_output_z_p0p000,50,-0.004724739119410515,0.0005238162120804191,-0.005248555331490934,0.005248555331490934,2.7547333067721907e-05
10,merged_fibers_output_z_p0p000,51,-0.004419183358550072,0.0004420508921612054,-0.004861234250711277,0.004861234250711277,2.363159844028843e-05
10,merged_fibers_output_z_p0p000,52,-0.0031919789034873247,0.00036030029878020287,-0.0035522792022675276,0.0035522792022675276,1.2618687530862422e-05
10,merged_fibers_output_z_p0p000,53,-0.0016611666651442647,0.00027862010756507516,-0.0019397867727093399,0.0019397867727093399,3.762772723578116e-06
10,merged_fibers_output_z_p0p000,54,-0.008790654130280018,-0.001207267981953919,-0.007583386148326099,0.007583386148326099,5.7507745474624146e-05
10,merged_fibers_output_z_p0p000,55,-0.008761841803789139,-0.000904951011762023,-0.007856890792027116,0.007856890792027116,6.173073291784048e-05
10,merged_fibers_output_z_p0p000,56,-0.008870809338986874,-0.0006027672789059579,-0.008268042060080916,0.008268042060080916,6.836051950726707e-05
10,merged_fibers_output_z_p0p000,57,-0.00922622811049223,-0.00030065811006352305,-0.008925570000428706,0.008925570000428706,7.96657998325529e-05
10,merged_fibers_output_z_p0p000,58,-0.009824508801102638,1.4198450344338198e-06,-0.009825928646137072,0.009825928646137072,9.654887375897712e-05
10,merged_fibers_output_z_p0p000,59,-0.01054450124502182,0.0003034975961782038,-0.010847998841200024,0.010847998841200024,0.00011767907885867706
10,merged_fibers_output_z_p0p000,60,-0.011218637228012085,0.0006056110723875463,-0.011824248300399631,0.011824248300399631,0.00013981284786950357
10,merged_fibers_output_z_p0p000,61,-0.011721632443368435,0.0009077897993847728,-0.012629422242753208,0.012629422242753208,0.00015950230618574945
10,merged_fibers_output_z_p0p000,62,-0.012011370621621609,0.0012101080501452088,-0.013221478671766818,0.013221478671766818,0.00017480749826798484
10,merged_fibers_output_z_p0p000,63,-0.012023206800222397,0.0014784210361540318,-0.013501627836376429,0.013501627836376429,0.00018229395423201484
10,merged_fibers_output_z_p0p000,64,-0.008823624812066555,-0.0014475439675152302,-0.007376080844551325,0.007376080844551325,5.4406568625356986e-05
10,merged_fibers_output_z_p0p000,65,-0.008796561509370804,-0.001166517031379044,-0.00763004447799176,0.00763004447799176,5.8217578736132546e-05
10,merged_fibers_output_z_p0p000,66,-0.008767649531364441,-0.0008766594110056758,-0.007890990120358765,0.007890990120358765,6.226772507959964e-05
10,merged_fibers_output_z_p0p000,67,-0.008865787647664547,-0.0005868541193194687,-0.008278933528345078,0.008278933528345078,6.854074036675628e-05
10,merged_fibers_output_z_p0p000,68,-0.009194055572152138,-0.0002970829955302179,-0.00889697257662192,0.00889697257662192,7.915612102916248e-05
10,merged_fibers_output_z_p0p000,69,-0.0097477026283741,-7.328800165851135e-06,-0.009740373828208249,0.009740373828208249,9.487488231324421e-05
10,merged_fibers_output_z_p0p000,70,-0.010409335605800152,0.00028242490952834487,-0.010691760515328497,0.010691760515328497,0.00011431374291713748
10,merged_fibers_output_z_p0p000,71,-0.011019413359463215,0.0005721942870877683,-0.011591607646550983,0.011591607646550983,0.00013436536783157922
10,merged_fibers_output_z_p0p000,72,-0.011463837698101997,0.0008619970758445561,-0.012325834773946553,0.012325834773946553,0.00015192620287463008
10,merged_fibers_output_z_p0p000,73,-0.011712954379618168,0.0011518510291352868,-0.012864805408753455,0.012864805408753455,0.00016550321820509213
10,merged_fibers_output_z_p0p000,74,-0.01090724766254425,0.0013856400037184358,-0.012292887666262686,0.012292887666262686,0.00015111508717535326
10,merged_fibers_output_z_p0p000,75,-0.010887602344155312,0.0011223029578104615,-0.012009905301965773,0.012009905301965773,0.00014423782536218557
10,merged_fibers_output_z_p0p000,76,-0.010777913965284824,0.0008447985164821148,-0.01162271248176694,0.01162271248176694,0.000135087445433821
10,merged_fibers_output_z_p0p000,77,-0.010525450110435486,0.0005673173000104725,-0.011092767410445958,0.011092767410445958,0.00012304948882225193
10,merged_fibers_output_z_p0p000,78,-0.010112718679010868,0.0002898557868320495,-0.010402574465842918,0.010402574465842918,0.00010821355551740706
10,merged_fibers_output_z_p0p000,79,-0.009610360488295555,1.2404960216372274e-05,-0.009622765448511927,0.009622765448511927,9.259761487707495e-05
10,merged_fibers_output_z_p0p000,80,-0.00915417168289423,-0.0002650455862749368,-0.008889126096619293,0.008889126096619293,7.901656276159815e-05
10,merged_fibers_output_z_p0p000,81,-0.008863929659128189,-0.0005425061099231243,-0.008321423549205065,0.008321423549205065,6.924608988526462e-05
10,merged_fibers_output_z_p0p000,82,-0.00876663252711296,-0.0008199859876185656,-0.007946646539494395,0.007946646539494395,6.314919122365825e-05
10,merged_fibers_output_z_p0p000,83,-0.008786569349467754,-0.001097489963285625,-0.007689079386182129,0.007689079386182129,5.912194180701095e-05
10,merged_fibers_output_z_p0p000,84,-0.008730513975024223,-0.0013242480345070362,-0.007406265940517187,0.007406265940517187,5.4852775181664934e-05
10,merged_fibers_output_z_p0p000,85,-0.008715083822607994,-0.0010780399898067117,-0.007637043832801282,0.007637043832801282,5.83244385041281e-05
10,merged_fibers_output_z_p0p000,86,-0.00869748368859291,-0.0008128414046950638,-0.007884642283897847,0.007884642283897847,6.216758394502985e-05
10,merged_fibers_output_z_p0p000,87,-0.008762761950492859,-0.000547654926776886,-0.008215107023715973,0.008215107023715973,6.748798341110751e-05
10,merged_fibers_output_z_p0p000,88,-0.008963989093899727,-0.0002824797120410949,-0.008681509381858632,0.008681509381858632,7.536860514729945e-05
10,merged_fibers_output_z_p0p000,89,-0.009264389052987099,-1.731134943838697e-05,-0.009247077703548712,0.009247077703548712,8.550844605546772e-05
10,merged_fibers_output_z_p0p000,90,-0.009551327675580978,0.00024785648565739393,-0.009799184161238372,0.009799184161238372,9.602401022586498e-05
10,merged_fibers_output_z_p0p000,91,-0.009714514017105103,0.0005130302160978317,-0.010227544233202934,0.010227544233202934,0.0001046026610421226
10,merged_fibers_output_z_p0p000,92,-0.009725866839289665,0.0007782144821248949,-0.01050408132141456,0.01050408132141456,0.00011033572440689025
10,merged_fibers_output_z_p0p000,93,-0.009655718691647053,0.0010434100404381752,-0.010699128732085228,0.010699128732085228,0.00011447135562573166
10,merged_fibers_output_z_p0p000,94,-0.00808271486312151,0.0012626319658011198,-0.00934534682892263,0.00934534682892263,8.733550735285424e-05
10,merged_fibers_output_z_p0p000,95,-0.008193882182240486,0.001033034990541637,-0.009226917172782123,0.009226917172782123,8.513600051338165e-05
10,merged_fibers_output_z_p0p000,96,-0.008463370613753796,0.0007801247993484139,-0.00924349541310221,0.00924349541310221,8.544220745204159e-05
10,merged_fibers_output_z_p0p000,97,-0.008746694773435593,0.0005272197886370122,-0.009273914562072605,0.009273914562072605,8.600549130462231e-05
10,merged_fibers_output_z_p0p000,98,-0.008892938494682312,0.0002743205986917019,-0.009167259093374014,0.009167259093374014,8.403863928504855e-05
10,merged_fibers_output_z_p0p000,99,-0.008854934945702553,2.142511038982775e-05,-0.00887636005609238,0.00887636005609238,7.878976784539232e-05
10,merged_fibers_output_z_p0p000,100,-0.008703148923814297,-0.00023146999592427164,-0.008471678927890025,0.008471678927890025,7.176934385725588e-05
10,merged_fibers_output_z_p0p000,101,-0.008556011132895947,-0.00048436838551424444,-0.008071642747381702,0.008071642747381702,6.515141664135964e-05
10,merged_fibers_output_z_p0p000,102,-0.008488253690302372,-0.0007372726104222238,-0.007750981079880148,0.007750981079880148,6.0077707700660025e-05
10,merged_fibers_output_z_p0p000,103,-0.00849029328674078,-0.0009901829762384295,-0.00750011031050235,0.00750011031050235,5.625165466970366e-05
10,merged_fibers_output_z_p0p000,104,-0.008045433089137077,-0.001201341045089066,-0.006844092044048011,0.006844092044048011,4.6841595907401285e-05
10,merged_fibers_output_z_p0p000,105,-0.008046147413551807,-0.000987852574326098,-0.0070582948392257094,0.0070582948392257094,4.9819526037440283e-05
10,merged_fibers_output_z_p0p000,106,-0.008047551847994328,-0.0007472187280654907,-0.007300333119928837,0.007300333119928837,5.3294863661929905e-05
10,merged_fibers_output_z_p0p000,107,-0.008099260739982128,-0.00050658721011132,-0.007592673529870808,0.007592673529870808,5.764869133120084e-05
10,merged_fibers_output_z_p0p000,108,-0.008199506439268589,-0.0002659588062670082,-0.00793354763300158,0.00793354763300158,6.294117804510499e-05
10,merged_fibers_output_z_p0p000,109,-0.008262532763183117,-2.5332290533697233e-05,-0.00823720047264942,0.00823720047264942,6.785147162661582e-05
10,merged_fibers_output_z_p0p000,110,-0.008158829994499683,0.00021529410150833428,-0.008374124096008018,0.008374124096008018,7.01259543753421e-05
10,merged_fibers_output_z_p0p000,111,-0.007816147990524769,0.00045592221431434155,-0.00827207020483911,0.00827207020483911,6.842714547378696e-05
10,merged_fibers_output_z_p0p000,112,-0.007303633261471987,0.0006965533830225468,-0.008000186644494534,0.008000186644494534,6.40029863467487e-05
10,merged_fibers_output_z_p0p000,113,-0.006823752541095018,0.0009371878113597631,-0.0077609403524547815,0.0077609403524547815,6.023219515436095e-05
10,merged_fibers_output_z_p0p000,114,-0.005318863317370415,0.0011398099595680833,-0.006458673276938498,0.006458673276938498,4.1714460498239476e-05
10,merged_fibers_output_z_p0p000,115,-0.005513387732207775,0.0009419294074177742,-0.006455317139625549,0.006455317139625549,4.1671119373143384e-05
10,merged_fibers_output_z_p0p000,116,-0.006072729825973511,0.0007135649211704731,-0.006786294747143984,0.006786294747143984,4.605379639511403e-05
10,merged_fibers_output_z_p0p000,117,-0.006755460053682327,0.00048520241398364305,-0.00724066246766597,0.00724066246766597,5.242719297066666e-05
10,merged_fibers_output_z_p0p000,118,-0.007286745589226484,0.00025684188585728407,-0.007543587475083768,0.007543587475083768,5.6905711994240704e-05
10,merged_fibers_output_z_p0p000,119,-0.007528241258114576,2.848268923116848e-05,-0.007556723947345745,0.007556723947345745,5.710407681638865e-05
10,merged_fibers_output_z_p0p000,120,-0.007522512227296829,-0.00019987620180472732,-0.007322636025492102,0.007322636025492102,5.3620998361834764e-05
10,merged_fibers_output_z_p0p000,121,-0.007416006177663803,-0.0004282357986085117,-0.006987770379055291,0.006987770379055291,4.882893487040253e-05
10,merged_fibers_output_z_p0p000,122,-0.00733525725081563,-0.0006565966759808362,-0.006678660574834794,0.006678660574834794,4.4604507073852615e-05
10,merged_fibers_output_z_p0p000,123,-0.007314601913094521,-0.0008849587175063789,-0.006429643195588142,0.006429643195588142,4.134031162257289e-05
10,merged_fibers_output_z_p0p000,124,-0.006266381591558456,-0.0010785210179165006,-0.005187860573641956,0.005187860573641956,2.6913897331548643e-05
10,merged_fibers_output_z_p0p000,125,-0.00628094095736742,-0.0008957621175795794,-0.005385178839787841,0.005385178839787841,2.9000151136498716e-05
10,merged_fibers_output_z_p0p000,126,-0.006297058425843716,-0.0006796685047447681,-0.0056173899210989475,0.0056173899210989475,3.155506952566404e-05
10,merged_fibers_output_z_p0p000,127,-0.006391487084329128,-0.0004635755030903965,-0.005927911581238732,0.005927911581238732,3.514013571498428e-05
10,merged_fibers_output_z_p0p000,128,-0.006562420632690191,-0.0002474831126164645,-0.006314937520073727,0.006314937520073727,3.987843588243491e-05
10,merged_fibers_output_z_p0p000,129,-0.0066893259063363075,-3.139102045679465e-05,-0.006657934885879513,0.006657934885879513,4.432809694461144e-05
10,merged_fibers_output_z_p0p000,130,-0.006585774011909962,0.00018470120267011225,-0.006770475214580074,0.006770475214580074,4.58393346312431e-05
10,merged_fibers_output_z_p0p000,131,-0.0061409128829836845,0.00040079408790916204,-0.006541706970892847,0.006541706970892847,4.279393009302806e-05
10,merged_fibers_output_z_p0p000,132,-0.005441800691187382,0.0006168882246129215,-0.006058688915800303,0.006058688915800303,3.670771137844145e-05
10,merged_fibers_output_z_p0p000,133,-0.004768128506839275,0.0008329838747158647,-0.00560111238155514,0.00560111238155514,3.137245991081029e-05
10,merged_fibers_output_z_p0p000,134,-0.003963174298405647,0.0010170229943469167,-0.004980197292752564,0.004980197292752564,2.4802365074739967e-05
10,merged_fibers_output_z_p0p000,135,-0.004715202376246452,0.0006450567743740976,-0.00536025915062055,0.00536025915062055,2.873237816181134e-05
10,merged_fibers_output_z_p0p000,136,-0.005367374513298273,0.0004412299022078514,-0.0058086044155061245,0.0058086044155061245,3.3739885255837246e-05
10,merged_fibers_output_z_p0p000,137,-0.005770313553512096,0.00023740380129311234,-0.006007717354805209,0.006007717354805209,3.60926678152277e-05
10,merged_fibers_output_z_p0p000,138,-0.0057866377755999565,3.357815876370296e-05,-0.0058202159343636595,0.0058202159343636595,3.387491352262065e-05
10,merged_fibers_output_z_p0p000,139,-0.005522937513887882,-0.00017024729459080845,-0.005352690219297074,0.005352690219297074,2.8651292583758556e-05
10,merged_fibers_output_z_p0p000,140,-0.005209620576351881,-0.0003740728134289384,-0.004835547762922943,0.004835547762922943,2.3382522167509075e-05
10,merged_fibers_output_z_p0p000,141,-0.005019839387387037,-0.0005778985214419663,-0.004441940865945071,0.004441940865945071,1.9730838656552847e-05
10,merged_fibers_output_z_p0p000,142,-0.004972163587808609,-0.0007817244040779769,-0.004190439183730632,0.004190439183730632,1.7559780552545046e-05
10,merged_fibers_output_z_p0p000,143,-0.0034507084637880325,-0.0009557188022881746,-0.002494989661499858,0.002494989661499858,6.2249734109911755e-06
10,merged_fibers_output_z_p0p000,144,-0.0034867615904659033,-0.000610163901001215,-0.0028765976894646883,0.0028765976894646883,8.274814267033583e-06
10,merged_fibers_output_z_p0p000,145,-0.0036762747913599014,-0.00041860470082610846,-0.003257670090533793,0.003257670090533793,1.0612414418758451e-05
10,merged_fibers_output_z_p0p000,146,-0.004114833660423756,-0.00022704570437781513,-0.0038877879560459405,0.0038877879560459405,1.5114895191175871e-05
10,merged_fibers_output_z_p0p000,147,-0.004679786041378975,-3.548671884345822e-05,-0.004644299322535517,0.004644299322535517,2.1569516197303858e-05
10,merged_fibers_output_z_p0p000,148,-0.005090259946882725,0.00015607220120728016,-0.005246332148090005,0.005246332148090005,2.7524001008082685e-05
10,merged_fibers_output_z_p0p000,149,-0.005103100091218948,0.0003476314013823867,-0.005450731492601335,0.005450731492601335,2.9710473804435978e-05
10,merged_fibers_output_z_p0p000,150,-0.0047127073630690575,0.000539190776180476,-0.005251898139249533,0.005251898139249533,2.758243406505271e-05
10,merged_fibers_output_z_p0p000,151,-0.004186586476862431,0.0007307502091862261,-0.004917336686048657,0.004917336686048657,2.4180200083959985e-05
10,merged_fibers_output_z_p0p000,152,-0.004071221686899662,0.0008942338754422963,-0.004965455562341958,0.004965455562341958,2.4655748941592693e-05
10,merged_fibers_output_z_p0p000,153,-0.004539100918918848,0.0005745879025198519,-0.0051136888214387,0.0051136888214387,2.614981336250712e-05
10,merged_fibers_output_z_p0p000,154,-0.004799261689186096,0.00039529570494778454,-0.005194557394133881,0.005194557394133881,2.6983426520950973e-05
10,merged_fibers_output_z_p0p000,155,-0.004632579628378153,0.00021600349282380193,-0.004848583121201955,0.004848583121201955,2.350875828320449e-05
10,merged_fibers_output_z_p0p000,156,-0.003981306217610836,3.671125159598887e-05,-0.004018017469206825,0.004018017469206825,1.6144464382851217e-05
10,merged_fibers_output_z_p0p000,157,-0.0030976056586951017,-0.00014258110604714602,-0.0029550245526479557,0.0029550245526479557,8.73217010675225e-06
10,merged_fibers_output_z_p0p000,158,-0.002349554793909192,-0.00032187349279411137,-0.0020276813011150807,0.0020276813011150807,4.111491458891747e-06
10,merged_fibers_output_z_p0p000,159,-0.0019585173577070236,-0.0005011662724427879,-0.0014573510852642357,0.0014573510852642357,2.1238721857208457e-06
10,merged_fibers_output_z_p0p000,160,-0.0018785467837005854,-0.0006804593722335994,-0.001198087411466986,0.001198087411466986,1.4354134455156629e-06
10,merged_fibers_output_z_p0p000,161,-0.00034864258486777544,-0.0008329299162141979,0.00048428733134642243,0.00048428733134642243,2.3453421930263955e-07
10,merged_fibers_output_z_p0p000,162,-0.00036241195630282164,-0.0005386985139921308,0.00017628655768930912,0.00017628655768930912,3.107695042194611e-08
10,merged_fibers_output_z_p0p000,163,-0.0006571182166226208,-0.00037167189293541014,-0.0002854463236872107,0.0002854463236872107,8.147960370654385e-08
10,merged_fibers_output_z_p0p000,164,-0.0014440915547311306,-0.00020464579574763775,-0.0012394457589834929,0.0012394457589834929,1.5362257894621666e-06
10,merged_fibers_output_z_p0p000,165,-0.0026223505847156048,-3.762004052987322e-05,-0.0025847305441857316,0.0025847305441857316,6.680831986046668e-06
10,merged_fibers_output_z_p0p000,166,-0.003801003098487854,0.00012940559827256948,-0.0039304086967604235,0.0039304086967604235,1.5448112523569972e-05
10,merged_fibers_output_z_p0p000,167,-0.004555630497634411,0.0002964310988318175,-0.004852061596466228,0.004852061596466228,2.3542501735902404e-05
10,merged_fibers_output_z_p0p000,168,-0.004728653933852911,0.00046345649752765894,-0.00519211043138057,0.00519211043138057,2.6958010731650928e-05
10,merged_fibers_output_z_p0p000,169,-0.0045290556736290455,0.000630481808912009,-0.0051595374825410545,0.0051595374825410545,2.6620827033746082e-05
10,merged_fibers_output_z_p0p000,170,-0.004524857737123966,0.000771452090702951,-0.005296309827826917,0.005296309827826917,2.805089779233599e-05
10,merged_fibers_output_z_p0p000,171,-0.0047416226007044315,0.0005021578981541097,-0.005243780498858541,0.005243780498858541,2.7497233920209132e-05
10,merged_fibers_output_z_p0p000,172,-0.004611642099916935,0.00034739880356937647,-0.0049590409034863114,0.0049590409034863114,2.4592086682450332e-05
10,merged_fibers_output_z_p0p000,173,-0.0038588871248066425,0.0001926397962961346,-0.004051526921102777,0.004051526921102777,1.6414870392420548e-05
10,merged_fibers_output_z_p0p000,174,-0.0025024311617016792,3.7880810850765556e-05,-0.002540311972552445,0.002540311972552445,6.453184917893293e-06
10,merged_fibers_output_z_p0p000,175,-0.0009496168931946158,-0.00011687829828588292,-0.0008327385949087329,0.0008327385949087329,6.934535674505707e-07
10,merged_fibers_output_z_p0p000,176,0.00027636700542643666,-0.0002716378076002002,0.0005480048130266368,0.0005480048130266368,3.003092751003592e-07
10,merged_fibers_output_z_p0p000,177,0.0008920619147829711,-0.00042639789171516895,0.00131845980649814,0.00131845980649814,1.738336261351113e-06
10,merged_fibers_output_z_p0p000,178,0.0010070238495245576,-0.0005811583832837641,0.0015881822328083217,0.0015881822328083217,2.522322804608026e-06
10,merged_fibers_output_z_p0p000,179,0.002036487217992544,-0.0007101328228600323,0.0027466200408525765,0.0027466200408525765,7.543921648813009e-06
10,merged_fibers_output_z_p0p000,180,0.002061820589005947,-0.0004652724019251764,0.0025270929909311235,0.0025270929909311235,6.386198984813211e-06
10,merged_fibers_output_z_p0p000,181,0.0016995880287140608,-0.00032277809805236757,0.0020223661267664284,0.0020223661267664284,4.089964750692245e-06
10,merged_fibers_output_z_p0p000,182,0.0006499496521428227,-0.00018028459453489631,0.0008302342466777191,0.0008302342466777191,6.892889043565197e-07
10,merged_fibers_output_z_p0p000,183,-0.0010036270832642913,-3.779173857765272e-05,-0.0009658353446866386,0.0009658353446866386,9.328379130459579e-07
10,merged_fibers_output_z_p0p000,184,-0.0027708392590284348,0.00010470079723745584,-0.0028755400562658906,0.0028755400562658906,8.268730615189641e-06
10,merged_fibers_output_z_p0p000,185,-0.004068965092301369,0.00024719341308809817,-0.004316158505389467,0.004316158505389467,1.8629224243645836e-05
10,merged_fibers_output_z_p0p000,186,-0.004619665909558535,0.00038968640728853643,-0.005009352316847071,0.005009352316847071,2.5093610634301118e-05
10,merged_fibers_output_z_p0p000,187,-0.004608067683875561,0.0005321800126694143,-0.005140247696544975,0.005140247696544975,2.6422146381835922e-05
10,merged_fibers_output_z_p0p000,188,-0.004080910701304674,0.0006486846250481904,-0.0047295953263528645,0.0047295953263528645,2.236907195105886e-05
10,merged_fibers_output_z_p0p000,189,-0.004336653742939234,0.0004277692933101207,-0.0047644230362493545,0.0047644230362493545,2.2699726868343517e-05
10,merged_fibers_output_z_p0p000,190,-0.004170193802565336,0.00029754071147181094,-0.004467734514037147,0.004467734514037147,1.9960651687918743e-05
10,merged_fibers_output_z_p0p000,191,-0.003246100153774023,0.00016731349751353264,-0.0034134136512875557,0.0034134136512875557,1.1651392754796243e-05
10,merged_fibers_output_z_p0p000,192,-0.0015754920896142721,3.708713120431639e-05,-0.0016125792208185885,0.0016125792208185885,2.600411743415886e-06
10,merged_fibers_output_z_p0p000,193,0.0003494773409329355,-9.313911141362041e-05,0.0004426164523465559,0.0004426164523465559,1.9590932388785098e-07
10,merged_fibers_output_z_p0p000,194,0.0018813391216099262,-0.00022336610709317029,0.0021047052287030965,0.0021047052287030965,4.429784099730154e-06
10,merged_fibers_output_z_p0p000,195,0.002657888224348426,-0.0003535946016199887,0.0030114828259684145,0.0030114828259684145,9.069028811102708e-06
10,merged_fibers_output_z_p0p000,196,0.0028035338036715984,-0.0004838246095459908,0.0032873584132175893,0.0032873584132175893,1.0806725336952465e-05
10,merged_fibers_output_z_p0p000,197,0.003125123679637909,-0.0005873574991710484,0.0037124811788089573,0.0037124811788089573,1.3782516503010745e-05
10,merged_fibers_output_z_p0p000,198,0.0031868943478912115,-0.00038989228778518736,0.003576786635676399,0.003576786635676399,1.2793402637153291e-05
10,merged_fibers_output_z_p0p000,199,0.0028143650852143764,-0.00027192579000256956,0.003086290875216946,0.003086290875216946,9.525191366447382e-06
10,merged_fibers_output_z_p0p000,200,0.0016813890542834997,-0.00015396240632981062,0.0018353514606133103,0.0018353514606133103,3.3685149839754116e-06
10,merged_fibers_output_z_p0p000,201,-0.00012038095155730844,-3.600136915338226e-05,-8.437958240392618e-05,8.437958240392618e-05,7.1199139266609684e-09
10,merged_fibers_output_z_p0p000,202,-0.0020278720185160637,8.195891859941185e-05,-0.0021098309371154755,0.0021098309371154755,4.451386583209566e-06
10,merged_fibers_output_z_p0p000,203,-0.003369947662577033,0.00019992029410786927,-0.0035698679566849023,0.0035698679566849023,1.2743957228165639e-05
10,merged_fibers_output_z_p0p000,204,-0.0038358322344720364,0.0003178842016495764,-0.004153716436121613,0.004153716436121613,1.7253360231706832e-05
10,merged_fibers_output_z_p0p000,205,-0.00366895436309278,0.00043585090315900743,-0.0041048052662517875,0.0041048052662517875,1.6849426273848408e-05
10,merged_fibers_output_z_p0p000,206,-0.002461900468915701,0.0005259520839899778,-0.0029878525529056787,0.0029878525529056787,8.927262877904982e-06
10,merged_fibers_output_z_p0p000,207,-0.0030346480198204517,0.0003514353884384036,-0.0033860834082588553,0.0033860834082588553,1.1465560847685906e-05
10,merged_fibers_output_z_p0p000,208,-0.0032366481609642506,0.0002457287919241935,-0.003482376952888444,0.003482376952888444,1.2126949242008604e-05
10,merged_fibers_output_z_p0p000,209,-0.0026464625261723995,0.00014002789976075292,-0.0027864904259331524,0.0027864904259331524,7.764528893817121e-06
10,merged_fibers_output_z_p0p000,210,-0.0011682849144563079,3.433120946283452e-05,-0.0012026161239191424,0.0012026161239191424,1.4462855415103022e-06
10,merged_fibers_output_z_p0p000,211,0.0007187931914813817,-7.136441126931459e-05,0.0007901576027506962,0.0007901576027506962,6.243490371847271e-07
10,merged_fibers_output_z_p0p000,212,0.0023016890045255423,-0.0001770624949131161,0.0024787514994386584,0.0024787514994386584,6.144208995969397e-06
10,merged_fibers_output_z_p0p000,213,0.003135416656732559,-0.00028276589000597596,0.003418182546738535,0.003418182546738535,1.1683971922827938e-05
10,merged_fibers_output_z_p0p000,214,0.003301599994301796,-0.00038847530959174037,0.0036900753038935363,0.0036900753038935363,1.3616655748404974e-05
10,merged_fibers_output_z_p0p000,215,0.0031302887946367264,-0.0004646620946004987,0.003594950889237225,0.003594950889237225,1.2923671896027515e-05
10,merged_fibers_output_z_p0p000,216,0.003210453549399972,-0.0003125884977634996,0.0035230420471634716,0.0035230420471634716,1.2411825266081784e-05
10,merged_fibers_output_z_p0p000,217,0.00286797690205276,-0.0002191324019804597,0.00308710930403322,0.00308710930403322,9.53024385504847e-06
10,merged_fibers_output_z_p0p000,218,0.0017955221701413393,-0.00012568759848363698,0.0019212097686249763,0.0019212097686249763,3.691046975060035e-06
10,merged_fibers_output_z_p0p000,219,0.00011275240103714168,-3.2251118682324886e-05,0.00014500351971946657,0.00014500351971946657,2.102602073103373e-08
10,merged_fibers_output_z_p0p000,220,-0.0015743339899927378,6.118285818956792e-05,-0.0016355168481823057,0.0016355168481823057,2.674915360688183e-06
10,merged_fibers_output_z_p0p000,221,-0.00257085170596838,0.00015462130249943584,-0.002725473008467816,0.002725473008467816,7.428203119886607e-06
10,merged_fibers_output_z_p0p000,222,-0.0026035085320472717,0.00024806929286569357,-0.0028515778249129653,0.0028515778249129653,8.131496091535358e-06
10,merged_fibers_output_z_p0p000,223,-0.0020266957581043243,0.0003415280079934746,-0.002368223766097799,0.002368223766097799,5.608483806310442e-06
10,merged_fibers_output_z_p0p000,224,-0.000589066999964416,0.0004033820878248662,-0.0009924490877892822,0.0009924490877892822,9.849551918537784e-07
10,merged_fibers_output_z_p0p000,225,-0.0015023811720311642,0.0002732237917371094,-0.0017756049637682736,0.0017756049637682736,3.152772987358532e-06
10,merged_fibers_output_z_p0p000,226,-0.002192968735471368,0.0001920023059938103,-0.002384971041465178,0.002384971041465178,5.6880868686274964e-06
10,merged_fibers_output_z_p0p000,227,-0.0021288245916366577,0.00011080170224886388,-0.0022396262938855216,0.0022396262938855216,5.0159259362633965e-06
10,merged_fibers_output_z_p0p000,228,-0.0010745171457529068,2.961704012705013e-05,-0.001104134185879957,0.001104134185879957,1.2191123004287952e-06
10,merged_fibers_output_z_p0p000,229,0.0005592892412096262,-5.1562779844971374e-05,0.0006108520210545976,0.0006108520210545976,3.731401916264865e-07
10,merged_fibers_output_z_p0p000,230,0.0020438693463802338,-0.00013275089440867305,0.002176620240788907,0.002176620240788907,4.737675672611959e-06
10,merged_fibers_output_z_p0p000,231,0.00286790425889194,-0.0002139571006409824,0.0030818613595329225,0.0030818613595329225,9.497869439382113e-06
10,merged_fibers_output_z_p0p000,232,0.003046669065952301,-0.0002951835922431201,0.003341852658195421,0.003341852658195421,1.1167979189087801e-05
10,merged_fibers_output_z_p0p000,233,0.0028139811474829912,-0.0003423085145186633,0.0031562896620016545,0.0031562896620016545,9.962164430458518e-06
10,merged_fibers_output_z_p0p000,234,0.002893284894526005,-0.00023351020354311913,0.003126795098069124,0.003126795098069124,9.776847585309102e-06
10,merged_fibers_output_z_p0p000,235,0.002587849274277687,-0.0001644891017349437,0.0027523383760126308,0.0027523383760126308,7.575366536071845e-06
10,merged_fibers_output_z_p0p000,236,0.001604552147909999,-9.550635877531022e-05,0.0017000585066853091,0.0017000585066853091,2.890198926153083e-06
10,merged_fibers_output_z_p0p000,237,8.047069422900677e-05,-2.65535491053015e-05,0.00010702424333430827,0.00010702424333430827,1.1454188661281227e-08
10,merged_fibers_output_z_p0p000,238,-0.0013634420465677977,4.238983092363924e-05,-0.001405831877491437,0.001405831877491437,1.9763632677710982e-06
10,merged_fibers_output_z_p0p000,239,-0.0020327982492744923,0.0001113480975618586,-0.002144146346836351,0.002144146346836351,4.597363556651669e-06
10,merged_fibers_output_z_p0p000,240,-0.0016899120528250933,0.00018033980450127274,-0.001870251857326366,0.001870251857326366,3.4978420098327215e-06
10,merged_fibers_output_z_p0p000,241,-0.0007678740657866001,0.0002493695938028395,-0.0010172436595894396,0.0010172436595894396,1.0347846629749157e-06
10,merged_fibers_output_z_p0p000,242,-3.2943382393568754e-05,0.0003484426124487072,-0.000381385994842276,0.000381385994842276,1.4545527706183256e-07
10,merged_fibers_output_z_p0p000,243,-0.008769194595515728,-7.642180291367318e-12,-0.008769194587873548,0.008769194587873548,7.689877371999073e-05
10,merged_fibers_output_z_p0p000,244,-0.008927230723202229,-1.4468429926361992e-11,-0.008927230708733799,0.008927230708733799,7.969544812695976e-05
10,merged_fibers_output_z_p0p000,245,-0.009283442981541157,-2.0697620700671493e-11,-0.009283442960843536,0.009283442960843536,8.61823132072354e-05
10,merged_fibers_output_z_p0p000,246,-0.008830521255731583,-2.6433530711522657e-11,-0.008830521229298052,0.008830521229298052,7.797810518108357e-05
10,merged_fibers_output_z_p0p000,247,-0.0070952158421278,-3.143263080374048e-11,-0.007095215810695169,0.007095215810695169,5.034208740033871e-05
10,merged_fibers_output_z_p0p000,248,-0.005093120504170656,-3.835205070190639e-11,-0.0050931204658186055,0.0050931204658186055,2.593987607934033e-05
10,merged_fibers_output_z_p0p000,249,-0.0056146583519876,-3.9876889984524766e-11,-0.00561465831211071,0.00561465831211071,3.1524387961753894e-05
10,merged_fibers_output_z_p0p000,250,-0.004792907740920782,-4.0295700803882895e-11,-0.004792907700625081,0.004792907700625081,2.2971964226711205e-05
10,merged_fibers_output_z_p0p000,251,-0.0024287072010338306,-3.957103048013444e-11,-0.0024287071614628,0.0024287071614628,5.8986184761406924e-06
10,merged_fibers_output_z_p0p000,252,-0.00036786776036024094,-3.7717950290838687e-11,-0.00036786772264229065,0.00036786772264229065,1.353266613620253e-07
10,merged_fibers_output_z_p0p000,253,0.00207454152405262,-3.025841036063959e-11,0.0020745415543110303,0.0020745415543110303,4.303722660563226e-06
10,merged_fibers_output_z_p0p000,254,0.0018216348253190517,-2.5363220204632775e-11,0.001821634850682272,0.001821634850682272,3.3183535292202232e-06
10,merged_fibers_output_z_p0p000,255,-0.0006967549561522901,-2.0043690665549896e-11,-0.0006967549361085994,0.0006967549361085994,4.854674409916984e-07
10,merged_fibers_output_z_p0p000,256,-0.002955053234472871,-1.4410569959544262e-11,-0.002955053220062301,0.002955053220062301,8.732339533400573e-06
10,merged_fibers_output_z_p0p000,257,-0.0022225743159651756,-8.914192300979451e-12,-0.0022225743070509833,0.0022225743070509833,4.939836550363159e-06
11,merged_fibers_output_z_p0p005,0,-0.008812411688268185,-0.0013859870377928019,-0.007426424650475383,0.007426424650475383,5.515178308918841e-05
11,merged_fibers_output_z_p0p005,1,-0.008502587676048279,-0.0012630850542336702,-0.007239502621814609,0.007239502621814609,5.241039821126059e-05
11,merged_fibers_output_z_p0p005,2,-0.007312969770282507,-0.0011403559474274516,-0.006172613822855055,0.006172613822855055,3.81011614061013e-05
11,merged_fibers_output_z_p0p005,3,-0.004967567510902882,-0.0010176709620282054,-0.003949896548874676,0.003949896548874676,1.5601682746812078e-05
11,merged_fibers_output_z_p0p005,4,-0.001887882244773209,-0.0008949994808062911,-0.000992882763966918,0.000992882763966918,9.858161829825866e-07
11,merged_fibers_output_z_p0p005,5,0.0009710589656606317,-0.0007723227026872337,0.0017433816683478653,0.0017433816683478653,3.0393796415313863e-06
11,merged_fibers_output_z_p0p005,6,0.002740226686000824,-0.0006496664718724787,0.0033898931578733027,0.0033898931578733027,1.1491375621796232e-05
11,merged_fibers_output_z_p0p005,7,0.0032217337284237146,-0.0005270388210192323,0.003748772549442947,0.003748772549442947,1.4053295627456972e-05
11,merged_fibers_output_z_p0p005,8,0.0029640384018421173,-0.00040456769056618214,0.0033686060924082994,0.0033686060924082994,1.1347507005810312e-05
11,merged_fibers_output_z_p0p005,9,-0.008767866529524326,-0.0009264255058951676,-0.007841441023629159,0.007841441023629159,6.14881973270543e-05
11,merged_fibers_output_z_p0p005,10,-0.008500907570123672,-0.0008445210987702012,-0.007656386471353471,0.007656386471353471,5.862025379872446e-05
11,merged_fibers_output_z_p0p005,11,-0.007366723380982876,-0.0007627098239026964,-0.0066040135570801795,0.0066040135570801795,4.36129950620988e-05
11,merged_fibers_output_z_p0p005,12,-0.0050566731952130795,-0.0006809188053011894,-0.00437575438991189,0.00437575438991189,1.9147226480833177e-05
11,merged_fibers_output_z_p0p005,13,-0.001968430820852518,-0.0005991326761431992,-0.0013692981447093189,0.0013692981447093189,1.8749774091043828e-06
11,merged_fibers_output_z_p0p005,14,0.0009399253176525235,-0.0005173480021767318,0.0014572733198292553,0.0014572733198292553,2.123645528686179e-06
11,merged_fibers_output_z_p0p005,15,0.00277140736579895,-0.0004355667042545974,0.0032069740700535476,0.0032069740700535476,1.0284682685995817e-05
11,merged_fibers_output_z_p0p005,16,0.003295725444331765,-0.0003538031887728721,0.0036495286331046373,0.0036495286331046373,1.3319059243850601e-05
11,merged_fibers_output_z_p0p005,17,0.0030473575461655855,-0.00027212078566662967,0.003319478331832215,0.003319478331832215,1.1018936395503585e-05
11,merged_fibers_output_z_p0p005,18,0.0020649703219532967,-0.00013318669516593218,0.002198157017119229,0.002198157017119229,4.831894271910506e-06
11,merged_fibers_output_z_p0p005,19,0.0022888570092618465,-0.00017404320533387363,0.00246290021459572,0.00246290021459572,6.0658774670556445e-06
11,merged_fibers_output_z_p0p005,20,0.0018681075889617205,-0.0002149327046936378,0.0020830402936553583,0.0020830402936553583,4.339056864991801e-06
11,merged_fibers_output_z_p0p005,21,0.0002905591973103583,-0.00025582819944247603,0.0005463873967528343,0.0005463873967528343,2.985391873303392e-07
11,merged_fibers_output_z_p0p005,22,-0.0022991662845015526,-0.00029672510572709143,-0.002002441178774461,0.002002441178774461,4.0097706744516535e-06
11,merged_fibers_output_z_p0p005,23,-0.005140955094248056,-0.00033762300154194236,-0.004803332092706114,0.004803332092706114,2.3071999192820497e-05
11,merged_fibers_output_z_p0p005,24,-0.00736621068790555,-0.0003785215085372329,-0.006987689179368317,0.006987689179368317,4.8827800067461065e-05
11,merged_fibers_output_z_p0p005,25,-0.008558133617043495,-0.0004194251087028533,-0.008138708508340642,0.008138708508340642,6.623857618373635e-05
11,merged_fibers_output_z_p0p005,26,-0.008922558277845383,-0.0004603606939781457,-0.008462197583867237,0.008462197583867237,7.16087879484085e-05
11,merged_fibers_output_z_p0p005,27,-0.009619361720979214,-8.089727998594753e-08,-0.009619280823699228,0.009619280823699228,9.253056356518769e-05
11,merged_fibers_output_z_p0p005,28,-0.008913100697100163,-7.15433898790252e-08,-0.008913029153710283,0.008913029153710283,7.944208869488945e-05
11,merged_fibers_output_z_p0p005,29,-0.007643172517418861,-6.275835318092504e-08,-0.0076431097590656805,0.0076431097590656805,5.841712678912504e-05
11,merged_fibers_output_z_p0p005,30,-0.005884108599275351,-5.366636912640388e-08,-0.005884054932906224,0.005884054932906224,3.462210245345807e-05
11,merged_fibers_output_z_p0p005,31,-0.0039304750971496105,-4.426376065680415e-08,-0.003930430833388954,0.003930430833388954,1.5448286536054586e-05
11,merged_fibers_output_z_p0p005,32,-0.002211781917139888,-3.567392070635833e-08,-0.0022117462432191815,0.0022117462432191815,4.891821444394162e-06
11,merged_fibers_output_z_p0p005,33,-0.0010724938474595547,-2.7802819602129603e-08,-0.0010724660446399525,0.0010724660446399525,1.1501834169056648e-06
11,merged_fibers_output_z_p0p005,34,-0.0005784999812021852,-2.025250012138713e-08,-0.0005784797287020638,0.0005784797287020638,3.346387965192133e-07
11,merged_fibers_output_z_p0p005,35,-0.0005064934957772493,-1.3811660259932523e-08,-0.0005064796841169894,0.0005064796841169894,2.5652167042324536e-07
11,merged_fibers_output_z_p0p005,36,-0.0022071246057748795,0.00013152830069884658,-0.002338652906473726,0.002338652906473726,5.469297416958006e-06
11,merged_fibers_output_z_p0p005,37,-0.002886323956772685,0.0001723692985251546,-0.0030586932552978396,0.0030586932552978396,9.355604430004495e-06
11,merged_fibers_output_z_p0p005,38,-0.0036393299233168364,0.00021324330009520054,-0.003852573223412037,0.003852573223412037,1.4842320441751412e-05
11,merged_fibers_output_z_p0p005,39,-0.004217702895402908,0.0002541228896006942,-0.0044718257850036025,0.0044718257850036025,1.9997225851423086e-05
11,merged_fibers_output_z_p0p005,40,-0.004723191261291504,0.0002950030902866274,-0.005018194351578131,0.005018194351578131,2.518227455021066e-05
11,merged_fibers_output_z_p0p005,41,-0.005522874649614096,0.0003358829126227647,-0.00585875756223686,0.00585875756223686,3.43250401730676e-05
11,merged_fibers_output_z_p0p005,42,-0.0068930089473724365,0.0003767632006201893,-0.007269772147992626,0.007269772147992626,5.2849587083729316e-05
11,merged_fibers_output_z_p0p005,43,-0.008681759238243103,0.0004176482034381479,-0.009099407441681251,0.009099407441681251,8.279921578972413e-05
11,merged_fibers_output_z_p0p005,44,-0.010286674834787846,0.0004585623973980546,-0.0107452372321859,0.0107452372321859,0.0001154601231759541
11,merged_fibers_output_z_p0p005,45,-0.011022038757801056,0.0009328235173597932,-0.011954862275160849,0.011954862275160849,0.00014291873201806402
11,merged_fibers_output_z_p0p005,46,-0.00867958553135395,0.000850923708640039,-0.00953050923999399,0.00953050923999399,9.083060637361081e-05
11,merged_fibers_output_z_p0p005,47,-0.0061601004563272,0.0007691296050325036,-0.0069292300613597035,0.0069292300613597035,4.8014229243251e-05
11,merged_fibers_output_z_p0p005,48,-0.004680902697145939,0.0006873561069369316,-0.0053682588040828705,0.0053682588040828705,2.881820258761325e-05
11,merged_fibers_output_z_p0p005,49,-0.004467051010578871,0.0006055852863937616,-0.005072636296972632,0.005072636296972632,2.573163900136422e-05
11,merged_fibers_output_z_p0p005,50,-0.004724756348878145,0.0005238162120804191,-0.005248572560958564,0.005248572560958564,2.7547513927647142e-05
11,merged_fibers_output_z_p0p005,51,-0.0044191982597112656,0.0004420508921612054,-0.004861249151872471,0.004861249151872471,2.3631743316580818e-05
11,merged_fibers_output_z_p0p005,52,-0.0031919863540679216,0.00036030029878020287,-0.0035522866528481245,0.0035522866528481245,1.2618740464002932e-05
11,merged_fibers_output_z_p0p005,53,-0.0016611667815595865,0.00027862010756507516,-0.0019397868891246617,0.0019397868891246617,3.7627731752199325e-06
11,merged_fibers_output_z_p0p005,54,-0.008790652267634869,-0.001207267981953919,-0.00758338428568095,0.00758338428568095,5.750771722431277e-05
11,merged_fibers_output_z_p0p005,55,-0.008761844597756863,-0.000904951011762023,-0.00785689358599484,0.00785689358599484,6.173077682164685e-05
11,merged_fibers_output_z_p0p005,56,-0.008870815858244896,-0.0006027672789059579,-0.008268048579338938,0.008268048579338938,6.836062731030863e-05
11,merged_fibers_output_z_p0p005,57,-0.009226232767105103,-0.00030065811006352305,-0.00892557465704158,0.00892557465704158,7.96658829584229e-05
11,merged_fibers_output_z_p0p005,58,-0.009824507869780064,1.4198450344338198e-06,-0.009825927714814497,0.009825927714814497,9.654885545675965e-05
11,merged_fibers_output_z_p0p005,59,-0.010544497519731522,0.0003034975961782038,-0.010847995115909725,0.010847995115909725,0.00011767899803480125
11,merged_fibers_output_z_p0p005,60,-0.01121863629668951,0.0006056110723875463,-0.011824247369077057,0.011824247369077057,0.0001398128258451257
11,merged_fibers_output_z_p0p005,61,-0.011721637099981308,0.0009077897993847728,-0.01262942689936608,0.01262942689936608,0.00015950242380643152
11,merged_fibers_output_z_p0p005,62,-0.012011382728815079,0.0012101080501452088,-0.013221490778960288,0.013221490778960288,0.0001748078184181319
11,merged_fibers_output_z_p0p005,63,-0.01202322170138359,0.0014784210361540318,-0.013501642737537622,0.013501642737537622,0.00018229435661210242
11,merged_fibers_output_z_p0p005,64,-0.008823622018098831,-0.0014475439675152302,-0.007376078050583601,0.007376078050583601,5.4406527408301176e-05
11,merged_fibers_output_z_p0p005,65,-0.008796559646725655,-0.001166517031379044,-0.0076300426153466105,0.0076300426153466105,5.8217550312005345e-05
11,merged_fibers_output_z_p0p005,66,-0.00876765139400959,-0.0008766594110056758,-0.007890991983003914,0.007890991983003914,6.226775447583205e-05
11,merged_fibers_output_z_p0p005,67,-0.00886579416692257,-0.0005868541193194687,-0.0082789400476031,0.0082789400476031,6.854084831180643e-05
11,merged_fibers_output_z_p0p005,68,-0.009194059297442436,-0.0002970829955302179,-0.008896976301912218,0.008896976301912218,7.915618731678761e-05
11,merged_fibers_output_z_p0p005,69,-0.0097477026283741,-7.328800165851135e-06,-0.009740373828208249,0.009740373828208249,9.487488231324421e-05
11,merged_fibers_output_z_p0p005,70,-0.010409331880509853,0.00028242490952834487,-0.010691756790038198,0.010691756790038198,0.00011431366325732791
11,merged_fibers_output_z_p0p005,71,-0.01101941242814064,0.0005721942870877683,-0.011591606715228409,0.011591606715228409,0.00013436534624052833
11,merged_fibers_output_z_p0p005,72,-0.01146384235471487,0.0008619970758445561,-0.012325839430559427,0.012325839430559427,0.00015192631766793353
11,merged_fibers_output_z_p0p005,73,-0.011712966486811638,0.0011518510291352868,-0.012864817515946925,0.012864817515946925,0.0001655035297186148
11,merged_fibers_output_z_p0p005,74,-0.010907260701060295,0.0013856400037184358,-0.012292900704778731,0.012292900704778731,0.0001511154077375494
11,merged_fibers_output_z_p0p005,75,-0.010887612588703632,0.0011223029578104615,-0.012009915546514094,0.012009915546514094,0.0001442380714344009
11,merged_fibers_output_z_p0p005,76,-0.010777918621897697,0.0008447985164821148,-0.011622717138379812,0.011622717138379812,0.0001350875536787878
11,merged_fibers_output_z_p0p005,77,-0.010525449179112911,0.0005673173000104725,-0.011092766479123384,0.011092766479123384,0.0001230494681603634
11,merged_fibers_output_z_p0p005,78,-0.010112715885043144,0.0002898557868320495,-0.010402571671875194,0.010402571671875194,0.00010821349738850026
11,merged_fibers_output_z_p0p005,79,-0.00961035955697298,1.2404960216372274e-05,-0.009622764517189353,0.009622764517189353,9.259759695327844e-05
11,merged_fibers_output_z_p0p005,80,-0.009154173545539379,-0.0002650455862749368,-0.008889127959264442,0.008889127959264442,7.901659587617683e-05
11,merged_fibers_output_z_p0p005,81,-0.008863932453095913,-0.0005425061099231243,-0.008321426343172789,0.008321426343172789,6.924613638485005e-05
11,merged_fibers_output_z_p0p005,82,-0.00876663438975811,-0.0008199859876185656,-0.007946648402139544,0.007946648402139544,6.314922082722698e-05
11,merged_fibers_output_z_p0p005,83,-0.008786570280790329,-0.001097489963285625,-0.007689080317504704,0.007689080317504704,5.912195612903824e-05
11,merged_fibers_output_z_p0p005,84,-0.008730516768991947,-0.0013242480345070362,-0.007406268734484911,0.007406268734484911,5.4852816567408725e-05
11,merged_fibers_output_z_p0p005,85,-0.008715086616575718,-0.0010780399898067117,-0.007637046626769006,0.007637046626769006,5.832448117944386e-05
11,merged_fibers_output_z_p0p005,86,-0.008697486482560635,-0.0008128414046950638,-0.00788464507786557,0.00788464507786557,6.216762800390977e-05
11,merged_fibers_output_z_p0p005,87,-0.008762763813138008,-0.000547654926776886,-0.008215108886361122,0.008215108886361122,6.748801401476948e-05
11,merged_fibers_output_z_p0p005,88,-0.008963990025222301,-0.0002824797120410949,-0.008681510313181207,0.008681510313181207,7.536862131787165e-05
11,merged_fibers_output_z_p0p005,89,-0.009264388121664524,-1.731134943838697e-05,-0.009247076772226137,0.009247076772226137,8.550842883144416e-05
11,merged_fibers_output_z_p0p005,90,-0.009551326744258404,0.00024785648565739393,-0.009799183229915798,0.009799183229915798,9.6023991973463e-05
11,merged_fibers_output_z_p0p005,91,-0.009714514948427677,0.0005130302160978317,-0.010227545164525509,0.010227545164525509,0.00010460268009240912
11,merged_fibers_output_z_p0p005,92,-0.009725871495902538,0.0007782144821248949,-0.010504085978027433,0.010504085978027433,0.00011033582223379253
11,merged_fibers_output_z_p0p005,93,-0.009655727073550224,0.0010434100404381752,-0.0106991371139884,0.0106991371139884,0.00011447153498392402
11,merged_fibers_output_z_p0p005,94,-0.008082724176347256,0.0012626319658011198,-0.009345356142148376,0.009345356142148376,8.733568142359037e-05
11,merged_fibers_output_z_p0p005,95,-0.008193890564143658,0.001033034990541637,-0.009226925554685295,0.009226925554685295,8.513615519170453e-05
11,merged_fibers_output_z_p0p005,96,-0.008463376201689243,0.0007801247993484139,-0.009243501001037657,0.009243501001037657,8.544231075618417e-05
11,merged_fibers_output_z_p0p005,97,-0.008746696636080742,0.0005272197886370122,-0.009273916424717754,0.009273916424717754,8.600552585264973e-05
11,merged_fibers_output_z_p0p005,98,-0.008892939426004887,0.0002743205986917019,-0.009167260024696589,0.009167260024696589,8.40386563604001e-05
11,merged_fibers_output_z_p0p005,99,-0.008854933083057404,2.142511038982775e-05,-0.008876358193447231,0.008876358193447231,7.87897347783778e-05
11,merged_fibers_output_z_p0p005,100,-0.008703147061169147,-0.00023146999592427164,-0.008471677065244876,0.008471677065244876,7.176931229779603e-05
11,merged_fibers_output_z_p0p005,101,-0.008556012064218521,-0.00048436838551424444,-0.008071643678704277,0.008071643678704277,6.515143167596671e-05
11,merged_fibers_output_z_p0p005,102,-0.008488256484270096,-0.0007372726104222238,-0.007750983873847872,0.007750983873847872,6.007775101264976e-05
11,merged_fibers_output_z_p0p005,103,-0.008490298874676228,-0.0009901829762384295,-0.007500115898437798,0.007500115898437798,5.625173848999942e-05
11,merged_fibers_output_z_p0p005,104,-0.008045442402362823,-0.001201341045089066,-0.0068441013572737575,0.0068441013572737575,4.684172338863649e-05
11,merged_fibers_output_z_p0p005,105,-0.008046154864132404,-0.000987852574326098,-0.007058302289806306,0.007058302289806306,4.981963121428495e-05
11,merged_fibers_output_z_p0p005,106,-0.008047554641962051,-0.0007472187280654907,-0.007300335913896561,0.007300335913896561,5.329490445572793e-05
11,merged_fibers_output_z_p0p005,107,-0.008099260739982128,-0.00050658721011132,-0.007592673529870808,0.007592673529870808,5.764869133120084e-05
11,merged_fibers_output_z_p0p005,108,-0.008199503645300865,-0.0002659588062670082,-0.007933544839033857,0.007933544839033857,6.294113371296075e-05
11,merged_fibers_output_z_p0p005,109,-0.008262530900537968,-2.5332290533697233e-05,-0.00823719861000427,0.00823719861000427,6.785144094065629e-05
11,merged_fibers_output_z_p0p005,110,-0.008158829994499683,0.00021529410150833428,-0.008374124096008018,0.008374124096008018,7.01259543753421e-05
11,merged_fibers_output_z_p0p005,111,-0.007816151715815067,0.00045592221431434155,-0.008272073930129409,0.008272073930129409,6.84272071055266e-05
11,merged_fibers_output_z_p0p005,112,-0.007303639315068722,0.0006965533830225468,-0.008000192698091269,0.008000192698091269,6.400308320659285e-05
11,merged_fibers_output_z_p0p005,113,-0.006823759526014328,0.0009371878113597631,-0.007760947337374091,0.007760947337374091,6.0232303573493995e-05
11,merged_fibers_output_z_p0p005,114,-0.005318870767951012,0.0011398099595680833,-0.006458680727519095,0.006458680727519095,4.1714556740026586e-05
11,merged_fibers_output_z_p0p005,115,-0.005513396114110947,0.0009419294074177742,-0.006455325521528721,0.006455325521528721,4.167122758890005e-05
11,merged_fibers_output_z_p0p005,116,-0.006072738207876682,0.0007135649211704731,-0.006786303129047155,0.006786303129047155,4.605391015931521e-05
11,merged_fibers_output_z_p0p005,117,-0.006755467038601637,0.00048520241398364305,-0.00724066945258528,0.00724066945258528,5.242729412160162e-05
11,merged_fibers_output_z_p0p005,118,-0.007286747917532921,0.00025684188585728407,-0.007543589803390205,0.007543589803390205,5.690574712181267e-05
11,merged_fibers_output_z_p0p005,119,-0.007528239395469427,2.848268923116848e-05,-0.007556722084700596,0.007556722084700596,5.710404866540171e-05
11,merged_fibers_output_z_p0p005,120,-0.0075225066393613815,-0.00019987620180472732,-0.007322630437556654,0.007322630437556654,5.3620916525031154e-05
11,merged_fibers_output_z_p0p005,121,-0.007416002452373505,-0.0004282357986085117,-0.006987766653764993,0.006987766653764993,4.8828882807470004e-05
11,merged_fibers_output_z_p0p005,122,-0.007335258647799492,-0.0006565966759808362,-0.006678661971818656,0.006678661971818656,4.460452573381665e-05
11,merged_fibers_output_z_p0p005,123,-0.007314610760658979,-0.0008849587175063789,-0.0064296520431526005,0.0064296520431526005,4.134042539601641e-05
11,merged_fibers_output_z_p0p005,124,-0.006266395095735788,-0.0010785210179165006,-0.005187874077819288,0.005187874077819288,2.6914037447309326e-05
11,merged_fibers_output_z_p0p005,125,-0.006280952133238316,-0.0008957621175795794,-0.005385190015658736,0.005385190015658736,2.900027150475054e-05
11,merged_fibers_output_z_p0p005,126,-0.006297062151134014,-0.0006796685047447681,-0.005617393646389246,0.005617393646389246,3.155511137849427e-05
11,merged_fibers_output_z_p0p005,127,-0.00639148335903883,-0.0004635755030903965,-0.005927907855948433,0.005927907855948433,3.514009154861515e-05
11,merged_fibers_output_z_p0p005,128,-0.006562414579093456,-0.0002474831126164645,-0.006314931466476992,0.006314931466476992,3.987835942630125e-05
11,merged_fibers_output_z_p0p005,129,-0.006689322181046009,-3.139102045679465e-05,-0.006657931160589214,0.006657931160589214,4.4328047339144845e-05
11,merged_fibers_output_z_p0p005,130,-0.006585775874555111,0.00018470120267011225,-0.006770477077225223,0.006770477077225223,4.58393598532322e-05
11,merged_fibers_output_z_p0p005,131,-0.006140920799225569,0.00040079408790916204,-0.006541714887134731,0.006541714887134731,4.2794033664560164e-05
11,merged_fibers_output_z_p0p005,132,-0.005441810470074415,0.0006168882246129215,-0.006058698694687337,0.006058698694687337,3.6707829873006034e-05
11,merged_fibers_output_z_p0p005,133,-0.004768136888742447,0.0008329838747158647,-0.0056011207634583116,0.0056011207634583116,3.137255380684382e-05
11,merged_fibers_output_z_p0p005,134,-0.003963185474276543,0.0010170229943469167,-0.004980208468623459,0.004980208468623459,2.4802476390948822e-05
11,merged_fibers_output_z_p0p005,135,-0.004715213552117348,0.0006450567743740976,-0.005360270326491445,0.005360270326491445,2.8732497973064706e-05
11,merged_fibers_output_z_p0p005,136,-0.0053673842921853065,0.0004412299022078514,-0.005808614194393158,0.005808614194393158,3.3739998859305675e-05
11,merged_fibers_output_z_p0p005,137,-0.005770317744463682,0.00023740380129311234,-0.0060077215457567945,0.0060077215457567945,3.609271817135041e-05
11,merged_fibers_output_z_p0p005,138,-0.005786635912954807,3.357815876370296e-05,-0.00582021407171851,0.00582021407171851,3.387489184063016e-05
11,merged_fibers_output_z_p0p005,139,-0.00552293099462986,-0.00017024729459080845,-0.0053526837000390515,0.0053526837000390515,2.865122279266375e-05
11,merged_fibers_output_z_p0p005,140,-0.005209615454077721,-0.0003740728134289384,-0.004835542640648782,0.004835542640648782,2.3382472629532598e-05
11,merged_fibers_output_z_p0p005,141,-0.005019840318709612,-0.0005778985214419663,-0.004441941797267646,0.004441941797267646,1.973084693031332e-05
11,merged_fibers_output_z_p0p005,142,-0.004972172435373068,-0.0007817244040779769,-0.004190448031295091,0.004190448031295091,1.7559854702984903e-05
11,merged_fibers_output_z_p0p005,143,-0.0034507198724895716,-0.0009557188022881746,-0.002495001070201397,0.002495001070201397,6.225030340306116e-06
11,merged_fibers_output_z_p0p005,144,-0.003486764384433627,-0.000610163901001215,-0.002876600483432412,0.002876600483432412,8.274830341283587e-06
11,merged_fibers_output_z_p0p005,145,-0.0036762708332389593,-0.00041860470082610846,-0.003257666132412851,0.003257666132412851,1.0612388630269702e-05
11,merged_fibers_output_z_p0p005,146,-0.004114827141165733,-0.00022704570437781513,-0.003887781436787918,0.003887781436787918,1.5114844500232729e-05
11,merged_fibers_output_z_p0p005,147,-0.004679782781749964,-3.548671884345822e-05,-0.0046442960629065055,0.0046442960629065055,2.1569485919928867e-05
11,merged_fibers_output_z_p0p005,148,-0.005090262275189161,0.00015607220120728016,-0.0052463344763964415,0.0052463344763964415,2.7524025438225924e-05
11,merged_fibers_output_z_p0p005,149,-0.005103109870105982,0.0003476314013823867,-0.0054507412714883685,0.0054507412714883685,2.9710580408706636e-05
11,merged_fibers_output_z_p0p005,150,-0.004712720401585102,0.000539190776180476,-0.005251911177765578,0.005251911177765578,2.758257101913902e-05
11,merged_fibers_output_z_p0p005,151,-0.004186601378023624,0.0007307502091862261,-0.0049173515872098505,0.0049173515872098505,2.4180346632235236e-05
11,merged_fibers_output_z_p0p005,152,-0.004071238916367292,0.0008942338754422963,-0.004965472791809589,0.004965472791809589,2.465592004620131e-05
11,merged_fibers_output_z_p0p005,153,-0.004539116285741329,0.0005745879025198519,-0.005113704188261181,0.005113704188261181,2.6149970525039945e-05
11,merged_fibers_output_z_p0p005,154,-0.004799273330718279,0.00039529570494778454,-0.005194569035666063,0.005194569035666063,2.6983547466300655e-05
11,merged_fibers_output_z_p0p005,155,-0.0046325852163136005,0.00021600349282380193,-0.0048485887091374025,0.0048485887091374025,2.3508812470374703e-05
11,merged_fibers_output_z_p0p005,156,-0.003981305286288261,3.671125159598887e-05,-0.00401801653788425,0.00401801653788425,1.6144456898711336e-05
11,merged_fibers_output_z_p0p005,157,-0.0030976003035902977,-0.00014258110604714602,-0.0029550191975431517,0.0029550191975431517,8.732138457848572e-06
11,merged_fibers_output_z_p0p005,158,-0.0023495499044656754,-0.00032187349279411137,-0.002027676411671564,0.002027676411671564,4.11147163044927e-06
11,merged_fibers_output_z_p0p005,159,-0.0019585168920457363,-0.0005011662724427879,-0.0014573506196029484,0.0014573506196029484,2.1238708284570977e-06
11,merged_fibers_output_z_p0p005,160,-0.0018785524880513549,-0.0006804593722335994,-0.0011980931158177555,0.0011980931158177555,1.4354271141698976e-06
11,merged_fibers_output_z_p0p005,161,-0.0003486484056338668,-0.0008329299162141979,0.0004842815105803311,0.0004842815105803311,2.3452858148996733e-07
11,merged_fibers_output_z_p0p005,162,-0.0003624131204560399,-0.0005386985139921308,0.00017628539353609085,0.00017628539353609085,3.107653997417442e-08
11,merged_fibers_output_z_p0p005,163,-0.0006571156554855406,-0.00037167189293541014,-0.0002854437625501305,0.0002854437625501305,8.147814157877528e-08
11,merged_fibers_output_z_p0p005,164,-0.001444087247364223,-0.00020464579574763775,-0.0012394414516165853,0.0012394414516165853,1.536215111985428e-06
11,merged_fibers_output_z_p0p005,165,-0.0026223487220704556,-3.762004052987322e-05,-0.0025847286815405823,0.0025847286815405823,6.6808223571785174e-06
11,merged_fibers_output_z_p0p005,166,-0.0038010061252862215,0.00012940559827256948,-0.003930411723558791,0.003930411723558791,1.5448136316688387e-05
11,merged_fibers_output_z_p0p005,167,-0.004555640276521444,0.0002964310988318175,-0.004852071375353262,0.004852071375353262,2.3542596631522493e-05
11,merged_fibers_output_z_p0p005,168,-0.004728668835014105,0.00046345649752765894,-0.005192125332541764,0.005192125332541764,2.695816546882192e-05
11,merged_fibers_output_z_p0p005,169,-0.0045290738344192505,0.000630481808912009,-0.0051595556433312595,0.0051595556433312595,2.6621014436631447e-05
11,merged_fibers_output_z_p0p005,170,-0.0045248777605593204,0.000771452090702951,-0.005296329851262271,0.005296329851262271,2.8051109893371834e-05
11,merged_fibers_output_z_p0p005,171,-0.004741638898849487,0.0005021578981541097,-0.005243796797003597,0.005243796797003597,2.7497404848265183e-05
11,merged_fibers_output_z_p0p005,172,-0.004611654207110405,0.00034739880356937647,-0.0049590530106797814,0.0049590530106797814,2.4592206762732204e-05
11,merged_fibers_output_z_p0p005,173,-0.003858893411234021,0.0001926397962961346,-0.004051533207530156,0.004051533207530156,1.641492133171959e-05
11,merged_fibers_output_z_p0p005,174,-0.002502432558685541,3.7880810850765556e-05,-0.0025403133695363067,0.0025403133695363067,6.453192015444905e-06
11,merged_fibers_output_z_p0p005,175,-0.0009496142156422138,-0.00011687829828588292,-0.0008327359173563309,0.0008327359173563309,6.934491080552899e-07
11,merged_fibers_output_z_p0p005,176,0.0002763700904324651,-0.0002716378076002002,0.0005480078980326653,0.0005480078980326653,3.0031265630618004e-07
11,merged_fibers_output_z_p0p005,177,0.0008920631371438503,-0.00042639789171516895,0.0013184610288590193,0.0013184610288590193,1.7383394846199837e-06
11,merged_fibers_output_z_p0p005,178,0.001007022219710052,-0.0005811583832837641,0.0015881806029938161,0.0015881806029938161,2.5223176277258014e-06
11,merged_fibers_output_z_p0p005,179,0.0020364851225167513,-0.0007101328228600323,0.0027466179453767836,0.0027466179453767836,7.543910137865784e-06
11,merged_fibers_output_z_p0p005,180,0.0020618208218365908,-0.0004652724019251764,0.002527093223761767,0.002527093223761767,6.386200161582641e-06
11,merged_fibers_output_z_p0p005,181,0.0016995902406051755,-0.00032277809805236757,0.002022368338657543,0.002022368338657543,4.089973697204471e-06
11,merged_fibers_output_z_p0p005,182,0.0006499516312032938,-0.00018028459453489631,0.0008302362257381901,0.0008302362257381901,6.89292190527995e-07
11,merged_fibers_output_z_p0p005,183,-0.0010036267340183258,-3.779173857765272e-05,-0.0009658349954406731,0.0009658349954406731,9.328372384178849e-07
11,merged_fibers_output_z_p0p005,184,-0.002770843915641308,0.00010470079723745584,-0.0028755447128787637,0.0028755447128787637,8.268757395765011e-06
11,merged_fibers_output_z_p0p005,185,-0.004068974405527115,0.00024719341308809817,-0.004316167818615213,0.004316167818615213,1.8629304638449606e-05
11,merged_fibers_output_z_p0p005,186,-0.004619680345058441,0.00038968640728853643,-0.005009366752346978,0.005009366752346978,2.5093755259519305e-05
11,merged_fibers_output_z_p0p005,187,-0.0046080853790044785,0.0005321800126694143,-0.005140265391673893,0.005140265391673893,2.6422328296840358e-05
11,merged_fibers_output_z_p0p005,188,-0.004080926068127155,0.0006486846250481904,-0.004729610693175346,0.004729610693175346,2.2369217308998574e-05
11,merged_fibers_output_z_p0p005,189,-0.004336666781455278,0.0004277692933101207,-0.004764436074765399,0.004764436074765399,2.2699851110525923e-05
11,merged_fibers_output_z_p0p005,190,-0.004170205444097519,0.00029754071147181094,-0.00446774615556933,0.00446774615556933,1.9960755710604526e-05
11,merged_fibers_output_z_p0p005,191,-0.0032461080700159073,0.00016731349751353264,-0.00341342156752944,0.00341342156752944,1.1651446797675139e-05
11,merged_fibers_output_z_p0p005,192,-0.0015754944179207087,3.708713120431639e-05,-0.001612581549125025,0.001612581549125025,2.6004192525784656e-06
11,merged_fibers_output_z_p0p005,193,0.00034947795211337507,-9.313911141362041e-05,0.0004426170635269955,0.0004426170635269955,1.9590986492526035e-07
11,merged_fibers_output_z_p0p005,194,0.0018813409842550755,-0.00022336610709317029,0.0021047070913482457,0.0021047070913482457,4.429791940371593e-06
11,merged_fibers_output_z_p0p005,195,0.002657888922840357,-0.0003535946016199887,0.0030114835244603455,0.0030114835244603455,9.069033018096104e-06
11,merged_fibers_output_z_p0p005,196,0.002803533338010311,-0.0004838246095459908,0.003287357947556302,0.003287357947556302,1.0806722275361581e-05
11,merged_fibers_output_z_p0p005,197,0.0031251213513314724,-0.0005873574991710484,0.003712478850502521,0.003712478850502521,1.3782499215428518e-05
11,merged_fibers_output_z_p0p005,198,0.0031868950463831425,-0.00038989228778518736,0.00357678733416833,0.00357678733416833,1.2793407633866987e-05
11,merged_fibers_output_z_p0p005,199,0.0028143669478595257,-0.00027192579000256956,0.0030862927378620952,0.0030862927378620952,9.525202863780307e-06
11,merged_fibers_output_z_p0p005,200,0.001681390916928649,-0.00015396240632981062,0.0018353533232584596,0.0018353533232584596,3.3685218211958716e-06
11,merged_fibers_output_z_p0p005,201,-0.0001203825231641531,-3.600136915338226e-05,-8.438115401077084e-05,8.438115401077084e-05,7.120179152189428e-09
11,merged_fibers_output_z_p0p005,202,-0.002027877839282155,8.195891859941185e-05,-0.002109836757881567,0.002109836757881567,4.4514111449082015e-06
11,merged_fibers_output_z_p0p005,203,-0.0033699562773108482,0.00019992029410786927,-0.0035698765714187175,0.0035698765714187175,1.2744018735164257e-05
11,merged_fibers_output_z_p0p005,204,-0.0038358429446816444,0.0003178842016495764,-0.004153727146331221,0.004153727146331221,1.7253449206168908e-05
11,merged_fibers_output_z_p0p005,205,-0.003668965073302388,0.00043585090315900743,-0.004104815976461396,0.004104815976461396,1.684951420061272e-05
11,merged_fibers_output_z_p0p005,206,-0.002461903728544712,0.0005259520839899778,-0.00298785581253469,0.00298785581253469,8.927282356497332e-06
11,merged_fibers_output_z_p0p005,207,-0.003034654539078474,0.0003514353884384036,-0.0033860899275168777,0.0033860899275168777,1.1465604997231254e-05
11,merged_fibers_output_z_p0p005,208,-0.003236657241359353,0.0002457287919241935,-0.0034823860332835466,0.0034823860332835466,1.2127012484808313e-05
11,merged_fibers_output_z_p0p005,209,-0.0026464704424142838,0.00014002789976075292,-0.0027864983421750367,0.0027864983421750367,7.764573010944228e-06
11,merged_fibers_output_z_p0p005,210,-0.0011682893382385373,3.433120946283452e-05,-0.0012026205477013718,0.0012026205477013718,1.4462961817535477e-06
11,merged_fibers_output_z_p0p005,211,0.0007187934825196862,-7.136441126931459e-05,0.0007901578937890008,0.0007901578937890008,6.243494971170699e-07
11,merged_fibers_output_z_p0p005,212,0.002301691332831979,-0.0001770624949131161,0.002478753827745095,0.002478753827745095,6.1442205385609596e-06
11,merged_fibers_output_z_p0p005,213,0.0031354178208857775,-0.00028276589000597596,0.0034181837108917534,0.0034181837108917534,1.1683979881405718e-05
11,merged_fibers_output_z_p0p005,214,0.003301598597317934,-0.00038847530959174037,0.0036900739069096744,0.0036900739069096744,1.3616645438455628e-05
11,merged_fibers_output_z_p0p005,215,0.0031302825082093477,-0.0004646620946004987,0.0035949446028098464,0.0035949446028098464,1.2923626697271644e-05
11,merged_fibers_output_z_p0p005,216,0.00321045215241611,-0.0003125884977634996,0.0035230406501796097,0.0035230406501796097,1.2411815422817966e-05
11,merged_fibers_output_z_p0p005,217,0.0028679792303591967,-0.0002191324019804597,0.0030871116323396564,0.0030871116323396564,9.530258230526818e-06
11,merged_fibers_output_z_p0p005,218,0.001795525080524385,-0.00012568759848363698,0.001921212679008022,0.001921212679008022,3.6910581579811808e-06
11,merged_fibers_output_z_p0p005,219,0.00011275039287284017,-3.2251118682324886e-05,0.00014500151155516505,0.00014500151155516505,2.1025438353282664e-08
11,merged_fibers_output_z_p0p005,220,-0.0015743415569886565,6.118285818956792e-05,-0.0016355244151782244,0.0016355244151782244,2.674940112644073e-06
11,merged_fibers_output_z_p0p005,221,-0.002570861019194126,0.00015462130249943584,-0.002725482321693562,0.002725482321693562,7.428253885864129e-06
11,merged_fibers_output_z_p0p005,222,-0.0026035155169665813,0.00024806929286569357,-0.002851584809832275,0.002851584809832275,8.131535927666171e-06
11,merged_fibers_output_z_p0p005,223,-0.0020266969222575426,0.0003415280079934746,-0.002368224930251017,0.002368224930251017,5.608489320262435e-06
11,merged_fibers_output_z_p0p005,224,-0.0005890579195693135,0.0004033820878248662,-0.0009924400073941797,0.0009924400073941797,9.849371682765595e-07
11,merged_fibers_output_z_p0p005,225,-0.0015023804735392332,0.0002732237917371094,-0.0017756042652763426,0.0017756042652763426,3.1527705068675405e-06
11,merged_fibers_output_z_p0p005,226,-0.00219297525472939,0.0001920023059938103,-0.0023849775607232004,0.0023849775607232004,5.688117965153187e-06
11,merged_fibers_output_z_p0p005,227,-0.002128833206370473,0.00011080170224886388,-0.002239634908619337,0.002239634908619337,5.015964523906345e-06
11,merged_fibers_output_z_p0p005,228,-0.0010745231993496418,2.961704012705013e-05,-0.001104140239476692,0.001104140239476692,1.2191256684316466e-06
11,merged_fibers_output_z_p0p005,229,0.0005592895322479308,-5.1562779844971374e-05,0.0006108523120929021,0.0006108523120929021,3.731405471892443e-07
11,merged_fibers_output_z_p0p005,230,0.0020438735373318195,-0.00013275089440867305,0.0021766244317404926,0.0021766244317404926,4.737693916849622e-06
11,merged_fibers_output_z_p0p005,231,0.0028679068200290203,-0.0002139571006409824,0.0030818639206700027,0.0030818639206700027,9.49788522552748e-06
11,merged_fibers_output_z_p0p005,232,0.0030466648750007153,-0.0002951835922431201,0.0033418484672438353,0.0033418484672438353,1.116795117801997e-05
11,merged_fibers_output_z_p0p005,233,0.002813971135765314,-0.0003423085145186633,0.0031562796502839774,0.0031562796502839774,9.962101230796746e-06
11,merged_fibers_output_z_p0p005,234,0.00289328140206635,-0.00023351020354311913,0.003126791605609469,0.003126791605609469,9.776825744909842e-06
11,merged_fibers_output_z_p0p005,235,0.002587852766737342,-0.0001644891017349437,0.0027523418684722856,0.0027523418684722856,7.575385760945512e-06
11,merged_fibers_output_z_p0p005,236,0.0016045564552769065,-9.550635877531022e-05,0.0017000628140522167,0.0017000628140522167,2.8902135717231418e-06
11,merged_fibers_output_z_p0p005,237,8.04699957370758e-05,-2.65535491053015e-05,0.0001070235448423773,0.0001070235448423773,1.1454039150628346e-08
11,merged_fibers_output_z_p0p005,238,-0.001363449264317751,4.238983092363924e-05,-0.0014058390952413902,0.0014058390952413902,1.9763835617091303e-06
11,merged_fibers_output_z_p0p005,239,-0.0020328075625002384,0.0001113480975618586,-0.002144155660062097,0.002144155660062097,4.597403494576327e-06
11,merged_fibers_output_z_p0p005,240,-0.0016899160109460354,0.00018033980450127274,-0.0018702558154473081,0.0018702558154473081,3.4978568152144753e-06
11,merged_fibers_output_z_p0p005,241,-0.0007678686524741352,0.0002493695938028395,-0.0010172382462769747,0.0010172382462769747,1.034773649688655e-06
11,merged_fibers_output_z_p0p005,242,-3.293069312348962e-05,0.0003484426124487072,-0.00038137330557219684,0.00038137330557219684,1.4544559820306423e-07
11,merged_fibers_output_z_p0p005,243,-0.008769195526838303,0.004616423975676298,-0.0133856195025146,0.0133856195025146,0.00017917480946609923
11,merged_fibers_output_z_p0p005,244,-0.008927234448492527,0.004245733842253685,-0.013172968290746212,0.013172968290746212,0.00017352709358900518
11,merged_fibers_output_z_p0p005,245,-0.009283440187573433,0.003880216972902417,-0.01316365716047585,0.01316365716047585,0.00017328186983854712
11,merged_fibers_output_z_p0p005,246,-0.008830522187054157,0.003513047005981207,-0.012343569193035364,0.012343569193035364,0.0001523637004232517
11,merged_fibers_output_z_p0p005,247,-0.007095223292708397,0.0031574389431625605,-0.010252662235870957,0.010252662235870957,0.00010511708292285446
11,merged_fibers_output_z_p0p005,248,-0.00509313028305769,0.0024736400227993727,-0.007566770305857062,0.007566770305857062,5.725601286160018e-05
11,merged_fibers_output_z_p0p005,249,-0.0056146662682294846,0.0021527549251914024,-0.007767421193420887,0.007767421193420887,6.0332831996003956e-05
11,merged_fibers_output_z_p0p005,250,-0.0047929054126143456,0.001850296976044774,-0.00664320238865912,0.00664320238865912,4.413213797668623e-05
11,merged_fibers_output_z_p0p005,251,-0.0024287020787596703,0.0015559489838778973,-0.0039846510626375675,0.0039846510626375675,1.5877444090978696e-05
11,merged_fibers_output_z_p0p005,252,-0.00036786915734410286,0.0012810180196538568,-0.0016488871769979596,0.0016488871769979596,2.7188289224683006e-06
11,merged_fibers_output_z_p0p005,253,0.0020745419897139072,0.0007985340198501945,0.0012760079698637128,0.0012760079698637128,1.6281963391557138e-06
11,merged_fibers_output_z_p0p005,254,0.001821636687964201,0.0006046774797141552,0.0012169592082500458,0.0012169592082500458,1.4809897145445783e-06
11,merged_fibers_output_z_p0p005,255,-0.0006967571098357439,0.0004318880965001881,-0.001128645206335932,0.001128645206335932,1.2738400017850786e-06
11,merged_fibers_output_z_p0p005,256,-0.0029550623148679733,0.00027962849708274007,-0.0032346908119507134,0.0032346908119507134,1.0463224648918365e-05
11,merged_fibers_output_z_p0p005,257,-0.002222577342763543,0.00015440980496350676,-0.00237698714772705,0.00237698714772705,5.650067900459576e-06
12,merged_fibers_output_z_p0p010,0,-0.008812407031655312,-0.0013859870377928019,-0.00742641999386251,0.00742641999386251,5.515171392524084e-05
12,merged_fibers_output_z_p0p010,1,-0.008502582088112831,-0.0012630850542336702,-0.007239497033879161,0.007239497033879161,5.241031730354517e-05
12,merged_fibers_output_z_p0p010,2,-0.00731296744197607,-0.0011403559474274516,-0.006172611494548619,0.006172611494548619,3.810113266263373e-05
12,merged_fibers_output_z_p0p010,3,-0.004967567510902882,-0.0010176709620282054,-0.003949896548874676,0.003949896548874676,1.5601682746812078e-05
12,merged_fibers_output_z_p0p010,4,-0.001887883641757071,-0.0008949994808062911,-0.00099288416095078,0.00099288416095078,9.858189570669342e-07
12,merged_fibers_output_z_p0p010,5,0.000971058034338057,-0.0007723227026872337,0.0017433807370252907,0.0017433807370252907,3.039376394230846e-06
12,merged_fibers_output_z_p0p010,6,0.002740228781476617,-0.0006496664718724787,0.0033898952533490956,0.0033898952533490956,1.1491389828678729e-05
12,merged_fibers_output_z_p0p010,7,0.0032217411790043116,-0.0005270388210192323,0.003748780000023544,0.003748780000023544,1.4053351488576521e-05
12,merged_fibers_output_z_p0p010,8,0.0029640505090355873,-0.00040456769056618214,0.0033686181996017694,0.0033686181996017694,1.1347588574688267e-05
12,merged_fibers_output_z_p0p010,9,-0.00876785907894373,-0.0009264255058951676,-0.007841433573048562,0.007841433573048562,6.148808048053313e-05
12,merged_fibers_output_z_p0p010,10,-0.008500899188220501,-0.0008445210987702012,-0.0076563780894503,0.0076563780894503,5.862012544861462e-05
12,merged_fibers_output_z_p0p010,11,-0.007366715930402279,-0.0007627098239026964,-0.0066040061064995825,0.0066040061064995825,4.361289665468377e-05
12,merged_fibers_output_z_p0p010,12,-0.005056668072938919,-0.0006809188053011894,-0.00437574926763773,0.00437574926763773,1.9147181653232127e-05
12,merged_fibers_output_z_p0p010,13,-0.0019684280268847942,-0.0005991326761431992,-0.001369295350741595,0.001369295350741595,1.8749697575625478e-06
12,merged_fibers_output_z_p0p010,14,0.0009399271220900118,-0.0005173480021767318,0.0014572751242667437,0.0014572751242667437,2.123650787806653e-06
12,merged_fibers_output_z_p0p010,15,0.0027714106254279613,-0.0004355667042545974,0.0032069773296825588,0.0032069773296825588,1.0284703593097875e-05
12,merged_fibers_output_z_p0p010,16,0.003295732894912362,-0.0003538031887728721,0.003649536083685234,0.003649536083685234,1.3319113626120556e-05
12,merged_fibers_output_z_p0p010,17,0.0030473689548671246,-0.00027212078566662967,0.0033194897405337542,0.0033194897405337542,1.101901213750885e-05
12,merged_fibers_output_z_p0p010,18,0.002064984990283847,-0.00013318669516593218,0.002198171685449779,0.002198171685449779,4.831958758713122e-06
12,merged_fibers_output_z_p0p010,19,0.0022888672538101673,-0.00017404320533387363,0.002462910459144041,0.002462910459144041,6.0659279297611106e-06
12,merged_fibers_output_z_p0p010,20,0.0018681134097278118,-0.0002149327046936378,0.0020830461144214496,0.0020830461144214496,4.339081114806299e-06
12,merged_fibers_output_z_p0p010,21,0.00029056426137685776,-0.00025582819944247603,0.0005463924608193338,0.0005463924608193338,2.985447212402072e-07
12,merged_fibers_output_z_p0p010,22,-0.002299158601090312,-0.00029672510572709143,-0.0020024334953632206,0.0020024334953632206,4.009739903352565e-06
12,merged_fibers_output_z_p0p010,23,-0.005140943918377161,-0.00033762300154194236,-0.004803320916835219,0.004803320916835219,2.3071891830106726e-05
12,merged_fibers_output_z_p0p010,24,-0.007366197649389505,-0.0003785215085372329,-0.0069876761408522725,0.0069876761408522725,4.882761784943611e-05
12,merged_fibers_output_z_p0p010,25,-0.0085581224411726,-0.0004194251087028533,-0.008138697332469746,0.008138697332469746,6.623839426955017e-05
12,merged_fibers_output_z_p0p010,26,-0.008922550827264786,-0.0004603606939781457,-0.00846219013328664,0.00846219013328664,7.160866185189376e-05
12,merged_fibers_output_z_p0p010,27,-0.009619360789656639,-8.089727998594753e-08,-0.009619279892376653,0.009619279892376653,9.25305456478818e-05
12,merged_fibers_output_z_p0p010,28,-0.00891309604048729,-7.15433898790252e-08,-0.00891302449709741,0.00891302449709741,7.944200568585855e-05
12,merged_fibers_output_z_p0p010,29,-0.0076431650668382645,-6.275835318092504e-08,-0.0076431023084850835,0.0076431023084850835,5.841701289797001e-05
12,merged_fibers_output_z_p0p010,30,-0.005884101614356041,-5.366636912640388e-08,-0.0058840479479869146,0.0058840479479869146,3.462202025420902e-05
12,merged_fibers_output_z_p0p010,31,-0.003930470906198025,-4.426376065680415e-08,-0.003930426642437368,0.003930426642437368,1.5448253591581482e-05
12,merged_fibers_output_z_p0p010,32,-0.0022117795888334513,-3.567392070635833e-08,-0.002211743914912745,0.002211743914912745,4.891811145153556e-06
12,merged_fibers_output_z_p0p010,33,-0.0010724884923547506,-2.7802819602129603e-08,-0.0010724606895351485,0.0010724606895351485,1.1501719305982063e-06
12,merged_fibers_output_z_p0p010,34,-0.0005784878158010542,-2.025250012138713e-08,-0.0005784675633009329,0.0005784675633009329,3.3462472179131876e-07
12,merged_fibers_output_z_p0p010,35,-0.0005064738215878606,-1.3811660259932523e-08,-0.0005064600099276007,0.0005064600099276007,2.5650174165586536e-07
12,merged_fibers_output_z_p0p010,36,-0.0022071064449846745,0.00013152830069884658,-0.002338634745683521,0.002338634745683521,5.469212473718227e-06
12,merged_fibers_output_z_p0p010,37,-0.002886313246563077,0.0001723692985251546,-0.0030586825450882316,0.0030586825450882316,9.355538911627422e-06
12,merged_fibers_output_z_p0p010,38,-0.0036393278278410435,0.00021324330009520054,-0.003852571127936244,0.003852571127936244,1.4842304295807943e-05
12,merged_fibers_output_z_p0p010,39,-0.0042177061550319195,0.0002541228896006942,-0.004471829044632614,0.004471829044632614,1.9997255004419834e-05
12,merged_fibers_output_z_p0p010,40,-0.00472319545224309,0.0002950030902866274,-0.005018198542529717,0.005018198542529717,2.5182316612247376e-05
12,merged_fibers_output_z_p0p010,41,-0.0055228774435818195,0.0003358829126227647,-0.005858760356204584,0.005858760356204584,3.4325072911434466e-05
12,merged_fibers_output_z_p0p010,42,-0.006893010810017586,0.0003767632006201893,-0.007269774010637775,0.007269774010637775,5.284961416574444e-05
12,merged_fibers_output_z_p0p010,43,-0.008681762963533401,0.0004176482034381479,-0.00909941116697155,0.00909941116697155,8.279928358560654e-05
12,merged_fibers_output_z_p0p010,44,-0.010286680422723293,0.0004585623973980546,-0.010745242820121348,0.010745242820121348,0.00011546024326336938
12,merged_fibers_output_z_p0p010,45,-0.011022044345736504,0.0009328235173597932,-0.011954867863096297,0.011954867863096297,0.0001429188656240926
12,merged_fibers_output_z_p0p010,46,-0.008679590187966824,0.000850923708640039,-0.009530513896606863,0.009530513896606863,9.083069513341652e-05
12,merged_fibers_output_z_p0p010,47,-0.006160104647278786,0.0007691296050325036,-0.006929234252311289,0.006929234252311289,4.801428732340399e-05
12,merged_fibers_output_z_p0p010,48,-0.0046809082850813866,0.0006873561069369316,-0.005368264392018318,0.005368264392018318,2.8818262582611803e-05
12,merged_fibers_output_z_p0p010,49,-0.00446705799549818,0.0006055852863937616,-0.005072643281891942,0.005072643281891942,2.5731709865323452e-05
12,merged_fibers_output_z_p0p010,50,-0.004724763333797455,0.0005238162120804191,-0.005248579545877874,0.005248579545877874,2.754758724940759e-05
12,merged_fibers_output_z_p0p010,51,-0.004419202916324139,0.0004420508921612054,-0.004861253808485344,0.004861253808485344,2.363178859051326e-05
12,merged_fibers_output_z_p0p010,52,-0.003191986819729209,0.00036030029878020287,-0.003552287118509412,0.003552287118509412,1.26187437723279e-05
12,merged_fibers_output_z_p0p010,53,-0.0016611625906080008,0.00027862010756507516,-0.001939782698173076,0.001939782698173076,3.7627569161316185e-06
12,merged_fibers_output_z_p0p010,54,-0.008790645748376846,-0.001207267981953919,-0.007583377766422927,0.007583377766422927,5.750761834827759e-05
12,merged_fibers_output_z_p0p010,55,-0.008761837147176266,-0.000904951011762023,-0.007856886135414243,0.007856886135414243,6.173065974486455e-05
12,merged_fibers_output_z_p0p010,56,-0.008870808407664299,-0.0006027672789059579,-0.008268041128758341,0.008268041128758341,6.83605041068395e-05
12,merged_fibers_output_z_p0p010,57,-0.00922622811049223,-0.00030065811006352305,-0.008925570000428706,0.008925570000428706,7.96657998325529e-05
12,merged_fibers_output_z_p0p010,58,-0.009824509732425213,1.4198450344338198e-06,-0.009825929577459647,0.009825929577459647,9.654889206119631e-05
12,merged_fibers_output_z_p0p010,59,-0.010544504970312119,0.0003034975961782038,-0.010848002566490322,0.010848002566490322,0.00011767915968258062
12,merged_fibers_output_z_p0p010,60,-0.011218643747270107,0.0006056110723875463,-0.011824254819657654,0.011824254819657654,0.00013981300204019725
12,merged_fibers_output_z_p0p010,61,-0.011721642687916756,0.0009077897993847728,-0.012629432487301528,0.012629432487301528,0.00015950256495130726
12,merged_fibers_output_z_p0p010,62,-0.012011386454105377,0.0012101080501452088,-0.013221494504250586,0.013221494504250586,0.00017480791692592844
12,merged_fibers_output_z_p0p010,63,-0.01202322356402874,0.0014784210361540318,-0.013501644600182772,0.013501644600182772,0.0001822944069096446
12,merged_fibers_output_z_p0p010,64,-0.008823616430163383,-0.0014475439675152302,-0.007376072462648153,0.007376072462648153,5.440644497423639e-05
12,merged_fibers_output_z_p0p010,65,-0.008796553127467632,-0.001166517031379044,-0.007630036096088588,0.007630036096088588,5.8217450827614784e-05
12,merged_fibers_output_z_p0p010,66,-0.008767643943428993,-0.0008766594110056758,-0.007890984532423317,0.007890984532423317,6.226763689094404e-05
12,merged_fibers_output_z_p0p010,67,-0.008865785785019398,-0.0005868541193194687,-0.008278931665699929,0.008278931665699929,6.8540709525329e-05
12,merged_fibers_output_z_p0p010,68,-0.009194055572152138,-0.0002970829955302179,-0.00889697257662192,0.00889697257662192,7.915612102916248e-05
12,merged_fibers_output_z_p0p010,69,-0.009747703559696674,-7.328800165851135e-06,-0.009740374759530823,0.009740374759530823,9.487490045610515e-05
12,merged_fibers_output_z_p0p010,70,-0.010409337468445301,0.00028242490952834487,-0.010691762377973646,0.010691762377973646,0.00011431378274705267
12,merged_fibers_output_z_p0p010,71,-0.011019418947398663,0.0005721942870877683,-0.011591613234486431,0.011591613234486431,0.00013436549737792097
12,merged_fibers_output_z_p0p010,72,-0.011463847942650318,0.0008619970758445561,-0.012325845018494874,0.012325845018494874,0.0001519264554199549
12,merged_fibers_output_z_p0p010,73,-0.011712970212101936,0.0011518510291352868,-0.012864821241237223,0.012864821241237223,0.00016550362556898843
12,merged_fibers_output_z_p0p010,74,-0.010907262563705444,0.0013856400037184358,-0.01229290256742388,0.01229290256742388,0.0001511154535321766
12,merged_fibers_output_z_p0p010,75,-0.01088761631399393,0.0011223029578104615,-0.012009919271804392,0.012009919271804392,0.00014423816091525853
12,merged_fibers_output_z_p0p010,76,-0.010777924209833145,0.0008447985164821148,-0.01162272272631526,0.01162272272631526,0.00013508768357280523
12,merged_fibers_output_z_p0p010,77,-0.010525455698370934,0.0005673173000104725,-0.011092772998381406,0.011092772998381406,0.0001230496127936196
12,merged_fibers_output_z_p0p010,78,-0.010112720541656017,0.0002898557868320495,-0.010402576328488067,0.010402576328488067,0.00010821359427002027
12,merged_fibers_output_z_p0p010,79,-0.00961035955697298,1.2404960216372274e-05,-0.009622764517189353,0.009622764517189353,9.259759695327844e-05
12,merged_fibers_output_z_p0p010,80,-0.009154168888926506,-0.0002650455862749368,-0.00888912330265157,0.00888912330265157,7.901651308974314e-05
12,merged_fibers_output_z_p0p010,81,-0.008863925002515316,-0.0005425061099231243,-0.008321418892592192,0.008321418892592192,6.924601238599026e-05
12,merged_fibers_output_z_p0p010,82,-0.008766626939177513,-0.0008199859876185656,-0.007946640951558948,0.007946640951558948,6.31491024129937e-05
12,merged_fibers_output_z_p0p010,83,-0.008786563761532307,-0.001097489963285625,-0.007689073798246682,0.007689073798246682,5.912185587488365e-05
12,merged_fibers_output_z_p0p010,84,-0.0087305111810565,-0.0013242480345070362,-0.007406263146549463,0.007406263146549463,5.4852733795936756e-05
12,merged_fibers_output_z_p0p010,85,-0.008715080097317696,-0.0010780399898067117,-0.007637040107510984,0.007637040107510984,5.832438160373138e-05
12,merged_fibers_output_z_p0p010,86,-0.008697478100657463,-0.0008128414046950638,-0.0078846366959624,0.0078846366959624,6.216749582731686e-05
12,merged_fibers_output_z_p0p010,87,-0.008762753568589687,-0.000547654926776886,-0.008215098641812801,0.008215098641812801,6.748784569471453e-05
12,merged_fibers_output_z_p0p010,88,-0.008963982574641705,-0.0002824797120410949,-0.00868150286260061,0.00868150286260061,7.536849195334258e-05
12,merged_fibers_output_z_p0p010,89,-0.009264384396374226,-1.731134943838697e-05,-0.009247073046935839,0.009247073046935839,8.550835993536726e-05
12,merged_fibers_output_z_p0p010,90,-0.009551328606903553,0.00024785648565739393,-0.009799185092560947,0.009799185092560947,9.60240284782687e-05
12,merged_fibers_output_z_p0p010,91,-0.00971451960504055,0.0005130302160978317,-0.010227549821138382,0.010227549821138382,0.00010460277534386775
12,merged_fibers_output_z_p0p010,92,-0.009725876152515411,0.0007782144821248949,-0.010504090634640306,0.010504090634640306,0.00011033592006073819
12,merged_fibers_output_z_p0p010,93,-0.009655731730163097,0.0010434100404381752,-0.010699141770601273,0.010699141770601273,0.00011447163462742493
12,merged_fibers_output_z_p0p010,94,-0.008082726038992405,0.0012626319658011198,-0.009345358004793525,0.009345358004793525,8.733571623775841e-05
12,merged_fibers_output_z_p0p010,95,-0.008193893358111382,0.001033034990541637,-0.009226928348653018,0.009226928348653018,8.513620675117672e-05
12,merged_fibers_output_z_p0p010,96,-0.008463380858302116,0.0007801247993484139,-0.00924350565765053,0.00924350565765053,8.544239684301736e-05
12,merged_fibers_output_z_p0p010,97,-0.008746701292693615,0.0005272197886370122,-0.009273921081330627,0.009273921081330627,8.600561222274863e-05
12,merged_fibers_output_z_p0p010,98,-0.008892940357327461,0.0002743205986917019,-0.009167260956019163,0.009167260956019163,8.403867343575338e-05
12,merged_fibers_output_z_p0p010,99,-0.00885492842644453,2.142511038982775e-05,-0.008876353536834358,0.008876353536834358,7.878965211087182e-05
12,merged_fibers_output_z_p0p010,100,-0.008703138679265976,-0.00023146999592427164,-0.008471668683341704,0.008471668683341704,7.176917028031257e-05
12,merged_fibers_output_z_p0p010,101,-0.008555999957025051,-0.00048436838551424444,-0.008071631571510807,0.008071631571510807,6.515123622621002e-05
12,merged_fibers_output_z_p0p010,102,-0.008488246239721775,-0.0007372726104222238,-0.007750973629299551,0.007750973629299551,6.0077592202097054e-05
12,merged_fibers_output_z_p0p010,103,-0.008490292355418205,-0.0009901829762384295,-0.007500109379179776,0.007500109379179776,5.625164069966044e-05
12,merged_fibers_output_z_p0p010,104,-0.008045438677072525,-0.001201341045089066,-0.006844097631983459,0.006844097631983459,4.684167239612159e-05
12,merged_fibers_output_z_p0p010,105,-0.008046149276196957,-0.000987852574326098,-0.007058296701870859,0.007058296701870859,4.981955233164104e-05
12,merged_fibers_output_z_p0p010,106,-0.00804754626005888,-0.0007472187280654907,-0.007300327531993389,0.007300327531993389,5.329478207438069e-05
12,merged_fibers_output_z_p0p010,107,-0.008099247701466084,-0.00050658721011132,-0.0075926604913547635,0.0075926604913547635,5.764849333697956e-05
12,merged_fibers_output_z_p0p010,108,-0.008199491538107395,-0.0002659588062670082,-0.007933532731840387,0.007933532731840387,6.29409416071828e-05
12,merged_fibers_output_z_p0p010,109,-0.00826252344995737,-2.5332290533697233e-05,-0.008237191159423674,0.008237191159423674,6.785131819688752e-05
12,merged_fibers_output_z_p0p010,110,-0.008158829994499683,0.00021529410150833428,-0.008374124096008018,0.008374124096008018,7.01259543753421e-05
12,merged_fibers_output_z_p0p010,111,-0.007816155441105366,0.00045592221431434155,-0.008272077655419707,0.008272077655419707,6.8427268737294e-05
12,merged_fibers_output_z_p0p010,112,-0.007303643971681595,0.0006965533830225468,-0.008000197354704142,0.008000197354704142,6.400315771421515e-05
12,merged_fibers_output_z_p0p010,113,-0.006823763716965914,0.0009371878113597631,-0.007760951528325677,0.007760951528325677,6.023236862502066e-05
12,merged_fibers_output_z_p0p010,114,-0.0053188735619187355,0.0011398099595680833,-0.006458683521486819,0.006458683521486819,4.1714592830725374e-05
12,merged_fibers_output_z_p0p010,115,-0.005513399373739958,0.0009419294074177742,-0.006455328781157732,0.006455328781157732,4.167126967284337e-05
12,merged_fibers_output_z_p0p010,116,-0.006072742864489555,0.0007135649211704731,-0.0067863077856600285,0.0067863077856600285,4.605397336170992e-05
12,merged_fibers_output_z_p0p010,117,-0.006755471229553223,0.00048520241398364305,-0.007240673643536866,0.007240673643536866,5.242735481220943e-05
12,merged_fibers_output_z_p0p010,118,-0.007286747917532921,0.00025684188585728407,-0.007543589803390205,0.007543589803390205,5.690574712181267e-05
12,merged_fibers_output_z_p0p010,119,-0.0075282324105501175,2.848268923116848e-05,-0.007556715099781286,0.007556715099781286,5.710394309926249e-05
12,merged_fibers_output_z_p0p010,120,-0.007522494997829199,-0.00019987620180472732,-0.0073226187960244715,0.0073226187960244715,5.362074603189088e-05
12,merged_fibers_output_z_p0p010,121,-0.00741598941385746,-0.0004282357986085117,-0.006987753615248948,0.006987753615248948,4.8828700587424744e-05
12,merged_fibers_output_z_p0p010,122,-0.007335249334573746,-0.0006565966759808362,-0.00667865265859291,0.00667865265859291,4.4604401334130136e-05
12,merged_fibers_output_z_p0p010,123,-0.007314605172723532,-0.0008849587175063789,-0.006429646455217153,0.006429646455217153,4.1340353539086496e-05
12,merged_fibers_output_z_p0p010,124,-0.006266394164413214,-0.0010785210179165006,-0.005187873146496713,0.005187873146496713,2.6914027784141707e-05
12,merged_fibers_output_z_p0p010,125,-0.006280949339270592,-0.0008957621175795794,-0.005385187221691012,0.005385187221691012,2.9000241412664165e-05
12,merged_fibers_output_z_p0p010,126,-0.006297054700553417,-0.0006796685047447681,-0.005617386195808649,0.005617386195808649,3.1555027672861566e-05
12,merged_fibers_output_z_p0p010,127,-0.00639147125184536,-0.0004635755030903965,-0.005927895748754963,0.005927895748754963,3.5139948008107166e-05
12,merged_fibers_output_z_p0p010,128,-0.006562402006238699,-0.0002474831126164645,-0.0063149188936222345,0.0063149188936222345,3.9878200633027065e-05
12,merged_fibers_output_z_p0p010,129,-0.0066893137991428375,-3.139102045679465e-05,-0.006657922778686043,0.006657922778686043,4.432793572694648e-05
12,merged_fibers_output_z_p0p010,130,-0.006585774011909962,0.00018470120267011225,-0.006770475214580074,0.006770475214580074,4.58393346312431e-05
12,merged_fibers_output_z_p0p010,131,-0.006140923593193293,0.00040079408790916204,-0.006541717681102455,0.006541717681102455,4.279407021924848e-05
12,merged_fibers_output_z_p0p010,132,-0.005441815126687288,0.0006168882246129215,-0.00605870335130021,0.00605870335130021,3.670788629905639e-05
12,merged_fibers_output_z_p0p010,133,-0.00476814154535532,0.0008329838747158647,-0.005601125420071185,0.005601125420071185,3.1372605971367605e-05
12,merged_fibers_output_z_p0p010,134,-0.003963190130889416,0.0010170229943469167,-0.004980213125236332,0.004980213125236332,2.4802522772776237e-05
12,merged_fibers_output_z_p0p010,135,-0.004715219140052795,0.0006450567743740976,-0.005360275914426893,0.005360275914426893,2.8732557878785064e-05
12,merged_fibers_output_z_p0p010,136,-0.005367388017475605,0.0004412299022078514,-0.005808617919683456,0.005808617919683456,3.3740042136867765e-05
12,merged_fibers_output_z_p0p010,137,-0.005770319141447544,0.00023740380129311234,-0.0060077229427406564,0.0060077229427406564,3.6092734956732456e-05
12,merged_fibers_output_z_p0p010,138,-0.005786630790680647,3.357815876370296e-05,-0.00582020894944435,0.00582020894944435,3.3874832215192106e-05
12,merged_fibers_output_z_p0p010,139,-0.005522920750081539,-0.00017024729459080845,-0.005352673455490731,0.005352673455490731,2.865111312111508e-05
12,merged_fibers_output_z_p0p010,140,-0.005209604278206825,-0.0003740728134289384,-0.004835531464777887,0.004835531464777887,2.3382364546856976e-05
12,merged_fibers_output_z_p0p010,141,-0.005019832402467728,-0.0005778985214419663,-0.004441933881025761,0.004441933881025761,1.9730776603404583e-05
12,merged_fibers_output_z_p0p010,142,-0.004972168710082769,-0.0007817244040779769,-0.0041904443060047925,0.0041904443060047925,1.7559823481727987e-05
12,merged_fibers_output_z_p0p010,143,-0.0034507205709815025,-0.0009557188022881746,-0.002495001768693328,0.002495001768693328,6.2250338257828345e-06
12,merged_fibers_output_z_p0p010,144,-0.0034867594949901104,-0.000610163901001215,-0.0028765955939888954,0.0028765955939888954,8.274802211356326e-06
12,merged_fibers_output_z_p0p010,145,-0.0036762619856745005,-0.00041860470082610846,-0.003257657284848392,0.003257657284848392,1.0612330985525797e-05
12,merged_fibers_output_z_p0p010,146,-0.0041148173622787,-0.00022704570437781513,-0.0038877716579008847,0.0038877716579008847,1.5114768463977393e-05
12,merged_fibers_output_z_p0p010,147,-0.0046797762624919415,-3.548671884345822e-05,-0.004644289543648483,0.004644289543648483,2.1569425365242635e-05
12,merged_fibers_output_z_p0p010,148,-0.005090262275189161,0.00015607220120728016,-0.0052463344763964415,0.0052463344763964415,2.7524025438225924e-05
12,merged_fibers_output_z_p0p010,149,-0.00510311359539628,0.0003476314013823867,-0.005450744996778667,0.005450744996778667,2.971062101990767e-05
12,merged_fibers_output_z_p0p010,150,-0.00471272598952055,0.000539190776180476,-0.005251916765701026,0.005251916765701026,2.7582629713851523e-05
12,merged_fibers_output_z_p0p010,151,-0.004186606965959072,0.0007307502091862261,-0.004917357175145298,0.004917357175145298,2.4180401587952947e-05
12,merged_fibers_output_z_p0p010,152,-0.004071244969964027,0.0008942338754422963,-0.004965478845406324,0.004965478845406324,2.4655980164177717e-05
12,merged_fibers_output_z_p0p010,153,-0.004539123270660639,0.0005745879025198519,-0.005113711173180491,0.005113711173180491,2.615004196271099e-05
12,merged_fibers_output_z_p0p010,154,-0.004799278452992439,0.00039529570494778454,-0.005194574157940224,0.005194574157940224,2.6983600682340384e-05
12,merged_fibers_output_z_p0p010,155,-0.004632587544620037,0.00021600349282380193,-0.004848591037443839,0.004848591037443839,2.3508835048380723e-05
12,merged_fibers_output_z_p0p010,156,-0.003981302492320538,3.671125159598887e-05,-0.0040180137439165264,0.0040180137439165264,1.61444344463021e-05
12,merged_fibers_output_z_p0p010,157,-0.0030975935515016317,-0.00014258110604714602,-0.0029550124454544857,0.0029550124454544857,8.7320985527909e-06
12,merged_fibers_output_z_p0p010,158,-0.002349541988223791,-0.00032187349279411137,-0.0020276684954296798,0.0020276684954296798,4.111439527358061e-06
12,merged_fibers_output_z_p0p010,159,-0.001958511769771576,-0.0005011662724427879,-0.001457345497328788,0.001457345497328788,2.1238558985844926e-06
12,merged_fibers_output_z_p0p010,160,-0.0018785512074828148,-0.0006804593722335994,-0.0011980918352492154,0.0011980918352492154,1.435424045690833e-06
12,merged_fibers_output_z_p0p010,161,-0.00034864991903305054,-0.0008329299162141979,0.00048427999718114734,0.00048427999718114734,2.3452711566977207e-07
12,merged_fibers_output_z_p0p010,162,-0.0003624105593189597,-0.0005386985139921308,0.00017628795467317104,0.00017628795467317104,3.107744296285001e-08
12,merged_fibers_output_z_p0p010,163,-0.000657110009342432,-0.00037167189293541014,-0.0002854381164070219,0.0002854381164070219,8.147491829798857e-08
12,merged_fibers_output_z_p0p010,164,-0.0014440813101828098,-0.00020464579574763775,-0.001239435514435172,0.001239435514435172,1.5362003944431797e-06
12,merged_fibers_output_z_p0p010,165,-0.0026223454624414444,-3.762004052987322e-05,-0.002584725421911571,0.002584725421911571,6.68080550667595e-06
12,merged_fibers_output_z_p0p010,166,-0.003801007056608796,0.00012940559827256948,-0.003930412654881366,0.003930412654881366,1.5448143637651586e-05
12,merged_fibers_output_z_p0p010,167,-0.00455564446747303,0.0002964310988318175,-0.004852075566304848,0.004852075566304848,2.3542637301132507e-05
12,merged_fibers_output_z_p0p010,168,-0.004728675354272127,0.00046345649752765894,-0.005192131851799786,0.005192131851799786,2.6958233166473876e-05
12,merged_fibers_output_z_p0p010,169,-0.004529081284999847,0.000630481808912009,-0.005159563093911856,0.005159563093911856,2.6621091320057288e-05
12,merged_fibers_output_z_p0p010,170,-0.004524885211139917,0.000771452090702951,-0.005296337301842868,0.005296337301842868,2.8051188814892195e-05
12,merged_fibers_output_z_p0p010,171,-0.004741646349430084,0.0005021578981541097,-0.005243804247584194,0.005243804247584194,2.7497482986982034e-05
12,merged_fibers_output_z_p0p010,172,-0.004611658863723278,0.00034739880356937647,-0.0049590576672926545,0.0049590576672926545,2.4592252947534064e-05
12,merged_fibers_output_z_p0p010,173,-0.0038588950410485268,0.0001926397962961346,-0.004051534837344661,0.004051534837344661,1.641493453821743e-05
12,merged_fibers_output_z_p0p010,174,-0.002502430696040392,3.7880810850765556e-05,-0.0025403115068911575,0.0025403115068911575,6.453182552043624e-06
12,merged_fibers_output_z_p0p010,175,-0.000949610024690628,-0.00011687829828588292,-0.0008327317264047451,0.0008327317264047451,6.934421281610272e-07
12,merged_fibers_output_z_p0p010,176,0.00027637486346066,-0.0002716378076002002,0.0005480126710608602,0.0005480126710608602,3.003178876432585e-07
12,merged_fibers_output_z_p0p010,177,0.0008920659893192351,-0.00042639789171516895,0.001318463881034404,0.001318463881034404,1.7383470055923031e-06
12,merged_fibers_output_z_p0p010,178,0.0010070225689560175,-0.0005811583832837641,0.0015881809522397816,0.0015881809522397816,2.5223187370572595e-06
12,merged_fibers_output_z_p0p010,179,0.0020364855881780386,-0.0007101328228600323,0.002746618411038071,0.002746618411038071,7.5439126958532975e-06
12,merged_fibers_output_z_p0p010,180,0.002061823382973671,-0.0004652724019251764,0.0025270957848988473,0.0025270957848988473,6.386213106053521e-06
12,merged_fibers_output_z_p0p010,181,0.0016995943151414394,-0.00032277809805236757,0.002022372413193807,0.002022372413193807,4.0899901776473425e-06
12,merged_fibers_output_z_p0p010,182,0.0006499564624391496,-0.00018028459453489631,0.0008302410569740459,0.0008302410569740459,6.89300212685381e-07
12,merged_fibers_output_z_p0p010,183,-0.0010036234743893147,-3.779173857765272e-05,-0.0009658317358116619,0.0009658317358116619,9.328309419009679e-07
12,merged_fibers_output_z_p0p010,184,-0.0027708420529961586,0.00010470079723745584,-0.0028755428502336144,0.0028755428502336144,8.26874668352966e-06
12,merged_fibers_output_z_p0p010,185,-0.004068975802510977,0.00024719341308809817,-0.004316169215599075,0.004316169215599075,1.8629316697685133e-05
12,merged_fibers_output_z_p0p010,186,-0.00461968407034874,0.00038968640728853643,-0.005009370477637276,0.005009370477637276,2.509379258222391e-05
12,merged_fibers_output_z_p0p010,187,-0.0046080914326012135,0.0005321800126694143,-0.005140271445270628,0.005140271445270628,2.6422390531064588e-05
12,merged_fibers_output_z_p0p010,188,-0.004080932587385178,0.0006486846250481904,-0.004729617212433368,0.004729617212433368,2.2369278976145982e-05
12,merged_fibers_output_z_p0p010,189,-0.0043366714380681515,0.0004277692933101207,-0.004764440731378272,0.004764440731378272,2.2699895482816324e-05
12,merged_fibers_output_z_p0p010,190,-0.004170205909758806,0.00029754071147181094,-0.004467746621230617,0.004467746621230617,1.9960759871517595e-05
12,merged_fibers_output_z_p0p010,191,-0.003246104344725609,0.00016731349751353264,-0.0034134178422391415,0.0034134178422391415,1.1651421365716516e-05
12,merged_fibers_output_z_p0p010,192,-0.0015754891792312264,3.708713120431639e-05,-0.0016125763104355428,0.0016125763104355428,2.600402356977908e-06
12,merged_fibers_output_z_p0p010,193,0.00034948400571011007,-9.313911141362041e-05,0.0004426231171237305,0.0004426231171237305,1.9591522381232763e-07
12,merged_fibers_output_z_p0p010,194,0.0018813461065292358,-0.00022336610709317029,0.002104712213622406,0.002104712213622406,4.429813502171329e-06
12,merged_fibers_output_z_p0p010,195,0.0026578933466225863,-0.0003535946016199887,0.003011487948242575,0.003011487948242575,9.069059662410274e-06
12,merged_fibers_output_z_p0p010,196,0.002803536131978035,-0.0004838246095459908,0.003287360741524026,0.003287360741524026,1.0806740644913392e-05
12,merged_fibers_output_z_p0p010,197,0.0031251260079443455,-0.0005873574991710484,0.003712483507115394,0.003712483507115394,1.3782533790603815e-05
12,merged_fibers_output_z_p0p010,198,0.0031868997029960155,-0.00038989228778518736,0.003576791990781203,0.003576791990781203,1.279344094531656e-05
12,merged_fibers_output_z_p0p010,199,0.002814373467117548,-0.00027192579000256956,0.0030862992571201175,0.0030862992571201175,9.525243104500189e-06
12,merged_fibers_output_z_p0p010,200,0.0016813987167552114,-0.00015396240632981062,0.001835361123085022,0.001835361123085022,3.368550452131913e-06
12,merged_fibers_output_z_p0p010,201,-0.00012037350097671151,-3.600136915338226e-05,-8.437213182332925e-05,8.437213182332925e-05,7.118656628413249e-09
12,merged_fibers_output_z_p0p010,202,-0.002027869690209627,8.195891859941185e-05,-0.002109828608809039,0.002109828608809039,4.451376758549085e-06
12,merged_fibers_output_z_p0p010,203,-0.003369951620697975,0.00019992029410786927,-0.0035698719148058444,0.0035698719148058444,1.2743985488119545e-05
12,merged_fibers_output_z_p0p010,204,-0.003835841780528426,0.0003178842016495764,-0.004153725982178003,0.004153725982178003,1.7253439535020612e-05
12,merged_fibers_output_z_p0p010,205,-0.0036689681001007557,0.00043585090315900743,-0.004104819003259763,0.004104819003259763,1.6849539049522474e-05
12,merged_fibers_output_z_p0p010,206,-0.0024619088508188725,0.0005259520839899778,-0.0029878609348088503,0.0029878609348088503,8.927312965756817e-06
12,merged_fibers_output_z_p0p010,207,-0.0030346540734171867,0.0003514353884384036,-0.0033860894618555903,0.0033860894618555903,1.1465601843689481e-05
12,merged_fibers_output_z_p0p010,208,-0.0032366509549319744,0.0002457287919241935,-0.003482379746856168,0.003482379746856168,1.2126968701314027e-05
12,merged_fibers_output_z_p0p010,209,-0.002646459499374032,0.00014002789976075292,-0.002786487399134785,0.002786487399134785,7.764512025536938e-06
12,merged_fibers_output_z_p0p010,210,-0.0011682762997224927,3.433120946283452e-05,-0.0012026075091853272,0.0012026075091853272,1.446264821148937e-06
12,merged_fibers_output_z_p0p010,211,0.0007188050076365471,-7.136441126931459e-05,0.0007901694189058617,0.0007901694189058617,6.243677105740271e-07
12,merged_fibers_output_z_p0p010,212,0.0023017008788883686,-0.0001770624949131161,0.0024787633738014847,0.0024787633738014847,6.144267863299719e-06
12,merged_fibers_output_z_p0p010,213,0.0031354257371276617,-0.00028276589000597596,0.0034181916271336377,0.0034181916271336377,1.1684033999806505e-05
12,merged_fibers_output_z_p0p010,214,0.0033016055822372437,-0.00038847530959174037,0.003690080891828984,0.003690080891828984,1.361669698824139e-05
12,merged_fibers_output_z_p0p010,215,0.003130292287096381,-0.0004646620946004987,0.00359495438169688,0.00359495438169688,1.2923697006481596e-05
12,merged_fibers_output_z_p0p010,216,0.003210461465641856,-0.0003125884977634996,0.003523049963405356,0.003523049963405356,1.2411881044650478e-05
12,merged_fibers_output_z_p0p010,217,0.0028679901733994484,-0.0002191324019804597,0.003087122575379908,0.003087122575379908,9.530325795420276e-06
12,merged_fibers_output_z_p0p010,218,0.0017955381190404296,-0.00012568759848363698,0.0019212257175240666,0.0019212257175240666,3.6911082576758644e-06
12,merged_fibers_output_z_p0p010,219,0.00011276645818725228,-3.2251118682324886e-05,0.00014501757686957717,0.00014501757686957717,2.1030097601123723e-08
12,merged_fibers_output_z_p0p010,220,-0.0015743236290290952,6.118285818956792e-05,-0.001635506487218663,0.001635506487218663,2.674881469734331e-06
12,merged_fibers_output_z_p0p010,221,-0.002570846350863576,0.00015462130249943584,-0.0027254676533630118,0.0027254676533630118,7.428173929528082e-06
12,merged_fibers_output_z_p0p010,222,-0.0026035073678940535,0.00024806929286569357,-0.002851576660759747,0.002851576660759747,8.13148945218971e-06
12,merged_fibers_output_z_p0p010,223,-0.0020266955252736807,0.0003415280079934746,-0.0023682235332671553,0.0023682235332671553,5.608482703520369e-06
12,merged_fibers_output_z_p0p010,224,-0.0005890611791983247,0.0004033820878248662,-0.0009924432670231909,0.0009924432670231909,9.849436382596645e-07
12,merged_fibers_output_z_p0p010,225,-0.0015023760497570038,0.0002732237917371094,-0.0017755998414941132,0.0017755998414941132,3.15275479711392e-06
12,merged_fibers_output_z_p0p010,226,-0.0021929629147052765,0.0001920023059938103,-0.002384965220699087,0.002384965220699087,5.688059103944244e-06
12,merged_fibers_output_z_p0p010,227,-0.0021288138814270496,0.00011080170224886388,-0.0022396155836759135,0.0022396155836759135,5.0158779626440025e-06
12,merged_fibers_output_z_p0p010,228,-0.0010745017789304256,2.961704012705013e-05,-0.0011041188190574758,0.0011041188190574758,1.2190783665968749e-06
12,merged_fibers_output_z_p0p010,229,0.0005593083333224058,-5.1562779844971374e-05,0.0006108711131673772,0.0006108711131673772,3.7316351690235054e-07
12,merged_fibers_output_z_p0p010,230,0.0020438884384930134,-0.00013275089440867305,0.0021766393329016864,0.0021766393329016864,4.7377587855346985e-06
12,merged_fibers_output_z_p0p010,231,0.002867918461561203,-0.0002139571006409824,0.0030818755622021854,0.0030818755622021854,9.497956980899036e-06
12,merged_fibers_output_z_p0p010,232,0.0030466769821941853,-0.0002951835922431201,0.0033418605744373053,0.0033418605744373053,1.1168032098978436e-05
12,merged_fibers_output_z_p0p010,233,0.0028139844071120024,-0.0003423085145186633,0.0031562929216306657,0.0031562929216306657,9.962185007135843e-06
12,merged_fibers_output_z_p0p010,234,0.0028932946734130383,-0.00023351020354311913,0.0031268048769561574,0.0031268048769561574,9.77690873855681e-06
12,merged_fibers_output_z_p0p010,235,0.0025878665037453175,-0.0001644891017349437,0.002752355605480261,0.002752355605480261,7.575461379018615e-06
12,merged_fibers_output_z_p0p010,236,0.001604573568329215,-9.550635877531022e-05,0.0017000799271045253,0.0017000799271045253,2.8902717585437277e-06
12,merged_fibers_output_z_p0p010,237,8.049083407968283e-05,-2.65535491053015e-05,0.00010704438318498433,0.00010704438318498433,1.1458499971453755e-08
12,merged_fibers_output_z_p0p010,238,-0.0013634262140840292,4.238983092363924e-05,-0.0014058160450076684,0.0014058160450076684,1.9763187524010026e-06
12,merged_fibers_output_z_p0p010,239,-0.002032787073403597,0.0001113480975618586,-0.0021441351709654555,0.0021441351709654555,4.597315631371063e-06
12,merged_fibers_output_z_p0p010,240,-0.0016899027395993471,0.00018033980450127274,-0.0018702425441006199,0.0018702425441006199,3.4978071737639588e-06
12,merged_fibers_output_z_p0p010,241,-0.000767864694353193,0.0002493695938028395,-0.0010172342881560326,0.0010172342881560326,1.0347655970003103e-06
12,merged_fibers_output_z_p0p010,242,-3.293354529887438e-05,0.0003484426124487072,-0.0003813761577475816,0.0003813761577475816,1.4544777369830825e-07
12,merged_fibers_output_z_p0p010,243,-0.00876918900758028,0.009232847951352596,-0.018002036958932877,0.018002036958932877,0.00032407333467078525
12,merged_fibers_output_z_p0p010,244,-0.00892722699791193,0.008491466753184795,-0.017418693751096725,0.017418693751096725,0.0003034108919944961
12,merged_fibers_output_z_p0p010,245,-0.009283438324928284,0.00776043301448226,-0.017043871339410543,0.017043871339410543,0.00029049355023438015
12,merged_fibers_output_z_p0p010,246,-0.008830525912344456,0.007026094943284988,-0.015856620855629444,0.015856620855629444,0.00025143242495918264
12,merged_fibers_output_z_p0p010,247,-0.007095227017998695,0.006314877886325121,-0.013410104904323816,0.013410104904323816,0.00017983091354496967
12,merged_fibers_output_z_p0p010,248,-0.005093134939670563,0.00494728097692132,-0.010040415916591883,0.010040415916591883,0.00010080995177815162
12,merged_fibers_output_z_p0p010,249,-0.005614668596535921,0.004305509850382805,-0.009920178446918726,0.009920178446918726,9.840994041871083e-05
12,merged_fibers_output_z_p0p010,250,-0.0047929007560014725,0.0037005951162427664,-0.008493495872244239,0.008493495872244239,7.213947213182992e-05
12,merged_fibers_output_z_p0p010,251,-0.002428694162517786,0.003111898899078369,-0.005540593061596155,0.005540593061596155,3.0698171474207456e-05
12,merged_fibers_output_z_p0p010,252,-0.00036786706186831,0.0025620360393077135,-0.0029299031011760235,0.0029299031011760235,8.58433218228088e-06
12,merged_fibers_output_z_p0p010,253,0.0020745443180203438,0.001597068039700389,0.00047747627831995487,0.00047747627831995487,2.27983596358275e-07
12,merged_fibers_output_z_p0p010,254,0.0018216423923149705,0.0012093549594283104,0.0006122874328866601,0.0006122874328866601,3.748959004709363e-07
12,merged_fibers_output_z_p0p010,255,-0.0006967483786866069,0.0008637761930003762,-0.0015605245716869831,0.0015605245716869831,2.435236938838842e-06
12,merged_fibers_output_z_p0p010,256,-0.00295505253598094,0.000559257110580802,-0.003514309646561742,0.003514309646561742,1.2350372291916915e-05
12,merged_fibers_output_z_p0p010,257,-0.0022225743159651756,0.0003088196972385049,-0.0025313940132036805,0.0025313940132036805,6.4079556500834354e-06
13,merged_fibers_output_z_p0p015,0,-0.008812395855784416,-0.0013859870377928019,-0.007426408817991614,0.007426408817991614,5.5151547931943606e-05
13,merged_fibers_output_z_p0p015,1,-0.008502575568854809,-0.0012630850542336702,-0.007239490514621139,0.007239490514621139,5.241022291128944e-05
13,merged_fibers_output_z_p0p015,2,-0.007312965579330921,-0.0011403559474274516,-0.0061726096319034696,0.0061726096319034696,3.8101109667867486e-05
13,merged_fibers_output_z_p0p015,3,-0.004967569373548031,-0.0010176709620282054,-0.0039498984115198255,0.0039498984115198255,1.560169746132684e-05
13,merged_fibers_output_z_p0p015,4,-0.0018878869013860822,-0.0008949994808062911,-0.000992887420579791,0.000992887420579791,9.85825429945591e-07
13,merged_fibers_output_z_p0p015,5,0.0009710552403703332,-0.0007723227026872337,0.0017433779430575669,0.0017433779430575669,3.039366652339633e-06
13,merged_fibers_output_z_p0p015,6,0.002740228082984686,-0.0006496664718724787,0.0033898945548571646,0.0033898945548571646,1.1491385093050254e-05
13,merged_fibers_output_z_p0p015,7,0.0032217425759881735,-0.0005270388210192323,0.0037487813970074058,0.0037487813970074058,1.4053361962548797e-05
13,merged_fibers_output_z_p0p015,8,0.0029640537686645985,-0.00040456769056618214,0.0033686214592307806,0.0033686214592307806,1.1347610535590114e-05
13,merged_fibers_output_z_p0p015,9,-0.00876785721629858,-0.0009264255058951676,-0.007841431710403413,0.007841431710403413,6.148805126892019e-05
13,merged_fibers_output_z_p0p015,10,-0.008500895462930202,-0.0008445210987702012,-0.007656374364160001,0.007656374364160001,5.8620068404166464e-05
13,merged_fibers_output_z_p0p015,11,-0.0073667122051119804,-0.0007627098239026964,-0.006604002381209284,0.006604002381209284,4.361284745101789e-05
13,merged_fibers_output_z_p0p015,12,-0.0050566657446324825,-0.0006809188053011894,-0.004375746939331293,0.004375746939331293,1.914716127706718e-05
13,merged_fibers_output_z_p0p015,13,-0.0019684280268847942,-0.0005991326761431992,-0.001369295350741595,0.001369295350741595,1.8749697575625478e-06
13,merged_fibers_output_z_p0p015,14,0.0009399254922755063,-0.0005173480021767318,0.001457273494452238,0.001457273494452238,2.123646037633037e-06
13,merged_fibers_output_z_p0p015,15,0.0027714096941053867,-0.0004355667042545974,0.003206976398359984,0.003206976398359984,1.0284697619637976e-05
13,merged_fibers_output_z_p0p015,16,0.0032957345247268677,-0.0003538031887728721,0.0036495377134997398,0.0036495377134997398,1.3319125522256908e-05
13,merged_fibers_output_z_p0p015,17,0.0030473736114799976,-0.00027212078566662967,0.0033194943971466273,0.0033194943971466273,1.101904305268785e-05
13,merged_fibers_output_z_p0p015,18,0.002064987551420927,-0.00013318669516593218,0.0021981742465868592,0.0021981742465868592,4.831970018357706e-06
13,merged_fibers_output_z_p0p015,19,0.0022888670209795237,-0.00017404320533387363,0.0024629102263133973,0.0024629102263133973,6.06592678287911e-06
13,merged_fibers_output_z_p0p015,20,0.001868111896328628,-0.0002149327046936378,0.002083044601022266,0.002083044601022266,4.3390748098480105e-06
13,merged_fibers_output_z_p0p015,21,0.00029056414496153593,-0.00025582819944247603,0.000546392344404012,0.000546392344404012,2.985445940233124e-07
13,merged_fibers_output_z_p0p015,22,-0.0022991555742919445,-0.00029672510572709143,-0.002002430468564853,0.002002430468564853,4.009727781436857e-06
13,merged_fibers_output_z_p0p015,23,-0.005140938796103001,-0.00033762300154194236,-0.004803315794561058,0.004803315794561058,2.307184262227973e-05
13,merged_fibers_output_z_p0p015,24,-0.0073661948554217815,-0.0003785215085372329,-0.006987673346884549,0.006987673346884549,4.882757880276071e-05
13,merged_fibers_output_z_p0p015,25,-0.008558124303817749,-0.0004194251087028533,-0.008138699195114896,0.008138699195114896,6.623842458856385e-05
13,merged_fibers_output_z_p0p015,26,-0.008922559209167957,-0.0004603606939781457,-0.008462198515189812,0.008462198515189812,7.160880371048065e-05
13,merged_fibers_output_z_p0p015,27,-0.009619367308914661,-8.089727998594753e-08,-0.009619286411634675,0.009619286411634675,9.253067106905952e-05
13,merged_fibers_output_z_p0p015,28,-0.008913101628422737,-7.15433898790252e-08,-0.008913030085032858,0.008913030085032858,7.944210529670083e-05
13,merged_fibers_output_z_p0p015,29,-0.007643167860805988,-6.275835318092504e-08,-0.007643105102452807,0.007643105102452807,5.841705560714014e-05
13,merged_fibers_output_z_p0p015,30,-0.005884102545678616,-5.366636912640388e-08,-0.005884048879309489,0.005884048879309489,3.462203121410326e-05
13,merged_fibers_output_z_p0p015,31,-0.003930470906198025,-4.426376065680415e-08,-0.003930426642437368,0.003930426642437368,1.5448253591581482e-05
13,merged_fibers_output_z_p0p015,32,-0.0022117800544947386,-3.567392070635833e-08,-0.0022117443805740322,0.0022117443805740322,4.89181320500081e-06
13,merged_fibers_output_z_p0p015,33,-0.0010724910534918308,-2.7802819602129603e-08,-0.0010724632506722287,0.0010724632506722287,1.1501774240424436e-06
13,merged_fibers_output_z_p0p015,34,-0.0005784928216598928,-2.025250012138713e-08,-0.0005784725691597714,0.0005784725691597714,3.346305132703065e-07
13,merged_fibers_output_z_p0p015,35,-0.0005064810393378139,-1.3811660259932523e-08,-0.0005064672276775539,0.0005064672276775539,2.5650905271138725e-07
13,merged_fibers_output_z_p0p015,36,-0.0022071152925491333,0.00013152830069884658,-0.00233864359324798,0.00233864359324798,5.469253856239823e-06
13,merged_fibers_output_z_p0p015,37,-0.0028863190673291683,0.0001723692985251546,-0.003058688365854323,0.003058688365854323,9.355574519412588e-06
13,merged_fibers_output_z_p0p015,38,-0.0036393306218087673,0.00021324330009520054,-0.003852573921903968,0.003852573921903968,1.484232582373452e-05
13,merged_fibers_output_z_p0p015,39,-0.004217707552015781,0.0002541228896006942,-0.004471830441616476,0.004471830441616476,1.9997267498567803e-05
13,merged_fibers_output_z_p0p015,40,-0.0047231982462108135,0.0002950030902866274,-0.005018201336497441,0.005018201336497441,2.51823446536247e-05
13,merged_fibers_output_z_p0p015,41,-0.005522881634533405,0.0003358829126227647,-0.00585876454715617,0.00585876454715617,3.432512201901404e-05
13,merged_fibers_output_z_p0p015,42,-0.006893014535307884,0.0003767632006201893,-0.0072697777359280735,0.0072697777359280735,5.2849668329795506e-05
13,merged_fibers_output_z_p0p015,43,-0.008681763894855976,0.0004176482034381479,-0.009099412098294124,0.009099412098294124,8.279930053458148e-05
13,merged_fibers_output_z_p0p015,44,-0.010286679491400719,0.0004585623973980546,-0.010745241888798773,0.010745241888798773,0.00011546022324879583
13,merged_fibers_output_z_p0p015,45,-0.011022042483091354,0.0009328235173597932,-0.011954866000451148,0.011954866000451148,0.0001429188210887428
13,merged_fibers_output_z_p0p015,46,-0.008679586462676525,0.000850923708640039,-0.009530510171316564,0.009530510171316564,9.083062412556848e-05
13,merged_fibers_output_z_p0p015,47,-0.006160100921988487,0.0007691296050325036,-0.006929230527020991,0.006929230527020991,4.80142356965996e-05
13,merged_fibers_output_z_p0p015,48,-0.004680905491113663,0.0006873561069369316,-0.005368261598050594,0.005368261598050594,2.881823258510472e-05
13,merged_fibers_output_z_p0p015,49,-0.004467057529836893,0.0006055852863937616,-0.005072642816230655,0.005072642816230655,2.5731705141056468e-05
13,merged_fibers_output_z_p0p015,50,-0.004724765196442604,0.0005238162120804191,-0.005248581408523023,0.005248581408523023,2.754760680189352e-05
13,merged_fibers_output_z_p0p015,51,-0.004419203847646713,0.0004420508921612054,-0.004861254739807919,0.004861254739807919,2.3631797645304954e-05
13,merged_fibers_output_z_p0p015,52,-0.0031919851899147034,0.00036030029878020287,-0.0035522854886949062,0.0035522854886949062,1.2618732193192409e-05
13,merged_fibers_output_z_p0p015,53,-0.0016611574683338404,0.00027862010756507516,-0.0019397775758989155,0.0019397775758989155,3.762737043960273e-06
13,merged_fibers_output_z_p0p015,54,-0.00879063829779625,-0.001207267981953919,-0.0075833703158423305,0.0075833703158423305,5.750750534719861e-05
13,merged_fibers_output_z_p0p015,55,-0.008761839009821415,-0.000904951011762023,-0.007856887998059392,0.007856887998059392,6.173068901404972e-05
13,merged_fibers_output_z_p0p015,56,-0.008870819583535194,-0.0006027672789059579,-0.008268052304629236,0.008268052304629236,6.836068891208482e-05
13,merged_fibers_output_z_p0p015,57,-0.009226241149008274,-0.00030065811006352305,-0.008925583038944751,0.008925583038944751,7.966603258509821e-05
13,merged_fibers_output_z_p0p015,58,-0.009824516251683235,1.4198450344338198e-06,-0.009825936096717669,0.009825936096717669,9.654902017677926e-05
13,merged_fibers_output_z_p0p015,59,-0.01054450310766697,0.0003034975961782038,-0.010848000703845173,0.010848000703845173,0.00011767911927062537
13,merged_fibers_output_z_p0p015,60,-0.011218639090657234,0.0006056110723875463,-0.01182425016304478,0.01182425016304478,0.00013981289191826451
13,merged_fibers_output_z_p0p015,61,-0.011721641756594181,0.0009077897993847728,-0.012629431555978954,0.012629431555978954,0.00015950254142715697
13,merged_fibers_output_z_p0p015,62,-0.012011388316750526,0.0012101080501452088,-0.013221496366895735,0.013221496366895735,0.0001748079661798371
13,merged_fibers_output_z_p0p015,63,-0.012023227289319038,0.0014784210361540318,-0.01350164832547307,0.01350164832547307,0.00018229450750474976
13,merged_fibers_output_z_p0p015,64,-0.008823605254292488,-0.0014475439675152302,-0.007376061286777258,0.007376061286777258,5.440628010629418e-05
13,merged_fibers_output_z_p0p015,65,-0.00879654660820961,-0.001166517031379044,-0.007630029576830566,0.007630029576830566,5.8217351343309225e-05
13,merged_fibers_output_z_p0p015,66,-0.008767645806074142,-0.0008766594110056758,-0.007890986395068467,0.007890986395068467,6.226766628715564e-05
13,merged_fibers_output_z_p0p015,67,-0.008865796029567719,-0.0005868541193194687,-0.00827894191024825,0.00827894191024825,6.854087915326494e-05
13,merged_fibers_output_z_p0p015,68,-0.009194065816700459,-0.0002970829955302179,-0.00889698282117024,0.00889698282117024,7.915630332019837e-05
13,merged_fibers_output_z_p0p015,69,-0.009747710078954697,-7.328800165851135e-06,-0.009740381278788846,0.009740381278788846,9.487502745618022e-05
13,merged_fibers_output_z_p0p015,70,-0.010409336537122726,0.00028242490952834487,-0.010691761446651071,0.010691761446651071,0.0001143137628320942
13,merged_fibers_output_z_p0p015,71,-0.011019416153430939,0.0005721942870877683,-0.011591610440518707,0.011591610440518707,0.0001343654326047423
13,merged_fibers_output_z_p0p015,72,-0.011463846080005169,0.0008619970758445561,-0.012325843155849725,0.012325843155849725,0.0001519264095026075
13,merged_fibers_output_z_p0p015,73,-0.011712972074747086,0.0011518510291352868,-0.012864823103882372,0.012864823103882372,0.00016550367349418566
13,merged_fibers_output_z_p0p015,74,-0.010907264426350594,0.0013856400037184358,-0.01229290443006903,0.01229290443006903,0.00015111549932681075
13,merged_fibers_output_z_p0p015,75,-0.010887615382671356,0.0011223029578104615,-0.012009918340481818,0.012009918340481818,0.00014423813854504153
13,merged_fibers_output_z_p0p015,76,-0.010777921415865421,0.0008447985164821148,-0.011622719932347536,0.011622719932347536,0.00013508761862578871
13,merged_fibers_output_z_p0p015,77,-0.01052545290440321,0.0005673173000104725,-0.011092770204413682,0.011092770204413682,0.00012304955080792796
13,merged_fibers_output_z_p0p015,78,-0.010112720541656017,0.0002898557868320495,-0.010402576328488067,0.010402576328488067,0.00010821359427002027
13,merged_fibers_output_z_p0p015,79,-0.009610366076231003,1.2404960216372274e-05,-0.009622771036447375,0.009622771036447375,9.259772241989049e-05
13,merged_fibers_output_z_p0p015,80,-0.009154178202152252,-0.0002650455862749368,-0.008889132615877315,0.008889132615877315,7.901667866265388e-05
13,merged_fibers_output_z_p0p015,81,-0.008863932453095913,-0.0005425061099231243,-0.008321426343172789,0.008321426343172789,6.924613638485005e-05
13,merged_fibers_output_z_p0p015,82,-0.008766626939177513,-0.0008199859876185656,-0.007946640951558948,0.007946640951558948,6.31491024129937e-05
13,merged_fibers_output_z_p0p015,83,-0.008786557242274284,-0.001097489963285625,-0.007689067278988659,0.007689067278988659,5.9121755620814066e-05
13,merged_fibers_output_z_p0p015,84,-0.008730502799153328,-0.0013242480345070362,-0.007406254764646292,0.007406254764646292,5.48526096388459e-05
13,merged_fibers_output_z_p0p015,85,-0.008715073578059673,-0.0010780399898067117,-0.007637033588252962,0.007637033588252962,5.832428202810391e-05
13,merged_fibers_output_z_p0p015,86,-0.008697478100657463,-0.0008128414046950638,-0.0078846366959624,0.0078846366959624,6.216749582731686e-05
13,merged_fibers_output_z_p0p015,87,-0.008762759156525135,-0.000547654926776886,-0.008215104229748249,0.008215104229748249,6.748793750562757e-05
13,merged_fibers_output_z_p0p015,88,-0.008963989093899727,-0.0002824797120410949,-0.008681509381858632,0.008681509381858632,7.536860514729945e-05
13,merged_fibers_output_z_p0p015,89,-0.009264389984309673,-1.731134943838697e-05,-0.009247078634871286,0.009247078634871286,8.550846327949301e-05
13,merged_fibers_output_z_p0p015,90,-0.009551330469548702,0.00024785648565739393,-0.009799186955206096,0.009799186955206096,9.602406498308132e-05
13,merged_fibers_output_z_p0p015,91,-0.009714518673717976,0.0005130302160978317,-0.010227548889815807,0.010227548889815807,0.00010460275629357255
13,merged_fibers_output_z_p0p015,92,-0.009725874289870262,0.0007782144821248949,-0.010504088771995157,0.010504088771995157,0.00011033588092995472
13,merged_fibers_output_z_p0p015,93,-0.009655728936195374,0.0010434100404381752,-0.010699138976633549,0.010699138976633549,0.00011447157484131918
13,merged_fibers_output_z_p0p015,94,-0.008082721382379532,0.0012626319658011198,-0.009345353348180652,0.009345353348180652,8.733562920235132e-05
13,merged_fibers_output_z_p0p015,95,-0.008193889632821083,0.001033034990541637,-0.00922692462336272,0.00922692462336272,8.513613800521727e-05
13,merged_fibers_output_z_p0p015,96,-0.008463378064334393,0.0007801247993484139,-0.009243502863682806,0.009243502863682806,8.544234519091224e-05
13,merged_fibers_output_z_p0p015,97,-0.00874670222401619,0.0005272197886370122,-0.009273922012653202,0.009273922012653202,8.600562949677361e-05
13,merged_fibers_output_z_p0p015,98,-0.008892943151295185,0.0002743205986917019,-0.009167263749986887,0.009167263749986887,8.403872466182364e-05
13,merged_fibers_output_z_p0p015,99,-0.008854933083057404,2.142511038982775e-05,-0.008876358193447231,0.008876358193447231,7.87897347783778e-05
13,merged_fibers_output_z_p0p015,100,-0.008703143335878849,-0.00023146999592427164,-0.008471673339954577,0.008471673339954577,7.176924917889714e-05
13,merged_fibers_output_z_p0p015,101,-0.008556002750992775,-0.00048436838551424444,-0.00807163436547853,0.00807163436547853,6.5151281329974e-05
13,merged_fibers_output_z_p0p015,102,-0.0084882453083992,-0.0007372726104222238,-0.007750972697976977,0.007750972697976977,6.007757776478449e-05
13,merged_fibers_output_z_p0p015,103,-0.008490287698805332,-0.0009901829762384295,-0.007500104722566903,0.007500104722566903,5.6251570849470356e-05
13,merged_fibers_output_z_p0p015,104,-0.008045434951782227,-0.001201341045089066,-0.0068440939066931605,0.0068440939066931605,4.684162140363445e-05
13,merged_fibers_output_z_p0p015,105,-0.008046146482229233,-0.000987852574326098,-0.007058293907903135,0.007058293907903135,4.981951289034251e-05
13,merged_fibers_output_z_p0p015,106,-0.008047543466091156,-0.0007472187280654907,-0.007300324738025665,0.007300324738025665,5.32947412806295e-05
13,merged_fibers_output_z_p0p015,107,-0.008099246770143509,-0.00050658721011132,-0.007592659560032189,0.007592659560032189,5.764847919454819e-05
13,merged_fibers_output_z_p0p015,108,-0.008199493400752544,-0.0002659588062670082,-0.007933534594485536,0.007933534594485536,6.294097116189879e-05
13,merged_fibers_output_z_p0p015,109,-0.008262526243925095,-2.5332290533697233e-05,-0.008237193953391397,0.008237193953391397,6.785136422578779e-05
13,merged_fibers_output_z_p0p015,110,-0.008158832788467407,0.00021529410150833428,-0.008374126889975742,0.008374126889975742,7.012600116941478e-05
13,merged_fibers_output_z_p0p015,111,-0.007816157303750515,0.00045592221431434155,-0.008272079518064857,0.008272079518064857,6.842729955318811e-05
13,merged_fibers_output_z_p0p015,112,-0.007303641177713871,0.0006965533830225468,-0.008000194560736418,0.008000194560736418,6.400311300963656e-05
13,merged_fibers_output_z_p0p015,113,-0.006823757663369179,0.0009371878113597631,-0.007760945474728942,0.007760945474728942,6.023227466171564e-05
13,merged_fibers_output_z_p0p015,114,-0.005318864714354277,0.0011398099595680833,-0.00645867467392236,0.00645867467392236,4.17144785435661e-05
13,merged_fibers_output_z_p0p015,115,-0.005513391923159361,0.0009419294074177742,-0.006455321330577135,0.006455321330577135,4.1671173481004154e-05
13,merged_fibers_output_z_p0p015,116,-0.0060727400705218315,0.0007135649211704731,-0.006786304991692305,0.006786304991692305,4.605393544026789e-05
13,merged_fibers_output_z_p0p015,117,-0.006755473092198372,0.00048520241398364305,-0.007240675506182015,0.007240675506182015,5.242738178582418e-05
13,merged_fibers_output_z_p0p015,118,-0.007286752108484507,0.00025684188585728407,-0.007543593994341791,0.007543593994341791,5.690581035146953e-05
13,merged_fibers_output_z_p0p015,119,-0.007528235204517841,2.848268923116848e-05,-0.00755671789374901,0.00755671789374901,5.710398532570647e-05
13,merged_fibers_output_z_p0p015,120,-0.007522494997829199,-0.00019987620180472732,-0.0073226187960244715,0.0073226187960244715,5.362074603189088e-05
13,merged_fibers_output_z_p0p015,121,-0.0074159870855510235,-0.0004282357986085117,-0.006987751286942512,0.006987751286942512,4.8828668048166726e-05
13,merged_fibers_output_z_p0p015,122,-0.007335245609283447,-0.0006565966759808362,-0.006678648933302611,0.006678648933302611,4.46043515743041e-05
13,merged_fibers_output_z_p0p015,123,-0.007314602378755808,-0.0008849587175063789,-0.006429643661249429,0.006429643661249429,4.134031761064496e-05
13,merged_fibers_output_z_p0p015,124,-0.006266394164413214,-0.0010785210179165006,-0.005187873146496713,0.005187873146496713,2.6914027784141707e-05
13,merged_fibers_output_z_p0p015,125,-0.006280948407948017,-0.0008957621175795794,-0.005385186290368438,0.005385186290368438,2.9000231381972176e-05
13,merged_fibers_output_z_p0p015,126,-0.006297050975263119,-0.0006796685047447681,-0.005617382470518351,0.005617382470518351,3.155498582008685e-05
13,merged_fibers_output_z_p0p015,127,-0.006391467060893774,-0.0004635755030903965,-0.0059278915578033775,0.0059278915578033775,3.513989832107655e-05
13,merged_fibers_output_z_p0p015,128,-0.006562398746609688,-0.0002474831126164645,-0.006314915633993223,0.006314915633993223,3.987815946445203e-05
13,merged_fibers_output_z_p0p015,129,-0.0066893151961266994,-3.139102045679465e-05,-0.006657924175669905,0.006657924175669905,4.432795432896978e-05
13,merged_fibers_output_z_p0p015,130,-0.0065857782028615475,0.00018470120267011225,-0.00677047940553166,0.00677047940553166,4.5839391380728336e-05
13,merged_fibers_output_z_p0p015,131,-0.006140927318483591,0.00040079408790916204,-0.006541721406392753,0.006541721406392753,4.279411895885718e-05
13,merged_fibers_output_z_p0p015,132,-0.005441815126687288,0.0006168882246129215,-0.00605870335130021,0.00605870335130021,3.670788629905639e-05
13,merged_fibers_output_z_p0p015,133,-0.004768135957419872,0.0008329838747158647,-0.005601119832135737,0.005601119832135737,3.1372543373944266e-05
13,merged_fibers_output_z_p0p015,134,-0.003963181283324957,0.0010170229943469167,-0.004980204277671874,0.004980204277671874,2.4802434647341228e-05
13,merged_fibers_output_z_p0p015,135,-0.0047152177430689335,0.0006450567743740976,-0.005360274517443031,0.005360274517443031,2.873254290234912e-05
13,merged_fibers_output_z_p0p015,136,-0.0053673917427659035,0.0004412299022078514,-0.005808621644973755,0.005808621644973755,3.374008541445761e-05
13,merged_fibers_output_z_p0p015,137,-0.00577032333239913,0.00023740380129311234,-0.006007727133692242,0.006007727133692242,3.609278531290201e-05
13,merged_fibers_output_z_p0p015,138,-0.0057866317220032215,3.357815876370296e-05,-0.0058202098807669245,0.0058202098807669245,3.387484305617694e-05
13,merged_fibers_output_z_p0p015,139,-0.005522918421775103,-0.00017024729459080845,-0.005352671127184294,0.005352671127184294,2.8651088195792382e-05
13,merged_fibers_output_z_p0p015,140,-0.005209599155932665,-0.0003740728134289384,-0.0048355263425037265,0.0048355263425037265,2.3382315009047466e-05
13,merged_fibers_output_z_p0p015,141,-0.005019828677177429,-0.0005778985214419663,-0.004441930155735463,0.004441930155735463,1.9730743508432074e-05
13,merged_fibers_output_z_p0p015,142,-0.004972168710082769,-0.0007817244040779769,-0.0041904443060047925,0.0041904443060047925,1.7559823481727987e-05
13,merged_fibers_output_z_p0p015,143,-0.0034507231321185827,-0.0009557188022881746,-0.002495004329830408,0.002495004329830408,6.225046605872484e-06
13,merged_fibers_output_z_p0p015,144,-0.0034867580980062485,-0.000610163901001215,-0.0028765941970050335,0.0028765941970050335,8.274794174243033e-06
13,merged_fibers_output_z_p0p015,145,-0.0036762577947229147,-0.00041860470082610846,-0.0032576530938968062,0.0032576530938968062,1.0612303680175434e-05
13,merged_fibers_output_z_p0p015,146,-0.004114813636988401,-0.00022704570437781513,-0.0038877679326105863,0.0038877679326105863,1.5114739497835191e-05
13,merged_fibers_output_z_p0p015,147,-0.004679775796830654,-3.548671884345822e-05,-0.004644289077987196,0.004644289077987196,2.1569421039911157e-05
13,merged_fibers_output_z_p0p015,148,-0.0050902655348181725,0.00015607220120728016,-0.005246337736025453,0.005246337736025453,2.7524059640444672e-05
13,merged_fibers_output_z_p0p015,149,-0.005103117786347866,0.0003476314013823867,-0.005450749187730253,0.005450749187730253,2.971066670754201e-05
13,merged_fibers_output_z_p0p015,150,-0.004712726920843124,0.000539190776180476,-0.0052519176970236,0.0052519176970236,2.7582639496309678e-05
13,merged_fibers_output_z_p0p015,151,-0.004186603706330061,0.0007307502091862261,-0.004917353915516287,0.004917353915516287,2.418036953044336e-05
13,merged_fibers_output_z_p0p015,152,-0.004071241710335016,0.0008942338754422963,-0.0049654755857773125,0.0049654755857773125,2.4655947792950545e-05
13,merged_fibers_output_z_p0p015,153,-0.004539123270660639,0.0005745879025198519,-0.005113711173180491,0.005113711173180491,2.615004196271099e-05
13,merged_fibers_output_z_p0p015,154,-0.004799281246960163,0.00039529570494778454,-0.005194576951907948,0.005194576951907948,2.6983629709293264e-05
13,merged_fibers_output_z_p0p015,155,-0.004632590804249048,0.00021600349282380193,-0.00484859429707285,0.00484859429707285,2.3508866657607366e-05
13,merged_fibers_output_z_p0p015,156,-0.003981302957981825,3.671125159598887e-05,-0.004018014209577814,0.004018014209577814,1.6144438188369223e-05
13,merged_fibers_output_z_p0p015,157,-0.0030975909903645515,-0.00014258110604714602,-0.0029550098843174055,0.0029550098843174055,8.732083416413566e-06
13,merged_fibers_output_z_p0p015,158,-0.00234953872859478,-0.00032187349279411137,-0.0020276652358006686,0.0020276652358006686,4.111426308474581e-06
13,merged_fibers_output_z_p0p015,159,-0.0019585101399570704,-0.0005011662724427879,-0.0014573438675142825,0.0014573438675142825,2.1238511481814865e-06
13,merged_fibers_output_z_p0p015,160,-0.0018785526044666767,-0.0006804593722335994,-0.0011980932322330773,0.0011980932322330773,1.4354273931227025e-06
13,merged_fibers_output_z_p0p015,161,-0.0003486531786620617,-0.0008329299162141979,0.0004842767375521362,0.0004842767375521362,2.345239585341406e-07
13,merged_fibers_output_z_p0p015,162,-0.0003624113742262125,-0.0005386985139921308,0.00017628713976591825,0.00017628713976591825,3.10771556468484e-08
13,merged_fibers_output_z_p0p015,163,-0.0006571087287738919,-0.00037167189293541014,-0.0002854368358384818,0.0002854368358384818,8.14741872534844e-08
13,merged_fibers_output_z_p0p015,164,-0.0014440796803683043,-0.00020464579574763775,-0.0012394338846206665,0.0012394338846206665,1.5361963543458756e-06
13,merged_fibers_output_z_p0p015,165,-0.002622344996780157,-3.762004052987322e-05,-0.002584724956250284,0.002584724956250284,6.680803099463032e-06
13,merged_fibers_output_z_p0p015,166,-0.0038010086864233017,0.00012940559827256948,-0.003930414284695871,0.003930414284695871,1.5448156449341358e-05
13,merged_fibers_output_z_p0p015,167,-0.004555647261440754,0.0002964310988318175,-0.0048520783602725714,0.0048520783602725714,2.3542664414225365e-05
13,merged_fibers_output_z_p0p015,168,-0.004728677682578564,0.00046345649752765894,-0.005192134180106223,0.005192134180106223,2.6958257344227317e-05
13,merged_fibers_output_z_p0p015,169,-0.004529081284999847,0.000630481808912009,-0.005159563093911856,0.005159563093911856,2.6621091320057288e-05
13,merged_fibers_output_z_p0p015,170,-0.004524886142462492,0.000771452090702951,-0.005296338233165443,0.005296338233165443,2.8051198680090046e-05
13,merged_fibers_output_z_p0p015,171,-0.004741647280752659,0.0005021578981541097,-0.0052438051789067686,0.0052438051789067686,2.7497492754329447e-05
13,merged_fibers_output_z_p0p015,172,-0.004611661192029715,0.00034739880356937647,-0.004959059995599091,0.004959059995599091,2.4592276039951257e-05
13,merged_fibers_output_z_p0p015,173,-0.003858896903693676,0.0001926397962961346,-0.004051536699989811,0.004051536699989811,1.6414949631364324e-05
13,merged_fibers_output_z_p0p015,174,-0.0025024316273629665,3.7880810850765556e-05,-0.002540312438213732,0.002540312438213732,6.453187283743397e-06
13,merged_fibers_output_z_p0p015,175,-0.0009496099082753062,-0.00011687829828588292,-0.0008327316099894233,0.0008327316099894233,6.93441934275577e-07
13,merged_fibers_output_z_p0p015,176,0.00027637509629130363,-0.0002716378076002002,0.0005480129038915038,0.0005480129038915038,3.003181428315986e-07
13,merged_fibers_output_z_p0p015,177,0.0008920658146962523,-0.00042639789171516895,0.0013184637064114213,0.0013184637064114213,1.7383465451241425e-06
13,merged_fibers_output_z_p0p015,178,0.00100702082272619,-0.0005811583832837641,0.0015881792060099542,0.0015881792060099542,2.5223131904024086e-06
13,merged_fibers_output_z_p0p015,179,0.0020364837255328894,-0.0007101328228600323,0.0027466165483929217,0.0027466165483929217,7.543902463905847e-06
13,merged_fibers_output_z_p0p015,180,0.002061821985989809,-0.0004652724019251764,0.0025270943879149854,0.0025270943879149854,6.386206045431415e-06
13,merged_fibers_output_z_p0p015,181,0.0016995935002341866,-0.00032277809805236757,0.0020223715982865542,0.0020223715982865542,4.089986881556112e-06
13,merged_fibers_output_z_p0p015,182,0.0006499554147012532,-0.00018028459453489631,0.0008302400092361495,0.0008302400092361495,6.892984729364416e-07
13,merged_fibers_output_z_p0p015,183,-0.0010036244057118893,-3.779173857765272e-05,-0.0009658326671342365,0.0009658326671342365,9.328327409036329e-07
13,merged_fibers_output_z_p0p015,184,-0.002770844381302595,0.00010470079723745584,-0.002875545178540051,0.002875545178540051,8.268760073824934e-06
13,merged_fibers_output_z_p0p015,185,-0.004068978130817413,0.00024719341308809817,-0.0043161715439055115,0.0043161715439055115,1.8629336796419686e-05
13,merged_fibers_output_z_p0p015,186,-0.004619686398655176,0.00038968640728853643,-0.005009372805943713,0.005009372805943713,2.5093815908928384e-05
13,merged_fibers_output_z_p0p015,187,-0.004608093295246363,0.0005321800126694143,-0.005140273307915777,0.005140273307915777,2.6422409680071404e-05
13,merged_fibers_output_z_p0p015,188,-0.004080932587385178,0.0006486846250481904,-0.004729617212433368,0.004729617212433368,2.2369278976145982e-05
13,merged_fibers_output_z_p0p015,189,-0.004336672835052013,0.0004277692933101207,-0.004764442128362134,0.004764442128362134,2.26999087945119e-05
13,merged_fibers_output_z_p0p015,190,-0.0041702077724039555,0.00029754071147181094,-0.004467748483875766,0.004467748483875766,1.996077651517421e-05
13,merged_fibers_output_z_p0p015,191,-0.00324610760435462,0.00016731349751353264,-0.0034134211018681526,0.0034134211018681526,1.1651443618678793e-05
13,merged_fibers_output_z_p0p015,192,-0.0015754919731989503,3.708713120431639e-05,-0.0016125791044032667,0.0016125791044032667,2.6004113679580417e-06
13,merged_fibers_output_z_p0p015,193,0.0003494818229228258,-9.313911141362041e-05,0.0004426209343364462,0.0004426209343364462,1.9591329151286864e-07
13,merged_fibers_output_z_p0p015,194,0.0018813450587913394,-0.00022336610709317029,0.0021047111658845097,0.0021047111658845097,4.429809091798932e-06
13,merged_fibers_output_z_p0p015,195,0.0026578924153000116,-0.0003535946016199887,0.0030114870169200003,0.0030114870169200003,9.069054053077722e-06
13,merged_fibers_output_z_p0p015,196,0.002803535433486104,-0.0004838246095459908,0.003287360043032095,0.003287360043032095,1.0806736052523976e-05
13,merged_fibers_output_z_p0p015,197,0.0031251264736056328,-0.0005873574991710484,0.003712483972776681,0.003712483972776681,1.378253724812373e-05
13,merged_fibers_output_z_p0p015,198,0.00318690063431859,-0.00038989228778518736,0.0035767929221037775,0.0035767929221037775,1.2793447607611679e-05
13,merged_fibers_output_z_p0p015,199,0.002814372768625617,-0.00027192579000256956,0.0030862985586281866,0.0030862985586281866,9.525238792990421e-06
13,merged_fibers_output_z_p0p015,200,0.0016813972033560276,-0.00015396240632981062,0.0018353596096858382,0.0018353596096858382,3.3685448968661524e-06
13,merged_fibers_output_z_p0p015,201,-0.00012037699343636632,-3.600136915338226e-05,-8.437562428298406e-05,8.437562428298406e-05,7.11924597314329e-09
13,merged_fibers_output_z_p0p015,202,-0.0020278741139918566,8.195891859941185e-05,-0.0021098330325912684,0.0021098330325912684,4.451395425413268e-06
13,merged_fibers_output_z_p0p015,203,-0.0033699553459882736,0.00019992029410786927,-0.003569875640096143,0.003569875640096143,1.2744012085751845e-05
13,merged_fibers_output_z_p0p015,204,-0.003835843876004219,0.0003178842016495764,-0.0041537280776537955,0.0041537280776537955,1.7253456943089495e-05
13,merged_fibers_output_z_p0p015,205,-0.0036689676344394684,0.00043585090315900743,-0.004104818537598476,0.004104818537598476,1.684953522661209e-05
13,merged_fibers_output_z_p0p015,206,-0.002461901865899563,0.0005259520839899778,-0.0029878539498895407,0.0029878539498895407,8.92727122587053e-06
13,merged_fibers_output_z_p0p015,207,-0.00303465174511075,0.0003514353884384036,-0.003386087133549154,0.003386087133549154,1.1465586075987125e-05
13,merged_fibers_output_z_p0p015,208,-0.003236653981730342,0.0002457287919241935,-0.0034823827736545354,0.0034823827736545354,1.2126989782245854e-05
13,merged_fibers_output_z_p0p015,209,-0.002646465552970767,0.00014002789976075292,-0.00278649345273152,0.00278649345273152,7.764545762115627e-06
13,merged_fibers_output_z_p0p015,210,-0.0011682822369039059,3.433120946283452e-05,-0.0012026134463667404,0.0012026134463667404,1.4462791013820889e-06
13,merged_fibers_output_z_p0p015,211,0.0007188019808381796,-7.136441126931459e-05,0.0007901663921074942,0.0007901663921074942,6.243629272161742e-07
13,merged_fibers_output_z_p0p015,212,0.002301700646057725,-0.0001770624949131161,0.002478763140970841,0.002478763140970841,6.14426670903563e-06
13,merged_fibers_output_z_p0p015,213,0.0031354273669421673,-0.00028276589000597596,0.0034181932569481432,0.0034181932569481432,1.1684045141845755e-05
13,merged_fibers_output_z_p0p015,214,0.0033016076777130365,-0.00038847530959174037,0.003690082987304777,0.003690082987304777,1.3616712453196146e-05
13,merged_fibers_output_z_p0p015,215,0.003130295081064105,-0.0004646620946004987,0.0035949571756646037,0.0035949571756646037,1.2923717094862424e-05
13,merged_fibers_output_z_p0p015,216,0.0032104654237627983,-0.0003125884977634996,0.003523053921526298,0.003523053921526298,1.2411908933981825e-05
13,merged_fibers_output_z_p0p015,217,0.0028679927345365286,-0.0002191324019804597,0.0030871251365169883,0.0030871251365169883,9.530341608515034e-06
13,merged_fibers_output_z_p0p015,218,0.0017955375369638205,-0.00012568759848363698,0.0019212251354474574,0.0019212251354474574,3.691106021075101e-06
13,merged_fibers_output_z_p0p015,219,0.00011276127770543098,-3.2251118682324886e-05,0.00014501239638775587,0.00014501239638775587,2.1028595106119632e-08
13,merged_fibers_output_z_p0p015,220,-0.0015743321273475885,6.118285818956792e-05,-0.0016355149855371565,0.0016355149855371565,2.674909267916605e-06
13,merged_fibers_output_z_p0p015,221,-0.002570853801444173,0.00015462130249943584,-0.0027254751039436087,0.0027254751039436087,7.4282145422164244e-06
13,merged_fibers_output_z_p0p015,222,-0.0026035092305392027,0.00024806929286569357,-0.0028515785234048963,0.0028515785234048963,8.131500075144048e-06
13,merged_fibers_output_z_p0p015,223,-0.0020266901701688766,0.0003415280079934746,-0.0023682181781623513,0.0023682181781623513,5.608457339378606e-06
13,merged_fibers_output_z_p0p015,224,-0.0005890460452064872,0.0004033820878248662,-0.0009924281330313534,0.0009924281330313534,9.849135992320976e-07
13,merged_fibers_output_z_p0p015,225,-0.001502370461821556,0.0002732237917371094,-0.0017755942535586655,0.0017755942535586655,3.1527349532705546e-06
13,merged_fibers_output_z_p0p015,226,-0.0021929664071649313,0.0001920023059938103,-0.0023849687131587416,0.0023849687131587416,5.688075762746064e-06
13,merged_fibers_output_z_p0p015,227,-0.002128823660314083,0.00011080170224886388,-0.002239625362562947,0.002239625362562947,5.0159217646352115e-06
13,merged_fibers_output_z_p0p015,228,-0.0010745110921561718,2.961704012705013e-05,-0.001104128132283222,0.001104128132283222,1.219098932499236e-06
13,merged_fibers_output_z_p0p015,229,0.0005593051901087165,-5.1562779844971374e-05,0.0006108679699536879,0.0006108679699536879,3.731596767153397e-07
13,merged_fibers_output_z_p0p015,230,0.0020438903011381626,-0.00013275089440867305,0.0021766411955468357,0.0021766411955468357,4.737766894151558e-06
13,merged_fibers_output_z_p0p015,231,0.002867923118174076,-0.0002139571006409824,0.0030818802188150585,0.0030818802188150585,9.497985683123553e-06
13,merged_fibers_output_z_p0p015,232,0.0030466809403151274,-0.0002951835922431201,0.0033418645325582474,0.0033418645325582474,1.1168058553970753e-05
13,merged_fibers_output_z_p0p015,233,0.0028139883652329445,-0.0003423085145186633,0.0031562968797516078,0.0031562968797516078,9.962209993129734e-06
13,merged_fibers_output_z_p0p015,234,0.0028933007270097733,-0.00023351020354311913,0.0031268109305528924,0.0031268109305528924,9.776946595425045e-06
13,merged_fibers_output_z_p0p015,235,0.002587872324511409,-0.0001644891017349437,0.0027523614262463525,0.0027523614262463525,7.5754934206888555e-06
13,merged_fibers_output_z_p0p015,236,0.0016045753145590425,-9.550635877531022e-05,0.0017000816733343527,0.0017000816733343527,2.8902776960073324e-06
13,merged_fibers_output_z_p0p015,237,8.04859446361661e-05,-2.65535491053015e-05,0.0001070394937414676,0.0001070394937414676,1.145745322042968e-08
13,merged_fibers_output_z_p0p015,238,-0.0013634372735396028,4.238983092363924e-05,-0.001405827104463242,0.001405827104463242,1.976349847643503e-06
13,merged_fibers_output_z_p0p015,239,-0.002032797085121274,0.0001113480975618586,-0.0021441451826831326,0.0021441451826831326,4.597358564423284e-06
13,merged_fibers_output_z_p0p015,240,-0.0016899046022444963,0.00018033980450127274,-0.001870244406745769,0.001870244406745769,3.4978141409638335e-06
13,merged_fibers_output_z_p0p015,241,-0.0007678551482968032,0.0002493695938028395,-0.0010172247420996428,0.0010172247420996428,1.0347461759396847e-06
13,merged_fibers_output_z_p0p015,242,-3.291596658527851e-05,0.0003484426124487072,-0.00038135857903398573,0.00038135857903398573,1.4543436580282074e-07
13,merged_fibers_output_z_p0p015,243,-0.008769187144935131,0.013849269598722458,-0.02261845674365759,0.02261845674365759,0.0005115945854647095
13,merged_fibers_output_z_p0p015,244,-0.008927235379815102,0.012737199664115906,-0.021664435043931007,0.021664435043931007,0.0004693477457727059
13,merged_fibers_output_z_p0p015,245,-0.009283443912863731,0.01164065022021532,-0.020924094133079052,0.020924094133079052,0.0004378177152899532
13,merged_fibers_output_z_p0p015,246,-0.00883052684366703,0.010539139620959759,-0.01936966646462679,0.01936966646462679,0.00037518397895088765
13,merged_fibers_output_z_p0p015,247,-0.007095223292708397,0.009472317062318325,-0.016567540355026722,0.016567540355026722,0.00027448339341543896
13,merged_fibers_output_z_p0p015,248,-0.005093131680041552,0.007420922163873911,-0.012514053843915462,0.012514053843915462,0.00015660154360841536
13,merged_fibers_output_z_p0p015,249,-0.005614673253148794,0.006458266172558069,-0.012072939425706863,0.012072939425706863,0.00014575586637678717
13,merged_fibers_output_z_p0p015,250,-0.0047929007560014725,0.005550893023610115,-0.010343793779611588,0.010343793779611588,0.00010699406975513137
13,merged_fibers_output_z_p0p015,251,-0.002428690902888775,0.004667848814278841,-0.007096539717167616,0.007096539717167616,5.0360875957337426e-05
13,merged_fibers_output_z_p0p015,252,-0.0003678679931908846,0.0038430551066994667,-0.004210923099890351,0.004210923099890351,1.7731873353190165e-05
13,merged_fibers_output_z_p0p015,253,0.002074542688205838,0.00239560310728848,-0.0003210604190826416,0.0003210604190826416,1.0307979270152146e-07
13,merged_fibers_output_z_p0p015,254,0.0018216408789157867,0.0018140330212190747,7.607857696712017e-06,7.607857696712017e-06,5.787949873342028e-11
13,merged_fibers_output_z_p0p015,255,-0.000696752336807549,0.0012956650462001562,-0.001992417383007705,0.001992417383007705,3.969727028111273e-06
13,merged_fibers_output_z_p0p015,256,-0.002955057891085744,0.0008388857822865248,-0.0037939436733722687,0.0037939436733722687,1.4394008596721464e-05
13,merged_fibers_output_z_p0p015,257,-0.0022225703578442335,0.00046322960406541824,-0.0026857999619096518,0.0026857999619096518,7.213521435393887e-06
14,merged_fibers_output_z_p0p020,0,-0.008812395855784416,-0.0013859870377928019,-0.007426408817991614,0.007426408817991614,5.5151547931943606e-05
14,merged_fibers_output_z_p0p020,1,-0.008502572774887085,-0.0012630850542336702,-0.007239487720653415,0.007239487720653415,5.2410182457491574e-05
14,merged_fibers_output_z_p0p020,2,-0.00731295719742775,-0.0011403559474274516,-0.006172601250000298,0.006172601250000298,3.810100619150524e-05
14,merged_fibers_output_z_p0p020,3,-0.004967559594660997,-0.0010176709620282054,-0.003949888632632792,0.003949888632632792,1.5601620210201747e-05
14,merged_fibers_output_z_p0p020,4,-0.0018878780538216233,-0.0008949994808062911,-0.0009928785730153322,0.0009928785730153322,9.858078607529624e-07
14,merged_fibers_output_z_p0p020,5,0.0009710608283057809,-0.0007723227026872337,0.0017433835309930146,0.0017433835309930146,3.0393861361376714e-06
14,merged_fibers_output_z_p0p020,6,0.002740229945629835,-0.0006496664718724787,0.003389896417502314,0.003389896417502314,1.1491397721395022e-05
14,merged_fibers_output_z_p0p020,7,0.003221742110326886,-0.0005270388210192323,0.0037487809313461185,0.0037487809313461185,1.4053358471224271e-05
14,merged_fibers_output_z_p0p020,8,0.0029640516731888056,-0.00040456769056618214,0.0033686193637549877,0.0033686193637549877,1.1347596417865058e-05
14,merged_fibers_output_z_p0p020,9,-0.008767856284976006,-0.0009264255058951676,-0.007841430779080838,0.007841430779080838,6.148803666311631e-05
14,merged_fibers_output_z_p0p020,10,-0.008500894531607628,-0.0008445210987702012,-0.007656373432837427,0.007656373432837427,5.862005414305876e-05
14,merged_fibers_output_z_p0p020,11,-0.007366709411144257,-0.0007627098239026964,-0.00660399958724156,0.00660399958724156,4.3612810548286694e-05
14,merged_fibers_output_z_p0p020,12,-0.005056660156697035,-0.0006809188053011894,-0.004375741351395845,0.004375741351395845,1.914711237431554e-05
14,merged_fibers_output_z_p0p020,13,-0.001968420809134841,-0.0005991326761431992,-0.0013692881329916418,0.0013692881329916418,1.874949991151736e-06
14,merged_fibers_output_z_p0p020,14,0.0009399332338944077,-0.0005173480021767318,0.0014572812360711396,0.0014572812360711396,2.1236686010050284e-06
14,merged_fibers_output_z_p0p020,15,0.0027714159805327654,-0.0004355667042545974,0.003206982684787363,0.003206982684787363,1.0284737940525962e-05
14,merged_fibers_output_z_p0p020,16,0.003295738250017166,-0.0003538031887728721,0.0036495414387900382,0.0036495414387900382,1.3319152713445661e-05
14,merged_fibers_output_z_p0p020,17,0.0030473750084638596,-0.00027212078566662967,0.0033194957941304892,0.0033194957941304892,1.1019052327250006e-05
14,merged_fibers_output_z_p0p020,18,0.0020649912767112255,-0.00013318669516593218,0.0021981779718771577,0.0021981779718771577,4.831986396045974e-06
14,merged_fibers_output_z_p0p020,19,0.002288874238729477,-0.00017404320533387363,0.0024629174440633506,0.0024629174440633506,6.0659623362715475e-06
14,merged_fibers_output_z_p0p020,20,0.001868121325969696,-0.0002149327046936378,0.002083054030663334,0.002083054030663334,4.339114094662761e-06
14,merged_fibers_output_z_p0p020,21,0.00029057293431833386,-0.00025582819944247603,0.0005464011337608099,0.0005464011337608099,2.9855419897509847e-07
14,merged_fibers_output_z_p0p020,22,-0.0022991502191871405,-0.00029672510572709143,-0.002002425113460049,0.002002425113460049,4.00970633501549e-06
14,merged_fibers_output_z_p0p020,23,-0.005140937399119139,-0.00033762300154194236,-0.004803314397577196,0.004803314397577196,2.3071829201972385e-05
14,merged_fibers_output_z_p0p020,24,-0.007366195321083069,-0.0003785215085372329,-0.006987673812545836,0.006987673812545836,4.882758531053886e-05
14,merged_fibers_output_z_p0p020,25,-0.008558124303817749,-0.0004194251087028533,-0.008138699195114896,0.008138699195114896,6.623842458856385e-05
14,merged_fibers_output_z_p0p020,26,-0.008922556415200233,-0.0004603606939781457,-0.008462195721222088,0.008462195721222088,7.160875642426941e-05
14,merged_fibers_output_z_p0p020,27,-0.009619363583624363,-8.089727998594753e-08,-0.009619282686344377,0.009619282686344377,9.253059939980469e-05
14,merged_fibers_output_z_p0p020,28,-0.00891309604048729,-7.15433898790252e-08,-0.00891302449709741,0.00891302449709741,7.944200568585855e-05
14,merged_fibers_output_z_p0p020,29,-0.007643162272870541,-6.275835318092504e-08,-0.00764309951451736,0.00764309951451736,5.84169701888155e-05
14,merged_fibers_output_z_p0p020,30,-0.005884096957743168,-5.366636912640388e-08,-0.0058840432913740415,0.0058840432913740415,3.4621965454763864e-05
14,merged_fibers_output_z_p0p020,31,-0.003930465318262577,-4.426376065680415e-08,-0.00393042105450192,0.00393042105450192,1.5448209665671986e-05
14,merged_fibers_output_z_p0p020,32,-0.002211775630712509,-3.567392070635833e-08,-0.002211739956791803,0.002211739956791803,4.891793636469406e-06
14,merged_fibers_output_z_p0p020,33,-0.0010724880266934633,-2.7802819602129603e-08,-0.0010724602238738612,0.0010724602238738612,1.1501709317915725e-06
14,merged_fibers_output_z_p0p020,34,-0.0005784911918453872,-2.025250012138713e-08,-0.0005784709393452658,0.0005784709393452658,3.346286276669942e-07
14,merged_fibers_output_z_p0p020,35,-0.0005064803990535438,-1.3811660259932523e-08,-0.0005064665873932839,0.0005064665873932839,2.565084041457989e-07
14,merged_fibers_output_z_p0p020,36,-0.002207117388024926,0.00013152830069884658,-0.0023386456887237728,0.0023386456887237728,5.4692636573862895e-06
14,merged_fibers_output_z_p0p020,37,-0.002886321162804961,0.0001723692985251546,-0.003058690461330116,0.003058690461330116,9.355587338231837e-06
14,merged_fibers_output_z_p0p020,38,-0.0036393313203006983,0.00021324330009520054,-0.003852574620395899,0.003852574620395899,1.4842331205718604e-05
14,merged_fibers_output_z_p0p020,39,-0.0042177061550319195,0.0002541228896006942,-0.004471829044632614,0.004471829044632614,1.9997255004419834e-05
14,merged_fibers_output_z_p0p020,40,-0.004723192658275366,0.0002950030902866274,-0.005018195748561993,0.005018195748561993,2.5182288570885663e-05
14,merged_fibers_output_z_p0p020,41,-0.005522873252630234,0.0003358829126227647,-0.0058587561652529985,0.0058587561652529985,3.432502380389002e-05
14,merged_fibers_output_z_p0p020,42,-0.006893005687743425,0.0003767632006201893,-0.007269768888363615,0.007269768888363615,5.2849539690219545e-05
14,merged_fibers_output_z_p0p020,43,-0.008681757375597954,0.0004176482034381479,-0.009099405579036102,0.009099405579036102,8.279918189179334e-05
14,merged_fibers_output_z_p0p020,44,-0.010286673903465271,0.0004585623973980546,-0.010745236300863326,0.010745236300863326,0.00011546010316139097
14,merged_fibers_output_z_p0p020,45,-0.011022037826478481,0.0009328235173597932,-0.011954861343838274,0.011954861343838274,0.00014291870975039866
14,merged_fibers_output_z_p0p020,46,-0.008679584600031376,0.000850923708640039,-0.009530508308671415,0.009530508308671415,9.083058862165487e-05
14,merged_fibers_output_z_p0p020,47,-0.006160100921988487,0.0007691296050325036,-0.006929230527020991,0.006929230527020991,4.80142356965996e-05
14,merged_fibers_output_z_p0p020,48,-0.004680905491113663,0.0006873561069369316,-0.005368261598050594,0.005368261598050594,2.881823258510472e-05
14,merged_fibers_output_z_p0p020,49,-0.004467053804546595,0.0006055852863937616,-0.005072639090940356,0.005072639090940356,2.5731667346936204e-05
14,merged_fibers_output_z_p0p020,50,-0.004724757745862007,0.0005238162120804191,-0.005248573957942426,0.005248573957942426,2.7547528591991425e-05
14,merged_fibers_output_z_p0p020,51,-0.004419195465743542,0.0004420508921612054,-0.004861246357904747,0.004861246357904747,2.3631716152242168e-05
14,merged_fibers_output_z_p0p020,52,-0.0031919791363179684,0.00036030029878020287,-0.0035522794350981712,0.0035522794350981712,1.2618689185021383e-05
14,merged_fibers_output_z_p0p020,53,-0.001661155023612082,0.00027862010756507516,-0.0019397751311771572,0.0019397751311771572,3.7627275595333573e-06
14,merged_fibers_output_z_p0p020,54,-0.008790639229118824,-0.001207267981953919,-0.007583371247164905,0.007583371247164905,5.750751947232741e-05
14,merged_fibers_output_z_p0p020,55,-0.008761837147176266,-0.000904951011762023,-0.007856886135414243,0.007856886135414243,6.173065974486455e-05
14,merged_fibers_output_z_p0p020,56,-0.008870814926922321,-0.0006027672789059579,-0.008268047648016363,0.008268047648016363,6.836061190986891e-05
14,merged_fibers_output_z_p0p020,57,-0.009226236492395401,-0.00030065811006352305,-0.008925578382331878,0.008925578382331878,7.966594945915014e-05
14,merged_fibers_output_z_p0p020,58,-0.009824513457715511,1.4198450344338198e-06,-0.009825933302749945,0.009825933302749945,9.654896527009045e-05
14,merged_fibers_output_z_p0p020,59,-0.01054450124502182,0.0003034975961782038,-0.010847998841200024,0.010847998841200024,0.00011767907885867706
14,merged_fibers_output_z_p0p020,60,-0.011218635365366936,0.0006056110723875463,-0.011824246437754482,0.011824246437754482,0.00013981280382074955
14,merged_fibers_output_z_p0p020,61,-0.011721636168658733,0.0009077897993847728,-0.012629425968043506,0.012629425968043506,0.00015950240028229164
14,merged_fibers_output_z_p0p020,62,-0.01201137900352478,0.0012101080501452088,-0.013221487053669989,0.013221487053669989,0.00017480771991036312
14,merged_fibers_output_z_p0p020,63,-0.012023218907415867,0.0014784210361540318,-0.013501639943569899,0.013501639943569899,0.00018229428116580217
14,merged_fibers_output_z_p0p020,64,-0.008823606185615063,-0.0014475439675152302,-0.0073760622180998325,0.0073760622180998325,5.440629384527982e-05
14,merged_fibers_output_z_p0p020,65,-0.00879654660820961,-0.001166517031379044,-0.007630029576830566,0.007630029576830566,5.8217351343309225e-05
14,merged_fibers_output_z_p0p020,66,-0.008767643943428993,-0.0008766594110056758,-0.007890984532423317,0.007890984532423317,6.226763689094404e-05
14,merged_fibers_output_z_p0p020,67,-0.008865791372954845,-0.0005868541193194687,-0.008278937253635377,0.008278937253635377,6.854080204963167e-05
14,merged_fibers_output_z_p0p020,68,-0.00919406209141016,-0.0002970829955302179,-0.008896979095879942,0.008896979095879942,7.915623703252467e-05
14,merged_fibers_output_z_p0p020,69,-0.009747706353664398,-7.328800165851135e-06,-0.009740377553498547,0.009740377553498547,9.487495488469834e-05
14,merged_fibers_output_z_p0p020,70,-0.010409334674477577,0.00028242490952834487,-0.010691759584005922,0.010691759584005922,0.00011431372300218248
14,merged_fibers_output_z_p0p020,71,-0.01101941242814064,0.0005721942870877683,-0.011591606715228409,0.011591606715228409,0.00013436534624052833
14,merged_fibers_output_z_p0p020,72,-0.011463840492069721,0.0008619970758445561,-0.012325837567914277,0.012325837567914277,0.00015192627175060694
14,merged_fibers_output_z_p0p020,73,-0.011712964624166489,0.0011518510291352868,-0.012864815653301775,0.012864815653301775,0.00016550348179343837
14,merged_fibers_output_z_p0p020,74,-0.010907258838415146,0.0013856400037184358,-0.012292898842133582,0.012292898842133582,0.00015111536194292914
14,merged_fibers_output_z_p0p020,75,-0.010887609794735909,0.0011223029578104615,-0.01200991275254637,0.01200991275254637,0.0001442380043237759
14,merged_fibers_output_z_p0p020,76,-0.010777915827929974,0.0008447985164821148,-0.011622714344412088,0.011622714344412088,0.00013508748873180252
14,merged_fibers_output_z_p0p020,77,-0.010525449179112911,0.0005673173000104725,-0.011092766479123384,0.011092766479123384,0.0001230494681603634
14,merged_fibers_output_z_p0p020,78,-0.010112715885043144,0.0002898557868320495,-0.010402571671875194,0.010402571671875194,0.00010821349738850026
14,merged_fibers_output_z_p0p020,79,-0.00961036141961813,1.2404960216372274e-05,-0.009622766379834502,0.009622766379834502,9.25976328008732e-05
14,merged_fibers_output_z_p0p020,80,-0.009154175408184528,-0.0002650455862749368,-0.008889129821909592,0.008889129821909592,7.901662899076245e-05
14,merged_fibers_output_z_p0p020,81,-0.008863929659128189,-0.0005425061099231243,-0.008321423549205065,0.008321423549205065,6.924608988526462e-05
14,merged_fibers_output_z_p0p020,82,-0.008766626939177513,-0.0008199859876185656,-0.007946640951558948,0.007946640951558948,6.31491024129937e-05
14,merged_fibers_output_z_p0p020,83,-0.008786558173596859,-0.001097489963285625,-0.007689068210311234,0.007689068210311234,5.91217699428188e-05
14,merged_fibers_output_z_p0p020,84,-0.008730501867830753,-0.0013242480345070362,-0.007406253833323717,0.007406253833323717,5.4852595843622254e-05
14,merged_fibers_output_z_p0p020,85,-0.008715072646737099,-0.0010780399898067117,-0.007637032656930387,0.007637032656930387,5.8324267803021206e-05
14,merged_fibers_output_z_p0p020,86,-0.008697476238012314,-0.0008128414046950638,-0.00788463483331725,0.00788463483331725,6.216746645475974e-05
14,merged_fibers_output_z_p0p020,87,-0.00876275822520256,-0.000547654926776886,-0.008215103298425674,0.008215103298425674,6.74879222038044e-05
14,merged_fibers_output_z_p0p020,88,-0.008963987231254578,-0.0002824797120410949,-0.008681507519213483,0.008681507519213483,7.536857280616024e-05
14,merged_fibers_output_z_p0p020,89,-0.0092643853276968,-1.731134943838697e-05,-0.009247073978258413,0.009247073978258413,8.550837715938388e-05
14,merged_fibers_output_z_p0p020,90,-0.009551324881613255,0.00024785648565739393,-0.009799181367270648,0.009799181367270648,9.602395546866426e-05
14,merged_fibers_output_z_p0p020,91,-0.009714513085782528,0.0005130302160978317,-0.01022754330188036,0.01022754330188036,0.00010460264199183781
14,merged_fibers_output_z_p0p020,92,-0.009725870564579964,0.0007782144821248949,-0.010504085046704859,0.010504085046704859,0.00011033580266840861
14,merged_fibers_output_z_p0p020,93,-0.009655727073550224,0.0010434100404381752,-0.0106991371139884,0.0106991371139884,0.00011447153498392402
14,merged_fibers_output_z_p0p020,94,-0.008082723245024681,0.0012626319658011198,-0.009345355210825801,0.009345355210825801,8.733566401650895e-05
14,merged_fibers_output_z_p0p020,95,-0.008193889632821083,0.001033034990541637,-0.00922692462336272,0.00922692462336272,8.513613800521727e-05
14,merged_fibers_output_z_p0p020,96,-0.008463376201689243,0.0007801247993484139,-0.009243501001037657,0.009243501001037657,8.544231075618417e-05
14,merged_fibers_output_z_p0p020,97,-0.008746694773435593,0.0005272197886370122,-0.009273914562072605,0.009273914562072605,8.600549130462231e-05
14,merged_fibers_output_z_p0p020,98,-0.008892935700714588,0.0002743205986917019,-0.00916725629940629,0.00916725629940629,8.403858805900431e-05
14,merged_fibers_output_z_p0p020,99,-0.00885492842644453,2.142511038982775e-05,-0.008876353536834358,0.008876353536834358,7.878965211087182e-05
14,merged_fibers_output_z_p0p020,100,-0.0087031414732337,-0.00023146999592427164,-0.008471671477309428,0.008471671477309428,7.176921761945811e-05
14,merged_fibers_output_z_p0p020,101,-0.008556002750992775,-0.00048436838551424444,-0.00807163436547853,0.00807163436547853,6.5151281329974e-05
14,merged_fibers_output_z_p0p020,102,-0.0084882453083992,-0.0007372726104222238,-0.007750972697976977,0.007750972697976977,6.007757776478449e-05
14,merged_fibers_output_z_p0p020,103,-0.008490284904837608,-0.0009901829762384295,-0.007500101928599179,0.007500101928599179,5.625152893937712e-05
14,merged_fibers_output_z_p0p020,104,-0.008045428432524204,-0.001201341045089066,-0.006844087387435138,0.006844087387435138,4.6841532166848736e-05
14,merged_fibers_output_z_p0p020,105,-0.00804614182561636,-0.000987852574326098,-0.007058289251290262,0.007058289251290262,4.9819447154879644e-05
14,merged_fibers_output_z_p0p020,106,-0.008047541603446007,-0.0007472187280654907,-0.007300322875380516,0.007300322875380516,5.3294714084804046e-05
14,merged_fibers_output_z_p0p020,107,-0.008099247701466084,-0.00050658721011132,-0.0075926604913547635,0.0075926604913547635,5.764849333697956e-05
14,merged_fibers_output_z_p0p020,108,-0.00819949246942997,-0.0002659588062670082,-0.007933533663162962,0.007933533663162962,6.294095638453993e-05
14,merged_fibers_output_z_p0p020,109,-0.008262521587312222,-2.5332290533697233e-05,-0.008237189296778524,0.008237189296778524,6.785128751096268e-05
14,merged_fibers_output_z_p0p020,110,-0.008158824406564236,0.00021529410150833428,-0.00837411850807257,0.00837411850807257,7.012586078724356e-05
14,merged_fibers_output_z_p0p020,111,-0.007816148921847343,0.00045592221431434155,-0.008272071136161685,0.008272071136161685,6.842716088171927e-05
14,merged_fibers_output_z_p0p020,112,-0.007303639315068722,0.0006965533830225468,-0.008000192698091269,0.008000192698091269,6.400308320659285e-05
14,merged_fibers_output_z_p0p020,113,-0.006823760457336903,0.0009371878113597631,-0.007760948268696666,0.007760948268696666,6.0232318029385774e-05
14,merged_fibers_output_z_p0p020,114,-0.005318872630596161,0.0011398099595680833,-0.006458682590164244,0.006458682590164244,4.171458080049071e-05
14,merged_fibers_output_z_p0p020,115,-0.005513397976756096,0.0009419294074177742,-0.00645532738417387,0.00645532738417387,4.167125163686506e-05
14,merged_fibers_output_z_p0p020,116,-0.006072739139199257,0.0007135649211704731,-0.00678630406036973,0.00678630406036973,4.6053922799790684e-05
14,merged_fibers_output_z_p0p020,117,-0.006755465641617775,0.00048520241398364305,-0.007240668055601418,0.007240668055601418,5.242727389140682e-05
14,merged_fibers_output_z_p0p020,118,-0.007286743260920048,0.00025684188585728407,-0.007543585146777332,0.007543585146777332,5.690567686667958e-05
14,merged_fibers_output_z_p0p020,119,-0.007528228685259819,2.848268923116848e-05,-0.0075567113744909875,0.0075567113744909875,5.710388679736147e-05
14,merged_fibers_output_z_p0p020,120,-0.00752249313518405,-0.00019987620180472732,-0.007322616933379322,0.007322616933379322,5.362071875301359e-05
14,merged_fibers_output_z_p0p020,121,-0.007415987551212311,-0.0004282357986085117,-0.006987751752603799,0.006987751752603799,4.882867455601746e-05
14,merged_fibers_output_z_p0p020,122,-0.007335244212299585,-0.0006565966759808362,-0.006678647536318749,0.006678647536318749,4.4604332914376495e-05
14,merged_fibers_output_z_p0p020,123,-0.00731459679082036,-0.0008849587175063789,-0.006429638073313981,0.006429638073313981,4.134024575380872e-05
14,merged_fibers_output_z_p0p020,124,-0.006266384851187468,-0.0010785210179165006,-0.005187863833270967,0.005187863833270967,2.6913931152560932e-05
14,merged_fibers_output_z_p0p020,125,-0.006280940491706133,-0.0008957621175795794,-0.0053851783741265535,0.0053851783741265535,2.900014612116031e-05
14,merged_fibers_output_z_p0p020,126,-0.006297048181295395,-0.0006796685047447681,-0.005617379676550627,0.005617379676550627,3.1554954430524024e-05
14,merged_fibers_output_z_p0p020,127,-0.006391466595232487,-0.0004635755030903965,-0.00592789109214209,0.00592789109214209,3.513989280029754e-05
14,merged_fibers_output_z_p0p020,128,-0.0065623982809484005,-0.0002474831126164645,-0.006314915168331936,0.006314915168331936,3.987815358322876e-05
14,merged_fibers_output_z_p0p020,129,-0.006689310073852539,-3.139102045679465e-05,-0.006657919053395744,0.006657919053395744,4.4327886121570087e-05
14,merged_fibers_output_z_p0p020,130,-0.006585769355297089,0.00018470120267011225,-0.006770470557967201,0.006770470557967201,4.58392715763007e-05
14,merged_fibers_output_z_p0p020,131,-0.0061409189365804195,0.00040079408790916204,-0.006541713024489582,0.006541713024489582,4.279400929477663e-05
14,merged_fibers_output_z_p0p020,132,-0.00544181140139699,0.0006168882246129215,-0.006058699626009911,0.006058699626009911,3.6707841158212636e-05
14,merged_fibers_output_z_p0p020,133,-0.004768139682710171,0.0008329838747158647,-0.005601123557426035,0.005601123557426035,3.1372585105552886e-05
14,merged_fibers_output_z_p0p020,134,-0.003963187336921692,0.0010170229943469167,-0.004980210331268609,0.004980210331268609,2.4802494943674584e-05
14,merged_fibers_output_z_p0p020,135,-0.0047152163460850716,0.0006450567743740976,-0.005360273120459169,0.005360273120459169,2.873252792591708e-05
14,merged_fibers_output_z_p0p020,136,-0.0053673842921853065,0.0004412299022078514,-0.005808614194393158,0.005808614194393158,3.3739998859305675e-05
14,merged_fibers_output_z_p0p020,137,-0.005770314484834671,0.00023740380129311234,-0.006007718286127783,0.006007718286127783,3.6092679005474154e-05
14,merged_fibers_output_z_p0p020,138,-0.0057866256684064865,3.357815876370296e-05,-0.0058202038271701895,0.0058202038271701895,3.3874772589806524e-05
14,merged_fibers_output_z_p0p020,139,-0.005522915627807379,-0.00017024729459080845,-0.00535266833321657,0.00535266833321657,2.8651058285419457e-05
14,merged_fibers_output_z_p0p020,140,-0.005209597758948803,-0.0003740728134289384,-0.0048355249455198646,0.0048355249455198646,2.338230149874489e-05
14,merged_fibers_output_z_p0p020,141,-0.005019825417548418,-0.0005778985214419663,-0.004441926896106452,0.004441926896106452,1.9730714550353897e-05
14,merged_fibers_output_z_p0p020,142,-0.0049721612595021725,-0.0007817244040779769,-0.0041904368554241955,0.0041904368554241955,1.755976103929742e-05
14,merged_fibers_output_z_p0p020,143,-0.003450713586062193,-0.0009557188022881746,-0.0024949947837740183,0.0024949947837740183,6.22499897105956e-06
14,merged_fibers_output_z_p0p020,144,-0.0034867520444095135,-0.000610163901001215,-0.0028765881434082985,0.0028765881434082985,8.274759346797202e-06
14,merged_fibers_output_z_p0p020,145,-0.0036762545350939035,-0.00041860470082610846,-0.003257649834267795,0.003257649834267795,1.0612282442704993e-05
14,merged_fibers_output_z_p0p020,146,-0.00411481037735939,-0.00022704570437781513,-0.003887764672981575,0.003887764672981575,1.5114714152483533e-05
14,merged_fibers_output_z_p0p020,147,-0.004679770674556494,-3.548671884345822e-05,-0.0046442839557130355,0.0046442839557130355,2.156937346129352e-05
14,merged_fibers_output_z_p0p020,148,-0.0050902580842375755,0.00015607220120728016,-0.005246330285444856,0.005246330285444856,2.75239814639759e-05
14,merged_fibers_output_z_p0p020,149,-0.005103110335767269,0.0003476314013823867,-0.005450741737149656,0.005450741737149656,2.9710585485105248e-05
14,merged_fibers_output_z_p0p020,150,-0.004712722729891539,0.000539190776180476,-0.005251913506072015,0.005251913506072015,2.758259547526164e-05
14,merged_fibers_output_z_p0p020,151,-0.004186603706330061,0.0007307502091862261,-0.004917353915516287,0.004917353915516287,2.418036953044336e-05
14,merged_fibers_output_z_p0p020,152,-0.00407123938202858,0.0008942338754422963,-0.004965473257470876,0.004965473257470876,2.4655924670658432e-05
14,merged_fibers_output_z_p0p020,153,-0.004539119079709053,0.0005745879025198519,-0.005113706982228905,0.005113706982228905,2.6149999100096654e-05
14,merged_fibers_output_z_p0p020,154,-0.004799275659024715,0.00039529570494778454,-0.0051945713639725,0.0051945713639725,2.6983571655403118e-05
14,merged_fibers_output_z_p0p020,155,-0.004632584284991026,0.00021600349282380193,-0.004848587777814828,0.004848587777814828,2.350880343917533e-05
14,merged_fibers_output_z_p0p020,156,-0.0039812978357076645,3.671125159598887e-05,-0.004018009087303653,0.004018009087303653,1.6144397025654737e-05
14,merged_fibers_output_z_p0p020,157,-0.003097586100921035,-0.00014258110604714602,-0.002955004994873889,0.002955004994873889,8.732054519729631e-06
14,merged_fibers_output_z_p0p020,158,-0.0023495336063206196,-0.00032187349279411137,-0.002027660113526508,0.002027660113526508,4.111405535986332e-06
14,merged_fibers_output_z_p0p020,159,-0.001958503620699048,-0.0005011662724427879,-0.0014573373482562602,0.0014573373482562602,2.123832146622588e-06
14,merged_fibers_output_z_p0p020,160,-0.0018785446882247925,-0.0006804593722335994,-0.001198085315991193,0.001198085315991193,1.435408424393717e-06
14,merged_fibers_output_z_p0p020,161,-0.0003486458444967866,-0.0008329299162141979,0.0004842840717174113,0.0004842840717174113,2.3453106211919475e-07
14,merged_fibers_output_z_p0p020,162,-0.0003624035743996501,-0.0005386985139921308,0.00017629493959248066,0.00017629493959248066,3.1079905725916405e-08
14,merged_fibers_output_z_p0p020,163,-0.0006571013364009559,-0.00037167189293541014,-0.0002854294434655458,0.0002854294434655458,8.146996719705119e-08
14,merged_fibers_output_z_p0p020,164,-0.0014440726954489946,-0.00020464579574763775,-0.0012394268997013569,0.0012394268997013569,1.5361790397033174e-06
14,merged_fibers_output_z_p0p020,165,-0.0026223398745059967,-3.762004052987322e-05,-0.0025847198339761235,0.0025847198339761235,6.68077662014956e-06
14,merged_fibers_output_z_p0p020,166,-0.003801003796979785,0.00012940559827256948,-0.0039304093952523544,0.0039304093952523544,1.544811801428798e-05
14,merged_fibers_output_z_p0p020,167,-0.004555643070489168,0.0002964310988318175,-0.004852074169320986,0.004852074169320986,2.3542623744591932e-05
14,merged_fibers_output_z_p0p020,168,-0.004728672094643116,0.00046345649752765894,-0.005192128592170775,0.005192128592170775,2.6958199317637273e-05
14,merged_fibers_output_z_p0p020,169,-0.004529074300080538,0.000630481808912009,-0.005159556108992547,0.005159556108992547,2.662101924184231e-05
14,merged_fibers_output_z_p0p020,170,-0.004524874500930309,0.000771452090702951,-0.00529632659163326,0.00529632659163326,2.8051075365241587e-05
14,merged_fibers_output_z_p0p020,171,-0.004741640295833349,0.0005021578981541097,-0.005243798193987459,0.005243798193987459,2.7497419499266136e-05
14,merged_fibers_output_z_p0p020,172,-0.004611657932400703,0.00034739880356937647,-0.00495905673597008,0.00495905673597008,2.4592243710570223e-05
14,merged_fibers_output_z_p0p020,173,-0.003858894808217883,0.0001926397962961346,-0.004051534604514018,0.004051534604514018,1.6414932651574557e-05
14,merged_fibers_output_z_p0p020,174,-0.002502427902072668,3.7880810850765556e-05,-0.0025403087129234336,0.0025403087129234336,6.453168356954712e-06
14,merged_fibers_output_z_p0p020,175,-0.0009496032726019621,-0.00011687829828588292,-0.0008327249743160792,0.0008327249743160792,6.934308828497147e-07
14,merged_fibers_output_z_p0p020,176,0.00027638388564810157,-0.0002716378076002002,0.0005480216932483017,0.0005480216932483017,3.0032777627073573e-07
14,merged_fibers_output_z_p0p020,177,0.0008920743130147457,-0.00042639789171516895,0.0013184722047299147,0.0013184722047299147,1.738368954645362e-06
14,merged_fibers_output_z_p0p020,178,0.001007027574814856,-0.0005811583832837641,0.0015881859580986202,0.0015881859580986202,2.522334637501632e-06
14,merged_fibers_output_z_p0p020,179,0.002036487450823188,-0.0007101328228600323,0.00274662027368322,0.00274662027368322,7.543922927807687e-06
14,merged_fibers_output_z_p0p020,180,0.0020618296694010496,-0.0004652724019251764,0.002527102071326226,0.002527102071326226,6.386244878901302e-06
14,merged_fibers_output_z_p0p020,181,0.0016996029298752546,-0.00032277809805236757,0.002022381027927622,0.002022381027927622,4.090025022121586e-06
14,merged_fibers_output_z_p0p020,182,0.0006499640294350684,-0.00018028459453489631,0.0008302486239699647,0.0008302486239699647,6.893127776040198e-07
14,merged_fibers_output_z_p0p020,183,-0.0010036195162683725,-3.779173857765272e-05,-0.0009658277776907198,0.0009658277776907198,9.328232961589944e-07
14,merged_fibers_output_z_p0p020,184,-0.002770843217149377,0.00010470079723745584,-0.0028755440143868327,0.0028755440143868327,8.268753378675941e-06
14,merged_fibers_output_z_p0p020,185,-0.004068977665156126,0.00024719341308809817,-0.004316171078244224,0.004316171078244224,1.8629332776671908e-05
14,merged_fibers_output_z_p0p020,186,-0.004619681742042303,0.00038968640728853643,-0.0050093681493308395,0.0050093681493308395,2.509376925553028e-05
14,merged_fibers_output_z_p0p020,187,-0.004608082585036755,0.0005321800126694143,-0.005140262597706169,0.005140262597706169,2.642229957337697e-05
14,merged_fibers_output_z_p0p020,188,-0.004080917686223984,0.0006486846250481904,-0.004729602311272174,0.004729602311272174,2.236913802279109e-05
14,merged_fibers_output_z_p0p020,189,-0.004336664453148842,0.0004277692933101207,-0.0047644337464589626,0.0047644337464589626,2.2699828924396985e-05
14,merged_fibers_output_z_p0p020,190,-0.004170206841081381,0.00029754071147181094,-0.004467747552553192,0.004467747552553192,1.9960768193345034e-05
14,merged_fibers_output_z_p0p020,191,-0.0032461085356771946,0.00016731349751353264,-0.0034134220331907272,0.0034134220331907272,1.1651449976671918e-05
14,merged_fibers_output_z_p0p020,192,-0.0015754904597997665,3.708713120431639e-05,-0.001612577591004083,0.001612577591004083,2.6004064870085314e-06
14,merged_fibers_output_z_p0p020,193,0.00034948840038850904,-9.313911141362041e-05,0.00044262751180212945,0.00044262751180212945,1.9591911420414424e-07
14,merged_fibers_output_z_p0p020,194,0.0018813546048477292,-0.00022336610709317029,0.0021047207119408995,0.0021047207119408995,4.429849275273007e-06
14,merged_fibers_output_z_p0p020,195,0.002657901030033827,-0.0003535946016199887,0.0030114956316538155,0.0030114956316538155,9.069105939470013e-06
14,merged_fibers_output_z_p0p020,196,0.0028035403229296207,-0.0004838246095459908,0.0032873649324756116,0.0032873649324756116,1.0806768199270381e-05
14,merged_fibers_output_z_p0p020,197,0.00312512693926692,-0.0005873574991710484,0.0037124844384379685,0.0037124844384379685,1.3782540705644078e-05
14,merged_fibers_output_z_p0p020,198,0.0031869057565927505,-0.00038989228778518736,0.003576798044377938,0.003576798044377938,1.279348425026584e-05
14,merged_fibers_output_z_p0p020,199,0.0028143818490207195,-0.00027192579000256956,0.003086307639023289,0.003086307639023289,9.525294842693508e-06
14,merged_fibers_output_z_p0p020,200,0.0016814055852591991,-0.00015396240632981062,0.0018353679915890098,0.0018353679915890098,3.3685756645494754e-06
14,merged_fibers_output_z_p0p020,201,-0.00012037341366522014,-3.600136915338226e-05,-8.437204451183788e-05,8.437204451183788e-05,7.118641895107553e-09
14,merged_fibers_output_z_p0p020,202,-0.0020278748124837875,8.195891859941185e-05,-0.0021098337310831994,0.0021098337310831994,4.451398372816454e-06
14,merged_fibers_output_z_p0p020,203,-0.003369956975802779,0.00019992029410786927,-0.0035698772699106485,0.0035698772699106485,1.2744023722224704e-05
14,merged_fibers_output_z_p0p020,204,-0.0038358408492058516,0.0003178842016495764,-0.004153725050855428,0.004153725050855428,1.7253431798103928e-05
14,merged_fibers_output_z_p0p020,205,-0.0036689573898911476,0.00043585090315900743,-0.004104808293050155,0.004104808293050155,1.6849451122693327e-05
14,merged_fibers_output_z_p0p020,206,-0.0024618899915367365,0.0005259520839899778,-0.0029878420755267143,0.0029878420755267143,8.927200268287784e-06
14,merged_fibers_output_z_p0p020,207,-0.003034646390005946,0.0003514353884384036,-0.0033860817784443498,0.0033860817784443498,1.146554981031285e-05
14,merged_fibers_output_z_p0p020,208,-0.0032366542145609856,0.0002457287919241935,-0.003482383006485179,0.003482383006485179,1.2126991403856754e-05
14,merged_fibers_output_z_p0p020,209,-0.002646468114107847,0.00014002789976075292,-0.0027864960138686,0.0027864960138686,7.764560035305598e-06
14,merged_fibers_output_z_p0p020,210,-0.0011682820040732622,3.433120946283452e-05,-0.0012026132135360967,0.0012026132135360967,1.4462785413716175e-06
14,merged_fibers_output_z_p0p020,211,0.0007188061135821044,-7.136441126931459e-05,0.000790170524851419,0.000790170524851419,6.24369458343967e-07
14,merged_fibers_output_z_p0p020,212,0.002301708096638322,-0.0001770624949131161,0.002478770591551438,0.002478770591551438,6.144303645540266e-06
14,merged_fibers_output_z_p0p020,213,0.003135432954877615,-0.00028276589000597596,0.003418198844883591,0.003418198844883591,1.1684083343163515e-05
14,merged_fibers_output_z_p0p020,214,0.003301610006019473,-0.00038847530959174037,0.0036900853156112134,0.0036900853156112134,1.3616729636489509e-05
14,merged_fibers_output_z_p0p020,215,0.0031302934512495995,-0.0004646620946004987,0.003594955545850098,0.003594955545850098,1.2923705376638377e-05
14,merged_fibers_output_z_p0p020,216,0.0032104672864079475,-0.0003125884977634996,0.003523055784171447,0.003523055784171447,1.241192205838389e-05
14,merged_fibers_output_z_p0p020,217,0.0028679976239800453,-0.0002191324019804597,0.003087130025960505,0.003087130025960505,9.530371797186908e-06
14,merged_fibers_output_z_p0p020,218,0.0017955428920686245,-0.00012568759848363698,0.0019212304905522615,0.0019212304905522615,3.6911265978276833e-06
14,merged_fibers_output_z_p0p020,219,0.00011276407167315483,-3.2251118682324886e-05,0.00014501519035547972,0.00014501519035547972,2.1029405433836018e-08
14,merged_fibers_output_z_p0p020,220,-0.0015743332915008068,6.118285818956792e-05,-0.0016355161496903747,0.0016355161496903747,2.6749130758980282e-06
14,merged_fibers_output_z_p0p020,221,-0.0025708558969199657,0.00015462130249943584,-0.0027254771994194016,0.0027254771994194016,7.428225964555024e-06
14,merged_fibers_output_z_p0p020,222,-0.0026035085320472717,0.00024806929286569357,-0.0028515778249129653,0.0028515778249129653,8.131496091535358e-06
14,merged_fibers_output_z_p0p020,223,-0.002026684582233429,0.0003415280079934746,-0.0023682125902269036,0.0023682125902269036,5.60843087250922e-06
14,merged_fibers_output_z_p0p020,224,-0.0005890403408557177,0.0004033820878248662,-0.0009924224286805838,0.0009924224286805838,9.849022769482685e-07
14,merged_fibers_output_z_p0p020,225,-0.0015023683663457632,0.0002732237917371094,-0.0017755921580828726,0.0017755921580828726,3.152727511845393e-06
14,merged_fibers_output_z_p0p020,226,-0.0021929675713181496,0.0001920023059938103,-0.00238496987731196,0.00238496987731196,5.688081315685425e-06
14,merged_fibers_output_z_p0p020,227,-0.002128825755789876,0.00011080170224886388,-0.00223962745803874,0.00223962745803874,5.015931150801067e-06
14,merged_fibers_output_z_p0p020,228,-0.001074511557817459,2.961704012705013e-05,-0.0011041285979445092,0.0011041285979445092,1.2190999607989077e-06
14,merged_fibers_output_z_p0p020,229,0.0005593071691691875,-5.1562779844971374e-05,0.0006108699490141589,0.0006108699490141589,3.731620946085611e-07
14,merged_fibers_output_z_p0p020,230,0.002043894026428461,-0.00013275089440867305,0.002176644920837134,0.002176644920837134,4.737783111406094e-06
14,merged_fibers_output_z_p0p020,231,0.0028679263778030872,-0.0002139571006409824,0.0030818834784440696,0.0030818834784440696,9.498005774706518e-06
14,merged_fibers_output_z_p0p020,232,0.0030466816388070583,-0.0002951835922431201,0.0033418652310501784,0.0033418652310501784,1.1168063222502061e-05
14,merged_fibers_output_z_p0p020,233,0.002813986036926508,-0.0003423085145186633,0.0031562945514451712,0.0031562945514451712,9.962195295482474e-06
14,merged_fibers_output_z_p0p020,234,0.0028933007270097733,-0.00023351020354311913,0.0031268109305528924,0.0031268109305528924,9.776946595425045e-06
14,merged_fibers_output_z_p0p020,235,0.0025878753513097763,-0.0001644891017349437,0.00275236445304472,0.00275236445304472,7.5755100823841604e-06
14,merged_fibers_output_z_p0p020,236,0.001604577642865479,-9.550635877531022e-05,0.0017000840016407892,0.0017000840016407892,2.8902856126349588e-06
14,merged_fibers_output_z_p0p020,237,8.048699237406254e-05,-2.65535491053015e-05,0.00010704054147936404,0.00010704054147936404,1.1457677520195453e-08
14,merged_fibers_output_z_p0p020,238,-0.0013634380884468555,4.238983092363924e-05,-0.0014058279193704948,0.0014058279193704948,1.976352138881574e-06
14,merged_fibers_output_z_p0p020,239,-0.0020327989477664232,0.0001113480975618586,-0.002144147045328282,0.002144147045328282,4.597366551990001e-06
14,merged_fibers_output_z_p0p020,240,-0.0016899051843211055,0.00018033980450127274,-0.0018702449888223782,0.0018702449888223782,3.4978163182152174e-06
14,merged_fibers_output_z_p0p020,241,-0.0007678538677282631,0.0002493695938028395,-0.0010172234615311027,0.0010172234615311027,1.0347435706893187e-06
14,merged_fibers_output_z_p0p020,242,-3.291224129498005e-05,0.0003484426124487072,-0.00038135485374368727,0.00038135485374368727,1.454315244738691e-07
14,merged_fibers_output_z_p0p020,243,-0.008769186213612556,0.01846569962799549,-0.027234885841608047,0.027234885841608047,0.0007417390068054225
14,merged_fibers_output_z_p0p020,244,-0.008927233517169952,0.01698293909430504,-0.02591017261147499,0.02591017261147499,0.0006713370447564287
14,merged_fibers_output_z_p0p020,245,-0.009283439256250858,0.015520869754254818,-0.024804309010505676,0.024804309010505676,0.0006152537454886531
14,merged_fibers_output_z_p0p020,246,-0.008830520324409008,0.014052189886569977,-0.022882710210978985,0.022882710210978985,0.0005236184265996419
14,merged_fibers_output_z_p0p020,247,-0.007095223292708397,0.012629760429263115,-0.019724983721971512,0.019724983721971512,0.0003890749828320411
14,merged_fibers_output_z_p0p020,248,-0.005093132145702839,0.00989456195384264,-0.014987694099545479,0.014987694099545479,0.00022463097442155036
14,merged_fibers_output_z_p0p020,249,-0.005614664405584335,0.008611021563410759,-0.014225685968995094,0.014225685968995094,0.0002023701412884639
14,merged_fibers_output_z_p0p020,250,-0.0047928947024047375,0.007401190232485533,-0.01219408493489027,0.01219408493489027,0.00014869570739931785
14,merged_fibers_output_z_p0p020,251,-0.0024286857806146145,0.0062237991951406,-0.008652484975755215,0.008652484975755215,7.486549625566972e-05
14,merged_fibers_output_z_p0p020,252,-0.0003678601933643222,0.005124073009938002,-0.005491933203302324,0.005491933203302324,3.0161330309534524e-05
14,merged_fibers_output_z_p0p020,253,0.0020745503716170788,0.0031941370107233524,-0.0011195866391062737,0.0011195866391062737,1.2534742424652814e-06
14,merged_fibers_output_z_p0p020,254,0.0018216504249721766,0.002418709918856621,-0.0005970594938844442,0.0005970594938844442,3.564800392375487e-07
14,merged_fibers_output_z_p0p020,255,-0.0006967500667087734,0.0017275529680773616,-0.002424303034786135,0.002424303034786135,5.877245204473264e-06
14,merged_fibers_output_z_p0p020,256,-0.002955059986561537,0.0011185139883309603,-0.004073573974892497,0.004073573974892497,1.6594004928921458e-05
14,merged_fibers_output_z_p0p020,257,-0.002222566632553935,0.0006176395108923316,-0.0028402061434462667,0.0028402061434462667,8.066770937269915e-06
15,merged_fibers_output_z_p0p025,0,-0.008812380023300648,-0.0013859870377928019,-0.007426392985507846,0.007426392985507846,5.5151312775200136e-05
15,merged_fibers_output_z_p0p025,1,-0.00850255973637104,-0.0012630850542336702,-0.00723947468213737,0.00723947468213737,5.2409993673307976e-05
15,merged_fibers_output_z_p0p025,2,-0.007312948815524578,-0.0011403559474274516,-0.0061725928680971265,0.0061725928680971265,3.810090271528351e-05
15,merged_fibers_output_z_p0p025,3,-0.004967553541064262,-0.0010176709620282054,-0.003949882579036057,0.003949882579036057,1.5601572388172533e-05
15,merged_fibers_output_z_p0p025,4,-0.0018878738628700376,-0.0008949994808062911,-0.0009928743820637465,0.0009928743820637465,9.857995385584664e-07
15,merged_fibers_output_z_p0p025,5,0.0009710652520880103,-0.0007723227026872337,0.001743387954775244,0.001743387954775244,3.039401560855408e-06
15,merged_fibers_output_z_p0p025,6,0.0027402350679039955,-0.0006496664718724787,0.0033899015397764742,0.0033899015397764742,1.1491432449378911e-05
15,merged_fibers_output_z_p0p025,7,0.003221747698262334,-0.0005270388210192323,0.003748786519281566,0.003748786519281566,1.40534003671472e-05
15,merged_fibers_output_z_p0p025,8,0.0029640577267855406,-0.00040456769056618214,0.0033686254173517227,0.0033686254173517227,1.1347637202428068e-05
15,merged_fibers_output_z_p0p025,9,-0.008767848834395409,-0.0009264255058951676,-0.007841423328500241,0.007841423328500241,6.14879198167478e-05
15,merged_fibers_output_z_p0p025,10,-0.008500886149704456,-0.0008445210987702012,-0.007656365050934255,0.007656365050934255,5.86199257931675e-05
15,merged_fibers_output_z_p0p025,11,-0.007366701029241085,-0.0007627098239026964,-0.006603991205338389,0.006603991205338389,4.361269984018678e-05
15,merged_fibers_output_z_p0p025,12,-0.005056654568761587,-0.0006809188053011894,-0.004375735763460398,0.004375735763460398,1.914706347162635e-05
15,merged_fibers_output_z_p0p025,13,-0.001968418713659048,-0.0005991326761431992,-0.0013692860375158489,0.0013692860375158489,1.8749442525358547e-06
15,merged_fibers_output_z_p0p025,14,0.0009399332921020687,-0.0005173480021767318,0.0014572812942788005,0.0014572812942788005,2.123668770654896e-06
15,merged_fibers_output_z_p0p025,15,0.0027714171446859837,-0.0004355667042545974,0.003206983848940581,0.003206983848940581,1.0284745407365744e-05
15,merged_fibers_output_z_p0p025,16,0.0032957433722913265,-0.0003538031887728721,0.0036495465610641986,0.0036495465610641986,1.3319190101375518e-05
15,merged_fibers_output_z_p0p025,17,0.0030473845545202494,-0.00027212078566662967,0.003319505340186879,0.003319505340186879,1.1019115703529207e-05
15,merged_fibers_output_z_p0p025,18,0.002065003849565983,-0.00013318669516593218,0.002198190544731915,0.002198190544731915,4.832041670948793e-06
15,merged_fibers_output_z_p0p025,19,0.0022888777311891317,-0.00017404320533387363,0.0024629209365230054,0.0024629209365230054,6.065979539563358e-06
15,merged_fibers_output_z_p0p025,20,0.0018681170186027884,-0.0002149327046936378,0.0020830497232964262,0.0020830497232964262,4.339096149725318e-06
15,merged_fibers_output_z_p0p025,21,0.00029056688072159886,-0.00025582819944247603,0.0005463950801640749,0.0005463950801640749,2.9854758362750583e-07
15,merged_fibers_output_z_p0p025,22,-0.002299151849001646,-0.00029672510572709143,-0.0020024267432745546,0.0020024267432745546,4.009712862181139e-06
15,merged_fibers_output_z_p0p025,23,-0.00514093367382884,-0.00033762300154194236,-0.004803310672286898,0.004803310672286898,2.307179341450521e-05
15,merged_fibers_output_z_p0p025,24,-0.007366189733147621,-0.0003785215085372329,-0.006987668224610388,0.006987668224610388,4.8827507217229696e-05
15,merged_fibers_output_z_p0p025,25,-0.0085581224411726,-0.0004194251087028533,-0.008138697332469746,0.008138697332469746,6.623839426955017e-05
15,merged_fibers_output_z_p0p025,26,-0.008922561071813107,-0.0004603606939781457,-0.00846220037783496,0.00846220037783496,7.160883523463015e-05
15,merged_fibers_output_z_p0p025,27,-0.009619365446269512,-8.089727998594753e-08,-0.009619284548989526,0.009619284548989526,9.253063523442863e-05
15,merged_fibers_output_z_p0p025,28,-0.008913095109164715,-7.15433898790252e-08,-0.008913023565774836,0.008913023565774836,7.944198908405756e-05
15,merged_fibers_output_z_p0p025,29,-0.007643159478902817,-6.275835318092504e-08,-0.007643096720549636,0.007643096720549636,5.84169274796766e-05
15,merged_fibers_output_z_p0p025,30,-0.005884095095098019,-5.366636912640388e-08,-0.005884041428728892,0.005884041428728892,3.462194353499794e-05
15,merged_fibers_output_z_p0p025,31,-0.003930467180907726,-4.426376065680415e-08,-0.0039304229171470695,0.0039304229171470695,1.544822430763488e-05
15,merged_fibers_output_z_p0p025,32,-0.0022117800544947386,-3.567392070635833e-08,-0.0022117443805740322,0.0022117443805740322,4.89181320500081e-06
15,merged_fibers_output_z_p0p025,33,-0.0010724921012297273,-2.7802819602129603e-08,-0.0010724642984101251,0.0010724642984101251,1.1501796713643219e-06
15,merged_fibers_output_z_p0p025,34,-0.0005784914828836918,-2.025250012138713e-08,-0.0005784712303835704,0.0005784712303835704,3.346289643814818e-07
15,merged_fibers_output_z_p0p025,35,-0.0005064758006483316,-1.3811660259932523e-08,-0.0005064619889880717,0.0005064619889880717,2.5650374628975365e-07
15,merged_fibers_output_z_p0p025,36,-0.002207118319347501,0.00013152830069884658,-0.0023386466200463474,0.0023386466200463474,5.469268013454205e-06
15,merged_fibers_output_z_p0p025,37,-0.0028863209299743176,0.0001723692985251546,-0.003058690228499472,0.003058690228499472,9.355585913918153e-06
15,merged_fibers_output_z_p0p025,38,-0.0036393299233168364,0.00021324330009520054,-0.003852573223412037,0.003852573223412037,1.4842320441751412e-05
15,merged_fibers_output_z_p0p025,39,-0.004217703826725483,0.0002541228896006942,-0.004471826716326177,0.004471826716326177,1.999723418084856e-05
15,merged_fibers_output_z_p0p025,40,-0.004723191261291504,0.0002950030902866274,-0.005018194351578131,0.005018194351578131,2.518227455021066e-05
15,merged_fibers_output_z_p0p025,41,-0.005522872321307659,0.0003358829126227647,-0.005858755233930424,0.005858755233930424,3.4325012891107135e-05
15,merged_fibers_output_z_p0p025,42,-0.0068930028937757015,0.0003767632006201893,-0.007269766094395891,0.007269766094395891,5.2849499067228083e-05
15,merged_fibers_output_z_p0p025,43,-0.008681751787662506,0.0004176482034381479,-0.009099399991100654,0.009099399991100654,8.279908019804259e-05
15,merged_fibers_output_z_p0p025,44,-0.010286668315529823,0.0004585623973980546,-0.010745230712927878,0.010745230712927878,0.00011545998307404855
15,merged_fibers_output_z_p0p025,45,-0.011022031307220459,0.0009328235173597932,-0.011954854824580252,0.011954854824580252,0.00014291855387678972
15,merged_fibers_output_z_p0p025,46,-0.008679579012095928,0.000850923708640039,-0.009530502720735967,0.009530502720735967,9.083048210995567e-05
15,merged_fibers_output_z_p0p025,47,-0.0061600953340530396,0.0007691296050325036,-0.006929224939085543,0.006929224939085543,4.801415825644505e-05
15,merged_fibers_output_z_p0p025,48,-0.004680899903178215,0.0006873561069369316,-0.005368256010115147,0.005368256010115147,2.8818172590137393e-05
15,merged_fibers_output_z_p0p025,49,-0.004467048682272434,0.0006055852863937616,-0.005072633968666196,0.005072633968666196,2.573161538006616e-05
15,merged_fibers_output_z_p0p025,50,-0.0047247521579265594,0.0005238162120804191,-0.0052485683700069785,0.0052485683700069785,2.754746993463771e-05
15,merged_fibers_output_z_p0p025,51,-0.004419189877808094,0.0004420508921612054,-0.0048612407699692994,0.0048612407699692994,2.3631661823611706e-05
15,merged_fibers_output_z_p0p025,52,-0.003191974014043808,0.00036030029878020287,-0.003552274312824011,0.003552274312824011,1.2618652793549298e-05
15,merged_fibers_output_z_p0p025,53,-0.0016611499013379216,0.00027862010756507516,-0.0019397700089029968,0.0019397700089029968,3.762707687439532e-06
15,merged_fibers_output_z_p0p025,54,-0.008790627121925354,-0.001207267981953919,-0.007583359139971435,0.007583359139971435,5.75073358457883e-05
15,merged_fibers_output_z_p0p025,55,-0.008761835284531116,-0.000904951011762023,-0.007856884272769094,0.007856884272769094,6.173063047568633e-05
15,merged_fibers_output_z_p0p025,56,-0.008870821446180344,-0.0006027672789059579,-0.008268054167274386,0.008268054167274386,6.836071971298333e-05
15,merged_fibers_output_z_p0p025,57,-0.009226244874298573,-0.00030065811006352305,-0.00892558676423505,0.00892558676423505,7.96660990858879e-05
15,merged_fibers_output_z_p0p025,58,-0.00982451532036066,1.4198450344338198e-06,-0.009825935165395094,0.009825935165395094,9.654900187454792e-05
15,merged_fibers_output_z_p0p025,59,-0.010544496588408947,0.0003034975961782038,-0.01084799418458715,0.01084799418458715,0.00011767897782883664
15,merged_fibers_output_z_p0p025,60,-0.011218626983463764,0.0006056110723875463,-0.01182423805585131,0.01182423805585131,0.00013981260560144238
15,merged_fibers_output_z_p0p025,61,-0.011721627786755562,0.0009077897993847728,-0.012629417586140335,0.012629417586140335,0.00015950218856511074
15,merged_fibers_output_z_p0p025,62,-0.012011377140879631,0.0012101080501452088,-0.01322148519102484,0.01322148519102484,0.00017480767065648913
15,merged_fibers_output_z_p0p025,63,-0.012023216113448143,0.0014784210361540318,-0.013501637149602175,0.013501637149602175,0.00018229420571951754
15,merged_fibers_output_z_p0p025,64,-0.00882358942180872,-0.0014475439675152302,-0.0073760454542934895,0.0073760454542934895,5.440604654380365e-05
15,merged_fibers_output_z_p0p025,65,-0.00879653450101614,-0.001166517031379044,-0.007630017469637096,0.007630017469637096,5.821716658696727e-05
15,merged_fibers_output_z_p0p025,66,-0.00876764114946127,-0.0008766594110056758,-0.007890981738455594,0.007890981738455594,6.226759279663966e-05
15,merged_fibers_output_z_p0p025,67,-0.008865797892212868,-0.0005868541193194687,-0.008278943772893399,0.008278943772893399,6.854090999473038e-05
15,merged_fibers_output_z_p0p025,68,-0.009194069541990757,-0.0002970829955302179,-0.008896986546460539,0.008896986546460539,7.915636960789983e-05
15,merged_fibers_output_z_p0p025,69,-0.009747709147632122,-7.328800165851135e-06,-0.009740380347466271,0.009740380347466271,9.487500931330715e-05
15,merged_fibers_output_z_p0p025,70,-0.01040932908654213,0.00028242490952834487,-0.010691753996070474,0.010691753996070474,0.00011431360351248895
15,merged_fibers_output_z_p0p025,71,-0.011019403114914894,0.0005721942870877683,-0.011591597402002662,0.011591597402002662,0.00013436513033011487
15,merged_fibers_output_z_p0p025,72,-0.01146383211016655,0.0008619970758445561,-0.012325829186011106,0.012325829186011106,0.0001519260651227232
15,merged_fibers_output_z_p0p025,73,-0.011712959967553616,0.0011518510291352868,-0.012864810996688902,0.012864810996688902,0.0001655033619805277
15,merged_fibers_output_z_p0p025,74,-0.010907255113124847,0.0013856400037184358,-0.012292895116843283,0.012292895116843283,0.00015111527035370942
15,merged_fibers_output_z_p0p025,75,-0.01088760606944561,0.0011223029578104615,-0.012009909027256072,0.012009909027256072,0.00014423791484296687
15,merged_fibers_output_z_p0p025,76,-0.010777909308671951,0.0008447985164821148,-0.011622707825154066,0.011622707825154066,0.00013508733718889756
15,merged_fibers_output_z_p0p025,77,-0.01052544079720974,0.0005673173000104725,-0.011092758097220212,0.011092758097220212,0.00012304928220344458
15,merged_fibers_output_z_p0p025,78,-0.010112712159752846,0.0002898557868320495,-0.010402567946584895,0.010402567946584895,0.00010821341988331548
15,merged_fibers_output_z_p0p025,79,-0.009610363282263279,1.2404960216372274e-05,-0.009622768242479651,0.009622768242479651,9.259766864847492e-05
15,merged_fibers_output_z_p0p025,80,-0.009154180996119976,-0.0002650455862749368,-0.00888913540984504,0.00888913540984504,7.901672833456093e-05
15,merged_fibers_output_z_p0p025,81,-0.008863934315741062,-0.0005425061099231243,-0.008321428205817938,0.008321428205817938,6.924616738458234e-05
15,merged_fibers_output_z_p0p025,82,-0.008766623213887215,-0.0008199859876185656,-0.007946637226268649,0.007946637226268649,6.314904320591869e-05
15,merged_fibers_output_z_p0p025,83,-0.008786545135080814,-0.001097489963285625,-0.007689055171795189,0.007689055171795189,5.912156943491035e-05
15,merged_fibers_output_z_p0p025,84,-0.008730487897992134,-0.0013242480345070362,-0.007406239863485098,0.007406239863485098,5.485238891547576e-05
15,merged_fibers_output_z_p0p025,85,-0.008715061470866203,-0.0010780399898067117,-0.007637021481059492,0.007637021481059492,5.832409710216411e-05
15,merged_fibers_output_z_p0p025,86,-0.00869747158139944,-0.0008128414046950638,-0.007884630176704377,0.007884630176704377,6.216739302339729e-05
15,merged_fibers_output_z_p0p025,87,-0.00876275822520256,-0.000547654926776886,-0.008215103298425674,0.008215103298425674,6.74879222038044e-05
15,merged_fibers_output_z_p0p025,88,-0.008963990025222301,-0.0002824797120410949,-0.008681510313181207,0.008681510313181207,7.536862131787165e-05
15,merged_fibers_output_z_p0p025,89,-0.00926438719034195,-1.731134943838697e-05,-0.009247075840903562,0.009247075840903562,8.550841160742232e-05
15,merged_fibers_output_z_p0p025,90,-0.009551321156322956,0.00024785648565739393,-0.00979917764198035,0.00979917764198035,9.602388245908757e-05
15,merged_fibers_output_z_p0p025,91,-0.009714506566524506,0.0005130302160978317,-0.010227536782622337,0.010227536782622337,0.00010460250863989287
15,merged_fibers_output_z_p0p025,92,-0.009725864045321941,0.0007782144821248949,-0.010504078527446836,0.010504078527446836,0.00011033566571076969
15,merged_fibers_output_z_p0p025,93,-0.009655721485614777,0.0010434100404381752,-0.010699131526052952,0.010699131526052952,0.00011447141541178017
15,merged_fibers_output_z_p0p025,94,-0.008082718588411808,0.0012626319658011198,-0.009345350554212928,0.009345350554212928,8.733557698112788e-05
15,merged_fibers_output_z_p0p025,95,-0.008193884044885635,0.001033034990541637,-0.009226919035427272,0.009226919035427272,8.513603488633015e-05
15,merged_fibers_output_z_p0p025,96,-0.008463369682431221,0.0007801247993484139,-0.009243494481779635,0.009243494481779635,8.544219023469056e-05
15,merged_fibers_output_z_p0p025,97,-0.00874669011682272,0.0005272197886370122,-0.009273909905459732,0.009273909905459732,8.600540493458413e-05
15,merged_fibers_output_z_p0p025,98,-0.008892932906746864,0.0002743205986917019,-0.009167253505438566,0.009167253505438566,8.403853683297568e-05
15,merged_fibers_output_z_p0p025,99,-0.008854927495121956,2.142511038982775e-05,-0.008876352605511784,0.008876352605511784,7.878963557737583e-05
15,merged_fibers_output_z_p0p025,100,-0.008703140541911125,-0.00023146999592427164,-0.008471670545986854,0.008471670545986854,7.176920183974119e-05
15,merged_fibers_output_z_p0p025,101,-0.008556000888347626,-0.00048436838551424444,-0.008071632502833381,0.008071632502833381,6.515125126079628e-05
15,merged_fibers_output_z_p0p025,102,-0.008488238789141178,-0.0007372726104222238,-0.007750966178718954,0.007750966178718954,6.0077476703645106e-05
15,merged_fibers_output_z_p0p025,103,-0.008490274660289288,-0.0009901829762384295,-0.007500091684050858,0.007500091684050858,5.6251375269168835e-05
15,merged_fibers_output_z_p0p025,104,-0.008045418187975883,-0.001201341045089066,-0.0068440771428868175,0.0068440771428868175,4.684139193778578e-05
15,merged_fibers_output_z_p0p025,105,-0.008046131581068039,-0.000987852574326098,-0.007058279006741941,0.007058279006741941,4.9819302537014e-05
15,merged_fibers_output_z_p0p025,106,-0.00804753415286541,-0.0007472187280654907,-0.007300315424799919,0.007300315424799919,5.3294605301571624e-05
15,merged_fibers_output_z_p0p025,107,-0.008099242113530636,-0.00050658721011132,-0.007592654903419316,0.007592654903419316,5.764840848241738e-05
15,merged_fibers_output_z_p0p025,108,-0.008199488744139671,-0.0002659588062670082,-0.007933529937872663,0.007933529937872663,6.294089727512183e-05
15,merged_fibers_output_z_p0p025,109,-0.008262518793344498,-2.5332290533697233e-05,-0.0082371865028108,0.0082371865028108,6.785124148208842e-05
15,merged_fibers_output_z_p0p025,110,-0.008158821612596512,0.00021529410150833428,-0.008374115714104846,0.008374115714104846,7.012581399321772e-05
15,merged_fibers_output_z_p0p025,111,-0.00781614612787962,0.00045592221431434155,-0.008272068342193961,0.008272068342193961,6.842711465792755e-05
15,merged_fibers_output_z_p0p025,112,-0.007303633261471987,0.0006965533830225468,-0.008000186644494534,0.008000186644494534,6.40029863467487e-05
15,merged_fibers_output_z_p0p025,113,-0.006823754869401455,0.0009371878113597631,-0.007760942680761218,0.007760942680761218,6.023223129406112e-05
15,merged_fibers_output_z_p0p025,114,-0.005318865180015564,0.0011398099595680833,-0.006458675139583647,0.006458675139583647,4.1714484558675845e-05
15,merged_fibers_output_z_p0p025,115,-0.005513390526175499,0.0009419294074177742,-0.006455319933593273,0.006455319933593273,4.167115544504666e-05
15,merged_fibers_output_z_p0p025,116,-0.006072734482586384,0.0007135649211704731,-0.006786299403756857,0.006786299403756857,4.605385959743067e-05
15,merged_fibers_output_z_p0p025,117,-0.006755462381988764,0.00048520241398364305,-0.007240664795972407,0.007240664795972407,5.2427226687634136e-05
15,merged_fibers_output_z_p0p025,118,-0.007286740001291037,0.00025684188585728407,-0.007543581887148321,0.007543581887148321,5.690562768811222e-05
15,merged_fibers_output_z_p0p025,119,-0.0075282263569533825,2.848268923116848e-05,-0.007556709046184551,0.007556709046184551,5.7103851608687424e-05
15,merged_fibers_output_z_p0p025,120,-0.007522488944232464,-0.00019987620180472732,-0.0073226127424277365,0.0073226127424277365,5.362065737556505e-05
15,merged_fibers_output_z_p0p025,121,-0.0074159810319542885,-0.0004282357986085117,-0.006987745233345777,0.006987745233345777,4.882858344614662e-05
15,merged_fibers_output_z_p0p025,122,-0.007335237227380276,-0.0006565966759808362,-0.00667864055139944,0.00667864055139944,4.460423961479701e-05
15,merged_fibers_output_z_p0p025,123,-0.007314589340239763,-0.0008849587175063789,-0.006429630622733384,0.006429630622733384,4.1340149944790885e-05
15,merged_fibers_output_z_p0p025,124,-0.006266377866268158,-0.0010785210179165006,-0.005187856848351657,0.005187856848351657,2.691385867898919e-05
15,merged_fibers_output_z_p0p025,125,-0.006280933506786823,-0.0008957621175795794,-0.005385171389207244,0.005385171389207244,2.9000070891136277e-05
15,merged_fibers_output_z_p0p025,126,-0.006297041196376085,-0.0006796685047447681,-0.005617372691631317,0.005617372691631317,3.155487595668527e-05
15,merged_fibers_output_z_p0p025,127,-0.006391460541635752,-0.0004635755030903965,-0.005927885038545355,0.005927885038545355,3.5139821030209866e-05
15,merged_fibers_output_z_p0p025,128,-0.00656239315867424,-0.0002474831126164645,-0.006314910046057776,0.006314910046057776,3.987808888980142e-05
15,merged_fibers_output_z_p0p025,129,-0.006689306814223528,-3.139102045679465e-05,-0.006657915793766733,0.006657915793766733,4.432784271688851e-05
15,merged_fibers_output_z_p0p025,130,-0.006585767492651939,0.00018470120267011225,-0.006770468695322052,0.006770468695322052,4.583924635433588e-05
15,merged_fibers_output_z_p0p025,131,-0.006140916608273983,0.00040079408790916204,-0.006541710696183145,0.006541710696183145,4.279397883255697e-05
15,merged_fibers_output_z_p0p025,132,-0.005441807210445404,0.0006168882246129215,-0.0060586954350583255,0.0060586954350583255,3.670779037479659e-05
15,merged_fibers_output_z_p0p025,133,-0.0047681331634521484,0.0008329838747158647,-0.005601117038168013,0.005601117038168013,3.1372512075256015e-05
15,merged_fibers_output_z_p0p025,134,-0.003963179886341095,0.0010170229943469167,-0.004980202880688012,0.004980202880688012,2.480242073281317e-05
15,merged_fibers_output_z_p0p025,135,-0.004715211223810911,0.0006450567743740976,-0.005360267998185009,0.005360267998185009,2.873247301236632e-05
15,merged_fibers_output_z_p0p025,136,-0.005367382895201445,0.0004412299022078514,-0.005808612797409296,0.005808612797409296,3.373998263022705e-05
15,merged_fibers_output_z_p0p025,137,-0.005770313087850809,0.00023740380129311234,-0.0060077168891439214,0.0060077168891439214,3.609266222010512e-05
15,merged_fibers_output_z_p0p025,138,-0.005786624271422625,3.357815876370296e-05,-0.0058202024301863275,0.0058202024301863275,3.3874756328346836e-05
15,merged_fibers_output_z_p0p025,139,-0.005522912368178368,-0.00017024729459080845,-0.005352665073587559,0.005352665073587559,2.865102339000411e-05
15,merged_fibers_output_z_p0p025,140,-0.00520959310233593,-0.0003740728134289384,-0.0048355202889069915,0.0048355202889069915,2.3382256464431154e-05
15,merged_fibers_output_z_p0p025,141,-0.005019819363951683,-0.0005778985214419663,-0.004441920842509717,0.004441920842509717,1.9730660771122232e-05
15,merged_fibers_output_z_p0p025,142,-0.004972156137228012,-0.0007817244040779769,-0.004190431733150035,0.004190431733150035,1.7559718110190807e-05
15,merged_fibers_output_z_p0p025,143,-0.00345070892944932,-0.0009557188022881746,-0.002494990127161145,0.002494990127161145,6.2249757346315875e-06
15,merged_fibers_output_z_p0p025,144,-0.003486748319119215,-0.000610163901001215,-0.002876584418118,0.002876584418118,8.274737914559273e-06
15,merged_fibers_output_z_p0p025,145,-0.0036762517411261797,-0.00041860470082610846,-0.0032576470403000712,0.0032576470403000712,1.0612264239175814e-05
15,merged_fibers_output_z_p0p025,146,-0.004114809446036816,-0.00022704570437781513,-0.0038877637416590005,0.0038877637416590005,1.5114706910958391e-05
15,merged_fibers_output_z_p0p025,147,-0.004679769743233919,-3.548671884345822e-05,-0.004644283024390461,0.004644283024390461,2.1569364810641405e-05
15,merged_fibers_output_z_p0p025,148,-0.005090257618576288,0.00015607220120728016,-0.005246329819783568,0.005246329819783568,2.752397657795029e-05
15,merged_fibers_output_z_p0p025,149,-0.00510310847312212,0.0003476314013823867,-0.005450739874504507,0.005450739874504507,2.9710565179513404e-05
15,merged_fibers_output_z_p0p025,150,-0.004712718538939953,0.000539190776180476,-0.005251909315120429,0.005251909315120429,2.758255145424873e-05
15,merged_fibers_output_z_p0p025,151,-0.004186597187072039,0.0007307502091862261,-0.004917347396258265,0.004917347396258265,2.4180305415487936e-05
15,merged_fibers_output_z_p0p025,152,-0.00407123239710927,0.0008942338754422963,-0.004965466272551566,0.004965466272551566,2.4655855303847146e-05
15,merged_fibers_output_z_p0p025,153,-0.004539113957434893,0.0005745879025198519,-0.005113701859954745,0.005113701859954745,2.6149946712504614e-05
15,merged_fibers_output_z_p0p025,154,-0.004799272865056992,0.00039529570494778454,-0.005194568570004776,0.005194568570004776,2.6983542628481464e-05
15,merged_fibers_output_z_p0p025,155,-0.004632584750652313,0.00021600349282380193,-0.004848588243476115,0.004848588243476115,2.35088079547748e-05
15,merged_fibers_output_z_p0p025,156,-0.003981298767030239,3.671125159598887e-05,-0.004018010018626228,0.004018010018626228,1.614440450978074e-05
15,merged_fibers_output_z_p0p025,157,-0.003097588662058115,-0.00014258110604714602,-0.002955007556010969,0.002955007556010969,8.73206965608192e-06
15,merged_fibers_output_z_p0p025,158,-0.002349534770473838,-0.00032187349279411137,-0.0020276612776797265,0.0020276612776797265,4.111410257001781e-06
15,merged_fibers_output_z_p0p025,159,-0.001958502922207117,-0.0005011662724427879,-0.0014573366497643292,0.0014573366497643292,2.123830110746319e-06
15,merged_fibers_output_z_p0p025,160,-0.0018785415450111032,-0.0006804593722335994,-0.0011980821727775037,0.0011980821727775037,1.4354008927272643e-06
15,merged_fibers_output_z_p0p025,161,-0.0003486416535452008,-0.0008329299162141979,0.00048428826266899705,0.00048428826266899705,2.3453512135895548e-07
15,merged_fibers_output_z_p0p025,162,-0.0003624032251536846,-0.0005386985139921308,0.00017629528883844614,0.00017629528883844614,3.108002886663115e-08
15,merged_fibers_output_z_p0p025,163,-0.0006571042467840016,-0.00037167189293541014,-0.00028543235384859145,0.00028543235384859145,8.147162862354752e-08
15,merged_fibers_output_z_p0p025,164,-0.0014440775848925114,-0.00020464579574763775,-0.0012394317891448736,0.0012394317891448736,1.5361911599428625e-06
15,merged_fibers_output_z_p0p025,165,-0.0026223440654575825,-3.762004052987322e-05,-0.0025847240249277093,0.0025847240249277093,6.680798285038498e-06
15,merged_fibers_output_z_p0p025,166,-0.003801005892455578,0.00012940559827256948,-0.003930411490728147,0.003930411490728147,1.544813448644786e-05
15,merged_fibers_output_z_p0p025,167,-0.004555640742182732,0.0002964310988318175,-0.004852071841014549,0.004852071841014549,2.3542601150366315e-05
15,merged_fibers_output_z_p0p025,168,-0.004728667438030243,0.00046345649752765894,-0.005192123935557902,0.005192123935557902,2.6958150962193275e-05
15,merged_fibers_output_z_p0p025,169,-0.00452906871214509,0.000630481808912009,-0.005159550521057099,0.005159550521057099,2.6620961579340583e-05
15,merged_fibers_output_z_p0p025,170,-0.004524868447333574,0.000771452090702951,-0.005296320538036525,0.005296320538036525,2.8051011241627508e-05
15,merged_fibers_output_z_p0p025,171,-0.004741635173559189,0.0005021578981541097,-0.0052437930717132986,0.0052437930717132986,2.749736577894839e-05
15,merged_fibers_output_z_p0p025,172,-0.004611654207110405,0.00034739880356937647,-0.0049590530106797814,0.0049590530106797814,2.4592206762732204e-05
15,merged_fibers_output_z_p0p025,173,-0.0038588952738791704,0.0001926397962961346,-0.004051535070175305,0.004051535070175305,1.6414936424860413e-05
15,merged_fibers_output_z_p0p025,174,-0.0025024316273629665,3.7880810850765556e-05,-0.002540312438213732,0.002540312438213732,6.453187283743397e-06
15,merged_fibers_output_z_p0p025,175,-0.0009496094426140189,-0.00011687829828588292,-0.000832731144328136,0.000832731144328136,6.934411587340468e-07
15,merged_fibers_output_z_p0p025,176,0.00027637771563604474,-0.0002716378076002002,0.0005480155232362449,0.0005480155232362449,3.003210137078953e-07
15,merged_fibers_output_z_p0p025,177,0.0008920717518776655,-0.00042639789171516895,0.0013184696435928345,0.0013184696435928345,1.738362201075816e-06
15,merged_fibers_output_z_p0p025,178,0.0010070293210446835,-0.0005811583832837641,0.0015881877043284476,0.0015881877043284476,2.5223401841800644e-06
15,merged_fibers_output_z_p0p025,179,0.0020364923402667046,-0.0007101328228600323,0.002746625163126737,0.002746625163126737,7.543949786720974e-06
15,merged_fibers_output_z_p0p025,180,0.0020618292037397623,-0.0004652724019251764,0.0025271016056649387,0.0025271016056649387,6.386242525354311e-06
15,merged_fibers_output_z_p0p025,181,0.0016995985060930252,-0.00032277809805236757,0.0020223766041453928,0.0020223766041453928,4.090007128994651e-06
15,merged_fibers_output_z_p0p025,182,0.000649957568384707,-0.00018028459453489631,0.0008302421629196033,0.0008302421629196033,6.893020490894211e-07
15,merged_fibers_output_z_p0p025,183,-0.0010036249877884984,-3.779173857765272e-05,-0.0009658332492108457,0.0009658332492108457,9.328338652811795e-07
15,merged_fibers_output_z_p0p025,184,-0.002770845079794526,0.00010470079723745584,-0.002875545877031982,0.002875545877031982,8.26876409091563e-06
15,merged_fibers_output_z_p0p025,185,-0.0040689753368496895,0.00024719341308809817,-0.004316168749937788,0.004316168749937788,1.8629312677939524e-05
15,merged_fibers_output_z_p0p025,186,-0.00461967708542943,0.00038968640728853643,-0.0050093634927179664,0.0050093634927179664,2.5093722602175543e-05
15,merged_fibers_output_z_p0p025,187,-0.004608076997101307,0.0005321800126694143,-0.005140257009770721,0.005140257009770721,2.6422242126497036e-05
15,merged_fibers_output_z_p0p025,188,-0.004080910701304674,0.0006486846250481904,-0.0047295953263528645,0.0047295953263528645,2.236907195105886e-05
15,merged_fibers_output_z_p0p025,189,-0.0043366593308746815,0.0004277692933101207,-0.004764428624184802,0.004764428624184802,2.2699780114951486e-05
15,merged_fibers_output_z_p0p025,190,-0.004170202650129795,0.00029754071147181094,-0.004467743361601606,0.004467743361601606,1.9960730745135218e-05
15,merged_fibers_output_z_p0p025,191,-0.003246108302846551,0.00016731349751353264,-0.0034134218003600836,0.0034134218003600836,1.1651448387173474e-05
15,merged_fibers_output_z_p0p025,192,-0.0015754937194287777,3.708713120431639e-05,-0.001612580850633094,0.001612580850633094,2.6004169998285533e-06
15,merged_fibers_output_z_p0p025,193,0.0003494831034913659,-9.313911141362041e-05,0.0004426222149049863,0.0004426222149049863,1.959144251273959e-07
15,merged_fibers_output_z_p0p025,194,0.001881350064650178,-0.00022336610709317029,0.0021047161717433482,0.0021047161717433482,4.429830163597975e-06
15,merged_fibers_output_z_p0p025,195,0.002657899633049965,-0.0003535946016199887,0.0030114942346699536,0.0030114942346699536,9.06909752545037e-06
15,merged_fibers_output_z_p0p025,196,0.0028035426512360573,-0.0004838246095459908,0.003287367260782048,0.003287367260782048,1.0806783507261665e-05
15,merged_fibers_output_z_p0p025,197,0.0031251325272023678,-0.0005873574991710484,0.003712490026373416,0.003712490026373416,1.3782582195922088e-05
15,merged_fibers_output_z_p0p025,198,0.0031869083177298307,-0.00038989228778518736,0.003576800605515018,0.003576800605515018,1.27935025716126e-05
15,merged_fibers_output_z_p0p025,199,0.0028143818490207195,-0.00027192579000256956,0.003086307639023289,0.003086307639023289,9.525294842693508e-06
15,merged_fibers_output_z_p0p025,200,0.0016814033733680844,-0.00015396240632981062,0.001835365779697895,0.001835365779697895,3.3685675452860622e-06
15,merged_fibers_output_z_p0p025,201,-0.00012037562555633485,-3.600136915338226e-05,-8.43742564029526e-05,8.43742564029526e-05,7.119015143551187e-09
15,merged_fibers_output_z_p0p025,202,-0.0020278762094676495,8.195891859941185e-05,-0.0021098351280670613,0.0021098351280670613,4.451404267625753e-06
15,merged_fibers_output_z_p0p025,203,-0.003369955811649561,0.00019992029410786927,-0.00356987610575743,0.00356987610575743,1.2744015410457834e-05
15,merged_fibers_output_z_p0p025,204,-0.0038358368910849094,0.0003178842016495764,-0.004153721092734486,0.004153721092734486,1.725339891622737e-05
15,merged_fibers_output_z_p0p025,205,-0.0036689513362944126,0.00043585090315900743,-0.00410480223945342,0.00410480223945342,1.684940142502181e-05
15,merged_fibers_output_z_p0p025,206,-0.0024618813768029213,0.0005259520839899778,-0.002987833460792899,0.002987833460792899,8.927148789433673e-06
15,merged_fibers_output_z_p0p025,207,-0.003034641034901142,0.0003514353884384036,-0.0033860764233395457,0.0033860764233395457,1.146551354469593e-05
15,merged_fibers_output_z_p0p025,208,-0.003236651886254549,0.0002457287919241935,-0.0034823806781787425,0.0034823806781787425,1.2126975187752638e-05
15,merged_fibers_output_z_p0p025,209,-0.0026464674156159163,0.00014002789976075292,-0.002786495315376669,0.002786495315376669,7.764556142616123e-06
15,merged_fibers_output_z_p0p025,210,-0.0011682824697345495,3.433120946283452e-05,-0.001202613679197384,0.001202613679197384,1.4462796613926686e-06
15,merged_fibers_output_z_p0p025,211,0.0007188076269812882,-7.136441126931459e-05,0.0007901720382506028,0.0007901720382506028,6.243718500331121e-07
15,merged_fibers_output_z_p0p025,212,0.002301711356267333,-0.0001770624949131161,0.002478773851180449,0.002478773851180449,6.144319805295955e-06
15,merged_fibers_output_z_p0p025,213,0.0031354378443211317,-0.00028276589000597596,0.0034182037343271077,0.0034182037343271077,1.1684116769367784e-05
15,merged_fibers_output_z_p0p025,214,0.0033016151282936335,-0.00038847530959174037,0.003690090437885374,0.003690090437885374,1.361676743977307e-05
15,merged_fibers_output_z_p0p025,215,0.0031302995048463345,-0.0004646620946004987,0.003594961599446833,0.003594961599446833,1.2923748901497333e-05
15,merged_fibers_output_z_p0p025,216,0.003210474969819188,-0.0003125884977634996,0.0035230634675826877,0.0035230634675826877,1.2411976196615751e-05
15,merged_fibers_output_z_p0p025,217,0.002868006704375148,-0.0002191324019804597,0.0030871391063556075,0.0030871391063556075,9.530427861990099e-06
15,merged_fibers_output_z_p0p025,218,0.0017955501098185778,-0.00012568759848363698,0.0019212377083022147,0.0019212377083022147,3.691154331802346e-06
15,merged_fibers_output_z_p0p025,219,0.00011276730219833553,-3.2251118682324886e-05,0.00014501842088066041,0.00014501842088066041,2.1030342394720365e-08
15,merged_fibers_output_z_p0p025,220,-0.001574332476593554,6.118285818956792e-05,-0.001635515334783122,0.001635515334783122,2.6749104103107475e-06
15,merged_fibers_output_z_p0p025,221,-0.002570856362581253,0.00015462130249943584,-0.002725477665080689,0.002725477665080689,7.4282285028536836e-06
15,merged_fibers_output_z_p0p025,222,-0.002603506203740835,0.00024806929286569357,-0.0028515754966065288,0.0028515754966065288,8.131482812846771e-06
15,merged_fibers_output_z_p0p025,223,-0.0020266782958060503,0.0003415280079934746,-0.002368206303799525,0.002368206303799525,5.608401097355808e-06
15,merged_fibers_output_z_p0p025,224,-0.0005890293978154659,0.0004033820878248662,-0.000992411485640332,0.000992411485640332,9.84880556830851e-07
15,merged_fibers_output_z_p0p025,225,-0.0015023628948256373,0.0002732237917371094,-0.0017755866865627468,0.0017755866865627468,3.152708081498874e-06
15,merged_fibers_output_z_p0p025,226,-0.0021929671056568623,0.0001920023059938103,-0.0023849694116506726,0.0023849694116506726,5.688079094509355e-06
15,merged_fibers_output_z_p0p025,227,-0.0021288266871124506,0.00011080170224886388,-0.0022396283893613145,0.0022396283893613145,5.015935322433155e-06
15,merged_fibers_output_z_p0p025,228,-0.0010745086474344134,2.961704012705013e-05,-0.0011041256875614636,0.0011041256875614636,1.2190935339330746e-06
15,merged_fibers_output_z_p0p025,229,0.0005593156674876809,-5.1562779844971374e-05,0.0006108784473326523,0.0006108784473326523,3.73172477415552e-07
15,merged_fibers_output_z_p0p025,230,0.0020439065992832184,-0.00013275089440867305,0.0021766574936918914,0.0021766574936918914,4.737837844845066e-06
15,merged_fibers_output_z_p0p025,231,0.00286793801933527,-0.0002139571006409824,0.0030818951199762523,0.0030818951199762523,9.498077530533439e-06
15,merged_fibers_output_z_p0p025,232,0.0030466902535408735,-0.0002951835922431201,0.0033418738457839936,0.0033418738457839936,1.1168120801135099e-05
15,merged_fibers_output_z_p0p025,233,0.0028139918576925993,-0.0003423085145186633,0.0031563003722112626,0.0031563003722112626,9.962232039620954e-06
15,merged_fibers_output_z_p0p025,234,0.0028933119028806686,-0.00023351020354311913,0.0031268221064237878,0.0031268221064237878,9.777016485220493e-06
15,merged_fibers_output_z_p0p025,235,0.002587889786809683,-0.0001644891017349437,0.0027523788885446265,0.0027523788885446265,7.5755895461061535e-06
15,merged_fibers_output_z_p0p025,236,0.0016045926604419947,-9.550635877531022e-05,0.0017000990192173049,0.0017000990192173049,2.890336675143642e-06
15,merged_fibers_output_z_p0p025,237,8.049618918448687e-05,-2.65535491053015e-05,0.00010704973828978837,0.00010704973828978837,1.1459646467912181e-08
15,merged_fibers_output_z_p0p025,238,-0.00136343645863235,4.238983092363924e-05,-0.0014058262895559892,0.0014058262895559892,1.97634755640676e-06
15,merged_fibers_output_z_p0p025,239,-0.0020328008104115725,0.0001113480975618586,-0.002144148907973431,0.002144148907973431,4.597374539563657e-06
15,merged_fibers_output_z_p0p025,240,-0.0016899049514904618,0.00018033980450127274,-0.0018702447559917346,0.0018702447559917346,3.4978154473145825e-06
15,merged_fibers_output_z_p0p025,241,-0.0007678471156395972,0.0002493695938028395,-0.0010172167094424367,0.0010172167094424367,1.0347298339688987e-06
15,merged_fibers_output_z_p0p025,242,-3.290065797045827e-05,0.0003484426124487072,-0.0003813432704191655,0.0003813432704191655,1.4542268989398478e-07
15,merged_fibers_output_z_p0p025,243,-0.008769180625677109,0.023082120344042778,-0.03185130096971989,0.03185130096971989,0.001014505373463679
15,merged_fibers_output_z_p0p025,244,-0.008927238173782825,0.021228669211268425,-0.03015590738505125,0.03015590738505125,0.0009093787502157885
15,merged_fibers_output_z_p0p025,245,-0.009283440187573433,0.019401080906391144,-0.028684521093964577,0.028684521093964577,0.0008228017503900988
15,merged_fibers_output_z_p0p025,246,-0.008830515667796135,0.01756523922085762,-0.026395754888653755,0.026395754888653755,0.0006967358761418886
15,merged_fibers_output_z_p0p025,247,-0.0070952181704342365,0.015787189826369286,-0.022882407996803522,0.022882407996803522,0.0005236045957321778
15,merged_fibers_output_z_p0p025,248,-0.0050931270234286785,0.012368200346827507,-0.017461327370256186,0.017461327370256186,0.0003048979535312578
15,merged_fibers_output_z_p0p025,249,-0.005614663008600473,0.01076378021389246,-0.016378443222492933,0.016378443222492933,0.0002682534023924247
15,merged_fibers_output_z_p0p025,250,-0.004792895168066025,0.00925148744136095,-0.014044382609426975,0.014044382609426975,0.00019724468287997485
15,merged_fibers_output_z_p0p025,251,-0.0024286871775984764,0.0077797467820346355,-0.010208433959633112,0.010208433959633112,0.00010421212390819058
15,merged_fibers_output_z_p0p025,252,-0.0003678597277030349,0.0064050909131765366,-0.0067729506408795714,0.0067729506408795714,4.5872860383791e-05
15,merged_fibers_output_z_p0p025,253,0.0020745499059557915,0.003992670215666294,-0.0019181203097105026,0.0019181203097105026,3.6791855225239145e-06
15,merged_fibers_output_z_p0p025,254,0.0018216457683593035,0.003023388097062707,-0.0012017423287034035,0.0012017423287034035,1.444184624597479e-06
15,merged_fibers_output_z_p0p025,255,-0.0006967523950152099,0.002159440889954567,-0.002856193284969777,0.002856193284969777,8.157840081106445e-06
15,merged_fibers_output_z_p0p025,256,-0.002955059753730893,0.0013981430092826486,-0.004353202763013542,0.004353202763013542,1.8950374295908734e-05
15,merged_fibers_output_z_p0p025,257,-0.0022225610446184874,0.0007720491848886013,-0.0029946102295070887,0.0029946102295070887,8.967690426668498e-06
16,merged_fibers_output_z_p0p030,0,-0.008812394924461842,-0.0013859870377928019,-0.00742640788666904,0.00742640788666904,5.515153409918011e-05
16,merged_fibers_output_z_p0p030,1,-0.008502569049596786,-0.0012630850542336702,-0.007239483995363116,0.007239483995363116,5.241012851911871e-05
16,merged_fibers_output_z_p0p030,2,-0.0073129525408148766,-0.0011403559474274516,-0.006172596593387425,0.006172596593387425,3.8100948704698043e-05
16,merged_fibers_output_z_p0p030,3,-0.00496755400672555,-0.0010176709620282054,-0.003949883044697344,0.003949883044697344,1.5601576066787563e-05
16,merged_fibers_output_z_p0p030,4,-0.0018878738628700376,-0.0008949994808062911,-0.0009928743820637465,0.0009928743820637465,9.857995385584664e-07
16,merged_fibers_output_z_p0p030,5,0.0009710626909509301,-0.0007723227026872337,0.0017433853936381638,0.0017433853936381638,3.0393926307508954e-06
16,merged_fibers_output_z_p0p030,6,0.002740228548645973,-0.0006496664718724787,0.003389895020518452,0.003389895020518452,1.1491388250135796e-05
16,merged_fibers_output_z_p0p030,7,0.003221737453714013,-0.0005270388210192323,0.0037487762747332454,0.0037487762747332454,1.4053323558002869e-05
16,merged_fibers_output_z_p0p030,8,0.0029640449211001396,-0.00040456769056618214,0.0033686126116663218,0.0033686126116663218,1.1347550927477397e-05
16,merged_fibers_output_z_p0p030,9,-0.008767856284976006,-0.0009264255058951676,-0.007841430779080838,0.007841430779080838,6.148803666311631e-05
16,merged_fibers_output_z_p0p030,10,-0.00850089080631733,-0.0008445210987702012,-0.007656369707547128,0.007656369707547128,5.86199970986453e-05
16,merged_fibers_output_z_p0p030,11,-0.007366703357547522,-0.0007627098239026964,-0.006603993533644825,0.006603993533644825,4.361273059242266e-05
16,merged_fibers_output_z_p0p030,12,-0.0050566550344228745,-0.0006809188053011894,-0.004375736229121685,0.004375736229121685,1.9147067546848064e-05
16,merged_fibers_output_z_p0p030,13,-0.001968418713659048,-0.0005991326761431992,-0.0013692860375158489,0.0013692860375158489,1.8749442525358547e-06
16,merged_fibers_output_z_p0p030,14,0.0009399322443641722,-0.0005173480021767318,0.001457280246540904,0.001457280246540904,2.123665716958318e-06
16,merged_fibers_output_z_p0p030,15,0.002771414117887616,-0.0004355667042545974,0.0032069808221422136,0.0032069808221422136,1.0284725993587948e-05
16,merged_fibers_output_z_p0p030,16,0.003295738250017166,-0.0003538031887728721,0.0036495414387900382,0.0036495414387900382,1.3319152713445661e-05
16,merged_fibers_output_z_p0p030,17,0.0030473782680928707,-0.00027212078566662967,0.0033194990537595004,0.0033194990537595004,1.1019073967910218e-05
16,merged_fibers_output_z_p0p030,18,0.002065009903162718,-0.00013318669516593218,0.00219819659832865,0.00219819659832865,4.832068284903648e-06
16,merged_fibers_output_z_p0p030,19,0.0022888830862939358,-0.00017404320533387363,0.0024629262916278094,0.0024629262916278094,6.066005917991513e-06
16,merged_fibers_output_z_p0p030,20,0.0018681208603084087,-0.0002149327046936378,0.0020830535650020465,0.0020830535650020465,4.339112154667735e-06
16,merged_fibers_output_z_p0p030,21,0.0002905687433667481,-0.00025582819944247603,0.0005463969428092241,0.0005463969428092241,2.9854961911126654e-07
16,merged_fibers_output_z_p0p030,22,-0.002299151849001646,-0.00029672510572709143,-0.0020024267432745546,0.0020024267432745546,4.009712862181139e-06
16,merged_fibers_output_z_p0p030,23,-0.00514093367382884,-0.00033762300154194236,-0.004803310672286898,0.004803310672286898,2.307179341450521e-05
16,merged_fibers_output_z_p0p030,24,-0.007366188336163759,-0.0003785215085372329,-0.006987666827626526,0.006987666827626526,4.882748769391216e-05
16,merged_fibers_output_z_p0p030,25,-0.008558117784559727,-0.0004194251087028533,-0.008138692675856873,0.008138692675856873,6.623831847204631e-05
16,merged_fibers_output_z_p0p030,26,-0.008922554552555084,-0.0004603606939781457,-0.008462193858576939,0.008462193858576939,7.160872490013725e-05
16,merged_fibers_output_z_p0p030,27,-0.009619350545108318,-8.089727998594753e-08,-0.009619269647828332,0.009619269647828332,9.25303485576314e-05
16,merged_fibers_output_z_p0p030,28,-0.008913085795938969,-7.15433898790252e-08,-0.00891301425254909,0.00891301425254909,7.944182306614321e-05
16,merged_fibers_output_z_p0p030,29,-0.007643155753612518,-6.275835318092504e-08,-0.007643092995259337,0.007643092995259337,5.841687053418235e-05
16,merged_fibers_output_z_p0p030,30,-0.005884095560759306,-5.366636912640388e-08,-0.0058840418943901796,0.0058840418943901796,3.462194901493877e-05
16,merged_fibers_output_z_p0p030,31,-0.003930467180907726,-4.426376065680415e-08,-0.0039304229171470695,0.0039304229171470695,1.544822430763488e-05
16,merged_fibers_output_z_p0p030,32,-0.002211777027696371,-3.567392070635833e-08,-0.0022117413537756647,0.0022117413537756647,4.89179981600141e-06
16,merged_fibers_output_z_p0p030,33,-0.0010724852327257395,-2.7802819602129603e-08,-0.0010724574299061373,0.0010724574299061373,1.1501649389608774e-06
16,merged_fibers_output_z_p0p030,34,-0.000578481238335371,-2.025250012138713e-08,-0.0005784609858352496,0.0005784609858352496,3.3461711213348887e-07
16,merged_fibers_output_z_p0p030,35,-0.0005064636352472007,-1.3811660259932523e-08,-0.0005064498235869408,0.0005064498235869408,2.5649142381124344e-07
16,merged_fibers_output_z_p0p030,36,-0.002207112032920122,0.00013152830069884658,-0.0023386403336189687,0.0023386403336189687,5.469238610029441e-06
16,merged_fibers_output_z_p0p030,37,-0.0028863155748695135,0.0001723692985251546,-0.003058684873394668,0.003058684873394668,9.355553154733357e-06
16,merged_fibers_output_z_p0p030,38,-0.003639326198026538,0.00021324330009520054,-0.0038525694981217384,0.0038525694981217384,1.4842291737857984e-05
16,merged_fibers_output_z_p0p030,39,-0.004217702429741621,0.0002541228896006942,-0.004471825319342315,0.004471825319342315,1.9997221686711e-05
16,merged_fibers_output_z_p0p030,40,-0.004723191261291504,0.0002950030902866274,-0.005018194351578131,0.005018194351578131,2.518227455021066e-05
16,merged_fibers_output_z_p0p030,41,-0.005522872321307659,0.0003358829126227647,-0.005858755233930424,0.005858755233930424,3.4325012891107135e-05
16,merged_fibers_output_z_p0p030,42,-0.00689300149679184,0.0003767632006201893,-0.007269764697412029,0.007269764697412029,5.284947875573821e-05
16,merged_fibers_output_z_p0p030,43,-0.008681748062372208,0.0004176482034381479,-0.009099396265810356,0.009099396265810356,8.279901240224345e-05
16,merged_fibers_output_z_p0p030,44,-0.010286660864949226,0.0004585623973980546,-0.010745223262347281,0.010745223262347281,0.00011545982295768914
16,merged_fibers_output_z_p0p030,45,-0.011022038757801056,0.0009328235173597932,-0.011954862275160849,0.011954862275160849,0.00014291873201806402
16,merged_fibers_output_z_p0p030,46,-0.008679584600031376,0.000850923708640039,-0.009530508308671415,0.009530508308671415,9.083058862165487e-05
16,merged_fibers_output_z_p0p030,47,-0.006160097662359476,0.0007691296050325036,-0.00692922726739198,0.00692922726739198,4.801419052316852e-05
16,merged_fibers_output_z_p0p030,48,-0.004680899903178215,0.0006873561069369316,-0.005368256010115147,0.005368256010115147,2.8818172590137393e-05
16,merged_fibers_output_z_p0p030,49,-0.004467048682272434,0.0006055852863937616,-0.005072633968666196,0.005072633968666196,2.573161538006616e-05
16,merged_fibers_output_z_p0p030,50,-0.004724753554910421,0.0005238162120804191,-0.0052485697669908404,0.0052485697669908404,2.7547484598970285e-05
16,merged_fibers_output_z_p0p030,51,-0.004419193137437105,0.0004420508921612054,-0.004861244029598311,0.004861244029598311,2.363169351530522e-05
16,merged_fibers_output_z_p0p030,52,-0.0031919789034873247,0.00036030029878020287,-0.0035522792022675276,0.0035522792022675276,1.2618687530862422e-05
16,merged_fibers_output_z_p0p030,53,-0.0016611560713499784,0.00027862010756507516,-0.0019397761789150536,0.0019397761789150536,3.762731624286286e-06
16,merged_fibers_output_z_p0p030,54,-0.008790639229118824,-0.001207267981953919,-0.007583371247164905,0.007583371247164905,5.750751947232741e-05
16,merged_fibers_output_z_p0p030,55,-0.00876183994114399,-0.000904951011762023,-0.007856888929381967,0.007856888929381967,6.17307036486449e-05
16,merged_fibers_output_z_p0p030,56,-0.00887081678956747,-0.0006027672789059579,-0.008268049510661513,0.008268049510661513,6.836064271075007e-05
16,merged_fibers_output_z_p0p030,57,-0.009226231835782528,-0.00030065811006352305,-0.008925573725719005,0.008925573725719005,7.966586633324543e-05
16,merged_fibers_output_z_p0p030,58,-0.009824498556554317,1.4198450344338198e-06,-0.009825918401588751,0.009825918401588751,9.654867243468045e-05
16,merged_fibers_output_z_p0p030,59,-0.010544482618570328,0.0003034975961782038,-0.010847980214748532,0.010847980214748532,0.0001176786747395756
16,merged_fibers_output_z_p0p030,60,-0.011218622326850891,0.0006056110723875463,-0.011824233399238437,0.011824233399238437,0.00013981249547966577
16,merged_fibers_output_z_p0p030,61,-0.01172163151204586,0.0009077897993847728,-0.012629421311430633,0.012629421311430633,0.00015950228266161824
16,merged_fibers_output_z_p0p030,62,-0.012011390179395676,0.0012101080501452088,-0.013221498229540884,0.013221498229540884,0.00017480801543375273
16,merged_fibers_output_z_p0p030,63,-0.012023232877254486,0.0014784210361540318,-0.013501653913408518,0.013501653913408518,0.00018229465839745954
16,merged_fibers_output_z_p0p030,64,-0.008823605254292488,-0.0014475439675152302,-0.007376061286777258,0.007376061286777258,5.440628010629418e-05
16,merged_fibers_output_z_p0p030,65,-0.00879654660820961,-0.001166517031379044,-0.007630029576830566,0.007630029576830566,5.8217351343309225e-05
16,merged_fibers_output_z_p0p030,66,-0.008767645806074142,-0.0008766594110056758,-0.007890986395068467,0.007890986395068467,6.226766628715564e-05
16,merged_fibers_output_z_p0p030,67,-0.00886579230427742,-0.0005868541193194687,-0.008278938184957951,0.008278938184957951,6.854081747035485e-05
16,merged_fibers_output_z_p0p030,68,-0.009194057434797287,-0.0002970829955302179,-0.008896974439267069,0.008896974439267069,7.915615417297158e-05
16,merged_fibers_output_z_p0p030,69,-0.009747693315148354,-7.328800165851135e-06,-0.009740364514982502,0.009740364514982502,9.487470088473033e-05
16,merged_fibers_output_z_p0p030,70,-0.01040931697934866,0.00028242490952834487,-0.010691741888877004,0.010691741888877004,0.00011431334461836721
16,merged_fibers_output_z_p0p030,71,-0.011019398458302021,0.0005721942870877683,-0.01159159274538979,0.01159159274538979,0.0001343650223749732
16,merged_fibers_output_z_p0p030,72,-0.011463837698101997,0.0008619970758445561,-0.012325834773946553,0.012325834773946553,0.00015192620287463008
16,merged_fibers_output_z_p0p030,73,-0.011712972074747086,0.0011518510291352868,-0.012864823103882372,0.012864823103882372,0.00016550367349418566
16,merged_fibers_output_z_p0p030,74,-0.010907270014286041,0.0013856400037184358,-0.012292910018004477,0.012292910018004477,0.00015111563671075482
16,merged_fibers_output_z_p0p030,75,-0.01088761817663908,0.0011223029578104615,-0.012009921134449542,0.012009921134449542,0.00014423820565569775
16,merged_fibers_output_z_p0p030,76,-0.010777914896607399,0.0008447985164821148,-0.011622713413089514,0.011622713413089514,0.0001350874670828109
16,merged_fibers_output_z_p0p030,77,-0.010525437071919441,0.0005673173000104725,-0.011092754371929914,0.011092754371929914,0.0001230491995559702
16,merged_fibers_output_z_p0p030,78,-0.01011270098388195,0.0002898557868320495,-0.010402556770714,0.010402556770714,0.00010821318736792768
16,merged_fibers_output_z_p0p030,79,-0.009610348381102085,1.2404960216372274e-05,-0.009622753341318457,0.009622753341318457,9.259738186785554e-05
16,merged_fibers_output_z_p0p030,80,-0.009154168888926506,-0.0002650455862749368,-0.00888912330265157,0.00888912330265157,7.901651308974314e-05
16,merged_fibers_output_z_p0p030,81,-0.008863929659128189,-0.0005425061099231243,-0.008321423549205065,0.008321423549205065,6.924608988526462e-05
16,merged_fibers_output_z_p0p030,82,-0.008766626007854939,-0.0008199859876185656,-0.007946640020236373,0.007946640020236373,6.314908761122234e-05
16,merged_fibers_output_z_p0p030,83,-0.008786557242274284,-0.001097489963285625,-0.007689067278988659,0.007689067278988659,5.9121755620814066e-05
16,merged_fibers_output_z_p0p030,84,-0.008730500005185604,-0.0013242480345070362,-0.007406251970678568,0.007406251970678568,5.485256825318017e-05
16,merged_fibers_output_z_p0p030,85,-0.00871507078409195,-0.0010780399898067117,-0.007637030794285238,0.007637030794285238,5.832423935286101e-05
16,merged_fibers_output_z_p0p030,86,-0.008697474375367165,-0.0008128414046950638,-0.0078846329706721,0.0078846329706721,6.216743708220955e-05
16,merged_fibers_output_z_p0p030,87,-0.008762755431234837,-0.000547654926776886,-0.00821510050445795,0.00821510050445795,6.748787629834527e-05
16,merged_fibers_output_z_p0p030,88,-0.008963980711996555,-0.0002824797120410949,-0.00868150099995546,0.00868150099995546,7.536845961222766e-05
16,merged_fibers_output_z_p0p030,89,-0.00926437508314848,-1.731134943838697e-05,-0.009247063733710092,0.009247063733710092,8.550818769529643e-05
16,merged_fibers_output_z_p0p030,90,-0.009551310911774635,0.00024785648565739393,-0.00979916739743203,0.00979916739743203,9.602368168289481e-05
16,merged_fibers_output_z_p0p030,91,-0.009714502841234207,0.0005130302160978317,-0.010227533057332039,0.010227533057332039,0.00010460243243881964
16,merged_fibers_output_z_p0p030,92,-0.00972586777061224,0.0007782144821248949,-0.010504082252737135,0.010504082252737135,0.00011033574397226724
16,merged_fibers_output_z_p0p030,93,-0.009655730798840523,0.0010434100404381752,-0.010699140839278698,0.010699140839278698,0.00011447161469872128
16,merged_fibers_output_z_p0p030,94,-0.008082727901637554,0.0012626319658011198,-0.009345359867438674,0.009345359867438674,8.733575105193339e-05
16,merged_fibers_output_z_p0p030,95,-0.008193892426788807,0.001033034990541637,-0.009226927417330444,0.009226927417330444,8.513618956468425e-05
16,merged_fibers_output_z_p0p030,96,-0.00846337340772152,0.0007801247993484139,-0.009243498207069933,0.009243498207069933,8.544225910410507e-05
16,merged_fibers_output_z_p0p030,97,-0.008746687322854996,0.0005272197886370122,-0.009273907111492008,0.009273907111492008,8.600535311258204e-05
16,merged_fibers_output_z_p0p030,98,-0.008892924524843693,0.0002743205986917019,-0.009167245123535395,0.009167245123535395,8.403838315498347e-05
16,merged_fibers_output_z_p0p030,99,-0.00885491818189621,2.142511038982775e-05,-0.008876343292286037,0.008876343292286037,7.878947024251133e-05
16,merged_fibers_output_z_p0p030,100,-0.008703133091330528,-0.00023146999592427164,-0.008471663095406257,0.008471663095406257,7.176907560206832e-05
16,merged_fibers_output_z_p0p030,101,-0.008555997163057327,-0.00048436838551424444,-0.008071628777543083,0.008071628777543083,6.515119112246165e-05
16,merged_fibers_output_z_p0p030,102,-0.008488241583108902,-0.0007372726104222238,-0.007750968972686678,0.007750968972686678,6.0077520015551576e-05
16,merged_fibers_output_z_p0p030,103,-0.008490282110869884,-0.0009901829762384295,-0.007500099134631455,0.007500099134631455,5.62514870292995e-05
16,merged_fibers_output_z_p0p030,104,-0.008045424707233906,-0.001201341045089066,-0.00684408366214484,0.00684408366214484,4.684148117443792e-05
16,merged_fibers_output_z_p0p030,105,-0.008046137169003487,-0.000987852574326098,-0.007058284594677389,0.007058284594677389,4.981938141946015e-05
16,merged_fibers_output_z_p0p030,106,-0.008047536946833134,-0.0007472187280654907,-0.007300318218767643,0.007300318218767643,5.329464609527077e-05
16,merged_fibers_output_z_p0p030,107,-0.008099241182208061,-0.00050658721011132,-0.007592653972096741,0.007592653972096741,5.764839433999642e-05
16,merged_fibers_output_z_p0p030,108,-0.008199485018849373,-0.0002659588062670082,-0.007933526212582365,0.007933526212582365,6.294083816573149e-05
16,merged_fibers_output_z_p0p030,109,-0.00826251320540905,-2.5332290533697233e-05,-0.008237180914875353,0.008237180914875353,6.785114942438675e-05
16,merged_fibers_output_z_p0p030,110,-0.008158816955983639,0.00021529410150833428,-0.008374111057491973,0.008374111057491973,7.012573600320933e-05
16,merged_fibers_output_z_p0p030,111,-0.007816143333911896,0.00045592221431434155,-0.008272065548226237,0.008272065548226237,6.842706843415144e-05
16,merged_fibers_output_z_p0p030,112,-0.007303635124117136,0.0006965533830225468,-0.008000188507139683,0.008000188507139683,6.400301614976987e-05
16,merged_fibers_output_z_p0p030,113,-0.006823759526014328,0.0009371878113597631,-0.007760947337374091,0.007760947337374091,6.0232303573493995e-05
16,merged_fibers_output_z_p0p030,114,-0.005318868905305862,0.0011398099595680833,-0.006458678864873946,0.006458678864873946,4.17145326795694e-05
16,merged_fibers_output_z_p0p030,115,-0.00551339378580451,0.0009419294074177742,-0.006455323193222284,0.006455323193222284,4.167119752895355e-05
16,merged_fibers_output_z_p0p030,116,-0.0060727354139089584,0.0007135649211704731,-0.0067863003350794315,0.0067863003350794315,4.6053872237899205e-05
16,merged_fibers_output_z_p0p030,117,-0.006755462381988764,0.00048520241398364305,-0.007240664795972407,0.007240664795972407,5.2427226687634136e-05
16,merged_fibers_output_z_p0p030,118,-0.0072867376729846,0.00025684188585728407,-0.007543579558841884,0.007543579558841884,5.6905592560577115e-05
16,merged_fibers_output_z_p0p030,119,-0.007528223097324371,2.848268923116848e-05,-0.00755670578655554,0.00755670578655554,5.710380234456198e-05
16,merged_fibers_output_z_p0p030,120,-0.007522486615926027,-0.00019987620180472732,-0.0073226104141213,0.0073226104141213,5.362062327699771e-05
16,merged_fibers_output_z_p0p030,121,-0.007415980100631714,-0.0004282357986085117,-0.006987744302023202,0.006987744302023202,4.8828570430457726e-05
16,merged_fibers_output_z_p0p030,122,-0.00733523815870285,-0.0006565966759808362,-0.006678641482722014,0.006678641482722014,4.46042520547353e-05
16,merged_fibers_output_z_p0p030,123,-0.007314592134207487,-0.0008849587175063789,-0.006429633416701108,0.006429633416701108,4.134018587315956e-05
16,merged_fibers_output_z_p0p030,124,-0.006266379728913307,-0.0010785210179165006,-0.005187858710996807,0.005187858710996807,2.6913878005265448e-05
16,merged_fibers_output_z_p0p030,125,-0.006280934903770685,-0.0008957621175795794,-0.005385172786191106,0.005385172786191106,2.9000085937133278e-05
16,merged_fibers_output_z_p0p030,126,-0.006297041662037373,-0.0006796685047447681,-0.0056173731572926044,0.0056173731572926044,3.155488118827148e-05
16,merged_fibers_output_z_p0p030,127,-0.006391460075974464,-0.0004635755030903965,-0.005927884572884068,0.005927884572884068,3.513981550943693e-05
16,merged_fibers_output_z_p0p030,128,-0.0065623922273516655,-0.0002474831126164645,-0.006314909114735201,0.006314909114735201,3.987807712736572e-05
16,merged_fibers_output_z_p0p030,129,-0.006689305882900953,-3.139102045679465e-05,-0.006657914862444159,0.006657914862444159,4.432783031555482e-05
16,merged_fibers_output_z_p0p030,130,-0.006585766561329365,0.00018470120267011225,-0.006770467763999477,0.006770467763999477,4.583923374335608e-05
16,merged_fibers_output_z_p0p030,131,-0.006140916142612696,0.00040079408790916204,-0.006541710230521858,0.006541710230521858,4.279397274011434e-05
16,merged_fibers_output_z_p0p030,132,-0.005441808141767979,0.0006168882246129215,-0.0060586963663809,0.0060586963663809,3.670780165999712e-05
16,merged_fibers_output_z_p0p030,133,-0.004768134094774723,0.0008329838747158647,-0.005601117969490588,0.005601117969490588,3.1372522508150364e-05
16,merged_fibers_output_z_p0p030,134,-0.003963179886341095,0.0010170229943469167,-0.004980202880688012,0.004980202880688012,2.480242073281317e-05
16,merged_fibers_output_z_p0p030,135,-0.004715210758149624,0.0006450567743740976,-0.0053602675325237215,0.0053602675325237215,2.8732468020227945e-05
16,merged_fibers_output_z_p0p030,136,-0.005367382429540157,0.0004412299022078514,-0.005808612331748009,0.005808612331748009,3.373997722053504e-05
16,merged_fibers_output_z_p0p030,137,-0.005770313553512096,0.00023740380129311234,-0.006007717354805209,0.006007717354805209,3.60926678152277e-05
16,merged_fibers_output_z_p0p030,138,-0.005786624737083912,3.357815876370296e-05,-0.005820202895847615,0.005820202895847615,3.3874761748832965e-05
16,merged_fibers_output_z_p0p030,139,-0.005522912833839655,-0.00017024729459080845,-0.0053526655392488465,0.0053526655392488465,2.8651028375062144e-05
16,merged_fibers_output_z_p0p030,140,-0.0052095940336585045,-0.0003740728134289384,-0.004835521220229566,0.004835521220229566,2.3382265471290432e-05
16,merged_fibers_output_z_p0p030,141,-0.005019820295274258,-0.0005778985214419663,-0.004441921773832291,0.004441921773832291,1.973066904484541e-05
16,merged_fibers_output_z_p0p030,142,-0.004972156137228012,-0.0007817244040779769,-0.004190431733150035,0.004190431733150035,1.7559718110190807e-05
16,merged_fibers_output_z_p0p030,143,-0.003450708696618676,-0.0009557188022881746,-0.0024949898943305016,0.0024949898943305016,6.224974572811327e-06
16,merged_fibers_output_z_p0p030,144,-0.003486748319119215,-0.000610163901001215,-0.002876584418118,0.002876584418118,8.274737914559273e-06
16,merged_fibers_output_z_p0p030,145,-0.003676252206787467,-0.00041860470082610846,-0.0032576475059613585,0.0032576475059613585,1.061226727309626e-05
16,merged_fibers_output_z_p0p030,146,-0.004114809911698103,-0.00022704570437781513,-0.003887764207320288,0.003887764207320288,1.5114710531720745e-05
16,merged_fibers_output_z_p0p030,147,-0.004679770674556494,-3.548671884345822e-05,-0.0046442839557130355,0.0046442839557130355,2.156937346129352e-05
16,merged_fibers_output_z_p0p030,148,-0.0050902580842375755,0.00015607220120728016,-0.005246330285444856,0.005246330285444856,2.75239814639759e-05
16,merged_fibers_output_z_p0p030,149,-0.00510310847312212,0.0003476314013823867,-0.005450739874504507,0.005450739874504507,2.9710565179513404e-05
16,merged_fibers_output_z_p0p030,150,-0.004712718538939953,0.000539190776180476,-0.005251909315120429,0.005251909315120429,2.758255145424873e-05
16,merged_fibers_output_z_p0p030,151,-0.004186596255749464,0.0007307502091862261,-0.00491734646493569,0.00491734646493569,2.418029625621553e-05
16,merged_fibers_output_z_p0p030,152,-0.00407123239710927,0.0008942338754422963,-0.004965466272551566,0.004965466272551566,2.4655855303847146e-05
16,merged_fibers_output_z_p0p030,153,-0.004539113957434893,0.0005745879025198519,-0.005113701859954745,0.005113701859954745,2.6149946712504614e-05
16,merged_fibers_output_z_p0p030,154,-0.004799272865056992,0.00039529570494778454,-0.005194568570004776,0.005194568570004776,2.6983542628481464e-05
16,merged_fibers_output_z_p0p030,155,-0.004632584284991026,0.00021600349282380193,-0.004848587777814828,0.004848587777814828,2.350880343917533e-05
16,merged_fibers_output_z_p0p030,156,-0.003981298767030239,3.671125159598887e-05,-0.004018010018626228,0.004018010018626228,1.614440450978074e-05
16,merged_fibers_output_z_p0p030,157,-0.0030975881963968277,-0.00014258110604714602,-0.0029550070903496817,0.0029550070903496817,8.732066904016892e-06
16,merged_fibers_output_z_p0p030,158,-0.002349534770473838,-0.00032187349279411137,-0.0020276612776797265,0.0020276612776797265,4.111410257001781e-06
16,merged_fibers_output_z_p0p030,159,-0.001958502922207117,-0.0005011662724427879,-0.0014573366497643292,0.0014573366497643292,2.123830110746319e-06
16,merged_fibers_output_z_p0p030,160,-0.0018785414285957813,-0.0006804593722335994,-0.001198082056362182,0.001198082056362182,1.4354006137770344e-06
16,merged_fibers_output_z_p0p030,161,-0.00034864258486777544,-0.0008329299162141979,0.00048428733134642243,0.00048428733134642243,2.3453421930263955e-07
16,merged_fibers_output_z_p0p030,162,-0.0003624035743996501,-0.0005386985139921308,0.00017629493959248066,0.00017629493959248066,3.1079905725916405e-08
16,merged_fibers_output_z_p0p030,163,-0.0006571037229150534,-0.00037167189293541014,-0.0002854318299796432,0.0002854318299796432,8.147132956552796e-08
16,merged_fibers_output_z_p0p030,164,-0.0014440766535699368,-0.00020464579574763775,-0.001239430857822299,0.001239430857822299,1.53618885132212e-06
16,merged_fibers_output_z_p0p030,165,-0.0026223426684737206,-3.762004052987322e-05,-0.0025847226279438473,0.0025847226279438473,6.680791063404949e-06
16,merged_fibers_output_z_p0p030,166,-0.003801004495471716,0.00012940559827256948,-0.003930410093744285,0.003930410093744285,1.5448123505006964e-05
16,merged_fibers_output_z_p0p030,167,-0.004555640276521444,0.0002964310988318175,-0.004852071375353262,0.004852071375353262,2.3542596631522493e-05
16,merged_fibers_output_z_p0p030,168,-0.00472866790369153,0.00046345649752765894,-0.005192124401219189,0.005192124401219189,2.6958155797735724e-05
16,merged_fibers_output_z_p0p030,169,-0.004529070109128952,0.000630481808912009,-0.005159551918040961,0.005159551918040961,2.662097599496016e-05
16,merged_fibers_output_z_p0p030,170,-0.004524871241301298,0.000771452090702951,-0.005296323332004249,0.005296323332004249,2.805104083713259e-05
16,merged_fibers_output_z_p0p030,171,-0.0047416361048817635,0.0005021578981541097,-0.005243794003035873,0.005243794003035873,2.7497375546274987e-05
16,merged_fibers_output_z_p0p030,172,-0.004611653741449118,0.00034739880356937647,-0.004959052545018494,0.004959052545018494,2.4592202144254404e-05
16,merged_fibers_output_z_p0p030,173,-0.0038588927127420902,0.0001926397962961346,-0.004051532509038225,0.004051532509038225,1.6414915671793572e-05
16,merged_fibers_output_z_p0p030,174,-0.002502428600564599,3.7880810850765556e-05,-0.0025403094114153646,0.0025403094114153646,6.4531719057254765e-06
16,merged_fibers_output_z_p0p030,175,-0.0009496066486462951,-0.00011687829828588292,-0.0008327283503604122,0.0008327283503604122,6.934365054939733e-07
16,merged_fibers_output_z_p0p030,176,0.00027637946186587214,-0.0002716378076002002,0.0005480172694660723,0.0005480172694660723,3.003229276330497e-07
16,merged_fibers_output_z_p0p030,177,0.0008920716354623437,-0.00042639789171516895,0.0013184695271775126,0.0013184695271775126,1.7383618940956938e-06
16,merged_fibers_output_z_p0p030,178,0.001007027574814856,-0.0005811583832837641,0.0015881859580986202,0.0015881859580986202,2.522334637501632e-06
16,merged_fibers_output_z_p0p030,179,0.0020364876836538315,-0.0007101328228600323,0.002746620506513864,0.002746620506513864,7.543924206802474e-06
16,merged_fibers_output_z_p0p030,180,0.002061827341094613,-0.0004652724019251764,0.0025270997430197895,0.0025270997430197895,6.386233111170686e-06
16,merged_fibers_output_z_p0p030,181,0.0016995995538309216,-0.00032277809805236757,0.0020223776518832892,0.0020223776518832892,4.0900113668369665e-06
16,merged_fibers_output_z_p0p030,182,0.0006499615265056491,-0.00018028459453489631,0.0008302461210405454,0.0008302461210405454,6.89308621502872e-07
16,merged_fibers_output_z_p0p030,183,-0.0010036202147603035,-3.779173857765272e-05,-0.0009658284761826508,0.0009658284761826508,9.328246454053012e-07
16,merged_fibers_output_z_p0p030,184,-0.0027708401903510094,0.00010470079723745584,-0.002875540987588465,0.002875540987588465,8.268735971301246e-06
16,merged_fibers_output_z_p0p030,185,-0.004068972542881966,0.00024719341308809817,-0.004316165955970064,0.004316165955970064,1.8629288559474974e-05
16,merged_fibers_output_z_p0p030,186,-0.004619677551090717,0.00038968640728853643,-0.005009363958379254,0.005009363958379254,2.5093727267509065e-05
16,merged_fibers_output_z_p0p030,187,-0.004608080256730318,0.0005321800126694143,-0.005140260269399732,0.005140260269399732,2.642227563716941e-05
16,merged_fibers_output_z_p0p030,188,-0.004080917686223984,0.0006486846250481904,-0.004729602311272174,0.004729602311272174,2.236913802279109e-05
16,merged_fibers_output_z_p0p030,189,-0.004336662590503693,0.0004277692933101207,-0.004764431883813813,0.004764431883813813,2.269981117550164e-05
16,merged_fibers_output_z_p0p030,190,-0.004170202184468508,0.00029754071147181094,-0.004467742895940319,0.004467742895940319,1.9960726584225185e-05
16,merged_fibers_output_z_p0p030,191,-0.003246103413403034,0.00016731349751353264,-0.003413416910916567,0.003413416910916567,1.1651415007731198e-05
16,merged_fibers_output_z_p0p030,192,-0.0015754866180941463,3.708713120431639e-05,-0.0016125737492984626,0.0016125737492984626,2.600394096926501e-06
16,merged_fibers_output_z_p0p030,193,0.0003494894481264055,-9.313911141362041e-05,0.0004426285595400259,0.0004426285595400259,1.9592004172047824e-07
16,merged_fibers_output_z_p0p030,194,0.0018813535571098328,-0.00022336610709317029,0.002104719664203003,0.002104719664203003,4.429844864882802e-06
16,merged_fibers_output_z_p0p030,195,0.0026578991673886776,-0.0003535946016199887,0.0030114937690086663,0.0030114937690086663,9.069094720778022e-06
16,merged_fibers_output_z_p0p030,196,0.0028035384602844715,-0.0004838246095459908,0.0032873630698304623,0.0032873630698304623,1.080675595288516e-05
16,merged_fibers_output_z_p0p030,197,0.0031251239124685526,-0.0005873574991710484,0.003712481411639601,0.003712481411639601,1.3782518231769565e-05
16,merged_fibers_output_z_p0p030,198,0.0031869045924395323,-0.00038989228778518736,0.0035767968802247196,0.0035767968802247196,1.2793475922385287e-05
16,merged_fibers_output_z_p0p030,199,0.0028143832460045815,-0.00027192579000256956,0.003086309036007151,0.003086309036007151,9.525303465739389e-06
16,merged_fibers_output_z_p0p030,200,0.0016814095433801413,-0.00015396240632981062,0.0018353719497099519,0.0018353719497099519,3.36859019378211e-06
16,merged_fibers_output_z_p0p030,201,-0.00012036669068038464,-3.600136915338226e-05,-8.436532152700238e-05,8.436532152700238e-05,7.117507476354491e-09
16,merged_fibers_output_z_p0p030,202,-0.0020278682932257652,8.195891859941185e-05,-0.002109827211825177,0.002109827211825177,4.451370863758001e-06
16,merged_fibers_output_z_p0p030,203,-0.0033699513878673315,0.00019992029410786927,-0.0035698716819752008,0.0035698716819752008,1.2743983825768448e-05
16,merged_fibers_output_z_p0p030,204,-0.003835837822407484,0.0003178842016495764,-0.0041537220240570605,0.0041537220240570605,1.7253406653136683e-05
16,merged_fibers_output_z_p0p030,205,-0.0036689573898911476,0.00043585090315900743,-0.004104808293050155,0.004104808293050155,1.6849451122693327e-05
16,merged_fibers_output_z_p0p030,206,-0.002461891621351242,0.0005259520839899778,-0.00298784370534122,0.00298784370534122,8.92721000754715e-06
16,merged_fibers_output_z_p0p030,207,-0.0030346461571753025,0.0003514353884384036,-0.003386081545613706,0.003386081545613706,1.1465548233545705e-05
16,merged_fibers_output_z_p0p030,208,-0.0032366507221013308,0.0002457287919241935,-0.0034823795140255243,0.0034823795140255243,1.2126967079704646e-05
16,merged_fibers_output_z_p0p030,209,-0.002646460896357894,0.00014002789976075292,-0.002786488796118647,0.002786488796118647,7.764519810894746e-06
16,merged_fibers_output_z_p0p030,210,-0.001168271992355585,3.433120946283452e-05,-0.0012026032018184196,0.0012026032018184196,1.4462544610239146e-06
16,merged_fibers_output_z_p0p030,211,0.0007188168819993734,-7.136441126931459e-05,0.000790181293268688,0.000790181293268688,6.243864762317763e-07
16,merged_fibers_output_z_p0p030,212,0.0023017162457108498,-0.0001770624949131161,0.002478778740623966,0.002478778740623966,6.144344044969334e-06
16,merged_fibers_output_z_p0p030,213,0.0031354366801679134,-0.00028276589000597596,0.0034182025701738894,0.0034182025701738894,1.1684108810743383e-05
16,merged_fibers_output_z_p0p030,214,0.003301608143374324,-0.00038847530959174037,0.003690083452966064,0.003690083452966064,1.3616715889853951e-05
16,merged_fibers_output_z_p0p030,215,0.0031302878633141518,-0.0004646620946004987,0.0035949499579146504,0.0035949499579146504,1.2923665199910547e-05
16,merged_fibers_output_z_p0p030,216,0.003210468916222453,-0.0003125884977634996,0.0035230574139859527,0.0035230574139859527,1.2411933542241388e-05
16,merged_fibers_output_z_p0p030,217,0.002868007868528366,-0.0002191324019804597,0.0030871402705088258,0.0030871402705088258,9.530435049797306e-06
16,merged_fibers_output_z_p0p030,218,0.0017955579096451402,-0.00012568759848363698,0.0019212455081287771,0.0019212455081287771,3.691184302505003e-06
16,merged_fibers_output_z_p0p030,219,0.00011277871089987457,-3.2251118682324886e-05,0.00014502982958219945,0.00014502982958219945,2.1033651468641816e-08
16,merged_fibers_output_z_p0p030,220,-0.0015743222320452332,6.118285818956792e-05,-0.0016355050902348012,0.0016355050902348012,2.674876900183945e-06
16,merged_fibers_output_z_p0p030,221,-0.0025708505418151617,0.00015462130249943584,-0.0027254718443145975,0.0027254718443145975,7.428196774151614e-06
16,merged_fibers_output_z_p0p030,222,-0.002603507600724697,0.00024806929286569357,-0.0028515768935903907,0.0028515768935903907,8.131490780058622e-06
16,merged_fibers_output_z_p0p030,223,-0.0020266857463866472,0.0003415280079934746,-0.002368213754380122,0.002368213754380122,5.608436386435192e-06
16,merged_fibers_output_z_p0p030,224,-0.0005890417960472405,0.0004033820878248662,-0.0009924238838721067,0.0009924238838721067,9.849051652797967e-07
16,merged_fibers_output_z_p0p030,225,-0.0015023690648376942,0.0002732237917371094,-0.0017755928565748036,0.0017755928565748036,3.152729992319471e-06
16,merged_fibers_output_z_p0p030,226,-0.0021929664071649313,0.0001920023059938103,-0.0023849687131587416,0.0023849687131587416,5.688075762746064e-06
16,merged_fibers_output_z_p0p030,227,-0.0021288185380399227,0.00011080170224886388,-0.0022396202402887866,0.0022396202402887866,5.015898820711202e-06
16,merged_fibers_output_z_p0p030,228,-0.0010744965402409434,2.961704012705013e-05,-0.0011041135803679936,0.0011041135803679936,1.2190667983530297e-06
16,merged_fibers_output_z_p0p030,229,0.000559327017981559,-5.1562779844971374e-05,0.0006108897978265304,0.0006108897978265304,3.731863450885392e-07
16,merged_fibers_output_z_p0p030,230,0.002043912885710597,-0.00013275089440867305,0.00217666378011927,0.00217666378011927,4.73786521168311e-06
16,merged_fibers_output_z_p0p030,231,0.0028679370880126953,-0.0002139571006409824,0.0030818941886536777,0.0030818941886536777,9.49807179005731e-06
16,merged_fibers_output_z_p0p030,232,0.0030466821044683456,-0.0002951835922431201,0.0033418656967114657,0.0033418656967114657,1.116806633485681e-05
16,merged_fibers_output_z_p0p030,233,0.002813978586345911,-0.0003423085145186633,0.0031562871008645743,0.0031562871008645743,9.962148263084099e-06
16,merged_fibers_output_z_p0p030,234,0.0028933046851307154,-0.00023351020354311913,0.0031268148886738345,0.0031268148886738345,9.776971348032364e-06
16,merged_fibers_output_z_p0p030,235,0.002587890485301614,-0.0001644891017349437,0.0027523795870365575,0.0027523795870365575,7.5755933911355306e-06
16,merged_fibers_output_z_p0p030,236,0.0016046006930992007,-9.550635877531022e-05,0.001700107051874511,0.001700107051874511,2.890363987833441e-06
16,merged_fibers_output_z_p0p030,237,8.050829637795687e-05,-2.65535491053015e-05,0.00010706184548325837,0.00010706184548325837,1.146223875828109e-08
16,merged_fibers_output_z_p0p030,238,-0.0013634245842695236,4.238983092363924e-05,-0.0014058144151931629,0.0014058144151931629,1.9763141699648943e-06
16,merged_fibers_output_z_p0p030,239,-0.002032793825492263,0.0001113480975618586,-0.0021441419230541214,0.0021441419230541214,4.597344586198226e-06
16,merged_fibers_output_z_p0p030,240,-0.0016899057663977146,0.00018033980450127274,-0.0018702455708989874,0.0018702455708989874,3.497818495467279e-06
16,merged_fibers_output_z_p0p030,241,-0.0007678552065044641,0.0002493695938028395,-0.0010172248003073037,0.0010172248003073037,1.0347462943602338e-06
16,merged_fibers_output_z_p0p030,242,-3.2913521863520145e-05,0.0003484426124487072,-0.00038135613431222737,0.00038135613431222737,1.454325011775656e-07
16,merged_fibers_output_z_p0p030,243,-0.008769188076257706,0.027698539197444916,-0.03646772727370262,0.03646772727370262,0.001329895132509154
16,merged_fibers_output_z_p0p030,244,-0.008927230723202229,0.02547439932823181,-0.03440163005143404,0.03440163005143404,0.0011834721501957296
16,merged_fibers_output_z_p0p030,245,-0.009283428080379963,0.02328130044043064,-0.032564728520810604,0.032564728520810604,0.0010604615436340956
16,merged_fibers_output_z_p0p030,246,-0.008830511011183262,0.021078279241919518,-0.02990879025310278,0.02990879025310278,0.0008945357344040958
16,merged_fibers_output_z_p0p030,247,-0.007095221430063248,0.01894463039934635,-0.0260398518294096,0.0260398518294096,0.0006780738832976065
16,merged_fibers_output_z_p0p030,248,-0.005093127489089966,0.014841839671134949,-0.019934967160224915,0.019934967160224915,0.0003974029156792458
16,merged_fibers_output_z_p0p030,249,-0.005614663008600473,0.012916529551148415,-0.018531192559748888,0.018531192559748888,0.00034340509768649254
16,merged_fibers_output_z_p0p030,250,-0.004792895633727312,0.011101780459284782,-0.015894676093012094,0.015894676093012094,0.0002526407281017702
16,merged_fibers_output_z_p0p030,251,-0.0024286871775984764,0.009335696697235107,-0.011764383874833584,0.011764383874833584,0.00013840072795444445
16,merged_fibers_output_z_p0p030,252,-0.0003678598441183567,0.0076861088164150715,-0.008053968660533428,0.008053968660533428,6.486641118485462e-05
16,merged_fibers_output_z_p0p030,253,0.0020745480433106422,0.004791204817593098,-0.0027166567742824554,0.0027166567742824554,7.380224029254756e-06
16,merged_fibers_output_z_p0p030,254,0.0018216496100649238,0.003628065111115575,-0.001806415501050651,0.001806415501050651,3.2631369624360748e-06
16,merged_fibers_output_z_p0p030,255,-0.0006967434892430902,0.002591328928247094,-0.0032880724174901843,0.0032880724174901843,1.0811420222659745e-05
16,merged_fibers_output_z_p0p030,256,-0.002955054398626089,0.0016777709824964404,-0.0046328253811225295,0.0046328253811225295,2.146307101197311e-05
16,merged_fibers_output_z_p0p030,257,-0.0022225668653845787,0.0009264590917155147,-0.0031490259571000934,0.0031490259571000934,9.916364478490159e-06
17,merged_fibers_output_z_p0p035,0,-0.00881238840520382,-0.0013859870377928019,-0.007426401367411017,0.007426401367411017,5.515143726988423e-05
17,merged_fibers_output_z_p0p035,1,-0.008502569049596786,-0.0012630850542336702,-0.007239483995363116,0.007239483995363116,5.241012851911871e-05
17,merged_fibers_output_z_p0p035,2,-0.0073129585944116116,-0.0011403559474274516,-0.00617260264698416,0.00617260264698416,3.810102343755586e-05
17,merged_fibers_output_z_p0p035,3,-0.004967563319951296,-0.0010176709620282054,-0.0039498923579230905,0.0039498923579230905,1.560164963917923e-05
17,merged_fibers_output_z_p0p035,4,-0.001887882244773209,-0.0008949994808062911,-0.000992882763966918,0.000992882763966918,9.858161829825866e-07
17,merged_fibers_output_z_p0p035,5,0.0009710582671687007,-0.0007723227026872337,0.0017433809698559344,0.0017433809698559344,3.0393772060558184e-06
17,merged_fibers_output_z_p0p035,6,0.0027402290143072605,-0.0006496664718724787,0.0033898954861797392,0.0033898954861797392,1.149139140722177e-05
17,merged_fibers_output_z_p0p035,7,0.003221742110326886,-0.0005270388210192323,0.0037487809313461185,0.0037487809313461185,1.4053358471224271e-05
17,merged_fibers_output_z_p0p035,8,0.0029640519060194492,-0.00040456769056618214,0.0033686195965856314,0.0033686195965856314,1.1347597986500742e-05
17,merged_fibers_output_z_p0p035,9,-0.00876785721629858,-0.0009264255058951676,-0.007841431710403413,0.007841431710403413,6.148805126892019e-05
17,merged_fibers_output_z_p0p035,10,-0.008500894531607628,-0.0008445210987702012,-0.007656373432837427,0.007656373432837427,5.862005414305876e-05
17,merged_fibers_output_z_p0p035,11,-0.007366709411144257,-0.0007627098239026964,-0.00660399958724156,0.00660399958724156,4.3612810548286694e-05
17,merged_fibers_output_z_p0p035,12,-0.005056662019342184,-0.0006809188053011894,-0.004375743214040995,0.004375743214040995,1.9147128675225814e-05
17,merged_fibers_output_z_p0p035,13,-0.0019684245344251394,-0.0005991326761431992,-0.0013692918582819402,0.0013692918582819402,1.874960193157209e-06
17,merged_fibers_output_z_p0p035,14,0.0009399284608662128,-0.0005173480021767318,0.0014572764630429447,0.0014572764630429447,2.123654689738955e-06
17,merged_fibers_output_z_p0p035,15,0.0027714124880731106,-0.0004355667042545974,0.003206979192327708,0.003206979192327708,1.0284715540022878e-05
17,merged_fibers_output_z_p0p035,16,0.0032957373186945915,-0.0003538031887728721,0.0036495405074674636,0.0036495405074674636,1.3319145915645871e-05
17,merged_fibers_output_z_p0p035,17,0.0030473778024315834,-0.00027212078566662967,0.003319498588098213,0.003319498588098213,1.101907087638603e-05
17,merged_fibers_output_z_p0p035,18,0.002064994303509593,-0.00013318669516593218,0.002198180998675525,0.002198180998675525,4.831999702938129e-06
17,merged_fibers_output_z_p0p035,19,0.0022888709791004658,-0.00017404320533387363,0.0024629141844343394,0.0024629141844343394,6.065946279887867e-06
17,merged_fibers_output_z_p0p035,20,0.0018681134097278118,-0.0002149327046936378,0.0020830461144214496,0.0020830461144214496,4.339081114806299e-06
17,merged_fibers_output_z_p0p035,21,0.00029056461062282324,-0.00025582819944247603,0.0005463928100652993,0.0005463928100652993,2.985451028910542e-07
17,merged_fibers_output_z_p0p035,22,-0.002299155108630657,-0.00029672510572709143,-0.0020024300029035658,0.0020024300029035658,4.009725916528374e-06
17,merged_fibers_output_z_p0p035,23,-0.005140938330441713,-0.00033762300154194236,-0.004803315328899771,0.004803315328899771,2.3071838148843515e-05
17,merged_fibers_output_z_p0p035,24,-0.007366195786744356,-0.0003785215085372329,-0.006987674278207123,0.006987674278207123,4.882759181831744e-05
17,merged_fibers_output_z_p0p035,25,-0.008558128029108047,-0.0004194251087028533,-0.008138702920405194,0.008138702920405194,6.623848522661204e-05
17,merged_fibers_output_z_p0p035,26,-0.008922566659748554,-0.0004603606939781457,-0.008462205965770409,0.008462205965770409,7.160892980712029e-05
17,merged_fibers_output_z_p0p035,27,-0.009619366377592087,-8.089727998594753e-08,-0.0096192854803121,0.0096192854803121,9.25306531517432e-05
17,merged_fibers_output_z_p0p035,28,-0.008913097903132439,-7.15433898790252e-08,-0.00891302635974256,0.00891302635974256,7.94420388894657e-05
17,merged_fibers_output_z_p0p035,29,-0.007643163204193115,-6.275835318092504e-08,-0.007643100445839934,0.007643100445839934,5.84169844251986e-05
17,merged_fibers_output_z_p0p035,30,-0.005884099286049604,-5.366636912640388e-08,-0.005884045619680478,0.005884045619680478,3.462199285448102e-05
17,merged_fibers_output_z_p0p035,31,-0.003930470906198025,-4.426376065680415e-08,-0.003930426642437368,0.003930426642437368,1.5448253591581482e-05
17,merged_fibers_output_z_p0p035,32,-0.002211783081293106,-3.567392070635833e-08,-0.0022117474073723997,0.0022117474073723997,4.891826594018532e-06
17,merged_fibers_output_z_p0p035,33,-0.0010724952444434166,-2.7802819602129603e-08,-0.0010724674416238145,0.0010724674416238145,1.1501864133431298e-06
17,merged_fibers_output_z_p0p035,34,-0.0005784961394965649,-2.025250012138713e-08,-0.0005784758869964435,0.0005784758869964435,3.3463435183632204e-07
17,merged_fibers_output_z_p0p035,35,-0.0005064821452833712,-1.3811660259932523e-08,-0.0005064683336231113,0.0005064683336231113,2.5651017296297116e-07
17,merged_fibers_output_z_p0p035,36,-0.002207118785008788,0.00013152830069884658,-0.0023386470857076347,0.0023386470857076347,5.469270191488813e-06
17,merged_fibers_output_z_p0p035,37,-0.0028863227926194668,0.0001723692985251546,-0.0030586920911446214,0.0030586920911446214,9.355597308430657e-06
17,merged_fibers_output_z_p0p035,38,-0.003639333648607135,0.00021324330009520054,-0.0038525769487023354,0.0038525769487023354,1.4842349145672597e-05
17,merged_fibers_output_z_p0p035,39,-0.004217708948999643,0.0002541228896006942,-0.0044718318386003375,0.0044718318386003375,1.9997279992719675e-05
17,merged_fibers_output_z_p0p035,40,-0.004723195917904377,0.0002950030902866274,-0.005018199008191004,0.005018199008191004,2.518232128580918e-05
17,merged_fibers_output_z_p0p035,41,-0.005522875115275383,0.0003358829126227647,-0.005858758027898148,0.005858758027898148,3.432504562946099e-05
17,merged_fibers_output_z_p0p035,42,-0.006893004756420851,0.0003767632006201893,-0.00726976795704104,0.00726976795704104,5.2849526149220656e-05
17,merged_fibers_output_z_p0p035,43,-0.008681751787662506,0.0004176482034381479,-0.009099399991100654,0.009099399991100654,8.279908019804259e-05
17,merged_fibers_output_z_p0p035,44,-0.010286667384207249,0.0004585623973980546,-0.010745229781605303,0.010745229781605303,0.00011545996305949755
17,merged_fibers_output_z_p0p035,45,-0.011022034101188183,0.0009328235173597932,-0.011954857618547976,0.011954857618547976,0.00014291862067975457
17,merged_fibers_output_z_p0p035,46,-0.008679579012095928,0.000850923708640039,-0.009530502720735967,0.009530502720735967,9.083048210995567e-05
17,merged_fibers_output_z_p0p035,47,-0.00616009347140789,0.0007691296050325036,-0.006929223076440394,0.006929223076440394,4.801413244307408e-05
17,merged_fibers_output_z_p0p035,48,-0.004680898040533066,0.0006873561069369316,-0.005368254147469997,0.005368254147469997,2.881815259182883e-05
17,merged_fibers_output_z_p0p035,49,-0.004467050079256296,0.0006055852863937616,-0.005072635365650058,0.005072635365650058,2.5731629552843696e-05
17,merged_fibers_output_z_p0p035,50,-0.004724755883216858,0.0005238162120804191,-0.005248572095297277,0.005248572095297277,2.7547509039533248e-05
17,merged_fibers_output_z_p0p035,51,-0.0044191936030983925,0.0004420508921612054,-0.004861244495259598,0.004861244495259598,2.3631698042691742e-05
17,merged_fibers_output_z_p0p035,52,-0.0031919749453663826,0.00036030029878020287,-0.0035522752441465855,0.0035522752441465855,1.2618659410176683e-05
17,merged_fibers_output_z_p0p035,53,-0.001661146990954876,0.00027862010756507516,-0.001939767098519951,0.001939767098519951,3.7626963965005097e-06
17,merged_fibers_output_z_p0p035,54,-0.008790633641183376,-0.001207267981953919,-0.007583365659229457,0.007583365659229457,5.750743472158062e-05
17,merged_fibers_output_z_p0p035,55,-0.008761842735111713,-0.000904951011762023,-0.00785689172334969,0.00785689172334969,6.173074755244087e-05
17,merged_fibers_output_z_p0p035,56,-0.008870827034115791,-0.0006027672789059579,-0.008268059755209833,0.008268059755209833,6.836081211572049e-05
17,merged_fibers_output_z_p0p035,57,-0.009226248599588871,-0.00030065811006352305,-0.008925590489525348,0.008925590489525348,7.966616558670534e-05
17,merged_fibers_output_z_p0p035,58,-0.00982451532036066,1.4198450344338198e-06,-0.009825935165395094,0.009825935165395094,9.654900187454792e-05
17,merged_fibers_output_z_p0p035,59,-0.010544495657086372,0.0003034975961782038,-0.010847993253264576,0.010847993253264576,0.00011767895762287376
17,merged_fibers_output_z_p0p035,60,-0.011218626983463764,0.0006056110723875463,-0.01182423805585131,0.01182423805585131,0.00013981260560144238
17,merged_fibers_output_z_p0p035,61,-0.01172163151204586,0.0009077897993847728,-0.012629421311430633,0.012629421311430633,0.00015950228266161824
17,merged_fibers_output_z_p0p035,62,-0.012011382728815079,0.0012101080501452088,-0.013221490778960288,0.013221490778960288,0.0001748078184181319
17,merged_fibers_output_z_p0p035,63,-0.01202322356402874,0.0014784210361540318,-0.013501644600182772,0.013501644600182772,0.0001822944069096446
17,merged_fibers_output_z_p0p035,64,-0.008823597803711891,-0.0014475439675152302,-0.007376053836196661,0.007376053836196661,5.440617019447148e-05
17,merged_fibers_output_z_p0p035,65,-0.008796541951596737,-0.001166517031379044,-0.007630024920217693,0.007630024920217693,5.821728028314301e-05
17,merged_fibers_output_z_p0p035,66,-0.008767648600041866,-0.0008766594110056758,-0.00789098918903619,0.00789098918903619,6.226771038148604e-05
17,merged_fibers_output_z_p0p035,67,-0.00886580254882574,-0.0005868541193194687,-0.008278948429506272,0.008278948429506272,6.854098709842437e-05
17,merged_fibers_output_z_p0p035,68,-0.009194073267281055,-0.0002970829955302179,-0.008896990271750838,0.008896990271750838,7.915643589562904e-05
17,merged_fibers_output_z_p0p035,69,-0.009747710078954697,-7.328800165851135e-06,-0.009740381278788846,0.009740381278788846,9.487502745618022e-05
17,merged_fibers_output_z_p0p035,70,-0.01040932908654213,0.00028242490952834487,-0.010691753996070474,0.010691753996070474,0.00011431360351248895
17,merged_fibers_output_z_p0p035,71,-0.011019403114914894,0.0005721942870877683,-0.011591597402002662,0.011591597402002662,0.00013436513033011487
17,merged_fibers_output_z_p0p035,72,-0.011463835835456848,0.0008619970758445561,-0.012325832911301404,0.012325832911301404,0.00015192615695732085
17,merged_fibers_output_z_p0p035,73,-0.011712965555489063,0.0011518510291352868,-0.01286481658462435,0.01286481658462435,0.00016550350575602571
17,merged_fibers_output_z_p0p035,74,-0.010907260701060295,0.0013856400037184358,-0.012292900704778731,0.012292900704778731,0.0001511154077375494
17,merged_fibers_output_z_p0p035,75,-0.010887610726058483,0.0011223029578104615,-0.012009913683868945,0.012009913683868945,0.0001442380266939825
17,merged_fibers_output_z_p0p035,76,-0.0107779111713171,0.0008447985164821148,-0.011622709687799215,0.011622709687799215,0.00013508738048686173
17,merged_fibers_output_z_p0p035,77,-0.01052544079720974,0.0005673173000104725,-0.011092758097220212,0.011092758097220212,0.00012304928220344458
17,merged_fibers_output_z_p0p035,78,-0.010112711228430271,0.0002898557868320495,-0.01040256701526232,0.01040256701526232,0.00010821340050702363
17,merged_fibers_output_z_p0p035,79,-0.009610364213585854,1.2404960216372274e-05,-0.009622769173802226,0.009622769173802226,9.259768657227837e-05
17,merged_fibers_output_z_p0p035,80,-0.0091541837900877,-0.0002650455862749368,-0.008889138203812763,0.008889138203812763,7.90167780064836e-05
17,merged_fibers_output_z_p0p035,81,-0.00886393990367651,-0.0005425061099231243,-0.008321433793753386,0.008321433793753386,6.924626038382086e-05
17,merged_fibers_output_z_p0p035,82,-0.008766630664467812,-0.0008199859876185656,-0.007946644676849246,0.007946644676849246,6.314916162009646e-05
17,merged_fibers_output_z_p0p035,83,-0.008786552585661411,-0.001097489963285625,-0.007689062622375786,0.007689062622375786,5.9121684010816404e-05
17,merged_fibers_output_z_p0p035,84,-0.008730495348572731,-0.0013242480345070362,-0.007406247314065695,0.007406247314065695,5.485249927710532e-05
17,merged_fibers_output_z_p0p035,85,-0.008715069852769375,-0.0010780399898067117,-0.007637029862962663,0.007637029862962663,5.8324225127783514e-05
17,merged_fibers_output_z_p0p035,86,-0.008697479031980038,-0.0008128414046950638,-0.007884637627284974,0.007884637627284974,6.216751051359802e-05
17,merged_fibers_output_z_p0p035,87,-0.008762765675783157,-0.000547654926776886,-0.008215110749006271,0.008215110749006271,6.748804461843838e-05
17,merged_fibers_output_z_p0p035,88,-0.008963994681835175,-0.0002824797120410949,-0.00868151496979408,0.00868151496979408,7.53687021707587e-05
17,merged_fibers_output_z_p0p035,89,-0.009264389052987099,-1.731134943838697e-05,-0.009247077703548712,0.009247077703548712,8.550844605546772e-05
17,merged_fibers_output_z_p0p035,90,-0.00955132208764553,0.00024785648565739393,-0.009799178573302925,0.009799178573302925,9.602390071147914e-05
17,merged_fibers_output_z_p0p035,91,-0.009714506566524506,0.0005130302160978317,-0.010227536782622337,0.010227536782622337,0.00010460250863989287
17,merged_fibers_output_z_p0p035,92,-0.009725864045321941,0.0007782144821248949,-0.010504078527446836,0.010504078527446836,0.00011033566571076969
17,merged_fibers_output_z_p0p035,93,-0.009655723348259926,0.0010434100404381752,-0.010699133388698101,0.010699133388698101,0.00011447145526915451
17,merged_fibers_output_z_p0p035,94,-0.008082718588411808,0.0012626319658011198,-0.009345350554212928,0.009345350554212928,8.733557698112788e-05
17,merged_fibers_output_z_p0p035,95,-0.00819388497620821,0.001033034990541637,-0.009226919966749847,0.009226919966749847,8.5136052072807e-05
17,merged_fibers_output_z_p0p035,96,-0.008463369682431221,0.0007801247993484139,-0.009243494481779635,0.009243494481779635,8.544219023469056e-05
17,merged_fibers_output_z_p0p035,97,-0.008746689185500145,0.0005272197886370122,-0.009273908974137157,0.009273908974137157,8.60053876605817e-05
17,merged_fibers_output_z_p0p035,98,-0.008892932906746864,0.0002743205986917019,-0.009167253505438566,0.009167253505438566,8.403853683297568e-05
17,merged_fibers_output_z_p0p035,99,-0.008854929357767105,2.142511038982775e-05,-0.008876354468156933,0.008876354468156933,7.878966864436955e-05
17,merged_fibers_output_z_p0p035,100,-0.008703146129846573,-0.00023146999592427164,-0.008471676133922301,0.008471676133922301,7.176929651806871e-05
17,merged_fibers_output_z_p0p035,101,-0.008556006476283073,-0.00048436838551424444,-0.008071638090768829,0.008071638090768829,6.515134146835027e-05
17,merged_fibers_output_z_p0p035,102,-0.008488246239721775,-0.0007372726104222238,-0.007750973629299551,0.007750973629299551,6.0077592202097054e-05
17,merged_fibers_output_z_p0p035,103,-0.008490283042192459,-0.0009901829762384295,-0.0075001000659540296,0.0075001000659540296,5.625150099932364e-05
17,merged_fibers_output_z_p0p035,104,-0.00804542750120163,-0.001201341045089066,-0.006844086456112564,0.006844086456112564,4.684151941874343e-05
17,merged_fibers_output_z_p0p035,105,-0.00804613996297121,-0.000987852574326098,-0.0070582873886451125,0.0070582873886451125,4.981942086070664e-05
17,merged_fibers_output_z_p0p035,106,-0.008047542534768581,-0.0007472187280654907,-0.007300323806703091,0.007300323806703091,5.3294727682715905e-05
17,merged_fibers_output_z_p0p035,107,-0.008099249564111233,-0.00050658721011132,-0.007592662353999913,0.007592662353999913,5.7648521621847496e-05
17,merged_fibers_output_z_p0p035,108,-0.008199494332075119,-0.0002659588062670082,-0.00793353552580811,0.00793353552580811,6.294098593925938e-05
17,merged_fibers_output_z_p0p035,109,-0.008262522518634796,-2.5332290533697233e-05,-0.008237190228101099,0.008237190228101099,6.785130285392423e-05
17,merged_fibers_output_z_p0p035,110,-0.008158824406564236,0.00021529410150833428,-0.00837411850807257,0.00837411850807257,7.012586078724356e-05
17,merged_fibers_output_z_p0p035,111,-0.00781614612787962,0.00045592221431434155,-0.008272068342193961,0.008272068342193961,6.842711465792755e-05
17,merged_fibers_output_z_p0p035,112,-0.007303632330149412,0.0006965533830225468,-0.008000185713171959,0.008000185713171959,6.400297144524073e-05
17,merged_fibers_output_z_p0p035,113,-0.006823753006756306,0.0009371878113597631,-0.007760940818116069,0.007760940818116069,6.0232202382300116e-05
17,merged_fibers_output_z_p0p035,114,-0.0053188614547252655,0.0011398099595680833,-0.006458671414293349,0.006458671414293349,4.1714436437810046e-05
17,merged_fibers_output_z_p0p035,115,-0.005513387266546488,0.0009419294074177742,-0.006455316673964262,0.006455316673964262,4.167111336116102e-05
17,merged_fibers_output_z_p0p035,116,-0.006072732619941235,0.0007135649211704731,-0.006786297541111708,0.006786297541111708,4.605383431649881e-05
17,merged_fibers_output_z_p0p035,117,-0.006755463313311338,0.00048520241398364305,-0.0072406657272949815,0.0072406657272949815,5.242724017442416e-05
17,merged_fibers_output_z_p0p035,118,-0.0072867427952587605,0.00025684188585728407,-0.0075435846811160445,0.0075435846811160445,5.6905669841168655e-05
17,merged_fibers_output_z_p0p035,119,-0.007528230547904968,2.848268923116848e-05,-0.007556713237136137,0.007556713237136137,5.710391494830851e-05
17,merged_fibers_output_z_p0p035,120,-0.007522494066506624,-0.00019987620180472732,-0.007322617864701897,0.007322617864701897,5.3620732392451365e-05
17,merged_fibers_output_z_p0p035,121,-0.007415988016873598,-0.0004282357986085117,-0.006987752218265086,0.006987752218265086,4.882868106386863e-05
17,merged_fibers_output_z_p0p035,122,-0.007335244677960873,-0.0006565966759808362,-0.0066786480019800365,0.0066786480019800365,4.460433913435193e-05
17,merged_fibers_output_z_p0p035,123,-0.007314598187804222,-0.0008849587175063789,-0.006429639470297843,0.006429639470297843,4.1340263718011927e-05
17,merged_fibers_output_z_p0p035,124,-0.006266387645155191,-0.0010785210179165006,-0.005187866627238691,0.005187866627238691,2.691396014201695e-05
17,merged_fibers_output_z_p0p035,125,-0.006280942820012569,-0.0008957621175795794,-0.00538518070243299,0.00538518070243299,2.9000171197856672e-05
17,merged_fibers_output_z_p0p035,126,-0.006297048646956682,-0.0006796685047447681,-0.005617380142211914,0.005617380142211914,3.1554959662116744e-05
17,merged_fibers_output_z_p0p035,127,-0.006391467060893774,-0.0004635755030903965,-0.0059278915578033775,0.0059278915578033775,3.513989832107655e-05
17,merged_fibers_output_z_p0p035,128,-0.006562398746609688,-0.0002474831126164645,-0.006314915633993223,0.006314915633993223,3.987815946445203e-05
17,merged_fibers_output_z_p0p035,129,-0.006689311936497688,-3.139102045679465e-05,-0.006657920916040894,0.006657920916040894,4.4327910924254814e-05
17,merged_fibers_output_z_p0p035,130,-0.006585770286619663,0.00018470120267011225,-0.0067704714892897755,0.0067704714892897755,4.583928418728571e-05
17,merged_fibers_output_z_p0p035,131,-0.006140918470919132,0.00040079408790916204,-0.006541712558828294,0.006541712558828294,4.279400320233183e-05
17,merged_fibers_output_z_p0p035,132,-0.005441806744784117,0.0006168882246129215,-0.006058694969397038,0.006058694969397038,3.6707784732196975e-05
17,merged_fibers_output_z_p0p035,133,-0.004768130369484425,0.0008329838747158647,-0.005601114244200289,0.005601114244200289,3.137248077658338e-05
17,merged_fibers_output_z_p0p035,134,-0.003963175229728222,0.0010170229943469167,-0.004980198224075139,0.004980198224075139,2.4802374351081164e-05
17,merged_fibers_output_z_p0p035,135,-0.004715210758149624,0.0006450567743740976,-0.0053602675325237215,0.0053602675325237215,2.8732468020227945e-05
17,merged_fibers_output_z_p0p035,136,-0.0053673842921853065,0.0004412299022078514,-0.005808614194393158,0.005808614194393158,3.3739998859305675e-05
17,merged_fibers_output_z_p0p035,137,-0.0057703168131411076,0.00023740380129311234,-0.00600772061443422,0.00600772061443422,3.6092706981097884e-05
17,merged_fibers_output_z_p0p035,138,-0.00578662846237421,3.357815876370296e-05,-0.005820206621137913,0.005820206621137913,3.387480511273761e-05
17,merged_fibers_output_z_p0p035,139,-0.005522916559129953,-0.00017024729459080845,-0.005352669264539145,0.005352669264539145,2.865106825554203e-05
17,merged_fibers_output_z_p0p035,140,-0.00520959822461009,-0.0003740728134289384,-0.004835525411181152,0.004835525411181152,2.3382306002178648e-05
17,merged_fibers_output_z_p0p035,141,-0.005019826348870993,-0.0005778985214419663,-0.004441927827429026,0.004441927827429026,1.973072282408835e-05
17,merged_fibers_output_z_p0p035,142,-0.004972164519131184,-0.0007817244040779769,-0.004190440115053207,0.004190440115053207,1.7559788357847132e-05
17,merged_fibers_output_z_p0p035,143,-0.0034507177770137787,-0.0009557188022881746,-0.002494998974725604,0.002494998974725604,6.2250198838818154e-06
17,merged_fibers_output_z_p0p035,144,-0.003486755071207881,-0.000610163901001215,-0.002876591170206666,0.002876591170206666,8.274776760510956e-06
17,merged_fibers_output_z_p0p035,145,-0.0036762566305696964,-0.00041860470082610846,-0.003257651929743588,0.003257651929743588,1.0612296095362123e-05
17,merged_fibers_output_z_p0p035,146,-0.004114813171327114,-0.00022704570437781513,-0.003887767466949299,0.003887767466949299,1.5114735877069368e-05
17,merged_fibers_output_z_p0p035,147,-0.004679773934185505,-3.548671884345822e-05,-0.004644287215342047,0.004644287215342047,2.156940373858958e-05
17,merged_fibers_output_z_p0p035,148,-0.005090261809527874,0.00015607220120728016,-0.005246334010735154,0.005246334010735154,2.752402055219641e-05
17,merged_fibers_output_z_p0p035,149,-0.005103112198412418,0.0003476314013823867,-0.005450743599794805,0.005450743599794805,2.971060579070403e-05
17,merged_fibers_output_z_p0p035,150,-0.004712719935923815,0.000539190776180476,-0.005251910712104291,0.005251910712104291,2.7582566127915798e-05
17,merged_fibers_output_z_p0p035,151,-0.004186595790088177,0.0007307502091862261,-0.004917345999274403,0.004917345999274403,2.4180291676579976e-05
17,merged_fibers_output_z_p0p035,152,-0.0040712314657866955,0.0008942338754422963,-0.004965465341228992,0.004965465341228992,2.4655846054946347e-05
17,merged_fibers_output_z_p0p035,153,-0.004539115354418755,0.0005745879025198519,-0.0051137032569386065,0.0051137032569386065,2.6149961000024512e-05
17,merged_fibers_output_z_p0p035,154,-0.00479927659034729,0.00039529570494778454,-0.005194572295295075,0.005194572295295075,2.698358133104714e-05
17,merged_fibers_output_z_p0p035,155,-0.004632588941603899,0.00021600349282380193,-0.004848592434427701,0.004848592434427701,2.350884859518954e-05
17,merged_fibers_output_z_p0p035,156,-0.003981302957981825,3.671125159598887e-05,-0.004018014209577814,0.004018014209577814,1.6144438188369223e-05
17,merged_fibers_output_z_p0p035,157,-0.003097591921687126,-0.00014258110604714602,-0.00295501081563998,0.00295501081563998,8.73208892054926e-06
17,merged_fibers_output_z_p0p035,158,-0.0023495382629334927,-0.00032187349279411137,-0.0020276647701393813,0.0020276647701393813,4.11142442006439e-06
17,merged_fibers_output_z_p0p035,159,-0.0019585080444812775,-0.0005011662724427879,-0.0014573417720384896,0.0014573417720384896,2.123845040528285e-06
17,merged_fibers_output_z_p0p035,160,-0.0018785486463457346,-0.0006804593722335994,-0.0011980892741121352,0.0011980892741121352,1.435417908742543e-06
17,merged_fibers_output_z_p0p035,161,-0.0003486492205411196,-0.0008329299162141979,0.0004842806956730783,0.0004842806956730783,2.3452779220160068e-07
17,merged_fibers_output_z_p0p035,162,-0.00036240858025848866,-0.0005386985139921308,0.0001762899337336421,0.0001762899337336421,3.107814073581192e-08
17,merged_fibers_output_z_p0p035,163,-0.0006571076228283346,-0.00037167189293541014,-0.00028543572989292443,0.00028543572989292443,8.147355589950651e-08
17,merged_fibers_output_z_p0p035,164,-0.0014440801460295916,-0.00020464579574763775,-0.0012394343502819538,0.0012394343502819538,1.536197508658849e-06
17,merged_fibers_output_z_p0p035,165,-0.0026223466265946627,-3.762004052987322e-05,-0.0025847265860647894,0.0025847265860647894,6.680811524710142e-06
17,merged_fibers_output_z_p0p035,166,-0.00380100985057652,0.00012940559827256948,-0.0039304154488490894,0.0039304154488490894,1.544816560055159e-05
17,merged_fibers_output_z_p0p035,167,-0.004555645398795605,0.0002964310988318175,-0.004852076497627422,0.004852076497627422,2.354264633882839e-05
17,merged_fibers_output_z_p0p035,168,-0.004728671163320541,0.00046345649752765894,-0.0051921276608482,0.0051921276608482,2.6958189646545004e-05
17,merged_fibers_output_z_p0p035,169,-0.004529071040451527,0.000630481808912009,-0.005159552849363536,0.005159552849363536,2.662098560537538e-05
17,merged_fibers_output_z_p0p035,170,-0.004524870775640011,0.000771452090702951,-0.005296322866342962,0.005296322866342962,2.8051035904547327e-05
17,merged_fibers_output_z_p0p035,171,-0.004741638898849487,0.0005021578981541097,-0.005243796797003597,0.005243796797003597,2.7497404848265183e-05
17,merged_fibers_output_z_p0p035,172,-0.004611658398061991,0.00034739880356937647,-0.004959057201631367,0.004959057201631367,2.4592248329051927e-05
17,merged_fibers_output_z_p0p035,173,-0.0038588996976614,0.0001926397962961346,-0.004051539493957534,0.004051539493957534,1.6414972271097673e-05
17,merged_fibers_output_z_p0p035,174,-0.002502435352653265,3.7880810850765556e-05,-0.0025403161635040306,0.0025403161635040306,6.453206210559837e-06
17,merged_fibers_output_z_p0p035,175,-0.0009496117709204555,-0.00011687829828588292,-0.0008327334726345725,0.0008327334726345725,6.934450364460343e-07
17,merged_fibers_output_z_p0p035,176,0.0002763754455372691,-0.0002716378076002002,0.0005480132531374693,0.0005480132531374693,3.00318525614312e-07
17,merged_fibers_output_z_p0p035,177,0.0008920677937567234,-0.00042639789171516895,0.0013184656854718924,0.0013184656854718924,1.738351763766867e-06
17,merged_fibers_output_z_p0p035,178,0.0010070235002785921,-0.0005811583832837641,0.0015881818835623562,0.0015881818835623562,2.5223216952756737e-06
17,merged_fibers_output_z_p0p035,179,0.0020364858210086823,-0.0007101328228600323,0.0027466186438687146,0.0027466186438687146,7.543913974847217e-06
17,merged_fibers_output_z_p0p035,180,0.0020618245471268892,-0.0004652724019251764,0.0025270969490520656,0.0025270969490520656,6.386218989908258e-06
17,merged_fibers_output_z_p0p035,181,0.0016995950136333704,-0.00032277809805236757,0.002022373111685738,0.002022373111685738,4.089993002869454e-06
17,merged_fibers_output_z_p0p035,182,0.0006499549490399659,-0.00018028459453489631,0.0008302395435748622,0.0008302395435748622,6.892976997153955e-07
17,merged_fibers_output_z_p0p035,183,-0.001003627898171544,-3.779173857765272e-05,-0.0009658361595938914,0.0009658361595938914,9.328394871790767e-07
17,merged_fibers_output_z_p0p035,184,-0.002770848572254181,0.00010470079723745584,-0.0028755493694916368,0.0028755493694916368,8.26878417638375e-06
17,merged_fibers_output_z_p0p035,185,-0.0040689799934625626,0.00024719341308809817,-0.004316173406550661,0.004316173406550661,1.8629352875415134e-05
17,merged_fibers_output_z_p0p035,186,-0.004619681276381016,0.00038968640728853643,-0.005009367683669552,0.005009367683669552,2.5093764590192854e-05
17,merged_fibers_output_z_p0p035,187,-0.004608080256730318,0.0005321800126694143,-0.005140260269399732,0.005140260269399732,2.642227563716941e-05
17,merged_fibers_output_z_p0p035,188,-0.004080913960933685,0.0006486846250481904,-0.004729598585981876,0.004729598585981876,2.2369102784521758e-05
17,merged_fibers_output_z_p0p035,189,-0.00433666305616498,0.0004277692933101207,-0.004764432349475101,0.004764432349475101,2.2699815612724827e-05
17,merged_fibers_output_z_p0p035,190,-0.0041702063754200935,0.00029754071147181094,-0.0044677470868919045,0.0044677470868919045,1.9960764032431098e-05
17,merged_fibers_output_z_p0p035,191,-0.003246112260967493,0.00016731349751353264,-0.0034134257584810257,0.0034134257584810257,1.1651475408661766e-05
17,merged_fibers_output_z_p0p035,192,-0.0015754973283037543,3.708713120431639e-05,-0.0016125844595080707,0.0016125844595080707,2.6004286390469366e-06
17,merged_fibers_output_z_p0p035,193,0.00034947978565469384,-9.313911141362041e-05,0.00044261889706831425,0.00044261889706831425,1.9591148804197097e-07
17,merged_fibers_output_z_p0p035,194,0.0018813465721905231,-0.00022336610709317029,0.0021047126792836934,0.0021047126792836934,4.429815462337543e-06
17,merged_fibers_output_z_p0p035,195,0.002657895674929023,-0.0003535946016199887,0.0030114902765490115,0.0030114902765490115,9.069073685749242e-06
17,merged_fibers_output_z_p0p035,196,0.002803537528961897,-0.0004838246095459908,0.0032873621385078877,0.0032873621385078877,1.0806749829695152e-05
17,merged_fibers_output_z_p0p035,197,0.00312512693926692,-0.0005873574991710484,0.0037124844384379685,0.0037124844384379685,1.3782540705644078e-05
17,merged_fibers_output_z_p0p035,198,0.003186903428286314,-0.00038989228778518736,0.0035767957160715014,0.0035767957160715014,1.2793467594507443e-05
17,merged_fibers_output_z_p0p035,199,0.0028143771924078465,-0.00027192579000256956,0.003086302982410416,0.003086302982410416,9.525266099235428e-06
17,merged_fibers_output_z_p0p035,200,0.0016813986003398895,-0.00015396240632981062,0.0018353610066697001,0.0018353610066697001,3.368550024803615e-06
17,merged_fibers_output_z_p0p035,201,-0.00012037981650792062,-3.600136915338226e-05,-8.437844735453837e-05,8.437844735453837e-05,7.119722377962603e-09
17,merged_fibers_output_z_p0p035,202,-0.0020278797019273043,8.195891859941185e-05,-0.002109838620526716,0.002109838620526716,4.451419004666076e-06
17,merged_fibers_output_z_p0p035,203,-0.003369958372786641,0.00019992029410786927,-0.0035698786668945104,0.0035698786668945104,1.2744033696348526e-05
17,merged_fibers_output_z_p0p035,204,-0.003835839219391346,0.0003178842016495764,-0.004153723421040922,0.004153723421040922,1.7253418258503904e-05
17,merged_fibers_output_z_p0p035,205,-0.003668953664600849,0.00043585090315900743,-0.004104804567759857,0.004104804567759857,1.6849420539502182e-05
17,merged_fibers_output_z_p0p035,206,-0.002461881609633565,0.0005259520839899778,-0.002987833693623543,0.002987833693623543,8.927150180752103e-06
17,merged_fibers_output_z_p0p035,207,-0.0030346415005624294,0.0003514353884384036,-0.003386076889000833,0.003386076889000833,1.146551669822556e-05
17,merged_fibers_output_z_p0p035,208,-0.0032366528175771236,0.0002457287919241935,-0.003482381609501317,0.003482381609501317,1.2126981674192983e-05
17,merged_fibers_output_z_p0p035,209,-0.0026464699767529964,0.00014002789976075292,-0.0027864978765137494,0.0027864978765137494,7.764570415815634e-06
17,merged_fibers_output_z_p0p035,210,-0.0011682865442708135,3.433120946283452e-05,-0.001202617753733648,0.001202617753733648,1.4462894615953653e-06
17,merged_fibers_output_z_p0p035,211,0.0007188020390458405,-7.136441126931459e-05,0.0007901664503151551,0.0007901664503151551,6.243630192036525e-07
17,merged_fibers_output_z_p0p035,212,0.002301704604178667,-0.0001770624949131161,0.002478767099091783,0.002478767099091783,6.144286331539894e-06
17,merged_fibers_output_z_p0p035,213,0.0031354313250631094,-0.00028276589000597596,0.0034181972150690854,0.0034181972150690854,1.1684072201106051e-05
17,merged_fibers_output_z_p0p035,214,0.003301609307527542,-0.00038847530959174037,0.0036900846171192825,0.0036900846171192825,1.3616724481500362e-05
17,merged_fibers_output_z_p0p035,215,0.0031302941497415304,-0.0004646620946004987,0.003594956244342029,0.003594956244342029,1.2923710398733747e-05
17,merged_fibers_output_z_p0p035,216,0.0032104679848998785,-0.0003125884977634996,0.003523056482663378,0.003523056482663378,1.2411926980036453e-05
17,merged_fibers_output_z_p0p035,217,0.0028679987881332636,-0.0002191324019804597,0.0030871311901137233,0.0030871311901137233,9.530378984972973e-06
17,merged_fibers_output_z_p0p035,218,0.0017955421935766935,-0.00012568759848363698,0.0019212297920603305,0.0019212297920603305,3.691123913900181e-06
17,merged_fibers_output_z_p0p035,219,0.00011276078294031322,-3.2251118682324886e-05,0.0001450119016226381,0.0001450119016226381,2.1028451612213672e-08
17,merged_fibers_output_z_p0p035,220,-0.0015743363182991743,6.118285818956792e-05,-0.0016355191764887422,0.0016355191764887422,2.6749229766624136e-06
17,merged_fibers_output_z_p0p035,221,-0.0025708575267344713,0.00015462130249943584,-0.002725478829233907,0.002725478829233907,7.428234848602229e-06
17,merged_fibers_output_z_p0p035,222,-0.002603505738079548,0.00024806929286569357,-0.0028515750309452415,0.0028515750309452415,8.131480157110355e-06
17,merged_fibers_output_z_p0p035,223,-0.0020266766659915447,0.0003415280079934746,-0.0023682046739850193,0.0023682046739850193,5.608393377884492e-06
17,merged_fibers_output_z_p0p035,224,-0.0005890254396945238,0.0004033820878248662,-0.00099240752751939,0.00099240752751939,9.848727006771488e-07
17,merged_fibers_output_z_p0p035,225,-0.001502359751611948,0.0002732237917371094,-0.0017755835433490574,0.0017755835433490574,3.152696919411994e-06
17,merged_fibers_output_z_p0p035,226,-0.002192965243011713,0.0001920023059938103,-0.0023849675490055233,0.0023849675490055233,5.688070209809413e-06
17,merged_fibers_output_z_p0p035,227,-0.0021288285497576,0.00011080170224886388,-0.0022396302520064637,0.0022396302520064637,5.015943665702536e-06
17,merged_fibers_output_z_p0p035,228,-0.001074514351785183,2.961704012705013e-05,-0.001104131391912233,0.001104131391912233,1.2191061306060452e-06
17,merged_fibers_output_z_p0p035,229,0.0005593074602074921,-5.1562779844971374e-05,0.0006108702400524635,0.0006108702400524635,3.7316245018175435e-07
17,merged_fibers_output_z_p0p035,230,0.002043896820396185,-0.00013275089440867305,0.002176647714804858,0.002176647714804858,4.73779527436521e-06
17,merged_fibers_output_z_p0p035,231,0.0028679296374320984,-0.0002139571006409824,0.0030818867380730808,0.0030818867380730808,9.498025866310734e-06
17,merged_fibers_output_z_p0p035,232,0.0030466835014522076,-0.0002951835922431201,0.0033418670936953276,0.0033418670936953276,1.1168075671923655e-05
17,merged_fibers_output_z_p0p035,233,0.0028139865025877953,-0.0003423085145186633,0.0031562950171064585,0.0031562950171064585,9.962198235011059e-06
17,merged_fibers_output_z_p0p035,234,0.0028933044523000717,-0.00023351020354311913,0.003126814655843191,0.003126814655843191,9.776969891995772e-06
17,merged_fibers_output_z_p0p035,235,0.0025878800079226494,-0.0001644891017349437,0.002752369109657593,0.002752369109657593,7.575535715797331e-06
17,merged_fibers_output_z_p0p035,236,0.0016045818338170648,-9.550635877531022e-05,0.001700088192592375,0.001700088192592375,2.890299862592008e-06
17,merged_fibers_output_z_p0p035,237,8.048780728131533e-05,-2.65535491053015e-05,0.00010704135638661683,0.00010704135638661683,1.1457851977086715e-08
17,merged_fibers_output_z_p0p035,238,-0.001363440416753292,4.238983092363924e-05,-0.0014058302476769313,0.0014058302476769313,1.976358685283382e-06
17,merged_fibers_output_z_p0p035,239,-0.0020328008104115725,0.0001113480975618586,-0.002144148907973431,0.002144148907973431,4.597374539563657e-06
17,merged_fibers_output_z_p0p035,240,-0.0016899023903533816,0.00018033980450127274,-0.0018702421948546544,0.0018702421948546544,3.4978058674147548e-06
17,merged_fibers_output_z_p0p035,241,-0.0007678424008190632,0.0002493695938028395,-0.0010172119946219027,0.0010172119946219027,1.0347202420026698e-06
17,merged_fibers_output_z_p0p035,242,-3.2895361073315144e-05,0.0003484426124487072,-0.00038133797352202237,0.00038133797352202237,1.4541865004988263e-07
17,merged_fibers_output_z_p0p035,243,-0.008769188076257706,0.0323149710893631,-0.041084159165620804,0.041084159165620804,0.001687908134346064
17,merged_fibers_output_z_p0p035,244,-0.008927243761718273,0.029720140621066093,-0.03864738438278437,0.03864738438278437,0.001493620319630685
17,merged_fibers_output_z_p0p035,245,-0.009283441118896008,0.02716151997447014,-0.036444961093366146,0.036444961093366146,0.0013282351890969721
17,merged_fibers_output_z_p0p035,246,-0.00883051659911871,0.02459133043885231,-0.03342184703797102,0.03342184703797102,0.0011170198594295322
17,merged_fibers_output_z_p0p035,247,-0.007095216773450375,0.02210206910967827,-0.029197285883128643,0.029197285883128643,0.0008524815029411431
17,merged_fibers_output_z_p0p035,248,-0.005093124695122242,0.01731548085808754,-0.02240860555320978,0.02240860555320978,0.0005021456028393443
17,merged_fibers_output_z_p0p035,249,-0.0056146662682294846,0.015069290064275265,-0.02068395633250475,0.02068395633250475,0.0004278260495649633
17,merged_fibers_output_z_p0p035,250,-0.004792898893356323,0.012952079996466637,-0.01774497888982296,0.01774497888982296,0.0003148842758002625
17,merged_fibers_output_z_p0p035,251,-0.0024286904372274876,0.01089164987206459,-0.013320340309292078,0.013320340309292078,0.00017743146595535137
17,merged_fibers_output_z_p0p035,252,-0.00036786519922316074,0.008967126719653606,-0.009334991918876767,0.009334991918876767,8.714207412549455e-05
17,merged_fibers_output_z_p0p035,253,0.0020745452493429184,0.005589738022536039,-0.003515192773193121,0.003515192773193121,1.2356580232709144e-05
17,merged_fibers_output_z_p0p035,254,0.0018216423923149705,0.004232741892337799,-0.0024110995000228286,0.0024110995000228286,5.813400799010334e-06
17,merged_fibers_output_z_p0p035,255,-0.0006967562949284911,0.0030232169665396214,-0.0037199732614681125,0.0037199732614681125,1.3838201066037706e-05
17,merged_fibers_output_z_p0p035,256,-0.002955061849206686,0.0019574000034481287,-0.004912461852654815,0.004912461852654815,2.4132281453788775e-05
17,merged_fibers_output_z_p0p035,257,-0.0022225596476346254,0.001080868998542428,-0.0033034286461770535,0.0033034286461770535,1.091264082038316e-05
18,merged_fibers_output_z_p0p040,0,-0.008812390267848969,-0.0013859870377928019,-0.007426403230056167,0.007426403230056167,5.5151464935388665e-05
18,merged_fibers_output_z_p0p040,1,-0.008502567186951637,-0.0012630850542336702,-0.007239482132717967,0.007239482132717967,5.2410101549942684e-05
18,merged_fibers_output_z_p0p040,2,-0.007312953006476164,-0.0011403559474274516,-0.006172597059048712,0.006172597059048712,3.810095445337681e-05
18,merged_fibers_output_z_p0p040,3,-0.004967554472386837,-0.0010176709620282054,-0.003949883510358632,0.003949883510358632,1.5601579745403026e-05
18,merged_fibers_output_z_p0p040,4,-0.001887871534563601,-0.0008949994808062911,-0.00099287205375731,0.00099287205375731,9.857949151322585e-07
18,merged_fibers_output_z_p0p040,5,0.0009710674057714641,-0.0007723227026872337,0.0017433901084586978,0.0017433901084586978,3.03940907027163e-06
18,merged_fibers_output_z_p0p040,6,0.0027402336709201336,-0.0006496664718724787,0.0033899001427926123,0.0033899001427926123,1.1491422978105373e-05
18,merged_fibers_output_z_p0p040,7,0.0032217400148510933,-0.0005270388210192323,0.0037487788358703256,0.0037487788358703256,1.4053342760269273e-05
18,merged_fibers_output_z_p0p040,8,0.0029640444554388523,-0.00040456769056618214,0.0033686121460050344,0.0033686121460050344,1.1347547790212644e-05
18,merged_fibers_output_z_p0p040,9,-0.008767855353653431,-0.0009264255058951676,-0.007841429847758263,0.007841429847758263,6.148802205731418e-05
18,merged_fibers_output_z_p0p040,10,-0.008500892668962479,-0.0008445210987702012,-0.007656371570192277,0.007656371570192277,5.862002562084856e-05
18,merged_fibers_output_z_p0p040,11,-0.00736670708283782,-0.0007627098239026964,-0.006603997258935124,0.006603997258935124,4.3612779796022624e-05
18,merged_fibers_output_z_p0p040,12,-0.005056658294051886,-0.0006809188053011894,-0.004375739488750696,0.004375739488750696,1.9147096073412204e-05
18,merged_fibers_output_z_p0p040,13,-0.00196842011064291,-0.0005991326761431992,-0.0013692874344997108,0.0013692874344997108,1.8749480782787998e-06
18,merged_fibers_output_z_p0p040,14,0.0009399327682331204,-0.0005173480021767318,0.0014572807704098523,0.0014572807704098523,2.1236672438063326e-06
18,merged_fibers_output_z_p0p040,15,0.002771414816379547,-0.0004355667042545974,0.0032069815206341445,0.0032069815206341445,1.028473047368889e-05
18,merged_fibers_output_z_p0p040,16,0.003295737085863948,-0.0003538031887728721,0.00364954027463682,0.00364954027463682,1.3319144216196194e-05
18,merged_fibers_output_z_p0p040,17,0.003047374077141285,-0.00027212078566662967,0.0033194948628079146,0.0033194948628079146,1.1019046144208135e-05
18,merged_fibers_output_z_p0p040,18,0.0020649984944611788,-0.00013318669516593218,0.002198185189627111,0.002198185189627111,4.832018127895978e-06
18,merged_fibers_output_z_p0p040,19,0.0022888737730681896,-0.00017404320533387363,0.0024629169784020633,0.0024629169784020633,6.065960042501149e-06
18,merged_fibers_output_z_p0p040,20,0.0018681129440665245,-0.0002149327046936378,0.0020830456487601623,0.0020830456487601623,4.339079174818645e-06
18,merged_fibers_output_z_p0p040,21,0.0002905610599555075,-0.00025582819944247603,0.0005463892593979836,0.0005463892593979836,2.9854122278547696e-07
18,merged_fibers_output_z_p0p040,22,-0.002299160696566105,-0.00029672510572709143,-0.0020024355908390135,0.0020024355908390135,4.009748295458789e-06
18,merged_fibers_output_z_p0p040,23,-0.005140943918377161,-0.00033762300154194236,-0.004803320916835219,0.004803320916835219,2.3071891830106726e-05
18,merged_fibers_output_z_p0p040,24,-0.007366198115050793,-0.0003785215085372329,-0.00698767660651356,0.00698767660651356,4.882762435721686e-05
18,merged_fibers_output_z_p0p040,25,-0.008558126166462898,-0.0004194251087028533,-0.008138701057760045,0.008138701057760045,6.623845490758447e-05
18,merged_fibers_output_z_p0p040,26,-0.008922560140490532,-0.0004603606939781457,-0.008462199446512386,0.008462199446512386,7.160881947255453e-05
18,merged_fibers_output_z_p0p040,27,-0.009619360789656639,-8.089727998594753e-08,-0.009619279892376653,0.009619279892376653,9.25305456478818e-05
18,merged_fibers_output_z_p0p040,28,-0.00891309604048729,-7.15433898790252e-08,-0.00891302449709741,0.00891302449709741,7.944200568585855e-05
18,merged_fibers_output_z_p0p040,29,-0.007643167395144701,-6.275835318092504e-08,-0.00764310463679152,0.00764310463679152,5.8417048488944034e-05
18,merged_fibers_output_z_p0p040,30,-0.005884106736630201,-5.366636912640388e-08,-0.005884053070261075,0.005884053070261075,3.462208053364878e-05
18,merged_fibers_output_z_p0p040,31,-0.003930478356778622,-4.426376065680415e-08,-0.003930434093017965,0.003930434093017965,1.5448312159557953e-05
18,merged_fibers_output_z_p0p040,32,-0.0022117882035672665,-3.567392070635833e-08,-0.00221175252964656,0.00221175252964656,4.891849252397958e-06
18,merged_fibers_output_z_p0p040,33,-0.001072496292181313,-2.7802819602129603e-08,-0.001072468489361711,0.001072468489361711,1.1501886606737903e-06
18,merged_fibers_output_z_p0p040,34,-0.0005784929380752146,-2.025250012138713e-08,-0.0005784726855750932,0.0005784726855750932,3.346306479564607e-07
18,merged_fibers_output_z_p0p040,35,-0.0005064760916866362,-1.3811660259932523e-08,-0.0005064622800263763,0.0005064622800263763,2.565040410895156e-07
18,merged_fibers_output_z_p0p040,36,-0.002207117388024926,0.00013152830069884658,-0.0023386456887237728,0.0023386456887237728,5.4692636573862895e-06
18,merged_fibers_output_z_p0p040,37,-0.002886321395635605,0.0001723692985251546,-0.0030586906941607594,0.0030586906941607594,9.355588762545628e-06
18,merged_fibers_output_z_p0p040,38,-0.00363933271728456,0.00021324330009520054,-0.0038525760173797607,0.0038525760173797607,1.4842341969689699e-05
18,merged_fibers_output_z_p0p040,39,-0.004217708948999643,0.0002541228896006942,-0.0044718318386003375,0.0044718318386003375,1.9997279992719675e-05
18,merged_fibers_output_z_p0p040,40,-0.004723197314888239,0.0002950030902866274,-0.005018200405174866,0.005018200405174866,2.518233530649719e-05
18,merged_fibers_output_z_p0p040,41,-0.005522877909243107,0.0003358829126227647,-0.0058587608218658715,0.0058587608218658715,3.432507836783046e-05
18,merged_fibers_output_z_p0p040,42,-0.006893007550388575,0.0003767632006201893,-0.007269770751008764,0.007269770751008764,5.2849566772222526e-05
18,merged_fibers_output_z_p0p040,43,-0.008681753650307655,0.0004176482034381479,-0.009099401853745803,0.009099401853745803,8.279911409595257e-05
18,merged_fibers_output_z_p0p040,44,-0.010286666452884674,0.0004585623973980546,-0.010745228850282729,0.010745228850282729,0.00011545994304494829
18,merged_fibers_output_z_p0p040,45,-0.011022038757801056,0.0009328235173597932,-0.011954862275160849,0.011954862275160849,0.00014291873201806402
18,merged_fibers_output_z_p0p040,46,-0.008679582737386227,0.000850923708640039,-0.009530506446026266,0.009530506446026266,9.08305531177482e-05
18,merged_fibers_output_z_p0p040,47,-0.0061600953340530396,0.0007691296050325036,-0.006929224939085543,0.006929224939085543,4.801415825644505e-05
18,merged_fibers_output_z_p0p040,48,-0.0046808975748717785,0.0006873561069369316,-0.00536825368180871,0.00536825368180871,2.881814759225277e-05
18,merged_fibers_output_z_p0p040,49,-0.004467046819627285,0.0006055852863937616,-0.005072632106021047,0.005072632106021047,2.573159648303552e-05
18,merged_fibers_output_z_p0p040,50,-0.0047247521579265594,0.0005238162120804191,-0.0052485683700069785,0.0052485683700069785,2.754746993463771e-05
18,merged_fibers_output_z_p0p040,51,-0.004419191740453243,0.0004420508921612054,-0.004861242632614449,0.004861242632614449,2.3631679933148255e-05
18,merged_fibers_output_z_p0p040,52,-0.003191975876688957,0.00036030029878020287,-0.00355227617546916,0.00355227617546916,1.2618666026805803e-05
18,merged_fibers_output_z_p0p040,53,-0.001661151647567749,0.00027862010756507516,-0.0019397717551328242,0.0019397717551328242,3.7627144620110772e-06
18,merged_fibers_output_z_p0p040,54,-0.008790634572505951,-0.001207267981953919,-0.007583366590552032,0.007583366590552032,5.750744884670075e-05
18,merged_fibers_output_z_p0p040,55,-0.008761839009821415,-0.000904951011762023,-0.007856887998059392,0.007856887998059392,6.173068901404972e-05
18,merged_fibers_output_z_p0p040,56,-0.008870820514857769,-0.0006027672789059579,-0.008268053235951811,0.008268053235951811,6.836070431253321e-05
18,merged_fibers_output_z_p0p040,57,-0.009226239286363125,-0.00030065811006352305,-0.008925581176299602,0.008925581176299602,7.966599933471378e-05
18,merged_fibers_output_z_p0p040,58,-0.009824508801102638,1.4198450344338198e-06,-0.009825928646137072,0.009825928646137072,9.654887375897712e-05
18,merged_fibers_output_z_p0p040,59,-0.010544491931796074,0.0003034975961782038,-0.010847989527974278,0.010847989527974278,0.00011767887679903959
18,merged_fibers_output_z_p0p040,60,-0.011218627914786339,0.0006056110723875463,-0.011824238987173885,0.011824238987173885,0.0001398126276258029
18,merged_fibers_output_z_p0p040,61,-0.011721636168658733,0.0009077897993847728,-0.012629425968043506,0.012629425968043506,0.00015950240028229164
18,merged_fibers_output_z_p0p040,62,-0.012011390179395676,0.0012101080501452088,-0.013221498229540884,0.013221498229540884,0.00017480801543375273
18,merged_fibers_output_z_p0p040,63,-0.012023232877254486,0.0014784210361540318,-0.013501653913408518,0.013501653913408518,0.00018229465839745954
18,merged_fibers_output_z_p0p040,64,-0.00882359966635704,-0.0014475439675152302,-0.00737605569884181,0.00737605569884181,5.4406197672416745e-05
18,merged_fibers_output_z_p0p040,65,-0.008796541951596737,-0.001166517031379044,-0.007630024920217693,0.007630024920217693,5.821728028314301e-05
18,merged_fibers_output_z_p0p040,66,-0.008767644874751568,-0.0008766594110056758,-0.007890985463745892,0.007890985463745892,6.226765158904897e-05
18,merged_fibers_output_z_p0p040,67,-0.008865796960890293,-0.0005868541193194687,-0.008278942841570824,0.008278942841570824,6.854089457399679e-05
18,merged_fibers_output_z_p0p040,68,-0.00919406395405531,-0.0002970829955302179,-0.008896980958525091,0.008896980958525091,7.915627017635805e-05
18,merged_fibers_output_z_p0p040,69,-0.0097477026283741,-7.328800165851135e-06,-0.009740373828208249,0.009740373828208249,9.487488231324421e-05
18,merged_fibers_output_z_p0p040,70,-0.010409325361251831,0.00028242490952834487,-0.010691750270780176,0.010691750270780176,0.00011431352385272796
18,merged_fibers_output_z_p0p040,71,-0.011019404977560043,0.0005721942870877683,-0.011591599264647812,0.011591599264647812,0.00013436517351218368
18,merged_fibers_output_z_p0p040,72,-0.011463839560747147,0.0008619970758445561,-0.012325836636591703,0.012325836636591703,0.00015192624879194625
18,merged_fibers_output_z_p0p040,73,-0.01171297300606966,0.0011518510291352868,-0.012864824035204947,0.012864824035204947,0.00016550369745678688
18,merged_fibers_output_z_p0p040,74,-0.010907268151640892,0.0013856400037184358,-0.012292908155359328,0.012292908155359328,0.00015111559091609986
18,merged_fibers_output_z_p0p040,75,-0.010887617245316505,0.0011223029578104615,-0.012009920203126967,0.012009920203126967,0.00014423818328547727
18,merged_fibers_output_z_p0p040,76,-0.010777916759252548,0.0008447985164821148,-0.011622715275734663,0.011622715275734663,0.00013508751038079588
18,merged_fibers_output_z_p0p040,77,-0.010525441728532314,0.0005673173000104725,-0.011092759028542787,0.011092759028542787,0.0001230493028653175
18,merged_fibers_output_z_p0p040,78,-0.010112708434462547,0.0002898557868320495,-0.010402564221294597,0.010402564221294597,0.00010821334237815846
18,merged_fibers_output_z_p0p040,79,-0.009610358625650406,1.2404960216372274e-05,-0.009622763585866778,0.009622763585866778,9.259757902948366e-05
18,merged_fibers_output_z_p0p040,80,-0.009154177270829678,-0.0002650455862749368,-0.00888913168455474,0.00888913168455474,7.9016662105355e-05
18,merged_fibers_output_z_p0p040,81,-0.008863934315741062,-0.0005425061099231243,-0.008321428205817938,0.008321428205817938,6.924616738458234e-05
18,merged_fibers_output_z_p0p040,82,-0.008766627870500088,-0.0008199859876185656,-0.007946641882881522,0.007946641882881522,6.314911721476678e-05
18,merged_fibers_output_z_p0p040,83,-0.008786553516983986,-0.001097489963285625,-0.007689063553698361,0.007689063553698361,5.912169833281247e-05
18,merged_fibers_output_z_p0p040,84,-0.008730495348572731,-0.0013242480345070362,-0.007406247314065695,0.007406247314065695,5.485249927710532e-05
18,merged_fibers_output_z_p0p040,85,-0.008715067990124226,-0.0010780399898067117,-0.007637028000317514,0.007637028000317514,5.8324196677633726e-05
18,merged_fibers_output_z_p0p040,86,-0.008697476238012314,-0.0008128414046950638,-0.00788463483331725,0.00788463483331725,6.216746645475974e-05
18,merged_fibers_output_z_p0p040,87,-0.008762761019170284,-0.000547654926776886,-0.008215106092393398,0.008215106092393398,6.748796810927913e-05
18,merged_fibers_output_z_p0p040,88,-0.008963989093899727,-0.0002824797120410949,-0.008681509381858632,0.008681509381858632,7.536860514729945e-05
18,merged_fibers_output_z_p0p040,89,-0.0092643853276968,-1.731134943838697e-05,-0.009247073978258413,0.009247073978258413,8.550837715938388e-05
18,merged_fibers_output_z_p0p040,90,-0.009551320225000381,0.00024785648565739393,-0.009799176710657775,0.009799176710657775,9.602386420669774e-05
18,merged_fibers_output_z_p0p040,91,-0.00971450749784708,0.0005130302160978317,-0.010227537713944912,0.010227537713944912,0.00010460252769016552
18,merged_fibers_output_z_p0p040,92,-0.009725868701934814,0.0007782144821248949,-0.01050408318405971,0.01050408318405971,0.00011033576353764596
18,merged_fibers_output_z_p0p040,93,-0.009655730798840523,0.0010434100404381752,-0.010699140839278698,0.010699140839278698,0.00011447161469872128
18,merged_fibers_output_z_p0p040,94,-0.008082724176347256,0.0012626319658011198,-0.009345356142148376,0.009345356142148376,8.733568142359037e-05
18,merged_fibers_output_z_p0p040,95,-0.008193889632821083,0.001033034990541637,-0.00922692462336272,0.00922692462336272,8.513613800521727e-05
18,merged_fibers_output_z_p0p040,96,-0.00846337340772152,0.0007801247993484139,-0.009243498207069933,0.009243498207069933,8.544225910410507e-05
18,merged_fibers_output_z_p0p040,97,-0.008746691979467869,0.0005272197886370122,-0.009273911768104881,0.009273911768104881,8.60054394825942e-05
18,merged_fibers_output_z_p0p040,98,-0.008892932906746864,0.0002743205986917019,-0.009167253505438566,0.009167253505438566,8.403853683297568e-05
18,merged_fibers_output_z_p0p040,99,-0.00885492842644453,2.142511038982775e-05,-0.008876353536834358,0.008876353536834358,7.878965211087182e-05
18,merged_fibers_output_z_p0p040,100,-0.008703144267201424,-0.00023146999592427164,-0.008471674271277152,0.008471674271277152,7.176926495861926e-05
18,merged_fibers_output_z_p0p040,101,-0.008556004613637924,-0.00048436838551424444,-0.00807163622812368,0.00807163622812368,6.515131139915867e-05
18,merged_fibers_output_z_p0p040,102,-0.008488244377076626,-0.0007372726104222238,-0.007750971766654402,0.007750971766654402,6.007756332747366e-05
18,merged_fibers_output_z_p0p040,103,-0.00849028117954731,-0.0009901829762384295,-0.00750009820330888,0.00750009820330888,5.6251473059277095e-05
18,merged_fibers_output_z_p0p040,104,-0.008045423775911331,-0.001201341045089066,-0.006844082730822265,0.006844082730822265,4.6841468426339554e-05
18,merged_fibers_output_z_p0p040,105,-0.008046137169003487,-0.000987852574326098,-0.007058284594677389,0.007058284594677389,4.981938141946015e-05
18,merged_fibers_output_z_p0p040,106,-0.008047539740800858,-0.0007472187280654907,-0.007300321012735367,0.007300321012735367,5.329468688898553e-05
18,merged_fibers_output_z_p0p040,107,-0.008099248632788658,-0.00050658721011132,-0.007592661422677338,0.007592661422677338,5.764850747941266e-05
18,merged_fibers_output_z_p0p040,108,-0.008199495263397694,-0.0002659588062670082,-0.007933536457130685,0.007933536457130685,6.294100071662171e-05
18,merged_fibers_output_z_p0p040,109,-0.008262524381279945,-2.5332290533697233e-05,-0.008237192090746248,0.008237192090746248,6.785133353985254e-05
18,merged_fibers_output_z_p0p040,110,-0.008158826269209385,0.00021529410150833428,-0.00837412037071772,0.00837412037071772,7.012589198326947e-05
18,merged_fibers_output_z_p0p040,111,-0.007816148921847343,0.00045592221431434155,-0.008272071136161685,0.008272071136161685,6.842716088171927e-05
18,merged_fibers_output_z_p0p040,112,-0.007303636055439711,0.0006965533830225468,-0.008000189438462257,0.008000189438462257,6.400303105128305e-05
18,merged_fibers_output_z_p0p040,113,-0.006823755335062742,0.0009371878113597631,-0.007760943146422505,0.007760943146422505,6.023223852200246e-05
18,merged_fibers_output_z_p0p040,114,-0.005318863317370415,0.0011398099595680833,-0.006458673276938498,0.006458673276938498,4.1714460498239476e-05
18,merged_fibers_output_z_p0p040,115,-0.005513389594852924,0.0009419294074177742,-0.0064553190022706985,0.0064553190022706985,4.167114342107717e-05
18,merged_fibers_output_z_p0p040,116,-0.0060727340169250965,0.0007135649211704731,-0.00678629893809557,0.00678629893809557,4.6053853277197056e-05
18,merged_fibers_output_z_p0p040,117,-0.006755465175956488,0.00048520241398364305,-0.007240667589940131,0.007240667589940131,5.242726714800942e-05
18,merged_fibers_output_z_p0p040,118,-0.007286746054887772,0.00025684188585728407,-0.007543587940745056,0.007543587940745056,5.690571901975423e-05
18,merged_fibers_output_z_p0p040,119,-0.007528234273195267,2.848268923116848e-05,-0.007556716962426435,0.007556716962426435,5.710397125022341e-05
18,merged_fibers_output_z_p0p040,120,-0.007522497326135635,-0.00019987620180472732,-0.007322621124330908,0.007322621124330908,5.362078013049725e-05
18,merged_fibers_output_z_p0p040,121,-0.007415989879518747,-0.0004282357986085117,-0.006987754080910236,0.006987754080910236,4.882870709527765e-05
18,merged_fibers_output_z_p0p040,122,-0.007335243746638298,-0.0006565966759808362,-0.006678647070657462,0.006678647070657462,4.460432669440149e-05
18,merged_fibers_output_z_p0p040,123,-0.007314593531191349,-0.0008849587175063789,-0.00642963481368497,0.00642963481368497,4.134020383734976e-05
18,merged_fibers_output_z_p0p040,124,-0.006266379728913307,-0.0010785210179165006,-0.005187858710996807,0.005187858710996807,2.6913878005265448e-05
18,merged_fibers_output_z_p0p040,125,-0.006280936766415834,-0.0008957621175795794,-0.005385174648836255,0.005385174648836255,2.9000105998468683e-05
18,merged_fibers_output_z_p0p040,126,-0.006297046318650246,-0.0006796685047447681,-0.0056173778139054775,0.0056173778139054775,3.155493350415748e-05
18,merged_fibers_output_z_p0p040,127,-0.006391468923538923,-0.0004635755030903965,-0.005927893420448527,0.005927893420448527,3.513992040419693e-05
18,merged_fibers_output_z_p0p040,128,-0.0065624043345451355,-0.0002474831126164645,-0.006314921221928671,0.006314921221928671,3.98782300391651e-05
18,merged_fibers_output_z_p0p040,129,-0.006689317990094423,-3.139102045679465e-05,-0.006657926969637629,0.006657926969637629,4.43279915330281e-05
18,merged_fibers_output_z_p0p040,130,-0.006585775874555111,0.00018470120267011225,-0.006770477077225223,0.006770477077225223,4.58393598532322e-05
18,merged_fibers_output_z_p0p040,131,-0.006140921264886856,0.00040079408790916204,-0.006541715352796018,0.006541715352796018,4.279403975700713e-05
18,merged_fibers_output_z_p0p040,132,-0.005441807676106691,0.0006168882246129215,-0.006058695900719613,0.006058695900719613,3.670779601739664e-05
18,merged_fibers_output_z_p0p040,133,-0.004768129903823137,0.0008329838747158647,-0.005601113778539002,0.005601113778539002,3.1372475560139456e-05
18,merged_fibers_output_z_p0p040,134,-0.003963174298405647,0.0010170229943469167,-0.004980197292752564,0.004980197292752564,2.4802365074739967e-05
18,merged_fibers_output_z_p0p040,135,-0.004715209826827049,0.0006450567743740976,-0.005360266601201147,0.005360266601201147,2.8732458035952495e-05
18,merged_fibers_output_z_p0p040,136,-0.005367386154830456,0.0004412299022078514,-0.005808616057038307,0.005808616057038307,3.374002049808325e-05
18,merged_fibers_output_z_p0p040,137,-0.005770321469753981,0.00023740380129311234,-0.006007725271047093,0.006007725271047093,3.609276293237787e-05
18,merged_fibers_output_z_p0p040,138,-0.005786634981632233,3.357815876370296e-05,-0.005820213140395936,0.005820213140395936,3.387488099963752e-05
18,merged_fibers_output_z_p0p040,139,-0.00552292400971055,-0.00017024729459080845,-0.005352676715119742,0.005352676715119742,2.865114801658507e-05
18,merged_fibers_output_z_p0p040,140,-0.005209602881222963,-0.0003740728134289384,-0.004835530067794025,0.004835530067794025,2.3382351036540087e-05
18,merged_fibers_output_z_p0p040,141,-0.005019825417548418,-0.0005778985214419663,-0.004441926896106452,0.004441926896106452,1.9730714550353897e-05
18,merged_fibers_output_z_p0p040,142,-0.004972157999873161,-0.0007817244040779769,-0.004190433595795184,0.004190433595795184,1.755973372076896e-05
18,merged_fibers_output_z_p0p040,143,-0.0034507077652961016,-0.0009557188022881746,-0.002494988963007927,0.002494988963007927,6.224969925531371e-06
18,merged_fibers_output_z_p0p040,144,-0.00348675181157887,-0.000610163901001215,-0.002876587910577655,0.002876587910577655,8.274758007281518e-06
18,merged_fibers_output_z_p0p040,145,-0.003676259657368064,-0.00041860470082610846,-0.0032576549565419555,0.0032576549565419555,1.061231581588237e-05
18,merged_fibers_output_z_p0p040,146,-0.004114820621907711,-0.00022704570437781513,-0.003887774917529896,0.003887774917529896,1.5114793809374588e-05
18,merged_fibers_output_z_p0p040,147,-0.004679781850427389,-3.548671884345822e-05,-0.004644295131583931,0.004644295131583931,2.15694772692542e-05
18,merged_fibers_output_z_p0p040,148,-0.005090267397463322,0.00015607220120728016,-0.005246339598670602,0.005246339598670602,2.752407918457921e-05
18,merged_fibers_output_z_p0p040,149,-0.005103114061057568,0.0003476314013823867,-0.005450745462439954,0.005450745462439954,2.971062609630975e-05
18,merged_fibers_output_z_p0p040,150,-0.00471271900460124,0.000539190776180476,-0.005251909780781716,0.005251909780781716,2.7582556345470653e-05
18,merged_fibers_output_z_p0p040,151,-0.004186592996120453,0.0007307502091862261,-0.004917343205306679,0.004917343205306679,2.4180264198775764e-05
18,merged_fibers_output_z_p0p040,152,-0.00407122727483511,0.0008942338754422963,-0.004965461150277406,0.004965461150277406,2.465580443491422e-05
18,merged_fibers_output_z_p0p040,153,-0.004539112560451031,0.0005745879025198519,-0.005113700462970883,0.005113700462970883,2.614993242498862e-05
18,merged_fibers_output_z_p0p040,154,-0.004799277056008577,0.00039529570494778454,-0.005194572760956362,0.005194572760956362,2.69835861688698e-05
18,merged_fibers_output_z_p0p040,155,-0.00463259220123291,0.00021600349282380193,-0.004848595694056712,0.004848595694056712,2.350888020442529e-05
18,merged_fibers_output_z_p0p040,156,-0.0039813099429011345,3.671125159598887e-05,-0.004018021194497123,0.004018021194497123,1.614449431942809e-05
18,merged_fibers_output_z_p0p040,157,-0.0030975998379290104,-0.00014258110604714602,-0.0029550187318818644,0.0029550187318818644,8.732135705772702e-06
18,merged_fibers_output_z_p0p040,158,-0.002349543385207653,-0.00032187349279411137,-0.0020276698924135417,0.0020276698924135417,4.111445192600344e-06
18,merged_fibers_output_z_p0p040,159,-0.0019585066474974155,-0.0005011662724427879,-0.0014573403750546277,0.0014573403750546277,2.123840968764363e-06
18,merged_fibers_output_z_p0p040,160,-0.0018785414285957813,-0.0006804593722335994,-0.001198082056362182,0.001198082056362182,1.4354006137770344e-06
18,merged_fibers_output_z_p0p040,161,-0.000348638859577477,-0.0008329299162141979,0.0004842910566367209,0.0004842910566367209,2.345378275383116e-07
18,merged_fibers_output_z_p0p040,162,-0.00036240473855286837,-0.0005386985139921308,0.0001762937754392624,0.0001762937754392624,3.1079495258629075e-08
18,merged_fibers_output_z_p0p040,163,-0.0006571095436811447,-0.00037167189293541014,-0.00028543765074573457,0.00028543765074573457,8.147465246324395e-08
18,merged_fibers_output_z_p0p040,164,-0.0014440864324569702,-0.00020464579574763775,-0.0012394406367093325,0.0012394406367093325,1.5362130919264355e-06
18,merged_fibers_output_z_p0p040,165,-0.0026223536115139723,-3.762004052987322e-05,-0.002584733570984099,0.002584733570984099,6.680847632972213e-06
18,merged_fibers_output_z_p0p040,166,-0.0038010142743587494,0.00012940559827256948,-0.003930419872631319,0.003930419872631319,1.5448200375175194e-05
18,merged_fibers_output_z_p0p040,167,-0.004555646330118179,0.0002964310988318175,-0.004852077428949997,0.004852077428949997,2.354265537652601e-05
18,merged_fibers_output_z_p0p040,168,-0.004728668835014105,0.00046345649752765894,-0.005192125332541764,0.005192125332541764,2.695816546882192e-05
18,merged_fibers_output_z_p0p040,169,-0.004529066849499941,0.000630481808912009,-0.00515954865841195,0.00515954865841195,2.6620942358520552e-05
18,merged_fibers_output_z_p0p040,170,-0.004524866584688425,0.000771452090702951,-0.005296318675391376,0.005296318675391376,2.805099151129946e-05
18,merged_fibers_output_z_p0p040,171,-0.004741635639220476,0.0005021578981541097,-0.005243793537374586,0.005243793537374586,2.7497370662611472e-05
18,merged_fibers_output_z_p0p040,172,-0.004611657001078129,0.00034739880356937647,-0.004959055804647505,0.004959055804647505,2.4592234473608116e-05
18,merged_fibers_output_z_p0p040,173,-0.003858900861814618,0.0001926397962961346,-0.004051540658110753,0.004051540658110753,1.641498170432451e-05
18,merged_fibers_output_z_p0p040,174,-0.0025024395436048508,3.7880810850765556e-05,-0.0025403203544556163,0.0025403203544556163,6.4532275032615085e-06
18,merged_fibers_output_z_p0p040,175,-0.0009496170096099377,-0.00011687829828588292,-0.0008327387113240547,0.0008327387113240547,6.934537613376473e-07
18,merged_fibers_output_z_p0p040,176,0.0002763720112852752,-0.0002716378076002002,0.0005480098188854754,0.0005480098188854754,3.0031476159489155e-07
18,merged_fibers_output_z_p0p040,177,0.0008920690743252635,-0.00042639789171516895,0.0013184669660404325,0.0013184669660404325,1.7383551405398629e-06
18,merged_fibers_output_z_p0p040,178,0.001007029670290649,-0.0005811583832837641,0.001588188053574413,0.001588188053574413,2.5223412935164827e-06
18,merged_fibers_output_z_p0p040,179,0.002036492805927992,-0.0007101328228600323,0.002746625628788024,0.002746625628788024,7.543952344715209e-06
18,merged_fibers_output_z_p0p040,180,0.0020618278067559004,-0.0004652724019251764,0.0025271002086810768,0.0025271002086810768,6.386235464715942e-06
18,merged_fibers_output_z_p0p040,181,0.001699594547972083,-0.00032277809805236757,0.0020223726460244507,0.0020223726460244507,4.089991119387938e-06
18,merged_fibers_output_z_p0p040,182,0.0006499522714875638,-0.00018028459453489631,0.0008302368660224602,0.0008302368660224602,6.892932537027965e-07
18,merged_fibers_output_z_p0p040,183,-0.0010036309249699116,-3.779173857765272e-05,-0.0009658391863922589,0.0009658391863922589,9.328453339708605e-07
18,merged_fibers_output_z_p0p040,184,-0.002770850667729974,0.00010470079723745584,-0.0028755514649674296,0.0028755514649674296,8.26879622767633e-06
18,merged_fibers_output_z_p0p040,185,-0.004068979062139988,0.00024719341308809817,-0.004316172475228086,0.004316172475228086,1.8629344835916543e-05
18,merged_fibers_output_z_p0p040,186,-0.0046196794137358665,0.00038968640728853643,-0.005009365821024403,0.005009365821024403,2.509374592884749e-05
18,merged_fibers_output_z_p0p040,187,-0.004608077462762594,0.0005321800126694143,-0.0051402574754320085,0.0051402574754320085,2.6422246913734646e-05
18,merged_fibers_output_z_p0p040,188,-0.004080912563949823,0.0006486846250481904,-0.004729597188998014,0.004729597188998014,2.2369089570177913e-05
18,merged_fibers_output_z_p0p040,189,-0.004336661193519831,0.0004277692933101207,-0.004764430486829951,0.004764430486829951,2.2699797863834687e-05
18,merged_fibers_output_z_p0p040,190,-0.004170205444097519,0.00029754071147181094,-0.00446774615556933,0.00446774615556933,1.9960755710604526e-05
18,merged_fibers_output_z_p0p040,191,-0.0032461113296449184,0.00016731349751353264,-0.003413424827158451,0.003413424827158451,1.1651469050661702e-05
18,merged_fibers_output_z_p0p040,192,-0.0015754977939650416,3.708713120431639e-05,-0.001612584925169358,0.001612584925169358,2.600430140883464e-06
18,merged_fibers_output_z_p0p040,193,0.0003494788834359497,-9.313911141362041e-05,0.0004426179948495701,0.0004426179948495701,1.9591068936465406e-07
18,merged_fibers_output_z_p0p040,194,0.0018813461065292358,-0.00022336610709317029,0.002104712213622406,0.002104712213622406,4.429813502171329e-06
18,merged_fibers_output_z_p0p040,195,0.0026578966062515974,-0.0003535946016199887,0.003011491207871586,0.003011491207871586,9.069079295087865e-06
18,merged_fibers_output_z_p0p040,196,0.0028035412542521954,-0.0004838246095459908,0.003287365863798186,0.003287365863798186,1.0806774322465594e-05
18,merged_fibers_output_z_p0p040,197,0.0031251278705894947,-0.0005873574991710484,0.003712485369760543,0.003712485369760543,1.3782547620686076e-05
18,merged_fibers_output_z_p0p040,198,0.003186904126778245,-0.00038989228778518736,0.0035767964145634323,0.0035767964145634323,1.2793472591233824e-05
18,merged_fibers_output_z_p0p040,199,0.0028143776580691338,-0.00027192579000256956,0.0030863034480717033,0.0030863034480717033,9.525268973579284e-06
18,merged_fibers_output_z_p0p040,200,0.0016813995316624641,-0.00015396240632981062,0.0018353619379922748,0.0018353619379922748,3.3685534434307586e-06
18,merged_fibers_output_z_p0p040,201,-0.00012037865235470235,-3.600136915338226e-05,-8.43772832013201e-05,8.43772832013201e-05,7.119525920435775e-09
18,merged_fibers_output_z_p0p040,202,-0.0020278783049434423,8.195891859941185e-05,-0.002109837223542854,0.002109837223542854,4.45141310984702e-06
18,merged_fibers_output_z_p0p040,203,-0.00336995767429471,0.00019992029410786927,-0.0035698779684025794,0.0035698779684025794,1.2744028709286127e-05
18,merged_fibers_output_z_p0p040,204,-0.0038358387537300587,0.0003178842016495764,-0.004153722955379635,0.004153722955379635,1.725341439004773e-05
18,merged_fibers_output_z_p0p040,205,-0.003668953664600849,0.00043585090315900743,-0.004104804567759857,0.004104804567759857,1.6849420539502182e-05
18,merged_fibers_output_z_p0p040,206,-0.002461884869262576,0.0005259520839899778,-0.002987836953252554,0.002987836953252554,8.927169659221504e-06
18,merged_fibers_output_z_p0p040,207,-0.0030346435960382223,0.0003514353884384036,-0.003386078984476626,0.003386078984476626,1.1465530889114258e-05
18,merged_fibers_output_z_p0p040,208,-0.0032366530504077673,0.0002457287919241935,-0.003482381842331961,0.003482381842331961,1.212698329580334e-05
18,merged_fibers_output_z_p0p040,209,-0.002646468346938491,0.00014002789976075292,-0.002786496246699244,0.002786496246699244,7.764561332868973e-06
18,merged_fibers_output_z_p0p040,210,-0.0011682838667184114,3.433120946283452e-05,-0.001202615076181246,0.001202615076181246,1.4462830214584241e-06
18,merged_fibers_output_z_p0p040,211,0.0007188055315054953,-7.136441126931459e-05,0.0007901699427748099,0.0007901699427748099,6.243685384647463e-07
18,merged_fibers_output_z_p0p040,212,0.0023017071653157473,-0.0001770624949131161,0.0024787696602288634,0.0024787696602288634,6.144299028471115e-06
18,merged_fibers_output_z_p0p040,213,0.0031354320235550404,-0.00028276589000597596,0.0034181979135610163,0.0034181979135610163,1.1684076976272885e-05
18,merged_fibers_output_z_p0p040,214,0.003301608841866255,-0.00038847530959174037,0.003690084151457995,0.003690084151457995,1.3616721044841472e-05
18,merged_fibers_output_z_p0p040,215,0.0031302887946367264,-0.0004646620946004987,0.003594950889237225,0.003594950889237225,1.2923671896027515e-05
18,merged_fibers_output_z_p0p040,216,0.0032104658894240856,-0.0003125884977634996,0.0035230543871875852,0.0035230543871875852,1.2411912215081691e-05
18,merged_fibers_output_z_p0p040,217,0.002867999719455838,-0.0002191324019804597,0.003087132121436298,0.003087132121436298,9.530384735203777e-06
18,merged_fibers_output_z_p0p040,218,0.0017955468501895666,-0.00012568759848363698,0.0019212344486732036,0.0019212344486732036,3.6911418067686286e-06
18,merged_fibers_output_z_p0p040,219,0.0001127661089412868,-3.2251118682324886e-05,0.0001450172276236117,0.0001450172276236117,2.1029996307638405e-08
18,merged_fibers_output_z_p0p040,220,-0.0015743318945169449,6.118285818956792e-05,-0.0016355147527065128,0.0016355147527065128,2.6749085063206457e-06
18,merged_fibers_output_z_p0p040,221,-0.0025708561297506094,0.00015462130249943584,-0.0027254774322500452,0.0027254774322500452,7.4282272337043e-06
18,merged_fibers_output_z_p0p040,222,-0.00260350713506341,0.00024806929286569357,-0.0028515764279291034,0.0028515764279291034,8.131488124320905e-06
18,merged_fibers_output_z_p0p040,223,-0.002026681089773774,0.0003415280079934746,-0.0023682090977672487,0.0023682090977672487,5.608414330747566e-06
18,merged_fibers_output_z_p0p040,224,-0.0005890328902751207,0.0004033820878248662,-0.000992414978099987,0.000992414978099987,9.848874887571975e-07
18,merged_fibers_output_z_p0p040,225,-0.0015023640589788556,0.0002732237917371094,-0.001775587850715965,0.001775587850715965,3.15271221561014e-06
18,merged_fibers_output_z_p0p040,226,-0.0021929671056568623,0.0001920023059938103,-0.0023849694116506726,0.0023849694116506726,5.688079094509355e-06
18,merged_fibers_output_z_p0p040,227,-0.0021288262214511633,0.00011080170224886388,-0.002239627923700027,0.002239627923700027,5.0159332366168945e-06
18,merged_fibers_output_z_p0p040,228,-0.001074508880265057,2.961704012705013e-05,-0.0011041259203921072,0.0011041259203921072,1.2190940480817178e-06
18,merged_fibers_output_z_p0p040,229,0.0005593136302195489,-5.1562779844971374e-05,0.0006108764100645203,0.0006108764100645203,3.7316998837331596e-07
18,merged_fibers_output_z_p0p040,230,0.002043901477009058,-0.00013275089440867305,0.002176652371417731,0.002176652371417731,4.737815545998432e-06
18,merged_fibers_output_z_p0p040,231,0.0028679296374320984,-0.0002139571006409824,0.0030818867380730808,0.0030818867380730808,9.498025866310734e-06
18,merged_fibers_output_z_p0p040,232,0.0030466795433312654,-0.0002951835922431201,0.0033418631355743855,0.0033418631355743855,1.1168049216911063e-05
18,merged_fibers_output_z_p0p040,233,0.002813977189362049,-0.0003423085145186633,0.0031562857038807124,0.0031562857038807124,9.962139444521763e-06
18,merged_fibers_output_z_p0p040,234,0.0028932997956871986,-0.00023351020354311913,0.0031268099992303178,0.0031268099992303178,9.7769407712867e-06
18,merged_fibers_output_z_p0p040,235,0.002587880939245224,-0.0001644891017349437,0.0027523700409801677,0.0027523700409801677,7.57554084248517e-06
18,merged_fibers_output_z_p0p040,236,0.0016045873053371906,-9.550635877531022e-05,0.0017000936641125008,0.0017000936641125008,2.8903184667554686e-06
18,merged_fibers_output_z_p0p040,237,8.049537427723408e-05,-2.65535491053015e-05,0.00010704892338253558,0.00010704892338253558,1.1459471997359972e-08
18,merged_fibers_output_z_p0p040,238,-0.0013634355273097754,4.238983092363924e-05,-0.0014058253582334146,0.0014058253582334146,1.9763449378521083e-06
18,merged_fibers_output_z_p0p040,239,-0.0020327994134277105,0.0001113480975618586,-0.002144147510989569,0.002144147510989569,4.597368548882764e-06
18,merged_fibers_output_z_p0p040,240,-0.0016899047186598182,0.00018033980450127274,-0.001870244523161091,0.001870244523161091,3.497814576414056e-06
18,merged_fibers_output_z_p0p040,241,-0.0007678496767766774,0.0002493695938028395,-0.0010172192705795169,0.0010172192705795169,1.0347350444383244e-06
18,merged_fibers_output_z_p0p040,242,-3.290403401479125e-05,0.0003484426124487072,-0.0003813466464634985,0.0003813466464634985,1.454252647689565e-07
18,merged_fibers_output_z_p0p040,243,-0.008769186213612556,0.036931391805410385,-0.04570057801902294,0.04570057801902294,0.002088542831272803
18,merged_fibers_output_z_p0p040,244,-0.00892723724246025,0.03396587073802948,-0.04289310798048973,0.04289310798048973,0.0018398187122259518
18,merged_fibers_output_z_p0p040,245,-0.009283438324928284,0.03104173019528389,-0.04032516852021217,0.04032516852021217,0.0016261192161835109
18,merged_fibers_output_z_p0p040,246,-0.008830517530441284,0.028104379773139954,-0.03693489730358124,0.03693489730358124,0.0013641866388260926
18,merged_fibers_output_z_p0p040,247,-0.007095219101756811,0.025259509682655334,-0.032354728784412146,0.032354728784412146,0.0010468284747128678
18,merged_fibers_output_z_p0p040,248,-0.005093125626444817,0.01978912018239498,-0.024882245808839798,0.024882245808839798,0.0006191261564915257
18,merged_fibers_output_z_p0p040,249,-0.005614669062197208,0.01722203940153122,-0.022836708463728428,0.022836708463728428,0.0005215152534573256
18,merged_fibers_output_z_p0p040,250,-0.0047929068095982075,0.014802380464971066,-0.019595287274569273,0.019595287274569273,0.0003839752833728965
18,merged_fibers_output_z_p0p040,251,-0.0024286960251629353,0.01244760025292635,-0.014876296278089285,0.014876296278089285,0.0002213041909534931
18,merged_fibers_output_z_p0p040,252,-0.0003678606590256095,0.010248149745166302,-0.010616010404191911,0.010616010404191911,0.0001126996769019109
18,merged_fibers_output_z_p0p040,253,0.002074548741802573,0.006388274021446705,-0.004313725279644132,0.004313725279644132,1.8608225788240842e-05
18,merged_fibers_output_z_p0p040,254,0.0018216418102383614,0.004837420769035816,-0.003015778958797455,0.003015778958797455,9.09492272832546e-06
18,merged_fibers_output_z_p0p040,255,-0.0006967548397369683,0.003455105936154723,-0.0041518607758916914,0.0041518607758916914,1.7237947902387958e-05
18,merged_fibers_output_z_p0p040,256,-0.0029550602193921804,0.002237028907984495,-0.005192089127376676,0.005192089127376676,2.695778950662309e-05
18,merged_fibers_output_z_p0p040,257,-0.0022225636057555676,0.0012352790217846632,-0.0034578426275402308,0.0034578426275402308,1.1956675636834327e-05
19,merged_fibers_output_z_p0p045,0,-0.008812381885945797,-0.0013859870377928019,-0.007426394848152995,0.007426394848152995,5.515134044067335e-05
19,merged_fibers_output_z_p0p045,1,-0.00850255973637104,-0.0012630850542336702,-0.00723947468213737,0.00723947468213737,5.2409993673307976e-05
19,merged_fibers_output_z_p0p045,2,-0.007312948349863291,-0.0011403559474274516,-0.006172592402435839,0.006172592402435839,3.8100896966608645e-05
19,merged_fibers_output_z_p0p045,3,-0.004967551212757826,-0.0010176709620282054,-0.0039498802507296205,0.0039498802507296205,1.560155399510389e-05
19,merged_fibers_output_z_p0p045,4,-0.0018878686241805553,-0.0008949994808062911,-0.0009928691433742642,0.0009928691433742642,9.857891358647453e-07
19,merged_fibers_output_z_p0p045,5,0.0009710703161545098,-0.0007723227026872337,0.0017433930188417435,0.0017433930188417435,3.0394192181461277e-06
19,merged_fibers_output_z_p0p045,6,0.0027402369305491447,-0.0006496664718724787,0.0033899034024216235,0.0033899034024216235,1.14914450777497e-05
19,merged_fibers_output_z_p0p045,7,0.0032217439729720354,-0.0005270388210192323,0.0037487827939912677,0.0037487827939912677,1.4053372436524975e-05
19,merged_fibers_output_z_p0p045,8,0.002964048646390438,-0.00040456769056618214,0.00336861633695662,0.00336861633695662,1.1347576025611038e-05
19,merged_fibers_output_z_p0p045,9,-0.008767849765717983,-0.0009264255058951676,-0.007841424259822816,0.007841424259822816,6.148793442253779e-05
19,merged_fibers_output_z_p0p045,10,-0.008500888012349606,-0.0008445210987702012,-0.007656366913579404,0.007656366913579404,5.8619954315353414e-05
19,merged_fibers_output_z_p0p045,11,-0.007366703357547522,-0.0007627098239026964,-0.006603993533644825,0.006603993533644825,4.361273059242266e-05
19,merged_fibers_output_z_p0p045,12,-0.005056655500084162,-0.0006809188053011894,-0.004375736694782972,0.004375736694782972,1.914707162207021e-05
19,merged_fibers_output_z_p0p045,13,-0.0019684170838445425,-0.0005991326761431992,-0.0013692844077013433,0.0013692844077013433,1.8749397891740185e-06
19,merged_fibers_output_z_p0p045,14,0.0009399360278621316,-0.0005173480021767318,0.0014572840300388634,0.0014572840300388634,2.123676744206311e-06
19,merged_fibers_output_z_p0p045,15,0.002771418308839202,-0.0004355667042545974,0.0032069850130937994,0.0032069850130937994,1.0284752874208236e-05
19,merged_fibers_output_z_p0p045,16,0.0032957405783236027,-0.0003538031887728721,0.0036495437670964748,0.0036495437670964748,1.3319169707952727e-05
19,merged_fibers_output_z_p0p045,17,0.003047377336770296,-0.00027212078566662967,0.0033194981224369258,0.0033194981224369258,1.1019067784862275e-05
19,merged_fibers_output_z_p0p045,18,0.0020650015212595463,-0.00013318669516593218,0.0021981882164254785,0.0021981882164254785,4.832031434831826e-06
19,merged_fibers_output_z_p0p045,19,0.0022888770326972008,-0.00017404320533387363,0.0024629202380310744,0.0024629202380310744,6.065976098903044e-06
19,merged_fibers_output_z_p0p045,20,0.0018681169021874666,-0.0002149327046936378,0.0020830496068811044,0.0020830496068811044,4.339095664727523e-06
19,merged_fibers_output_z_p0p045,21,0.0002905649598687887,-0.00025582819944247603,0.0005463931593112648,0.0005463931593112648,2.9854548454214514e-07
19,merged_fibers_output_z_p0p045,22,-0.0022991574369370937,-0.00029672510572709143,-0.0020024323312100023,0.0020024323312100023,4.009735241075124e-06
19,merged_fibers_output_z_p0p045,23,-0.005140941124409437,-0.00033762300154194236,-0.004803318122867495,0.004803318122867495,2.3071864989467314e-05
19,merged_fibers_output_z_p0p045,24,-0.0073661962524056435,-0.0003785215085372329,-0.006987674743868411,0.006987674743868411,4.882759832609646e-05
19,merged_fibers_output_z_p0p045,25,-0.008558124303817749,-0.0004194251087028533,-0.008138699195114896,0.008138699195114896,6.623842458856385e-05
19,merged_fibers_output_z_p0p045,26,-0.008922558277845383,-0.0004603606939781457,-0.008462197583867237,0.008462197583867237,7.16087879484085e-05
19,merged_fibers_output_z_p0p045,27,-0.009619357995688915,-8.089727998594753e-08,-0.00961927709840893,0.00961927709840893,9.253049189597451e-05
19,merged_fibers_output_z_p0p045,28,-0.008913095109164715,-7.15433898790252e-08,-0.008913023565774836,0.008913023565774836,7.944198908405756e-05
19,merged_fibers_output_z_p0p045,29,-0.0076431650668382645,-6.275835318092504e-08,-0.0076431023084850835,0.0076431023084850835,5.841701289797001e-05
19,merged_fibers_output_z_p0p045,30,-0.0058841039426624775,-5.366636912640388e-08,-0.005884050276293351,0.005884050276293351,3.462204765394786e-05
19,merged_fibers_output_z_p0p045,31,-0.003930474631488323,-4.426376065680415e-08,-0.003930430367727666,0.003930430367727666,1.544828287555584e-05
19,merged_fibers_output_z_p0p045,32,-0.0022117835469543934,-3.567392070635833e-08,-0.002211747873033687,0.002211747873033687,4.891828653869039e-06
19,merged_fibers_output_z_p0p045,33,-0.0010724910534918308,-2.7802819602129603e-08,-0.0010724632506722287,0.0010724632506722287,1.1501774240424436e-06
19,merged_fibers_output_z_p0p045,34,-0.0005784875247627497,-2.025250012138713e-08,-0.0005784672722626283,0.0005784672722626283,3.3462438507896574e-07
19,merged_fibers_output_z_p0p045,35,-0.0005064707947894931,-1.3811660259932523e-08,-0.0005064569831292332,0.0005064569831292332,2.5649867576036434e-07
19,merged_fibers_output_z_p0p045,36,-0.0022071118000894785,0.00013152830069884658,-0.002338640100788325,0.002338640100788325,5.469237521015227e-06
19,merged_fibers_output_z_p0p045,37,-0.002886315807700157,0.0001723692985251546,-0.0030586851062253118,0.0030586851062253118,9.355554579044547e-06
19,merged_fibers_output_z_p0p045,38,-0.003639326896518469,0.00021324330009520054,-0.0038525701966136694,0.0038525701966136694,1.4842297119835887e-05
19,merged_fibers_output_z_p0p045,39,-0.004217703826725483,0.0002541228896006942,-0.004471826716326177,0.004471826716326177,1.999723418084856e-05
19,merged_fibers_output_z_p0p045,40,-0.004723193123936653,0.0002950030902866274,-0.0050181962142232805,0.0050181962142232805,2.5182293244444864e-05
19,merged_fibers_output_z_p0p045,41,-0.005522874183952808,0.0003358829126227647,-0.005858757096575573,0.005858757096575573,3.432503471667464e-05
19,merged_fibers_output_z_p0p045,42,-0.0068930042907595634,0.0003767632006201893,-0.007269767491379753,0.007269767491379753,5.284951937872186e-05
19,merged_fibers_output_z_p0p045,43,-0.008681749925017357,0.0004176482034381479,-0.009099398128455505,0.009099398128455505,8.279904630013955e-05
19,merged_fibers_output_z_p0p045,44,-0.010286662727594376,0.0004585623973980546,-0.01074522512499243,0.01074522512499243,0.00011545986298676859
19,merged_fibers_output_z_p0p045,45,-0.011022035032510757,0.0009328235173597932,-0.01195485854987055,0.01195485854987055,0.000142918642947413
19,merged_fibers_output_z_p0p045,46,-0.008679579943418503,0.000850923708640039,-0.009530503652058542,0.009530503652058542,9.08304998619012e-05
19,merged_fibers_output_z_p0p045,47,-0.006160091608762741,0.0007691296050325036,-0.006929221213795245,0.006929221213795245,4.8014106629710044e-05
19,merged_fibers_output_z_p0p045,48,-0.004680893383920193,0.0006873561069369316,-0.005368249490857124,0.005368249490857124,2.8818102596087775e-05
19,merged_fibers_output_z_p0p045,49,-0.004467042628675699,0.0006055852863937616,-0.005072627915069461,0.005072627915069461,2.5731553964741946e-05
19,merged_fibers_output_z_p0p045,50,-0.004724747966974974,0.0005238162120804191,-0.005248564179055393,0.005248564179055393,2.754742594166341e-05
19,merged_fibers_output_z_p0p045,51,-0.004419188015162945,0.0004420508921612054,-0.00486123890732415,0.00486123890732415,2.3631643714082097e-05
19,merged_fibers_output_z_p0p045,52,-0.0031919730827212334,0.00036030029878020287,-0.0035522733815014362,0.0035522733815014362,1.2618646176923648e-05
19,merged_fibers_output_z_p0p045,53,-0.001661149668507278,0.00027862010756507516,-0.0019397697760723531,0.0019397697760723531,3.762706784163787e-06
19,merged_fibers_output_z_p0p045,54,-0.008790627121925354,-0.001207267981953919,-0.007583359139971435,0.007583359139971435,5.75073358457883e-05
19,merged_fibers_output_z_p0p045,55,-0.008761833421885967,-0.000904951011762023,-0.007856882410123944,0.007856882410123944,6.173060120651504e-05
19,merged_fibers_output_z_p0p045,56,-0.008870817720890045,-0.0006027672789059579,-0.008268050441984087,0.008268050441984087,6.836065811119326e-05
19,merged_fibers_output_z_p0p045,57,-0.009226237423717976,-0.00030065811006352305,-0.008925579313654453,0.008925579313654453,7.966596608433629e-05
19,merged_fibers_output_z_p0p045,58,-0.009824506938457489,1.4198450344338198e-06,-0.009825926783491923,0.009825926783491923,9.654883715454393e-05
19,merged_fibers_output_z_p0p045,59,-0.010544488206505775,0.0003034975961782038,-0.01084798580268398,0.01084798580268398,0.00011767879597523317
19,merged_fibers_output_z_p0p045,60,-0.011218623258173466,0.0006056110723875463,-0.011824234330561012,0.011824234330561012,0.00013981251750401762
19,merged_fibers_output_z_p0p045,61,-0.011721630580723286,0.0009077897993847728,-0.012629420380108058,0.012629420380108058,0.00015950225913748876
19,merged_fibers_output_z_p0p045,62,-0.012011387385427952,0.0012101080501452088,-0.01322149543557316,0.01322149543557316,0.0001748079415528819
19,merged_fibers_output_z_p0p045,63,-0.012023230083286762,0.0014784210361540318,-0.013501651119440794,0.013501651119440794,0.00018229458295109685
19,merged_fibers_output_z_p0p045,64,-0.008823591284453869,-0.0014475439675152302,-0.007376047316938639,0.007376047316938639,5.440607402171769e-05
19,merged_fibers_output_z_p0p045,65,-0.00879653450101614,-0.001166517031379044,-0.007630017469637096,0.007630017469637096,5.821716658696727e-05
19,merged_fibers_output_z_p0p045,66,-0.008767640218138695,-0.0008766594110056758,-0.007890980807133019,0.007890980807133019,6.226757809854167e-05
19,merged_fibers_output_z_p0p045,67,-0.008865795098245144,-0.0005868541193194687,-0.008278940978925675,0.008278940978925675,6.854086373253481e-05
19,merged_fibers_output_z_p0p045,68,-0.009194063022732735,-0.0002970829955302179,-0.008896980027202517,0.008896980027202517,7.915625360444049e-05
19,merged_fibers_output_z_p0p045,69,-0.009747699834406376,-7.328800165851135e-06,-0.009740371034240525,0.009740371034240525,9.487482788467183e-05
19,merged_fibers_output_z_p0p045,70,-0.010409321635961533,0.00028242490952834487,-0.010691746545489877,0.010691746545489877,0.00011431344419299472
19,merged_fibers_output_z_p0p045,71,-0.011019399389624596,0.0005721942870877683,-0.011591593676712364,0.011591593676712364,0.00013436504396599806
19,merged_fibers_output_z_p0p045,72,-0.011463834904134274,0.0008619970758445561,-0.01232583197997883,0.01232583197997883,0.00015192613399866883
19,merged_fibers_output_z_p0p045,73,-0.011712968349456787,0.0011518510291352868,-0.012864819378592074,0.012864819378592074,0.00016550357764379814
19,merged_fibers_output_z_p0p045,74,-0.010907266288995743,0.0013856400037184358,-0.012292906292714179,0.012292906292714179,0.00015111554512145184
19,merged_fibers_output_z_p0p045,75,-0.010887613520026207,0.0011223029578104615,-0.012009916477836668,0.012009916477836668,0.00014423809380461272
19,merged_fibers_output_z_p0p045,76,-0.010777912102639675,0.0008447985164821148,-0.01162271061912179,0.01162271061912179,0.00013508740213584642
19,merged_fibers_output_z_p0p045,77,-0.010525437071919441,0.0005673173000104725,-0.011092754371929914,0.011092754371929914,0.0001230491995559702
19,merged_fibers_output_z_p0p045,78,-0.010112704709172249,0.0002898557868320495,-0.010402560496004298,0.010402560496004298,0.00010821326487302919
19,merged_fibers_output_z_p0p045,79,-0.009610355831682682,1.2404960216372274e-05,-0.009622760791899054,0.009622760791899054,9.259752525810972e-05
19,merged_fibers_output_z_p0p045,80,-0.009154176339507103,-0.0002650455862749368,-0.008889130753232166,0.008889130753232166,7.901664554805786e-05
19,merged_fibers_output_z_p0p045,81,-0.008863932453095913,-0.0005425061099231243,-0.008321426343172789,0.008321426343172789,6.924613638485005e-05
19,merged_fibers_output_z_p0p045,82,-0.008766623213887215,-0.0008199859876185656,-0.007946637226268649,0.007946637226268649,6.314904320591869e-05
19,merged_fibers_output_z_p0p045,83,-0.008786545135080814,-0.001097489963285625,-0.007689055171795189,0.007689055171795189,5.912156943491035e-05
19,merged_fibers_output_z_p0p045,84,-0.008730487897992134,-0.0013242480345070362,-0.007406239863485098,0.007406239863485098,5.485238891547576e-05
19,merged_fibers_output_z_p0p045,85,-0.008715061470866203,-0.0010780399898067117,-0.007637021481059492,0.007637021481059492,5.832409710216411e-05
19,merged_fibers_output_z_p0p045,86,-0.008697472512722015,-0.0008128414046950638,-0.007884631108026952,0.007884631108026952,6.216740770966631e-05
19,merged_fibers_output_z_p0p045,87,-0.008762759156525135,-0.000547654926776886,-0.008215104229748249,0.008215104229748249,6.748793750562757e-05
19,merged_fibers_output_z_p0p045,88,-0.008963987231254578,-0.0002824797120410949,-0.008681507519213483,0.008681507519213483,7.536857280616024e-05
19,merged_fibers_output_z_p0p045,89,-0.009264382533729076,-1.731134943838697e-05,-0.00924707118429069,0.00924707118429069,8.550832548733921e-05
19,merged_fibers_output_z_p0p045,90,-0.009551317431032658,0.00024785648565739393,-0.009799173916690052,0.009799173916690052,9.602380944953865e-05
19,merged_fibers_output_z_p0p045,91,-0.009714502841234207,0.0005130302160978317,-0.010227533057332039,0.010227533057332039,0.00010460243243881964
19,merged_fibers_output_z_p0p045,92,-0.009725864045321941,0.0007782144821248949,-0.010504078527446836,0.010504078527446836,0.00011033566571076969
19,merged_fibers_output_z_p0p045,93,-0.009655727073550224,0.0010434100404381752,-0.0106991371139884,0.0106991371139884,0.00011447153498392402
19,merged_fibers_output_z_p0p045,94,-0.008082721382379532,0.0012626319658011198,-0.009345353348180652,0.009345353348180652,8.733562920235132e-05
19,merged_fibers_output_z_p0p045,95,-0.008193885907530785,0.001033034990541637,-0.009226920898072422,0.009226920898072422,8.513606925928558e-05
19,merged_fibers_output_z_p0p045,96,-0.008463369682431221,0.0007801247993484139,-0.009243494481779635,0.009243494481779635,8.544219023469056e-05
19,merged_fibers_output_z_p0p045,97,-0.00874668825417757,0.0005272197886370122,-0.009273908042814583,0.009273908042814583,8.6005370386581e-05
19,merged_fibers_output_z_p0p045,98,-0.00889293011277914,0.0002743205986917019,-0.009167250711470842,0.009167250711470842,8.403848560696267e-05
19,merged_fibers_output_z_p0p045,99,-0.008854925632476807,2.142511038982775e-05,-0.008876350742866634,0.008876350742866634,7.878960251038905e-05
19,merged_fibers_output_z_p0p045,100,-0.008703142404556274,-0.00023146999592427164,-0.008471672408632003,0.008471672408632003,7.176923339917676e-05
19,merged_fibers_output_z_p0p045,101,-0.008556002750992775,-0.00048436838551424444,-0.00807163436547853,0.00807163436547853,6.5151281329974e-05
19,merged_fibers_output_z_p0p045,102,-0.008488240651786327,-0.0007372726104222238,-0.0077509680413641036,0.0077509680413641036,6.0077505578247684e-05
19,merged_fibers_output_z_p0p045,103,-0.008490275591611862,-0.0009901829762384295,-0.007500092615373433,0.007500092615373433,5.62513892391791e-05
19,merged_fibers_output_z_p0p045,104,-0.008045419119298458,-0.001201341045089066,-0.006844078074209392,0.006844078074209392,4.684140468587374e-05
19,merged_fibers_output_z_p0p045,105,-0.008046132512390614,-0.000987852574326098,-0.007058279938064516,0.007058279938064516,4.981931568408402e-05
19,merged_fibers_output_z_p0p045,106,-0.008047536015510559,-0.0007472187280654907,-0.007300317287445068,0.007300317287445068,5.329463249736932e-05
19,merged_fibers_output_z_p0p045,107,-0.008099246770143509,-0.00050658721011132,-0.007592659560032189,0.007592659560032189,5.764847919454819e-05
19,merged_fibers_output_z_p0p045,108,-0.008199493400752544,-0.0002659588062670082,-0.007933534594485536,0.007933534594485536,6.294097116189879e-05
19,merged_fibers_output_z_p0p045,109,-0.008262522518634796,-2.5332290533697233e-05,-0.008237190228101099,0.008237190228101099,6.785130285392423e-05
19,merged_fibers_output_z_p0p045,110,-0.008158823475241661,0.00021529410150833428,-0.008374117576749995,0.008374117576749995,7.012584518923321e-05
19,merged_fibers_output_z_p0p045,111,-0.007816145196557045,0.00045592221431434155,-0.008272067410871387,0.008272067410871387,6.842709925000044e-05
19,merged_fibers_output_z_p0p045,112,-0.0073036313988268375,0.0006965533830225468,-0.008000184781849384,0.008000184781849384,6.400295654373448e-05
19,merged_fibers_output_z_p0p045,113,-0.006823752075433731,0.0009371878113597631,-0.007760939886793494,0.007760939886793494,6.0232187926422215e-05
19,merged_fibers_output_z_p0p045,114,-0.005318859592080116,0.0011398099595680833,-0.0064586695516481996,0.0064586695516481996,4.1714412377387555e-05
19,merged_fibers_output_z_p0p045,115,-0.005513385869562626,0.0009419294074177742,-0.0064553152769804,0.0064553152769804,4.167109532521654e-05
19,merged_fibers_output_z_p0p045,116,-0.006072730291634798,0.0007135649211704731,-0.006786295212805271,0.006786295212805271,4.605380271534374e-05
19,merged_fibers_output_z_p0p045,117,-0.006755460985004902,0.00048520241398364305,-0.007240663398988545,0.007240663398988545,5.242720645745235e-05
19,merged_fibers_output_z_p0p045,118,-0.007286743726581335,0.00025684188585728407,-0.007543585612438619,0.007543585612438619,5.6905683892190937e-05
19,merged_fibers_output_z_p0p045,119,-0.00752823194488883,2.848268923116848e-05,-0.007556714634119999,0.007556714634119999,5.710393606152334e-05
19,merged_fibers_output_z_p0p045,120,-0.0075224959291517735,-0.00019987620180472732,-0.007322619727347046,0.007322619727347046,5.3620759671332125e-05
19,merged_fibers_output_z_p0p045,121,-0.007415987551212311,-0.0004282357986085117,-0.006987751752603799,0.006987751752603799,4.882867455601746e-05
19,merged_fibers_output_z_p0p045,122,-0.007335240487009287,-0.0006565966759808362,-0.006678643811028451,0.006678643811028451,4.4604283154588625e-05
19,merged_fibers_output_z_p0p045,123,-0.007314589805901051,-0.0008849587175063789,-0.006429631088394672,0.006429631088394672,4.134015593285125e-05
19,merged_fibers_output_z_p0p045,124,-0.006266376469284296,-0.0010785210179165006,-0.0051878554513677955,0.0051878554513677955,2.6913844184286553e-05
19,merged_fibers_output_z_p0p045,125,-0.006280933041125536,-0.0008957621175795794,-0.005385170923545957,0.005385170923545957,2.900006587580481e-05
19,merged_fibers_output_z_p0p045,126,-0.0062970430590212345,-0.0006796685047447681,-0.005617374554276466,0.005617374554276466,3.155489688303273e-05
19,merged_fibers_output_z_p0p045,127,-0.006391466595232487,-0.0004635755030903965,-0.00592789109214209,0.00592789109214209,3.513989280029754e-05
19,merged_fibers_output_z_p0p045,128,-0.006562402006238699,-0.0002474831126164645,-0.0063149188936222345,0.0063149188936222345,3.9878200633027065e-05
19,merged_fibers_output_z_p0p045,129,-0.0066893151961266994,-3.139102045679465e-05,-0.006657924175669905,0.006657924175669905,4.432795432896978e-05
19,merged_fibers_output_z_p0p045,130,-0.0065857726149261,0.00018470120267011225,-0.006770473817596212,0.006770473817596212,4.5839315714755825e-05
19,merged_fibers_output_z_p0p045,131,-0.006140917539596558,0.00040079408790916204,-0.00654171162750572,0.00654171162750572,4.279399101744353e-05
19,merged_fibers_output_z_p0p045,132,-0.005441803485155106,0.0006168882246129215,-0.006058691709768027,0.006058691709768027,3.6707745234011816e-05
19,merged_fibers_output_z_p0p045,133,-0.0047681257128715515,0.0008329838747158647,-0.005601109587587416,0.005601109587587416,3.1372428612163675e-05
19,merged_fibers_output_z_p0p045,134,-0.003963169641792774,0.0010170229943469167,-0.004980192636139691,0.004980192636139691,2.4802318693060003e-05
19,merged_fibers_output_z_p0p045,135,-0.004715206101536751,0.0006450567743740976,-0.005360262875910848,0.005360262875910848,2.873241809886804e-05
19,merged_fibers_output_z_p0p045,136,-0.00536738196387887,0.0004412299022078514,-0.005808611866086721,0.005808611866086721,3.3739971810843464e-05
19,merged_fibers_output_z_p0p045,137,-0.0057703182101249695,0.00023740380129311234,-0.006007722011418082,0.006007722011418082,3.6092723766477326e-05
19,merged_fibers_output_z_p0p045,138,-0.0057866317220032215,3.357815876370296e-05,-0.0058202098807669245,0.0058202098807669245,3.387484305617694e-05
19,merged_fibers_output_z_p0p045,139,-0.0055229212157428265,-0.00017024729459080845,-0.005352673921152018,0.005352673921152018,2.865111810618092e-05
19,merged_fibers_output_z_p0p045,140,-0.0052096000872552395,-0.0003740728134289384,-0.004835527273826301,0.004835527273826301,2.338232401591802e-05
19,merged_fibers_output_z_p0p045,141,-0.0050198230892419815,-0.0005778985214419663,-0.004441924567800015,0.004441924567800015,1.9730693866025352e-05
19,merged_fibers_output_z_p0p045,142,-0.00497215474024415,-0.0007817244040779769,-0.004190430336166173,0.004190430336166173,1.7559706402261747e-05
19,merged_fibers_output_z_p0p045,143,-0.003450704738497734,-0.0009557188022881746,-0.0024949859362095594,0.0024949859362095594,6.224954821883492e-06
19,merged_fibers_output_z_p0p045,144,-0.003486749017611146,-0.000610163901001215,-0.002876585116609931,0.002876585116609931,8.27474193310177e-06
19,merged_fibers_output_z_p0p045,145,-0.0036762566305696964,-0.00041860470082610846,-0.003257651929743588,0.003257651929743588,1.0612296095362123e-05
19,merged_fibers_output_z_p0p045,146,-0.004114817827939987,-0.00022704570437781513,-0.003887772123562172,0.003887772123562172,1.511477208474712e-05
19,merged_fibers_output_z_p0p045,147,-0.004679778590798378,-3.548671884345822e-05,-0.00464429187195492,0.00464429187195492,2.156944699190653e-05
19,merged_fibers_output_z_p0p045,148,-0.005090263672173023,0.00015607220120728016,-0.005246335873380303,0.005246335873380303,2.752404009631707e-05
19,merged_fibers_output_z_p0p045,149,-0.005103110335767269,0.0003476314013823867,-0.005450741737149656,0.005450741737149656,2.9710585485105248e-05
19,merged_fibers_output_z_p0p045,150,-0.004712715279310942,0.000539190776180476,-0.005251906055491418,0.005251906055491418,2.758251721570742e-05
19,merged_fibers_output_z_p0p045,151,-0.00418658833950758,0.0007307502091862261,-0.004917338548693806,0.004917338548693806,2.4180218402470106e-05
19,merged_fibers_output_z_p0p045,152,-0.004071222618222237,0.0008942338754422963,-0.004965456493664533,0.004965456493664533,2.4655758190475277e-05
19,merged_fibers_output_z_p0p045,153,-0.004539108369499445,0.0005745879025198519,-0.005113696272019297,0.005113696272019297,2.6149889562464055e-05
19,merged_fibers_output_z_p0p045,154,-0.004799272399395704,0.00039529570494778454,-0.005194568104343489,0.005194568104343489,2.6983537790662706e-05
19,merged_fibers_output_z_p0p045,155,-0.004632588010281324,0.00021600349282380193,-0.004848591503105126,0.004848591503105126,2.3508839563983228e-05
19,merged_fibers_output_z_p0p045,156,-0.003981306217610836,3.671125159598887e-05,-0.004018017469206825,0.004018017469206825,1.6144464382851217e-05
19,merged_fibers_output_z_p0p045,157,-0.0030975963454693556,-0.00014258110604714602,-0.0029550152394222096,0.0029550152394222096,8.732115065217498e-06
19,merged_fibers_output_z_p0p045,158,-0.002349540125578642,-0.00032187349279411137,-0.0020276666327845305,0.0020276666327845305,4.111431973707756e-06
19,merged_fibers_output_z_p0p045,159,-0.0019585038535296917,-0.0005011662724427879,-0.0014573375810869038,0.0014573375810869038,2.123832825248228e-06
19,merged_fibers_output_z_p0p045,160,-0.0018785386346280575,-0.0006804593722335994,-0.001198079262394458,0.001198079262394458,1.4353939189796487e-06
19,merged_fibers_output_z_p0p045,161,-0.00034863618202507496,-0.0008329299162141979,0.0004842937341891229,0.0004842937341891229,2.3454042097484484e-07
19,merged_fibers_output_z_p0p045,162,-0.0003624014789238572,-0.0005386985139921308,0.00017629703506827354,0.00017629703506827354,3.108064457386407e-08
19,merged_fibers_output_z_p0p045,163,-0.0006571064004674554,-0.00037167189293541014,-0.00028543450753204525,0.00028543450753204525,8.14728580900612e-08
19,merged_fibers_output_z_p0p045,164,-0.0014440827071666718,-0.00020464579574763775,-0.001239436911419034,0.001239436911419034,1.5362038573879543e-06
19,merged_fibers_output_z_p0p045,165,-0.00262234965339303,-3.762004052987322e-05,-0.002584729612863157,0.002584729612863157,6.6808271716117255e-06
19,merged_fibers_output_z_p0p045,166,-0.0038010096177458763,0.00012940559827256948,-0.003930415216018446,0.003930415216018446,1.5448163770309327e-05
19,merged_fibers_output_z_p0p045,167,-0.004555641207844019,0.0002964310988318175,-0.0048520723066758364,0.0048520723066758364,2.354260566921057e-05
19,merged_fibers_output_z_p0p045,168,-0.004728664644062519,0.00046345649752765894,-0.005192121141590178,0.005192121141590178,2.6958121948947693e-05
19,merged_fibers_output_z_p0p045,169,-0.004529062192887068,0.000630481808912009,-0.005159544001799077,0.005159544001799077,2.6620894306500832e-05
19,merged_fibers_output_z_p0p045,170,-0.004524862859398127,0.000771452090702951,-0.0052963149501010776,0.0052963149501010776,2.805095205066418e-05
19,merged_fibers_output_z_p0p045,171,-0.00474163144826889,0.0005021578981541097,-0.005243789346423,0.005243789346423,2.7497326709659355e-05
19,merged_fibers_output_z_p0p045,172,-0.004611652810126543,0.00034739880356937647,-0.0049590516136959195,0.0049590516136959195,2.4592192907300103e-05
19,merged_fibers_output_z_p0p045,173,-0.0038588957395404577,0.0001926397962961346,-0.004051535535836592,0.004051535535836592,1.6414940198146702e-05
19,merged_fibers_output_z_p0p045,174,-0.0025024344213306904,3.7880810850765556e-05,-0.002540315232181456,0.002540315232181456,6.453201478853125e-06
19,merged_fibers_output_z_p0p045,175,-0.0009496127022430301,-0.00011687829828588292,-0.0008327344039571472,0.0008327344039571472,6.934465875338651e-07
19,merged_fibers_output_z_p0p045,176,0.0002763757947832346,-0.0002716378076002002,0.0005480136023834348,0.0005480136023834348,3.0031890839726935e-07
19,merged_fibers_output_z_p0p045,177,0.0008920722175389528,-0.00042639789171516895,0.0013184701092541218,0.0013184701092541218,1.7383634289965758e-06
19,merged_fibers_output_z_p0p045,178,0.0010070328135043383,-0.0005811583832837641,0.0015881911967881024,0.0015881911967881024,2.522351277555225e-06
19,merged_fibers_output_z_p0p045,179,0.002036496065557003,-0.0007101328228600323,0.0027466288884170353,0.0027466288884170353,7.543970250686999e-06
19,merged_fibers_output_z_p0p045,180,0.0020618310663849115,-0.0004652724019251764,0.002527103468310088,0.002527103468310088,6.3862519395448755e-06
19,merged_fibers_output_z_p0p045,181,0.001699598040431738,-0.00032277809805236757,0.0020223761384841055,0.0020223761384841055,4.090005245509882e-06
19,merged_fibers_output_z_p0p045,182,0.0006499565206468105,-0.00018028459453489631,0.0008302411151817068,0.0008302411151817068,6.893003093381642e-07
19,merged_fibers_output_z_p0p045,183,-0.0010036265011876822,-3.779173857765272e-05,-0.0009658347626100294,0.0009658347626100294,9.328367886659718e-07
19,merged_fibers_output_z_p0p045,184,-0.002770845079794526,0.00010470079723745584,-0.002875545877031982,0.002875545877031982,8.26876409091563e-06
19,merged_fibers_output_z_p0p045,185,-0.0040689739398658276,0.00024719341308809817,-0.004316167352953926,0.004316167352953926,1.8629300618705297e-05
19,merged_fibers_output_z_p0p045,186,-0.004619674291461706,0.00038968640728853643,-0.005009360698750243,0.005009360698750243,2.5093694610183518e-05
19,merged_fibers_output_z_p0p045,187,-0.0046080732718110085,0.0005321800126694143,-0.005140253284480423,0.005140253284480423,2.6422203828611774e-05
19,merged_fibers_output_z_p0p045,188,-0.004080910235643387,0.0006486846250481904,-0.004729594860691577,0.004729594860691577,2.236906754628018e-05
19,merged_fibers_output_z_p0p045,189,-0.004336657468229532,0.0004277692933101207,-0.004764426761539653,0.004764426761539653,2.2699762366075224e-05
19,merged_fibers_output_z_p0p045,190,-0.0041702003218233585,0.00029754071147181094,-0.0044677410332951695,0.0044677410332951695,1.9960709940589388e-05
19,merged_fibers_output_z_p0p045,191,-0.0032461057417094707,0.00016731349751353264,-0.0034134192392230034,0.0034134192392230034,1.1651430902697747e-05
19,merged_fibers_output_z_p0p045,192,-0.0015754920896142721,3.708713120431639e-05,-0.0016125792208185885,0.0016125792208185885,2.600411743415886e-06
19,merged_fibers_output_z_p0p045,193,0.00034948383108712733,-9.313911141362041e-05,0.00044262294250074774,0.00044262294250074774,1.9591506922802024e-07
19,merged_fibers_output_z_p0p045,194,0.001881350064650178,-0.00022336610709317029,0.0021047161717433482,0.0021047161717433482,4.429830163597975e-06
19,merged_fibers_output_z_p0p045,195,0.002657900098711252,-0.0003535946016199887,0.003011494700331241,0.003011494700331241,9.06910033012315e-06
19,merged_fibers_output_z_p0p045,196,0.002803544281050563,-0.0004838246095459908,0.0032873688905965537,0.0032873688905965537,1.0806794222862015e-05
19,merged_fibers_output_z_p0p045,197,0.003125131595879793,-0.0005873574991710484,0.0037124890950508416,0.0037124890950508416,1.3782575280871417e-05
19,merged_fibers_output_z_p0p045,198,0.0031869076192378998,-0.00038989228778518736,0.003576799907023087,0.003576799907023087,1.2793497574880364e-05
19,merged_fibers_output_z_p0p045,199,0.0028143811505287886,-0.00027192579000256956,0.003086306940531358,0.003086306940531358,9.525290531172031e-06
19,merged_fibers_output_z_p0p045,200,0.0016814032569527626,-0.00015396240632981062,0.0018353656632825732,0.0018353656632825732,3.36856711795668e-06
19,merged_fibers_output_z_p0p045,201,-0.00012037373380735517,-3.600136915338226e-05,-8.437236465397291e-05,8.437236465397291e-05,7.118695917302977e-09
19,merged_fibers_output_z_p0p045,202,-0.002027872484177351,8.195891859941185e-05,-0.002109831402776763,0.002109831402776763,4.451388548142963e-06
19,merged_fibers_output_z_p0p045,203,-0.003369951853528619,0.00019992029410786927,-0.003569872147636488,0.003569872147636488,1.2743987150470751e-05
19,merged_fibers_output_z_p0p045,204,-0.0038358343299478292,0.0003178842016495764,-0.004153718531597406,0.004153718531597406,1.7253377639735708e-05
19,merged_fibers_output_z_p0p045,205,-0.0036689508706331253,0.00043585090315900743,-0.004104801773792133,0.004104801773792133,1.684939760212704e-05
19,merged_fibers_output_z_p0p045,206,-0.0024618839379400015,0.0005259520839899778,-0.0029878360219299793,0.0029878360219299793,8.927164093942364e-06
19,merged_fibers_output_z_p0p045,207,-0.003034640569239855,0.0003514353884384036,-0.0033860759576782584,0.0033860759576782584,1.1465510391166735e-05
19,merged_fibers_output_z_p0p045,208,-0.003236648626625538,0.0002457287919241935,-0.0034823774185497314,0.0034823774185497314,1.212695248522509e-05
19,merged_fibers_output_z_p0p045,209,-0.002646462293341756,0.00014002789976075292,-0.002786490193102509,0.002786490193102509,7.764527596256457e-06
19,merged_fibers_output_z_p0p045,210,-0.00116827804595232,3.433120946283452e-05,-0.0012026092554151546,0.0012026092554151546,1.4462690212101927e-06
19,merged_fibers_output_z_p0p045,211,0.0007188103627413511,-7.136441126931459e-05,0.0007901747740106657,0.0007901747740106657,6.243761734828066e-07
19,merged_fibers_output_z_p0p045,212,0.002301710657775402,-0.0001770624949131161,0.002478773152688518,0.002478773152688518,6.144316342489376e-06
19,merged_fibers_output_z_p0p045,213,0.003135435516014695,-0.00028276589000597596,0.003418201406020671,0.003418201406020671,1.1684100852121693e-05
19,merged_fibers_output_z_p0p045,214,0.003301612101495266,-0.00038847530959174037,0.0036900874110870063,0.0036900874110870063,1.3616745101462805e-05
19,merged_fibers_output_z_p0p045,215,0.0031302927527576685,-0.0004646620946004987,0.003594954847358167,0.003594954847358167,1.2923700354543983e-05
19,merged_fibers_output_z_p0p045,216,0.0032104693818837404,-0.0003125884977634996,0.00352305787964724,0.00352305787964724,1.2411936823344506e-05
19,merged_fibers_output_z_p0p045,217,0.002868003211915493,-0.0002191324019804597,0.0030871356138959527,0.0030871356138959527,9.53040629858474e-06
19,merged_fibers_output_z_p0p045,218,0.0017955502262338996,-0.00012568759848363698,0.0019212378247175366,0.0019212378247175366,3.6911547791253718e-06
19,merged_fibers_output_z_p0p045,219,0.00011277082376182079,-3.2251118682324886e-05,0.00014502194244414568,0.00014502194244414568,2.1031363790273102e-08
19,merged_fibers_output_z_p0p045,220,-0.0015743260737508535,6.118285818956792e-05,-0.0016355089319404215,0.0016355089319404215,2.674889466456898e-06
19,merged_fibers_output_z_p0p045,221,-0.002570850308984518,0.00015462130249943584,-0.002725471611483954,0.002725471611483954,7.42819550500494e-06
19,merged_fibers_output_z_p0p045,222,-0.0026035031769424677,0.00024806929286569357,-0.0028515724698081613,0.0028515724698081613,8.131465550567817e-06
19,merged_fibers_output_z_p0p045,223,-0.0020266789942979813,0.0003415280079934746,-0.002368207002291456,0.002368207002291456,5.608404405702284e-06
19,merged_fibers_output_z_p0p045,224,-0.0005890337051823735,0.0004033820878248662,-0.0009924157930072397,0.0009924157930072397,9.848891062101884e-07
19,merged_fibers_output_z_p0p045,225,-0.0015023627784103155,0.0002732237917371094,-0.001775586570147425,0.001775586570147425,3.1527076680878964e-06
19,merged_fibers_output_z_p0p045,226,-0.002192962681874633,0.0001920023059938103,-0.002384964987868443,0.002384964987868443,5.688057993358323e-06
19,merged_fibers_output_z_p0p045,227,-0.0021288199350237846,0.00011080170224886388,-0.0022396216372726485,0.0022396216372726485,5.015905078139819e-06
19,merged_fibers_output_z_p0p045,228,-0.001074502943083644,2.961704012705013e-05,-0.001104119983210694,0.001104119983210694,1.2190809373251832e-06
19,merged_fibers_output_z_p0p045,229,0.0005593180540017784,-5.1562779844971374e-05,0.0006108808338467497,0.0006108808338467497,3.7317539316130025e-07
19,merged_fibers_output_z_p0p045,230,0.002043904270976782,-0.00013275089440867305,0.002176655165385455,0.002176655165385455,4.737827708999182e-06
19,merged_fibers_output_z_p0p045,231,0.0028679324313998222,-0.0002139571006409824,0.0030818895320408046,0.0030818895320408046,9.49804308770269e-06
19,merged_fibers_output_z_p0p045,232,0.003046682570129633,-0.0002951835922431201,0.003341866162372753,0.003341866162372753,1.116806944721199e-05
19,merged_fibers_output_z_p0p045,233,0.002813981380313635,-0.0003423085145186633,0.003156289894832298,0.003156289894832298,9.962165900220479e-06
19,merged_fibers_output_z_p0p045,234,0.00289330305531621,-0.00023351020354311913,0.003126813258859329,0.003126813258859329,9.776961155778497e-06
19,merged_fibers_output_z_p0p045,235,0.002587883733212948,-0.0001644891017349437,0.0027523728349478915,0.0027523728349478915,7.575556222559093e-06
19,merged_fibers_output_z_p0p045,236,0.0016045905649662018,-9.550635877531022e-05,0.001700096923741512,0.001700096923741512,2.8903295501153523e-06
19,merged_fibers_output_z_p0p045,237,8.049968164414167e-05,-2.65535491053015e-05,0.00010705323074944317,0.00010705323074944317,1.1460394213893525e-08
19,merged_fibers_output_z_p0p045,238,-0.0013634295901283622,4.238983092363924e-05,-0.0014058194210520014,0.0014058194210520014,1.9763282446069842e-06
19,merged_fibers_output_z_p0p045,239,-0.002032793825492263,0.0001113480975618586,-0.0021441419230541214,0.0021441419230541214,4.597344586198226e-06
19,merged_fibers_output_z_p0p045,240,-0.0016899009933695197,0.00018033980450127274,-0.0018702407978707924,0.0018702407978707924,3.497800642020378e-06
19,merged_fibers_output_z_p0p045,241,-0.0007678488618694246,0.0002493695938028395,-0.001017218455672264,0.001017218455672264,1.034733386560266e-06
19,merged_fibers_output_z_p0p045,242,-3.290525637567043e-05,0.0003484426124487072,-0.00038134786882437766,0.00038134786882437766,1.4542619705689475e-07
19,merged_fibers_output_z_p0p045,243,-0.008769180625677109,0.041547808796167374,-0.05031698942184448,0.05031698942184448,0.0025317994244780095
19,merged_fibers_output_z_p0p045,244,-0.008927235379815102,0.03821159899234772,-0.04713883437216282,0.04713883437216282,0.002222069705966199
19,merged_fibers_output_z_p0p045,245,-0.00928343553096056,0.034921951591968536,-0.044205387122929096,0.044205387122929096,0.0019541162506880256
19,merged_fibers_output_z_p0p045,246,-0.008830513805150986,0.0316174291074276,-0.04044794291257858,0.04044794291257858,0.001636036085859216
19,merged_fibers_output_z_p0p045,247,-0.007095214910805225,0.0284169502556324,-0.035512165166437626,0.035512165166437626,0.001261113874808346
19,merged_fibers_output_z_p0p045,248,-0.005093121435493231,0.022262759506702423,-0.027355880942195654,0.027355880942195654,0.0007483442221235834
19,merged_fibers_output_z_p0p045,249,-0.00561466533690691,0.019374800845980644,-0.024989466182887554,0.024989466182887554,0.0006244734201056807
19,merged_fibers_output_z_p0p045,250,-0.004792903549969196,0.016652679070830345,-0.02144558262079954,0.02144558262079954,0.00045991301394553933
19,merged_fibers_output_z_p0p045,251,-0.002428692765533924,0.014003549702465534,-0.01643224246799946,0.01643224246799946,0.00027001859252712493
19,merged_fibers_output_z_p0p045,252,-0.00036785751581192017,0.011529159732162952,-0.011897017247974873,0.011897017247974873,0.0001415390193986116
19,merged_fibers_output_z_p0p045,253,0.002074552234262228,0.0071868072263896465,-0.0051122549921274185,0.0051122549921274185,2.6135151104531712e-05
19,merged_fibers_output_z_p0p045,254,0.0018216457683593035,0.005442097783088684,-0.0036204520147293806,0.0036204520147293806,1.3107672790958031e-05
19,merged_fibers_output_z_p0p045,255,-0.0006967494264245033,0.0038869930431246758,-0.004583742469549179,0.004583742469549179,2.1010695027148807e-05
19,merged_fibers_output_z_p0p045,256,-0.0029550546314567327,0.0025166571140289307,-0.005471711745485663,0.005471711745485663,2.9939629425685765e-05
19,merged_fibers_output_z_p0p045,257,-0.002222561277449131,0.0013896890450268984,-0.0036122503224760294,0.0036122503224760294,1.3048352392228178e-05
20,merged_fibers_output_z_p0p050,0,-0.008812390267848969,-0.0013859870377928019,-0.007426403230056167,0.007426403230056167,5.5151464935388665e-05
20,merged_fibers_output_z_p0p050,1,-0.008502569049596786,-0.0012630850542336702,-0.007239483995363116,0.007239483995363116,5.241012851911871e-05
20,merged_fibers_output_z_p0p050,2,-0.007312956731766462,-0.0011403559474274516,-0.006172600784339011,0.006172600784339011,3.810100044282257e-05
20,merged_fibers_output_z_p0p050,3,-0.004967556335031986,-0.0010176709620282054,-0.003949885373003781,0.003949885373003781,1.5601594459869217e-05
20,merged_fibers_output_z_p0p050,4,-0.00188786955550313,-0.0008949994808062911,-0.0009928700746968389,0.0009928700746968389,9.857909852285064e-07
20,merged_fibers_output_z_p0p050,5,0.0009710728190839291,-0.0007723227026872337,0.0017433955217711627,0.0017433955217711627,3.039427945331745e-06
20,merged_fibers_output_z_p0p050,6,0.0027402397245168686,-0.0006496664718724787,0.0033899061963893473,0.0033899061963893473,1.1491464020318892e-05
20,merged_fibers_output_z_p0p050,7,0.0032217439729720354,-0.0005270388210192323,0.0037487827939912677,0.0037487827939912677,1.4053372436524975e-05
20,merged_fibers_output_z_p0p050,8,0.0029640449211001396,-0.00040456769056618214,0.0033686126116663218,0.0033686126116663218,1.1347550927477397e-05
20,merged_fibers_output_z_p0p050,9,-0.008767858147621155,-0.0009264255058951676,-0.007841432641725987,0.007841432641725987,6.148806587472579e-05
20,merged_fibers_output_z_p0p050,10,-0.008500896394252777,-0.0008445210987702012,-0.007656375295482576,0.007656375295482576,5.86200826652759e-05
20,merged_fibers_output_z_p0p050,11,-0.007366710342466831,-0.0007627098239026964,-0.006604000518564135,0.006604000518564135,4.361282284919536e-05
20,merged_fibers_output_z_p0p050,12,-0.00505665922537446,-0.0006809188053011894,-0.004375740420073271,0.004375740420073271,1.9147104223863004e-05
20,merged_fibers_output_z_p0p050,13,-0.001968417316675186,-0.0005991326761431992,-0.001369284640531987,0.001369284640531987,1.8749404267968127e-06
20,merged_fibers_output_z_p0p050,14,0.0009399378905072808,-0.0005173480021767318,0.0014572858926840127,0.0014572858926840127,2.1236821730158396e-06
20,merged_fibers_output_z_p0p050,15,0.00277141947299242,-0.0004355667042545974,0.0032069861772470176,0.0032069861772470176,1.028476034105344e-05
20,merged_fibers_output_z_p0p050,16,0.0032957387156784534,-0.0003538031887728721,0.0036495419044513255,0.0036495419044513255,1.3319156112346207e-05
20,merged_fibers_output_z_p0p050,17,0.0030473722144961357,-0.00027212078566662967,0.0033194930001627654,0.0033194930001627654,1.1019033778129596e-05
20,merged_fibers_output_z_p0p050,18,0.0020649931393563747,-0.00013318669516593218,0.002198179834522307,0.002198179834522307,4.831994584900517e-06
20,merged_fibers_output_z_p0p050,19,0.002288871444761753,-0.00017404320533387363,0.0024629146500956267,0.0024629146500956267,6.065948573655663e-06
20,merged_fibers_output_z_p0p050,20,0.001868114690296352,-0.0002149327046936378,0.0020830473949899897,0.0020830473949899897,4.339086449774582e-06
20,merged_fibers_output_z_p0p050,21,0.00029056507628411055,-0.00025582819944247603,0.0005463932757265866,0.0005463932757265866,2.9854561175922967e-07
20,merged_fibers_output_z_p0p050,22,-0.002299156505614519,-0.00029672510572709143,-0.0020024313998874277,0.0020024313998874277,4.009731511255123e-06
20,merged_fibers_output_z_p0p050,23,-0.005140941124409437,-0.00033762300154194236,-0.004803318122867495,0.004803318122867495,2.3071864989467314e-05
20,merged_fibers_output_z_p0p050,24,-0.00736619858071208,-0.0003785215085372329,-0.006987677072174847,0.006987677072174847,4.8827630864998044e-05
20,merged_fibers_output_z_p0p050,25,-0.008558129891753197,-0.0004194251087028533,-0.008138704783050343,0.008138704783050343,6.623851554564654e-05
20,merged_fibers_output_z_p0p050,26,-0.008922564797103405,-0.0004603606939781457,-0.00846220410312526,0.00846220410312526,7.160889828294997e-05
20,merged_fibers_output_z_p0p050,27,-0.009619362652301788,-8.089727998594753e-08,-0.009619281755021802,0.009619281755021802,9.253058148249533e-05
20,merged_fibers_output_z_p0p050,28,-0.008913096971809864,-7.15433898790252e-08,-0.008913025428419985,0.008913025428419985,7.944202228766126e-05
20,merged_fibers_output_z_p0p050,29,-0.007643165532499552,-6.275835318092504e-08,-0.007643102774146371,0.007643102774146371,5.841702001616395e-05
20,merged_fibers_output_z_p0p050,30,-0.00588410347700119,-5.366636912640388e-08,-0.005884049810632064,0.005884049810632064,3.4622042173999226e-05
20,merged_fibers_output_z_p0p050,31,-0.003930474631488323,-4.426376065680415e-08,-0.003930430367727666,0.003930430367727666,1.544828287555584e-05
20,merged_fibers_output_z_p0p050,32,-0.002211785176768899,-3.567392070635833e-08,-0.0022117495028481926,0.0022117495028481926,4.891835863349227e-06
20,merged_fibers_output_z_p0p050,33,-0.0010724952444434166,-2.7802819602129603e-08,-0.0010724674416238145,0.0010724674416238145,1.1501864133431298e-06
20,merged_fibers_output_z_p0p050,34,-0.0005784945678897202,-2.025250012138713e-08,-0.0005784743153895988,0.0005784743153895988,3.3463253356546506e-07
20,merged_fibers_output_z_p0p050,35,-0.0005064799915999174,-1.3811660259932523e-08,-0.0005064661799396575,0.0005064661799396575,2.565079914226695e-07
20,merged_fibers_output_z_p0p050,36,-0.0022071206476539373,0.00013152830069884658,-0.002338648948352784,0.002338648948352784,5.469278903631582e-06
20,merged_fibers_output_z_p0p050,37,-0.002886322094127536,0.0001723692985251546,-0.0030586913926526904,0.0030586913926526904,9.355593035487655e-06
20,merged_fibers_output_z_p0p050,38,-0.0036393306218087673,0.00021324330009520054,-0.003852573921903968,0.003852573921903968,1.484232582373452e-05
20,merged_fibers_output_z_p0p050,39,-0.004217705223709345,0.0002541228896006942,-0.004471828113310039,0.004471828113310039,1.9997246674990023e-05
20,merged_fibers_output_z_p0p050,40,-0.004723194055259228,0.0002950030902866274,-0.005018197145545855,0.005018197145545855,2.5182302591564568e-05
20,merged_fibers_output_z_p0p050,41,-0.00552287558093667,0.0003358829126227647,-0.005858758493559435,0.005858758493559435,3.432505108585482e-05
20,merged_fibers_output_z_p0p050,42,-0.006893006153404713,0.0003767632006201893,-0.007269769354024902,0.007269769354024902,5.284954646071964e-05
20,merged_fibers_output_z_p0p050,43,-0.008681753650307655,0.0004176482034381479,-0.009099401853745803,0.009099401853745803,8.279911409595257e-05
20,merged_fibers_output_z_p0p050,44,-0.0102866655215621,0.0004585623973980546,-0.010745227918960154,0.010745227918960154,0.00011545992303040076
20,merged_fibers_output_z_p0p050,45,-0.01102203968912363,0.0009328235173597932,-0.011954863206483424,0.011954863206483424,0.0001429187542857311
20,merged_fibers_output_z_p0p050,46,-0.00867958553135395,0.000850923708640039,-0.00953050923999399,0.00953050923999399,9.083060637361081e-05
20,merged_fibers_output_z_p0p050,47,-0.006160097196698189,0.0007691296050325036,-0.006929226801730692,0.006929226801730692,4.801418406982296e-05
20,merged_fibers_output_z_p0p050,48,-0.0046808961778879166,0.0006873561069369316,-0.005368252284824848,0.005368252284824848,2.8818132593527203e-05
20,merged_fibers_output_z_p0p050,49,-0.004467042628675699,0.0006055852863937616,-0.005072627915069461,0.005072627915069461,2.5731553964741946e-05
20,merged_fibers_output_z_p0p050,50,-0.0047247461043298244,0.0005238162120804191,-0.0052485623164102435,0.0052485623164102435,2.754740638924166e-05
20,merged_fibers_output_z_p0p050,51,-0.0044191875495016575,0.0004420508921612054,-0.004861238441662863,0.004861238441662863,2.363163918670078e-05
20,merged_fibers_output_z_p0p050,52,-0.003191976808011532,0.00036030029878020287,-0.0035522771067917347,0.0035522771067917347,1.2618672643436657e-05
20,merged_fibers_output_z_p0p050,53,-0.001661157701164484,0.00027862010756507516,-0.0019397778087295592,0.0019397778087295592,3.7627379472396503e-06
20,merged_fibers_output_z_p0p050,54,-0.008790634572505951,-0.001207267981953919,-0.007583366590552032,0.007583366590552032,5.750744884670075e-05
20,merged_fibers_output_z_p0p050,55,-0.008761842735111713,-0.000904951011762023,-0.00785689172334969,0.00785689172334969,6.173074755244087e-05
20,merged_fibers_output_z_p0p050,56,-0.008870825171470642,-0.0006027672789059579,-0.008268057892564684,0.008268057892564684,6.836078131480116e-05
20,merged_fibers_output_z_p0p050,57,-0.009226243942975998,-0.00030065811006352305,-0.008925585832912475,0.008925585832912475,7.966608246068787e-05
20,merged_fibers_output_z_p0p050,58,-0.009824510663747787,1.4198450344338198e-06,-0.009825930508782221,0.009825930508782221,9.654891036341724e-05
20,merged_fibers_output_z_p0p050,59,-0.010544491931796074,0.0003034975961782038,-0.010847989527974278,0.010847989527974278,0.00011767887679903959
20,merged_fibers_output_z_p0p050,60,-0.01121862605214119,0.0006056110723875463,-0.011824237124528736,0.011824237124528736,0.00013981258357708358
20,merged_fibers_output_z_p0p050,61,-0.011721635237336159,0.0009077897993847728,-0.012629425036720932,0.012629425036720932,0.0001595023767581535
20,merged_fibers_output_z_p0p050,62,-0.012011392042040825,0.0012101080501452088,-0.013221500092186034,0.013221500092186034,0.00017480806468767528
20,merged_fibers_output_z_p0p050,63,-0.012023234739899635,0.0014784210361540318,-0.013501655776053667,0.013501655776053667,0.00018229470869504335
20,merged_fibers_output_z_p0p050,64,-0.008823598735034466,-0.0014475439675152302,-0.007376054767519236,0.007376054767519236,5.4406183933443245e-05
20,merged_fibers_output_z_p0p050,65,-0.008796542882919312,-0.001166517031379044,-0.0076300258515402675,0.0076300258515402675,5.8217294495172784e-05
20,merged_fibers_output_z_p0p050,66,-0.008767648600041866,-0.0008766594110056758,-0.00789098918903619,0.00789098918903619,6.226771038148604e-05
20,merged_fibers_output_z_p0p050,67,-0.00886580254882574,-0.0005868541193194687,-0.008278948429506272,0.008278948429506272,6.854098709842437e-05
20,merged_fibers_output_z_p0p050,68,-0.009194069541990757,-0.0002970829955302179,-0.008896986546460539,0.008896986546460539,7.915636960789983e-05
20,merged_fibers_output_z_p0p050,69,-0.009747704491019249,-7.328800165851135e-06,-0.009740375690853398,0.009740375690853398,9.48749185989678e-05
20,merged_fibers_output_z_p0p050,70,-0.010409326292574406,0.00028242490952834487,-0.01069175120210275,0.01069175120210275,0.00011431354376766561
20,merged_fibers_output_z_p0p050,71,-0.011019403114914894,0.0005721942870877683,-0.011591597402002662,0.011591597402002662,0.00013436513033011487
20,merged_fibers_output_z_p0p050,72,-0.011463839560747147,0.0008619970758445561,-0.012325836636591703,0.012325836636591703,0.00015192624879194625
20,merged_fibers_output_z_p0p050,73,-0.011712973937392235,0.0011518510291352868,-0.012864824966527522,0.012864824966527522,0.00016550372141938983
20,merged_fibers_output_z_p0p050,74,-0.01090727187693119,0.0013856400037184358,-0.012292911880649626,0.012292911880649626,0.00015111568250541672
20,merged_fibers_output_z_p0p050,75,-0.010887619107961655,0.0011223029578104615,-0.012009922065772116,0.012009922065772116,0.00014423822802591996
20,merged_fibers_output_z_p0p050,76,-0.010777915827929974,0.0008447985164821148,-0.011622714344412088,0.011622714344412088,0.00013508748873180252
20,merged_fibers_output_z_p0p050,77,-0.01052544079720974,0.0005673173000104725,-0.011092758097220212,0.011092758097220212,0.00012304928220344458
20,merged_fibers_output_z_p0p050,78,-0.010112709365785122,0.0002898557868320495,-0.010402565152617171,0.010402565152617171,0.00010821336175444511
20,merged_fibers_output_z_p0p050,79,-0.009610360488295555,1.2404960216372274e-05,-0.009622765448511927,0.009622765448511927,9.259761487707495e-05
20,merged_fibers_output_z_p0p050,80,-0.00915418192744255,-0.0002650455862749368,-0.008889136341167614,0.008889136341167614,7.901674489186675e-05
20,merged_fibers_output_z_p0p050,81,-0.008863938972353935,-0.0005425061099231243,-0.008321432862430811,0.008321432862430811,6.924624488394344e-05
20,merged_fibers_output_z_p0p050,82,-0.008766631595790386,-0.0008199859876185656,-0.00794664560817182,0.00794664560817182,6.314917642187649e-05
20,merged_fibers_output_z_p0p050,83,-0.008786553516983986,-0.001097489963285625,-0.007689063553698361,0.007689063553698361,5.912169833281247e-05
20,merged_fibers_output_z_p0p050,84,-0.00873049721121788,-0.0013242480345070362,-0.007406249176710844,0.007406249176710844,5.4852526867530055e-05
20,merged_fibers_output_z_p0p050,85,-0.00871507078409195,-0.0010780399898067117,-0.007637030794285238,0.007637030794285238,5.832423935286101e-05
20,merged_fibers_output_z_p0p050,86,-0.008697479963302612,-0.0008128414046950638,-0.007884638558607548,0.007884638558607548,6.216752519988092e-05
20,merged_fibers_output_z_p0p050,87,-0.008762765675783157,-0.000547654926776886,-0.008215110749006271,0.008215110749006271,6.748804461843838e-05
20,merged_fibers_output_z_p0p050,88,-0.0089639937505126,-0.0002824797120410949,-0.008681514038471505,0.008681514038471505,7.536868600017782e-05
20,merged_fibers_output_z_p0p050,89,-0.009264386259019375,-1.731134943838697e-05,-0.009247074909580988,0.009247074909580988,8.550839438340223e-05
20,merged_fibers_output_z_p0p050,90,-0.009551319293677807,0.00024785648565739393,-0.0097991757793352,0.0097991757793352,9.602384595430964e-05
20,merged_fibers_output_z_p0p050,91,-0.009714506566524506,0.0005130302160978317,-0.010227536782622337,0.010227536782622337,0.00010460250863989287
20,merged_fibers_output_z_p0p050,92,-0.009725868701934814,0.0007782144821248949,-0.01050408318405971,0.01050408318405971,0.00011033576353764596
20,merged_fibers_output_z_p0p050,93,-0.009655732661485672,0.0010434100404381752,-0.010699142701923847,0.010699142701923847,0.00011447165455613032
20,merged_fibers_output_z_p0p050,94,-0.008082727901637554,0.0012626319658011198,-0.009345359867438674,0.009345359867438674,8.733575105193339e-05
20,merged_fibers_output_z_p0p050,95,-0.008193892426788807,0.001033034990541637,-0.009226927417330444,0.009226927417330444,8.513618956468425e-05
20,merged_fibers_output_z_p0p050,96,-0.008463374339044094,0.0007801247993484139,-0.009243499138392508,0.009243499138392508,8.544227632146304e-05
20,merged_fibers_output_z_p0p050,97,-0.008746691048145294,0.0005272197886370122,-0.009273910836782306,0.009273910836782306,8.60054222085883e-05
20,merged_fibers_output_z_p0p050,98,-0.008892932906746864,0.0002743205986917019,-0.009167253505438566,0.009167253505438566,8.403853683297568e-05
20,merged_fibers_output_z_p0p050,99,-0.00885492842644453,2.142511038982775e-05,-0.008876353536834358,0.008876353536834358,7.878965211087182e-05
20,merged_fibers_output_z_p0p050,100,-0.008703145198523998,-0.00023146999592427164,-0.008471675202599727,0.008471675202599727,7.176928073834312e-05
20,merged_fibers_output_z_p0p050,101,-0.008556008338928223,-0.00048436838551424444,-0.008071639953413978,0.008071639953413978,6.515137153754881e-05
20,merged_fibers_output_z_p0p050,102,-0.008488248102366924,-0.0007372726104222238,-0.0077509754919447005,0.0077509754919447005,6.007762107672739e-05
20,merged_fibers_output_z_p0p050,103,-0.008490283973515034,-0.0009901829762384295,-0.007500100997276604,0.007500100997276604,5.625151496934951e-05
20,merged_fibers_output_z_p0p050,104,-0.00804542750120163,-0.001201341045089066,-0.006844086456112564,0.006844086456112564,4.684151941874343e-05
20,merged_fibers_output_z_p0p050,105,-0.008046140894293785,-0.000987852574326098,-0.007058288319967687,0.007058288319967687,4.9819434007792275e-05
20,merged_fibers_output_z_p0p050,106,-0.008047543466091156,-0.0007472187280654907,-0.007300324738025665,0.007300324738025665,5.32947412806295e-05
20,merged_fibers_output_z_p0p050,107,-0.008099251426756382,-0.00050658721011132,-0.007592664216645062,0.007592664216645062,5.764854990672237e-05
20,merged_fibers_output_z_p0p050,108,-0.008199496194720268,-0.0002659588062670082,-0.00793353738845326,0.00793353738845326,6.294101549398578e-05
20,merged_fibers_output_z_p0p050,109,-0.00826252344995737,-2.5332290533697233e-05,-0.008237191159423674,0.008237191159423674,6.785131819688752e-05
20,merged_fibers_output_z_p0p050,110,-0.008158824406564236,0.00021529410150833428,-0.00837411850807257,0.00837411850807257,7.012586078724356e-05
20,merged_fibers_output_z_p0p050,111,-0.007816147990524769,0.00045592221431434155,-0.00827207020483911,0.00827207020483911,6.842714547378696e-05
20,merged_fibers_output_z_p0p050,112,-0.007303636055439711,0.0006965533830225468,-0.008000189438462257,0.008000189438462257,6.400303105128305e-05
20,merged_fibers_output_z_p0p050,113,-0.006823758129030466,0.0009371878113597631,-0.007760945940390229,0.007760945940390229,6.023228188965958e-05
20,merged_fibers_output_z_p0p050,114,-0.005318866111338139,0.0011398099595680833,-0.006458676070906222,0.006458676070906222,4.171449658889663e-05
20,merged_fibers_output_z_p0p050,115,-0.005513391457498074,0.0009419294074177742,-0.006455320864915848,0.006455320864915848,4.167116746901789e-05
20,merged_fibers_output_z_p0p050,116,-0.0060727354139089584,0.0007135649211704731,-0.0067863003350794315,0.0067863003350794315,4.6053872237899205e-05
20,merged_fibers_output_z_p0p050,117,-0.0067554647102952,0.00048520241398364305,-0.007240667124278843,0.007240667124278843,5.2427260404612456e-05
20,merged_fibers_output_z_p0p050,118,-0.007286745123565197,0.00025684188585728407,-0.007543587009422481,0.007543587009422481,5.690570496872761e-05
20,merged_fibers_output_z_p0p050,119,-0.007528233341872692,2.848268923116848e-05,-0.007556716031103861,0.007556716031103861,5.710395717474208e-05
20,merged_fibers_output_z_p0p050,120,-0.007522497326135635,-0.00019987620180472732,-0.007322621124330908,0.007322621124330908,5.362078013049725e-05
20,merged_fibers_output_z_p0p050,121,-0.007415990810841322,-0.0004282357986085117,-0.00698775501223281,0.00698775501223281,4.882872011098476e-05
20,merged_fibers_output_z_p0p050,122,-0.007335245609283447,-0.0006565966759808362,-0.006678648933302611,0.006678648933302611,4.46043515743041e-05
20,merged_fibers_output_z_p0p050,123,-0.0073145972564816475,-0.0008849587175063789,-0.006429638538975269,0.006429638538975269,4.134025174187602e-05
20,merged_fibers_output_z_p0p050,124,-0.006266383454203606,-0.0010785210179165006,-0.005187862436287105,0.005187862436287105,2.6913916657838777e-05
20,merged_fibers_output_z_p0p050,125,-0.006280939560383558,-0.0008957621175795794,-0.005385177442803979,0.005385177442803979,2.90001360904848e-05
20,merged_fibers_output_z_p0p050,126,-0.006297047715634108,-0.0006796685047447681,-0.0056173792108893394,0.0056173792108893394,3.155494919893174e-05
20,merged_fibers_output_z_p0p050,127,-0.006391468923538923,-0.0004635755030903965,-0.005927893420448527,0.005927893420448527,3.513992040419693e-05
20,merged_fibers_output_z_p0p050,128,-0.006562402471899986,-0.0002474831126164645,-0.006314919359283522,0.006314919359283522,3.9878206514253804e-05
20,merged_fibers_output_z_p0p050,129,-0.0066893151961266994,-3.139102045679465e-05,-0.006657924175669905,0.006657924175669905,4.432795432896978e-05
20,merged_fibers_output_z_p0p050,130,-0.006585773080587387,0.00018470120267011225,-0.006770474283257499,0.006770474283257499,4.583932202025115e-05
20,merged_fibers_output_z_p0p050,131,-0.006140919867902994,0.00040079408790916204,-0.006541713955812156,0.006541713955812156,4.279402147966753e-05
20,merged_fibers_output_z_p0p050,132,-0.005441807210445404,0.0006168882246129215,-0.0060586954350583255,0.0060586954350583255,3.670779037479659e-05
20,merged_fibers_output_z_p0p050,133,-0.004768131300806999,0.0008329838747158647,-0.005601115175522864,0.005601115175522864,3.137249120947252e-05
20,merged_fibers_output_z_p0p050,134,-0.003963172435760498,0.0010170229943469167,-0.004980195430107415,0.004980195430107415,2.4802346522062778e-05
20,merged_fibers_output_z_p0p050,135,-0.004715208895504475,0.0006450567743740976,-0.005360265669878572,0.005360265669878572,2.873244805167878e-05
20,merged_fibers_output_z_p0p050,136,-0.0053673842921853065,0.0004412299022078514,-0.005808614194393158,0.005808614194393158,3.3739998859305675e-05
20,merged_fibers_output_z_p0p050,137,-0.005770319141447544,0.00023740380129311234,-0.0060077229427406564,0.0060077229427406564,3.6092734956732456e-05
20,merged_fibers_output_z_p0p050,138,-0.0057866317220032215,3.357815876370296e-05,-0.0058202098807669245,0.0058202098807669245,3.387484305617694e-05
20,merged_fibers_output_z_p0p050,139,-0.0055229212157428265,-0.00017024729459080845,-0.005352673921152018,0.005352673921152018,2.865111810618092e-05
20,merged_fibers_output_z_p0p050,140,-0.005209600552916527,-0.0003740728134289384,-0.004835527739487588,0.004835527739487588,2.3382328519353947e-05
20,merged_fibers_output_z_p0p050,141,-0.005019824951887131,-0.0005778985214419663,-0.0044419264304451644,0.0044419264304451644,1.973071041348732e-05
20,merged_fibers_output_z_p0p050,142,-0.004972159396857023,-0.0007817244040779769,-0.004190434992779046,0.004190434992779046,1.7559745428707126e-05
20,merged_fibers_output_z_p0p050,143,-0.0034507077652961016,-0.0009557188022881746,-0.002494988963007927,0.002494988963007927,6.224969925531371e-06
20,merged_fibers_output_z_p0p050,144,-0.003486750414595008,-0.000610163901001215,-0.002876586513593793,0.002876586513593793,8.274749970189693e-06
20,merged_fibers_output_z_p0p050,145,-0.0036762566305696964,-0.00041860470082610846,-0.003257651929743588,0.003257651929743588,1.0612296095362123e-05
20,merged_fibers_output_z_p0p050,146,-0.004114816896617413,-0.00022704570437781513,-0.0038877711922395974,0.0038877711922395974,1.51147648432081e-05
20,merged_fibers_output_z_p0p050,147,-0.004679778125137091,-3.548671884345822e-05,-0.0046442914062936325,0.0046442914062936325,2.1569442666572885e-05
20,merged_fibers_output_z_p0p050,148,-0.0050902641378343105,0.00015607220120728016,-0.005246336339041591,0.005246336339041591,2.752404498234832e-05
20,merged_fibers_output_z_p0p050,149,-0.005103111267089844,0.0003476314013823867,-0.0054507426684722304,0.0054507426684722304,2.971059563790377e-05
20,merged_fibers_output_z_p0p050,150,-0.004712716210633516,0.000539190776180476,-0.005251906986813992,0.005251906986813992,2.7582526998145627e-05
20,merged_fibers_output_z_p0p050,151,-0.004186590202152729,0.0007307502091862261,-0.004917340411338955,0.004917340411338955,2.4180236720987165e-05
20,merged_fibers_output_z_p0p050,152,-0.004071221686899662,0.0008942338754422963,-0.004965455562341958,0.004965455562341958,2.4655748941592693e-05
20,merged_fibers_output_z_p0p050,153,-0.004539108369499445,0.0005745879025198519,-0.005113696272019297,0.005113696272019297,2.6149889562464055e-05
20,merged_fibers_output_z_p0p050,154,-0.004799273330718279,0.00039529570494778454,-0.005194569035666063,0.005194569035666063,2.6983547466300655e-05
20,merged_fibers_output_z_p0p050,155,-0.004632588941603899,0.00021600349282380193,-0.004848592434427701,0.004848592434427701,2.350884859518954e-05
20,merged_fibers_output_z_p0p050,156,-0.003981306683272123,3.671125159598887e-05,-0.004018017934868112,0.004018017934868112,1.614446812492181e-05
20,merged_fibers_output_z_p0p050,157,-0.0030975956469774246,-0.00014258110604714602,-0.0029550145409302786,0.0029550145409302786,8.732110937109385e-06
20,merged_fibers_output_z_p0p050,158,-0.0023495391942560673,-0.00032187349279411137,-0.002027665701461956,0.002027665701461956,4.111428196885206e-06
20,merged_fibers_output_z_p0p050,159,-0.0019585033878684044,-0.0005011662724427879,-0.0014573371154256165,0.0014573371154256165,2.1238314679970567e-06
20,merged_fibers_output_z_p0p050,160,-0.0018785391002893448,-0.0006804593722335994,-0.0011980797280557454,0.0011980797280557454,1.4353950347781288e-06
20,merged_fibers_output_z_p0p050,161,-0.0003486350178718567,-0.0008329299162141979,0.0004842948983423412,0.0004842948983423412,2.3454154856041858e-07
20,merged_fibers_output_z_p0p050,162,-0.0003624000819399953,-0.0005386985139921308,0.00017629843205213547,0.00017629843205213547,3.1081137144041426e-08
20,merged_fibers_output_z_p0p050,163,-0.0006571051781065762,-0.00037167189293541014,-0.00028543328517116606,0.00028543328517116606,8.147216028360421e-08
20,merged_fibers_output_z_p0p050,164,-0.0014440820086747408,-0.00020464579574763775,-0.001239436212927103,0.001239436212927103,1.5362021259150791e-06
20,merged_fibers_output_z_p0p050,165,-0.0026223501190543175,-3.762004052987322e-05,-0.0025847300785244443,0.0025847300785244443,6.68082957882898e-06
20,merged_fibers_output_z_p0p050,166,-0.0038010110147297382,0.00012940559827256948,-0.003930416613002308,0.003930416613002308,1.5448174751764534e-05
20,merged_fibers_output_z_p0p050,167,-0.0045556421391665936,0.0002964310988318175,-0.004852073237998411,0.004852073237998411,2.3542614706900384e-05
20,merged_fibers_output_z_p0p050,168,-0.004728664178401232,0.00046345649752765894,-0.005192120675928891,0.005192120675928891,2.695811711340828e-05
20,merged_fibers_output_z_p0p050,169,-0.004529060795903206,0.000630481808912009,-0.005159542604815215,0.005159542604815215,2.6620879890903373e-05
20,merged_fibers_output_z_p0p050,170,-0.004524859134107828,0.000771452090702951,-0.005296311224810779,0.005296311224810779,2.8050912590056655e-05
20,merged_fibers_output_z_p0p050,171,-0.004741629585623741,0.0005021578981541097,-0.005243787483777851,0.005243787483777851,2.7497307175025245e-05
20,merged_fibers_output_z_p0p050,172,-0.00461165327578783,0.00034739880356937647,-0.004959052079357207,0.004959052079357207,2.4592197525777037e-05
20,merged_fibers_output_z_p0p050,173,-0.0038588980678468943,0.0001926397962961346,-0.004051537864143029,0.004051537864143029,1.6414959064584655e-05
20,merged_fibers_output_z_p0p050,174,-0.0025024362839758396,3.7880810850765556e-05,-0.002540317094826605,0.002540317094826605,6.453210942268284e-06
20,merged_fibers_output_z_p0p050,175,-0.0009496136335656047,-0.00011687829828588292,-0.0008327353352797218,0.0008327353352797218,6.934481386234306e-07
20,merged_fibers_output_z_p0p050,176,0.0002763762604445219,-0.0002716378076002002,0.0005480140680447221,0.0005480140680447221,3.003194187749253e-07
20,merged_fibers_output_z_p0p050,177,0.0008920737309381366,-0.00042639789171516895,0.0013184716226533055,0.0013184716226533055,1.7383674197420405e-06
20,merged_fibers_output_z_p0p050,178,0.0010070349089801311,-0.0005811583832837641,0.0015881932922638953,0.0015881932922638953,2.5223579335920307e-06
20,merged_fibers_output_z_p0p050,179,0.0020364990923553705,-0.0007101328228600323,0.002746631915215403,0.002746631915215403,7.543986877679832e-06
20,merged_fibers_output_z_p0p050,180,0.0020618331618607044,-0.0004652724019251764,0.002527105563785881,0.002527105563785881,6.3862625305175545e-06
20,merged_fibers_output_z_p0p050,181,0.0016995985060930252,-0.00032277809805236757,0.0020223766041453928,0.0020223766041453928,4.090007128994651e-06
20,merged_fibers_output_z_p0p050,182,0.0006499549490399659,-0.00018028459453489631,0.0008302395435748622,0.0008302395435748622,6.892976997153955e-07
20,merged_fibers_output_z_p0p050,183,-0.001003629295155406,-3.779173857765272e-05,-0.0009658375565777533,0.0009658375565777533,9.328421856960847e-07
20,merged_fibers_output_z_p0p050,184,-0.0027708481065928936,0.00010470079723745584,-0.0028755489038303494,0.0028755489038303494,8.268781498319924e-06
20,merged_fibers_output_z_p0p050,185,-0.004068976268172264,0.00024719341308809817,-0.004316169681260362,0.004316169681260362,1.8629320717431176e-05
20,merged_fibers_output_z_p0p050,186,-0.004619674291461706,0.00038968640728853643,-0.005009360698750243,0.005009360698750243,2.5093694610183518e-05
20,merged_fibers_output_z_p0p050,187,-0.004608071409165859,0.0005321800126694143,-0.0051402514218352735,0.0051402514218352735,2.642218467967955e-05
20,merged_fibers_output_z_p0p050,188,-0.004080908372998238,0.0006486846250481904,-0.004729592998046428,0.004729592998046428,2.23690499271698e-05
20,merged_fibers_output_z_p0p050,189,-0.004336657468229532,0.0004277692933101207,-0.004764426761539653,0.004764426761539653,2.2699762366075224e-05
20,merged_fibers_output_z_p0p050,190,-0.004170202650129795,0.00029754071147181094,-0.004467743361601606,0.004467743361601606,1.9960730745135218e-05
20,merged_fibers_output_z_p0p050,191,-0.0032461099326610565,0.00016731349751353264,-0.003413423430174589,0.003413423430174589,1.1651459513664858e-05
20,merged_fibers_output_z_p0p050,192,-0.0015754965133965015,3.708713120431639e-05,-0.001612583644600818,0.001612583644600818,2.600426010834057e-06
20,merged_fibers_output_z_p0p050,193,0.00034947990207001567,-9.313911141362041e-05,0.0004426190134836361,0.0004426190134836361,1.9591159109722722e-07
20,merged_fibers_output_z_p0p050,194,0.001881347969174385,-0.00022336610709317029,0.0021047140762675554,0.0021047140762675554,4.429821342838789e-06
20,merged_fibers_output_z_p0p050,195,0.002657900098711252,-0.0003535946016199887,0.003011494700331241,0.003011494700331241,9.06910033012315e-06
20,merged_fibers_output_z_p0p050,196,0.0028035459108650684,-0.0004838246095459908,0.0032873705204110593,0.0032873705204110593,1.0806804938467678e-05
20,merged_fibers_output_z_p0p050,197,0.0031251332256942987,-0.0005873574991710484,0.003712490724865347,0.003712490724865347,1.378258738221123e-05
20,merged_fibers_output_z_p0p050,198,0.0031869076192378998,-0.00038989228778518736,0.003576799907023087,0.003576799907023087,1.2793497574880364e-05
20,merged_fibers_output_z_p0p050,199,0.0028143790550529957,-0.00027192579000256956,0.0030863048450555652,0.0030863048450555652,9.525277596613456e-06
20,merged_fibers_output_z_p0p050,200,0.0016813991824164987,-0.00015396240632981062,0.0018353615887463093,0.0018353615887463093,3.3685521614453765e-06
20,merged_fibers_output_z_p0p050,201,-0.0001203792926389724,-3.600136915338226e-05,-8.437792348559014e-05,8.437792348559014e-05,7.119633971740105e-09
20,merged_fibers_output_z_p0p050,202,-0.0020278780721127987,8.195891859941185e-05,-0.0021098369907122105,0.0021098369907122105,4.451412127377556e-06
20,merged_fibers_output_z_p0p050,203,-0.003369956510141492,0.00019992029410786927,-0.003569876804249361,0.003569876804249361,1.274402039751763e-05
20,merged_fibers_output_z_p0p050,204,-0.003835837123915553,0.0003178842016495764,-0.0041537213255651295,0.0041537213255651295,1.7253400850454537e-05
20,merged_fibers_output_z_p0p050,205,-0.0036689520347863436,0.00043585090315900743,-0.004104802937945351,0.004104802937945351,1.6849407159364784e-05
20,merged_fibers_output_z_p0p050,206,-0.0024618874303996563,0.0005259520839899778,-0.002987839514389634,0.002987839514389634,8.927184963748085e-06
20,merged_fibers_output_z_p0p050,207,-0.0030346447601914406,0.0003514353884384036,-0.003386080148629844,0.003386080148629844,1.1465538772945108e-05
20,merged_fibers_output_z_p0p050,208,-0.0032366535160690546,0.0002457287919241935,-0.003482382307993248,0.003482382307993248,1.212698653902438e-05
20,merged_fibers_output_z_p0p050,209,-0.0026464685797691345,0.00014002789976075292,-0.0027864964795298874,0.0027864964795298874,7.764562630432456e-06
20,merged_fibers_output_z_p0p050,210,-0.0011682850308716297,3.433120946283452e-05,-0.0012026162403344642,0.0012026162403344642,1.446285821516202e-06
20,merged_fibers_output_z_p0p050,211,0.0007188033196143806,-7.136441126931459e-05,0.0007901677308836952,0.0007901677308836952,6.243650429298877e-07
20,merged_fibers_output_z_p0p050,212,0.0023017050698399544,-0.0001770624949131161,0.0024787675647530705,0.0024787675647530705,6.1442886400718674e-06
20,merged_fibers_output_z_p0p050,213,0.0031354320235550404,-0.00028276589000597596,0.0034181979135610163,0.0034181979135610163,1.1684076976272885e-05
20,merged_fibers_output_z_p0p050,214,0.003301610704511404,-0.00038847530959174037,0.0036900860141031444,0.0036900860141031444,1.3616734791479632e-05
20,merged_fibers_output_z_p0p050,215,0.003130291122943163,-0.0004646620946004987,0.0035949532175436616,0.0035949532175436616,1.2923688636327525e-05
20,merged_fibers_output_z_p0p050,216,0.0032104654237627983,-0.0003125884977634996,0.003523053921526298,0.003523053921526298,1.2411908933981825e-05
20,merged_fibers_output_z_p0p050,217,0.0028679976239800453,-0.0002191324019804597,0.003087130025960505,0.003087130025960505,9.530371797186908e-06
20,merged_fibers_output_z_p0p050,218,0.001795542542822659,-0.00012568759848363698,0.001921230141306296,0.001921230141306296,3.69112525586381e-06
20,merged_fibers_output_z_p0p050,219,0.00011276229633949697,-3.2251118682324886e-05,0.00014501341502182186,0.00014501341502182186,2.102889053629115e-08
20,merged_fibers_output_z_p0p050,220,-0.001574334572069347,6.118285818956792e-05,-0.0016355174302589148,0.0016355174302589148,2.6749172646807243e-06
20,merged_fibers_output_z_p0p050,221,-0.002570857759565115,0.00015462130249943584,-0.002725479062064551,0.002725479062064551,7.4282361177522634e-06
20,merged_fibers_output_z_p0p050,222,-0.002603510394692421,0.00024806929286569357,-0.0028515796875581145,0.0028515796875581145,8.131506714494034e-06
20,merged_fibers_output_z_p0p050,223,-0.0020266855135560036,0.0003415280079934746,-0.002368213521549478,0.002368213521549478,5.608435283649781e-06
20,merged_fibers_output_z_p0p050,224,-0.000589042785577476,0.0004033820878248662,-0.0009924248734023422,0.0009924248734023422,9.84907129347655e-07
20,merged_fibers_output_z_p0p050,225,-0.0015023717423900962,0.0002732237917371094,-0.0017755955341272056,0.0017755955341272056,3.1527395008124766e-06
20,merged_fibers_output_z_p0p050,226,-0.002192971296608448,0.0001920023059938103,-0.0023849736026022583,0.0023849736026022583,5.688099085109595e-06
20,merged_fibers_output_z_p0p050,227,-0.002128829015418887,0.00011080170224886388,-0.002239630717667751,0.002239630717667751,5.015945751520965e-06
20,merged_fibers_output_z_p0p050,228,-0.0010745121398940682,2.961704012705013e-05,-0.0011041291800211184,0.0011041291800211184,1.2191012461741072e-06
20,merged_fibers_output_z_p0p050,229,0.0005593087989836931,-5.1562779844971374e-05,0.0006108715788286645,0.0006108715788286645,3.7316408582062525e-07
20,merged_fibers_output_z_p0p050,230,0.002043896121904254,-0.00013275089440867305,0.002176647016312927,0.002176647016312927,4.7377922336239675e-06
20,merged_fibers_output_z_p0p050,231,0.0028679259121418,-0.0002139571006409824,0.0030818830127827823,0.0030818830127827823,9.49800290447908e-06
20,merged_fibers_output_z_p0p050,232,0.0030466776806861162,-0.0002951835922431201,0.0033418612729292363,0.0033418612729292363,1.1168036767504215e-05
20,merged_fibers_output_z_p0p050,233,0.002813976723700762,-0.0003423085145186633,0.003156285238219425,0.003156285238219425,9.962136505001852e-06
20,merged_fibers_output_z_p0p050,234,0.0028932965360581875,-0.00023351020354311913,0.0031268067396013066,0.0031268067396013066,9.776920386816153e-06
20,merged_fibers_output_z_p0p050,235,0.0025878760498017073,-0.0001644891017349437,0.002752365151536651,0.002752365151536651,7.575513927393371e-06
20,merged_fibers_output_z_p0p050,236,0.0016045813681557775,-9.550635877531022e-05,0.0017000877269310877,0.0017000877269310877,2.8902982792617123e-06
20,merged_fibers_output_z_p0p050,237,8.048978634178638e-05,-2.65535491053015e-05,0.00010704333544708788,0.00010704333544708788,1.1458275663637781e-08
20,merged_fibers_output_z_p0p050,238,-0.0013634385541081429,4.238983092363924e-05,-0.001405828385031782,0.001405828385031782,1.9763534481610683e-06
20,merged_fibers_output_z_p0p050,239,-0.002032803138718009,0.0001113480975618586,-0.0021441512362798676,0.0021441512362798676,4.597384524040484e-06
20,merged_fibers_output_z_p0p050,240,-0.0016899110050871968,0.00018033980450127274,-0.0018702508095884696,0.0018702508095884696,3.4978380907663256e-06
20,merged_fibers_output_z_p0p050,241,-0.0007678588153794408,0.0002493695938028395,-0.0010172284091822803,0.0010172284091822803,1.0347536364475127e-06
20,merged_fibers_output_z_p0p050,242,-3.29159083776176e-05,0.0003484426124487072,-0.0003813585208263248,0.0003813585208263248,1.4543432140684242e-07
20,merged_fibers_output_z_p0p050,243,-0.00876918900758028,0.046164240688085556,-0.054933429695665836,0.054933429695665836,0.003017681698128661
20,merged_fibers_output_z_p0p050,244,-0.008927241899073124,0.04245733842253685,-0.051384580321609974,0.051384580321609974,0.002640375094827987
20,merged_fibers_output_z_p0p050,245,-0.009283439256250858,0.038802169263362885,-0.04808560851961374,0.04808560851961374,0.0023122257467015498
20,merged_fibers_output_z_p0p050,246,-0.00883051659911871,0.035130470991134644,-0.04396098759025335,0.04396098759025335,0.0019325684299104093
20,merged_fibers_output_z_p0p050,247,-0.007095220498740673,0.03157439082860947,-0.03866961132735014,0.03866961132735014,0.0014953388402083262
20,merged_fibers_output_z_p0p050,248,-0.005093125626444817,0.024736400693655014,-0.02982952632009983,0.02982952632009983,0.0008898006404815285
20,merged_fibers_output_z_p0p050,249,-0.005614666733890772,0.021527549251914024,-0.027142215985804796,0.027142215985804796,0.0007366998886200774
20,merged_fibers_output_z_p0p050,250,-0.004792903084307909,0.018502969294786453,-0.023295872379094362,0.023295872379094362,0.0005426976699030516
20,merged_fibers_output_z_p0p050,251,-0.0024286918342113495,0.015559489838778973,-0.017988181672990322,0.017988181672990322,0.0003235746799005049
20,merged_fibers_output_z_p0p050,252,-0.00036785623524338007,0.012810179963707924,-0.013178036198951304,0.013178036198951304,0.00017366063806087092
20,merged_fibers_output_z_p0p050,253,0.0020745540969073772,0.007985340431332588,-0.005910786334425211,0.005910786334425211,3.493739509122782e-05
20,merged_fibers_output_z_p0p050,254,0.0018216435564681888,0.006046774797141552,-0.004225131240673363,0.004225131240673363,1.7851734000914033e-05
20,merged_fibers_output_z_p0p050,255,-0.0006967553053982556,0.004318880848586559,-0.005015636153984815,0.005015636153984815,2.5156606029159586e-05
20,merged_fibers_output_z_p0p050,256,-0.0029550609178841114,0.0027962850872427225,-0.005751346005126834,0.005751346005126834,3.307798087068839e-05
20,merged_fibers_output_z_p0p050,257,-0.0022225675638765097,0.0015440980205312371,-0.003766665584407747,0.003766665584407747,1.4187769624761753e-05
