x,y,w_xx_fd,w_xy_fd,w_yy_fd
0.0,0.0,,,
0.0037974685053282146,0.0,,,
0.007594937010656429,0.0,,,
0.011392405515984643,0.0,,,
0.015189874021312859,0.0,,,
0.018987342526641072,0.0,,,
0.022784811031969287,0.0,,,
0.026582279537297502,0.0,,,
0.030379748042625717,0.0,,,
0.03417721654795393,0.0,,,
0.037974685053282144,0.0,,,
0.04177215355861036,0.0,,,
0.045569622063938574,0.0,,,
0.04936709056926679,0.0,,,
0.053164559074595004,0.0,,,
0.05696202757992322,0.0,,,
0.060759496085251434,0.0,,,
0.06455696459057965,0.0,,,
0.06835443309590786,0.0,,,
0.07215190160123608,0.0,,,
0.07594937010656429,0.0,,,
0.07974683861189251,0.0,,,
0.08354430711722072,0.0,,,
0.08734177562254894,0.0,,,
0.09113924412787715,0.0,,,
0.09493671263320537,0.0,,,
0.09873418113853358,0.0,,,
0.1025316496438618,0.0,,,
0.10632911814919001,0.0,,,
0.11012658665451823,0.0,,,
0.11392405515984644,0.0,,,
0.11772152366517466,0.0,,,
0.12151899217050287,0.0,,,
0.12531646067583108,0.0,,,
0.1291139291811593,0.0,,,
0.13291139768648752,0.0,,,
0.13670886619181571,0.0,,,
0.14050633469714394,0.0,,,
0.14430380320247216,0.0,,,
0.14810127170780038,0.0,,,
0.15189874021312857,0.0,,,
0.1556962087184568,0.0,,,
0.15949367722378502,0.0,,,
0.16329114572911324,0.0,,,
0.16708861423444143,0.0,,,
0.17088608273976966,0.0,,,
0.17468355124509788,0.0,,,
0.1784810197504261,0.0,,,
0.1822784882557543,0.0,,,
0.18607595676108252,0.0,,,
0.18987342526641074,0.0,,,
0.19367089377173893,0.0,,,
0.19746836227706716,0.0,,,
0.20126583078239538,0.0,,,
0.2050632992877236,0.0,,,
0.2088607677930518,0.0,,,
0.21265823629838002,0.0,,,
0.21645570480370824,0.0,,,
0.22025317330903646,0.0,,,
0.22405064181436465,0.0,,,
0.22784811031969288,0.0,,,
0.2316455788250211,0.0,,,
0.23544304733034932,0.0,,,
0.23924051583567751,0.0,,,
0.24303798434100574,0.0,,,
0.24683545284633396,0.0,,,
0.25063292135166215,0.0,,,
0.2544303898569904,0.0,,,
0.2582278583623186,0.0,,,
0.2620253268676468,0.0,,,
0.26582279537297504,0.0,,,
0.26962026387830323,0.0,,,
0.27341773238363143,0.0,,,
0.2772152008889597,0.0,,,
0.2810126693942879,0.0,,,
0.2848101378996161,0.0,,,
0.2886076064049443,0.0,,,
0.2924050749102725,0.0,,,
0.29620254341560076,0.0,,,
0.30000001192092896,0.0,,,
0.0,0.012050025070769877,,,
0.0037974685053282146,0.012050025070769877,0.09060456771048517,-0.0005472917420771357,0.0253674947956677
0.007594937010656429,0.012050025070769877,0.09173878981262115,-0.001089177348410337,0.02510893323464297
0.011392405515984643,0.012050025070769877,0.09364396003400258,-0.001621840723180356,0.024682406876611485
0.015189874021312859,0.012050025070769877,0.09619898704699928,-0.0021408297545980697,0.024089118333484986
0.018987342526641072,0.012050025070769877,0.09941597998437429,-0.002641374322889419,0.02333467979418493
0.022784811031969287,0.012050025070769877,0.10314155649779602,-0.0031183863002954056,0.022427108671456284
0.026582279537297502,0.012050025070769877,0.10733938918897545,-0.003569957638906407,0.0213720171542205
0.030379748042625717,0.012050025070769877,0.11187627759751938,-0.003991318218948362,0.020180629620320526
0.03417721654795393,0.012050025070769877,0.11664323952856062,-0.004378969952586961,0.01886216609441305
0.037974685053282144,0.012050025070769877,0.12147881987859231,-0.004730050767957767,0.01742664834242926
0.04177215355861036,0.012050025070769877,0.12629018196309796,-0.00504233460916622,0.015886102483486594
0.045569622063938574,0.012050025070769877,0.13090376154580766,-0.00531454944427257,0.014253356377976971
0.04936709056926679,0.012050025070769877,0.13518232178874054,-0.005542879177457569,0.012542841368841304
0.053164559074595004,0.012050025070769877,0.13898055309874038,-0.005728595840660967,0.010766583575197027
0.05696202757992322,0.012050025070769877,0.1421814005257647,-0.005871699433882763,0.00893901433998505
0.060759496085251434,0.012050025070769877,0.14459515432319286,-0.005969327885258522,0.007072961523597302
0.06455696459057965,0.012050025070769877,0.14611283229615774,-0.006023707250682804,0.005183257339611942
0.06835443309590786,0.012050025070769877,0.14663352500496749,-0.0060354735461254855,0.0032831305190581445
0.07215190160123608,0.012050025070769877,0.14602201380043509,-0.006004944779571502,0.0013866115342395754
0.07594937010656429,0.012050025070769877,0.14418748018683794,-0.005935460034862696,-0.0004938726250890884
0.07974683861189251,0.012050025070769877,0.14104516023483488,-0.005828768355916224,-0.0023472980164035368
0.08354430711722072,0.012050025070769877,0.13657083567889988,-0.005686777790641709,-0.004160235473355973
0.08734177562254894,0.012050025070769877,0.13062525149225826,-0.00551298642687346,-0.005924066277245575
0.09113924412787715,0.012050025070769877,0.12330729892580797,-0.005310097332483448,-0.007627766485548031
0.09493671263320537,0.012050025070769877,0.11450295031269726,-0.005081847101294683,-0.009263719556155636
0.09873418113853358,0.012050025070769877,0.10433531516935018,-0.00483252884110382,-0.010824008293982751
0.1025316496438618,0.012050025070769877,0.09271862047202865,-0.004564925121779062,-0.012302820074789281
0.10632911814919001,0.012050025070769877,0.07983450321217796,-0.004283170047124592,-0.013694943580291013
0.11012658665451823,0.012050025070769877,0.06567993610660733,-0.0039910002109634244,-0.014995768798159594
0.11392405515984644,0.012050025070769877,0.05044664709073122,-0.0036930267290771514,-0.01620399289882397
0.11772152366517466,0.012050025070769877,0.034117481559802015,-0.003393304203273723,-0.017317210658460657
0.12151899217050287,0.012050025070769877,0.01698709507771982,-0.0030947742074138094,-0.018336825124300023
0.12531646067583108,0.012050025070769877,-0.0008718575589372654,-0.002801252837316659,-0.01926213477272688
0.1291139291811593,0.012050025070769877,-0.019288839397090078,-0.00251639718480905,-0.020096547004157833
0.13291139768648752,0.012050025070769877,-0.0380569860853704,-0.00224362583572906,-0.020842567260075686
0.13670886619181571,0.012050025070769877,-0.05698456968836379,-0.0019854033519599522,-0.02150530664110534
0.14050633469714394,0.012050025070769877,-0.0758798622706558,-0.0017444328013736946,-0.02208877385361928
0.14430380320247216,0.012050025070769877,-0.09450370846017682,-0.0015230992438573165,-0.022599883916110015
0.14810127170780038,0.012050025070769877,-0.11270575319178608,-0.0013233902293166766,-0.02304424901749902
0.15189874021312857,0.012050025070769877,-0.13020950460072797,-0.0011472138056613987,-0.02342908482925675
0.1556962087184568,0.012050025070769877,-0.14688983498178468,-0.000994569972891483,-0.02376240876412816
0.15949367722378502,0.012050025070769877,-0.16243594326070543,-0.0008665717589542097,-0.024051436493583708
0.16329114572911324,0.012050025070769877,-0.1767771928297059,-0.0007641731878043912,-0.024303984995049717
0.16708861423444143,0.012050025070769877,-0.1896451645792059,-0.000686579239479684,-0.024528071681271146
0.17088608273976966,0.012050025070769877,-0.20093491269192595,-0.0006337899139800881,-0.024731713964992946
0.17468355124509788,0.012050025070769877,-0.21047287293159614,-0.0006051691953357288,-0.02492292925896007
0.1784810197504261,0.012050025070769877,-0.2181016265722972,-0.0005978550116821704,-0.025108131493368477
0.1822784882557543,0.012050025070769877,-0.22378484621574013,-0.0006118473630194127,-0.025294937210325875
0.18607595676108252,0.012050025070769877,-0.22737722226876866,-0.0006461922253926438,-0.025488958598753733
0.18987342526641074,0.012050025070769877,-0.22883839095550612,-0.0006967554949976783,-0.025695807847573512
0.19367089377173893,0.012050025070769877,-0.22816027952077714,-0.0007616291239248926,-0.025922299757618426
0.19746836227706716,0.012050025070769877,-0.22526619679041593,-0.0008392230722495998,-0.02617083955271196
0.20126583078239538,0.012050025070769877,-0.22024897944893898,-0.0009260392521374895,-0.026445435939226592
0.2050632992877236,0.012050025070769877,-0.2131086274963463,-0.0010198516076940002,-0.026748895011623055
0.2088607677930518,0.012050025070769877,-0.20391779572921595,-0.0011177980670546964,-0.027081617640538593
0.21265823629838002,0.012050025070769877,-0.19277739358723978,-0.0012163805423852669,-0.027446009049796695
0.21645570480370824,0.012050025070769877,-0.17983676704116167,-0.001313372977791151,-0.027842870980671855
0.22025317330903646,0.012050025070769877,-0.16517664364273507,-0.0014062313093928496,-0.028267793856154348
0.22405064181436465,0.012050025070769877,-0.14903113329204495,-0.0014920934653259274,-0.028722381158793168
0.22784811031969288,0.012050025070769877,-0.1315132545615462,-0.0015687333896958226,-0.029202624182215836
0.2316455788250211,0.012050025070769877,-0.11291362663755121,-0.0016342430345929115,-0.02970571683196162
0.23544304733034932,0.012050025070769877,-0.0933614136028655,-0.0016857603281527581,-0.03022684866038355
0.23924051583567751,0.012050025070769877,-0.07316338015415219,-0.0017213772224657386,-0.030761209219834648
0.24303798434100574,0.012050025070769877,-0.052489054150093514,-0.001740457701561978,-0.03130478980394245
0.24683545284633396,0.012050025070769877,-0.03164116390976492,-0.0017414117255167899,-0.03185277996505997
0.25063292135166215,0.012050025070769877,-0.010849782955663747,-0.0017242392943301744,-0.0323975631610795
0.2544303898569904,0.012050025070769877,0.00963886967936199,-0.0016879863840473194,-0.03293352720307959
0.2582278583623186,0.012050025070769877,0.029558393074525898,-0.0016316989707134129,-0.033455861643413264
0.2620253268676468,0.012050025070769877,0.0487150411056197,-0.0015566490862682044,-0.03395694993997281
0.26582279537297504,0.012050025070769877,0.06681012183115563,-0.001462200714741819,-0.034431981645111256
0.26962026387830323,0.012050025070769877,0.08366199825968842,-0.0013505799120288179,-0.0348741419579954
0.27341773238363143,0.012050025070769877,0.0990486696238961,-0.0012217866781292013,-0.03527982304289001
0.2772152008889597,0.012050025070769877,0.11281675357544707,-0.0010770930449827186,-0.03564140835768738
0.2810126693942879,0.012050025070769877,0.12473214021425637,-0.0009199971004236803,-0.03595609180792678
0.2848101378996161,0.012050025070769877,0.13471006561098284,-0.0007511348604219609,-0.03621906294596122
0.2886076064049443,0.012050025070769877,0.14258503828453195,-0.0005720963649022471,-0.036426713936055496
0.2924050749102725,0.012050025070769877,0.1482924761935009,-0.0003851076697591002,-0.03657704042502336
0.29620254341560076,0.012050025070769877,0.1517476154085486,-0.00019398487081176806,-0.03666843893031582
0.30000001192092896,0.012050025070769877,,,
0.0,0.024100050141539753,,,
0.0037974685053282146,0.024100050141539753,0.08800514054402406,-0.001090131372365149,0.024924532741509058
0.007594937010656429,0.024100050141539753,0.08918376279962444,-0.0021704044971972408,0.02466997988685681
0.011392405515984643,0.024100050141539753,0.09113333317447027,-0.003232233158902968,0.024246660493923305
0.015189874021312859,0.024100050141539753,0.09376505136163275,-0.004266395125919148,0.023659785880992764
0.018987342526641072,0.024100050141539753,0.09709102649387491,-0.005263350158697661,0.022914968236986657
0.022784811031969287,0.024100050141539753,0.10092558520216381,-0.006215466065600011,0.0220166171389147
0.026582279537297502,0.024100050141539753,0.10526065473132411,-0.007114156631032891,0.02097355174079635
0.030379748042625717,0.024100050141539753,0.10995496186578725,-0.007952743687312617,0.019795392937925548
0.03417721654795393,0.024100050141539753,0.11487530614516006,-0.008725185082725377,0.018489757272409996
0.037974685053282144,0.024100050141539753,0.11990059624181235,-0.00942512065757243,0.017070675216553362
0.04177215355861036,0.024100050141539753,0.12489359531776327,-0.01004778029207971,0.01554736679501234
0.045569622063938574,0.024100050141539753,0.12971706653503193,-0.0105887118744581,0.013934263350727852
0.04936709056926679,0.024100050141539753,0.13419744565734842,-0.011045689348813035,0.012242188390905576
0.053164559074595004,0.024100050141539753,0.1381974958467319,-0.011415850643280082,0.01048437064657469
0.05696202757992322,0.024100050141539753,0.14160419853072753,-0.011698241733904425,0.008676844943225097
0.060759496085251434,0.024100050141539753,0.14423995309547769,-0.011893180628671006,0.006833240882523215
0.06455696459057965,0.024100050141539753,0.14595137719265083,-0.012001303343549697,0.004965183712949228
0.06835443309590786,0.024100050141539753,0.14668599791360723,-0.012023563902495309,0.0030879065187185456
0.07215190160123608,0.024100050141539753,0.1462621782669016,-0.011963301389349685,0.0012134354189485962
0.07594937010656429,0.024100050141539753,0.14460524526716204,-0.011824331899932075,-0.0006460030319245665
0.07974683861189251,0.024100050141539753,0.14164456230660424,-0.011610471530061724,-0.002475977490960028
0.08354430711722072,0.024100050141539753,0.13732362009900081,-0.011327603427459974,-0.004267869239456964
0.08734177562254894,0.024100050141539753,0.13152536369430923,-0.010980020699923479,-0.0060098525936165695
0.09113924412787715,0.024100050141539753,0.1243385933994583,-0.010575196535098263,-0.007691905787507653
0.09493671263320537,0.024100050141539753,0.11564221788681783,-0.010120127108652953,-0.009307214020297005
0.09873418113853358,0.024100050141539753,0.10556943761678106,-0.009621490588271227,-0.010846757702646554
0.1025316496438618,0.024100050141539753,0.0940294340936253,-0.009087237173576521,-0.012304924645634832
0.10632911814919001,0.024100050141539753,0.08120788068638353,-0.00852499905620733,-0.01367650353097762
0.11012658665451823,0.024100050141539753,0.06708661369591119,-0.00794272643578709,-0.014959089134851434
0.11392405515984644,0.024100050141539753,0.05187552475676729,-0.007348051503954293,-0.01614887318620242
0.11772152366517466,0.024100050141539753,0.03554030465945658,-0.006748924460332373,-0.017245053943756083
0.12151899217050287,0.024100050141539753,0.018404872705389794,-0.0061528184925673576,-0.01824602792496343
0.12531646067583108,0.024100050141539753,0.0005055562928559837,-0.005567365792297743,-0.01915500209492245
0.1291139291811593,0.024100050141539753,-0.017955825698761228,-0.00499900602121851,-0.019973179065544876
0.13291139768648752,0.024100050141539753,-0.03679460899482582,-0.004454019837032169,-0.020704066454906626
0.13670886619181571,0.024100050141539753,-0.05578980192241272,-0.003938449391452532,-0.021350771010446377
0.14050633469714394,0.024100050141539753,-0.07478196756680887,-0.0034575418162310625,-0.021919806880019398
0.14430380320247216,0.024100050141539753,-0.09349663225205253,-0.0030156697211606498,-0.022415683858294726
0.14810127170780038,0.024100050141539753,-0.11180967736732278,-0.0026165697000643073,-0.02284581805206144
0.15189874021312857,0.024100050141539753,-0.12942846553751336,-0.0022634218327914086,-0.023216623391515503
0.1556962087184568,0.024100050141539753,-0.14621979630223106,-0.0019587701832214513,-0.023534714242171503
0.15949367722378502,0.024100050141539753,-0.16188699590878194,-0.0017035687753092484,-0.023809711499323382
0.16329114572911324,0.024100050141539753,-0.17634933680541262,-0.0014981356170397366,-0.024048229528485725
0.16708861423444143,0.024100050141539753,-0.18933436350495514,-0.0013426297124053848,-0.024258285742403487
0.17088608273976966,0.024100050141539753,-0.20074520294530535,-0.0012367330534212558,-0.024447496683184373
0.17468355124509788,0.024100050141539753,-0.21038810900225502,-0.0011779015762078506,-0.024623478892936083
0.1784810197504261,0.024100050141539753,-0.2181177720826479,-0.0011639092248706083,-0.024793047172491835
0.1822784882557543,0.024100050141539753,-0.22390190116578262,-0.0011922119355300303,-0.024965020675871072
0.18607595676108252,0.024100050141539753,-0.2275790411481523,-0.0012577215804271192,-0.025143808980083518
0.18987342526641074,0.024100050141539753,-0.22912093738664321,-0.0013582121036673138,-0.025335024274050637
0.19367089377173893,0.024100050141539753,-0.22849933523814164,-0.0014882773695066795,-0.025544278746693905
0.19746836227706716,0.024100050141539753,-0.22566176179400785,-0.0016421932342163446,-0.025775981975023038
0.20126583078239538,0.024100050141539753,-0.22068087185081994,-0.0018151895780222492,-0.026033340924136023
0.2050632992877236,0.024100050141539753,-0.2135647381637533,-0.002001860265180459,-0.02631876081785634
0.2088607677930518,0.024100050141539753,-0.20439005190697365,-0.002196799159947039,-0.026635047750644725
0.21265823629838002,0.024100050141539753,-0.19325368614258515,-0.0023942821185931177,-0.02698180085186393
0.21645570480370824,0.024100050141539753,-0.18028076857580566,-0.0025879489814199484,-0.02735861925087671
0.22025317330903646,0.024100050141539753,-0.1656125724222037,-0.002773029628653471,-0.027766705559594804
0.22405064181436465,0.024100050141539753,-0.14941862554046154,-0.0029447539405196266,-0.028202051071645737
0.22784811031969288,0.024100050141539753,-0.13185634665649837,-0.003098033789259417,-0.02866305230448052
0.2316455788250211,0.024100050141539753,-0.11319213669110062,-0.00322841706308372,-0.02914650229300117
0.23544304733034932,0.024100050141539753,-0.0935672688598368,-0.0033314516502034133,-0.02964839233083521
0.23924051583567751,0.024100050141539753,-0.07329658061454537,-0.0034039574707691233,-0.03016551545288466
0.24303798434100574,0.024100050141539753,-0.05254556343632093,-0.0034433904609013515,-0.03069145772895356
0.24683545284633396,0.024100050141539753,-0.03159676375630052,-0.003447524564705537,-0.03122060697012044
0.25063292135166215,0.024100050141539753,-0.010724655250445898,-0.003413497710317243,-0.03174935534065007
0.2544303898569904,0.024100050141539753,0.009856834069096305,-0.003341945913706345,-0.03226928455716026
0.2582278583623186,0.024100050141539753,0.029873230526364355,-0.003231915150918031,-0.03277598504264127
0.2620253268676468,0.024100050141539753,0.04911464248679928,-0.0030827694059824256,-0.03326304286689715
0.26582279537297504,0.024100050141539753,0.06730659627443936,-0.0028970527427790277,-0.033723643229094685
0.26962026387830323,0.024100050141539753,0.0842230547443749,-0.0026760371932475872,-0.0341545791641359
0.27341773238363143,0.024100050141539753,0.09971063554827438,-0.00242131279731279,-0.03454663064736408
0.2772152008889597,0.024100050141539753,0.11353119240846511,-0.00213605963482401,-0.034899396808142004
0.2810126693942879,0.024100050141539753,0.12551116108867716,-0.001823775793615557,-0.03520526110436195
0.2848101378996161,0.024100050141539753,0.1355415593940434,-0.0014882773695066795,-0.03546101657092594
0.2886076064049443,0.024100050141539753,0.1434568958434692,-0.0011330624503316877,-0.03566385711337325
0.2924050749102725,0.024100050141539753,0.14919258839555186,-0.0007635371718345166,-0.03581017489596863
0.29620254341560076,0.024100050141539753,0.15266387312095023,-0.00038447165378922556,-0.03589916817743761
0.30000001192092896,0.024100050141539753,,,
0.0,0.03615007521230963,,,
0.0037974685053282146,0.03615007521230963,0.08370236203556515,-0.001625020803029729,0.024193745569806618
0.007594937010656429,0.03615007521230963,0.08492942082221759,-0.0032363672627071533,0.023942800550889598
0.011392405515984643,0.03615007521230963,0.08697586425916756,-0.004819411011725156,0.023527899441338294
0.015189874021312859,0.03615007521230963,0.08974078290672324,-0.006360159698746494,0.022952249206250688
0.018987342526641072,0.03615007521230963,0.09322014038729697,-0.007846847028328486,0.0222202594226365
0.022784811031969287,0.03615007521230963,0.09725248159738181,-0.009267070689058578,0.021338744891328948
0.026582279537297502,0.03615007521230963,0.10182166102662711,-0.010606838329599527,0.020314921283798484
0.030379748042625717,0.03615007521230963,0.10675007806117527,-0.011857245726373087,0.01915720688342731
0.03417721654795393,0.03615007521230963,0.11196507790444817,-0.013008434631846203,0.01787682606805836
0.037974685053282144,0.03615007521230963,0.11727291443223754,-0.014050864806470754,0.01648259799171108
0.04177215355861036,0.03615007521230963,0.12259286009278993,-0.01497849409853293,0.01498815225605189
0.045569622063938574,0.03615007521230963,0.12773520513948472,-0.01578528035631892,0.013403510627011981
0.04936709056926679,0.03615007521230963,0.13255060360157805,-0.016466135452069736,0.011742703576895022
0.053164559074595004,0.03615007521230963,0.13691392777385206,-0.01701724328996612,0.010020563319279174
0.05696202757992322,0.03615007521230963,0.14066372255279982,-0.017437331838068323,0.008247111620095629
0.060759496085251434,0.03615007521230963,0.14363853283491448,-0.017727037112346227,0.00643718069292255
0.06455696459057965,0.03615007521230963,0.14569708540462745,-0.017886677120784764,0.004604801010063603
0.06835443309590786,0.03615007521230963,0.14676672546536068,-0.017919113935248372,0.0027636021731852075
0.07215190160123608,0.03615007521230963,0.14665370689290586,-0.017828640663533703,0.0009248085601302979
0.07594937010656429,0.03615007521230963,0.1453196841001801,-0.01761970941742988,-0.0008961463095670918
0.07974683861189251,0.03615007521230963,0.1426274202492025,-0.017299475376597994,-0.002691245023162009
0.08354430711722072,0.03615007521230963,0.13857893352876696,-0.01687557073267654,-0.004445655367076291
0.08734177562254894,0.03615007521230963,0.13302891434571723,-0.01635610468928142,-0.006150959057927737
0.09113924412787715,0.03615007521230963,0.1260419447414561,-0.01575109449793816,-0.007798537377015524
0.09493671263320537,0.03615007521230963,0.11754436082500852,-0.01507047790817605,-0.009378168123089836
0.09873418113853358,0.03615007521230963,0.10762294471450945,-0.014324749183498025,-0.010883938454251271
0.1025316496438618,0.03615007521230963,0.09621210527415922,-0.013525913125335465,-0.012309234004985244
0.10632911814919001,0.03615007521230963,0.0834773339850524,-0.012685418021146116,-0.013649444762963406
0.11012658665451823,0.03615007521230963,0.06942771269676126,-0.011815109668368892,-0.014899559845220161
0.11392405515984644,0.03615007521230963,0.0542468965895249,-0.010926595358454007,-0.016058476857503078
0.11772152366517466,0.03615007521230963,0.03792176743618337,-0.010030607860893095,-0.017124592317263168
0.12151899217050287,0.03615007521230963,0.020748998989430615,-0.00913915197711754,-0.018098106659819053
0.12531646067583108,0.03615007521230963,0.0027972096682570597,-0.008263914500573788,-0.01897912010283005
0.1291139291811593,0.03615007521230963,-0.015743890780716682,-0.007413958658832554,-0.019770138087778947
0.13291139768648752,0.03615007521230963,-0.03468459261087001,-0.0065988246914419554,-0.02047426736210442
0.13670886619181571,0.03615007521230963,-0.0538129859988501,-0.0058273373199840064,-0.021096218155794128
0.14050633469714394,0.03615007521230963,-0.07294743395321171,-0.005107844254063309,-0.0216395983045833
0.14430380320247216,0.03615007521230963,-0.09182759011954994,-0.0044468646573710795,-0.022111623479942392
0.14810127170780038,0.03615007521230963,-0.11031621765988395,-0.0038491686496813777,-0.02251770543547425
0.15189874021312857,0.03615007521230963,-0.12811664282151977,-0.0033200033627456696,-0.022864458536693454
0.1556962087184568,0.03615007521230963,-0.14511584703200262,-0.002863025888390734,-0.023160701937619457
0.15949367722378502,0.03615007521230963,-0.1609707381963803,-0.002479826266541258,-0.02341124608589923
0.16329114572911324,0.03615007521230963,-0.17563489797239457,-0.0021716765291369903,-0.023625711876826716
0.16708861423444143,0.03615007521230963,-0.18881367079614536,-0.001938258668192994,-0.02381171585250962
0.17088608273976966,0.03615007521230963,-0.20042229273829154,-0.0017779826437845823,-0.023977275425692893
0.17468355124509788,0.03615007521230963,-0.21023876303151112,-0.0016883043920322568,-0.0241288045265725
0.1784810197504261,0.03615007521230963,-0.21815813585852462,-0.001666043833086644,-0.02427512230916789
0.1822784882557543,0.03615007521230963,-0.22408757453481556,-0.0017064308471736842,-0.02442023747985153
0.18607595676108252,0.03615007521230963,-0.22790598773275378,-0.0018037412905645056,-0.024572568322005633
0.18987342526641074,0.03615007521230963,-0.22958512080922555,-0.0019516150035603615,-0.024738528765826155
0.19367089377173893,0.03615007521230963,-0.2290644281004158,-0.002144009834447443,-0.024920123164499337
0.19746836227706716,0.03615007521230963,-0.2263156549632108,-0.0023732935915872543,-0.02512416631885838
0.20126583078239538,0.03615007521230963,-0.221395310683838,-0.002630880059386487,-0.025352662582089534
0.2050632992877236,0.03615007521230963,-0.21433164990541106,-0.002909137046206646,-0.02560962066056527
0.2088607677930518,0.03615007521230963,-0.20516907278139443,-0.003200114352424298,-0.02589463968364834
0.21265823629838002,0.03615007521230963,-0.19403270701700595,-0.0034942717384913234,-0.026211327487073974
0.21645570480370824,0.03615007521230963,-0.1810396075622881,-0.0037836590047842893,-0.026557679717655932
0.22025317330903646,0.03615007521230963,-0.16632297487763406,-0.004061597983619511,-0.026933696375394216
0.22405064181436465,0.03615007521230963,-0.15006444595448912,-0.004318548435448869,-0.027338575719014328
0.22784811031969288,0.03615007521230963,-0.1324254758963602,-0.00454783219258868,-0.027769110783418288
0.2316455788250211,0.03615007521230963,-0.11365632011368296,-0.004743725111310072,-0.02822169373287087
0.23544304733034932,0.03615007521230963,-0.09392650646513966,-0.0048995490239293615,-0.028693919343548587
0.23924051583567751,0.03615007521230963,-0.07351858138186737,-0.00501021580268755,-0.029179373685255475
0.24303798434100574,0.03615007521230963,-0.05263436374324972,-0.005071591343780454,-0.029675651534168047
0.24683545284633396,0.03615007521230963,-0.03154832722524845,-0.005080495567358699,-0.030176739830727595
0.25063292135166215,0.03615007521230963,-0.010510727238299255,-0.005033748393572912,-0.03067622464473815
0.2544303898569904,0.03615007521230963,0.010207998919223816,-0.0049294417745134695,-0.031170498140464485
0.2582278583623186,0.03615007521230963,0.03038585047999877,-0.004768529734135184,-0.03165074116388716
0.2620253268676468,0.03615007521230963,0.049780644788765246,-0.004550694264453117,-0.032113746749908176
0.26582279537297504,0.03615007521230963,0.06810176265921083,-0.004277843413376892,-0.03255350183896883
0.26962026387830323,0.03615007521230963,0.08517563985506563,-0.003951885228816134,-0.03296279075959867
0.27341773238363143,0.03615007521230963,0.10076816647624458,-0.0035763177986051532,-0.033338807417336955
0.2772152008889597,0.03615007521230963,0.11471788741924083,-0.00315591124251801,-0.03367393527007598
0.2810126693942879,0.03615007521230963,0.126794729161557,-0.0026947996643588894,-0.03396576909399226
0.2848101378996161,0.03615007521230963,0.1369058550186767,-0.0021993432238265375,-0.034210300182713316
0.2886076064049443,0.03615007521230963,0.1448978826422683,-0.001674948056664889,-0.034403519829866676
0.2924050749102725,0.03615007521230963,0.15066990259264001,-0.0011289283465275026,-0.034544225423540596
0.29620254341560076,0.03615007521230963,0.1541815510939151,-0.0005682802690829992,-0.03462880912799985
0.30000001192092896,0.03615007521230963,,,
0.0,0.04820010028307951,,,
0.0037974685053282146,0.04820010028307951,0.07771237769545912,-0.0021490979622064404,0.02318274982266808
0.007594937010656429,0.04820010028307951,0.0790242004114527,-0.004279115445316641,0.02293861960458427
0.011392405515984643,0.04820010028307951,0.08119980793120818,-0.006371607986204238,0.0225341411316014
0.015189874021312859,0.04820010028307951,0.08414232719262145,-0.00840876713771274,0.02197252136881746
0.018987342526641072,0.04820010028307951,0.08784368544051716,-0.010374056484625405,0.021259372505153917
0.022784811031969287,0.04820010028307951,0.09214646394897608,-0.012250939611725496,0.02040030672953223
0.026582279537297502,0.04820010028307951,0.0970345172076475,-0.014022562095811332,0.019403341454697357
0.030379748042625717,0.04820010028307951,0.10231006271473549,-0.01567524959353061,0.018276093222757004
0.03417721654795393,0.04820010028307951,0.10790851842883728,-0.017196599793470768,0.01702858379964236
0.037974685053282144,0.04820010028307951,0.11363613822574459,-0.018574528392204196,0.015671235821921863
0.04177215355861036,0.04820010028307951,0.11938393991059026,-0.019800131166152646,0.014214872796801198
0.045569622063938574,0.04820010028307951,0.12498643200227973,-0.02086577592367762,0.012672322584672291
0.04936709056926679,0.04820010028307951,0.13028619577489375,-0.02176351246515569,0.01105601217528982
0.053164559074595004,0.04820010028307951,0.1351137033697501,-0.02249111473469229,0.009377566817133965
0.05696202757992322,0.04820010028307951,0.13935593621439393,-0.02304603866840792,0.007651417853145642
0.060759496085251434,0.04820010028307951,0.1428110754294416,-0.023427012234362835,0.005890794014354021
0.06455696459057965,0.04820010028307951,0.1453539933096753,-0.023636261488451594,0.0041085231611510285
0.06835443309590786,0.04820010028307951,0.14687167128264017,-0.02367728451850851,0.0023166314126540923
0.07215190160123608,0.04820010028307951,0.14722485432156152,-0.02355485144430764,0.0005299509824413757
0.07594937010656429,0.04820010028307951,0.14629446928760298,-0.02327643545349501,-0.0012418972341931786
0.07974683861189251,0.04820010028307951,0.14401997051694954,-0.022850145749686527,-0.002984682329627279
0.08354430711722072,0.04820010028307951,0.140328703213023,-0.022285999584407714,-0.004689384714522854
0.08734177562254894,0.04820010028307951,0.1351137033697501,-0.021596717277056064,-0.006345180881674218
0.09113924412787715,0.04820010028307951,0.1284294620845644,-0.02079327010311191,-0.00794265037110605
0.09493671263320537,0.04820010028307951,0.12019020633372786,-0.019889888919901205,-0.009473976205392021
0.09873418113853358,0.04820010028307951,0.1104867546129631,-0.018900884086746127,-0.010932443801358237
0.1025316496438618,0.04820010028307951,0.09925149759767664,-0.017840804468957555,-0.012311438793490106
0.10632911814919001,0.04820010028307951,0.08665396314655069,-0.01672523245779742,-0.01360615073414066
0.11012658665451823,0.04820010028307951,0.07268708759880683,-0.015570147954508822,-0.014813573093530543
0.11392405515984644,0.04820010028307951,0.0575526898338287,-0.014390656338376285,-0.01593059912422108
0.11772152366517466,0.04820010028307951,0.041235633435662514,-0.013201942490680565,-0.01695522447302604
0.12151899217050287,0.04820010028307951,0.024024519401826868,-0.012019429798691124,-0.017888651751857165
0.12531646067583108,0.04820010028307951,0.005995029812090618,-0.010856792605760265,-0.01873148226667032
0.1291139291811593,0.04820010028307951,-0.012657071020544119,-0.009728102765221465,-0.019485119064695876
0.13291139768648752,0.04820010028307951,-0.03174711882144133,-0.008645842090483516,-0.020153470634646998
0.13670886619181571,0.04820010028307951,-0.05104504006810367,-0.007621458869004158,-0.02073944328864373
0.14050633469714394,0.04820010028307951,-0.07039442512900883,-0.0066652883602938565,-0.021249751609859972
0.14430380320247216,0.04820010028307951,-0.08949456387387522,-0.005786155285934623,-0.02168730191041577
0.14810127170780038,0.04820010028307951,-0.10822537406946957,-0.004991612335568717,-0.022059911167737447
0.15189874021312857,0.04820010028307951,-0.12629623652947947,-0.004288019668894886,-0.02237459461797684
0.1556962087184568,0.04820010028307951,-0.1435517507167795,-0.0036787163697549717,-0.022637164885374043
0.15949367722378502,0.04820010028307951,-0.1596912065010881,-0.0031673595299757536,-0.022856040253311255
0.16329114572911324,0.04820010028307951,-0.17463387633065178,-0.002756175205451793,-0.023038837263896175
0.16708861423444143,0.04820010028307951,-0.18808712283036433,-0.00244389136424334,-0.02319237071796202
0.17088608273976966,0.04820010028307951,-0.1999581093157092,-0.002227963942470897,-0.02332465802825374
0.17468355124509788,0.04820010028307951,-0.2100369441521275,-0.0021061668842399014,-0.023442513995604545
0.1784810197504261,0.04820010028307951,-0.21818639050163832,-0.0020737300697762943,-0.023553555162122142
0.1822784882557543,0.04820010028307951,-0.22434590270042662,-0.002123657323411454,-0.023664997199276984
0.18607595676108252,0.04820010028307951,-0.22837017115533612,-0.0022502245014165093,-0.023782051425353293
0.18987342526641074,0.04820010028307951,-0.23020672295772712,-0.0024442093722282774,-0.02390952828799804
0.19367089377173893,0.04820010028307951,-0.2298555581075996,-0.0026967077122685133,-0.024055445199956182
0.19746836227706716,0.04820010028307951,-0.22721576716526176,-0.0029984972899740345,-0.02422060390250221
0.20126583078239538,0.04820010028307951,-0.2223963323255808,-0.003338765833856972,-0.024411017455194837
0.2050632992877236,0.04820010028307951,-0.21538110807820593,-0.0037057470484746446,-0.02462748759930856
0.2088607677930518,0.04820010028307951,-0.20626696748524137,-0.004089582686293995,-0.02487322129994136
0.21265823629838002,0.04820010028307951,-0.1951104198329145,-0.004479460475827156,-0.025147015945181497
0.21645570480370824,0.04820010028307951,-0.1820971384902583,-0.004863932129616381,-0.02545207850012695
0.22025317330903646,0.04820010028307951,-0.16732399651937685,-0.005232503384158741,-0.025786404611591478
0.22405064181436465,0.04820010028307951,-0.15096859453412778,-0.005574997983936239,-0.02614718818511435
0.22784811031969288,0.04820010028307951,-0.133216605903544,-0.00588155768141582,-0.026534830091332815
0.2316455788250211,0.04820010028307951,-0.11431828603806125,-0.006143278253019238,-0.026945321623874394
0.23544304733034932,0.04820010028307951,-0.0944189445308357,-0.0063528455150929355,-0.027374253205729365
0.23924051583567751,0.04820010028307951,-0.07384956434405651,-0.006503581299953227,-0.02781962048371149
0.24303798434100574,0.04820010028307951,-0.05277160058123059,-0.006589443455886305,-0.028275009527624805
0.24683545284633396,0.04820010028307951,-0.031483745183845696,-0.006605661863118108,-0.02873560988982234
0.25063292135166215,0.04820010028307951,-0.010244326317512868,-0.006549692457769139,-0.029197011993294372
0.2544303898569904,0.04820010028307951,0.010700436984919863,-0.006418673167974962,-0.029652801907844934
0.2582278583623186,0.04820010028307951,0.031072034669903097,-0.006212285985750638,-0.03009977266837605
0.2620253268676468,0.04820010028307951,0.05068075699081622,-0.00593148493505098,-0.030529505991505515
0.26582279537297504,0.04820010028307951,0.06920369374064544,-0.005577860055800675,-0.03093759230022361
0.26962026387830323,0.04820010028307951,0.08646324430553315,-0.005154909435834033,-0.03131922114688336
0.27341773238363143,0.04820010028307951,0.10223740791815739,-0.00466676717895524,-0.0316687803425633
0.2772152008889597,0.04820010028307951,0.11634051120948519,-0.004118521412923292,-0.0319826620515282
0.2810126693942879,0.04820010028307951,0.12855458978978224,-0.0035178043293766855,-0.03225525408485659
0.2848101378996161,0.04820010028307951,0.1387868069745321,-0.0028712940959991044,-0.032483750348087745
0.2886076064049443,0.04820010028307951,0.1468676349050525,-0.002187258920398919,-0.03266454300548643
0.2924050749102725,0.04820010028307951,0.1527123096520023,-0.0014742850181694372,-0.0327956277038664
0.29620254341560076,0.04820010028307951,0.15626028555156646,-0.0007419126288587785,-0.03287459921940419
0.30000001192092896,0.04820010028307951,,,
0.0,0.06025012535384938,,,
0.0037974685053282146,0.06025012535384938,0.0700916968099334,-0.0026569567141513477,0.021904373360485365
0.007594937010656429,0.06025012535384938,0.07150442896561877,-0.005290380837417333,0.021669062296421
0.011392405515984643,0.06025012535384938,0.07384149158888118,-0.00787832981883728,0.021278213425104556
0.015189874021312859,0.06025012535384938,0.07701812075037945,-0.010397907083495705,0.020735835452908503
0.018987342526641072,0.06025012535384938,0.08099798905182455,-0.012827170080431929,0.020045536215568073
0.022784811031969287,0.06025012535384938,0.08565193241041098,-0.0151460843065949,0.019215733996465464
0.026582279537297502,0.06025012535384938,0.09093555067267431,-0.01733684131482813,0.018252040984522145
0.030379748042625717,0.06025012535384938,0.09665913409199395,-0.019379724610065503,0.017162073721845823
0.03417721654795393,0.06025012535384938,0.10274599149420412,-0.021259151801045092,0.015957056586279425
0.037974685053282144,0.06025012535384938,0.10900237675509654,-0.022963038584339276,0.014645808731842406
0.04177215355861036,0.06025012535384938,0.11530719854704102,-0.02447739260861082,0.013238752795103201
0.045569622063938574,0.06025012535384938,0.121494965388943,-0.02579203761834172,0.011748716636453736
0.04936709056926679,0.06025012535384938,0.12739614942212024,-0.026901567477788043,0.01018772637501144
0.053164559074595004,0.06025012535384938,0.13283315003271512,-0.027799304019266113,0.008566605517981996
0.05696202757992322,0.06025012535384938,0.1377010214034482,-0.02848174915494161,0.006900988020218065
0.060759496085251434,0.06025012535384938,0.1417656536342344,-0.02895017491675429,0.005201296518288086
0.06455696459057965,0.06025012535384938,0.144914028152619,-0.029206171344628835,0.0034815614844957246
0.06835443309590786,0.06025012535384938,0.1470290900085594,-0.02925323652639956,0.0017542099085956582
0.07215190160123608,0.06025012535384938,0.14794534772096105,-0.029098048629750146,3.126790970531566e-05
0.07594937010656429,0.06025012535384938,0.14756189185013216,-0.028749988890236243,-0.001674837522420626
0.07974683861189251,0.06025012535384938,0.14579597665552543,-0.028218597547405973,-0.003353884186532352
0.08354430711722072,0.06025012535384938,0.14257091096297508,-0.0275167539246493,-0.004994647704786929
0.08734177562254894,0.06025012535384938,0.13778578533278932,-0.026658768381288396,-0.006587106311253166
0.09113924412787715,0.06025012535384938,0.13148298172963865,-0.02566006430459273,-0.008122440851911614
0.09493671263320537,0.06025012535384938,0.12356966346900668,-0.02453741661576774,-0.009593235219973194
0.09873418113853358,0.06025012535384938,0.11415077636817283,-0.02330839525598121,-0.010991171349715015
0.1025316496438618,0.06025012535384938,0.10313953830900219,-0.02199152419035575,-0.012311739446468042
0.10632911814919001,0.06025012535384938,0.09070951352776466,-0.02060596339998383,-0.013549728191948055
0.11012658665451823,0.06025012535384938,0.07685666564687255,-0.019170872865957915,-0.014701529750419828
0.11392405515984644,0.06025012535384938,0.061788868112091014,-0.01770509456138555,-0.015764237809763312
0.11772152366517466,0.06025012535384938,0.045467775336337155,-0.016228424483329083,-0.01673795258763782
0.12151899217050287,0.06025012535384938,0.02821226114903711,-0.014758750580941239,-0.01762127103681299
0.12531646067583108,0.06025012535384938,0.010090943969181311,-0.013313801799382269,-0.018414794463244687
0.1291139291811593,0.06025012535384938,-0.008711511928594227,-0.011910671067842559,-0.01912203048500883
0.13291139768648752,0.06025012535384938,-0.027980169437745943,-0.010564861275587801,-0.01974408149635785
0.13670886619181571,0.06025012535384938,-0.04751522786768404,-0.009290762283936408,-0.020286760121531838
0.14050633469714394,0.06025012535384938,-0.0671088137726434,-0.00810037889431977,-0.02075207071371703
0.14430380320247216,0.06025012535384938,-0.08650764445899756,-0.007005556904176794,-0.021147930467999072
0.14810127170780038,0.06025012535384938,-0.10555127391763652,-0.006016075059044309,-0.02147904961436562
0.15189874021312857,0.06025012535384938,-0.12395110115104173,-0.005138214016624823,-0.021752042518331263
0.1556962087184568,0.06025012535384938,-0.1415476892445001,-0.004378333936617086,-0.021973523545410583
0.15949367722378502,0.06025012535384938,-0.1580484008229054,-0.003740250914840344,-0.022152512284941653
0.16329114572911324,0.06025012535384938,-0.17333819912500892,-0.003224282959279535,-0.022294019619890068
0.16708861423444143,0.06025012535384938,-0.18714664685243662,-0.0028312250898970014,-0.022406263398319404
0.17088608273976966,0.06025012535384938,-0.19934861629997067,-0.002558374238820777,-0.022496459291700122
0.17468355124509788,0.06025012535384938,-0.20976650685375345,-0.002402550326201488,-0.022572624712777174
0.1784810197504261,0.06025012535384938,-0.21821868152233972,-0.002357711200325325,-0.02264117359174652
0.1822784882557543,0.06025012535384938,-0.22466074015226506,-0.002415270645598981,-0.022708118988166874
0.18607595676108252,0.06025012535384938,-0.22893930039519794,-0.002567278462399022,-0.02278027570287145
0.18987342526641074,0.06025012535384938,-0.2310139984752616,-0.002804194411177329,-0.022863255924781712
0.19367089377173893,0.06025012535384938,-0.2308404342389917,-0.0031142521964912205,-0.022960667489632887
0.19746836227706716,0.06025012535384938,-0.22837017115533612,-0.003485049506928141,-0.02307852345698369
0.20126583078239538,0.06025012535384938,-0.22365971851052227,-0.003904184031075535,-0.023218427309383116
0.2050632992877236,0.06025012535384938,-0.2167252218149009,-0.004357981425581098,-0.023384387753203638
0.2088607677930518,0.06025012535384938,-0.20764740862022538,-0.004832449339107586,-0.023578409141631496
0.21265823629838002,0.06025012535384938,-0.19650297010066153,-0.00531582147621232,-0.02380129321594118
0.21645570480370824,0.06025012535384938,-0.1834493249821286,-0.005793469469588181,-0.024053841717407192
0.22025317330903646,0.06025012535384938,-0.16859141908190603,-0.006251082959912991,-0.024333649422206043
0.22405064181436465,0.06025012535384938,-0.15214318041214048,-0.006677849675698881,-0.02464272068352397
0.22784811031969288,0.06025012535384938,-0.13423780943322516,-0.007061685313518232,-0.024975443312439508
0.2316455788250211,0.06025012535384938,-0.11516592533147248,-0.007390505569943425,-0.025332218179589906
0.23544304733034932,0.06025012535384938,-0.09507687407762633,-0.007655406221396217,-0.02570823483732819
0.23924051583567751,0.06025012535384938,-0.07428145674593747,-0.007849391092207985,-0.02609988544991913
0.24303798434100574,0.06025012535384938,-0.0529613103278512,-0.00796291994283061,-0.026503963052264747
0.24683545284633396,0.06025012535384938,-0.031427235897618276,-0.007990904645505094,-0.026915256326080824
0.25063292135166215,0.06025012535384938,-0.009921416110499065,-0.007930483128367003,-0.027328153082445888
0.2544303898569904,0.06025012535384938,0.011281675357544707,-0.007778793319551899,-0.027738644614987467
0.2582278583623186,0.06025012535384938,0.031931783096077346,-0.007534245179135097,-0.028139916122872352
0.2620253268676468,0.06025012535384938,0.05179883358260151,-0.0071981107390563445,-0.028528359770365313
0.26582279537297504,0.06025012535384938,0.07057202574286643,-0.006772934063195141,-0.02889876423918213
0.26962026387830323,0.06025012535384938,0.08807375896301449,-0.00626189523140086,-0.029245116469764087
0.27341773238363143,0.06025012535384938,0.10406588696537304,-0.005671354403372249,-0.029563006885101464
0.2772152008889597,0.06025012535384938,0.11837888189125981,-0.005007353730823115,-0.02984802590818453
0.2810126693942879,0.06025012535384938,0.13075845195265146,-0.004277525405391954,-0.030096966573915314
0.2848101378996161,0.06025012535384938,0.14114808786332053,-0.003492045682596762,-0.03030461756400959
0.2886076064049443,0.06025012535384938,0.14933789798870808,-0.0026604548019856585,-0.030470177137192866
0.2924050749102725,0.06025012535384938,0.15527944579776204,-0.0017934060310540426,-0.03058923571645541
0.29620254341560076,0.06025012535384938,0.1588677854732029,-0.0009028246692370647,-0.030662394607753107
0.30000001192092896,0.06025012535384938,,,
0.0,0.07230015042461926,,,
0.0037974685053282146,0.07230015042461926,0.06089279228762771,-0.003145734987000016,0.020375853620660127
0.007594937010656429,0.07230015042461926,0.06241854301576792,-0.006264439295280359,0.020148960839977963
0.011392405515984643,0.07230015042461926,0.06495742451841394,-0.009328446230151482,0.01977414679415142
0.015189874021312859,0.07230015042461926,0.06840449097828628,-0.012311679136848525,0.019254217577641237
0.018987342526641072,0.07230015042461926,0.07274763326262192,-0.015188061360606627,0.018594384508731628
0.022784811031969287,0.07230015042461926,0.07780925075756326,-0.017933742302555487,0.01779825542315782
0.026582279537297502,0.07230015042461926,0.08356512519758429,-0.020526461403749495,0.016873847733664772
0.030379748042625717,0.07230015042461926,0.0898497651015904,-0.022944276113227975,0.01583118320618367
0.03417721654795393,0.07230015042461926,0.09651382449883775,-0.025169695991819376,0.014675473158998732
0.037974685053282144,0.07230015042461926,0.10340392104099475,-0.0271849125923672,0.013417941969952895
0.04177215355861036,0.07230015042461926,0.11039492702284355,-0.0289749795395794,0.012071818370075331
0.045569622063938574,0.07230015042461926,0.11728905994258823,-0.030530356593907855,0.01064552064274824
0.04936709056926679,0.07230015042461926,0.12390064643119582,-0.03184150351580445,0.009149872295177308
0.053164559074595004,0.07230015042461926,0.13010455878344848,-0.03290110612161561,0.007600507282215192
0.05696202757992322,0.07230015042461926,0.1357030144975503,-0.03370630233947692,0.006005443016606845
0.060759496085251434,0.07230015042461926,0.1405184129596436,-0.03425677416140343,0.004379912582567679
0.06455696459057965,0.07230015042461926,0.14439737182139692,-0.0345547476432897,0.002735541228577873
0.06835443309590786,0.07230015042461926,0.14723090888794302,-0.03460594692886461,0.0010847559443921048
0.07215190160123608,0.07230015042461926,0.14883536897904284,-0.034417050185811836,-0.0005616197627839391
0.07594937010656429,0.07230015042461926,0.14910176989982923,-0.033998074665656915,-0.002191158903195582
0.07974683861189251,0.07230015042461926,0.14795745685372408,-0.03336253570775967,-0.0037920357930440194
0.08354430711722072,0.07230015042461926,0.14529950221224172,-0.032525220683419696,-0.005355631713628426
0.08734177562254894,0.07230015042461926,0.14103305110207184,-0.03150187098789138,-0.006872325769654859
0.09113924412787715,0.07230015042461926,0.1351863581663282,-0.030311408096278507,-0.008332897936466624
0.09493671263320537,0.07230015042461926,0.12768273223084498,-0.028973548503647185,-0.00972953123663739
0.09873418113853358,0.07230015042461926,0.11859381899780337,-0.02750920123500704,-0.011056212610608443
0.1025316496438618,0.07230015042461926,0.10785907280338829,-0.025941103861281088,-0.01230642791052451
0.10632911814919001,0.07230015042461926,0.09563288509032822,-0.024290801423448843,-0.01347636886533174
0.11012658665451823,0.07230015042461926,0.08192332861379849,-0.022581349500418253,-0.014561625898020403
0.11392405515984644,0.07230015042461926,0.06692112221481662,-0.02083604217708598,-0.015560996396678762
0.11772152366517466,0.07230015042461926,0.050610120383031955,-0.019076822004412703,-0.016471974919824016
0.12151899217050287,0.07230015042461926,0.033304151475886,-0.017325552031362854,-0.017294561467456167
0.12531646067583108,0.07230015042461926,0.015055688402018519,-0.015604015804904647,-0.01803076039276145
0.1291139291811593,0.07230015042461926,-0.003908222599263923,-0.013931373306130554,-0.018680772131058492
0.13291139768648752,0.07230015042461926,-0.0234140172916914,-0.012326546010144344,-0.019248705606379084
0.13670886619181571,0.07230015042461926,-0.043206394792843626,-0.010806467842143933,-0.01973676560722808
0.14050633469714394,0.07230015042461926,-0.0631238999992137,-0.009386085177421372,-0.020151366063801447
0.14430380320247216,0.07230015042461926,-0.08286885006371077,-0.008078992857332733,-0.02049631524715304
0.14810127170780038,0.07230015042461926,-0.10229189901559096,-0.0068960031533658855,-0.020777525999182256
0.15189874021312857,0.07230015042461926,-0.12108729125258808,-0.0058459407871028395,-0.02100141225008506
0.1556962087184568,0.07230015042461926,-0.1391157717479274,-0.0049359609382046855,-0.021175189671331914
0.15949367722378502,0.07230015042461926,-0.15602819384027528,-0.0041700387064831385,-0.021303869145888405
0.16329114572911324,0.07230015042461926,-0.17174786635546593,-0.003549605127870418,-0.021396470263092607
0.16708861423444143,0.07230015042461926,-0.18598417010718693,-0.0030751372143439297,-0.021460208694414982
0.17088608273976966,0.07230015042461926,-0.19859785006866357,-0.0027440909020241748,-0.02150149837005149
0.17468355124509788,0.07230015042461926,-0.2094193783812136,-0.002551378063152156,-0.021527955832109834
0.1784810197504261,0.07230015042461926,-0.2182348270326904,-0.0024900025220592524,-0.021544391528236985
0.1822784882557543,0.07230015042461926,-0.22502805051274327,-0.002552332087106968,-0.02155922374181515
0.18607595676108252,0.07230015042461926,-0.22961741182992693,-0.002727554486807434,-0.02157806466176579
0.18987342526641074,0.07230015042461926,-0.23196658358595235,-0.003002949401763157,-0.021606125606373122
0.19367089377173893,0.07230015042461926,-0.2320311656273551,-0.0033657965125766446,-0.021648217023284125
0.19746836227706716,0.07230015042461926,-0.22974657591273245,-0.003802103467910654,-0.021707946748234022
0.20126583078239538,0.07230015042461926,-0.22518546923866248,-0.004296605884488194,-0.021790125228869788
0.2050632992877236,0.07230015042461926,-0.2183518819827329,-0.004833403363062398,-0.02189675681837766
0.2088607677930518,0.07230015042461926,-0.20931846894152178,-0.0053965955043863995,-0.022029444999306626
0.21265823629838002,0.07230015042461926,-0.1981942123098963,-0.005970281909213334,-0.022190995866117426
0.21645570480370824,0.07230015042461926,-0.1850759851499606,-0.0065382441703113955,-0.022379004194986566
0.22025317330903646,0.07230015042461926,-0.17015349720833528,-0.007084581888433719,-0.022597478692286527
0.22405064181436465,0.07230015042461926,-0.15355591256782586,-0.007594348688288251,-0.022840807169095843
0.22784811031969288,0.07230015042461926,-0.13550119561816665,-0.008054824250477497,-0.023110993978600752
0.2316455788250211,0.07230015042461926,-0.11620731074909199,-0.008452334231649154,-0.023403228673154277
0.23544304733034932,0.07230015042461926,-0.09589222235033618,-0.008775112336360536,-0.02371670951148193
0.23924051583567751,0.07230015042461926,-0.07483847685303628,-0.009013936333048467,-0.024047026916573983
0.24303798434100574,0.07230015042461926,-0.05322367487104991,-0.009159583990149763,-0.024388969570146215
0.24683545284633396,0.07230015042461926,-0.03138687212174155,-0.009205695147965674,-0.024740132248375145
0.25063292135166215,0.07230015042461926,-0.00957428763795923,-0.009147499686722144,-0.025096105374251047
0.2544303898569904,0.07230015042461926,0.01195575041468602,-0.008981817526569798,-0.025450875888215208
0.2582278583623186,0.07230015042461926,0.032920695605057115,-0.008707376635568887,-0.025800835954532392
0.2620253268676468,0.07230015042461926,0.053098547165832066,-0.008325767053644097,-0.026139972513643892
0.26582279537297504,0.07230015042461926,0.07218254040034776,-0.007839532844674929,-0.026463475117902736
0.26962026387830323,0.07230015042461926,0.08997085642922058,-0.007252490104480627,-0.026767735931573694
0.27341773238363143,0.07230015042461926,0.10622534897477784,-0.006571317000744877,-0.02704794450700979
0.2772152008889597,0.07230015042461926,0.12078052655592496,-0.005804599749060987,-0.02729929039656406
0.2810126693942879,0.07230015042461926,0.1333780610070509,-0.004960765561029796,-0.027518967505775763
0.2848101378996161,0.07230015042461926,0.14393318839881455,-0.00405094471612411,-0.027703969304865548
0.2886076064049443,0.07230015042461926,0.15227638087253367,-0.003086744505794142,-0.027850287087460936
0.2924050749102725,0.07230015042461926,0.15830874717731025,-0.0020812032574223215,-0.027956718241650184
0.29620254341560076,0.07230015042461926,0.1619677234605354,-0.0010478363103684847,-0.028020857543609806
0.30000001192092896,0.07230015042461926,,,
0.0,0.08435017549538913,,,
0.0037974685053282146,0.08435017549538913,0.050168137037181815,-0.0036125707088880085,0.018614027169956762
0.007594937010656429,0.08435017549538913,0.05184323373606591,-0.0071939766352521585,0.018399962249666526
0.011392405515984643,0.08435017549538913,0.05461218876120926,-0.010712734988583656,0.018043989123790623
0.015189874021312859,0.08435017549538913,0.0583821654280954,-0.014137680986358644,0.017549715628064285
0.018987342526641072,0.08435017549538913,0.06312490909361061,-0.017440829925902634,0.016921952210134487
0.022784811031969287,0.08435017549538913,0.06867492827666034,-0.02059387909655621,0.016165910188285445
0.026582279537297502,0.08435017549538913,0.07500396833413085,-0.023569479811614755,0.015289206104624864
0.030379748042625717,0.08435017549538913,0.0819021376314632,-0.02634473549616279,0.014297051277436962
0.03417721654795393,0.08435017549538913,0.08925641759620254,-0.028898339615209507,0.013201070955201923
0.037974685053282144,0.08435017549538913,0.09691342588001732,-0.031210257665703855,0.012010084291939196
0.04177215355861036,0.08435017549538913,0.1046753799811116,-0.033263953232429096,0.010730505217844738
0.045569622063938574,0.08435017549538913,0.11238486117356611,-0.03504734201195762,0.009375963334584975
0.04936709056926679,0.08435017549538913,0.1198642688435233,-0.03654802169287685,0.007958484761277331
0.053164559074595004,0.08435017549538913,0.1269158204891872,-0.037760268131457934,0.006488091263853
0.05696202757992322,0.08435017549538913,0.13339824289498928,-0.038681219255836424,0.004977610702703905
0.060759496085251434,0.08435017549538913,0.13908146253843218,-0.03930801299414789,0.0034374657143984846
0.06455696459057965,0.08435017549538913,0.14381613344877206,-0.03964351141825677,0.001880083288691416
0.06835443309590786,0.08435017549538913,0.14747712792079104,-0.03969502871181661,0.0003178904153373759
0.07215190160123608,0.08435017549538913,0.14989491809580688,-0.03947131009441321,-0.0012378885278207022
0.07594937010656429,0.08435017549538913,0.15093024894704488,-0.038982054809587136,-0.002777432210170251
0.07974683861189251,0.08435017549538913,0.15049432016757625,-0.03824332226057773,-0.004290117559824208
0.08354430711722072,0.08435017549538913,0.14850034963926603,-0.03727212587457914,-0.005765521940214135
0.08734177562254894,0.08435017549538913,0.14484540973362856,-0.036086433102740324,-0.007193623585408841
0.09113924412787715,0.08435017549538913,0.1395335368282515,-0.034708663507999366,-0.008567407259256492
0.09493671263320537,0.08435017549538913,0.13250014888173214,-0.03316107764930187,-0.009879456854968006
0.09873418113853358,0.08435017549538913,0.12380680065228243,-0.03146744662352192,-0.011122757136391551
0.1025316496438618,0.08435017549538913,0.11338689190970581,-0.02965392658742059,-0.01229219700290222
0.10632911814919001,0.08435017549538913,0.1014089414182876,-0.027745719673804174,-0.013382865789193727
0.11012658665451823,0.08435017549538913,0.08785478547888326,-0.02576898203943376,-0.014392157836123964
0.11392405515984644,0.08435017549538913,0.07294339757562403,-0.02375050585704033,-0.015316465307957702
0.11772152366517466,0.08435017549538913,0.056642486687808545,-0.02171581126741509,-0.01615568798703563
0.12151899217050287,0.08435017549538913,0.039265881172878325,-0.01969041841134927,-0.01690952522037981
0.12531646067583108,0.08435017549538913,0.020888254016205317,-0.0176982573897094,-0.017577977007990245
0.1291139291811593,0.08435017549538913,0.0017215150411423318,-0.015762224777410967,-0.018163248138371793
0.13291139768648752,0.08435017549538913,-0.018043616911293105,-0.013904024619425944,-0.018667944270666568
0.13670886619181571,0.08435017549538913,-0.03815789552506221,-0.012143134904831742,-0.01909577345826911
0.14050633469714394,0.08435017549538913,-0.058437665619925895,-0.010497046072799917,-0.019450243319255333
0.14430380320247216,0.08435017549538913,-0.07858827163198406,-0.008980545494630048,-0.01973666538956877
0.14810127170780038,0.08435017549538913,-0.09845532211850823,-0.007606910003693275,-0.019960551640471575
0.15189874021312857,0.08435017549538913,-0.11771893415567536,-0.006387031373473698,-0.02012771469620384
0.1556962087184568,0.08435017549538913,-0.13622976177274154,-0.005327746775647469,-0.02024496935759877
0.15949367722378502,0.08435017549538913,-0.15364471287475465,-0.004433826329988649,-0.020319130425489586
0.16329114572911324,0.08435017549538913,-0.16986691439961055,-0.0037087681243315493,-0.020356210959434993
0.16708861423444143,0.08435017549538913,-0.1845956562170276,-0.003151777138713825,-0.02036342663090545
0.17088608273976966,0.08435017549538913,-0.1976977378666126,-0.0027603093092559783,-0.02034779267605279
0.17468355124509788,0.08435017549538913,-0.20897134046898197,-0.0025278454722667937,-0.020316123895710227
0.1784810197504261,0.08435017549538913,-0.2182348270326904,-0.002447707460062588,-0.02027523509071097
0.1822784882557543,0.08435017549538913,-0.2254357246490982,-0.002510355033095241,-0.020231540191250976
0.18607595676108252,0.08435017549538913,-0.23038835994917237,-0.002703385879952197,-0.020188647033065478
0.18987342526641074,0.08435017549538913,-0.2330604419122116,-0.003013761673251026,-0.020154172158262183
0.19367089377173893,0.08435017549538913,-0.23339949762957607,-0.0034255820137448615,-0.02013212427321356
0.19746836227706716,0.08435017549538913,-0.23134901781503844,-0.003923264510171775,-0.02012771469620384
0.20126583078239538,0.08435017549538913,-0.22695743899965073,-0.004488364699405401,-0.020142947780419248
0.2050632992877236,0.08435017549538913,-0.22024090669376364,-0.005104028158244061,-0.020180629620320526
0.2088607677930518,0.08435017549538913,-0.21128014844913065,-0.005752128431546329,-0.020244768922280148
0.21265823629838002,0.08435017549538913,-0.20015185543991748,-0.006412631016261152,-0.02033456394502362
0.21645570480370824,0.08435017549538913,-0.18700941001445576,-0.007068363481201915,-0.020452820783011673
0.22025317330903646,0.08435017549538913,-0.17196583074520025,-0.007701517379212129,-0.020596332471146325
0.22405064181436465,0.08435017549538913,-0.1552390820218853,-0.008294284263135302,-0.02076870684516281
0.22784811031969288,0.08435017549538913,-0.13698658257043014,-0.008831399749694444,-0.020965133457414152
0.2316455788250211,0.08435017549538913,-0.11746262417885815,-0.009298235471582436,-0.021185211437263103
0.23544304733034932,0.08435017549538913,-0.09687709848172826,-0.00968175310141685,-0.021425733819611686
0.23924051583567751,0.08435017549538913,-0.0755125519101776,-0.009968914311815255,-0.02168429538063641
0.24303798434100574,0.08435017549538913,-0.0535788760987651,-0.010151132887184342,-0.021957288284602052
0.24683545284633396,0.08435017549538913,-0.0313949448769169,-0.010221094643870552,-0.022241104695773378
0.25063292135166215,0.08435017549538913,-0.009215050032656375,-0.010172121414190204,-0.022530132425228926
0.2544303898569904,0.08435017549538913,0.0126782620028794,-0.0100016691342638,-0.022821966249145204
0.2582278583623186,0.08435017549538913,0.03401859030890404,-0.009708147764166649,-0.023110993978600752
0.2620253268676468,0.08435017549538913,0.05455567947498185,-0.00929187531188369,-0.02339440951913483
0.26582279537297504,0.08435017549538913,0.07398680118203738,-0.008756031857264297,-0.023666199811188726
0.26962026387830323,0.08435017549538913,0.09211013655068702,-0.00810665955202228,-0.02392195527775272
0.27341773238363143,0.08435017549538913,0.10867543017049507,-0.0073502775598488545,-0.024158468953728824
0.2772152008889597,0.08435017549538913,0.12350104505001624,-0.006495949108314731,-0.02437233343870044
0.2810126693942879,0.08435017549538913,0.13634681672278406,-0.005554168460922844,-0.024558938720339214
0.2848101378996161,0.08435017549538913,0.147107799371519,-0.004537019921100811,-0.024715679139503042
0.2886076064049443,0.08435017549538913,0.15561648332633268,-0.003458336836193406,-0.024840349907687055
0.2924050749102725,0.08435017549538913,0.16176388639235795,-0.002332270561530339,-0.024931347542342268
0.29620254341560076,0.08435017549538913,0.16549955384974888,-0.001173926476396134,-0.024986266819645195
0.30000001192092896,0.08435017549538913,,,
0.0,0.09640020056615901,,,
0.0037974685053282146,0.09640020056615901,0.03801460412069984,-0.0040542837999659525,0.016642946246610134
0.007594937010656429,0.09640020056615901,0.03983904679032782,-0.008072632697633987,0.01643970483352558
0.011392405515984643,0.09640020056615901,0.04287440273625756,-0.012020701830630873,0.016105378722061053
0.015189874021312859,0.09640020056615901,0.04701572614120957,-0.015864782352553255,0.01564117052412829
0.018987342526641072,0.09640020056615901,0.05221054409654411,-0.019570529401027898,0.015050287204825272
0.022784811031969287,0.09640020056615901,0.058325656141867986,-0.023107096201515884,0.014340345306259708
0.026582279537297502,0.09640020056615901,0.06528033472542774,-0.02644554402738792,0.013514952664166824
0.030379748042625717,0.09640020056615901,0.07290908836612882,-0.029558206183954456,0.012583730173840563
0.03417721654795393,0.09640020056615901,0.08104238920528896,-0.03242059605637532,0.011552290024202395
0.037974685053282144,0.09640020056615901,0.08953089127216428,-0.03501236113361451,0.010430653981183508
0.04177215355861036,0.09640020056615901,0.09820103033048486,-0.037314102928590866,0.009230046422626835
0.045569622063938574,0.09640020056615901,0.10684695112327941,-0.03931023905004245,0.007959286502551826
0.04936709056926679,0.09640020056615901,0.115295089414278,-0.040989639218496465,0.006628395986889673
0.053164559074595004,0.09640020056615901,0.12332344443615866,-0.04234435323432947,0.0052481983828460595
0.05696202757992322,0.09640020056615901,0.1307947793509405,-0.04337056500172221,0.003830719809538416
0.060759496085251434,0.09640020056615901,0.13747094788095085,-0.044067002488734956,0.002387585515446924
0.06455696459057965,0.09640020056615901,0.14318645854509515,-0.04443620975924719,0.0009292181371400219
0.06835443309590786,0.09640020056615901,0.14778792899504184,-0.044484546972957666,-0.0005343605594510997
0.07215190160123608,0.09640020056615901,0.15111794050487165,-0.04422282640135425,-0.001990322713934516
0.07594937010656429,0.09640020056615901,0.1530291652926346,-0.04366424537581184,-0.0034286465603790366
0.07974683861189251,0.09640020056615901,0.153406566597082,-0.04282375027162248,-0.004840312509446589
0.08354430711722072,0.09640020056615901,0.1521774896216357,-0.041720421567882436,-0.006214497053931488
0.08734177562254894,0.09640020056615901,0.1492046975283149,-0.04037715583950718,-0.007544184957681899
0.09113924412787715,0.09640020056615901,0.14450231763867638,-0.03881700866540466,-0.00882135880795287
0.09493671263320537,0.09640020056615901,0.13800980428890514,-0.03706494367239247,-0.01003719945072495
0.09873418113853358,0.09640020056615901,0.12976348487729017,-0.035149184069133796,-0.011187096873669797
0.1025316496438618,0.09640020056615901,0.11970785921200099,-0.03309715804432947,-0.012265539105525252
0.10632911814919001,0.09640020056615901,0.1080043823965445,-0.030938519842574914,-0.013267415045666408
0.11012658665451823,0.09640020056615901,0.09464195439255461,-0.02870292370846552,-0.01419031947026978
0.11392405515984644,0.09640020056615901,0.07982239407941494,-0.026419387870626827,-0.015032248026149128
0.11772152366517466,0.09640020056615901,0.06353460141875938,-0.024117407569661766,-0.015791096142458903
0.12151899217050287,0.09640020056615901,0.04608735929604489,-0.02182520601423353,-0.016466563166221172
0.12531646067583108,0.09640020056615901,0.027558367979834162,-0.01957005238905049,-0.017059851709347675
0.1291139291811593,0.09640020056615901,0.008162564576670764,-0.017377864344885044,-0.017572364819068778
0.13291139768648752,0.09640020056615901,-0.011899241128458603,-0.015272651484599956,-0.01800650771920797
0.13670886619181571,0.09640020056615901,-0.032370739158736735,-0.013276515363148368,-0.01836508650422598
0.14050633469714394,0.09640020056615901,-0.053066256145130684,-0.011409490483581334,-0.018652911621769783
0.14430380320247216,0.09640020056615901,-0.07367801829658044,-0.009688272265108065,-0.018874392648849103
0.14810127170780038,0.09640020056615901,-0.09404759779276983,-0.008127648079028145,-0.019034740903748158
0.15189874021312857,0.09640020056615901,-0.1138480480490974,-0.006739225216791785,-0.019139769010707037
0.1556962087184568,0.09640020056615901,-0.1329098412068809,-0.005531907901977232,-0.019194287417372717
0.15949367722378502,0.09640020056615901,-0.15088786698237433,-0.004511738286298294,-0.019205712230534275
0.16329114572911324,0.09640020056615901,-0.16768525231347353,-0.0036809424256495334,-0.01918125912166217
0.16708861423444143,0.09640020056615901,-0.1829770688043709,-0.003039520320030949,-0.01912633984435924
0.17088608273976966,0.09640020056615901,-0.19663617056105473,-0.002584768901570575,-0.019048170070095953
0.17468355124509788,0.09640020056615901,-0.20843046587223385,-0.002310646018554601,-0.018952361987793768
0.1784810197504261,0.09640020056615901,-0.2182065723895767,-0.0022088834633746572,-0.018846933010197638
0.1822784882557543,0.09640020056615901,-0.22585147154062846,-0.002267396932603125,-0.018735891843680044
0.18607595676108252,0.09640020056615901,-0.23124407199775895,-0.0024734661068425115,-0.018627255900985934
0.18987342526641074,0.09640020056615901,-0.2342794279436887,-0.002813734650725449,-0.018523430405938797
0.19367089377173893,0.09640020056615901,-0.23494543024565465,-0.00327007610911051,-0.018431631030009086
0.19746836227706716,0.09640020056615901,-0.23314924221914038,-0.0038230919949165175,-0.018353862126383045
0.20126583078239538,0.09640020056615901,-0.22895544590554862,-0.004454337845017107,-0.018294533272070396
0.2050632992877236,0.09640020056615901,-0.2223963323255808,-0.0051447331803160384,-0.01825805404408086
0.2088607677930518,0.09640020056615901,-0.21350015612235054,-0.005872971465822512,-0.018244023571777193
0.21265823629838002,0.09640020056615901,-0.2023960813786634,-0.006617110150575852,-0.01825645056153187
0.21645570480370824,0.09640020056615901,-0.18919712666697425,-0.007357432739509943,-0.0182937315307959
0.22025317330903646,0.09640020056615901,-0.17406878346837765,-0.008075176761513486,-0.018359073444667265
0.22405064181436465,0.09640020056615901,-0.1571644341312051,-0.008750625721520364,-0.018448868467410735
0.22784811031969288,0.09640020056615901,-0.13871011580036632,-0.009364699140434337,-0.018565521822849797
0.2316455788250211,0.09640020056615901,-0.1189237928655956,-0.009901814626993478,-0.018704623933974728
0.23544304733034932,0.09640020056615901,-0.09804361160456564,-0.010347661821875609,-0.018865773930148277
0.23924051583567751,0.09640020056615901,-0.07633193656047511,-0.010688248373743483,-0.01904496310499797
0.24303798434100574,0.09640020056615901,-0.054043059521347435,-0.010912762011109235,-0.019240988846612066
0.24683545284633396,0.09640020056615901,-0.03145549054073199,-0.011012616518379554,-0.019448238966069092
0.25063292135166215,0.09640020056615901,-0.008884067070467227,-0.010981769743840634,-0.019665911722094562
0.2544303898569904,0.09640020056615901,0.01342902823418649,-0.010815769575703349,-0.01988799405512975
0.2582278583623186,0.09640020056615901,0.03517299429897838,-0.010513502986020423,-0.020111279000076684
0.2620253268676468,0.09640020056615901,0.05612986673417413,-0.010075764994754195,-0.020330755673969768
0.26582279537297504,0.09640020056615901,0.0759525170672339,-0.009505099665784167,-0.020544219288304133
0.26962026387830323,0.09640020056615901,0.09444316279636174,-0.00880818516679402,-0.020747460701388686
0.27341773238363143,0.09640020056615901,0.11135356669991578,-0.007992653689422249,-0.02093627077153232
0.2772152008889597,0.09640020056615901,0.12649603722006925,-0.007068363481201915,-0.02110684122768119
0.2810126693942879,0.09640020056615901,0.1396162825687988,-0.006046603825598291,-0.02125736815196768
0.2848101378996161,0.09640020056615901,0.15060532055123724,-0.004941208069956151,-0.021384243708656554
0.2886076064049443,0.09640020056615901,0.1592956414974962,-0.003767599601544954,-0.021485463544561583
0.2924050749102725,0.09640020056615901,0.16558229959029616,-0.0025416788196115673,-0.021558422000540655
0.29620254341560076,0.09640020056615901,0.16939667641064668,-0.001279982139372732,-0.021603519947231014
0.30000001192092896,0.09640020056615901,,,
0.0,0.1084502256369289,,,
0.0037974685053282146,0.1084502256369289,0.02449273920199688,-0.004467376172399537,0.014485059606306104
0.007594937010656429,0.1084502256369289,0.026514964373420817,-0.008895319354666847,0.014298253889348706
0.011392405515984643,0.1084502256369289,0.029828830372899958,-0.01324535058062451,0.01398557479229555
0.015189874021312859,0.1084502256369289,0.03437379153661922,-0.017479944908049924,0.013553035374705348
0.018987342526641072,0.1084502256369289,0.04009737495593886,-0.021562849426660237,0.013004644342950582
0.022784811031969287,0.1084502256369289,0.046813907261825945,-0.025458447242142464,0.012342406050217487
0.026582279537297502,0.1084502256369289,0.054491097433579085,-0.029134301540033002,0.011575941391800005
0.030379748042625717,0.1084502256369289,0.0629069447038763,-0.03256306363362724,0.010709659944707862
0.03417721654795393,0.1084502256369289,0.07192017585714905,-0.035714840772341064,0.009750777380411515
0.037974685053282144,0.1084502256369289,0.08135319027953974,-0.03856546434931924,0.00871011720611665
0.04177215355861036,0.1084502256369289,0.09102031460201544,-0.04109712591740528,0.007594093352019229
0.045569622063938574,0.1084502256369289,0.10070358443484183,-0.043291381013472824,0.006412727584050444
0.04936709056926679,0.1084502256369289,0.11022943554174898,-0.0451358273261093,0.005177244280053228
0.053164559074595004,0.1084502256369289,0.11935568526747656,-0.04662187863972142,0.003897264335321524
0.05696202757992322,0.1084502256369289,0.12793298764128067,-0.0477438108105803,0.002582809515786523
0.060759496085251434,0.1084502256369289,0.13570705087513796,-0.04850162383868595,0.0012451041992911597
0.06455696459057965,0.1084502256369289,0.1425043107327785,-0.048898815811872665,-0.00010582984823337608
0.06835443309590786,0.1084502256369289,0.1481754212434584,-0.048941110873869334,-0.0014583673783069022
0.07215190160123608,0.1084502256369289,0.15251856352779403,-0.04863948030015628,-0.0028040901075472185
0.07594937010656429,0.1084502256369289,0.15539650074780453,-0.04800966548598791,-0.004131573222792767
0.07974683861189251,0.1084502256369289,0.1566962143310351,-0.04706915687053577,-0.005431797134705477
0.08354430711722072,0.1084502256369289,0.156302667516237,-0.04583767094886598,-0.006697345736496266
0.08734177562254894,0.1084502256369289,0.1540927507869863,-0.04434080736376599,-0.00791799682691532
0.09113924412787715,0.1084502256369289,0.15008866422001516,-0.042603529742053385,-0.009086935605129428
0.09493671263320537,0.1084502256369289,0.14418344380925027,-0.04065382278640265,-0.010198149011579878
0.09873418113853358,0.1084502256369289,0.13643965340730052,-0.038523010283330106,-0.011245223116070704
0.1025316496438618,0.1084502256369289,0.1267997746335416,-0.036241223489408565,-0.012222746164999066
0.10632911814919001,0.1084502256369289,0.1153949897595729,-0.033840819717105404,-0.013128212716882167
0.11012658665451823,0.1084502256369289,0.1022444715789358,-0.031354792294857874,-0.013956511671095096
0.11392405515984644,0.1084502256369289,0.08753792983825097,-0.0288156575391258,-0.014706239980407487
0.11772152366517466,0.1084502256369289,0.0712662826879461,-0.026255454754391633,-0.015376395468226224
0.12151899217050287,0.1084502256369289,0.053736294824684325,-0.023705269221182993,-0.015967078352210617
0.12531646067583108,0.1084502256369289,0.03504181202737903,-0.021195470702061393,-0.016477587108745483
0.1291139291811593,0.1084502256369289,0.015392725930589173,-0.0187551569276486,-0.016910226743994995
0.13291139768648752,0.1084502256369289,-0.004994008170347832,-0.016410245548717,-0.017267101828804702
0.13670886619181571,0.1084502256369289,-0.02587116214818705,-0.01418554118809171,-0.017551519545931902
0.14050633469714394,0.1084502256369289,-0.04702682617957567,-0.012103145400725875,-0.017766586642815257
0.14430380320247216,0.1084502256369289,-0.06815221737905675,-0.010181979661723262,-0.017916612478805185
0.14810127170780038,0.1084502256369289,-0.08908285335993263,-0.008438103374323207,-0.01800710902516384
0.15189874021312857,0.1084502256369289,-0.10946857836647271,-0.006884077853930736,-0.018042586076560257
0.1556962087184568,0.1084502256369289,-0.12915601005034544,-0.005530635870037482,-0.01803015908680558
0.15949367722378502,0.1084502256369289,-0.1477697652958973,-0.004384217084338427,-0.01797503937418403
0.16329114572911324,0.1084502256369289,-0.1651968255306734,-0.003447524564705537,-0.017882438256979827
0.16708861423444143,0.1084502256369289,-0.18112437149162922,-0.00272087631912375,-0.017760172712619295
0.17088608273976966,0.1084502256369289,-0.19539700264163926,-0.002200615255766287,-0.01761385493002391
0.17468355124509788,0.1084502256369289,-0.20779271821338158,-0.001881335238889213,-0.017449898839389626
0.1784810197504261,0.1084502256369289,-0.21812180846023557,-0.0017528600129745337,-0.01727391662963791
0.1822784882557543,0.1084502256369289,-0.22629143669768476,-0.0018037412905645056,-0.01709152048969024
0.18607595676108252,0.1084502256369289,-0.2321482205773976,-0.0020199867203218864,-0.016909124349742562
0.18987342526641074,0.1084502256369289,-0.23561950530279596,-0.002384105863075123,-0.016732340398716357
0.19367089377173893,0.1084502256369289,-0.23663263607730178,-0.0028776542556978512,-0.016563172989797852
0.19746836227706716,0.1084502256369289,-0.23513513999227525,-0.0034812334111088933,-0.016407234311908523
0.20126583078239538,0.1084502256369289,-0.23118352633394387,-0.004174490818272261,-0.016269334812695335
0.2050632992877236,0.1084502256369289,-0.22477779510230755,-0.0049335758783176555,-0.01615027623343279
0.2088607677930518,0.1084502256369289,-0.2159865647163568,-0.005736864048269338,-0.016053666409856105
0.21265823629838002,0.1084502256369289,-0.20489056272784503,-0.006561140745226883,-0.01598030708323979
0.21645570480370824,0.1084502256369289,-0.19166738975062986,-0.007383827402259742,-0.015933405218681817
0.22025317330903646,0.1084502256369289,-0.17641795522440304,-0.00818393549236205,-0.015910956462995948
0.22405064181436465,0.1084502256369289,-0.15936022353889895,-0.008939522464573134,-0.015915366040005673
0.22784811031969288,0.1084502256369289,-0.14065968617521216,-0.009631189831811816,-0.01594262524333851
0.2316455788250211,0.1084502256369289,-0.12060696231965505,-0.010240811138936667,-0.015995540167455198
0.23544304733034932,0.1084502256369289,-0.09939176171884825,-0.010751213954761073,-0.016069701235346012
0.23924051583567751,0.1084502256369289,-0.07732084906945488,-0.011149041943917666,-0.016163905835099208
0.24303798434100574,0.1084502256369289,-0.054620261516384605,-0.011421574787008953,-0.01627534787225405
0.24683545284633396,0.1084502256369289,-0.03162098202182656,-0.011559590252471752,-0.016402022993624303
0.25063292135166215,0.1084502256369289,-0.008597484261742477,-0.011555774156652505,-0.01653992249283749
0.2544303898569904,0.1084502256369289,0.014167685332730563,-0.011404879367799743,-0.01668583940479563
0.2582278583623186,0.1084502256369289,0.036365743876135614,-0.011106110865951127,-0.016837168070356612
0.2620253268676468,0.1084502256369289,0.0577645996571815,-0.01066010466707653,-0.016990100218466586
0.26582279537297504,0.1084502256369289,0.07802116058091607,-0.010070199855017793,-0.0171408275780717
0.26962026387830323,0.1084502256369289,0.09692149863519267,-0.009342438581488725,-0.017285742313436717
0.27341773238363143,0.1084502256369289,0.1142153584095756,-0.008485407062082635,-0.01742223876541954
0.2772152008889597,0.1084502256369289,0.1296928482695059,-0.007509917568287391,-0.017547510839559424
0.2810126693942879,0.1084502256369289,0.14312389469248624,-0.0064288494234929555,-0.017657750264802523
0.2848101378996161,0.1084502256369289,0.15436116989656654,-0.005256671991013977,-0.01775195486455572
0.2886076064049443,0.1084502256369289,0.1632593642885906,-0.004009603678082258,-0.017827318544358275
0.2924050749102725,0.1084502256369289,0.1696812410305776,-0.002705293927861821,-0.017882839127617074
0.29620254341560076,0.1084502256369289,0.17359652729061995,-0.0013626642154564363,-0.017915510084552756
0.30000001192092896,0.1084502256369289,,,
0.0,0.12050025070769876,,,
0.0037974685053282146,0.12050025070769876,0.009727669986290785,-0.0048493037623092644,0.012169630805563755
0.007594937010656429,0.12050025070769876,0.01192345939398464,-0.009655994454636926,0.01199565294899828
0.011392405515984643,0.12050025070769876,0.015576381110828274,-0.01437809502297126,0.011710233055277963
0.015189874021312859,0.12050025070769876,0.020565343809191516,-0.018974264429270415,0.011312970253765556
0.018987342526641072,0.12050025070769876,0.026837874580434618,-0.023405387691387097,0.010807472380196284
0.022784811031969287,0.12050025070769876,0.034252700208989045,-0.02763298584314389,0.010200955106040611
0.026582279537297502,0.12050025070769876,0.04269680212239997,-0.03162144199022782,0.009495021913847523
0.030379748042625717,0.12050025070769876,0.05197239781887143,-0.03533927334213008,0.00869849195763647
0.03417721654795393,0.12050025070769876,0.06197454148112395,-0.03875658714826657,0.007820585262064144
0.037974685053282144,0.12050025070769876,0.07241665030043277,-0.04184762476185737,0.006863707050954035
0.04177215355861036,0.12050025070769876,0.08318166932675539,-0.04459044363194179,0.005839883443423571
0.045569622063938574,0.12050025070769876,0.09401530677206844,-0.04696564527143867,0.004757532722854952
0.04936709056926679,0.12050025070769876,0.10471574375698832,-0.0489595553369957,0.0036250731726303787
0.053164559074595004,0.12050025070769876,0.11504079762625463,-0.0505639056210045,0.002452927429318289
0.05696202757992322,0.12050025070769876,0.12483708603153584,-0.051772017955781395,0.001250315517575379
0.060759496085251434,0.12050025070769876,0.13380995340893187,-0.052582938317371576,2.7259203332839296e-05
0.06455696459057965,0.12050025070769876,0.14180601741011115,-0.05300080080957922,-0.0012058188768408911
0.06835443309590786,0.12050025070769876,0.1486315319108654,-0.053032283600088014,-0.0024400995689263646
0.07215190160123608,0.12050025070769876,0.15410284173095548,-0.052690107008295455,-0.003664759365717895
0.07594937010656429,0.12050025070769876,0.1580383098789362,-0.051989376413486055,-0.004872983466382271
0.07974683861189251,0.12050025070769876,0.16033500872632186,-0.05094996731471841,-0.006053747928395185
0.08354430711722072,0.12050025070769876,0.16087991970065765,-0.049594299274930594,-0.007199235774330307
0.08734177562254894,0.12050025070769876,0.15950149675446748,-0.04794733592094019,-0.008303033073991675
0.09113924412787715,0.12050025070769876,0.1562562491739788,-0.046039288011316244,-0.009355919802722592
0.09493671263320537,0.12050025070769876,0.151002903743623,-0.043900207300635326,-0.010353887254150585
0.09873418113853358,0.12050025070769876,0.14381613344877206,-0.04156157657940624,-0.011289920192123815
0.1025316496438618,0.12050025070769876,0.13461722892646638,-0.0390590922439382,-0.012159609039632565
0.10632911814919001,0.12050025070769876,0.12356259980822824,-0.03642694015261196,-0.012959045307963664
0.11012658665451823,0.12050025070769876,0.11063811877250082,-0.03370010118377064,-0.013685823773293629
0.11392405515984644,0.12050025070769876,0.09605468654824,-0.03091498725168955,-0.014337438994139662
0.11772152366517466,0.12050025070769876,0.0797981758138889,-0.028106658736708034,-0.014912287487952773
0.12151899217050287,0.12050025070769876,0.06219250587085826,-0.025308426975248283,-0.015410168819414339
0.12531646067583108,0.12050025070769876,0.043309322421329274,-0.022553682805728708,-0.015831984947458164
0.1291139291811593,0.12050025070769876,0.023385762648577692,-0.01987398852065434,-0.016179138919314617
0.13291139768648752,0.12050025070769876,0.0026408000367347494,-0.017297964838669543,-0.01645283334689544
0.13670886619181571,0.12050025070769876,-0.018673291814970017,-0.014852165426516578,-0.016656876501254487
0.14050633469714394,0.12050025070769876,-0.04033249395042079,-0.012560440883065748,-0.016793673606215243
0.14430380320247216,0.12050025070769876,-0.06202701438976369,-0.010444495253289023,-0.016868235544743305
0.14810127170780038,0.12050025070769876,-0.08356411610318737,-0.008521341964380553,-0.016884069934914585
0.15189874021312857,0.12050025070769876,-0.10460676156212116,-0.006805847889636154,-0.016847189836287805
0.1556962087184568,0.12050025070769876,-0.12497230468072287,-0.00530866629655123,-0.016762405696509927
0.15949367722378502,0.12050025070769876,-0.1442742623049729,-0.0040364753528094625,-0.01663492883386518
0.16329114572911324,0.12050025070769876,-0.16240970680638556,-0.0029937271701999746,-0.016471774484505392
0.16708861423444143,0.12050025070769876,-0.17902949152362718,-0.0021805807527152353,-0.016277753096077537
0.17088608273976966,0.12050025070769876,-0.1939802341083662,-0.0015929019965510594,-0.016059278598777572
0.17468355124509788,0.12050025070769876,-0.20703387922689914,-0.0012249667579785747,-0.015821963181526972
0.1784810197504261,0.12050025070769876,-0.2179724624894917,-0.0010662807734948497,-0.015571819903884447
0.1822784882557543,0.12050025070769876,-0.22673140185474105,-0.0011044417316873286,-0.015314861825408713
0.18607595676108252,0.12050025070769876,-0.23310887844326367,-0.0013248212652488946,-0.015055097652472243
0.18987342526641074,0.12050025070769876,-0.237036273836069,-0.0017077028791134335,-0.014797738703359261
0.19367089377173893,0.12050025070769876,-0.2384530423693421,-0.0022336880861997684,-0.014548397166991231
0.19746836227706716,0.12050025070769876,-0.2373026747568554,-0.002882424375471911,-0.01431108174974063
0.20126583078239538,0.12050025070769876,-0.2336013165089597,-0.0036310151720143733,-0.01408739593415645
0.2050632992877236,0.12050025070769876,-0.22738529502394403,-0.004454019837032169,-0.013882951909160154
0.2088607677930518,0.12050025070769876,-0.2187070832104481,-0.005326633747700188,-0.013698551416026241
0.21265823629838002,0.12050025070769876,-0.20765144499781304,-0.006226914353057755,-0.0135357979373037
0.21645570480370824,0.12050025070769876,-0.19438387186713346,-0.007129421014309882,-0.013397497567453266
0.22025317330903646,0.12050025070769876,-0.17903756427880252,-0.008009031100646522,-0.013284452047749432
0.22405064181436465,0.12050025070769876,-0.16178608646909015,-0.008843802061107,-0.013195057895643209
0.22784811031969288,0.12050025070769876,-0.14286758471566902,-0.009613063376670387,-0.01313212120559533
0.2316455788250211,0.12050025070769876,-0.12250405978586112,-0.010296144528315761,-0.013092034141870566
0.23544304733034932,0.12050025070769876,-0.1009417307125145,-0.010874283044931817,-0.013074796704468919
0.23924051583567751,0.12050025070769876,-0.07848332581470457,-0.01133380458316625,-0.013078805410841395
0.24303798434100574,0.12050025070769876,-0.055350845859753334,-0.011661034799666759,-0.013102055907801757
0.24683545284633396,0.12050025070769876,-0.031899492075375964,-0.011844525406975595,-0.013142543842163769
0.25063292135166215,0.12050025070769876,-0.00839162900477118,-0.011876803217446734,-0.0131966613781922
0.2544303898569904,0.12050025070769876,0.014851851333841055,-0.011753098111306114,-0.013263406339293932
0.2582278583623186,0.12050025070769876,0.03754234794294215,-0.011471025028666707,-0.013338369148459239
0.2620253268676468,0.12050025070769876,0.05942153265692107,-0.011031696997475793,-0.013419144581864639
0.26582279537297504,0.12050025070769876,0.0801483315696195,-0.010438294097582745,-0.013503126980368018
0.26962026387830323,0.12050025070769876,0.09948459840336472,-0.009697017484693841,-0.013587510249508645
0.27341773238363143,0.12050025070769876,0.11719016869169026,-0.008818202418319545,-0.013668686553551293
0.2772152008889597,0.12050025070769876,0.13304102347848026,-0.007812343161962787,-0.013745252845265591
0.2810126693942879,0.12050025070769876,0.14679296191968055,-0.006692796050990935,-0.013814403030190808
0.2848101378996161,0.12050025070769876,0.15830672898851642,-0.0054759384966282625,-0.013873531449184835
0.2886076064049443,0.12050025070769876,0.16742288777027484,-0.004179260938046321,-0.013921235055017304
0.2924050749102725,0.12050025070769876,0.17401025599335637,-0.0028204128184091326,-0.013956511671095096
0.29620254341560076,0.12050025070769876,0.17801030618273986,-0.0014203826647225606,-0.013978158685506469
0.30000001192092896,0.12050025070769876,,,
0.0,0.13255027577846865,,,
0.0037974685053282146,0.13255027577846865,-0.006211985107428016,-0.005198158521785509,0.009723117306441428
0.007594937010656429,0.13255027577846865,-0.003790158554824501,-0.01035084190172498,0.009567178628552097
0.011392405515984643,0.13255027577846865,0.00019778250179595372,-0.01541225698998744,0.009306612714341134
0.015189874021312859,0.13255027577846865,0.005667074133092225,-0.020338836692636475,0.008946230011455508
0.018987342526641072,0.13255027577846865,0.012561207052836898,-0.02508669590775073,0.008489237484993202
0.022784811031969287,0.13255027577846865,0.020690471514409364,-0.02961671965318292,0.007938842100052197
0.026582279537297502,0.13255027577846865,0.02999028547640686,-0.033890746970740564,0.007301056916191207
0.030379748042625717,0.13255027577846865,0.04021846628356904,-0.037871570926185996,0.006580692381057204
0.03417721654795393,0.13255027577846865,0.05123374072032736,-0.041530570800874855,0.0057833606835716546
0.037974685053282144,0.13255027577846865,0.06280603526418449,-0.044838489860192905,0.004918682719028502
0.04177215355861036,0.13255027577846865,0.07475371292369516,-0.04777084148929998,0.003993874158898204
0.045569622063938574,0.13255027577846865,0.08682248191083601,-0.0503091812250697,0.0030157498040139707
0.04936709056926679,0.13255027577846865,0.09880245059104806,-0.05243824468422509,0.0019939305496697447
0.053164559074595004,0.13255027577846865,0.11041914528836959,-0.05414626557132346,0.0009352311966987364
0.05696202757992322,0.13255027577846865,0.12153532916481972,-0.055428473766590755,-0.00014711952386988267
0.060759496085251434,0.13255027577846865,0.13181194650303396,-0.0562842332540571,-0.0012483111643891408
0.06455696459057965,0.13255027577846865,0.1410956149546808,-0.05671608809760198,-0.002356718476378856
0.06835443309590786,0.13255027577846865,0.14918451564037652,-0.05673294252080366,-0.0034643240470940764
0.07215190160123608,0.13255027577846865,0.15585261141521153,-0.05634751684305962,-0.004562709593152601
0.07594937010656429,0.13255027577846865,0.16095661087482344,-0.05557618847559414,-0.005641853348623238
0.07974683861189251,0.13255027577846865,0.16432900434932382,-0.054439150925450736,-0.006695140947991405
0.08354430711722072,0.13255027577846865,0.16587695515419626,-0.05296248084739427,-0.007713953672556273
0.08734177562254894,0.13255027577846865,0.1654228626755831,-0.05117257290417454,-0.008691677156803258
0.09113924412787715,0.13255027577846865,0.16297681785745355,-0.04909947885036812,-0.009622899647129519
0.09493671263320537,0.13255027577846865,0.15844598401529114,-0.04677770255234071,-0.010498401118878358
0.09873418113853358,0.13255027577846865,0.1518606339810034,-0.04424190688045049,-0.011316177218863537
0.1025316496438618,0.13255027577846865,0.14314205839163074,-0.041527867733002884,-0.012071417499438084
0.10632911814919001,0.13255027577846865,0.13246180329464924,-0.0386737460681904,-0.012759111077636404
0.11012658665451823,0.13255027577846865,0.11978858676375444,-0.035717702844205494,-0.013377454035590885
0.11392405515984644,0.13255027577846865,0.10534440956626831,-0.032697819517244424,-0.013924041149478037
0.11772152366517466,0.13255027577846865,0.08910505343666482,-0.029651621029529795,-0.014398371331001303
0.12151899217050287,0.13255027577846865,0.07141461956429307,-0.026616075809310562,-0.014798841097611691
0.12531646067583108,0.13255027577846865,0.05232860814098353,-0.023627039256888412,-0.015127053931858194
0.1291139291811593,0.13255027577846865,0.032118465559507196,-0.02071758420269683,-0.015382909616081498
0.13291139768648752,0.13255027577846865,0.010976928849675431,-0.017919113935248372,-0.015569615115379585
0.13670886619181571,0.13255027577846865,-0.010798319141420923,-0.015260328675183633,-0.015688172606345575
0.14050633469714394,0.13255027577846865,-0.033011514100779744,-0.012767225575271242,-0.015743292318967123
0.14430380320247216,0.13255027577846865,-0.05531048208387661,-0.010462621708430452,-0.01573747969472703
0.14810127170780038,0.13255027577846865,-0.07751459519366317,-0.008365438549765028,-0.015675745616590898
0.15189874021312857,0.13255027577846865,-0.09926259763604273,-0.006491576498521843,-0.01556199857327188
0.1556962087184568,0.13255027577846865,-0.12035872509801318,-0.004852801850143575,-0.015401249447735578
0.15949367722378502,0.13255027577846865,-0.14041952170874564,-0.0034569058002611877,-0.015199611517200017
0.16329114572911324,0.13255027577846865,-0.15931178700784687,-0.0023081019546751023,-0.014961293923356296
0.16708861423444143,0.13255027577846865,-0.1766883925227771,-0.001407026329355193,-0.014692510161081756
0.17088608273976966,0.13255027577846865,-0.19237375582847255,-0.0007501808364671489,-0.014398671983979238
0.17468355124509788,0.13255027577846865,-0.20614587615761118,-0.00033025129235741166,-0.014085992886926081
0.1784810197504261,0.13255027577846865,-0.21775449809975736,-0.00013785646147033024,-0.01375828114097614
0.1822784882557543,0.13255027577846865,-0.22714311236868368,-0.00015900399246866233,-0.013422752417599867
0.18607595676108252,0.13255027577846865,-0.23409375457465575,-0.00037683946215072976,-0.013083214987851118
0.18987342526641074,0.13255027577846865,-0.23853376992109554,-0.0007730774113826363,-0.012744880170014114
0.19367089377173893,0.13255027577846865,-0.24039453998901256,-0.0013267293131585187,-0.012411756670461327
0.19746836227706716,0.13255027577846865,-0.23960744635941642,-0.002013944568608077,-0.012088254066202484
0.20126583078239538,0.13255027577846865,-0.23621285280818383,-0.00281119058684595,-0.011777980192972813
0.2050632992877236,0.13255027577846865,-0.2301946138249641,-0.003692708721092214,-0.011482939403958553
0.2088607677930518,0.13255027577846865,-0.2216455660942737,-0.0046314682926271965,-0.01120714040553218
0.21265823629838002,0.13255027577846865,-0.21065854630062908,-0.005602664678625786,-0.010953790162791672
0.21645570480370824,0.13255027577846865,-0.19735464577166043,-0.006580221224323122,-0.010721285193188042
0.22025317330903646,0.13255027577846865,-0.18189531961087466,-0.007537107250999532,-0.010512832461819272
0.22405064181436465,0.13255027577846865,-0.16447835032006772,-0.008449790167769654,-0.010328832839322608
0.22784811031969288,0.13255027577846865,-0.14530555677862322,-0.009296327423672812,-0.010168484584423553
0.2316455788250211,0.13255027577846865,-0.12463123077456455,-0.01005382244379352,-0.010032589438396603
0.23544304733034932,0.13255027577846865,-0.10270562771832739,-0.010704148772990349,-0.009920345659967265
0.23924051583567751,0.13255027577846865,-0.07983954868416254,-0.011230292984069152,-0.00983135237849829
0.24303798434100574,0.13255027577846865,-0.05625499443939198,-0.011617467705730345,-0.009762603064210321
0.24683545284633396,0.13255027577846865,-0.03231523896690623,-0.01185470166249359,-0.00971269466987299
0.25063292135166215,0.13255027577846865,-0.008312919641811564,-0.011933567642758046,-0.009680825454211802
0.2544303898569904,0.13255027577846865,0.015453271594404261,-0.011848500506787311,-0.00966338758149153
0.2582278583623186,0.13255027577846865,0.03866042453472744,-0.01159679718670942,-0.009659378875119053
0.2620253268676468,0.13255027577846865,0.061046174635959266,-0.011179093698494243,-0.009666193675952263
0.26582279537297504,0.13255027577846865,0.08227146618073523,-0.0105993651419535,-0.009680424583574555
0.26962026387830323,0.13255027577846865,0.10207998919223815,-0.009864130680778406,-0.009700868986074184
0.27341773238363143,0.13255027577846865,0.12021139731606313,-0.008983089558509547,-0.009725522530264914
0.2772152008889597,0.13255027577846865,0.13646387167282656,-0.007967849066597138,-0.009750977815730139
0.2810126693942879,0.13255027577846865,0.1505629385865667,-0.006832719564363358,-0.009775831795239493
0.2848101378996161,0.13255027577846865,0.16236732484171498,-0.005594714479002353,-0.009799082292199855
0.2886076064049443,0.13255027577846865,0.1717115389571769,-0.0042723577756367224,-0.00981872495342499
0.2924050749102725,0.13255027577846865,0.17847650779411603,-0.0028849684393514093,-0.00983345694934384
0.29620254341560076,0.13255027577846865,0.1825714128568098,-0.0014532169891673394,-0.009843178062297096
0.30000001192092896,0.13255027577846865,,,
0.0,0.14460030084923853,,,
0.0037974685053282146,0.14460030084923853,-0.02319302561876633,-0.005512032402918649,0.007177187889281687
0.007594937010656429,0.14460030084923853,-0.02055727105401617,-0.010976045600111761,0.007036482295607767
0.011392405515984643,0.14460030084923853,-0.016185874126566826,-0.01634274835391405,0.006805580808553128
0.015189874021312859,0.14460030084923853,-0.010203962541636143,-0.021565075482554798,0.006484483428117771
0.018987342526641072,0.14460030084923853,-0.0026559364526885215,-0.026598187860157836,0.006077198860674172
0.022784811031969287,0.14460030084923853,0.006248312505717069,-0.03139947241674156,0.005586533200683065
0.026582279537297502,0.14460030084923853,0.01645227504735321,-0.03592758811426413,0.005018098637065916
0.030379748042625717,0.14460030084923853,0.02768955025143352,-0.04014596403445774,0.004377106488106945
0.03417721654795393,0.14460030084923853,0.03981482852480179,-0.044019937306964234,0.003668768072090371
0.037974685053282144,0.14460030084923853,0.05258996358978533,-0.047520251197169364,0.002901100801761147
0.04177215355861036,0.14460030084923853,0.06578891830147449,-0.05062210108224803,0.002077712512854501
0.045569622063938574,0.14460030084923853,0.07918969189254726,-0.05330354441123955,0.0012098275832133675
0.04936709056926679,0.14460030084923853,0.09251781068704194,-0.055549634808851875,0.0003030582017592133
0.053164559074595004,0.14460030084923853,0.10555934667281187,-0.05734765195568751,-0.0006317721243022755
0.05696202757992322,0.14460030084923853,0.11804386255148298,-0.05869282573197239,-0.0015914564298731178
0.060759496085251434,0.14460030084923853,0.12974128480055797,-0.059583884105766774,-0.002563166854561389
0.06455696459057965,0.14460030084923853,0.14039328525442576,-0.060022735124980284,-0.0035412912094456225
0.06835443309590786,0.14460030084923853,0.14983033605440413,-0.06002050906908572,-0.00451540685795738
0.07215190160123608,0.14460030084923853,0.15779612722367586,-0.05958929024151071,-0.005479500740537946
0.07594937010656429,0.14460030084923853,0.16413525822511554,-0.05874641007743433,-0.0064243528325306255
0.07974683861189251,0.14460030084923853,0.16867012844486565,-0.05751492415576454,-0.007343348768420833
0.08354430711722072,0.14460030084923853,0.17128771931047126,-0.055920591123281266,-0.008229473312056734
0.08734177562254894,0.14460030084923853,0.17181244839686868,-0.0539923497066138,-0.009075711227286495
0.09113924412787715,0.14460030084923853,0.17025844302561477,-0.051762477716233275,-0.009875047277958283
0.09493671263320537,0.14460030084923853,0.1664703026595841,-0.04926706905843009,-0.010625877981523106
0.09873418113853358,0.14460030084923853,0.16053480941691167,-0.04654269465147203,-0.011319785054598765
0.1025316496438618,0.14460030084923853,0.15234701748031795,-0.04362799246552898,-0.011953160661450031
0.10632911814919001,0.14460030084923853,0.1420593001037376,-0.04056319051069551,-0.01252420088420929
0.11012658665451823,0.14460030084923853,0.12966156634320145,-0.03738907331103984,-0.013028897016504065
0.11392405515984644,0.14460030084923853,0.1153616896444746,-0.03414650489262641,-0.013466146664081923
0.11772152366517466,0.14460030084923853,0.09915563362996942,-0.030874679739598745,-0.013834145909075253
0.12151899217050287,0.14460030084923853,0.08136429031790583,-0.027613587356062713,-0.01413309518680268
0.12531646067583108,0.14460030084923853,0.06207646001521268,-0.024400991190229628,-0.014362894279604887
0.1291139291811593,0.14460030084923853,0.041547443604310216,-0.021272269630423758,-0.014524645581734308
0.13291139768648752,0.14460030084923853,0.019999241852520444,-0.0182612110250447,-0.014619551705102686
0.13670886619181571,0.14460030084923853,-0.002284589714622649,-0.015398582646635135,-0.014650619179489378
0.14050633469714394,0.14460030084923853,-0.02507700485781248,-0.012711971687888382,-0.014620153011058557
0.14430380320247216,0.14460030084923853,-0.04803087510450921,-0.010225546755659676,-0.014531660817886143
0.14810127170780038,0.14460030084923853,-0.07094135429213846,-0.00795997836896994,-0.014388850653366671
0.15189874021312857,0.14460030084923853,-0.0934451684378097,-0.005931961947028386,-0.014196031876850559
0.1556962087184568,0.14460030084923853,-0.1153334350013609,-0.004154774323206147,-0.013957914718325462
0.15949367722378502,0.14460030084923853,-0.13619545256324633,-0.002636604203115359,-0.01367850788416386
0.16329114572911324,0.14460030084923853,-0.1559071025126451,-0.0013822217065300817,-0.013363824433924464
0.16708861423444143,0.14460030084923853,-0.17409501992269752,-0.00039273986139759596,-0.013018474379935625
0.17088608273976966,0.14460030084923853,-0.19057756780195825,0.00033518041612394024,-0.012647869475800185
0.17468355124509788,0.14460030084923853,-0.2051065089287855,0.0008093303216654914,-0.012256820169165116
0.1784810197504261,0.14460030084923853,-0.21745782434706346,0.0010398861107450516,-0.011851740390226378
0.1822784882557543,0.14460030084923853,-0.22751445910674953,0.0010405221267149264,-0.011435436233444708
0.18607595676108252,0.14460030084923853,-0.23509073983881087,0.0008295238287090114,-0.011014722499653313
0.18987342526641074,0.14460030084923853,-0.24008373891476179,0.0004261306998160151,-0.010592605718631552
0.19367089377173893,0.14460030084923853,-0.24243291067078718,-0.00014819172098079331,-0.010174497643982266
0.19746836227706716,0.14460030084923853,-0.24204541842237062,-0.0008684798068638337,-0.00976360524080344
0.20126583078239538,0.14460030084923853,-0.2389777714557395,-0.0017083388950833083,-0.009364338086104793
0.2050632992877236,0.14460030084923853,-0.23319767875019246,-0.0026420103388592932,-0.008978700533072566
0.2088607677930518,0.14460030084923853,-0.22481008612300896,-0.003642463459472117,-0.008610701288079236
0.21265823629838002,0.14460030084923853,-0.21387553923800406,-0.00467980550633767,-0.008261142092399297
0.21645570480370824,0.14460030084923853,-0.20056760233144777,-0.005727641816706154,-0.00793322991113073
0.22025317330903646,0.14460030084923853,-0.18499929397579484,-0.00675989573581271,-0.007627365614910783
0.22405064181436465,0.14460030084923853,-0.16740876044871797,-0.007749536584937666,-0.0073459544275629425
0.22784811031969288,0.14460030084923853,-0.14798974787442545,-0.008672395757225781,-0.007088996349087207
0.2316455788250211,0.14460030084923853,-0.12699654804094065,-0.009506371697723915,-0.006855689638209083
0.23544304733034932,0.14460030084923853,-0.1047036346242253,-0.010231588907373485,-0.006647036471521687
0.23924051583567751,0.14460030084923853,-0.08139960862179797,-0.010828648899093312,-0.006461232931157408
0.24303798434100574,0.14460030084923853,-0.057348852765651236,-0.011282605297591342,-0.006298479452434867
0.24683545284633396,0.14460030084923853,-0.032912622849881765,-0.01158232782339477,-0.006157773858760947
0.25063292135166215,0.14460030084923853,-0.008379519872008162,-0.01171795822897054,-0.006036911361630785
0.2544303898569904,0.14460030084923853,0.015919473205780438,-0.011683295358612372,-0.005935290655088509
0.2582278583623186,0.14460030084923853,0.039669518931645574,-0.011475954152433236,-0.005850105644673386
0.2620253268676468,0.14460030084923853,0.06259614362962551,-0.011096093614425602,-0.0057801537184736735
0.26582279537297504,0.14460030084923853,0.08433203693924206,-0.010547370836416247,-0.005724432699896252
0.26962026387830323,0.14460030084923853,0.10463299801644102,-0.009837259006051202,-0.005679936059161764
0.27341773238363143,0.14460030084923853,0.12322455318526068,-0.008974662346908708,-0.005645461184358468
0.2772152008889597,0.14460030084923853,0.13989277443355436,-0.007971983170401323,-0.005619204157618747
0.2810126693942879,0.14460030084923853,0.1543490607638035,-0.0068447243657947425,-0.005600363237668109
0.2848101378996161,0.14460030084923853,0.1664642480932026,-0.005610296870264282,-0.0055862325477051295
0.2886076064049443,0.14460030084923853,0.17604963576952792,-0.0042873836529250114,-0.0055771127407077455
0.2924050749102725,0.14460030084923853,0.1829932143147216,-0.0028964962288053875,-0.005570799028171095
0.29620254341560076,0.14460030084923853,0.18720012885547327,-0.0014596566508623204,-0.005567191192435867
0.30000001192092896,0.14460030084923853,,,
0.0,0.1566503259200084,,,
0.0037974685053282146,0.1566503259200084,-0.04112261486320768,-0.005789653373768933,0.004561907851878106
0.007594937010656429,0.1566503259200084,-0.038232568510434155,-0.01152778945397802,0.004440644484110696
0.011392405515984643,0.1566503259200084,-0.03347771571215592,-0.017163367959044818,0.004238004376982015
0.015189874021312859,0.1566503259200084,-0.026942820397714104,-0.022647256655296516,0.003958196672183165
0.018987342526641072,0.1566503259200084,-0.018712646496449825,-0.027932231356969914,0.003602223546307263
0.022784811031969287,0.1566503259200084,-0.008976903754983695,-0.032972021902256635,0.003174494576364035
0.026582279537297502,0.1566503259200084,0.002183680274930836,-0.03772369721319014,0.002679018468725956
0.030379748042625717,0.1566503259200084,0.014482522784569019,-0.04214877832359301,0.002119803929765503
0.03417721654795393,0.1566503259200084,0.027798532446300678,-0.04621133033116734,0.0015036657603158853
0.037974685053282144,0.1566503259200084,0.041812835430699684,-0.04987987044540431,0.0008334100548378367
0.04177215355861036,0.1566503259200084,0.056376085767022154,-0.05312800400355415,0.000120261191174291
0.045569622063938574,0.1566503259200084,0.07116537324825428,-0.05593283443070135,-0.0006341773481257613
0.04936709056926679,0.1566503259200084,0.08595062435189875,-0.058277825311629186,-0.0014194829264938815
0.053164559074595004,0.1566503259200084,0.10044929264681846,-0.06015216437484978,-0.0022316468375575935
0.05696202757992322,0.1566503259200084,0.11443130461051608,-0.06154726540476982,-0.0030602464447484585
0.060759496085251434,0.1566503259200084,0.1276060410566792,-0.06246249238541944,-0.003898466947233267
0.06455696459057965,0.1566503259200084,0.13973131933004745,-0.0629026154365727,-0.004739092673541561
0.06835443309590786,0.1566503259200084,0.15057706590812353,-0.06287590276583796,-0.005576511434751874
0.07215190160123608,0.1566503259200084,0.15993338915634844,-0.062396187720560006,-0.006400300594295767
0.07594937010656429,0.1566503259200084,0.16757425192981254,-0.061482550779835075,-0.007205850139844893
0.07974683861189251,0.1566503259200084,0.1733422355025966,-0.060158683538540994,-0.007985543529291548
0.08354430711722072,0.1566503259200084,0.1771001030367197,-0.05845066265144262,-0.008733367703077014
0.08734177562254894,0.1566503259200084,0.17867429029591197,-0.05638949389707135,-0.009442507860368082
0.09113924412787715,0.1566503259200084,0.1780284698818844,-0.05401143018571004,-0.01010955660074815
0.09493671263320537,0.1566503259200084,0.17506778692132657,-0.05135145239570178,-0.010727298252746757
0.09873418113853358,0.1566503259200084,0.16981847786855847,-0.04844788048923154,-0.011292325415947302
0.1025316496438618,0.1566503259200084,0.1621796332838882,-0.045343804548258315,-0.011801631560570425
0.10632911814919001,0.1566503259200084,0.15232481740358575,-0.04208064511282019,-0.012250807109606401
0.11012658665451823,0.1566503259200084,0.14021366645177433,-0.038700856248906304,-0.0126387496688028
0.11392405515984644,0.1566503259200084,0.12607625395095132,-0.03524752803847566,-0.012962452708380269
0.11772152366517466,0.1566503259200084,0.10990147986275059,-0.031763114547517395,-0.013221415140042242
0.12151899217050287,0.1566503259200084,0.09201023620539213,-0.028288718308084656,-0.013415436528470097
0.12531646067583108,0.1566503259200084,0.07250948698494923,-0.024864567330272012,-0.013543715132389342
0.1291139291811593,0.1566503259200084,0.05164948761185763,-0.021528266058298304,-0.013608255304986211
0.13291139768648752,0.1566503259200084,0.029664347986202304,-0.018315272382484045,-0.013609758569875889
0.13670886619181571,0.1566503259200084,0.006848723671883356,-0.015258579631266478,-0.01355042971556324
0.14050633469714394,0.1566503259200084,-0.016558229959029617,-0.012386888025286202,-0.013432673965871746
0.14430380320247216,0.1566503259200084,-0.040204338962012184,-0.009725995962321255,-0.01325959806824008
0.14810127170780038,0.1566503259200084,-0.06386457528655161,-0.0072984422583040704,-0.013034258661277252
0.15189874021312857,0.1566503259200084,-0.08717162857216969,-0.005121558348413731,-0.012761315866141267
0.1556962087184568,0.1566503259200084,-0.10989239801317832,-0.0032090185760025435,-0.012443625886122514
0.15949367722378502,0.1566503259200084,-0.13161618219003185,-0.0015711184495828525,-0.012086650583653494
0.16329114572911324,0.1566503259200084,-0.1521936351319864,-0.00021290634591553887,-0.011694599100425305
0.16708861423444143,0.1566503259200084,-0.17124735553459455,0.0008656177349993978,-0.011272682754722168
0.17088608273976966,0.1566503259200084,-0.1885755245184727,0.0016668388530489873,-0.010824308946960686
0.17468355124509788,0.1566503259200084,-0.20392586848439131,0.0021975941799093823,-0.010355691172018198
0.1784810197504261,0.1566503259200084,-0.21704813202191467,0.002469809015015732,-0.009870437265629934
0.1822784882557543,0.1566503259200084,-0.227841405691351,0.0024971577017203423,-0.009374560287354608
0.18607595676108252,0.1566503259200084,-0.23607359778140913,0.0022979256991571082,-0.0088712672022902
0.18987342526641074,0.1566503259200084,-0.24167407168430474,0.0018926245223544879,-0.008366370634676802
0.19367089377173893,0.1566503259200084,-0.2445439361491399,0.0013036737342505625,-0.00786287711429377
0.19746836227706716,0.1566503259200084,-0.24460044543536733,0.0005569909856177242,-0.007365196218150829
0.20126583078239538,0.1566503259200084,-0.24187992694127605,-0.00031991603284694864,-0.006876134040708712
0.2050632992877236,0.1566503259200084,-0.2363783442892784,-0.0013003346504087206,-0.00639989972365852
0.2088607677930518,0.1566503259200084,-0.22816027952077714,-0.002355485144430764,-0.00593849762018649
0.21265823629838002,0.1566503259200084,-0.2173104965651134,-0.0034551567563440326,-0.005495134695390604
0.21645570480370824,0.1566503259200084,-0.20400255965855707,-0.0045707287675041675,-0.005072216173094347
0.22025317330903646,0.1566503259200084,-0.18834948737356302,-0.005674216475236684,-0.004670543794572215
0.22405064181436465,0.1566503259200084,-0.17058538961021624,-0.006739066212799316,-0.004290919301098703
0.22784811031969288,0.1566503259200084,-0.15091208524790037,-0.007739042321434734,-0.003935146610541425
0.2316455788250211,0.1566503259200084,-0.1296101025289586,-0.008650612210257575,-0.003604628770130749
0.23544304733034932,0.1566503259200084,-0.10693171505262053,-0.009452628348269508,-0.0032983636032735547
0.23924051583567751,0.1566503259200084,-0.08319176027072457,-0.010125533244396887,-0.0030171528512443375
0.24303798434100574,0.1566503259200084,-0.05866471185923248,-0.010653585503385314,-0.00276059564340585
0.24683545284633396,0.1566503259200084,-0.03370980742344709,-0.011024064805837298,-0.002527689803164973
0.25063292135166215,0.1566503259200084,-0.008639866226413039,-0.011226635892242372,-0.002318435330521707
0.2544303898569904,0.1566503259200084,0.016220183336062042,-0.011254779598909326,-0.002130827872289813
0.2582278583623186,0.1566503259200084,0.04052523098023215,-0.01110579285796619,-0.001965067863787915
0.2620253268676468,0.1566503259200084,0.06400282121892939,-0.010779675669412963,-0.0018193513871483991
0.26582279537297504,0.1566503259200084,0.08627958912529406,-0.010280085125076426,-0.0016918745245036507
0.26962026387830323,0.1566503259200084,0.10708509740095208,-0.009613778894636497,-0.0015826372758536696
0.27341773238363143,0.1566503259200084,0.12615496331391093,-0.00879037671963753,-0.0014891341997156583
0.2772152008889597,0.1566503259200084,0.14324700420891023,-0.007823314437443125,-0.0014110646431116812
0.2810126693942879,0.1566503259200084,0.1580877555043852,-0.00672737941935287,-0.0013468251234927473
0.2848101378996161,0.1566503259200084,0.1705107166248443,-0.005520618618511957,-0.0012961149878809213
0.2886076064049443,0.1566503259200084,0.18035947793876528,-0.0042226690279902656,-0.0012570301007492767
0.2924050749102725,0.1566503259200084,0.18748267528661036,-0.0028544396727974266,-0.0012299713327350614
0.29620254341560076,0.1566503259200084,0.1918026083998169,-0.0014391451358338628,-0.001213936507245156
0.30000001192092896,0.1566503259200084,,,
0.0,0.16870035099077826,,,
0.0037974685053282146,0.16870035099077826,-0.05985544324759587,-0.006028636374449333,0.001912152939671227
0.007594937010656429,0.16870035099077826,-0.056727250617149665,-0.012003529399444258,0.0018079265739868414
0.011392405515984643,0.16870035099077826,-0.05154655998337198,-0.017871730745492708,0.001636353941244853
0.015189874021312859,0.16870035099077826,-0.044448589995449844,-0.023581087103064967,0.0013974350414452615
0.018987342526641072,0.16870035099077826,-0.03549186812840451,-0.02908214823050328,0.0010949781456419197
0.022784811031969287,0.16870035099077826,-0.024884267828001117,-0.03432657691409717,0.0007315889129769369
0.026582279537297502,0.16870035099077826,-0.012726698533931472,-0.039270647055917755,0.00031067474386691846
0.030379748042625717,0.16870035099077826,0.0007023297002550194,-0.043872381601953316,-0.00016375565531565959
0.03417721654795393,0.16870035099077826,0.015237325393463782,-0.048095368637928515,-0.0006866914016052017
0.037974685053282144,0.16870035099077826,0.030603814869733084,-0.05190621732542495,-0.0012523198707616171
0.04177215355861036,0.16870035099077826,0.04654750634103956,-0.05527678395777565,-0.0018576345330055485
0.045569622063938574,0.16870035099077826,0.06283025352971053,-0.05818433096405761,-0.0024934153636803004
0.04936709056926679,0.16870035099077826,0.07911300071838148,-0.060611049897114334,-0.0031560545270506437
0.053164559074595004,0.16870035099077826,0.09517374713973047,-0.0625448564535182,-0.0038371337397343783
0.05696202757992322,0.16870035099077826,0.11072187360744504,-0.06397716441767591,-0.0045314416834472855
0.060759496085251434,0.16870035099077826,0.1254465790472744,-0.0649073377736176,-0.005233366169267897
0.06455696459057965,0.16870035099077826,0.13910164442637055,-0.06534046464910223,-0.005934488913814014
0.06835443309590786,0.16870035099077826,0.15146103259982382,-0.0652848132517382,-0.006628395986889673
0.07215190160123608,0.16870035099077826,0.16225430626926016,-0.06475437593286273,-0.007309876070210655
0.07594937010656429,0.16870035099077826,0.17127359198891443,-0.06377014121948171,-0.007971713492306503
0.07974683861189251,0.16870035099077826,0.1783352345785475,-0.062355800706472966,-0.00860829606425575
0.08354430711722072,0.16870035099077826,0.18330199720017853,-0.06053902108852603,-0.009213811161818306
0.08734177562254894,0.16870035099077826,0.1859599518416609,-0.05835255718808945,-0.009783849207984445
0.09113924412787715,0.16870035099077826,0.1862949711814377,-0.055832343907461154,-0.01031219670787683
0.09493671263320537,0.16870035099077826,0.184196054835848,-0.05301606519285621,-0.010794444084485736
0.09873418113853358,0.16870035099077826,0.17966320280489176,-0.04994649311824868,-0.011227785243350432
0.1025316496438618,0.16870035099077826,0.17261770572560936,-0.046664650713695494,-0.011609213654691558
0.10632911814919001,0.16870035099077826,0.16320689137995087,-0.04321474108910293,-0.011934319741499392
0.11012658665451823,0.16870035099077826,0.15141259606877175,-0.03964271639829443,-0.012201700456543566
0.11392405515984644,0.16870035099077826,0.13744269323783714,-0.03599214373520641,-0.012409952752593713
0.11772152366517466,0.16870035099077826,0.12130121926473472,-0.03230818023369997,-0.012557673582419467
0.12151899217050287,0.16870035099077826,0.1033181480172567,-0.028633756971741652,-0.012644061204746333
0.12531646067583108,0.16870035099077826,0.08358429799112573,-0.025010771501346944,-0.012670318231486052
0.1291139291811593,0.16870035099077826,0.06238625199506655,-0.021479292828617956,-0.01263554270370482
0.13291139768648752,0.16870035099077826,0.03994197441881347,-0.01807605087581494,-0.012542540715863368
0.13670886619181571,0.16870035099077826,0.016570339091792632,-0.01483515199932243,-0.012391813356258257
0.14050633469714394,0.16870035099077826,-0.007482434953147943,-0.011787840483660517,-0.012185866066372284
0.14430380320247216,0.16870035099077826,-0.03185156009152235,-0.008961226509545107,-0.011927504940666182
0.14810127170780038,0.16870035099077826,-0.05630847644242864,-0.006378365655884156,-0.011620237597215869
0.15189874021312857,0.16870035099077826,-0.08044752805830571,-0.004057940891792732,-0.01126596817154827
0.1556962087184568,0.16870035099077826,-0.10405579602140386,-0.002015137098551592,-0.010870108417266228
0.15949367722378502,0.16870035099077826,-0.12668372877789602,-0.0002602100336749659,-0.010435664864149102
0.16329114572911324,0.16870035099077826,-0.14817945762104606,0.0012014341670932127,-0.009966646218569367
0.16708861423444143,0.16870035099077826,-0.1681332902257052,0.0023683644678207257,-0.009466760533921564
0.17088608273976966,0.16870035099077826,-0.18636964416680965,0.0032433634383757745,-0.00894262217572028
0.17468355124509788,0.16870035099077826,-0.20257771837010868,0.0038337452624119177,-0.008396435932470374
0.1784810197504261,0.16870035099077826,-0.2165314756906926,0.004150481215409493,-0.00783401442841194
0.1822784882557543,0.16870035099077826,-0.22809367929058055,0.004208517672660555,-0.007258965499280205
0.18607595676108252,0.16870035099077826,-0.2370403102136567,0.004026140093298999,-0.006675899157403518
0.18987342526641074,0.16870035099077826,-0.2432785317754046,0.0036238599923532834,-0.00608862367383573
0.19367089377173893,0.16870035099077826,-0.2467134891025139,0.003026481992648519,-0.005501949496223814
0.19746836227706716,0.16870035099077826,-0.247242254566499,0.002259923744957098,-0.004918081413072631
0.20126583078239538,0.16870035099077826,-0.24491124650961812,0.0013512159279986927,-0.004342030307347777
0.2050632992877236,0.16870035099077826,-0.23970835579910824,0.0003297742803800057,-0.003776802708828609
0.2088607677930518,0.16870035099077826,-0.2316921099099906,-0.000774190439329917,-0.0032248038413386134
0.21265823629838002,0.16870035099077826,-0.220951309149194,-0.0019311034885319042,-0.0026882384933826515
0.21645570480370824,0.16870035099077826,-0.20765144499781304,-0.00311075410865691,-0.0021699127594214575
0.22025317330903646,0.16870035099077826,-0.19192168153865322,-0.004283249549120826,-0.0016724322985971402
0.22405064181436465,0.16870035099077826,-0.17400218323818104,-0.005421241123219043,-0.0011978014640959384
0.22784811031969288,0.16870035099077826,-0.15408871440939864,-0.006498016160216824,-0.0007466215618737234
0.2316455788250211,0.16870035099077826,-0.13246785786103077,-0.007488452029304121,-0.00031969433320499027
0.23544304733034932,0.16870035099077826,-0.1094120690802453,-0.008370129167542855,8.157717467989407e-05
0.23924051583567751,0.16870035099077826,-0.08523214914129304,-0.009123808091844314,0.0004573933970995535
0.24303798434100574,0.16870035099077826,-0.0602187172304864,-0.009731839359044479,0.0008065517221422451
0.24683545284633396,0.16870035099077826,-0.034745138274685096,-0.010180866633775982,0.001129853891082464
0.25063292135166215,0.16870035099077826,-0.009118176970552234,-0.010460872664513295,0.0014272999039202105
0.2544303898569904,0.16870035099077826,0.016300910887815493,-0.010564225259617926,0.0016982884546996129
0.2582278583623186,0.16870035099077826,0.0411791241494351,-0.010487505833251797,0.0019444230259696618
0.2620253268676468,0.16870035099077826,0.06522584362799416,-0.010230793887411141,0.0021662047060269168
0.26582279537297504,0.16870035099077826,0.08804348613110695,-0.009797667011926504,0.0023631324065748185
0.26962026387830323,0.16870035099077826,0.10937876896514699,-0.009194644370489103,0.0025376113514368522
0.27341773238363143,0.16870035099077826,0.12892997290543579,-0.008431663712628226,0.002688739581679211
0.2772152008889597,0.16870035099077826,0.1464619789574914,-0.007521922369718775,0.002818220797510198
0.2810126693942879,0.16870035099077826,0.16169022250138293,-0.006480764227033974,0.0029263556519077477
0.2848101378996161,0.16870035099077826,0.1744401302064435,-0.005326077233726548,0.00301414632146498
0.2886076064049443,0.16870035099077826,0.18454822878037244,-0.004078611410813658,0.003081793241500519
0.2924050749102725,0.16870035099077826,0.19186113587483813,-0.002759514289293635,0.0031295970649922998
0.29620254341560076,0.16870035099077826,0.19629610574929332,-0.0013919209500706702,0.0031583595332148177
0.30000001192092896,0.16870035099077826,,,
0.0,0.18075037606154815,,,
0.0037974685053282146,0.18075037606154815,-0.07929261952103292,-0.0062289814049598475,-0.0007414102435895041
0.007594937010656429,0.18075037606154815,-0.07590004415859415,-0.012402152408563193,-0.0008265952540046269
0.011392405515984643,0.18075037606154815,-0.07029351568931702,-0.01846481563740082,-0.0009681025889530426
0.015189874021312859,0.18075037606154815,-0.06259412544083168,-0.024362750730040912,-0.0011637274599298893
0.018987342526641072,0.18075037606154815,-0.05288461915368542,-0.03004396338094622,-0.0014120668197048001
0.022784811031969287,0.18075037606154815,-0.041370852084849544,-0.03545916235245145,-0.001710314573817042
0.026582279537297502,0.18075037606154815,-0.02817593375074806,-0.0405622364867407,-0.002055464192487257
0.030379748042625717,0.18075037606154815,-0.013566265072167356,-0.045310413709839896,-0.002443106098705722
0.03417721654795393,0.18075037606154815,0.00224624412753976,-0.049664579039601746,-0.00287083506864895
0.037974685053282144,0.18075037606154815,0.0189951929275869,-0.05359165964559277,-0.0033326380427582277
0.04177215355861036,0.18075037606154815,0.03641216221839385,-0.05706128576525145,-0.0038245063146610777
0.045569622063938574,0.18075037606154815,0.0542246965127927,-0.06005024281567736,-0.004341028130754657
0.04936709056926679,0.18075037606154815,0.07208970371583129,-0.06254008633374415,-0.004878194784666491
0.053164559074595004,0.18075037606154815,0.08976500117224928,-0.06451618795214469,-0.0054289910402447435
0.05696202757992322,0.18075037606154815,0.1069357514302082,-0.06597361854711244,-0.005987804708567949
0.060759496085251434,0.18075037606154815,0.12329518979304495,-0.06690888003081312,-0.006549424471351888
0.06455696459057965,0.18075037606154815,0.13854462431927175,-0.06732674252302076,-0.007107837269037846
0.06835443309590786,0.18075037606154815,0.15247012699674195,-0.06723706427126844,-0.007658232653978851
0.07215190160123608,0.18075037606154815,0.16477300588396782,-0.06665447364286325,-0.008193394954704447
0.07594937010656429,0.18075037606154815,0.17522722383603964,-0.06559980016081862,-0.00871011720611665
0.07974683861189251,0.18075037606154815,0.18364105291754304,-0.06409705342799729,-0.009201384172063629
0.08354430711722072,0.18075037606154815,0.1898611107801464,-0.06217644420296831,-0.009662986710854282
0.08734177562254894,0.18075037606154815,0.19366539665652774,-0.059870727308180244,-0.010089913939523016
0.09113924412787715,0.18075037606154815,0.19502565590357337,-0.05721695067387827,-0.010478357587015975
0.09493671263320537,0.18075037606154815,0.19381676081606547,-0.0542556603181419,-0.010824709817597934
0.09873418113853358,0.18075037606154815,0.19003063863882863,-0.05102978731893768,-0.011125362795533661
0.1025316496438618,0.18075037606154815,0.1836228892183985,-0.047582421758224615,-0.011375506073176186
0.10632911814919001,0.18075037606154815,0.17467020372894085,-0.043959356785833674,-0.011575740956481381
0.11012658665451823,0.18075037606154815,0.16320689137995087,-0.04020829359950546,-0.01172165786843952
0.11392405515984644,0.18075037606154815,0.14941862554046154,-0.03637486634507848,-0.011813056373731982
0.11772152366517466,0.18075037606154815,0.13331852443763273,-0.03250518618036864,-0.01184813255449115
0.12151899217050287,0.18075037606154815,0.11523151646727216,-0.02864472824722199,-0.011827287281354274
0.12531646067583108,0.18075037606154815,0.09527364748502536,-0.024836662129593762,-0.011749317942409607
0.1291139291811593,0.18075037606154815,0.0737093002228849,-0.021122567371514512,-0.011616329108502705
0.13291139768648752,0.18075037606154815,0.05080083922404948,-0.017541081943154128,-0.011427418820699755
0.13670886619181571,0.18075037606154815,0.0268479655244038,-0.014127584232836884,-0.01118569382643943
0.14050633469714394,0.18075037606154815,0.002121116422321912,-0.010914749561015092,-0.010892156302314849
0.14430380320247216,0.18075037606154815,-0.023006343155336475,-0.007931198646333112,-0.01054941190746812
0.14810127170780038,0.18075037606154815,-0.04827911232615107,-0.005200623083668774,-0.01015936477742617
0.15189874021312857,0.18075037606154815,-0.07330465336972072,-0.002743375384058066,-0.009726324271539409
0.1556962087184568,0.18075037606154815,-0.0978306926868159,-0.000574958436766683,-0.00925239496065339
0.15949367722378502,0.18075037606154815,-0.12140313779882345,0.0012937359847212712,-0.008741184680503342
0.16329114572911324,0.18075037606154815,-0.14385447903585494,0.002856506724699519,-0.008197002790439676
0.16708861423444143,0.18075037606154815,-0.16477502407276165,0.004111048225277265,-0.007623757779175555
0.17088608273976966,0.18075037606154815,-0.18394176304782464,0.005060461064307647,-0.007024255741171714
0.17468355124509788,0.18075037606154815,-0.20106609496352532,0.005712059425444226,-0.0064035075593937485
0.1784810197504261,0.18075037606154815,-0.21588767346545884,0.006076019564204994,-0.0057651210695768874
0.1822784882557543,0.18075037606154815,-0.22826522533805663,0.006168400883829287,-0.0051137062840494775
0.18607595676108252,0.18075037606154815,-0.2379646406812337,0.006007329839458532,-0.004452670603228124
0.18987342526641074,0.18075037606154815,-0.24488904643288592,0.005613953962091061,-0.003786624039441176
0.19367089377173893,0.18075037606154815,-0.24891129669900158,0.005013395882536923,-0.003117971816512118
0.19746836227706716,0.18075037606154815,-0.24996277306059028,0.004231891259553448,-0.002452526558681041
0.20126583078239538,0.18075037606154815,-0.24805154827282735,0.003297901807792526,-0.00179209218381556
0.2050632992877236,0.18075037606154815,-0.24317156776933127,0.0022413202778382643,-0.001139875657013655
0.2088607677930518,0.18075037606154815,-0.23537934083632944,0.0010931524482220537,-0.0004996852493291791
0.21265823629838002,0.18075037606154815,-0.22477577691351372,-0.00011575490651718619,0.0001254725094585103
0.21645570480370824,0.18075037606154815,-0.21151022197162797,-0.001355191027810409,0.0007337937014817989
0.22025317330903646,0.18075037606154815,-0.19572394922624073,-0.0025944681451111635,0.0013226726675985773
0.22405064181436465,0.18075037606154815,-0.17765510495502468,-0.003804011515820278,0.0018905059252598546
0.22784811031969288,0.18075037606154815,-0.1575095444149511,-0.004956631457225611,0.0024354895565980167
0.2316455788250211,0.18075037606154815,-0.13558394135871396,-0.006027046334524646,0.0029554187731082016
0.23544304733034932,0.18075037606154815,-0.11214873308468727,-0.0069915645528395515,0.0034494918335159137
0.23924051583567751,0.18075037606154815,-0.08754095712144172,-0.00782967459714187,0.003916105255272163
0.24303798434100574,0.18075037606154815,-0.0620330689561452,-0.008524204036244988,0.0043558603443328205
0.24683545284633396,0.18075037606154815,-0.036040815480327976,-0.00906020649485685,0.004765951006237152
0.25063292135166215,0.18075037606154815,-0.009862888635477815,-0.00942679019949335,0.005147780288215526
0.2544303898569904,0.18075037606154815,0.016131383029133247,-0.009616879472489636,0.005501047537290006
0.2582278583623186,0.18075037606154815,0.04158780738018694,-0.009626260708045287,0.005824850794526785
0.2620253268676468,0.18075037606154815,0.06619861062662324,-0.009454615898175365,0.006118789189288615
0.26582279537297504,0.18075037606154815,0.08958134599201018,-0.009104886616740544,0.0063845664217837975
0.26962026387830323,0.18075037606154815,0.11143732153485998,-0.008583751031424502,0.006620679227122656
0.27341773238363143,0.18075037606154815,0.13148701810722632,-0.007901464899741473,0.006829031740832115
0.2772152008889597,0.18075037606154815,0.149462016599529,-0.007071066549073883,0.007008421351000433
0.2810126693942879,0.18075037606154815,0.16508784333580626,-0.006107661358706258,0.007159750016561415
0.2848101378996161,0.18075037606154815,0.17816671581426216,-0.00502929628178379,0.007282817302196439
0.2886076064049443,0.18075037606154815,0.1885371789313898,-0.0038569598453123423,0.007378424949180001
0.2924050749102725,0.18075037606154815,0.19604786852765146,-0.0026121970902714194,0.007446773392830723
0.29620254341560076,0.18075037606154815,0.20059585697456148,-0.0013182225995614452,0.00748756198017067
0.30000001192092896,0.18075037606154815,,,
0.0,0.19280040113231803,,,
0.0037974685053282146,0.19280040113231803,-0.09929690684553795,-0.006390211453323071,-0.0033661107409684054
0.007594937010656429,0.19280040113231803,-0.09563994875110664,-0.012722704457380017,-0.0034332565727073845
0.011392405515984643,0.19280040113231803,-0.08958538236959786,-0.01894119159883693,-0.0035434959979504846
0.015189874021312859,0.19280040113231803,-0.08127044453899246,-0.024990021480329784,-0.0036966285813790816
0.018987342526641072,0.19280040113231803,-0.07077989918863156,-0.0308152917484117,-0.0038902490991696904
0.022784811031969287,0.19280040113231803,-0.058329692519455655,-0.03636628012948517,-0.004122353198136072
0.026582279537297502,0.19280040113231803,-0.04405302499185794,-0.04159544442980207,-0.004390335219136117
0.030379748042625717,0.19280040113231803,-0.028238497603356984,-0.046458740543448576,-0.004691990373664964
0.03417721654795393,0.19280040113231803,-0.011087929233336426,-0.05091562245234518,-0.00502250821407564
0.037974685053282144,0.19280040113231803,0.0070838426663652814,-0.054931586290126184,-0.00537948351654466
0.04177215355861036,0.19280040113231803,0.026028580874106276,-0.05847673930620748,-0.0057579053981064296
0.045569622063938574,0.19280040113231803,0.04541126605010974,-0.06152579986578655,-0.006155368634937462
0.04936709056926679,0.19280040113231803,0.06492916987530023,-0.06405921047778974,-0.006564256684930051
0.053164559074595004,0.19280040113231803,0.08427552765301465,-0.06606329679886477,-0.006982364759579336
0.05696202757992322,0.19280040113231803,0.10312137460985767,-0.06753090364935052,-0.007404882411238345
0.060759496085251434,0.19280040113231803,0.12117609155951686,-0.06846075899730726,-0.007824994839073868
0.06455696459057965,0.19280040113231803,0.13806833176392638,-0.06885667893855422,-0.008241098560536914
0.06835443309590786,0.19280040113231803,0.15363260374199164,-0.06872788570465461,-0.008644775292245286
0.07215190160123608,0.19280040113231803,0.16747737886770842,-0.0680905977028402,-0.009034822422287236
0.07594937010656429,0.19280040113231803,0.1794371656599821,-0.06696548545213196,-0.009403222537917814
0.07974683861189251,0.19280040113231803,0.18924556319802632,-0.06537751257934743,-0.009748372156588029
0.08354430711722072,0.19280040113231803,0.19676937102144793,-0.06335752585902554,-0.01006445865405779
0.08734177562254894,0.19280040113231803,0.20175833371981117,-0.06093955214555459,-0.010348675935866365
0.09113924412787715,0.19280040113231803,0.20418016027241467,-0.058161434389142126,-0.010596413989685404
0.09493671263320537,0.19280040113231803,0.2038976138412776,-0.055065626655777265,-0.010804465850416929
0.09873418113853358,0.19280040113231803,0.20090665804881225,-0.05169442400745669,-0.010970426294237449
0.1025316496438618,0.19280040113231803,0.19513060172085286,-0.048093937601996296,-0.011091489226686235
0.10632911814919001,0.19280040113231803,0.18668044524106045,-0.04431218664512163,-0.011164848553302553
0.11012658665451823,0.19280040113231803,0.17555013404305345,-0.04039591831061848,-0.011190103403449154
0.11392405515984644,0.19280040113231803,0.1619616688941539,-0.03639394682417472,-0.011164046812028058
0.11772152366517466,0.19280040113231803,0.1458989042840111,-0.03235357587354977,-0.011087680955632383
0.12151899217050287,0.19280040113231803,0.12772006872353095,-0.028321075620552028,-0.010958700828097957
0.12531646067583108,0.19280040113231803,0.10751698980283304,-0.02434231871700869,-0.010778509476655143
0.1291139291811593,0.19280040113231803,0.08559542312418356,-0.020459282216931485,-0.010546505595348074
0.13291139768648752,0.19280040113231803,0.062191496776461345,-0.01671219413041499,-0.010264292666725738
0.13670886619181571,0.19280040113231803,0.03764729376022164,-0.013138420395689335,-0.009932271561425383
0.14050633469714394,0.19280040113231803,0.01222013314667857,-0.009771113345184239,-0.00955264706795187
0.14430380320247216,0.19280040113231803,-0.013684833663805237,-0.006639887472496988,-0.009126922451194881
0.14810127170780038,0.19280040113231803,-0.03981684671359562,-0.0037701039144263358,-0.008657653261466865
0.15189874021312857,0.19280040113231803,-0.06575006816719313,-0.0011829499529687306,-0.008146743634294752
0.1556962087184568,0.19280040113231803,-0.09123020623657441,0.0011055547596346093,-0.007597600970095146
0.15949367722378502,0.19280040113231803,-0.1157905547631648,0.003083643927941003,-0.007013482342795684
0.16329114572911324,0.19280040113231803,-0.13923686307555758,0.004744082870293127,-0.006396692758560539
0.16708861423444143,0.19280040113231803,-0.16115237518782555,0.006085241795768176,-0.005751491467910467
0.17088608273976966,0.19280040113231803,-0.18129995391669296,0.007109227507266362,-0.005080834891795171
0.17468355124509788,0.19280040113231803,-0.19937687094308437,0.007822360413488312,-0.0043891326072243745
0.1784810197504261,0.19280040113231803,-0.2151126889686257,0.008236565813869178,-0.003679792014614681
0.1822784882557543,0.19280040113231803,-0.22833989832342858,0.008366472075716076,-0.0029554187731082016
0.18607595676108252,0.19280040113231803,-0.2388385164289648,0.0082303646581629,-0.0022214246363077787
0.18987342526641074,0.19280040113231803,-0.24647332463604738,0.007850981132132671,-0.0014802148280368985
0.19367089377173893,0.19280040113231803,-0.2511413953161907,0.007252172096495689,-0.0007361989253052847
0.19746836227706716,0.19280040113231803,-0.2527337462745275,0.006461127233964094,7.816977426328915e-06
0.20126583078239538,0.19280040113231803,-0.25127459577658384,0.005507739295121995,0.0007480246091040901
0.2050632992877236,0.19280040113231803,-0.24675587106718447,0.004421424018576094,0.00148081613399277
0.2088607677930518,0.19280040113231803,-0.23921793592220603,0.003233664194835186,0.0022037863282688827
0.21265823629838002,0.19280040113231803,-0.2287697725365157,0.0019765786303779414,0.0029137282268344475
0.21645570480370824,0.19280040113231803,-0.21556476325844504,0.0006813321077282182,0.00360783573522873
0.22025317330903646,0.19280040113231803,-0.19973812673718105,-0.0006207515865976578,0.004283703629628246
0.22405064181436465,0.19280040113231803,-0.18153810019436564,-0.0019000977100005149,0.004939127121528132
0.22784811031969288,0.19280040113231803,-0.1611826480197331,-0.0031285625558134,0.005570899245830407
0.2316455788250211,0.19280040113231803,-0.13896037121080201,-0.0042792744493091095,0.006178619131897824
0.23544304733034932,0.19280040113231803,-0.11516188895388481,-0.005329018807587218,0.006760081991225521
0.23924051583567751,0.19280040113231803,-0.09012020239996446,-0.00625601208367952,0.007313684341264508
0.24303798434100574,0.19280040113231803,-0.06414611262329177,-0.007042048320448352,0.007837421828828545
0.24683545284633396,0.19280040113231803,-0.03762105730590177,-0.007672817158571535,0.00833219641285144
0.25063292135166215,0.19280040113231803,-0.010895192203525063,-0.00813583678464028,0.008794400257597966
0.2544303898569904,0.19280040113231803,0.01566518141775707,-0.008423395505019856,0.009224434233705368
0.2582278583623186,0.19280040113231803,0.04169578048065718,-0.008531836227883484,0.009621797252877087
0.2620253268676468,0.19280040113231803,0.06688782209971833,-0.008459568913306476,0.009986288879794502
0.26582279537297504,0.19280040113231803,0.09082051391142565,-0.008209773641138209,0.01031640584956793
0.26962026387830323,0.19280040113231803,0.11321635495662664,-0.007789049077066128,0.010612749468153247
0.27341773238363143,0.19280040113231803,0.13375243502830753,-0.00720685595864212,0.010873716253001457
0.2772152008889597,0.19280040113231803,0.15217950781042952,-0.0064763121152448515,0.01110060903368362
0.2810126693942879,0.19280040113231803,0.1682008995502987,-0.005612522926158843,0.011292726286584549
0.2848101378996161,0.19280040113231803,0.18161680955732526,-0.004633614846525524,0.011450368664682183
0.2886076064049443,0.19280040113231803,0.19225165540644545,-0.003560417399358287,0.011572834644361336
0.2924050749102725,0.19280040113231803,0.1999571002213123,-0.002414555127632872,0.01166022444328132
0.29620254341560076,0.19280040113231803,0.20462416180705864,-0.00121956062223464,0.011712838714420073
0.30000001192092896,0.19280040113231803,,,
0.0,0.2048504262030879,,,
0.0037974685053282146,0.2048504262030879,-0.11975528664865615,-0.006512008511554066,-0.005928475854255299
0.007594937010656429,0.2048504262030879,-0.11581376393429392,-0.012965026541902258,-0.005976379895406392
0.011392405515984643,0.2048504262030879,-0.10930914145175964,-0.01930069962580858,-0.006056554022855919
0.015189874021312859,0.2048504262030879,-0.10035443777350815,-0.02546258134594665,-0.006166192142143148
0.018987342526641072,0.2048504262030879,-0.08906267147199426,-0.03139581532491478,-0.006305494688586702
0.022784811031969287,0.2048504262030879,-0.07564978874815846,-0.03704761223721339,-0.006472256873681718
0.026582279537297502,0.2048504262030879,-0.0602691719503323,-0.04236947586513952,-0.006664273908923336
0.030379748042625717,0.2048504262030879,-0.043201349320859034,-0.04731656708281701,-0.006878338829213574
0.03417721654795393,0.2048504262030879,-0.024688503514999,-0.05184754485220401,-0.007113449457959313
0.037974685053282144,0.2048504262030879,-0.00504345379579682,-0.055926315267010134,-0.0073655970887880765
0.04177215355861036,0.2048504262030879,0.015453271594404261,-0.059521872548703995,-0.007631975627239131
0.045569622063938574,0.2048504262030879,0.036482798826178116,-0.0626087760584906,-0.007907173319709634
0.04936709056926679,0.2048504262030879,0.05767579935025271,-0.06516715029731139,-0.008190789295562337
0.053164559074595004,0.2048504262030879,0.07874165398031562,-0.06718316191782156,-0.008476810495238525
0.05696202757992322,0.2048504262030879,0.09933121605503316,-0.06864870171640522,-0.008761829518321594
0.060759496085251434,0.2048504262030879,0.11909735710186552,-0.06956297467310002,-0.009043240705669435
0.06455696459057965,0.2048504262030879,0.13771716691379887,-0.06992900186376289,-0.009315030997723335
0.06835443309590786,0.2048504262030879,0.1549323173252222,-0.06975664153592685,-0.00957519604129705
0.07215190160123608,0.2048504262030879,0.1703997162411833,-0.06906274811279361,-0.009818123647469118
0.07594937010656429,0.2048504262030879,0.18388121738400953,-0.06786672008144433,-0.010042210333690547
0.07974683861189251,0.2048504262030879,0.1951427108536159,-0.06619622413656857,-0.010240641299128127
0.08354430711722072,0.2048504262030879,0.2039985232809694,-0.06408242506069017,-0.01041301567314461
0.08734177562254894,0.2048504262030879,0.21021858114357278,-0.06155934970819744,-0.010554122137455779
0.09113924412787715,0.2048504262030879,0.21373426602243553,-0.05866611306123766,-0.01066235720951264
0.09493671263320537,0.2048504262030879,0.21440228651319534,-0.055445328189792434,-0.010734513924217216
0.09873418113853358,0.2048504262030879,0.2122347517486152,-0.05194151621175299,-0.010766984445834274
0.1025316496438618,0.2048504262030879,0.20711864315624026,-0.04820142430090511,-0.01075896703308932
0.10632911814919001,0.2048504262030879,0.19917505206370073,-0.044274025686929154,-0.01070805646215887
0.11012658665451823,0.2048504262030879,0.1884100330373781,-0.04020765758353558,-0.010612248379856686
0.11392405515984644,0.2048504262030879,0.17501127763509916,-0.03605208824036709,-0.010471542786182765
0.11772152366517466,0.2048504262030879,0.15900905868877144,-0.03185597287911909,-0.010283734892632249
0.12151899217050287,0.2048504262030879,0.1407242682166149,-0.02766693319553595,-0.010049626440479627
0.12531646067583108,0.2048504262030879,0.12028203392384741,-0.023531954869392153,-0.009768315470791098
0.1291139291811593,0.2048504262030879,0.09798710231833821,-0.01949436648863541,-0.00944030307186322
0.13291139768648752,0.2048504262030879,0.07408367424414153,-0.015595350087315106,-0.009066190549651864
0.13670886619181571,0.2048504262030879,0.04892594183457559,-0.011873464133604891,-0.008646679427772211
0.14050633469714394,0.2048504262030879,0.022783333293617567,-0.008363331746864818,-0.008183272971113943
0.14430380320247216,0.2048504262030879,-0.003924872656813071,-0.005095203436662051,-0.007677424335737082
0.14810127170780038,0.2048504262030879,-0.03093530237912069,-0.0020953546127520325,-0.007131087765998209
0.15189874021312857,0.2048504262030879,-0.05781051345224128,0.0006141926719083255,-0.006546468050402187
0.1556962087184568,0.2048504262030879,-0.08427754584180848,0.003016106982139939,-0.0059257198686242215
0.15949367722378502,0.2048504262030879,-0.10984900695411084,0.005098661773498244,-0.005271348662147111
0.16329114572911324,0.2048504262030879,-0.13433316885373392,0.00685386709536169,-0.004586561396068835
0.16708861423444143,0.2048504262030879,-0.15727341632607225,0.008278860875865842,-0.003873813403042537
0.17088608273976966,0.2048504262030879,-0.1784462349622085,0.00937614742789208,-0.0031372136071000046
0.17468355124509788,0.2048504262030879,-0.19751004630878582,0.010151768903154217,-0.0023785659261088524
0.1784810197504261,0.2048504262030879,-0.21418634031225486,0.010617491597094927,-0.0016018790664415563
0.1822784882557543,0.2048504262030879,-0.22831769824669637,0.010787307861051459,-0.0008109612991519691
0.18607595676108252,0.2048504262030879,-0.2396397373801178,0.010679980166135113,-8.618718700824188e-06
0.18987342526641074,0.2048504262030879,-0.24802934819609515,0.010317928075283969,0.0008017412744952734
0.19367089377173893,0.2048504262030879,-0.2533714939333797,0.009725479199345731,0.0016159095387452236
0.19746836227706716,0.2048504262030879,-0.2555430650755475,0.008930777244987358,0.0024314808502255403
0.20126583078239538,0.2048504262030879,-0.2545723162657123,0.007962283926860735,0.003244847373200995
0.2050632992877236,0.2048504262030879,-0.25043906561593565,0.006851005023497254,0.004052601707254983
0.2088607677930518,0.2048504262030879,-0.24318771327968194,0.005629218345368053,0.004851737322608147
0.21265823629838002,0.2048504262030879,-0.23292320507423073,0.004328565686974395,0.005639448124799753
0.21645570480370824,0.2048504262030879,-0.21980295972550118,0.00298116585479495,0.006412527148731821
0.22025317330903646,0.2048504262030879,-0.2039581595050927,0.0016188196473234512,0.007168569170580863
0.22405064181436465,0.2048504262030879,-0.1856592417113793,0.0002711018071590693,0.0079043672252489
0.22784811031969288,0.2048504262030879,-0.16509793427977545,-0.0010320949151140873,0.008618317830186942
0.2316455788250211,0.2048504262030879,-0.14260118379488262,-0.0022638988447688142,0.009307614890934252
0.23544304733034932,0.2048504262030879,-0.11845557306542559,-0.0034006183869272817,0.009969652748348724
0.23924051583567751,0.2048504262030879,-0.09300015780876882,-0.004419992982643876,0.010603429225837239
0.24303798434100574,0.2048504262030879,-0.06655078457114767,-0.005302862650826123,0.01120673953489493
0.24683545284633396,0.2048504262030879,-0.03952925481047395,-0.006034440020174439,0.01177727866935763
0.25063292135166215,0.2048504262030879,-0.012251415072983031,-0.006603038297242375,0.012315046629225335
0.2544303898569904,0.2048504262030879,0.014870015032985582,-0.006998958238489345,0.012817237320037311
0.2582278583623186,0.2048504262030879,0.041472770618938275,-0.007217747732126224,0.01328324943583769
0.2620253268676468,0.2048504262030879,0.06723091419467049,-0.007258770762183139,0.013711880364714725
0.26582279537297504,0.2048504262030879,0.0917196170190797,-0.007124491890543354,0.014102328365393922
0.26962026387830323,0.2048504262030879,0.11463917805628121,-0.0068207942649282085,0.014453491043622852
0.27341773238363143,0.2048504262030879,0.13567475985443658,-0.006357059120893354,0.014765568834720138
0.2772152008889597,0.2048504262030879,0.15454684326559948,-0.005745927275840051,0.015036858038477477
0.2810126693942879,0.2048504262030879,0.1709668272922513,-0.005002345105060352,0.015267258437235556
0.2848101378996161,0.2048504262030879,0.18471271116707008,-0.0041449160756730895,0.015456268942697816
0.2886076064049443,0.2048504262030879,0.19561294884257974,-0.003193515686736849,0.015603188031249075
0.2924050749102725,0.2048504262030879,0.20351617615924253,-0.002169688979231132,0.01570891766182314
0.29620254341560076,0.2048504262030879,0.20829524722304682,-0.0010972865520262388,0.015771854351871017
0.30000001192092896,0.2048504262030879,,,
0.0,0.2169004512738578,,,
0.0037974685053282146,0.2169004512738578,-0.14053052209240663,-0.006594372579652833,-0.008398039415019366
0.007594937010656429,0.2169004512738578,-0.13631250751328883,-0.01312895965813745,-0.00842770384217569
0.011392405515984643,0.2169004512738578,-0.12932957428661537,-0.0195441347382781,-0.008476610059919901
0.015189874021312859,0.2169004512738578,-0.11973712294951161,-0.025781861362823726,-0.008544758068251999
0.018987342526641072,0.2169004512738578,-0.10762193562011253,-0.03178680614239523,-0.008630143513985746
0.022784811031969287,0.2169004512738578,-0.09322417676488463,-0.03750506672354573,-0.008731563785209399
0.026582279537297502,0.2169004512738578,-0.07670731967612866,-0.04288687485663254,-0.008848016705329836
0.030379748042625717,0.2169004512738578,-0.05837611086171389,-0.047886119383839756,-0.008977698356479448
0.03417721654795393,0.2169004512738578,-0.038460623844137655,-0.05246209528309539,-0.009116800467604377
0.037974685053282144,0.2169004512738578,-0.017314041662321294,-0.05657727761217684,-0.009265122603386003
0.04177215355861036,0.2169004512738578,0.004789162007773451,-0.0601992295566205,-0.009418856492770472
0.045569622063938574,0.2169004512738578,0.027469567672905367,-0.06330266948162386,-0.009577400829801913
0.04936709056926679,0.2169004512738578,0.05039821055967915,-0.06586756288413584,-0.00973474255492161
0.053164559074595004,0.2169004512738578,0.07321787125158577,-0.06787975840882676,-0.00989068123281094
0.05696202757992322,0.2169004512738578,0.09557738489849772,-0.06933051083611085,-0.0100418094630533
0.060759496085251434,0.2169004512738578,0.11711549570631831,-0.07021807112207092,-0.010183717668638962
0.06455696459057965,0.2169004512738578,0.13748305701371388,-0.07054689137849611,-0.010314401496381692
0.06835443309590786,0.2169004512738578,0.15640559514472266,-0.07032651184493455,-0.010430653981183508
0.07215190160123608,0.2169004512738578,0.17351176336127883,-0.06957346893660296,-0.010529669028583674
0.07594937010656429,0.2169004512738578,0.18858359727364804,-0.06830875118050722,-0.010607437932209715
0.07974683861189251,0.2169004512738578,0.20130222305240417,-0.06655875323939713,-0.01066436156269888
0.08354430711722072,0.2169004512738578,0.21154251299232935,-0.0643552759117664,-0.010693625119217957
0.08734177562254894,0.2169004512738578,0.21900981152952353,-0.06173393609192803,-0.010694827731129699
0.09113924412787715,0.2169004512738578,0.22365164575534693,-0.058735438801954,-0.01066436156269888
0.09493671263320537,0.2169004512738578,0.22530656056629267,-0.05540064806790874,-0.010601825743288247
0.09873418113853358,0.2169004512738578,0.22397051958477307,-0.051775675047608175,-0.010503412001843952
0.1025316496438618,0.2169004512738578,0.21953857699350862,-0.047909969982710056,-0.0103683185970915
0.10632911814919001,0.2169004512738578,0.21212173317616037,-0.043851075066962515,-0.010194942046481897
0.11012658665451823,0.2169004512738578,0.2017220063215221,-0.03964939456597811,-0.009981879302784777
0.11392405515984644,0.2169004512738578,0.18853516074259596,-0.03535580975734682,-0.009727727318769776
0.11772152366517466,0.2169004512738578,0.17258541470490799,-0.031019770882726398,-0.009432686529755515
0.12151899217050287,0.2169004512738578,0.1542037511706473,-0.026689615155827316,-0.009095554323830253
0.12531646067583108,0.2169004512738578,0.1335173160338256,-0.02241352078636758,-0.008716130265675364
0.1291139291811593,0.2169004512738578,0.1108429649350752,-0.018236167896230882,-0.008295015661246722
0.13291139768648752,0.2169004512738578,0.08643297147362561,-0.014199454037432719,-0.007832210510544326
0.13670886619181571,0.2169004512738578,0.060646573254779686,-0.010342971204097781,-0.0073290176431392295
0.14050633469714394,0.2169004512738578,0.033773884917651396,-0.006701938780557883,-0.006785837929668682
0.14430380320247216,0.2169004512738578,0.006242762486534019,-0.0033078793083199344,-0.006203974199703737
0.14810127170780038,0.2169004512738578,-0.021668283985023032,-0.00018812159858948613,-0.0055849798269637305
0.15189874021312857,0.2169004512738578,-0.049507180207200435,0.002634924723444909,-0.004930733892560759
0.1556962087184568,0.2169004512738578,-0.07698633427687653,0.005143441272877231,-0.00424307789598468
0.15949367722378502,0.2169004512738578,-0.10360119899559224,0.007324369846825991,-0.003524204098532942
0.16329114572911324,0.2169004512738578,-0.1291479372951701,0.00916972049466964,-0.0027765803600660996
0.16708861423444143,0.2169004512738578,-0.15315429299785244,0.010675885813329044,-0.002002449050711257
0.17088608273976966,0.2169004512738578,-0.17537051524040204,0.011844843414960532,-0.0012043156119512124
0.17468355124509788,0.2169004512738578,-0.195461584683042,0.012682794455270383,-0.0003857377706915384
0.1784810197504261,0.2169004512738578,-0.21311670025152163,0.013199954940774708,0.00045087924924427935
0.1822784882557543,0.2169004512738578,-0.2281804614087155,0.013411589254750497,0.001302027829780324
0.18607595676108252,0.2169004512738578,-0.24036023077951735,0.013335823852339179,0.002165703617730357
0.18987342526641074,0.2169004512738578,-0.24954702616906002,0.012994442280508962,0.0030371963831067193
0.19367089377173893,0.2169004512738578,-0.25558746522901193,0.012412646672066126,0.003915103078679044
0.19746836227706716,0.2169004512738578,-0.2583745839532998,0.011617785713715283,0.004794813692118982
0.20126583078239538,0.2169004512738578,-0.2579265460410682,0.010639275144063135,0.005673321693647178
0.2050632992877236,0.2169004512738578,-0.25420904228282176,0.00950812074164107,0.006548221859440146
0.2088607677930518,0.2169004512738578,-0.24727252739840655,0.008256123304942823,0.007415906353762655
0.21265823629838002,0.2169004512738578,-0.23722396539389579,0.006915878652424469,0.008272767340879478
0.21645570480370824,0.2169004512738578,-0.22421270224003342,0.005519982602542082,0.009116600032285753
0.22025317330903646,0.2169004512738578,-0.20838202934118177,0.004100076949796927,0.009943997027564875
0.22405064181436465,0.2169004512738578,-0.1900003658069211,0.002686849464735456,0.010752553102893359
0.22784811031969288,0.2169004512738578,-0.16926145776145965,0.001310033893949309,0.011539462163810469
0.2316455788250211,0.2169004512738578,-0.146516470054925,-3.816095819247896e-06,0.012301717680536851
0.23544304733034932,0.2169004512738578,-0.12203382179689728,-0.0012293393677714629,0.01303711486456764
0.23924051583567751,0.2169004512738578,-0.09618687791423627,-0.002343718848988083,0.013742947839101417
0.24303798434100574,0.2169004512738578,-0.06928543038679581,-0.003328510076342743,0.014417312468611254
0.24683545284633396,0.2169004512738578,-0.04176742618283837,-0.004167415140607406,0.015057903746932976
0.25063292135166215,0.2169004512738578,-0.013965866453346937,-0.004847872726377046,0.015662516885561726
0.2544303898569904,0.2169004512738578,0.013710565570926649,-0.005361137614065888,0.016230450360882314
0.2582278583623186,0.2169004512738578,0.04087336854716891,-0.0057022806799074035,0.01675889807843401
0.2620253268676468,0.2169004512738578,0.06718954132439685,-0.005869234871999499,0.017246156338008516
0.26582279537297504,0.2169004512738578,0.09222315512314185,-0.005863987740248033,0.017691423398331328
0.26962026387830323,0.2169004512738578,0.1156684543411377,-0.005692660938363049,0.018093496647490707
0.27341773238363143,0.2169004512738578,0.13718638326101995,-0.005364317693915262,0.0184502715146411
0.2772152008889597,0.2169004512738578,0.1565024682068268,-0.004890485796358647,0.018761547564463892
0.2810126693942879,0.2169004512738578,0.17331599904827671,-0.004286588632962668,0.01902692392632183
0.2848101378996161,0.2169004512738578,0.1873847931301093,-0.0035705936548762816,0.019244396247028672
0.2886076064049443,0.2169004512738578,0.1985595044815807,-0.0027615813411957274,0.01941496670317754
0.2924050749102725,0.2169004512738578,0.20664436878968875,-0.001881335238889213,0.01953623007094495
0.29620254341560076,0.2169004512738578,0.21154856755871088,-0.0009527519228722248,0.019609789832879893
0.30000001192092896,0.2169004512738578,,,
0.0,0.22895047634462765,,,
0.0037974685053282146,0.22895047634462765,-0.1615055582267469,-0.0066385756895591215,-0.010744335254829783
0.007594937010656429,0.22895047634462765,-0.15700499721649203,-0.013216093846010276,-0.010756561809265836
0.011392405515984643,0.22895047634462765,-0.14954375324567937,-0.019672927972177717,-0.010775603164535097
0.015189874021312859,0.22895047634462765,-0.139293372361785,-0.025950246590848037,-0.010801860191274819
0.018987342526641072,0.22895047634462765,-0.1263426548717377,-0.03199096726872499,-0.010834330712891877
0.022784811031969287,0.22895047634462765,-0.11094992894114852,-0.03774150566034663,-0.010872413423430403
0.026582279537297502,0.22895047634462765,-0.09327866786231821,-0.04315113949211546,-0.010914504840341404
0.030379748042625717,0.22895047634462765,-0.07364572727587905,-0.048172962586253226,-0.01095940235171314
0.03417721654795393,0.22895047634462765,-0.05232558085779278,-0.05276483888475572,-0.011007306392864232
0.037974685053282144,0.22895047634462765,-0.02963912062627935,-0.05688956145338529,-0.011053606951466333
0.04177215355861036,0.22895047634462765,-0.00592338410990943,-0.06051501148566326,-0.011098905333475318
0.045569622063938574,0.22895047634462765,0.018468445652395638,-0.06361431730686243,-0.011139393267837328
0.04936709056926679,0.22895047634462765,0.043134749090662436,-0.06616744441393174,-0.011175872495826864
0.053164559074595004,0.22895047634462765,0.06774252505390799,-0.06815992344355655,-0.011204133875752822
0.05696202757992322,0.22895047634462765,0.09191639042647874,-0.06958253216417368,-0.011221972619110341
0.060759496085251434,0.22895047634462765,0.11524665288322593,-0.07043368053585843,-0.011228787419943551
0.06455696459057965,0.22895047634462765,0.13739425670678507,-0.07071797967439239,-0.011221170877835846
0.06835443309590786,0.22895047634462765,0.15805243720049306,-0.0704454468313011,-0.011197519510238235
0.07215190160123608,0.22895047634462765,0.176837738493521,-0.06963134638986156,-0.01115582896396448
0.07594937010656429,0.22895047634462765,0.1934958687978455,-0.06829793890901935,-0.011093694015191098
0.07974683861189251,0.22895047634462765,0.20774024530474183,-0.06647193705950923,-0.011007506828182856
0.08354430711722072,0.22895047634462765,0.21936904913482638,-0.06418482363183999,-0.010898069144214251
0.08734177562254894,0.22895047634462765,0.22811991574490043,-0.06147348755226436,-0.010762173998187302
0.09113924412787715,0.22895047634462765,0.23389193569527214,-0.05837736181091457,-0.010599019648827514
0.09493671263320537,0.22895047634462765,0.23657209041348667,-0.054939695493742086,-0.010403795648487915
0.09873418113853358,0.22895047634462765,0.23607561597020296,-0.051207235774532706,-0.010178907220991991
0.1025316496438618,0.22895047634462765,0.2323439848903997,-0.04722863787498184,-0.009920746530604513
0.10632911814919001,0.22895047634462765,0.22546801566979957,-0.04305271602077736,-0.009628511836050986
0.11012658665451823,0.22895047634462765,0.2154477083084025,-0.03873130551346406,-0.009300800090101043
0.11392405515984644,0.22895047634462765,0.20247075436403536,-0.03431560563861683,-0.00893841303402918
0.11772152366517466,0.22895047634462765,0.18658559036775013,-0.029855225641885915,-0.008538745008693286
0.12151899217050287,0.22895047634462765,0.16810907196017916,-0.025400251780898934,-0.008102597755367856
0.12531646067583108,0.22895047634462765,0.14717238141292177,-0.020998862265373893,-0.007629971274052893
0.1291139291811593,0.22895047634462765,0.12411861082093013,-0.016696691241149295,-0.007119863388155275
0.13291139768648752,0.22895047634462765,0.09918893374506771,-0.012537146798169089,-0.006573276274268122
0.13670886619181571,0.22895047634462765,0.07276983333935412,-0.008559820930557968,-0.005990410367710059
0.14050633469714394,0.22895047634462765,0.04515394697889562,-0.004801006299596908,-0.005371866974436956
0.14430380320247216,0.22895047634462765,0.016784267103939276,-0.001293219221745748,-0.004719199468168147
0.14810127170780038,0.22895047634462765,-0.01204631663680942,0.001936112114294667,-0.004033109372518817
0.15189874021312857,0.22895047634462765,-0.040867440117587014,0.004863415366640858,-0.0033146990817413957
0.1556962087184568,0.22895047634462765,-0.06938078980730457,0.007470136756921638,-0.0025658476769479825
0.15949367722378502,0.22895047634462765,-0.09706390708195774,0.009742830510023875,-0.0017882713855542933
0.16329114572911324,0.22895047634462765,-0.12369580026862144,0.011672830908358028,-0.0009837114893908724
0.16708861423444143,0.22895047634462765,-0.14879349156157073,0.013256381482602024,-0.0001546859571479318
0.17088608273976966,0.22895047634462765,-0.17208894026162427,0.014494446194460204,0.0006969136028550164
0.17468355124509788,0.22895047634462765,-0.19323148606585294,0.015392938004902499,0.0015686068035500023
0.1784810197504261,0.22895047634462765,-0.2119007415032353,0.015961933791951606,0.002458038529943196
0.1822784882557543,0.22895047634462765,-0.22791708777111988,0.016215942669920293,0.0033625029052331765
0.18607595676108252,0.22895047634462765,-0.2410020148159573,0.01617325009794246,0.004278291876025402
0.18987342526641074,0.22895047634462765,-0.2510001221006221,0.015855401116997604,0.00520410261274882
0.19367089377173893,0.22895047634462765,-0.2577852728254996,0.015287438855899541,0.006135325103075079
0.19746836227706716,0.22895047634462765,-0.2612182119638151,0.014496234989375478,0.007070355864455192
0.20126583078239538,0.22895047634462765,-0.2613171032147131,0.01351152326401705,0.008005587061153929
0.2050632992877236,0.22895047634462765,-0.258051673746286,0.012364786470333058,0.008937611292754683
0.2088607677930518,0.22895047634462765,-0.2514663237119983,0.011086553374877482,0.009864023335433972
0.21265823629838002,0.22895047634462765,-0.24165590798516023,0.00971021481606874,0.010781014918137941
0.21645570480370824,0.22895047634462765,-0.2287879362356602,0.008269479640310192,0.011685779946405857
0.22025317330903646,0.22895047634462765,-0.21299560892389147,0.0067948766141558165,0.012575712761095611
0.22405064181436465,0.22895047634462765,-0.1945594542921972,0.005317888528114412,0.013446804655834725
0.22784811031969288,0.22895047634462765,-0.17367321846478573,0.0038678516187964458,0.014296850842118338
0.2316455788250211,0.22895047634462765,-0.1507021936133414,0.002472750588876402,0.015121942831233286
0.23544304733034932,0.22895047634462765,-0.12590975337545982,0.0011580260771492678,0.01592107844658645
0.23924051583567751,0.22895047634462765,-0.09969045366033602,-5.445886742051685e-05,0.016690148764146043
0.24303798434100574,0.22895047634462765,-0.07236014101420535,-0.0011445107377894316,0.01742664834242926
0.24683545284633396,0.22895047634462765,-0.04436786244369639,-0.0020959111267256727,0.01812827217527194
0.25063292135166215,0.22895047634462765,-0.01604964638298288,-0.0028954627028543413,0.018792715256509895
0.2544303898569904,0.22895047634462765,0.012153532916481972,-0.0035341022386047236,0.019416870838704466
0.2582278583623186,0.22895047634462765,0.03985922867826618,-0.004006662104221588,0.019999436092284596
0.2620253268676468,0.22895047634462765,0.06672535790181451,-0.004310439231832967,0.020538607099382666
0.26582279537297504,0.22895047634462765,0.09229177354213228,-0.004446705653378611,0.021031878418515882
0.26962026387830323,0.22895047634462765,0.11624161995858721,-0.004421583022568562,0.02147784700245388
0.27341773238363143,0.22895047634462765,0.13823987781140246,-0.00424349855100366,0.02187531023928491
0.2772152008889597,0.22895047634462765,0.15799592791426564,-0.003923264510171775,0.02222266464645999
0.2810126693942879,0.22895047634462765,0.17518282368257526,-0.003476145283349896,0.022517905870792873
0.2848101378996161,0.22895047634462765,0.18958461891539083,-0.0029188362897472346,0.022761434782920812
0.2886076064049443,0.22895047634462765,0.2010095856772979,-0.0022708950204374354,0.022951447464976193
0.2924050749102725,0.22895047634462765,0.2092922324872019,-0.001553469006418831,0.023088144352277636
0.29620254341560076,0.22895047634462765,0.2143054134510912,-0.0007888188066370339,0.023169921962276154
0.30000001192092896,0.22895047634462765,,,
0.0,0.24100050141539753,,,
0.0037974685053282146,0.24100050141539753,-0.18256334010163447,-0.006645253857242805,-0.012938300252486098
0.007594937010656429,0.24100050141539753,-0.17776610533868567,-0.013228973169400238,-0.012932487628246007
0.011392405515984643,0.24100050141539753,-0.16983058700132148,-0.019690736419334207,-0.012923267603589311
0.015189874021312859,0.24100050141539753,-0.1589121856266673,-0.025971235117853902,-0.012909638001922892
0.018987342526641072,0.24100050141539753,-0.14511988340959028,-0.03201338683166307,-0.012890997517290876
0.022784811031969287,0.24100050141539753,-0.12871604489328914,-0.0377629711993299,-0.012867346149693266
0.026582279537297502,0.24100050141539753,-0.10987827069162147,-0.043168311923302075,-0.012837882157855566
0.030379748042625717,0.24100050141539753,-0.08894561652195176,-0.048183138841771216,-0.012802004235821902
0.03417721654795393,0.24100050141539753,-0.0661743923610972,-0.05276404386479338,-0.012757908465724662
0.037974685053282144,0.24100050141539753,-0.04195410864626822,-0.05687302503816855,-0.012706797459475588
0.04177215355861036,0.24100050141539753,-0.01658749369654024,-0.06047796355541806,-0.0126454642519767
0.045569622063938574,0.24100050141539753,0.009507687407762632,-0.06355325977375446,-0.012574309713865243
0.04936709056926679,0.24100050141539753,0.035954033362193015,-0.06607713014620954,-0.012491529927273606
0.053164559074595004,0.24100050141539753,0.062372124673509693,-0.06803367427353643,-0.012395721844971421
0.05696202757992322,0.24100050141539753,0.08836639633812075,-0.06941637299204392,-0.012286284161002817
0.060759496085251434,0.24100050141539753,0.11352311965328976,-0.07022220522587509,-0.012161613392818802
0.06455696459057965,0.24100050141539753,0.13746691150336318,-0.07045498707084923,-0.012020506928507634
0.06835443309590786,0.24100050141539753,0.1598809162477087,-0.07012584880643909,-0.011861361285520322
0.07215190160123608,0.24100050141539753,0.18036956888273445,-0.06924941879995182,-0.011682973851945123
0.07594937010656429,0.24100050141539753,0.1986503229773033,-0.06784732159436316,-0.011483741145233048
0.07974683861189251,0.24100050141539753,0.21441237745716452,-0.06594849591630239,-0.011263262294746848
0.08354430711722072,0.24100050141539753,0.22746198619810978,-0.06358410654829338,-0.011019532947300285
0.08734177562254894,0.24100050141539753,0.23750449363623904,-0.06078945237666417,-0.010751350490981616
0.09113924412787715,0.24100050141539753,0.24445513584221112,-0.05760523842348674,-0.010456309701967356
0.09493671263320537,0.24100050141539753,0.24813631220216847,-0.05407662182262219,-0.01013641493344374
0.09873418113853358,0.24100050141539753,0.2485157316954097,-0.05024875970793161,-0.009788459220312793
0.1025316496438618,0.24100050141539753,0.24549248488224296,-0.046170784313087826,-0.009411239950662767
0.10632911814919001,0.24100050141539753,0.23917151757994778,-0.041893735919673276,-0.009005358430449535
0.11012658665451823,0.24100050141539753,0.2295225569566166,-0.037467223773338186,-0.008570213353717224
0.11392405515984644,0.24100050141539753,0.2167817311011283,-0.032944832219544494,-0.008101996449411985
0.11772152366517466,0.24100050141539753,0.2009530763910705,-0.028376806519912295,-0.007604315553269045
0.12151899217050287,0.24100050141539753,0.1823817031101892,-0.023813073928076748,-0.007074164135509045
0.12531646067583108,0.24100050141539753,0.1612048480964653,-0.01930276667771067,-0.006512343937406482
0.1291139291811593,0.24100050141539753,0.13776156706726328,-0.014891677918645041,-0.005918854958961356
0.13291139768648752,0.24100050141539753,0.11231018818819417,-0.010624249266774846,-0.005293697200173667
0.13670886619181571,0.24100050141539753,0.0852523310292314,-0.006540788234190894,-0.004636970878702726
0.14050633469714394,0.24100050141539753,0.056877605682290465,-0.002677945241157211,-0.003949978824119588
0.14430380320247216,0.24100050141539753,0.02766230470271673,0.0009313658858851896,-0.003231919295149759
0.14810127170780038,0.24100050141539753,-0.002098916345589713,0.004258584054789125,-0.00248449599200154
0.15189874021312857,0.24100050141539753,-0.0319211876049097,0.007279888479932883,-0.0017087862545125353
0.1556962087184568,0.24100050141539753,-0.061486013656215956,0.00997598998948011,-0.0009056294055794813
0.15949367722378502,0.24100050141539753,-0.09025491650195304,0.012332935983091679,-7.641596522533074e-05
0.16329114572911324,0.24100050141539753,-0.11799731807242514,0.014341384976210058,0.0007772380567935116
0.16708861423444143,0.24100050141539753,-0.14420539161238324,0.015997033923289064,0.0016538920316244371
0.17088608273976966,0.24100050141539753,-0.1686050418562644,0.017300628155543393,0.0025513912795922396
0.17468355124509788,0.24100050141539753,-0.19082277774040937,0.0182572756762311,0.003467981991658961
0.1784810197504261,0.24100050141539753,-0.21053341859541122,0.018876914234881477,0.0044009582910231795
0.1822784882557543,0.24100050141539753,-0.2275396864666725,0.019173257925844945,0.005348616477476593
0.18607595676108252,0.24100050141539753,-0.2415428894127054,0.019164433204262935,0.006308601436025371
0.18987342526641074,0.24100050141539753,-0.25239872693475063,0.018871865858120597,0.00727760598391222
0.19367089377173893,0.24100050141539753,-0.25994473483490443,0.0183198039962694,0.008254026638588152
0.19746836227706716,0.24100050141539753,-0.26405982178553655,0.017535516803417722,0.009233854693680687
0.20126583078239538,0.24100050141539753,-0.2647399514090594,0.016547863504198627,0.010214985578344278
0.2050632992877236,0.24100050141539753,-0.2619508144959777,0.015388088383132204,0.01119411210982163
0.2088607677930518,0.24100050141539753,-0.25575497489890037,0.01408807174070842,0.012167626452377516
0.21265823629838002,0.24100050141539753,-0.24621096009284868,0.012679932383405947,0.013134325994100192
0.21645570480370824,0.24100050141539753,-0.23351251620203092,0.011196266129680858,0.014089400287342686
0.22025317330903646,0.24100050141539753,-0.21779889825322177,0.009669509793996762,0.015029041061051147
0.22405064181436465,0.24100050141539753,-0.19933045260082613,0.008130907660873751,0.015952045703313832
0.22784811031969288,0.24100050141539753,-0.1783362436729444,0.006609318954944887,0.0168539044194617
0.2316455788250211,0.24100050141539753,-0.15514927262055958,0.005133364394854529,0.017732713073967833
0.23544304733034932,0.24100050141539753,-0.1300884132730978,0.003728405117401429,0.01858356100152594
0.23924051583567751,0.24100050141539753,-0.10352198508543417,0.0024165426775387302,0.019404644284268413
0.24303798434100574,0.24100050141539753,-0.07578601649174241,0.0012184475942873594,0.02019285617475658
0.24683545284633396,0.24100050141539753,-0.047342672725811046,0.0001507357848602919,0.02094519014321108
0.25063292135166215,0.24100050141539753,-0.018539082260179907,-0.0007736339253562767,0.021658840095171186
0.2544303898569904,0.24100050141539753,0.010177726087316272,-0.0015447237868330547,0.0223313005891541
0.2582278583623186,0.24100050141539753,0.03840815093549791,-0.00215625314186753,0.022959865748358392
0.2620253268676468,0.24100050141539753,0.06579900924544367,-0.0026057574285764384,0.023542130348960584
0.26582279537297504,0.24100050141539753,0.09188409940577735,-0.002894508678899529,0.02407629047309306
0.26962026387830323,0.24100050141539753,0.11632638388792833,-0.003027277012610862,0.024559540026295085
0.27341773238363143,0.24100050141539753,0.13878882516332594,-0.0030116946213489333,0.024990475961336297
0.2772152008889597,0.24100050141539753,0.15896465853530706,-0.002859209792571486,0.0253674947956677
0.2810126693942879,0.24100050141539753,0.17652895560806403,-0.0025833378656383572,0.025689193482058927
0.2848101378996161,0.24100050141539753,0.19124558829271807,-0.002200615255766287,0.025954168973279613
0.2886076064049443,0.24100050141539753,0.2029228286538547,-0.0017299634380590462,0.026161018222099396
0.2924050749102725,0.24100050141539753,0.21138711245520397,-0.0011915759195601555,0.02630934035788102
0.29620254341560076,0.24100050141539753,0.21651129380275425,-0.0006075542552227588,0.026398734509987243
0.30000001192092896,0.24100050141539753,,,
0.0,0.25305052648616744,,,
0.0037974685053282146,0.25305052648616744,-0.20358277638943914,-0.006615361106658697,-0.014955882169753453
0.007594937010656429,0.25305052648616744,-0.19849290425138408,-0.013169585178213193,-0.014933533631726897
0.011392405515984643,0.25305052648616744,-0.1900730206034992,-0.019601137669578116,-0.014896052227144244
0.015189874021312859,0.25305052648616744,-0.1784805441717037,-0.02585047158557395,-0.014843437956005491
0.018987342526641072,0.25305052648616744,-0.16384665722759698,-0.03186058399490069,-0.014776091688947888
0.022784811031969287,0.25305052648616744,-0.1464236333704085,-0.037576936528141563,-0.014693111467037627
0.026582279537297502,0.25305052648616744,-0.12641329147952196,-0.04294809139373298,-0.014594697725593332
0.030379748042625717,0.25305052648616744,-0.10416276002747718,-0.04792602938594939,-0.014480850464615004
0.03417721654795393,0.25305052648616744,-0.07995256725661737,-0.05246909145876401,-0.014350567507509522
0.037974685053282144,0.25305052648616744,-0.054166169037771446,-0.05653879864599942,-0.014204249724914134
0.04177215355861036,0.25305052648616744,-0.027152712032273076,-0.06010176010923721,-0.014041696681510217
0.045569622063938574,0.25305052648616744,0.0006639841131721304,-0.06313269421367484,-0.013862507506660524
0.04936709056926679,0.25305052648616744,0.028904499905322952,-0.06560934040036674,-0.013665479588453312
0.053164559074595004,0.25305052648616744,0.057138961131092264,-0.06751675229402081,-0.013451414668163074
0.05696202757992322,0.25305052648616744,0.08496978459809432,-0.06884761571098351,-0.013219110133878068
0.060759496085251434,0.25305052648616744,0.11196507790444817,-0.069598591567413,-0.012968565985598295
0.06455696459057965,0.25305052648616744,0.13772120329138654,-0.0697731779511436,-0.012698780046730635
0.06835443309590786,0.25305052648616744,0.16190314141913265,-0.06938266414564057,-0.012409351446637842
0.07215190160123608,0.25305052648616744,0.18411129090650688,-0.06844295055015076,-0.012099478444045419
0.07594937010656429,0.25305052648616744,0.20401870516890777,-0.06697534369966501,-0.011770363650865109
0.07974683861189251,0.25305052648616744,0.22131861950967222,-0.0650062382569331,-0.011420002713910674
0.08354430711722072,0.25305052648616744,0.23580114229424123,-0.06256870705238851,-0.011046792150633124
0.08734177562254894,0.25305052648616744,0.24715950882595172,-0.05969900299631409,-0.010651934572944203
0.09113924412787715,0.25305052648616744,0.2552685913995858,-0.056437513102796884,-0.010235429980843907
0.09493671263320537,0.25305052648616744,0.2599830804219873,-0.052827804465773315,-0.009794873150508756
0.09873418113853358,0.25305052648616744,0.2612505029845165,-0.04891662425902916,-0.009329061470027001
0.1025316496438618,0.25305052648616744,0.2589295858716048,-0.04475389973619958,-0.00884080103385938
0.10632911814919001,0.25305052648616744,0.2531696750539961,-0.040389558150919734,-0.008326083135633414
0.11012658665451823,0.25305052648616744,0.2439304067558137,-0.03587463978477207,-0.0077857095166236
0.11392405515984644,0.25305052648616744,0.23138938159091516,-0.031261456951278764,-0.007221884965334799
0.11772152366517466,0.25305052648616744,0.21564750899899232,-0.026602162959969554,-0.006629598598801416
0.12151899217050287,0.25305052648616744,0.19697320808962537,-0.02194620805250218,-0.006012658688077303
0.12531646067583108,0.25305052648616744,0.17555618860943495,-0.017343042470534406,-0.0053682591387017265
0.1291139291811593,0.25305052648616744,0.15172339714302255,-0.012839890399829421,-0.004697602562586431
0.13291139768648752,0.25305052648616744,0.12574930736634984,-0.008480318934323638,-0.00400048852441279
0.13670886619181571,0.25305052648616744,0.09803957522697795,-0.004305351104073971,-0.003276917024180806
0.14050633469714394,0.25305052648616744,0.06891408364872993,-0.00035259135329925874,-0.0025262867559346066
0.14430380320247216,0.25305052648616744,0.0388360069597912,0.0033447284835745467,-0.0017507022905197413
0.14810127170780038,0.25305052648616744,0.008133300839160139,0.0067576696799181496,-0.0009495623219803395
0.15189874021312857,0.25305052648616744,-0.022698569364276444,0.009861864873885727,-0.000123568373931584
0.1556962087184568,0.25305052648616744,-0.053328872961928626,0.012637627383659754,0.0007263274858630617
0.15949367722378502,0.25305052648616744,-0.08319983302589992,0.015070179775690173,0.0015992358256772046
0.16329114572911324,0.25305052648616744,-0.11206724871213612,0.017149862557434514,0.0024939415063916876
0.16708861423444143,0.25305052648616744,-0.13940740002863675,0.0188717664806253,0.0034092043344725264
0.17088608273976966,0.25305052648616744,-0.16492891096829165,0.020236120113501718,0.004343583681067111
0.17468355124509788,0.25305052648616744,-0.18824908248106967,0.02124742525660053,0.005295501118041281
0.1784810197504261,0.25305052648616744,-0.20901826335843865,0.02191512277197456,0.006263303054016387
0.1822784882557543,0.25305052648616744,-0.22703816655140419,0.022252847251977997,0.007244734591657914
0.18607595676108252,0.25305052648616744,-0.24199294551373088,0.022277810878795577,0.00823769116012031
0.18987342526641074,0.25305052648616744,-0.25372265878350725,0.022011081681429397,0.009240368841535961
0.19367089377173893,0.25305052648616744,-0.26206988763481404,0.02147643075675352,0.010249460453147575
0.19746836227706716,0.25305052648616744,-0.2668883133800981,0.020700650277498917,0.011263262294746848
0.20126583078239538,0.25305052648616744,-0.26818298149134406,0.019712917476283585,0.012278366965917177
0.2050632992877236,0.25305052648616744,-0.26590646453189676,0.018543284107684105,0.01329277011347232
0.2088607677930518,0.25305052648616744,-0.26011224450479287,0.017223709974186676,0.014303064336995677
0.21265823629838002,0.25305052648616744,-0.2508830671505796,0.015786631890254907,0.01530524093011477
0.21645570480370824,0.25305052648616744,-0.23839249670552698,0.014263373642405121,0.01629749597496198
0.22025317330903646,0.25305052648616744,-0.22276969725244047,0.012687246567059506,0.017276822941757957
0.22405064181436465,0.25305052648616744,-0.20431436982720477,0.011089017936760747,0.018238912471152287
0.22784811031969288,0.25305052648616744,-0.18323136059239425,0.009497626478138139,0.01918085825102492
0.2316455788250211,0.25305052648616744,-0.15987788896451796,0.007941533905843574,0.020099152663299945
0.23544304733034932,0.25305052648616744,-0.13456677420662047,0.0064458628506871025,0.020991089831175935
0.23924051583567751,0.25305052648616744,-0.10768449947272146,0.005033827895569147,0.02185276126593973
0.24303798434100574,0.25305052648616744,-0.07957314776337615,0.003726020057514399,0.02268106022015266
0.24683545284633396,0.25305052648616744,-0.05070699344513609,0.0025389757517396004,0.02347318059935399
0.25063292135166215,0.25305052648616744,-0.02144325593451029,0.0014858923096196495,0.024225614785467805
0.2544303898569904,0.25305052648616744,0.007759935912300429,0.0005778205086311189,0.024935356248714746
0.2582278583623186,0.25305052648616744,0.03649087158135346,-0.0001790384955197138,0.02560020020058995
0.2620253268676468,0.25305052648616744,0.06438829527855212,-0.00078214063895335,0.02621693967599544
0.26582279537297504,0.25305052648616744,0.09096380531578802,-0.0012314859216697898,0.026782568145151855
0.26962026387830323,0.25305052648616744,0.11588440054207819,-0.001531367451465687,0.027295882996147453
0.27341773238363143,0.25305052648616744,0.13879487972970744,-0.0016892584159870687,0.027754078134521503
0.2772152008889597,0.25305052648616744,0.15937636904924965,-0.0017153350707519294,0.02815494877176914
0.2810126693942879,0.25305052648616744,0.17730394010489717,-0.0016227947471351679,0.02849729229597862
0.2848101378996161,0.25305052648616744,0.1923212829198328,-0.001427458342387416,0.02877910435396371
0.2886076064049443,0.25305052648616744,0.20424676050261126,-0.0011474523116501018,0.02900008429274647
0.2924050749102725,0.25305052648616744,0.21288864491781814,-0.0008018571340194641,0.029158227759140662
0.29620254341560076,0.25305052648616744,0.21812180846023557,-0.0004118998424900698,0.0292536349708056
0.30000001192092896,0.25305052648616744,,,
0.0,0.2651005515569373,,,
0.0037974685053282146,0.2651005515569373,-0.22445286670649992,-0.006551282497693826,-0.016767917667772084
0.007594937010656429,0.2651005515569373,-0.21906732991014785,-0.013041268956290982,-0.016729734739574245
0.011392405515984643,0.2651005515569373,-0.21016308095174227,-0.01940850433270233,-0.01666599630825187
0.015189874021312859,0.2651005515569373,-0.19790056584039314,-0.025594236651710702,-0.016577003026782895
0.018987342526641072,0.2651005515569373,-0.1824160123196844,-0.03154066796205374,-0.016462955330485942
0.022784811031969287,0.2651005515569373,-0.16397582131040248,-0.037192941886329746,-0.01632405365467964
0.026582279537297502,0.2651005515569373,-0.14279291173029707,-0.042500336150941224,-0.016160297999363978
0.030379748042625717,0.2651005515569373,-0.11921441205190803,-0.04741514955814758,-0.01597188879985759
0.03417721654795393,0.2651005515569373,-0.09356928704863064,-0.051894769037967206,-0.015760429538709462
0.037974685053282144,0.2651005515569373,-0.06621475613697393,-0.05590103363220762,-0.015524517168689226
0.04177215355861036,0.2651005515569373,-0.0375504206981175,-0.05940166553039769,-0.015265354301708629
0.045569622063938574,0.2651005515569373,-0.008000100378766944,-0.062369316045832804,-0.014983742679042164
0.04936709056926679,0.2651005515569373,0.02202651249592897,-0.06478204262755229,-0.014679281430052584
0.053164559074595004,0.2651005515569373,0.052089452768913934,-0.06662664794418124,-0.014351970554739888
0.05696202757992322,0.2651005515569373,0.08175682803830699,-0.06789438677613388,-0.014003613970971692
0.060759496085251434,0.2651005515569373,0.11060078227981486,-0.06858160203158344,-0.013633209502154877
0.06455696459057965,0.2651005515569373,0.13817327758120587,-0.06869258681832657,-0.013241959760201183
0.06835443309590786,0.2651005515569373,0.16413122184752788,-0.06823751739188126,-0.01283026561574786
0.07215190160123608,0.2651005515569373,0.1880467590544876,-0.06723261215947932,-0.01239772619815766
0.07594937010656429,0.2651005515569373,0.20960101537265888,-0.06570013168006635,-0.011943539766156088
0.07974683861189251,0.2651005515569373,0.22845493508467724,-0.0636651985844524,-0.011469710672929382
0.08354430711722072,0.2651005515569373,0.24435826278010697,-0.06116088570307097,-0.010976639789114787
0.08734177562254894,0.2651005515569373,0.2570324884053987,-0.058223445946204905,-0.010463124502800566
0.09113924412787715,0.2651005515569373,0.26632422961222085,-0.05489326632794124,-0.00992796220207497
0.09493671263320537,0.2651005515569373,0.27208414042982954,-0.05121391394221639,-0.009373558110761489
0.09873418113853358,0.2651005515569373,0.274211311418533,-0.047232771978786024,-0.00879991222886012
0.1025316496438618,0.2651005515569373,0.27263308778175305,-0.04299881366733048,-0.008205020203184627
0.10632911814919001,0.2651005515569373,0.2674261606936555,-0.03856101223753012,-0.007590485516284001
0.11012658665451823,0.2651005515569373,0.2585743846438896,-0.033973747054809204,-0.006955105556246496
0.11392405515984644,0.2651005515569373,0.24628361488942677,-0.02928662736481798,-0.006298479452434867
0.11772152366517466,0.2651005515569373,0.230590178828556,-0.02455180647708615,-0.005621809816760857
0.12151899217050287,0.2651005515569373,0.2118412049338171,-0.019820960689166042,-0.0049230922960382265
0.12531646067583108,0.2651005515569373,0.19017191185439716,-0.015141950202790714,-0.00420413080813459
0.1291139291811593,0.2651005515569373,0.16595162813956818,-0.01056263521969324,-0.003463522305819581
0.13291139768648752,0.2651005515569373,0.1394548274652919,-0.0061269008417949656,-0.0027012667890932
0.13670886619181571,0.2651005515569373,0.1110992749118924,-0.001876088107137747,-0.0019175646932740702
0.14050633469714394,0.2651005515569373,0.08120182612000201,0.0021515625240897045,-0.001113217759636687
0.14430380320247216,0.2651005515569373,0.05026702828807979,0.005923057723450141,-0.0002871235939286198
0.14810127170780038,0.2651005515569373,0.018615773434345683,0.009409140756329329,0.0005602167155535723
0.15189874021312857,0.2651005515569373,-0.01323528210997821,0.012584211979939813,0.0014281016451947058
0.1556962087184568,0.2651005515569373,-0.04494001896674897,0.015428733778707005,0.002316030106698221
0.15949367722378502,0.2651005515569373,-0.0759252715185171,0.01792754114684921,0.0032236763926713546
0.16329114572911324,0.2651005515569373,-0.10593018886367929,0.020070100069865378,0.0041503139250840945
0.16708861423444143,0.2651005515569373,-0.13441692368867814,0.021851242918000273,0.005094865364098838
0.17088608273976966,0.2651005515569373,-0.16107618856085823,0.023270512554775555,0.006056503914026263
0.17468355124509788,0.2651005515569373,-0.18551544575981846,0.02433194370650011,0.007033626092317377
0.1784810197504261,0.2651005515569373,-0.20736587128348521,0.02504436109475595,0.00802502928706044
0.1822784882557543,0.2651005515569373,-0.22642060078049028,0.025421001801916095,0.009029009798047145
0.18607595676108252,0.2651005515569373,-0.24234511945825532,0.025478481745193515,0.010044314904536097
0.18987342526641074,0.2651005515569373,-0.25498200859086106,0.025237034182629854,0.011068038294407249
0.19367089377173893,0.2651005515569373,-0.26414761299806844,0.0247202712071067,0.012099077573408171
0.19746836227706716,0.2651005515569373,-0.26970368674749967,0.02395426947338892,0.01313422577644088
0.20126583078239538,0.2651005515569373,-0.27163307523440716,0.022967808704113336,0.014171578767978452
0.2050632992877236,0.2651005515569373,-0.26990348743808945,0.021790543143875362,0.015207729147604281
0.2088607677930518,0.2651005515569373,-0.2645512507568357,0.020453796579191316,0.016240271691494883
0.21265823629838002,0.2651005515569373,-0.2556550745536055,0.018989687816539876,0.017267001611145392
0.21645570480370824,0.2651005515569373,-0.24340265038622552,0.01743041516439594,0.018283509329546085
0.22025317330903646,0.2651005515569373,-0.22791406048792912,0.015807222907279598,0.019287690275851414
0.22405064181436465,0.2651005515569373,-0.209501115027364,0.014150957819729776,0.020275034655392345
0.22784811031969288,0.2651005515569373,-0.1883646237895168,0.012491353648338114,0.021243437897323324
0.2316455788250211,0.2651005515569373,-0.16487189713486577,0.010856395095779093,0.022188590642293938
0.23544304733034932,0.2651005515569373,-0.1393498816480124,0.009271204792862763,0.023107586578184146
0.23924051583567751,0.2651005515569373,-0.11218304229418248,0.007758917820493316,0.02399651721628078
0.24303798434100574,0.2651005515569373,-0.08372456211229735,0.006340602207672848,0.024852776897441732
0.24683545284633396,0.2651005515569373,-0.05447091554564072,0.0050323173576406945,0.025671956044657277
0.25063292135166215,0.2651005515569373,-0.024777303821927794,0.003848691637703972,0.026451248563466683
0.2544303898569904,0.2651005515569373,0.004890071447465264,0.002800060307373144,0.027188249230046462
0.2582278583623186,0.2651005515569373,0.03408922691668831,0.0018931015343318937,0.02787794716143102
0.2620253268676468,0.2651005515569373,0.06246294316923232,0.00113163141439947,0.028518738875071368
0.26582279537297504,0.2651005515569373,0.08951676395060743,0.0005154909435834033,0.029108018711825397
0.26962026387830323,0.2651005515569373,0.11488741527792308,4.150004203432087e-05,0.029641978400639247
0.27341773238363143,0.2651005515569373,0.13822373230105178,-0.0002971784619239299,0.03011921489428256
0.2772152008889597,0.2651005515569373,0.15919876843539205,-0.0005105618198168747,0.03053772383956909
0.2810126693942879,0.2651005515569373,0.17746943158599174,-0.0006105753310796634,0.03089469914203811
0.2848101378996161,0.2651005515569373,0.1927844572480182,-0.0006120858690081156,0.031189539495733748
0.2886076064049443,0.2651005515569373,0.20493799016450018,-0.0005327428767662531,0.0314197394591732
0.2924050749102725,0.2651005515569373,0.21375848428796157,-0.00039059330749926905,0.031585299032356476
0.29620254341560076,0.2651005515569373,0.21908952998688005,-0.00020591017024691773,0.03168461473273458
0.30000001192092896,0.2651005515569373,,,
0.0,0.27715057662770715,,,
0.0037974685053282146,0.27715057662770715,-0.24506664704674352,-0.0064547670742653475,-0.01835877279168933
0.007594937010656429,0.27715057662770715,-0.23938443649769753,-0.012847999603445324,-0.018305456996935393
0.011392405515984643,0.27715057662770715,-0.22999884951196198,-0.019119355572398068,-0.01821706502142229
0.015189874021312859,0.27715057662770715,-0.21706831390985304,-0.02520984449991771,-0.01809369708280933
0.018987342526641072,0.27715057662770715,-0.20073511200133617,-0.031062224948715533,-0.017935553616415138
0.022784811031969287,0.27715057662770715,-0.18127775383996075,-0.03662211755336725,-0.01774353658117352
0.026582279537297502,0.27715057662770715,-0.15892429475943032,-0.04183840253029419,-0.017518648153677596
0.030379748042625717,0.27715057662770715,-0.1340339723650477,-0.04666449170970302,-0.01726128920456461
0.03417721654795393,0.27715057662770715,-0.10693978780779588,-0.051056658993664884,-0.016972261475109066
0.037974685053282144,0.27715057662770715,-0.07802923333609141,-0.05497706143197222,-0.016652166271266828
0.04177215355861036,0.27715057662770715,-0.04772209221905226,-0.05839485225008612,-0.016302607075586888
0.045569622063938574,0.27715057662770715,-0.016434111348208685,-0.061281728737347156,-0.015923784323387872
0.04936709056926679,0.27715057662770715,0.01537859860903232,-0.06361654336275699,-0.015517702367856016
0.053164559074595004,0.27715057662770715,0.04725185423008841,-0.06538498576699345,-0.015086365562177559
0.05696202757992322,0.27715057662770715,0.07876587224584165,-0.06657846973446323,-0.01462817042380351
0.060759496085251434,0.27715057662770715,0.1094463782897405,-0.06719413319330189,-0.014146323917831851
0.06455696459057965,0.27715057662770715,0.1388312071279965,-0.06723579223932868,-0.013640826044262581
0.06835443309590786,0.27715057662770715,0.16656919391048208,-0.0667136231280616,-0.013112879415007444
0.07215190160123608,0.27715057662770715,0.1922001915922026,-0.06564320825076256,-0.012564087512615429
0.07594937010656429,0.27715057662770715,0.21538110807820593,-0.06404617215040731,-0.011996053819635527
0.07974683861189251,0.27715057662770715,0.23578499678389053,-0.061949227497730595,-0.01140717485351875
0.08354430711722072,0.27715057662770715,0.25312123852294405,-0.0593838570832412,-0.01079985583808858
0.08734177562254894,0.27715057662770715,0.26712343237458,-0.05638631381722198,-0.010173695902707771
0.09113924412787715,0.27715057662770715,0.2775736139490642,-0.05299698471375997,-0.009532703753748801
0.09493671263320537,0.27715057662770715,0.28437894656188006,-0.049259436866791594,-0.00887287068483919
0.09873418113853358,0.27715057662770715,0.2873860478646961,-0.04522073545808757,-0.008197002790439676
0.1025316496438618,0.27715057662770715,0.2865343721936972,-0.04092826367740356,-0.007505100070550254
0.10632911814919001,0.27715057662770715,0.2818925379678738,-0.036433538818299416,-0.0067963607838964326
0.11012658665451823,0.27715057662770715,0.27343229054411217,-0.03178839618231991,-0.0060731901543016956
0.11392405515984644,0.27715057662770715,0.261379667067322,-0.02704339903907009,-0.005333583828579807
0.11772152366517466,0.27715057662770715,0.24575484942544168,-0.022250382690094734,-0.004578744418642506
0.12151899217050287,0.27715057662770715,0.22691303884618633,-0.01746054642096875,-0.003807870183215301
0.12531646067583108,0.27715057662770715,0.2050055994890937,-0.012723340473349892,-0.00302096112229819
0.1291139291811593,0.27715057662770715,0.18039782352584816,-0.008084398993076667,-0.0022186185418470454
0.13291139768648752,0.27715057662770715,0.15337629376517445,-0.0035888791140101777,-0.0013998402652687474
0.13670886619181571,0.27715057662770715,0.124366848042572,0.000721401113830321,-0.0005652275985191678
0.14050633469714394,0.27715057662770715,0.09370854207540534,0.00480939376019963,0.00028642207031343643
0.14430380320247216,0.27715057662770715,0.061911977628515025,0.008640753962724517,0.0011547078705918174
0.14810127170780038,0.27715057662770715,0.02930511038089945,0.012185429966828407,0.0020388280610414804
0.15189874021312857,0.27715057662770715,-0.003570175976296348,0.015418935157671124,0.002939183512299672
0.1556962087184568,0.27715057662770715,-0.03635262564897568,0.018320837522220447,0.003856375530322265
0.15949367722378502,0.27715057662770715,-0.06845948662291831,0.02087531616322574,0.0047893017208568275
0.16329114572911324,0.27715057662770715,-0.09961275339177332,0.02307143955620479,0.00573796208390336
0.16708861423444143,0.27715057662770715,-0.12925439675404496,0.024903642561421184,0.006701504769357711
0.17088608273976966,0.27715057662770715,-0.15706756106910097,0.026371010905918237,0.0076795289065826325
0.17468355124509788,0.27715057662770715,-0.18263801308700642,0.027476724669545313,0.008671132536644317
0.1784810197504261,0.27715057662770715,-0.20558683786171855,0.028229409818893842,0.009675213265290335
0.1822784882557543,0.27715057662770715,-0.22568900734272465,0.028641309661383913,0.010690718807097911
0.18607595676108252,0.27715057662770715,-0.24261252947343862,0.028728682355245443,0.011715344155902871
0.18987342526641074,0.27715057662770715,-0.25616769450723986,0.028511164893548314,0.012748788658727278
0.19367089377173893,0.27715057662770715,-0.2661839654910492,0.02801165385120801,0.013787845350473152
0.19746836227706716,0.27715057662770715,-0.2724968600381691,0.027255669369015755,0.014831612272206687
0.20126583078239538,0.27715057662770715,-0.27509527811023327,0.02627095764365733,0.01587698267648921
0.2050632992877236,0.27715057662770715,-0.27393683774257127,0.02508725242172437,0.016921952210134487
0.2088607677930518,0.27715057662770715,-0.2690487844838998,0.02373563898374451,0.017964015431659718
0.21265823629838002,0.27715057662770715,-0.26053000958511696,0.022246646096271718,0.018999664722988988
0.21645570480370824,0.27715057662770715,-0.24853692267774496,0.020652313063788442,0.020026394642639497
0.22025317330903646,0.27715057662770715,-0.2332279515821,0.01898444068478841,0.021040396919557395
0.22405064181436465,0.27715057662770715,-0.2148785790685407,0.017272842207859494,0.022039967853534376
0.22784811031969288,0.27715057662770715,-0.19373199688672435,0.015547171877597101,0.023019996343945536
0.2316455788250211,0.27715057662770715,-0.17012927894280924,0.01383493738469831,0.023978478037604636
0.23544304733034932,0.27715057662770715,-0.1444357174084798,0.012161579367958107,0.02491050226920539
0.23924051583567751,0.27715057662770715,-0.11701054988903882,0.010550232908280683,0.025814064685561564
0.24303798434100574,0.27715057662770715,-0.08824934138807825,0.009021250516702026,0.026683953968388935
0.24683545284633396,0.27715057662770715,-0.05863645721611877,0.007591645620416284,0.02751776489386402
0.25063292135166215,0.27715057662770715,-0.02853718954484475,0.006276364594715508,0.028311689190932965
0.2544303898569904,0.27715057662770715,0.0015439144272847408,0.005085742699110165,0.029061718153223292
0.2582278583623186,0.27715057662770715,0.031195144186327108,0.004026776109268874,0.029766248298186016
0.2620253268676468,0.27715057662770715,0.06001891653989661,0.0031040759409732264,0.030420870048811405
0.26582279537297504,0.27715057662770715,0.08751270247832801,0.002317642194223222,0.031022576875320108
0.26962026387830323,0.27715057662770715,0.1133192825851123,0.0016652488131243008,0.03156936442452588
0.27341773238363143,0.27715057662770715,0.1370612555558021,0.0011406151399739493,0.03205822616664938
0.2772152008889597,0.27715057662770715,0.15840158386182673,0.0007347574491976886,0.03248605535425192
0.2810126693942879,0.27715057662770715,0.17700928454099707,0.0004366249633189468,0.03285255133435557
0.2848101378996161,0.27715057662770715,0.19259676569019143,0.00023127130704566937,0.03315430670654373
0.2886076064049443,0.27715057662770715,0.20497835394037692,0.00010343209710086485,0.03339061994720121
0.2924050749102725,0.27715057662770715,0.21396131226174211,3.5537392316746034e-05,0.033560488879734895
0.29620254341560076,0.27715057662770715,0.21939326740035242,7.632191638495792e-06,0.03366291132755167
0.30000001192092896,0.27715057662770715,,,
0.0,0.28920060169847706,,,
0.0037974685053282146,0.28920060169847706,-0.2653191715928904,-0.006327563880290418,-0.019704896391566893
0.007594937010656429,0.28920060169847706,-0.25934836004632583,-0.012593990725476635,-0.019637850777487226
0.011392405515984643,0.28920060169847706,-0.24948244412765724,-0.01873973354037914,-0.019526408740332384
0.015189874021312859,0.28920060169847706,-0.23588590622358235,-0.024706199353773224,-0.019371071368398923
0.018987342526641072,0.28920060169847706,-0.2187131377768296,-0.03043662374034758,-0.01917304127359859
0.022784811031969287,0.28920060169847706,-0.1982487034073299,-0.03587702484465909,-0.01893261910890932
0.026582279537297502,0.28920060169847706,-0.1747287312039621,-0.040976998401095206,-0.018650706833264922
0.030379748042625717,0.28920060169847706,-0.14853465884876124,-0.04568947922788519,-0.01832900814687369
0.03417721654795393,0.28920060169847706,-0.1199974693039165,-0.0499717747530512,-0.017968024138032196
0.037974685053282144,0.28920060169847706,-0.08954703678251497,-0.053787075552336756,-0.017570560901201165
0.04177215355861036,0.28920060169847706,-0.05759910817608693,-0.05710310381527071,-0.017137620612973716
0.045569622063938574,0.28920060169847706,-0.024593648641688694,-0.05989251085514845,-0.01667060632058022
0.04936709056926679,0.28920060169847706,0.00898497651015904,-0.06213494416093399,-0.01617132194188829
0.053164559074595004,0.28920060169847706,0.04268469298963695,-0.06381545735733529,-0.015640368782853794
0.05696202757992322,0.28920060169847706,0.07601306273104899,-0.06492514622077408,-0.015082356855805083
0.060759496085251434,0.28920060169847706,0.10853012057733885,-0.06546194369934828,-0.014496283984149039
0.06455696459057965,0.28920060169847706,0.13971517381969678,-0.06542918887689975,-0.013886158874258136
0.06835443309590786,0.28920060169847706,0.16921705760799527,-0.06483705800894644,-0.01325238239676962
0.07215190160123608,0.28920060169847706,0.1965473702541259,-0.06370113348675031,-0.012597359775506982
0.07594937010656429,0.28920060169847706,0.22137109241831196,-0.062041131805377486,-0.01192109101047022
0.07974683861189251,0.28920060169847706,0.24330073185213677,-0.05988535567548736,-0.011226783066757314
0.08354430711722072,0.28920060169847706,0.2620739240124017,-0.057264969879603805,-0.010515638556280005
0.08734177562254894,0.28920060169847706,0.27736372231450523,-0.0542155913120398,-0.009789260961587288
0.09113924412787715,0.28920060169847706,0.28901270803252815,-0.05077633495494263,-0.009046447670767416
0.09493671263320537,0.28920060169847706,0.2968352077974375,-0.04699140391821859,-0.008290806519555622
0.09873418113853358,0.28920060169847706,0.3007222394143661,-0.042906909359683595,-0.007523139249226398
0.1025316496438618,0.28920060169847706,0.3006051844643236,-0.0385702344690933,-0.006741842377230754
0.10632911814919001,0.28920060169847706,0.29650422483524835,-0.03403289654000755,-0.005951325480578414
0.11012658665451823,0.28920060169847706,0.2884556879254293,-0.02934482282606151,-0.005147579852896903
0.11392405515984644,0.28920060169847706,0.2766291015935488,-0.0245581666367849,-0.0043338124592842
0.11772152366517466,0.28920060169847706,0.2610809751258343,-0.019723809249767688,-0.0035092215584658117
0.12151899217050287,0.28920060169847706,0.24214632786206244,-0.014892313934614914,-0.002674608891716232
0.12531646067583108,0.28920060169847706,0.21999468766091562,-0.010112812924999394,-0.001829573588398214
0.1291139291811593,0.28920060169847706,0.1950095103932227,-0.005431576382729506,-0.0009731134719186381
0.13291139768648752,0.28920060169847706,0.16745719697977005,-0.0008934434336814136,-0.00010663158950787135
0.13670886619181571,0.28920060169847706,0.13780596722072766,0.003460721896080436,0.000771275106064453
0.14050633469714394,0.28920060169847706,0.10638276770069707,0.007592758648363564,0.0016602057441610875
0.14430380320247216,0.28920060169847706,0.07371636388366332,0.01146832196079474,0.002559959889463408
0.14810127170780038,0.28920060169847706,0.04015792061975395,0.015058234600755964,0.003472141024520405
0.15189874021312857,0.28920060169847706,0.006264458016067759,0.018336817423463547,0.004396849366991391
0.1556962087184568,0.28920060169847706,-0.027606804510886235,0.02128316140390786,0.005332782087305311
0.15949367722378502,0.28920060169847706,-0.06083527390700338,0.02388172390182509,0.006280941362055283
0.16329114572911324,0.28920060169847706,-0.09314546740192502,0.026121334886744316,0.007240976429433717
0.16708861423444143,0.28920060169847706,-0.12394605567905714,0.02799539569297809,0.008213338268907517
0.17088608273976966,0.28920060169847706,-0.15292220128656128,0.029502634288586658,0.009196774159735282
0.17468355124509788,0.28920060169847706,-0.17963494816177805,0.030645952496432573,0.010191334210746668
0.1784810197504261,0.28920060169847706,-0.2036927676787032,0.031433022259152454,0.011196116463007869
0.1822784882557543,0.28920060169847706,-0.22486558631483944,0.031875291864204035,0.012210118739925765
0.18607595676108252,0.28920060169847706,-0.24279113918169312,0.031989059220815366,0.013232639517885175
0.18987342526641074,0.28920060169847706,-0.25729687113739125,0.03179268929011657,0.014261975096677794
0.19367089377173893,0.28920060169847706,-0.26817289054737486,0.031307965619075846,0.015296722429073257
0.19746836227706716,0.28920060169847706,-0.2752738878184878,0.03056128287044301,0.016334376073588765
0.20126583078239538,0.28920060169847706,-0.27856151736364704,0.02957871769898291,0.01737453515958707
0.2050632992877236,0.28920060169847706,-0.27799945178456364,0.02838904982733238,0.018413692068992255
0.2088607677930518,0.28920060169847706,-0.2736109002523667,0.027022887524041632,0.019449642013299462
0.21265823629838002,0.28920060169847706,-0.26549475401795414,0.025510759555664654,0.020479779333366574
0.21645570480370824,0.28920060169847706,-0.253799349957673,0.0238835921987366,0.021501899240688738
0.22025317330903646,0.28920060169847706,-0.23868715226942708,0.022172788741770026,0.022512293681871406
0.22405064181436465,0.28920060169847706,-0.22045281651711646,0.020408003429360343,0.023507455038838665
0.22784811031969288,0.28920060169847706,-0.1993163252792693,0.01861841349412555,0.0244847776524484
0.2316455788250211,0.28920060169847706,-0.1756530616715391,0.016831367622770252,0.025440453251646768
0.23544304733034932,0.28920060169847706,-0.14980813597767192,0.015071829442112035,0.026371475306654405
0.23924051583567751,0.28920060169847706,-0.12217711320125965,0.013363013535051321,0.027273434240461587
0.24303798434100574,0.28920060169847706,-0.09313739464674968,0.011725272412624098,0.028143724393926206
0.24683545284633396,0.28920060169847706,-0.06320361845657023,0.010176096514001922,0.028978337060675784
0.25063292135166215,0.28920060169847706,-0.03273905861361185,0.008729478190522031,0.02977386484029372
0.2544303898569904,0.28920060169847706,-0.002260371449096614,0.007397024733634641,0.030526699897044783
0.2582278583623186,0.28920060169847706,0.027798532446300678,0.006186209330985777,0.031232833524556494
0.2620253268676468,0.28920060169847706,0.05704208806898812,0.005101484094364563,0.031889660063686744
0.26582279537297504,0.28920060169847706,0.08495565727653746,0.004144280059703216,0.032494373419974805
0.26962026387830323,0.28920060169847706,0.11116789333088284,0.0033122916691109396,0.033043766628322695
0.27341773238363143,0.28920060169847706,0.13528424032282926,0.002599635774866395,0.03353493337661036
0.2772152008889597,0.28920060169847706,0.15698683351734752,0.001999077695312257,0.033966270182288816
0.2810126693942879,0.28920060169847706,0.1758972625155933,0.0014998846609568918,0.03433436964494146
0.2848101378996161,0.28920060169847706,0.19175013549117714,0.0010885413324404625,0.03463832980563448
0.2886076064049443,0.28920060169847706,0.2043496881310969,0.0007503398404596176,0.034876948052456135
0.2924050749102725,0.28920060169847706,0.21348501970639677,0.0004685052638089136,0.035047618726264315
0.29620254341560076,0.28920060169847706,0.2190088024351266,0.00022459313936198556,0.03515044204471834
0.30000001192092896,0.28920060169847706,,,
0.0,0.3012506267692469,,,
0.0037974685053282146,0.3012506267692469,-0.28512365822680563,-0.006172057975656066,-0.020793260171694226
0.007594937010656429,0.3012506267692469,-0.2788652547771194,-0.01228440995214015,-0.020713587132541258
0.011392405515984643,0.3012506267692469,-0.2685240553975024,-0.018277349930280268,-0.020581500257568164
0.015189874021312859,0.3012506267692469,-0.25427362432422457,-0.024093079958814063,-0.020397500635071498
0.018987342526641072,0.3012506267692469,-0.23626431662242664,-0.029675710134388796,-0.02016198913568851
0.022784811031969287,0.3012506267692469,-0.21480188789437493,-0.034971815115535,-0.01987676967728682
0.026582279537297502,0.3012506267692469,-0.19013255717291735,-0.03993146764861752,-0.019543245307096783
0.030379748042625717,0.3012506267692469,-0.16263978032888288,-0.044508397571827965,-0.01916241820171153
0.03417721654795393,0.3012506267692469,-0.13268784043955892,-0.04866062783115461,-0.018737094455591786
0.037974685053282144,0.3012506267692469,-0.1007076208124295,-0.052351905516314606,-0.018268075810012052
0.04177215355861036,0.3012506267692469,-0.06713303203816944,-0.055548998792882,-0.01775836879475168
0.045569622063938574,0.3012506267692469,-0.032428257539361065,-0.05822614901407687,-0.017208975586403795
0.04936709056926679,0.3012506267692469,0.0029102282407118905,-0.06036332167684816,-0.016624105326659495
0.053164559074595004,0.3012506267692469,0.03838998723635338,-0.061944775385941474,-0.016005962804023638
0.05696202757992322,0.3012506267692469,0.07354279964739341,-0.06296208292975598,-0.015354948889133475
0.060759496085251434,0.3012506267692469,0.10785604552019754,-0.06341333626038204,-0.014675473158998732
0.06455696459057965,0.3012506267692469,0.14083728678906973,-0.06330235147363891,-0.013968738225531149
0.06835443309590786,0.3012506267692469,0.17207884931765507,-0.06263771478511991,-0.013238351924465954
0.07215190160123608,0.3012506267692469,0.2011084769281959,-0.061434372570117066,-0.012485115997077644
0.07594937010656429,0.3012506267692469,0.22754271374986323,-0.05971490339556095,-0.011712237408464202
0.07974683861189251,0.3012506267692469,0.25098599477906525,-0.05750538391621642,-0.010923323994360853
0.08354430711722072,0.3012506267692469,0.2711799918501909,-0.054835070866697706,-0.010117574013493103
0.08734177562254894,0.3012506267692469,0.287769503735525,-0.05174021715728766,-0.009297793560321685
0.09113924412787715,0.3012506267692469,0.3005809661987976,-0.04826089179408839,-0.008466387858670087
0.09493671263320537,0.3012506267692469,0.3094125603606251,-0.044439389839096566,-0.0076253612617245455
0.09873418113853358,0.3012506267692469,0.314195667802017,-0.04032086842617327,-0.006772709416298822
0.1025316496438618,0.3012506267692469,0.3147688334194665,-0.035954618792983804,-0.005914445381951632
0.10632911814919001,0.3012506267692469,0.31124911216301604,-0.03138802412928382,-0.005047362193584993
0.11012658665451823,0.3012506267692469,0.30357999474643826,-0.026671965712663295,-0.004174666816296888
0.11392405515984644,0.3012506267692469,0.29198751831464276,-0.021860186892576634,-0.003295557508812821
0.11772152366517466,0.3012506267692469,0.27650801026591865,-0.01700134289071925,-0.00241203862431903
0.12151899217050287,0.3012506267692469,0.257484562695218,-0.012144406936771492,-0.0015229075509037718
0.12531646067583108,0.3012506267692469,0.2350988125939862,-0.007339624292353453,-0.0006277634179297991
0.1291139291811593,0.3012506267692469,0.20972210670028904,-0.0026331061152810482,0.00027138942141665003
0.13291139768648752,0.3012506267692469,0.1816531369556143,0.00193158050050931,0.0011769561909590613
0.13670886619181571,0.3012506267692469,0.15135608678254434,0.006312140493020957,0.0020881351494229394
0.14050633469714394,0.3012506267692469,0.11916597552085595,0.010471366928016227,0.003004525426171037
0.14430380320247216,0.3012506267692469,0.08564587784402947,0.014376345979054106,0.003928131374389592
0.14810127170780038,0.3012506267692469,0.051136867658223215,0.01799638987558814,0.004858351688122733
0.15189874021312857,0.3012506267692469,0.016212110580886695,0.02130573997083841,0.005794985932051836
0.1556962087184568,0.3012506267692469,-0.01873787385637278,0.02428356674179152,0.0067402388946817635
0.15949367722378502,0.3012506267692469,-0.05309148350505364,0.026913731283211898,0.007693108399419396
0.16329114572911324,0.3012506267692469,-0.08655406280125578,0.029185262319619206,0.008654095534561293
0.16708861423444143,0.3012506267692469,-0.11852620967320986,0.031090925169356125,0.009622999864788831
0.17088608273976966,0.3012506267692469,-0.14866483202596367,0.032628811784513025,0.010600422696057881
0.17468355124509788,0.3012506267692469,-0.17652895560806403,0.03380138672697318,0.011585762722412572
0.1784810197504261,0.3012506267692469,-0.20170586081117142,0.03461572567440143,0.012578719290874969
0.1822784882557543,0.3012506267692469,-0.2239563922632162,0.035083038408266834,0.013578991748467134
0.18607595676108252,0.3012506267692469,-0.2429011304709572,0.035217714789887784,0.014585778353914574
0.18987342526641074,0.3012506267692469,-0.2583715566701091,0.03503859679237184,0.015597074754031048
0.19367089377173893,0.3012506267692469,-0.2701325518661899,0.034566513938732384,0.01661338203711312
0.19746836227706716,0.3012506267692469,-0.2780256882388835,0.03382627085179452,0.0176322949793373
0.20126583078239538,0.3012506267692469,-0.28203784756103,0.032844580202293,0.018651308139220793
0.2050632992877236,0.3012506267692469,-0.2820943568472574,0.03164863167293996,0.019669820210807726
0.2088607677930518,0.3012506267692469,-0.2782315434958548,0.030268238512323267,0.020685125317296677
0.21265823629838002,0.3012506267692469,-0.2705402260025448,0.02873377048300444,0.02169471801720485
0.21645570480370824,0.3012506267692469,-0.25917984128204047,0.02707551784554876,0.0226956919984122
0.22025317330903646,0.3012506267692469,-0.24429973530508572,0.025323611856529038,0.02368584247241386
0.22405064181436465,0.3012506267692469,-0.22620667276834364,0.023507786262536915,0.024661962474111856
0.22784811031969288,0.3012506267692469,-0.20511861806154855,0.021656979790201685,0.025620845038408203
0.2316455788250211,0.3012506267692469,-0.18142508162191082,0.01979742809828068,0.02655928320020492
0.23544304733034932,0.3012506267692469,-0.15547319192197032,0.017954253817583945,0.02747306781781091
0.23924051583567751,0.3012506267692469,-0.1276625503429066,0.016151307546981783,0.028359793667402683
0.24303798434100574,0.3012506267692469,-0.09838468551072396,0.0144078287695629,0.029215652477926388
0.24683545284633396,0.3012506267692469,-0.06816432651181976,0.012741148920506382,0.030036435107690922
0.25063292135166215,0.3012506267692469,-0.03737080189546607,0.011166532383089218,0.030818934591598308
0.2544303898569904,0.3012506267692469,-0.006534895314441818,0.00969479142879928,0.03156014439986919
0.2582278583623186,0.3012506267692469,0.02390544626299053,0.008334035261252468,0.03225645669676833
0.2620253268676468,0.3012506267692469,0.053540530511682206,0.007089829020185185,0.032904664517197764
0.26582279537297504,0.3012506267692469,0.08184159196764812,0.005963365235540947,0.03350136046074087
0.26962026387830323,0.3012506267692469,0.10843022023204395,0.004952815361406363,0.03404363821527761
0.27341773238363143,0.3012506267692469,0.1329047957348963,0.004054204297969718,0.03452879190400656
0.2772152008889597,0.3012506267692469,0.15493534460841296,0.0032598998535925154,0.034954716956082175
0.2810126693942879,0.3012506267692469,0.1741394200761619,0.002560520792719104,0.03531870749470303
0.2848101378996161,0.3012506267692469,0.1902455757453722,0.0019443008199068032,0.035619661125616695
0.2886076064049443,0.3012506267692469,0.20303685632070642,0.001395975551878621,0.035854871972021744
0.2924050749102725,0.3012506267692469,0.21232557024433782,0.0009002806053575662,0.03602423981625887
0.29620254341560076,0.3012506267692469,0.2179331078080119,0.00044107707510806935,0.036125660087482525
0.30000001192092896,0.3012506267692469,,,
0.0,0.3133006518400168,,,
0.0037974685053282146,0.3133006518400168,-0.3043953430191481,-0.005991588444204134,-0.02161073561870147
0.007594937010656429,0.3133006518400168,-0.2978543931383248,-0.011924504415187333,-0.021519938419364882
0.011392405515984643,0.3133006518400168,-0.2870429557697439,-0.01773975743174372,-0.02136881018912252
0.015189874021312859,0.3133006518400168,-0.2721426679048508,-0.023380583068561986,-0.021158353104567512
0.018987342526641072,0.3133006518400168,-0.2533149846471523,-0.02879172743825927,-0.020890170648248843
0.022784811031969287,0.3133006518400168,-0.2308686888821054,-0.03392111673330208,-0.020564763908463075
0.026582279537297502,0.3133006518400168,-0.20506009058652727,-0.038719618720017605,-0.02018443789137438
0.030379748042625717,0.3133006518400168,-0.17629686389677288,-0.043141122240589934,-0.01975149760314693
0.03417721654795393,0.3133006518400168,-0.144938246418145,-0.04714516077893579,-0.019267045438033162
0.037974685053282144,0.3133006518400168,-0.11145851251719527,-0.05069460690281374,-0.018735490973042796
0.04177215355861036,0.3133006518400168,-0.07626735451907236,-0.05375765981373005,-0.018156633772857207
0.045569622063938574,0.3133006518400168,-0.03990564702052442,-0.05630935588486714,-0.017536486897035113
0.04936709056926679,0.3133006518400168,-0.0028295006889584398,-0.05832966061317397,-0.016874649474939267
0.053164559074595004,0.3133006518400168,0.03442626444525897,-0.05980235559141872,-0.016175931954216637
0.05696202757992322,0.3133006518400168,0.07135911937246257,-0.06071917261199303,-0.015443140429327956
0.060759496085251434,0.3133006518400168,0.10745644413901796,-0.06107979366691195,-0.01467908099473396
0.06455696459057965,0.3133006518400168,0.14219754603611537,-0.060886126804085124,-0.013887762356807125
0.06835443309590786,0.3133006518400168,0.17517071454981223,-0.06014675823910584,-0.013070387127459194
0.07215190160123608,0.3133006518400168,0.20586736610406178,-0.05887790637920592,-0.01223136488369989
0.07594937010656429,0.3133006518400168,0.23387579018492144,-0.05710087775937615,-0.011373902590627196
0.07974683861189251,0.3133006518400168,0.258840785564676,-0.054840158994456704,-0.01049800024824111
0.08354430711722072,0.3133006518400168,0.28042733290354865,-0.052125960843016635,-0.00960886917482585
0.08734177562254894,0.3133006518400168,0.2982923401065873,-0.04899421820735386,-0.00870851372356766
0.09113924412787715,0.3133006518400168,0.3122460974271712,-0.045483728061630736,-0.007798537377015524
0.09493671263320537,0.3133006518400168,0.3221069678738552,-0.04163551343590417,-0.006880142747081188
0.09873418113853358,0.3133006518400168,0.3277256054758953,-0.03749568548799008,-0.005957739410774376
0.1025316496438618,0.3133006518400168,0.3290212826815382,-0.03311067338368931,-0.005029723885546097
0.10632911814919001,0.3133006518400168,0.3260505087770112,-0.028529450352682208,-0.0040981005245825895
0.11012658665451823,0.3133006518400168,0.31876888360885,-0.02380289767255875,-0.0031660762929818344
0.11392405515984644,0.3133006518400168,0.3073903351892011,-0.01898062458896916,-0.002233250320106584
0.11772152366517466,0.3133006518400168,0.2919915546922304,-0.014112240347563658,-0.0012988208646823429
0.12151899217050287,0.3133006518400168,0.2728833431921887,-0.009247036186007527,-0.0003639905386208541
0.12531646067583108,0.3133006518400168,0.25024330130293354,-0.004434621349950992,0.0005692363048916441
0.1291139291811593,0.3133006518400168,0.22449928504875816,0.00028016503472978304,0.0015036657603158853
0.13291139768648752,0.3133006518400168,0.195905586217686,0.004853755874098387,0.0024368926038283835
0.13670886619181571,0.3133006518400168,0.16495867925300076,0.009244810130112966,0.003370520317978129
0.14050633469714394,0.3133006518400168,0.13202183813759294,0.013415802860550916,0.004306152385314114
0.14430380320247216,0.3133006518400168,0.09764199203459221,0.017333502230986286,0.005242185323287345
0.14810127170780038,0.3133006518400168,0.062180396738095244,0.020967538478857566,0.006180022179128191
0.15189874021312857,0.3133006518400168,0.026246545263840595,0.024292629969362232,0.007120665129429771
0.1556962087184568,0.3133006518400168,-0.009792252027693545,0.027288026681483127,0.008063312432917588
0.15949367722378502,0.3133006518400168,-0.045265956456953534,0.029937033196011043,0.00900986822511857
0.16329114572911324,0.3133006518400168,-0.07988293974323002,0.032228042221495765,0.00996053294135134
0.16708861423444143,0.3133006518400168,-0.11302059064362453,0.034153739574283734,0.010915607234593835
0.17088608273976966,0.3133006518400168,-0.14432774430800954,0.035711978700476626,0.011875091104846053
0.17468355124509788,0.3133006518400168,-0.17334627188018426,0.03690427013800289,0.012839385422745243
0.1784810197504261,0.3133006518400168,-0.1996452900526646,0.03773768956452738,0.013808189535313469
0.1822784882557543,0.3133006518400168,-0.2229816070757933,0.03822257223956057,0.014781603660210044
0.18607595676108252,0.3133006518400168,-0.24296571251235996,0.03837203599248111,0.01575872583850116
0.18987342526641074,0.3133006518400168,-0.259395787482981,0.038205081800389014,0.016739756505505438
0.19367089377173893,0.3133006518400168,-0.27206597673068506,0.03774198267232404,0.017722691308036644
0.19746836227706716,0.3133006518400168,-0.28077647956488233,0.03700515817122425,0.018707430028435463
0.20126583078239538,0.3133006518400168,-0.2855192232303976,0.03602171847780558,0.01969196831351566
0.2050632992877236,0.3133006518400168,-0.2862215529306526,0.03481869427078768,0.02067490311604686
0.2088607677930518,0.3133006518400168,-0.28290970511996727,0.03342359324086763,0.02165423008284284
0.21265823629838002,0.3133006518400168,-0.27567248010527046,0.03186646714262203,0.0226275439900801
0.21645570480370824,0.3133006518400168,-0.26466931480127515,0.03017816275058977,0.023592640049253787
0.22025317330903646,0.3133006518400168,-0.2500535915563129,0.028387300783415226,0.024547513907177656
0.22405064181436465,0.3133006518400168,-0.23213409325584075,0.02652281996772769,0.02548835729279786
0.22784811031969288,0.3133006518400168,-0.21112676610079908,0.024613023014186587,0.026413165852928158
0.2316455788250211,0.3133006518400168,-0.1874453387939244,0.02268430458554171,0.027317329575240204
0.23544304733034932,0.3133006518400168,-0.1614107033534366,0.020761787312603117,0.0282000467184595
0.23924051583567751,0.3133006518400168,-0.13345878855880436,0.01886773175431641,0.029055905528983204
0.24303798434100574,0.3133006518400168,-0.10398515941361959,0.017022172413732647,0.029881699041713335
0.24683545284633396,0.3133006518400168,-0.07351050862669202,0.015242758734015847,0.030674821597507784
0.25063292135166215,0.3133006518400168,-0.04241829206885057,0.013544437090458064,0.03143186579594995
0.2544303898569904,0.3133006518400168,-0.011261493469606344,0.011938337762532105,0.03214862249534872
0.2582278583623186,0.3133006518400168,0.019527994769159677,0.010432728957846343,0.032822486036561994
0.2620253268676468,0.3133006518400168,0.04952029843436037,0.009033016812144707,0.033449648148535925
0.26582279537297504,0.3133006518400168,0.07817958840123222,0.007741586385314232,0.03402710230149115
0.26962026387830323,0.3133006518400168,0.10511736332696173,0.006557722159388806,0.03455224283628555
0.27341773238363143,0.3133006518400168,0.12992897635838474,0.005477449034556715,0.03502276474675496
0.2772152008889597,0.3133006518400168,0.15226023536218297,0.0044943273491229755,0.035435260632482785
0.2810126693942879,0.3133006518400168,0.171746857261069,0.0035996913854980466,0.035788928752194506
0.2848101378996161,0.3133006518400168,0.18807905007518896,0.002781774848239248,0.03608026148781423
0.2886076064049443,0.3133006518400168,0.20106104949154072,0.002028016421941554,0.036308457098067445
0.2924050749102725,0.3133006518400168,0.2104819547811684,0.001323946743290317,0.03647241318870173
0.29620254341560076,0.3133006518400168,0.21618333812375584,0.0006535064090462022,0.03657172888907983
0.30000001192092896,0.3133006518400168,,,
0.0,0.3253506769107867,,,
0.0037974685053282146,0.3253506769107867,-0.32305753479575205,-0.005788699349814121,-0.022149104884525046
0.007594937010656429,0.3253506769107867,-0.3162360566725855,-0.01151952124636965,-0.022047885048620017
0.011392405515984643,0.3253506769107867,-0.30496447225900997,-0.017135224252377866,-0.02188052155756913
0.015189874021312859,0.3253506769107867,-0.28943047311285225,-0.022579679958497332,-0.02164741528200963
0.018987342526641072,0.3253506769107867,-0.26978945977123775,-0.027799145015273644,-0.021349568398534635
0.022784811031969287,0.3253506769107867,-0.24638250614032475,-0.03274194312515448,-0.020989787001604882
0.026582279537297502,0.3253506769107867,-0.21945784944175517,-0.03736005508241431,-0.020568872832494863
0.030379748042625717,0.3253506769107867,-0.18943527294464693,-0.04160864176117697,-0.020089231115028066
0.03417721654795393,0.3253506769107867,-0.15671437803017962,-0.04544747515134788,-0.019554469684939717
0.037974685053282144,0.3253506769107867,-0.12173311166661568,-0.04884062035062914,-0.018965189848185692
0.04177215355861036,0.3253506769107867,-0.08498593010844502,-0.05175723058448181,-0.01832780553496195
0.045569622063938574,0.3253506769107867,-0.04696325323256983,-0.0541709111901561,-0.017642517180587115
0.04936709056926679,0.3253506769107867,-0.008197882880562899,-0.05606242268456331,-0.01691413523270816
0.053164559074595004,0.3253506769107867,0.03080563374911671,-0.057418726740321,-0.01614506491514857
0.05696202757992322,0.3253506769107867,0.06949027654937019,-0.05822980610590365,-0.015340918416829809
0.060759496085251434,0.3253506769107867,0.1073313164338001,-0.05849375273340163,-0.014503900526256743
0.06455696459057965,0.3253506769107867,0.14382016982635973,-0.058213905706656785,-0.013636416467252858
0.06835443309590786,0.3253506769107867,0.1784805441717037,-0.05739948725723229,-0.012744078428739617
0.07215190160123608,0.3253506769107867,0.21081192864896062,-0.05606607977639009,-0.011829692505177758
0.07594937010656429,0.3253506769107867,0.24039453998901256,-0.054232445735241476,-0.010896064791028013
0.07974683861189251,0.3253506769107867,0.26682877681067996,-0.05192466178855131,-0.009947203992662856
0.08354430711722072,0.3253506769107867,0.28978769252936126,-0.049173574710858516,-0.008985916204543025
0.08734177562254894,0.3253506769107867,0.30891204953975365,-0.04601193932461163,-0.008015007521129248
0.09113924412787715,0.3253506769107867,0.32399599258488593,-0.04247823459598808,-0.007036883166245014
0.09493671263320537,0.3253506769107867,0.33484173916296195,-0.038614755586984524,-0.006054750104988305
0.09873418113853358,0.3253506769107867,0.34131205243600105,-0.034464433375567496,-0.005069810949270862
0.1025316496438618,0.3253506769107867,0.34331005934189895,-0.03007369712753786,-0.004084070052278923
0.10632911814919001,0.3253506769107867,0.340855941768594,-0.02549247409653076,-0.0031011352497477174
0.11012658665451823,0.3253506769107867,0.333965845226437,-0.020768783488271738,-0.002119403059128255
0.11392405515984644,0.3253506769107867,0.3228092975741102,-0.015950644508486333,-0.0011412787042440217
0.11772152366517466,0.3253506769107867,0.30747913549612993,-0.011088938434764512,-0.0001671630557322645
0.12151899217050287,0.3253506769107867,0.2882659781788087,-0.006233274512756501,0.0008005386625835305
0.12531646067583108,0.3253506769107867,0.26539989914464385,-0.0014288098763233998,0.0017638308038896015
0.1291139291811593,0.3253506769107867,0.23926435426446427,0.0032777083007490054,0.0027219116269114533
0.13291139768648752,0.3253506769107867,0.21016207185734537,0.007842076908554426,0.0036747811316490855
0.13670886619181571,0.3253506769107867,0.17858145361139552,0.01222677100487026,0.004622038447465251
0.14050633469714394,0.3253506769107867,0.1448817371319176,0.01639299361553415,0.005564485315634445
0.14430380320247216,0.3253506769107867,0.10965626992429948,0.02030608187018793,0.0065033243480684105
0.14810127170780038,0.3253506769107867,0.07325218046108098,0.02393868708212699,0.007437753803492651
0.15189874021312857,0.3253506769107867,0.03630116183473285,0.027264732596586468,0.008370178905730654
0.1556962087184568,0.3253506769107867,-0.0008072755175345049,0.03026227586260569,0.009301000525419666
0.15949367722378502,0.3253506769107867,-0.03739905653857978,0.032915893492915196,0.010230218662559689
0.16329114572911324,0.3253506769107867,-0.07316741653173986,0.03521318317610243,0.011158835493743838
0.16708861423444143,0.3253506769107867,-0.10747057146057482,0.03714659222252513,0.01208745232492799
0.17088608273976966,0.3253506769107867,-0.13994222005900336,0.03871365607030003,0.013016971115045947
0.17468355124509788,0.3253506769107867,-0.17011817890444314,0.03991548774737442,0.013947492081757024
0.1784810197504261,0.3253506769107867,-0.19753830095189953,0.040758367911450794,0.014879716748676403
0.1822784882557543,0.3253506769107867,-0.2219694853956844,0.04125199580606976,0.01581304380984821
0.18607595676108252,0.3253506769107867,-0.24299093987228293,0.04140964826460244,0.016747974353569013
0.18987342526641074,0.3253506769107867,-0.26040084550231146,0.04124817971025051,0.017684007291542247
0.19367089377173893,0.3253506769107867,-0.2739812378960356,0.040788022156046204,0.018620040229515477
0.19746836227706716,0.3253506769107867,-0.283529289079675,0.04005151566293136,0.019556073167488707
0.20126583078239538,0.3253506769107867,-0.2890167444101158,0.039063146845746154,0.0204909034935502
0.2050632992877236,0.3253506769107867,-0.2903850764123368,0.03784994638321026,0.021422526854513704
0.2088607677930518,0.3253506769107867,-0.2876484124078948,0.03643926296202828,0.022349740638467487
0.21265823629838002,0.3253506769107867,-0.28088747994854335,0.034860194312822,0.023271342233499807
0.21645570480370824,0.3253506769107867,-0.2702617159489954,0.03314183816621317,0.024185126851105795
0.22025317330903646,0.3253506769107867,-0.2559487210231086,0.031312974244838615,0.0250872862202316
0.22405064181436465,0.3253506769107867,-0.23822296884684474,0.029402223267342698,0.025977419470239977
0.22784811031969288,0.3253506769107867,-0.21734278758581477,0.027436615912445093,0.026851317459439826
0.2316455788250211,0.3253506769107867,-0.19368154216687844,0.025442705846888066,0.027707777575919402
0.23544304733034932,0.3253506769107867,-0.16761865208327695,0.023444661677526856,0.028541588501394485
0.23924051583567751,0.3253506769107867,-0.13955775509377755,0.021464425955322136,0.029351146753316088
0.24303798434100574,0.3253506769107867,-0.10991459808991053,0.01952266919929483,0.030133245366586226
0.24683545284633396,0.3253506769107867,-0.0792199647244548,0.01763656384063156,0.030884276505469675
0.25063292135166215,0.3253506769107867,-0.047871438189796146,0.015820420238654497,0.0316006323342312
0.2544303898569904,0.3253506769107867,-0.016419984026651832,0.014086322696791265,0.03227950675841007
0.2582278583623186,0.3253506769107867,0.014680305286364973,0.012442698426642702,0.03291769281290831
0.2620253268676468,0.3253506769107867,0.04499955553616714,0.010895033065948977,0.03351218396794656
0.26582279537297504,0.3253506769107867,0.07399083755962506,0.009446586196555699,0.03406027434672339
0.26962026387830323,0.3253506769107867,0.10125454997555912,0.008096880806485457,0.03455885720180014
0.27341773238363143,0.3253506769107867,0.12636889132605758,0.006842657313892649,0.03500482578573813
0.2772152008889597,0.3253506769107867,0.14899278770496208,0.005678668587025807,0.03539677705130701
0.2810126693942879,0.3253506769107867,0.16872663773109306,0.004596566916280325,0.0357316042510681
0.2848101378996161,0.3253506769107867,0.1852767949349473,0.0035859375401495076,0.03600840542608759
0.2886076064049443,0.3253506769107867,0.1984384131539505,0.0026352526691793754,0.03622577752913512
0.2924050749102725,0.3253506769107867,0.20798747343198679,0.0017306789560251553,0.036381716207024455
0.29620254341560076,0.3253506769107867,0.21376151157115234,0.000857270025394793,0.03647521928316246
0.30000001192092896,0.3253506769107867,,,
0.0,0.33740070198155653,,,
0.0037974685053282146,0.33740070198155653,-0.3410375787600393,-0.005566252764350463,-0.022402054256628307
0.007594937010656429,0.33740070198155653,-0.3339517179048802,-0.011075741103389613,-0.02229301744329695
0.011392405515984643,0.33740070198155653,-0.32222402282389767,-0.016472813619753418,-0.022111222609305144
0.015189874021312859,0.33740070198155653,-0.30606640334044455,-0.021702295928055254,-0.02185847367252051
0.018987342526641072,0.33740070198155653,-0.28564031455802774,-0.026712193722757866,-0.02153617368017341
0.022784811031969287,0.33740070198155653,-0.26128077581642406,-0.03145130771828635,-0.021145926114812835
0.026582279537297502,0.33740070198155653,-0.23326427898038904,-0.03587225472488503,-0.02068993576494365
0.030379748042625717,0.33740070198155653,-0.20201868007421603,-0.039932739680557265,-0.020171008725026585
0.03417721654795393,0.33740070198155653,-0.16794156229029075,-0.04359221656722353,-0.019591750654203748
0.037974685053282144,0.33740070198155653,-0.1315233455055154,-0.04681554550254825,-0.018956370694166245
0.04177215355861036,0.33740070198155653,-0.0932221585760908,-0.04957283373594733,-0.018265670586188564
0.045569622063938574,0.33740070198155653,-0.05358694885394044,-0.05183943564858811,-0.017525462954510806
0.04936709056926679,0.33740070198155653,-0.013156572747018595,-0.053595316737419546,-0.01674035781146131
0.053164559074595004,0.33740070198155653,0.027538186091895803,-0.05482616664311946,-0.015912960816182185
0.05696202757992322,0.33740070198155653,0.06795241668846695,-0.05552546620199664,-0.0150454767571783
0.060759496085251434,0.33740070198155653,0.10751295342524538,-0.055689558322224296,-0.014145121305920109
0.06455696459057965,0.33740070198155653,0.14569304902703978,-0.05532130507566688,-0.013215101427505592
0.06835443309590786,0.33740070198155653,0.18201237456091718,-0.054431518733812245,-0.01225862408703273
0.07215190160123608,0.33740070198155653,0.21595023731806776,-0.05303355563202776,-0.011280499732148496
0.07594937010656429,0.33740070198155653,0.24706667214143524,-0.05114649624940968,-0.010283935327950872
0.07974683861189251,0.33740070198155653,0.2749418957619017,-0.04879705325669272,-0.009272939580812331
0.08354430711722072,0.33740070198155653,0.29924492521727797,-0.04601352936453632,-0.008251521197105354
0.08734177562254894,0.33740070198155653,0.3196044137694982,-0.042828679395389015,-0.007221684530016175
0.09113924412787715,0.33740070198155653,0.33578625151847735,-0.039281618331398094,-0.00618783915655452
0.09493671263320537,0.33740070198155653,0.3476047650951825,-0.035411461154710853,-0.005152390300543874
0.09873418113853358,0.33740070198155653,0.3549065721512821,-0.0312617749592637,-0.004116941444533229
0.1025316496438618,0.33740070198155653,0.357570581359146,-0.02687962492682737,-0.0030859021655323072
0.10632911814919001,0.33740070198155653,0.35564926562741384,-0.02231016819126295,-0.0020592724635411096
0.11012658665451823,0.33740070198155653,0.34912647944573505,-0.01760205997426586,-0.0010390566917458743
0.11392405515984644,0.33740070198155653,0.3381878961831425,-0.01280459151350138,-2.7259203332839296e-05
0.11772152366517466,0.33740070198155653,0.3229021342586266,-0.007965782014695047,0.0009745165191490049
0.12151899217050287,0.33740070198155653,0.30360421301196433,-0.003134286699542272,0.0019678739582486486
0.12531646067583108,0.33740070198155653,0.28050402407771446,0.0016441012821259687,0.0029500070195053584
0.1291139291811593,0.33740070198155653,0.25397695057153064,0.006325178820403388,0.003920113961644639
0.13291139768648752,0.33740070198155653,0.2243620482107773,0.010865378821353572,0.004880600008489977
0.13670886619181571,0.33740070198155653,0.19215579143873823,0.015225268294844293,0.0058310642894041234
0.14050633469714394,0.33740070198155653,0.15770530872795321,0.0193685943305927,0.006770705063112584
0.14430380320247216,0.33740070198155653,0.12162614766054236,0.02326196609018036,0.007700724941527101
0.14810127170780038,0.33740070198155653,0.08430378229612835,0.026876603850970463,0.00862352914847116
0.15189874021312857,0.33740070198155653,0.04633963289527442,0.030186748966183077,0.009537313766077148
0.1556962087184568,0.33740070198155653,0.008161555482273845,0.033171412908812335,0.010443682276894056
0.15949367722378502,0.33740070198155653,-0.02953821118658754,0.03581469527961138,0.011344438598789494
0.16329114572911324,0.33740070198155653,-0.0664518933202497,0.03810403476317518,0.012239983602400716
0.16708861423444143,0.33740070198155653,-0.10191147042795283,0.04003179916786524,0.013131319464320836
0.17088608273976966,0.33740070198155653,-0.135546604866028,0.0415950469198209,0.014018847055187102
0.17468355124509788,0.33740070198155653,-0.16687293132395445,0.04279481154499319,0.014903468333933325
0.1784810197504261,0.33740070198155653,-0.19542021181276836,0.04363673768511476,0.015785684388856063
0.1822784882557543,0.33740070198155653,-0.22094121820522483,0.044129570559771375,0.016666296961229808
0.18607595676108252,0.33740070198155653,-0.24300506719383977,0.04428650750033795,0.017544804962758002
0.18987342526641074,0.33740070198155653,-0.2614059035216419,0.04412352840805756,0.01842180969939652
0.19367089377173893,0.33740070198155653,-0.27589649906138625,0.04365963426003024,0.01929731117114536
0.19746836227706716,0.33740070198155653,-0.2862942077272307,0.04291772163117146,0.020169605677796215
0.20126583078239538,0.33740070198155653,-0.2925465566105354,0.041920607594400486,0.021039494960623586
0.2050632992877236,0.33740070198155653,-0.2945930000474854,0.04069420980048969,0.02190517510175986
0.2088607677930518,0.33740070198155653,-0.2924436289820498,0.0392663539481211,0.02276604479524916
0.21265823629838002,0.33740070198155653,-0.28618118915477586,0.03766422972000686,0.02362009968790525
0.21645570480370824,0.33740070198155653,-0.2759711720467582,0.03591598082281392,0.02446533542654189
0.22025317330903646,0.33740070198155653,-0.26196494181753455,0.03405054598317157,0.025301150705203213
0.22405064181436465,0.33740070198155653,-0.2444753177301495,0.03209559189576937,0.02612393768815399
0.22784811031969288,0.33740070198155653,-0.22373439149589422,0.030077672227349573,0.026932293328163846
0.2316455788250211,0.33740070198155653,-0.20014580087353598,0.028022545624692113,0.027722810224816187
0.23544304733034932,0.33740070198155653,-0.17407080165717148,0.025953903682674816,0.02849408533088064
0.23924051583567751,0.33740070198155653,-0.1459332134935063,0.023893847956250828,0.02924251081062198
0.24303798434100574,0.33740070198155653,-0.11615685602924608,0.021862571952463664,0.02996487969894222
0.24683545284633396,0.33740070198155653,-0.08527856748355127,0.019876612086530073,0.0306589872073365
0.25063292135166215,0.33740070198155653,-0.05370198561518911,0.017950755729749635,0.0313212255000696
0.2544303898569904,0.33740070198155653,-0.021988166908846078,0.016097723201519844,0.031949189353318024
0.2582278583623186,0.33740070198155653,0.009392650646513966,0.014325226195475431,0.03253967180198379
0.2620253268676468,0.33740070198155653,0.040011601932200824,0.012639863377303844,0.03308956609862824
0.26582279537297504,0.33740070198155653,0.06930359408594033,0.011044814826854458,0.033596567237087184
0.26962026387830323,0.33740070198155653,0.09686196206577449,0.009539842038138568,0.034057568469921966
0.27341773238363143,0.33740070198155653,0.12226490441379154,0.008123116465242787,0.034470966314583594
0.2772152008889597,0.33740070198155653,0.14515015624149782,0.006789231972423179,0.0348337542412927
0.2810126693942879,0.33740070198155653,0.1651221525453015,0.005531669395988529,0.03514412833218168
0.2848101378996161,0.33740070198155653,0.18187614681733322,0.004340888496390716,0.035400885975338796
0.2886076064049443,0.33740070198155653,0.19519720195104948,0.0032051229781870612,0.035601621946940554
0.2924050749102725,0.33740070198155653,0.20486432627352516,0.002112288537949945,0.0357459353763497
0.29620254341560076,0.33740070198155653,0.2107150555868565,0.0010486313303308282,0.03583322495761037
0.30000001192092896,0.33740070198155653,,,
0.0,0.34945072705232644,,,
0.0037974685053282146,0.34945072705232644,-0.3582890565697517,-0.005327428767662532,-0.022368982429055374
0.007594937010656429,0.34945072705232644,-0.3509347766050123,-0.0105993651419535,-0.022252529508934936
0.011392405515984643,0.34945072705232644,-0.33876913455576735,-0.01576142975744862,-0.022059309861781576
0.015189874021312859,0.34945072705232644,-0.3220020220565757,-0.020760674284655837,-0.021790325664188412
0.018987342526641072,0.34945072705232644,-0.30080700334370725,-0.025545263422030354,-0.021447380834023057
0.022784811031969287,0.34945072705232644,-0.27551707956814503,-0.03006606493589936,-0.021031878418515882
0.026582279537297502,0.34945072705232644,-0.24643699723775833,-0.034277126672439415,-0.020547426253402112
0.030379748042625717,0.34945072705232644,-0.21399461237684042,-0.03813567655767645,-0.01999602869186799
0.03417721654795393,0.34945072705232644,-0.17860365368812772,-0.04160387164140291,-0.01938029139305562
0.037974685053282144,0.34945072705232644,-0.14075655923731628,-0.04464689004926817,-0.01870422306333748
0.04177215355861036,0.34945072705232644,-0.10095989441165903,-0.04723579305464293,-0.017972634150360545
0.045569622063938574,0.34945072705232644,-0.05975857018549173,-0.04934641205067195,-0.017189132489860037
0.04936709056926679,0.34945072705232644,-0.01768942477797484,-0.05095839452631925,-0.016355321564384954
0.053164559074595004,0.34945072705232644,0.024674376193442146,-0.05205933817017227,-0.015477615304131253
0.05696202757992322,0.34945072705232644,0.06674553978975287,-0.05264208780256992,-0.014562427639294898
0.060759496085251434,0.34945072705232644,0.1079932823581784,-0.052702509319708005,-0.01361076074646901
0.06455696459057965,0.34945072705232644,0.14783232914850622,-0.05224521383736813,-0.012627425073300556
0.06835443309590786,0.34945072705232644,0.18576216933986495,-0.05127942358711348,-0.011619636291259998
0.07215190160123608,0.34945072705232644,0.2212742193562078,-0.04981817689632647,-0.010588597012259076
0.07594937010656429,0.34945072705232644,0.25388411388701415,-0.0478818262760431,-0.009541122037131
0.07974683861189251,0.34945072705232644,0.283159960530403,-0.04549390431714873,-0.008480819201611001
0.08354430711722072,0.34945072705232644,0.3087869218345358,-0.04268334974627266,-0.007409692858885317
0.08734177562254894,0.34945072705232644,0.3303371417751194,-0.039482917385863424,-0.006334156939149908
0.09113924412787715,0.34945072705232644,0.3475926559624195,-0.03592949616217375,-0.005255814924953765
0.09493671263320537,0.34945072705232644,0.360367791027403,-0.032063155081305764,-0.004177873781394869
0.09873418113853358,0.34945072705232644,0.36845669171309875,-0.027925871197271166,-0.003105945697394689
0.1025316496438618,0.34945072705232644,0.3717867032229286,-0.02356184761997626,-0.002039228931678728
0.10632911814919001,0.34945072705232644,0.3703780074448309,-0.019017195507236954,-0.0009813313199822146
0.11012658665451823,0.34945072705232644,0.36420234973569193,-0.014339616056793845,6.494104323411715e-05
0.11392405515984644,0.34945072705232644,0.353465585352483,-0.009577446482357407,0.0010991872873330197
0.11772152366517466,0.34945072705232644,0.33824036909178223,-0.004777115949728491,0.002119403059128255
0.12151899217050287,0.34945072705232644,0.31882942927266505,1.4628367307116935e-05,0.003123584005433585
0.12531646067583108,0.34945072705232644,0.29548705768315486,0.0047513573029485685,0.004113333608798
0.1291139291811593,0.34945072705232644,0.2685926738164928,0.009390139779229324,0.0050882509985842525
0.13291139768648752,0.34945072705232644,0.23846111512451743,0.013888998742137655,0.006046331821606105
0.13670886619181571,0.34945072705232644,0.20562114707121376,0.018207547177586526,0.006988778689775298
0.14050633469714394,0.34945072705232644,0.1704320072618847,0.022311122215217763,0.007915591603091835
0.14430380320247216,0.34945072705232644,0.13352337060020714,0.026167764052545166,0.008828374044104702
0.14810127170780038,0.34945072705232644,0.0952645656354531,0.029747102927007225,0.009725722965583538
0.15189874021312857,0.34945072705232644,0.05630343097044405,0.03302465222376376,0.010610244026670448
0.1556962087184568,0.34945072705232644,0.01707387719585478,0.035980695447748665,0.011482939403958553
0.15949367722378502,0.34945072705232644,-0.021729838743235037,0.03859806016777532,0.012344410403403724
0.16329114572911324,0.34945072705232644,-0.05977875207343009,0.040864264570434926,0.013195258330961834
0.16708861423444143,0.34945072705232644,-0.09639071498241374,0.0427721534760664,0.014036986451522558
0.17088608273976966,0.34945072705232644,-0.13118025341056322,0.044318308298831675,0.014870797376997643
0.17468355124509788,0.34945072705232644,-0.16365190200899177,0.045503365054700616,0.015697693283980206
0.1784810197504261,0.34945072705232644,-0.1933182681839879,0.04633217336544352,0.016518275478426117
0.1822784882557543,0.34945072705232644,-0.21993414199710054,0.04681363745463863,0.017332644177994693
0.18607595676108252,0.34945072705232644,-0.2430343309313504,0.04696008013170227,0.01814260330055354
0.18987342526641074,0.34945072705232644,-0.2624260979569261,0.04678724279188883,0.01894735110482817
0.19367089377173893,0.34945072705232644,-0.2778440512474383,0.04631261587436988,0.0197478897674117
0.19746836227706716,0.34945072705232644,-0.2890833446403124,0.0455579829261136,0.020543818417666886
0.20126583078239538,0.34945072705232644,-0.2961187507756256,0.044547194545990314,0.021333934443681975
0.2050632992877236,0.34945072705232644,-0.2988493602136861,0.04330457834484772,0.022119240022050096
0.2088607677930518,0.34945072705232644,-0.29730746397519514,0.041856369981443146,0.02289793123490363
0.21265823629838002,0.34945072705232644,-0.2915636986679372,0.040229123122518855,0.023669206340968085
0.21645570480370824,0.34945072705232644,-0.2817754830178313,0.03845161749071168,0.024431862728331713
0.22025317330903646,0.34945072705232644,-0.2681123448835598,0.036551042768733756,0.025184497349764152
0.22405064181436465,0.34945072705232644,-0.2508729762066104,0.034553952623327354,0.025925306287397785
0.22784811031969288,0.34945072705232644,-0.23030561420862508,0.032486900721234745,0.026652285188046375
0.2316455788250211,0.34945072705232644,-0.20680380570440182,0.030374850689273505,0.02736342969852368
0.23544304733034932,0.34945072705232644,-0.18075302475356333,0.02824197113429887,0.02805573328905035
0.23924051583567751,0.34945072705232644,-0.15257103643643377,0.026108773571339294,0.028727993347714635
0.24303798434100574,0.34945072705232644,-0.12268367858851256,0.023995292503445835,0.02937700290941856
0.24683545284633396,0.34945072705232644,-0.0916580622608677,0.02191901836979004,0.029999955879701386
0.25063292135166215,0.34945072705232644,-0.05987764332432807,0.019893943521709156,0.030595248776014126
0.2544303898569904,0.34945072705232644,-0.027933751095487708,0.01793231126662327,0.031159273762621554
0.2582278583623186,0.34945072705232644,0.0036963127759111146,0.016042787322121922,0.03168942518038155
0.2620253268676468,0.34945072705232644,0.03459175592635354,0.014231731847903857,0.032183999329085826
0.26582279537297504,0.34945072705232644,0.06415317628407019,0.012502801935795857,0.03263918793768052
0.26962026387830323,0.34945072705232644,0.09199005431745376,0.010856951609752733,0.0330538886119132
0.27341773238363143,0.34945072705232644,0.11765132483108184,0.009292113817872392,0.03342509482200451
0.2772152008889597,0.34945072705232644,0.14077976840844542,0.007803836448365713,0.03375130330306477
0.2810126693942879,0.34945072705232644,0.1609778018571587,0.006385918345526417,0.034030910572544995
0.2848101378996161,0.34945072705232644,0.17791141493184187,0.005030011799749899,0.03426101031832514
0.2886076064049443,0.34945072705232644,0.19138787060268353,0.0037254635435407584,0.03444210362870176
0.2924050749102725,0.34945072705232644,0.20116700440321714,0.002460904791437487,0.03457188549751068
0.29620254341560076,0.34945072705232644,0.2070813066635543,0.0012236947260388254,0.03464995505411466
0.30000001192092896,0.34945072705232644,,,
0.0,0.3615007521230963,,,
0.0037974685053282146,0.3615007521230963,-0.3747594953162494,-0.005075089431614764,-0.02205169331967387
0.007594937010656429,0.3615007521230963,-0.3671448689971052,-0.01009643551377512,-0.02192982864595059
0.011392405515984643,0.3615007521230963,-0.3545513709235669,-0.0150106129050116,-0.021727388974140532
0.015189874021312859,0.3615007521230963,-0.3371929291077812,-0.019766581323741757,-0.021445576916155444
0.018987342526641072,0.3615007521230963,-0.31524310778601805,-0.024313777500360564,-0.02108619638986294
0.022784811031969287,0.3615007521230963,-0.28905912637478637,-0.028604659241119886,-0.0206516526190865
0.026582279537297502,0.3615007521230963,-0.2589356404379863,-0.032594546424136034,-0.020143949957012366
0.030379748042625717,0.3615007521230963,-0.22532270607664337,-0.0362413029914048,-0.019566495804057147
0.03417721654795393,0.3615007521230963,-0.18865827025902,-0.03950835802465841,-0.01892309843127469
0.037974685053282144,0.3615007521230963,-0.14943073467322454,-0.04236311570544077,-0.018216764368444355
0.04177215355861036,0.3615007521230963,-0.10817491934962367,-0.04477584228716025,-0.017451903192575863
0.045569622063938574,0.3615007521230963,-0.06542362612979012,-0.046722369162961616,-0.016630920127492704
0.04936709056926679,0.3615007521230963,-0.021780293463080944,-0.04818520589367331,-0.01576143171530258
0.053164559074595004,0.3615007521230963,0.02218796759943587,-0.04915258618385265,-0.014846644921103472
0.05696202757992322,0.3615007521230963,0.06590597325151698,-0.04961528780193646,-0.013890167580630611
0.060759496085251434,0.3615007521230963,0.10879248512053756,-0.04957013066807536,-0.012898012753442711
0.06455696459057965,0.3615007521230963,0.15021782830282068,-0.04902315693398316,-0.011876594369735732
0.06835443309590786,0.3615007521230963,0.18974607401889773,-0.04798168078331342,-0.010827515912058668
0.07215190160123608,0.3615007521230963,0.22676369287544246,-0.046458740543448576,-0.00975839392251922
0.07594937010656429,0.3615007521230963,0.26083071971539856,-0.044475006733409546,-0.00867123275430363
0.07974683861189251,0.3615007521230963,0.2914870074937714,-0.042053375928111814,-0.007571644596333362
0.08354430711722072,0.3615007521230963,0.3183733186052581,-0.039221832830229876,-0.006465642508167132
0.08734177562254894,0.3615007521230963,0.3410981244238544,-0.03601281425422733,-0.005354829972353931
0.09113924412787715,0.3615007521230963,0.35939502402877394,-0.03246130107844729,-0.004245220048452473
0.09493671263320537,0.3615007521230963,0.37307027129580844,-0.028607680316976792,-0.003139217960286243
0.09873418113853358,0.3615007521230963,0.3819543383662757,-0.02449233898390287,-0.002039228931678728
0.1025316496438618,0.3615007521230963,0.3859140247797824,-0.020157890149207137,-0.0009496625396396513
0.10632911814919001,0.3615007521230963,0.3849896943122054,-0.01565139899466031,0.00012707599200750084
0.11012658665451823,0.3615007521230963,0.37915712869801865,-0.011017386638153614,0.0011889823100764904
0.11392405515984644,0.3615007521230963,0.368602001306255,-0.00630355427742765,0.0022344529320183267
0.11772152366517466,0.3615007521230963,0.35341714882143094,-0.0015566490862682044,0.003261483504646772
0.12151899217050287,0.3615007521230963,0.3339093359402096,0.0031797618413883094,0.004269673157324579
0.12531646067583108,0.3615007521230963,0.31032074531785137,0.007860203363695854,0.005257418407502755
0.1291139291811593,0.3615007521230963,0.28303886920277277,0.01243951834679333,0.0062239175139068076
0.13291139768648752,0.3615007521230963,0.25240276331233835,0.01687922782450332,0.00716836873526224
0.13670886619181571,0.3615007521230963,0.21892908397777008,0.02114053482266347,0.00809277642475529
0.14050633469714394,0.3615007521230963,0.18301743258024764,0.025187504438975866,0.008996338841111463
0.14430380320247216,0.3615007521230963,0.1452651930027465,0.028989607906886518,0.009879055984330759
0.14810127170780038,0.3615007521230963,0.10609618489197231,0.03251679347181886,0.010743333078236663
0.15189874021312857,0.3615007521230963,0.06614815590677733,0.035746005554864915,0.011588568816873306
0.1556962087184568,0.3615007521230963,0.025873180336980883,0.03865609662502638,0.012416567118108299
0.15949367722378502,0.3615007521230963,-0.014028430305955861,0.041230530267086486,0.013226927111304396
0.16329114572911324,0.3615007521230963,-0.05319743841673004,0.04345865321354985,0.014022655326240955
0.16708861423444143,0.3615007521230963,-0.09094967799423116,0.04533156124083823,0.014804753939511094
0.17088608273976966,0.3615007521230963,-0.12688352946848583,0.046846074269102235,0.015573423386433439
0.17468355124509788,0.3615007521230963,-0.16049444564103493,0.04800266931031929,0.0163304675848756
0.1784810197504261,0.3615007521230963,-0.19127888840781637,0.0488057984762785,0.01707648784079345
0.1822784882557543,0.3615007521230963,-0.21897146594244063,0.04926436599055812,0.017813688942691856
0.18607595676108252,0.3615007521230963,-0.24311606757750076,0.04938934312863849,0.01854146958461494
0.18987342526641074,0.3615007521230963,-0.2634886743568809,0.049196471285774,0.01926123281379307
0.19367089377173893,0.3615007521230963,-0.27983802177574846,0.04870292289315128,0.019973179065544876
0.19746836227706716,0.3615007521230963,-0.29193100902841534,0.04792920946579876,0.02067790964582622
0.20126583078239538,0.3615007521230963,-0.2997393814717679,0.04689838658262443,0.021376226295911602
0.2050632992877236,0.3615007521230963,-0.30317232061008337,0.045633986834513626,0.02206632509793341
0.2088607677930518,0.3615007521230963,-0.3022459719537125,0.04416224588022368,0.022748606922528888
0.21265823629838002,0.3615007521230963,-0.2970329902992334,0.042509081370527,0.023423071769698035
0.21645570480370824,0.3615007521230963,-0.2876807034285962,0.04070120597615831,0.024088717462847735
0.22025317330903646,0.3615007521230963,-0.2743788210884214,0.038765809379829756,0.02474353964879175
0.22405064181436465,0.3615007521230963,-0.2574098897098461,0.036729127240298656,0.025387137456892833
0.22784811031969288,0.3615007521230963,-0.237036273836069,0.03461691820434495,0.026017706969283363
0.2316455788250211,0.3615007521230963,-0.21365152028188825,0.03245335087882386,0.026634045574051607
0.23544304733034932,0.3615007521230963,-0.18763706672933883,0.030261957854620755,0.027234349353329943
0.23924051583567751,0.3615007521230963,-0.15944296927944623,0.028064045666726434,0.02781581221265764
0.24303798434100574,0.3615007521230963,-0.12947286569097774,0.025877899774274796,0.028377832846078824
0.24683545284633396,0.3615007521230963,-0.09831606709173353,0.02372101061643739,0.028917003853176897
0.25063292135166215,0.3615007521230963,-0.0663681384853055,0.021608324568506275,0.02943112044544699
0.2544303898569904,0.3615007521230963,-0.034220409188287663,0.01955073340396555,0.029918779575658742
0.2582278583623186,0.3615007521230963,-0.0023582536055976725,0.01755801586835204,0.030377074931692102
0.2620253268676468,0.3615007521230963,0.02877533582251743,0.015636611623360722,0.030804102378020146
0.26582279537297504,0.3615007521230963,0.05859508434584513,0.013789859752833445,0.031198258432093885
0.26962026387830323,0.3615007521230963,0.08668019960087055,0.012019509300687358,0.031556636781793275
0.27341773238363143,0.3615007521230963,0.1125846618641559,0.010324049728994011,0.03187783437988794
0.2772152008889597,0.3615007521230963,0.13594015168082604,0.008699704692932275,0.03216004730851028
0.2810126693942879,0.3615007521230963,0.1563349585369384,0.007140233285797751,0.0324013213233037
0.2848101378996161,0.3615007521230963,0.17345323588625758,0.005638639331921821,0.0326012054448013
0.2886076064049443,0.3615007521230963,0.1870618829230955,0.004185223587763896,0.03275734455800926
0.2924050749102725,0.3615007521230963,0.19694898982409934,0.002768895524849286,0.03286988898941653
0.29620254341560076,0.3615007521230963,0.20292686503144236,0.001378167104722131,0.03293773634477069
0.30000001192092896,0.3615007521230963,,,
0.0,0.3735507771938662,,,
0.0037974685053282146,0.3735507771938662,-0.3904145857900373,-0.004812573840049003,-0.021455999552723884
0.007594937010656429,0.3735507771938662,-0.3825436494940759,-0.009572994370568286,-0.021329725301990878
0.011392405515984643,0.3735507771938662,-0.3695344045290073,-0.014229903301990468,-0.02112047082934761
0.015189874021312859,0.3735507771938662,-0.35160279709577213,-0.01873297587069922,-0.020829839617343075
0.018987342526641072,0.3735507771938662,-0.3289223914306402,-0.023033238847014192,-0.020458733624911074
0.022784811031969287,0.3735507771938662,-0.3018645342716774,-0.027084978583100647,-0.020009558075875098
0.026582279537297502,0.3735507771938662,-0.27073195393795924,-0.030844945993007106,-0.0194853195000145
0.030379748042625717,0.3735507771938662,-0.23598681566327417,-0.03427331057662017,-0.018889224862427265
0.03417721654795393,0.3735507771938662,-0.19807917554864765,-0.03733238838772476,-0.018225383087145178
0.037974685053282144,0.3735507771938662,-0.1575155989813326,-0.03999045812982339,-0.017495998962673103
0.04177215355861036,0.3735507771938662,-0.11482485142531415,-0.04222064812818885,-0.016705682501339386
0.045569622063938574,0.3735507771938662,-0.07060028038598014,-0.04400006180790565,-0.015860847633339992
0.04936709056926679,0.3735507771938662,-0.025415051480780052,-0.04531136773379471,-0.014964500888454278
0.053164559074595004,0.3735507771938662,0.020121342274547538,-0.04614009654254138,-0.014022454890922331
0.05696202757992322,0.3735507771938662,0.06542564431858396,-0.04647972907045444,-0.013038317476479383
0.060759496085251434,0.3735507771938662,0.10988634344679682,-0.04632962930156402,-0.012018502575321395
0.06455696459057965,0.3735507771938662,0.15288183751068454,-0.04569202329176469,-0.010967018893820844
0.06835443309590786,0.3735507771938662,0.19393179757731413,-0.044574861240679865,-0.009889879491536444
0.07215190160123608,0.3735507771938662,0.23243480338612235,-0.04299340753158655,-0.008790692204203424
0.07594937010656429,0.3735507771938662,0.2679024532490008,-0.040965788619626166,-0.007677875315203986
0.07974683861189251,0.3735507771938662,0.2998786364985426,-0.038514583071729266,-0.006553834048361612
0.08354430711722072,0.3735507771938662,0.32800815190703236,-0.035667775590570334,-0.005422577110048781
0.08734177562254894,0.3735507771938662,0.3518469979398263,-0.0324562129506883,-0.004290518430461456
0.09113924412787715,0.3735507771938662,0.37116106469683935,-0.02891551204639612,-0.0031596623627858722
0.09493671263320537,0.3735507771938662,0.3857122059003988,-0.02508224379596161,-0.0020364228372179946
0.09873418113853358,0.3735507771938662,0.3953470392021731,-0.020998067245411547,-0.0009216015950323168
0.1025316496438618,0.3735507771938662,0.39991218225383074,-0.016705913472712476,0.00017878830421244596
0.10632911814919001,0.3735507771938662,0.3994520352088361,-0.012248395547845998,0.001263544248604551
0.11012658665451823,0.3735507771938662,0.39394641617925075,-0.007670670604673208,0.0023298601436832645
0.11392405515984644,0.3735507771938662,0.38355274389099403,-0.0030178957770552114,0.0033749298949878534
0.11772152366517466,0.3735507771938662,0.368404218804459,0.001663181761222208,0.004399154373155565
0.12151899217050287,0.3735507771938662,0.3487833873507829,0.006328676908237699,0.005398524871813923
0.12531646067583108,0.3735507771938662,0.3249405049404013,0.010935340578039784,0.006372640520325681
0.1291139291811593,0.3735507771938662,0.2972630638217308,0.015440559700646863,0.007320699577416341
0.13291139768648752,0.3735507771938662,0.2661425926207756,0.019804265269956833,0.008244706396272145
0.13670886619181571,0.3735507771938662,0.23202712924976743,0.02399084039165671,0.00913904878797162
0.14050633469714394,0.3735507771938662,0.1953929662640516,0.027965304187403395,0.010009739812073488
0.14430380320247216,0.3735507771938662,0.15682134203625295,0.03169490183474834,0.010854374244754258
0.14810127170780038,0.3735507771938662,0.11673607621307709,0.03515323867094174,0.011672952086013932
0.15189874021312857,0.3735507771938662,0.07581931660684071,0.038316146089128374,0.012468279430313244
0.1556962087184568,0.3735507771938662,0.0344948828642494,0.04116358958625718,0.013239554536377696
0.15949367722378502,0.3735507771938662,-0.00647434965062673,0.0436796687630813,0.013990786110579767
0.16329114572911324,0.3735507771938662,-0.046753361598010856,0.04585261732415803,0.014720771541007715
0.16708861423444143,0.3735507771938662,-0.08564385965523563,0.04767464407385644,0.01543071343957328
0.17088608273976966,0.3735507771938662,-0.12270386047645092,0.04914240992833466,0.016123618336055818
0.17468355124509788,0.3735507771938662,-0.1574479896567391,0.050255994389588936,0.016799686665773958
0.1784810197504261,0.3735507771938662,-0.1893283089385736,0.05102000857340086,0.017461022999573247
0.1822784882557543,0.3735507771938662,-0.21810364476109104,0.051442482181390095,0.018107627337453684
0.18607595676108252,0.3735507771938662,-0.2432785317754046,0.05153454549302945,0.018741704467920135
0.18987342526641074,0.3735507771938662,-0.26462996011979534,0.05131106538161474,0.019364256567565713
0.19367089377173893,0.3735507771938662,-0.2819046471006368,0.05078873726635519,0.01997558428936836
0.19746836227706716,0.3735507771938662,-0.2948432554579211,0.049988152164275476,0.020576890245239815
0.20126583078239538,0.3735507771938662,-0.30344275790845743,0.048930457606373934,0.021167973999861457
0.2050632992877236,0.3735507771938662,-0.3075739903694402,0.04763918618353592,0.021750038165145025
0.2088607677930518,0.3735507771938662,-0.3072631892951895,0.04614009654254138,0.022323283176409144
0.21265823629838002,0.3735507771938662,-0.3025910822374585,0.04445783430222293,0.022886506421742073
0.21645570480370824,0.3735507771938662,-0.29369490603422826,0.04261879412533038,0.023439707901143813
0.22025317330903646,0.3735507771938662,-0.2807583158657378,0.04064984768659093,0.023983288485251608
0.22405064181436465,0.3735507771938662,-0.2640779854846811,0.03857564060483723,0.02451624599747234
0.22784811031969288,0.3735507771938662,-0.24391022486787534,0.0364219315268492,0.025036776519938398
0.2316455788250211,0.3735507771938662,-0.2206606899628816,0.03421273005548961,0.025544679617331152
0.23544304733034932,0.3735507771938662,-0.19471081845173493,0.03197013774571159,0.02603795093646437
0.23924051583567751,0.3735507771938662,-0.16651066643546084,0.029715540634502196,0.0265161896067008
0.24303798434100574,0.3735507771938662,-0.13649212631594027,0.02746722418099531,0.026976288880601777
0.24683545284633396,0.3735507771938662,-0.10522634552182888,0.02524196330639638,0.02741844919348592
0.25063292135166215,0.3735507771938662,-0.0731250345670693,0.02305430687601629,0.027840265321529743
0.2544303898569904,0.3735507771938662,-0.040802731939384634,0.020916100687293954,0.028239432258569078
0.2582278583623186,0.3735507771938662,-0.008727657438944917,0.01883601045781891,0.02861544891630736
0.2620253268676468,0.3735507771938662,0.022627932756492174,0.016821270869248492,0.028965108329646612
0.26582279537297504,0.3735507771938662,0.05267674570792029,0.014875618515405706,0.029287608757312338
0.26962026387830323,0.3735507771938662,0.08099597086303072,0.013000166424237833,0.02958124649909623
0.27341773238363143,0.3735507771938662,0.1071254611768288,0.01119443758376747,0.02984421763713068
0.2772152008889597,0.3735507771938662,0.13068831989206564,0.009455092910152773,0.030075018906526006
0.2810126693942879,0.3735507771938662,0.15127535923079088,0.007776964773638509,0.030272948783667028
0.2848101378996161,0.3735507771938662,0.16855458713641852,0.006152301729591835,0.030436504003664065
0.2886076064049443,0.3735507771938662,0.18229693918084808,0.004572954823398729,0.030564431845775716
0.2924050749102725,0.3735507771938662,0.19228091914395606,0.0030288273015374317,0.030656581983513016
0.29620254341560076,0.3735507771938662,0.1983153036375265,0.0015082323705614966,0.030711701696134568
0.30000001192092896,0.3735507771938662,,,
0.0,0.38560080226463606,,,
0.0037974685053282146,0.38560080226463606,-0.4052200187816201,-0.00454306207281462,-0.020590519846906234
0.007594937010656429,0.38560080226463606,-0.3971068998303983,-0.009035560876024206,-0.020461840372349743
0.011392405515984643,0.38560080226463606,-0.3836980534841502,-0.01342836417595594,-0.020248577193334002
0.015189874021312859,0.38560080226463606,-0.36520236228303776,-0.0176718627269596,-0.019951331615814877
0.018987342526641072,0.38560080226463606,-0.34181559054006316,-0.021718991347264464,-0.019572709298934485
0.022784811031969287,0.38560080226463606,-0.31391413046527683,-0.02552570593095671,-0.019114915031197683
0.026582279537297502,0.38560080226463606,-0.2818047467553419,-0.029050188428017078,-0.018580554471746585
0.030379748042625717,0.38560080226463606,-0.24596877743758833,-0.03225332385629828,-0.01797283458567917
0.03417721654795393,0.38560080226463606,-0.20684013310269087,-0.03509949532148734,-0.01729416059681892
0.037974685053282144,0.38560080226463606,-0.16498693389611446,-0.037558015053037797,-0.016551347305999047
0.04177215355861036,0.38560080226463606,-0.12092583614908117,-0.03960280639618479,-0.015747601678317538
0.045569622063938574,0.38560080226463606,-0.07525826012215422,-0.04121144978799025,-0.014886531549509613
0.04936709056926679,0.38560080226463606,-0.028589662453484495,-0.04236645478928261,-0.01397354867317812
0.053164559074595004,0.38560080226463606,0.01847853659636482,-0.04305573709663427,-0.013012661755695534
0.05696202757992322,0.38560080226463606,0.06530455299095378,-0.043272936550346454,-0.012011687774488185
0.060759496085251434,0.38560080226463606,0.1112990756024822,-0.043016304106502035,-0.010974234565291303
0.06455696459057965,0.38560080226463606,0.15580417488415946,-0.04228870183696544,-0.009906315187663599
0.06835443309590786,0.38560080226463606,0.19833952190305254,-0.041099033965314904,-0.008812740089252044
0.07215190160123608,0.38560080226463606,0.2382431507347831,-0.039461292842887685,-0.007701125812164348
0.07594937010656429,0.38560080226463606,0.27508720535505793,-0.03739296890885532,-0.006572274097675004
0.07974683861189251,0.38560080226463606,0.30834292029989185,-0.03491632272216344,-0.005434202358528963
0.08354430711722072,0.38560080226463606,0.33765105796398204,-0.03205933898548651,-0.004291721042373199
0.08734177562254894,0.38560080226463606,0.36258376232303524,-0.028851910449408658,-0.0031488388555801863
0.09113924412787715,0.38560080226463606,0.382850414190739,-0.025328699984288036,-0.0020111679870713933
0.09493671263320537,0.38560080226463606,0.39826937657564804,-0.021525006476452696,-0.0008815145313075531
0.09873418113853358,0.38560080226463606,0.40859443044491434,-0.017481534947974612,0.0002349101934271151
0.1025316496438618,0.38560080226463606,0.4137529210019598,-0.013240262452865513,0.001336101833946373
0.10632911814919001,0.38560080226463606,0.4137287027364338,-0.008842212021182313,0.0024184525545149923
0.11012658665451823,0.38560080226463606,0.40852177564833625,-0.004332858794771049,0.0034787553900349913
0.11392405515984644,0.38560080226463606,0.39829359484117405,0.00024486614840174,0.004514605116682884
0.11772152366517466,0.38560080226463606,0.3831410333770514,0.004845487666490016,0.005522393898723443
0.12151899217050287,0.38560080226463606,0.36340314697333276,0.00942607468152724,0.006502522606793915
0.12531646067583108,0.38560080226463606,0.33929790001975246,0.01394433213151675,0.007453387758345309
0.1291139291811593,0.38560080226463606,0.31124507578542837,0.018359873002371505,0.008373385870828635
0.13291139768648752,0.38560080226463606,0.2795837299877251,0.02263326430395927,0.009261314332332151
0.13670886619181571,0.38560080226463606,0.2448870282440921,0.026728253125997203,0.010121181849228332
0.14050633469714394,0.38560080226463606,0.20750613540465684,0.03061208464603675,0.010946975361958463
0.14430380320247216,0.38560080226463606,0.16811512652656066,0.03425264005759924,0.011742302706257774
0.14810127170780038,0.38560080226463606,0.12714185763409686,0.0376244787218897,0.012507965623400761
0.15189874021312857,0.38560080226463606,0.08524829465164373,0.04070406804802275,0.013243563242750174
0.1556962087184568,0.38560080226463606,0.042914766512134286,0.043471691540932285,0.0139515007881295
0.15949367722378502,0.38560080226463606,0.0008658029925557566,0.04591208481734131,0.014630575647626997
0.16329114572911324,0.38560080226463606,-0.040511103658675295,0.04801300456982975,0.015284395656977891
0.16708861423444143,0.38560080226463606,-0.08050958736371618,0.04976793163470637,0.015913962992775307
0.17088608273976966,0.38560080226463606,-0.11869371934309826,0.051173049916151944,0.016520279831612354
0.17468355124509788,0.38560080226463606,-0.1545498705487902,0.052228518418158926,0.01710474922071941
0.1784810197504261,0.38560080226463606,-0.18752606634567784,0.05293878925251644,0.017669375513282706
0.1822784882557543,0.38560080226463606,-0.2173619603793562,0.05331173311685169,0.018215561756532613
0.18607595676108252,0.38560080226463606,-0.243557041828954,0.053358718796626174,0.018745011650677428
0.18987342526641074,0.38560080226463606,-0.26588426445516455,0.05309278461922234,0.01925842671933234
0.19367089377173893,0.38560080226463606,-0.28407218186521693,0.0525315800278042,0.0197571097920684
0.19746836227706716,0.38560080226463606,-0.29785842951591246,0.051694583011449156,0.02024276456909391
0.20126583078239538,0.38560080226463606,-0.3072369528408696,0.05060254359117439,0.020715791921046122
0.2050632992877236,0.38560080226463606,-0.31206446043572594,0.04927883535387277,0.021177394459836775
0.2088607677930518,0.38560080226463606,-0.3123813160763582,0.04774746790240708,0.021627371750147246
0.21265823629838002,0.38560080226463606,-0.30825008361537537,0.04603324585960243,0.022067126839207904
0.21645570480370824,0.38560080226463606,-0.2998059817019645,0.04416224588022368,0.02249686016233737
0.22025317330903646,0.38560080226463606,-0.28724477464912757,0.04215974959907335,0.022915970413579775
0.22405064181436465,0.38560080226463606,-0.270871208964734,0.040050720642969016,0.023323655851660623
0.22784811031969288,0.38560080226463606,-0.25091132179369335,0.03785972512874708,0.02372192082976615
0.2316455788250211,0.38560080226463606,-0.227817187425825,0.03561037514928915,0.024107658600457688
0.23544304733034932,0.38560080226463606,-0.20193593433366874,0.033324772259548364,0.02448257286394354
0.23924051583567751,0.38560080226463606,-0.1737610096773176,0.031022791958583304,0.02484375730810366
0.24303798434100574,0.38560080226463606,-0.14369201483795113,0.028723753231478914,0.025192113891871856
0.24683545284633396,0.38560080226463606,-0.11234147011449863,0.026443397473489595,0.025525437826743266
0.25063292135166215,0.38560080226463606,-0.0801099859825366,0.024195717035952583,0.025842626718465458
0.2544303898569904,0.38560080226463606,-0.04761815549616969,0.02199319373227667,0.026143279696401185
0.2582278583623186,0.38560080226463606,-0.01536245309868163,0.019843777762085294,0.026425191972045587
0.2620253268676468,0.38560080226463606,0.016207065108902106,0.01775502181502071,0.026687962674761413
0.26582279537297504,0.38560080226463606,0.046467787883683026,0.015731218998879578,0.026930088539658985
0.26962026387830323,0.38560080226463606,0.07500295923973394,0.013773164333624235,0.02715036695482656
0.27341773238363143,0.38560080226463606,0.101342341188091,0.011880460309273512,0.027347895961330335
0.2772152008889597,0.38560080226463606,0.12510550514111607,0.01005060261294603,0.027521372729599248
0.2810126693942879,0.38560080226463606,0.14586964054650045,0.008278542867880904,0.02766984519186984
0.2848101378996161,0.38560080226463606,0.16329720532847505,0.006557125894417049,0.02779216084506003
0.2886076064049443,0.38560080226463606,0.1771717487389009,0.004878639998919732,0.027888670450977395
0.2924050749102725,0.38560080226463606,0.18723998808415154,0.003233584692838952,0.027957419765265366
0.29620254341560076,0.38560080226463606,0.19333542278873553,0.0016110284516924868,0.02799951118217637
0.30000001192092896,0.38560080226463606,,,
0.0,0.3976508273354059,,,
0.0037974685053282146,0.3976508273354059,-0.419161666969441,-0.004269654707764755,-0.01946798184495354
0.007594937010656429,0.3976508273354059,-0.4108184744957219,-0.008490733695830335,-0.019338500629122554
0.011392405515984643,0.3976508273354059,-0.3970160813346757,-0.012614899750486264,-0.019123132879261262
0.015189874021312859,0.3976508273354059,-0.37798254282000593,-0.01659508768996182,-0.018823582295577963
0.018987342526641072,0.3976508273354059,-0.35391160507592084,-0.020386378886384605,-0.01844165279594028
0.022784811031969287,0.3976508273354059,-0.3251927785396308,-0.023944888237833268,-0.017980150474808936
0.026582279537297502,0.3976508273354059,-0.2921388824741805,-0.027230308232217004,-0.017441079685370176
0.030379748042625717,0.3976508273354059,-0.25523630037888445,-0.03020519342930944,-0.016828148481018542
0.03417721654795393,0.3976508273354059,-0.21495527024270647,-0.0328362324926884,-0.01614566622110444
0.037974685053282144,0.3976508273354059,-0.17184473941757009,-0.035093612173766,-0.01539663943540723
0.04177215355861036,0.3976508273354059,-0.12644961887781103,-0.03695030179382257,-0.014585678136255262
0.045569622063938574,0.3976508273354059,-0.07939352896072473,-0.038386425853799526,-0.013717793206614128
0.04936709056926679,0.3976508273354059,-0.03128192630446207,-0.03938465291851779,-0.012798596835405296
0.053164559074595004,0.3976508273354059,0.017239368676949352,-0.03993448872447442,-0.01183289947027574
0.05696202757992322,0.3976508273354059,0.0655507720238018,-0.04002957311197068,-0.010825912429509676
0.060759496085251434,0.3976508273354059,0.1130185724548307,-0.03966704400914213,-0.009782847031391326
0.06455696459057965,0.3976508273354059,0.1589848404232454,-0.038851671535762834,-0.008709315464842155
0.06835443309590786,0.3976508273354059,0.2029288832202362,-0.037591723899441154,-0.007611731660058125
0.07215190160123608,0.3976508273354059,0.2442250623197138,-0.035899603411589646,-0.006493302582137219
0.07594937010656429,0.3976508273354059,0.2823647941456315,-0.03379407254331962,-0.005362446514461636
0.07974683861189251,0.3976508273354059,0.31685160425470554,-0.03129770986156162,-0.0042235730340411
0.08354430711722072,0.3976508273354059,0.3472980003985194,-0.028435637997125698,-0.0030814925885225834
0.08734177562254894,0.3976508273354059,0.3732680537976044,-0.025238067708580898,-0.0019410156255530568
0.09113924412787715,0.3976508273354059,0.3944590361328852,-0.021737753818375765,-0.0008065517221422451
0.09493671263320537,0.3976508273354059,0.41069334679050407,-0.017971903260747966,0.00031829128597462354
0.09873418113853358,0.3976508273354059,0.42168843933932404,-0.013978995001874918,0.0014262977273270913
0.1025316496438618,0.3976508273354059,0.4274039500034683,-0.009797189999949099,0.002515864119366168
0.10632911814919001,0.3976508273354059,0.42778336949670953,-0.00546910132495211,0.0035829817557193767
0.11012658665451823,0.3976508273354059,0.4228509160845737,-0.001039250094775177,0.004625245412563232
0.11392405515984644,0.3976508273354059,0.41275189936021706,0.0034503866365699727,0.005638646383525257
0.11772152366517466,0.3976508273354059,0.3975993378960944,0.007957831815071613,0.006622382927330958
0.12151899217050287,0.3976508273354059,0.37772825103198254,0.012440472370748142,0.007574049820156848
0.12531646067583108,0.3976508273354059,0.35334449402485285,0.016856331249587832,0.00849124183817944
0.1291139291811593,0.3976508273354059,0.3249041775421122,0.02116692948541327,0.009373958981398737
0.13291139768648752,0.3976508273354059,0.2927423209235375,0.025334742136001846,0.010221800379177488
0.13670886619181571,0.3976508273354059,0.2574038351434646,0.029321926251146022,0.011031559066417715
0.14050633469714394,0.3976508273354059,0.21931253984859897,0.03309731704832194,0.011805640266942901
0.14430380320247216,0.3976508273354059,0.17911021907538063,0.036632929824855116,0.012543242239478553
0.14810127170780038,0.3976508273354059,0.1372449107360412,0.03990141589404094,0.013245166725299164
0.15189874021312857,0.3976508273354059,0.09439876264289734,0.0428805146969338,0.013912215465679232
0.1556962087184568,0.3976508273354059,0.05104403097370675,0.045550191730482636,0.01454519020189325
0.15949367722378502,0.3976508273354059,0.007951663847714873,0.047897090659320095,0.015145293545852962
0.16329114572911324,0.3976508273354059,-0.03451304656339393,0.04991008120397336,0.015714529850744605
0.16708861423444143,0.3976508273354059,-0.07560942497228174,0.05158057714884912,0.01625329998720543
0.17088608273976966,0.3976508273354059,-0.11490356078827377,0.052906352438052834,0.016763608308421673
0.17468355124509788,0.3976508273354059,-0.15185155213143114,0.05388772507956942,0.017247459167579568
0.1784810197504261,0.3976508273354059,-0.18590949712181498,0.05452962419716541,0.017706055176590865
0.1822784882557543,0.3976508273354059,-0.2167887947619067,0.05483912546850566,0.01814200199459767
0.18607595676108252,0.3976508273354059,-0.2439970069860103,0.05482664365509687,0.01855580070989654
0.18987342526641074,0.3976508273354059,-0.26728690566688074,0.05450664812025369,0.018949555893333032
0.19367089377173893,0.3976508273354059,-0.28637089890139644,0.05389551627520038,0.019325973421708564
0.19746836227706716,0.3976508273354059,-0.30100074946791555,0.05301240810102943,0.019684552206726574
0.20126583078239538,0.3976508273354059,-0.3111461845345304,0.05187823262275046,0.020028499213485047
0.2050632992877236,0.3976508273354059,-0.3166719854520541,0.05051477338733168,0.020358014877302606
0.2088607677930518,0.3976508273354059,-0.31760237048601264,0.048946199001628325,0.02067490311604686
0.21265823629838002,0.3976508273354059,-0.31400999443298405,0.04719699608048057,0.020979364365036442
0.21645570480370824,0.3976508273354059,-0.306024021375774,0.04529244625869094,0.021272400800864465
0.22025317330903646,0.3976508273354059,-0.29384627019376597,0.043256638641118415,0.021555215035442672
0.22405064181436465,0.3976508273354059,-0.2777592873180971,0.04111485486256554,0.021828308157067624
0.22784811031969288,0.3976508273354059,-0.2580385555191261,0.038891184027891296,0.022090677989146202
0.2316455788250211,0.3976508273354059,-0.2350826670836355,0.03660820470402624,0.02234452932018327
0.23544304733034932,0.3976508273354059,-0.20929929614798035,0.03428762093594235,0.022587857796992586
0.23924051583567751,0.3976508273354059,-0.1811405170019799,0.031949228720701967,0.022822166684463827
0.24303798434100574,0.3976508273354059,-0.15104326751949973,0.02961155202342769,0.023046153153025946
0.24683545284633396,0.3976508273354059,-0.1196190589050722,0.027289855227396517,0.02325961676736031
0.25063292135166215,0.3976508273354059,-0.08726143797349539,0.02499876669991556,0.02346265774512624
0.2544303898569904,0.3976508273354059,-0.054622279705178446,0.022749734728442567,0.023654073474411987
0.2582278583623186,0.3976508273354059,-0.022189985788229706,0.02055110702258214,0.02383376373755824
0.2620253268676468,0.3976508273354059,0.009578324015546901,0.018410038761995366,0.024001027010949815
0.26582279537297504,0.3976508273354059,0.040038847480917614,0.01633070380148455,0.02415456046501566
0.26962026387830323,0.3976508273354059,0.06878088318833674,0.014314692180974382,0.024294313990926117
0.27341773238363143,0.3976508273354059,0.09531703854409283,0.012361089627508162,0.02441938562974738
0.2772152008889597,0.3976508273354059,0.11927092133813544,0.010467550832196979,0.024529174075523578
0.2810126693942879,0.3976508273354059,0.1402005482246144,0.008629683309748887,0.02462302791346918
0.2848101378996161,0.3976508273354059,0.15777998171332516,0.0068409877719717285,0.024701022306828673
0.2886076064049443,0.3976508273354059,0.17176703914900737,0.005092957505268431,0.024762029806934798
0.2924050749102725,0.3976508273354059,0.1819306379147668,0.0033768870410513336,0.024805925141713415
0.29620254341560076,0.3976508273354059,0.18807097732001363,0.0016831765132751424,0.024831831406645542
0.30000001192092896,0.3976508273354059,,,
0.0,0.4097008524061758,,,
0.0037974685053282146,0.4097008524061758,-0.43223852125910306,-0.003995611326745016,-0.01810462080767433
0.007594937010656429,0.4097008524061758,-0.4236652552628866,-0.007944236973715543,-0.017975340027161966
0.011392405515984643,0.4097008524061758,-0.40948646989179,-0.011799050265129557,-0.017760573583256542
0.015189874021312859,0.4097008524061758,-0.3899332477627073,-0.015515450581099603,-0.01746182474084774
0.018987342526641072,0.4097008524061758,-0.3652063986606255,-0.019049552819704326,-0.0170810978531218
0.022784811031969287,0.4097008524061758,-0.33569038755077013,-0.0223591414209433,-0.016620096620287017
0.026582279537297502,0.4097008524061758,-0.3017293156224904,-0.025405339908657933,-0.01608272953105656
0.030379748042625717,0.4097008524061758,-0.26380351180871936,-0.02815229288254654,-0.015471602244572539
0.03417721654795393,0.4097008524061758,-0.22240036870316846,-0.03056788153613046,-0.01479032259657018
0.037974685053282144,0.4097008524061758,-0.17807892460173028,-0.032622849134795455,-0.014043701034696456
0.04177215355861036,0.4097008524061758,-0.13140023598909137,-0.03429207304773147,-0.013235746265323844
0.045569622063938574,0.4097008524061758,-0.08301214146807315,-0.03555599578386487,-0.012371669606736564
0.04936709056926679,0.4097008524061758,-0.03350597035526963,-0.03639951196391112,-0.011454878459351218
0.053164559074595004,0.4097008524061758,0.01641594764906416,-0.03681101429642002,-0.010493590671231385
0.05696202757992322,0.4097008524061758,0.06616026503954035,-0.03678398361770035,-0.00949021146620055
0.060759496085251434,0.4097008524061758,0.1150448340038423,-0.036317783911782225,-0.00845235738636642
0.06455696459057965,0.4097008524061758,0.16240768861759172,-0.03541654928246985,-0.007384838879375963
0.06835443309590786,0.4097008524061758,0.20772813617197883,-0.03408822992938664,-0.006293268134150648
0.07215190160123608,0.4097008524061758,0.2503321016098623,-0.032345546171930105,-0.005184459951523685
0.07594937010656429,0.4097008524061758,0.2897231104879585,-0.030207260481211536,-0.00406242303786755
0.07974683861189251,0.4097008524061758,0.3253925792302206,-0.02769467939222173,-0.00293276958210371
0.08354430711722072,0.4097008524061758,0.35692879732270605,-0.02483260752778581,-0.0018015126437908792
0.08734177562254894,0.4097008524061758,0.3838917996083585,-0.021650619630502937,-0.0006734626705760296
0.09113924412787715,0.4097008524061758,0.4059707850129272,-0.018181152514836728,0.000445768148619372
0.09493671263320537,0.4097008524061758,0.42294778914667785,-0.014460459091070028,0.0015505676248738587
0.09873418113853358,0.4097008524061758,0.4345967748647008,-0.010524156253515823,0.00263933227563844
0.1025316496438618,0.4097008524061758,0.44082894186006716,-0.00641167699230634,0.0037080533945406395
0.10632911814919001,0.4097008524061758,0.4415877808465496,-0.0021649983614533065,0.004750317051384495
0.11012658665451823,0.4097008524061758,0.43688943733449875,0.0021758106329411754,0.005763718022346521
0.11392405515984644,0.4097008524061758,0.42691151193777227,0.00656750090492563,0.0067474545661522205
0.11772152366517466,0.4097008524061758,0.41173473220812357,0.010970003448397951,0.007695914493880129
0.12151899217050287,0.4097008524061758,0.3917062266180925,0.015341659217331355,0.008609097805530246
0.12531646067583108,0.4097008524061758,0.36704395955741337,0.019641445181668923,0.009484198406641836
0.1291139291811593,0.4097008524061758,0.33821211444866855,0.023832154407172988,0.010320013685303159
0.13291139768648752,0.4097008524061758,0.3055174559885211,0.027877533983560694,0.011113336676416232
0.13670886619181571,0.4097008524061758,0.26956140443753424,0.031742285024504,0.011867775215716284
0.14050633469714394,0.4097008524061758,0.2307516339320629,0.035394606731509175,0.012580523208742582
0.14430380320247216,0.4097008524061758,0.18974607401889773,0.03880778643384148,0.013251981526132373
0.14810127170780038,0.4097008524061758,0.146996798987858,0.041955747476736055,0.013882551038522907
0.15189874021312857,0.4097008524061758,0.10320613853919879,0.04481654730923223,0.014472632616551427
0.1556962087184568,0.4097008524061758,0.05884231247309007,0.04737205947618857,0.015023028001492432
0.15949367722378502,0.4097008524061758,0.014726723628623208,0.04960813262227537,0.015536142417169408
0.16329114572911324,0.4097008524061758,-0.028821754164775663,0.05151443148798216,0.016010572816351987
0.16708861423444143,0.4097008524061758,-0.07099584538957204,0.05308427790562527,0.01645052834073127
0.17088608273976966,0.4097008524061758,-0.11137980315423565,0.054314332791362836,0.01685701116690037
0.17468355124509788,0.4097008524061758,-0.14940752550209543,0.05520539116515722,0.01723122390677104
0.1784810197504261,0.4097008524061758,-0.18452098323165564,0.055762700158759886,0.01757557178416676
0.1822784882557543,0.4097008524061758,-0.21643863900617613,0.055993255947839445,0.01789105697568065
0.18607595676108252,0.4097008524061758,-0.24463879102245023,0.05590787080388377,0.018180686011092066
0.18987342526641074,0.4097008524061758,-0.2688641202092638,0.055521332098192454,0.01844646324358725
0.19367089377173893,0.4097008524061758,-0.2888492347402274,0.05484874521005001,0.018689591285077942
0.19746836227706716,0.4097008524061758,-0.3042903972018686,0.05390871360657528,0.0189130766653435
0.20126583078239538,0.4097008524061758,-0.31520072582134745,0.052723497846713874,0.019116919384383924
0.2050632992877236,0.4097008524061758,-0.32140665636239396,0.05131360944549424,0.019305128148571687
0.2088607677930518,0.4097008524061758,-0.3229485526008849,0.04970242198980929,0.01947750252258817
0.21265823629838002,0.4097008524061758,-0.3198849420118414,0.047914501596495414,0.01963704903621273
0.21645570480370824,0.4097008524061758,-0.31234498867806915,0.045974175876400326,0.01978446921306055
0.22025317330903646,0.4097008524061758,-0.30054564789490545,0.04390609044835667,0.019920564794406122
0.22405064181436465,0.4097008524061758,-0.28475533877193054,0.04173377790324981,0.020047239915776376
0.22784811031969288,0.4097008524061758,-0.2652515622682969,0.03948172485591991,0.020165296318445804
0.2316455788250211,0.4097008524061758,-0.24245410165312248,0.03717187385732765,0.020275435526029593
0.23544304733034932,0.4097008524061758,-0.2167534764580146,0.03482481592449772,0.02037865971512086
0.23924051583567751,0.4097008524061758,-0.18862396104952475,0.03246098307046236,0.020474968885719605
0.24303798434100574,0.4097008524061758,-0.15850047511272472,0.030097706730400627,0.020565465432078257
0.24683545284633396,0.4097008524061758,-0.12700159351292525,0.0277506487975707,0.020650349789515444
0.25063292135166215,0.4097008524061758,-0.09452994491449669,0.025433483615324885,0.02072982239334979
0.2544303898569904,0.4097008524061758,-0.06174446795862661,0.023157341463135982,0.02080388324358129
0.2582278583623186,0.4097008524061758,-0.02914264618299563,0.020931047062586007,0.020872532340209946
0.2620253268676468,0.4097008524061758,0.0028113369898139138,0.018760960573373703,0.020935869900895073
0.26582279537297504,0.4097008524061758,0.033471156598575955,0.016651335352297608,0.020994096360955294
0.26962026387830323,0.4097008524061758,0.062410974807791036,0.014603562684291823,0.021046760740923702
0.27341773238363143,0.4097008524061758,0.08913784900456466,0.012617185432878,0.021093412061333396
0.2772152008889597,0.4097008524061758,0.11327589152604482,0.01068995766666252,0.021134726791384728
0.2810126693942879,0.4097008524061758,0.13437176671441603,0.008817109265871323,0.021170128679536663
0.2848101378996161,0.4097008524061758,0.15209171659789766,0.006992001813818841,0.02119914169190746
0.2886076064049443,0.4097008524061758,0.1661900266908401,0.005207162122859047,0.021221490229934015
0.2924050749102725,0.4097008524061758,0.17644015530113524,0.0034534673389240533,0.021238201524624276
0.29620254341560076,0.4097008524061758,0.18263750853980795,0.0017211784674751526,0.021248223290555465
0.30000001192092896,0.4097008524061758,,,
0.0,0.4217508774769457,,,
0.0037974685053282146,0.4217508774769457,-0.44444755436741556,-0.0037234759936349004,-0.016519678525656483
0.007594937010656429,0.4217508774769457,-0.4356512785094802,-0.007401635849416232,-0.016391600357055863
0.011392405515984643,0.4217508774769457,-0.42111123734428685,-0.0109897994454603,-0.016179740225270488
0.015189874021312859,0.4217508774769457,-0.40105851348872973,-0.01444416118184199,-0.015885000089234165
0.018987342526641072,0.4217508774769457,-0.3756929076333987,-0.01772266450255334,-0.015508782996177256
0.022784811031969287,0.4217508774769457,-0.3454190666314578,-0.02078555840947718,-0.015054095475879124
0.026582279537297502,0.4217508774769457,-0.3105770552946686,-0.023594761446417273,-0.014523543187481877
0.030379748042625717,0.4217508774769457,-0.27166435716071163,-0.026115610743015445,-0.013920232878424183
0.03417721654795393,0.4217508774769457,-0.2291875376168398,-0.028317339026729015,-0.013248574125715768
0.037974685053282144,0.4217508774769457,-0.18369554401497662,-0.03017180259089102,-0.012511172588498742
0.04177215355861036,0.4217508774769457,-0.13578576023809757,-0.03165610486058599,-0.011713440020375944
0.045569622063938574,0.4217508774769457,-0.08609997032264263,-0.03275068834474026,-0.010860387304312973
0.04936709056926679,0.4217508774769457,-0.03528197649384554,-0.03344044766406931,-0.009958027499868544
0.053164559074595004,0.4217508774769457,0.01601634626788458,-0.03371520656305516,-0.009008364960228893
0.05696202757992322,0.4217508774769457,0.06711688652781875,-0.03356924089796893,-0.008020218839413467
0.060759496085251434,0.4217508774769457,0.11736978749434168,-0.03300223266082568,-0.006997196973157499
0.06455696459057965,0.4217508774769457,0.16607271946719837,-0.032017997947444664,-0.005946114162294195
0.06835443309590786,0.4217508774769457,0.21270095335999137,-0.030624486957449303,-0.0048721817251077765
0.07215190160123608,0.4217508774769457,0.256572341360404,-0.028835374034191917,-0.003780210109245214
0.07594937010656429,0.4217508774769457,0.2971581180044513,-0.026668149616844047,-0.002678216727451461
0.07974683861189251,0.4217508774769457,0.33394969971608635,-0.024142848208456753,-0.0015706111567362405
0.08354430711722072,0.4217508774769457,0.3665273032261913,-0.02128554646379489,-0.0004618029741092775
0.08734177562254894,0.4217508774769457,0.3944267451121838,-0.018125819125457632,0.0006413930195962187
0.09113924412787715,0.4217508774769457,0.417337224299813,-0.01469324093604415,0.0017341663767332764
0.09493671263320537,0.4217508774769457,0.43504077639934474,-0.011023428789867423,0.0028141118734784096
0.09873418113853358,0.4217508774769457,0.44730329151069387,-0.007151363565270558,0.0038732120970866655
0.1025316496438618,0.4217508774769457,0.45398753279587956,-0.0031164782523857818,0.004908260082460063
0.10632911814919001,0.4217508774769457,0.4551015730100772,0.0010398861107450516,0.005916048864500622
0.11012658665451823,0.4217508774769457,0.450629266642936,0.005281476613839088,0.006892569736835865
0.11392405515984644,0.4217508774769457,0.4407159232876123,0.009565044170944852,0.007833813993093316
0.11772152366517466,0.4217508774769457,0.42551492529243756,0.01385051977596024,0.00873897989199848
0.12151899217050287,0.4217508774769457,0.4053007463333736,0.0180991064547229,0.009603256985904385
0.12531646067583108,0.4217508774769457,0.380347860086382,0.022270099185160847,0.01042664527481103
0.1291139291811593,0.4217508774769457,0.35109219533093156,0.0263269270490063,0.011205937793620436
0.13291139768648752,0.4217508774769457,0.3179010624275004,0.030235881199855895,0.011942337154244346
0.13670886619181571,0.4217508774769457,0.2812991904624859,0.03396293478332134,0.012631032909035785
0.14050633469714394,0.4217508774769457,0.24177498112399656,0.03747692301687878,0.013274430281818241
0.14430380320247216,0.4217508774769457,0.19997021844847224,0.04075145123777841,0.01387172753131722
0.14810127170780038,0.4217508774769457,0.1563410131033199,0.04376203283118006,0.014422523786895474
0.15189874021312857,0.4217508774769457,0.11161391305432065,0.046487361262092936,0.014928021660464743
0.1556962087184568,0.4217508774769457,0.06626521085681984,0.04891090011530028,0.01538822115202503
0.15949367722378502,0.4217508774769457,0.02111227297232114,0.05101913405144228,0.015804324873488075
0.16329114572911324,0.4217508774769457,-0.023477590238697242,0.05280188681500092,0.01617933935463324
0.16708861423444143,0.4217508774769457,-0.066719303335433,0.05425327525825487,0.016512863724823273
0.17088608273976966,0.4217508774769457,-0.10818097391600517,0.05537059631333216,0.016806501466607168
0.17468355124509788,0.4217508774769457,-0.14726420900304132,0.056155042510176306,0.017063659980401526
0.1784810197504261,0.4217508774769457,-0.18342308852780873,0.05661154297255384,0.017285040789821536
0.1822784882557543,0.4217508774769457,-0.2163488296048504,0.05674820690408065,0.01747385085996517
0.18607595676108252,0.4217508774769457,-0.24552073952535666,0.05657600558023709,0.017631593455722117
0.18987342526641074,0.4217508774769457,-0.27066939008535035,0.056108772348367926,0.017760673800915856
0.19367089377173893,0.4217508774769457,-0.29152535308085425,0.055362566611712495,0.01786319646639194
0.19746836227706716,0.4217508774769457,-0.30777782743761767,0.05435583283339716,0.017941767111292476
0.20126583078239538,0.4217508774769457,-0.3194126858340838,0.053109559540427786,0.017999492483056136
0.2050632992877236,0.4217508774769457,-0.3263007641874469,0.05164529177378387,0.01803637258168292
0.2088607677930518,0.4217508774769457,-0.32842389879856265,0.04998592610838091,0.01805701741950117
0.21265823629838002,0.4217508774769457,-0.3258819900127259,0.04815555164907791,0.018061827867148144
0.21645570480370824,0.4217508774769457,-0.3187799836472161,0.04617770098676022,0.018053910672062502
0.22025317330903646,0.4217508774769457,-0.30733988046935523,0.04407717874425295,0.01803486931679324
0.22405064181436465,0.4217508774769457,-0.2918381723438989,0.04187743801044524,0.018006808372185906
0.22784811031969288,0.4217508774769457,-0.27254428747482423,0.03960129585825634,0.017971231103130175
0.2316455788250211,0.4217508774769457,-0.24989516373599677,0.03727125135262056,0.0179293401215378
0.23544304733034932,0.4217508774769457,-0.22427728428143617,0.034907498000581426,0.017883139780595008
0.23924051583567751,0.4217508774769457,-0.19616593257209086,0.03252959329321258,0.01783403312753217
0.24303798434100574,0.4217508774769457,-0.16601419199217712,0.030154789163696877,0.017782821903623788
0.24683545284633396,0.4217508774769457,-0.13443861921821187,0.02779819099131883,0.017730608503122282
0.25063292135166215,0.4217508774769457,-0.10185294295293157,0.025473473119430753,0.01767839510262078
0.2544303898569904,0.4217508774769457,-0.06892114730950837,0.023191288815528042,0.01762748453169033
0.2582278583623186,0.4217508774769457,-0.036148788580798216,0.02095990628721907,0.017578478096286803
0.2620253268676468,0.4217508774769457,-0.004007113850161899,0.01878584469819505,0.017531876884706768
0.26582279537297504,0.4217508774769457,0.02684746097720534,0.016672721389284644,0.017488282202906085
0.26962026387830323,0.4217508774769457,0.05598052076343025,0.014621868018924778,0.017447944595033044
0.27341773238363143,0.4217508774769457,0.08290492518840059,0.01263304608112675,0.01741204161858455
0.2772152008889597,0.4217508774769457,0.10722132514453603,0.010703612134515768,0.01737997196760474
0.2810126693942879,0.4217508774769457,0.12847865543641415,0.00882821966984507,0.017352537383368106
0.2848101378996161,0.4217508774769457,0.1463363467050751,0.007000657593658853,0.01732956248497085
0.2886076064049443,0.4217508774769457,0.16055625267284618,0.00521364650442691,0.017312087030628337
0.2924050749102725,0.4217508774769457,0.1708823156365094,0.0034580387037075272,0.01729867665509166
0.29620254341560076,0.4217508774769457,0.17713188951022263,0.0017235784339864764,0.01729111648541732
0.30000001192092896,0.4217508774769457,,,
0.0,0.4338009025477156,,,
0.0037974685053282146,0.4338009025477156,-0.45579582995515683,-0.0034561107802988447,-0.014733499183740327
0.007594937010656429,0.4338009025477156,-0.4467936988402502,-0.006868654466661276,-0.014608828415556312
0.011392405515984643,0.4338009025477156,-0.43190148373053244,-0.010194779483116988,-0.014401578296099284
0.015189874021312859,0.4338009025477156,-0.4113633854700577,-0.013391872759684382,-0.014113252090258922
0.018987342526641072,0.4338009025477156,-0.385389295693385,-0.016419706286268886,-0.013746054586540086
0.022784811031969287,0.4338009025477156,-0.3543838612536785,-0.01923996010068555,-0.013301689485151081
0.026582279537297502,0.4338009025477156,-0.3186921924346842,-0.021816142786662815,-0.01278296288055264
0.030379748042625717,0.4338009025477156,-0.2788370001340057,-0.024115658525744613,-0.012193482608479989
0.03417721654795393,0.4338009025477156,-0.23531274060613286,-0.026107501539399544,-0.01153685650466836
0.037974685053282144,0.4338009025477156,-0.1887046886012782,-0.027765754176855225,-0.010816892840171604
0.04177215355861036,0.4338009025477156,-0.13961426438000496,-0.02906895089912838,-0.010039003368592566
0.045569622063938574,0.4338009025477156,-0.08869132473392839,-0.0299973752111529,-0.009206395055029225
0.04936709056926679,0.4338009025477156,-0.036581690077076096,-0.030536716753606603,-0.008323677911809928
0.053164559074595004,0.4338009025477156,0.01600423713512156,-0.03067854831488865,-0.007398067610405135
0.05696202757992322,0.4338009025477156,0.06842467286622464,-0.030417463759255105,-0.006433572857187321
0.060759496085251434,0.4338009025477156,0.11997728741597813,-0.029752827070736097,-0.005436206711715201
0.06455696459057965,0.4338009025477156,0.16996782383930234,-0.028689090361120745,-0.004411581362910242
0.06835443309590786,0.4338009025477156,0.21785540753944918,-0.027234521838017424,-0.0033649081290566623
0.07215190160123608,0.4338009025477156,0.26291349055063756,-0.025402795844778434,-0.002304204422899416
0.07594937010656429,0.4338009025477156,0.3046496348071715,-0.023209494772665703,-0.0012318754682619875
0.07974683861189251,0.4338009025477156,0.3425189293347151,-0.020676561172639912,-0.00015393432470309248
0.08354430711722072,0.4338009025477156,0.37606929984344917,-0.017830707715435795,0.0009212007243950692
0.08734177562254894,0.4338009025477156,0.4048567447987296,-0.014697057031863397,0.001989120102022773
0.09113924412787715,0.4338009025477156,0.42857449950389337,-0.011305819880491766,0.003047418584356534
0.09493671263320537,0.4338009025477156,0.44692387201745265,-0.007693249171603759,0.004086475276102408
0.09873418113853358,0.4338009025477156,0.45976762550142664,-0.0038936897675726032,0.005106290177260396
0.1025316496438618,0.4338009025477156,0.4668716500557303,5.533338937909449e-05,0.006098845875085544
0.10632911814919001,0.4338009025477156,0.46830052772176634,0.004115659341058856,0.007061737145754368
0.11012658665451823,0.4338009025477156,0.4640138947236581,0.008247855097334453,0.007991757024168884
0.11392405515984644,0.4338009025477156,0.4541570606545618,0.012413123684043532,0.008883293321407628
0.11772152366517466,0.4338009025477156,0.438883407862809,0.016572032111053864,0.009735544296196105
0.12151899217050287,0.4338009025477156,0.41848355553471206,0.020684511372263348,0.010544501242161835
0.12531646067583108,0.4338009025477156,0.3932077590807067,0.024715580589328875,0.011306957194206841
0.1291139291811593,0.4338009025477156,0.36354038381131365,0.028627714820027843,0.01202451563488011
0.13291139768648752,0.4338009025477156,0.3298043399335467,0.03238529717004727,0.012691564375260178
0.13670886619181571,0.4338009025477156,0.2925808658200306,0.035959388912757864,0.013308905156621538
0.14050633469714394,0.4338009025477156,0.2523341448933479,0.03932041530556045,0.013876137108326945
0.14430380320247216,0.4338009025477156,0.2097261430778767,0.0424400736377956,0.014392057618464653
0.14810127170780038,0.4338009025477156,0.16522911655137482,0.04529705737447253,0.014856666687034663
0.15189874021312857,0.4338009025477156,0.11956557690203554,0.047871014004555235,0.015270766055311472
0.1556962087184568,0.4338009025477156,0.07324410770590564,0.05014540711282698,0.015635157464569574
0.15949367722378502,0.4338009025477156,0.027084093613282643,0.05210862940783755,0.015950642656083463
0.16329114572911324,0.4338009025477156,-0.018551191392942923,0.05375034563007649,0.016217422065171766
0.16708861423444143,0.4338009025477156,-0.06284438085126738,0.0550654676517848,0.016437700480339344
0.17088608273976966,0.4338009025477156,-0.1053494550382529,0.05605320045300013,0.016614083560728302
0.17468355124509788,0.4338009025477156,-0.14548113920368697,0.05671410054769612,0.016747373047613142
0.1784810197504261,0.4338009025477156,-0.1826531495029602,0.057054130585590355,0.01684027481779528
0.1822784882557543,0.4338009025477156,-0.21657183946656933,0.05708179728027991,0.016895093877438896
0.18607595676108252,0.4338009025477156,-0.2466912890257817,0.05680775389926017,0.016914235450367472
0.18987342526641074,0.4338009025477156,-0.2727420699766202,0.05624631080185332,0.016900405413382426
0.19367089377173893,0.4338009025477156,-0.29444264498234457,0.0554137658972874,0.01685600899030725
0.19746836227706716,0.4338009025477156,-0.31147514930792575,0.05432943817064736,0.016783852275602678
0.20126583078239538,0.4338009025477156,-0.323834537481379,0.05301304411699931,0.0166864407107515
0.2050632992877236,0.4338009025477156,-0.3313583453048006,0.05148644678530768,0.016567582566807577
0.2088607677930518,0.4338009025477156,-0.3340586819109535,0.0497726222524842,0.01642868089100127
0.21265823629838002,0.4338009025477156,-0.3320071930020189,0.04789494410542177,0.0162732433014085
0.21645570480370824,0.4338009025477156,-0.3253269880944209,0.045878296468941725,0.016103274151215503
0.22025317330903646,0.4338009025477156,-0.31422493153952763,0.04374549641596332,0.015922782146794753
0.22405064181436465,0.4338009025477156,-0.2989966879956361,0.041519917533379455,0.015732268376442815
0.22784811031969288,0.4338009025477156,-0.2799005856283574,0.03922501291007925,0.01553574154653216
0.2316455788250211,0.4338009025477156,-0.25737961687793853,0.036881930077061045,0.015335406445567653
0.23544304733034932,0.4338009025477156,-0.23183035584236839,0.03451118054935329,0.01513306699141691
0.23924051583567751,0.4338009025477156,-0.20372909507699227,0.032131288292078584,0.014931128407903413
0.24303798434100574,0.4338009025477156,-0.1735379998155987,0.029759505238419783,0.014731294395235465
0.24683545284633396,0.4338009025477156,-0.1418756449234985,0.027410539257680232,0.01453627083021449
0.25063292135166215,0.4338009025477156,-0.10916282276420652,0.0250975081792386,0.014347059889433605
0.2544303898569904,0.4338009025477156,-0.07607865386684867,0.022831144772586524,0.014165465490760426
0.2582278583623186,0.4338009025477156,-0.04313071271307477,0.02061868371938132,0.01399299089908463
0.2620253268676468,0.4338009025477156,-0.010795291858230168,0.01846664418331421,0.013830938943977272
0.26582279537297504,0.4338009025477156,0.020256560923734568,0.01637824599523268,0.013680812890328032
0.26962026387830323,0.4338009025477156,0.04959471914613309,0.014354641934082132,0.013543665023559685
0.27341773238363143,0.4338009025477156,0.07671059923291865,0.012394937602404928,0.013420196867287413
0.2772152008889597,0.4338009025477156,0.10121342937888471,0.010496131799843222,0.01331148576134882
0.2810126693942879,0.4338009025477156,0.12263044885907512,0.008653136398638015,0.013218158066114604
0.2848101378996161,0.4338009025477156,0.1406363508672834,0.006859432235098093,0.013141190903763058
0.2886076064049443,0.4338009025477156,0.15496341004632724,0.005106790852613204,0.01308058427429418
0.2924050749102725,0.4338009025477156,0.16538338185730367,0.0033861887746107506,0.013037377935923335
0.29620254341560076,0.4338009025477156,0.1716793110048753,0.0016876882515614406,0.01301098310990206
0.30000001192092896,0.4338009025477156,,,
0.0,0.44585092761848544,,,
0.0037974685053282146,0.44585092761848544,-0.46630857538224996,-0.003196377758601285,-0.012771237414413146
0.007594937010656429,0.44585092761848544,-0.45710462538795965,-0.006350778463190843,-0.012650675570260918
0.011392405515984643,0.44585092761848544,-0.44187537274967126,-0.009421622569738119,-0.012450340469296411
0.015189874021312859,0.44585092761848544,-0.42087410016101107,-0.012368682068148541,-0.012171635158749992
0.018987342526641072,0.44585092761848544,-0.39430868106774436,-0.015152921478271053,-0.011816062903511339
0.022784811031969287,0.44585092761848544,-0.3625999078333859,-0.017737531375849158,-0.011386329580381873
0.026582279537297502,0.44585092761848544,-0.3260949089304756,-0.02008761038453599,-0.010885241283822327
0.030379748042625717,0.44585092761848544,-0.2853335498613646,-0.02217103969785287,-0.010315604108293436
0.03417721654795393,0.44585092761848544,-0.24080019593657365,-0.023959675609132855,-0.009680023712937308
0.037974685053282144,0.44585092761848544,-0.19313057662616112,-0.025428395487565886,-0.008984713592631281
0.04177215355861036,0.44585092761848544,-0.14289180298119505,-0.026554620766221424,-0.008231477665242971
0.045569622063938574,0.44585092761848544,-0.09077813194675509,-0.027321338017905313,-0.007425727684375222
0.04936709056926679,0.44585092761848544,-0.03744951125842569,-0.027716621943182407,-0.006573476709586746
0.053164559074595004,0.44585092761848544,0.01638365662836278,-0.027729978278549776,-0.005679134317887269
0.05696202757992322,0.44585092761848544,0.07006344216681969,-0.027357908936173105,-0.004746709215649266
0.060759496085251434,0.44585092761848544,0.12285926101357632,-0.026600413916052397,-0.0037842188156176904
0.06455696459057965,0.44585092761848544,0.17408492897872832,-0.025460991306021964,-0.002794870082890523
0.06835443309590786,0.44585092761848544,0.22315113493447553,-0.023949817361599797,-0.001786279559575469
0.07215190160123608,0.44585092761848544,0.2693716946909136,-0.022078658378228578,-0.0007616542107705097
0.07594937010656429,0.44585092761848544,0.3121976608961191,-0.019864686787094923,0.0002709885507794024
0.07974683861189251,0.44585092761848544,0.35105990431023015,-0.017329527131174572,0.0013044330536038098
0.08354430711722072,0.44585092761848544,0.3855386416641289,-0.014496712001352883,0.002337075815153722
0.08734177562254894,0.44585092761848544,0.41518987142317126,-0.011394226100304343,0.003364106387782167
0.09113924412787715,0.44585092761848544,0.43961802858376536,-0.008052598194582936,0.004374300393646211
0.09493671263320537,0.44585092761848544,0.45861322151135225,-0.004501721034772768,0.005367657832745855
0.09873418113853358,0.44585092761848544,0.4719574858161976,-0.0007803915950361948,0.006338566516159631
0.1025316496438618,0.44585092761848544,0.4794570753740932,0.0030751372143439297,0.007279810772417082
0.10632911814919001,0.44585092761848544,0.48116849947126633,0.007031792562934123,0.008189787118969217
0.11012658665451823,0.44585092761848544,0.47701103055596367,0.011048233412692534,0.009062883366894571
0.11392405515984644,0.44585092761848544,0.4672026330179194,0.015086298805426683,0.009898297774918645
0.11772152366517466,0.44585092761848544,0.45181596165371174,0.019108463798913965,0.010688814671570984
0.12151899217050287,0.44585092761848544,0.4311981449358805,0.02307593141899203,0.01143443405685159
0.12531646067583108,0.44585092761848544,0.405615583785212,0.02695308477134789,0.012131948965662477
0.1291139291811593,0.44585092761848544,0.37547998871564897,0.03070685102554807,0.012774945467807686
0.13291139768648752,0.44585092761848544,0.34120710661872156,0.03430352133518921,0.013368234010934189
0.13670886619181571,0.44585092761848544,0.3033579939791163,0.03771161290976252,0.013908607629944003
0.14050633469714394,0.44585092761848544,0.2623766523314771,0.04090282303860857,0.0143924584891019
0.14430380320247216,0.44585092761848544,0.21896541137605913,0.043853301122857076,0.014820187459045129
0.14810127170780038,0.44585092761848544,0.17360863642338298,0.04654174062751722,0.015193398022322679
0.15189874021312857,0.44585092761848544,0.12701672992887902,0.048947789041553016,0.015510486696385559
0.1556962087184568,0.44585092761848544,0.07973056648929538,0.05105713600564229,0.015772255222508264
0.15949367722378502,0.44585092761848544,0.03256549437734193,0.05285737920837248,0.015979906212602542
0.16329114572911324,0.44585092761848544,-0.014093012347358621,0.05434088645810511,0.016133840537305634
0.16708861423444143,0.44585092761848544,-0.059411441712951894,0.05550400066301337,0.016237265161715524
0.17088608273976966,0.44585092761848544,-0.10295184675117541,0.05634481377518766,0.016289979650513587
0.17468355124509788,0.44585092761848544,-0.14410473444629066,0.05686571085451499,0.016295190968797807
0.1784810197504261,0.44585092761848544,-0.18226666634894054,0.05707273405270919,0.01625490346975442
0.1822784882557543,0.44585092761848544,-0.2171540869335911,0.05697542360931837,0.01617092107125104
0.18607595676108252,0.44585092761848544,-0.2481938305827928,0.05658498930581157,0.016046851609022895
0.18987342526641074,0.44585092761848544,-0.27512252365895007,0.055915821003507206,0.01588479965391554
0.19367089377173893,0.44585092761848544,-0.2976394560317812,0.054984614121614483,0.01568847325932351
0.19746836227706716,0.44585092761848544,-0.31542676296625716,0.053810449139229645,0.015460377866729604
0.20126583078239538,0.44585092761848544,-0.32847233532961473,0.05241439408535479,0.015203820658891117
0.2050632992877236,0.44585092761848544,-0.3366177453015379,0.05081791449897319,0.014922008600906029
0.2088607677930518,0.44585092761848544,-0.33985996559883586,0.04904358894701538,0.014618850181487503
0.21265823629838002,0.44585092761848544,-0.3382787146788651,0.04711487051837051,0.014297351930414898
0.21645570480370824,0.44585092761848544,-0.33197994745330217,0.045056404831871205,0.013960921248104819
0.22025317330903646,0.44585092761848544,-0.32121089204939185,0.0428914064704179,0.013611762923062128
0.22405064181436465,0.44585092761848544,-0.30621574931118845,0.04064293101291855,0.013255288708889666
0.22784811031969288,0.44585092761848544,-0.28729522936897345,0.03833387503428863,0.01289330252345505
0.2316455788250211,0.44585092761848544,-0.26488425190781867,0.03598498855554532,0.012528810896537637
0.23544304733034932,0.44585092761848544,-0.23937939102571293,0.033616703589720826,0.012165321446213342
0.23924051583567751,0.44585092761848544,-0.21127106659955838,0.031247703105930225,0.01180554004928359
0.24303798434100574,0.44585092761848544,-0.18101337110796822,0.02889420551140532,0.011453274976802229
0.24683545284633396,0.44585092761848544,-0.14925414315376387,0.026570521165468288,0.011109628623021691
0.25063292135166215,0.44585092761848544,-0.11639601140131568,0.024289529391509093,0.010778609694314455
0.2544303898569904,0.44585092761848544,-0.08314433283406943,0.02206092943306832,0.010461921890888822
0.2582278583623186,0.44585092761848544,-0.05000769102807183,0.01989235348178447,0.010161770001249654
0.2620253268676468,0.44585092761848544,-0.01746338763306518,0.017789446179390177,0.009880859902198374
0.26582279537297504,0.44585092761848544,0.01379633859466469,0.01575499009575364,0.00962029398798741
0.26962026387830323,0.44585092761848544,0.04334665891401524,0.01378980012633627,0.00938247748244025
0.27341773238363143,0.44585092761848544,0.07066486242738289,0.01189240548420772,0.009168888596031743
0.2772152008889597,0.44585092761848544,0.09536042960316032,0.010058970198049693,0.008981180920140537
0.2810126693942879,0.44585092761848544,0.11694697694203299,0.008284406140103187,0.008819855543063191
0.2848101378996161,0.44585092761848544,0.13510108968978862,0.0065615481929575835,0.008686666273837663
0.2886076064049443,0.44585092761848544,0.1495457714344732,0.004881854860892458,0.008581926292649304
0.2924050749102725,0.44585092761848544,0.16005372366318094,0.0032356318692419858,0.00850693216546546
0.29620254341560076,0.44585092761848544,0.1664019365141929,0.001612007320021122,0.008461740264719497
0.30000001192092896,0.44585092761848544,,,
0.0,0.4579009526892553,,,
0.0037974685053282146,0.4579009526892553,-0.47601505438620545,-0.002946343980444313,-0.01065915024441466
0.007594937010656429,0.4579009526892553,-0.4666123127957223,-0.005852221444805352,-0.010543398847909405
0.011392405515984643,0.4579009526892553,-0.45106014995042004,-0.008677960896962185,-0.01035158224798641
0.015189874021312859,0.4579009526892553,-0.42961083944952827,-0.01138444735476752,-0.010085003274216731
0.018987342526641072,0.4579009526892553,-0.4024813365883843,-0.01393423537799499,-0.009745165191490048
0.022784811031969287,0.4579009526892553,-0.37009747920248764,-0.01629218508430902,-0.009334072352992596
0.026582279537297502,0.4579009526892553,-0.332807404858775,-0.018424587627306248,-0.008854029764888551
0.030379748042625717,0.4579009526892553,-0.29116611547555143,-0.020300516730451527,-0.008308444827594519
0.03417721654795393,0.4579009526892553,-0.24568623100645123,-0.02189325972301012,-0.007701326247482972
0.037974685053282144,0.4579009526892553,-0.19697320808962537,-0.023178807002119252,-0.007034477942421529
0.04177215355861036,0.4579009526892553,-0.14564057611840003,-0.024135852032788133,-0.006314113407287525
0.045569622063938574,0.4579009526892553,-0.09239671935941177,-0.024748653419762356,-0.0055444417837720635
0.04936709056926679,0.4579009526892553,-0.03789351279306966,-0.02500496785562184,-0.00472907090761037
0.053164559074595004,0.4579009526892553,0.017146531992432885,-0.024895891116788336,-0.003872811226449418
0.05696202757992322,0.4579009526892553,0.07200493978649017,-0.024418243123412477,-0.0029832792823969124
0.060759496085251434,0.4579009526892553,0.12601167190954857,-0.023572341883479193,-0.0020620785580018433
0.06455696459057965,0.4579009526892553,0.17839578024236258,-0.022362957516762545,-0.0011180282072836586
0.06835443309590786,0.4579009526892553,0.2286083174330088,-0.020798676238855847,-0.00015473606597758778
0.07215190160123608,0.4579009526892553,0.2759106263829431,-0.01889285438512646,0.00082098306508316
0.07594937010656429,0.4579009526892553,0.31975375974024206,-0.016663618410715814,0.001803917867614365
0.07974683861189251,0.4579009526892553,0.3595928065305699,-0.01412973078673521,0.0027900596352435515
0.08354430711722072,0.4579009526892553,0.39495147419858123,-0.011314724104070013,0.003771390955225766
0.08734177562254894,0.4579009526892553,0.42535347018893066,-0.008247855097334453,0.004741497897365047
0.09113924412787715,0.4579009526892553,0.4504920298049552,-0.004959016517112641,0.005700380461661394
0.09493671263320537,0.4579009526892553,0.47007653386034226,-0.0014774650980188104,0.006637616011546369
0.09873418113853358,0.4579009526892553,0.4838486541894809,0.0021611822656340584,0.007548394099372999
0.1025316496438618,0.4579009526892553,0.4917276632406177,0.005920036647593236,0.008433516466415781
0.10632911814919001,0.4579009526892553,0.4936651244827005,0.009763481153545743,0.009283362217380771
0.11012658665451823,0.4579009526892553,0.48962874689502794,0.013655898889178597,0.010093922645895492
0.11392405515984644,0.4579009526892553,0.4797961310914577,0.01755912889629932,0.010861990786861965
0.11772152366517466,0.4579009526892553,0.4642964411547952,0.02143501021671543,0.0115851614164567
0.12151899217050287,0.4579009526892553,0.4434283690265282,0.02524856197208383,0.01225862408703273
0.12531646067583108,0.4579009526892553,0.4174744611377939,0.028963531252121658,0.012880775316041062
0.1291139291811593,0.4579009526892553,0.3869190827991129,0.032547481242365305,0.013452416844756192
0.13291139768648752,0.4579009526892553,0.35207707146232364,0.035968929152305984,0.013964729519158671
0.13670886619181571,0.4579009526892553,0.3135659928983401,0.039198300239344515,0.014418114209885749
0.14050633469714394,0.4579009526892553,0.2718540669073322,0.04220824581677629,0.014814575270123661
0.14430380320247216,0.4579009526892553,0.2276557323223181,0.04497523329371596,0.015152108346686172
0.14810127170780038,0.4579009526892553,0.18142306343311698,0.04747891015912751,0.015427907345112546
0.15189874021312857,0.4579009526892553,0.1339108628486237,0.04970146796585447,0.015643174877314526
0.1556962087184568,0.4579009526892553,0.08567211429834934,0.0516289143625596,0.01579911355520386
0.15949367722378502,0.4579009526892553,0.0375060205446531,0.053250437077755015,0.015894520766868796
0.16329114572911324,0.4579009526892553,-0.010143416877821054,0.05456047097170433,0.01593300434804457
0.16708861423444143,0.4579009526892553,-0.056489104339476987,0.05555424592463347,0.015913962992775307
0.17088608273976966,0.4579009526892553,-0.10103254920823714,0.05623112592057256,0.01584020279552174
0.17468355124509788,0.4579009526892553,-0.14318645854509515,0.0565957220753032,0.01571272593287699
0.1784810197504261,0.4579009526892553,-0.18232014835197718,0.056654474050520376,0.015534939805257665
0.1822784882557543,0.4579009526892553,-0.2181399721593801,0.056416683579783494,0.015309750724783805
0.18607595676108252,0.4579009526892553,-0.25007881891623585,0.05589467347250887,0.01503866195634509
0.18987342526641074,0.4579009526892553,-0.27784808762502594,0.05510394661796222,0.014725682206313997
0.19367089377173893,0.4579009526892553,-0.3011561500050409,0.05406175494932637,0.01437361756915126
0.19746836227706716,0.4579009526892553,-0.3196649594333133,0.05278717894569757,0.013986777404207291
0.20126583078239538,0.4579009526892553,-0.3333644249658738,0.051301127632085455,0.01356836867658007
0.2050632992877236,0.4579009526892553,-0.34209208240481875,0.049626259077416794,0.013121798786686205
0.2088607677930518,0.4579009526892553,-0.3458459135613542,0.04778531085261462,0.012651176658557478
0.21265823629838002,0.4579009526892553,-0.34470059142085213,0.045801497540579356,0.012160310563247748
0.21645570480370824,0.4579009526892553,-0.338761061800592,0.04369890824617,0.011653509860107422
0.22025317330903646,0.4579009526892553,-0.3282705164502311,0.04150179107823802,0.011134683037849669
0.22405064181436465,0.4579009526892553,-0.31349031081857126,0.03923312211369515,0.010607437932209715
0.22784811031969288,0.4579009526892553,-0.2947151004695125,0.03691468489950959,0.010075983684878661
0.2316455788250211,0.4579009526892553,-0.27237879599372966,0.03456770646867589,0.009544930308184853
0.23544304733034932,0.4579009526892553,-0.2468910897163715,0.0322121418222489,0.009017384549566963
0.23924051583567751,0.4579009526892553,-0.21873735604235564,0.029866594427347425,0.008497655768375403
0.24303798434100574,0.4579009526892553,-0.18840196028220277,0.02754648767124094,0.007988449841411591
0.24683545284633396,0.4579009526892553,-0.15650549549001755,0.025266131913251617,0.007494677433981816
0.25063292135166215,0.4579009526892553,-0.12348489953966556,0.023037452452814612,0.007018843987568871
0.2544303898569904,0.4579009526892553,-0.09004351122579869,0.020869830525485574,0.006564056249611427
0.2582278583623186,0.4579009526892553,-0.056690923218860614,0.01877065981691429,0.006134222708822649
0.2620253268676468,0.4579009526892553,-0.02392663724532581,0.016744630944878595,0.00573114728307015
0.26582279537297504,0.4579009526892553,0.00756518069369523,0.014794287973257984,0.005358638243407783
0.26962026387830323,0.4579009526892553,0.037342547252352365,0.012919471898059988,0.005018499507703163
0.27341773238363143,0.4579009526892553,0.06487972424985125,0.011118195169378746,0.0047129358644611525
0.2772152008889597,0.4579009526892553,0.08977307392742463,0.009385926173428904,0.004443851449208677
0.2810126693942879,0.4579009526892553,0.1115468082769256,0.007716622758496652,0.0042135512681099095
0.2848101378996161,0.4579009526892553,0.12985228518421896,0.006102930989930315,0.004022636627120722
0.2886076064049443,0.4579009526892553,0.14442764465330446,0.004535429881176125,0.0038733624235756338
0.2924050749102725,0.4579009526892553,0.15502414491534175,0.0030034065382415044,0.0037656785486449872
0.29620254341560076,0.4579009526892553,0.1614303806941765,0.0014955319266630623,0.003700812668655354
0.30000001192092896,0.4579009526892553,,,
0.0,0.4699509777600252,,,
0.0037974685053282146,0.4699509777600252,-0.48494251251574017,-0.00270839450571496,-0.008424697312396333
0.007594937010656429,0.4699509777600252,-0.4753540975562241,-0.005377753531278864,-0.00831535984608704
0.011392405515984643,0.4699509777600252,-0.459492142731068,-0.007969995620495466,-0.008134166318051108
0.015189874021312859,0.4699509777600252,-0.4376099307338983,-0.010447595831142163,-0.007881317163607161
0.018987342526641072,0.4699509777600252,-0.40993652599281544,-0.012774539758924801,-0.007559618477215933
0.022784811031969287,0.4699509777600252,-0.3769007936265097,-0.014916164533485213,-0.0071703730884484776
0.026582279537297502,0.4699509777600252,-0.33885995305148997,-0.01684090786231837,-0.006716186656446905
0.030379748042625717,0.4699509777600252,-0.29637909713003047,-0.018519990022787446,-0.006199664840353326
0.03417721654795393,0.4699509777600252,-0.24997084581576562,-0.019926539340165233,-0.005624415475902967
0.037974685053282144,0.4699509777600252,-0.20027698314513534,-0.021037341231551307,-0.004994447269468305
0.04177215355861036,0.4699509777600252,-0.1478928748123213,-0.021834110237811774,-0.0043121654448728276
0.045569622063938574,0.4699509777600252,-0.09355515972707378,-0.022300627951714832,-0.0035829817557193767
0.04936709056926679,0.4699509777600252,-0.037925803813771045,-0.022424969073825324,-0.002811305779017676
0.053164559074595004,0.4699509777600252,0.018244426696279813,-0.02220077344444451,-0.0020023488330519453
0.05696202757992322,0.4699509777600252,0.07426531123558679,-0.021623588951783266,-0.001159718753557413
0.060759496085251434,0.4699509777600252,0.12939415632801812,-0.02069468762778134,-0.000290230341367289
0.06455696459057965,0.4699509777600252,0.1829003776302051,-0.01942074764012242,0.0006025085677831979
0.06835443309590786,0.4699509777600252,0.2341906276367599,-0.017808765164475118,0.0015112823024235904
0.07215190160123608,0.4699509777600252,0.2825222128715507,-0.015873050560161625,0.0024324830268186593
0.07594937010656429,0.4699509777600252,0.3273421496050664,-0.013631094266353486,0.0033592959401351954
0.07974683861189251,0.4699509777600252,0.36807727221985753,-0.011102294770131879,0.0042861088534517314
0.08354430711722072,0.4699509777600252,0.4042512881605787,-0.008312092710291792,0.005208111319121296
0.08734177562254894,0.4699509777600252,0.4354040503822353,-0.005284656693688461,0.006119691148222421
0.09113924412787715,0.4699509777600252,0.4611480666364106,-0.0020511515028457444,0.0070144344105591465
0.09493671263320537,0.4699509777600252,0.4812734452885458,0.0013553500318028778,0.00788913414103349
0.09873418113853358,0.4699509777600252,0.4954814943971531,0.004904955159673296,0.00873737640944949
0.1025316496438618,0.4699509777600252,0.503643049879427,0.00856204698645253,0.009551945544336688
0.10632911814919001,0.4699509777600252,0.5057661844905427,0.012289100569917975,0.010332841545695083
0.11012658665451823,0.4699509777600252,0.501818607209799,0.016049862999786776,0.011075253965877706
0.11392405515984644,0.4699509777600252,0.49193755487517665,0.01980935339771583,0.011771967133414099
0.11772152366517466,0.4699509777600252,0.47627640983500724,0.023532590885362026,0.012420575824480775
0.12151899217050287,0.4699509777600252,0.4551419367859539,0.027182686536472638,0.013019476556528745
0.12531646067583108,0.4699509777600252,0.42882475491432903,0.03072720353658406,0.01356305714063654
0.1291139291811593,0.4699509777600252,0.3977607929996013,0.034132433039292934,0.014048912352980676
0.13291139768648752,0.4699509777600252,0.3623536888005379,0.03736593823013565,0.014477042193561152
0.13670886619181571,0.4699509777600252,0.3232008262001144,0.040403868510241914,0.014844239697279986
0.14050633469714394,0.4699509777600252,0.28073813397779945,0.043220465232831795,0.015146897028401952
0.14430380320247216,0.4699509777600252,0.23572445112007545,0.045790605767095253,0.015386216798838791
0.14810127170780038,0.4699509777600252,0.18862799742711242,0.04809552764192099,0.015561397267316009
0.15189874021312857,0.4699509777600252,0.14020761188539282,0.050120284482016934,0.015672438433833605
0.1556962087184568,0.4699509777600252,0.09100416909166474,0.05185088393604585,0.015718137686479835
0.15949367722378502,0.4699509777600252,0.04187338109451477,0.053279057796399375,0.015700900249078185
0.16329114572911324,0.4699509777600252,-0.006773041592114497,0.05439844590337876,0.01562032525099141
0.16708861423444143,0.4699509777600252,-0.054117732506719377,0.055205868177134625,0.015477214433494006
0.17088608273976966,0.4699509777600252,-0.09965412626204696,0.05570355067356154,0.015273973020409453
0.17468355124509788,0.4699509777600252,-0.14277474803115256,0.055895627496463686,0.015013407106198489
0.1784810197504261,0.4699509777600252,-0.18285093200475613,0.055790207849456964,0.014696719302772856
0.1822784882557543,0.4699509777600252,-0.21958802261895763,0.055397070478078195,0.014326916139911912
0.18607595676108252,0.4699509777600252,-0.2523856087075907,0.05472973072168722,0.013907705671010195
0.18987342526641074,0.4699509777600252,-0.28096719840589984,0.0538040889795309,0.013442495296484313
0.19367089377173893,0.4699509777600252,-0.3050229997340312,0.05263779469477326,0.01293419132845431
0.19746836227706716,0.4699509777600252,-0.32422102063539865,0.05125207490040887,0.012386401602655413
0.20126583078239538,0.4699509777600252,-0.3385400701276669,0.04966688459749254,0.011804337437371845
0.2050632992877236,0.4699509777600252,-0.34780860216335996,0.04790504085894353,0.011191306015360898
0.2088607677930518,0.4699509777600252,-0.35203569859205003,0.04599095079760577,0.010551817131291604
0.21265823629838002,0.4699509777600252,-0.35128291417194907,0.04394759049039099,0.009890881668129564
0.21645570480370824,0.4699509777600252,-0.345663267475512,0.041799526054135595,0.00921250833224725
0.22025317330903646,0.4699509777600252,-0.33541490478041147,0.03957052858571365,0.00852220909490682
0.22405064181436465,0.4699509777600252,-0.3208072542906246,0.03728333565604818,0.007824092880140061
0.22784811031969288,0.4699509777600252,-0.3021309351924638,0.03496076433805843,0.007123070353253256
0.2316455788250211,0.4699509777600252,-0.27983802177574846,0.032623485150765325,0.006423551091256131
0.23544304733034932,0.4699509777600252,-0.25432407904407045,0.030291214589234988,0.005730846630092214
0.23924051583567751,0.4699509777600252,-0.22609769057347648,0.02798136359064273,0.005049366546771232
0.24303798434100574,0.4699509777600252,-0.19563514891931194,0.02570999155822789,0.0043833199829842835
0.24683545284633396,0.4699509777600252,-0.16357621992922292,0.02349117034532394,0.0037373169510597167
0.25063292135166215,0.4699509777600252,-0.1303618778546626,0.02133547371743005,0.0031154663750293204
0.2544303898569904,0.4699509777600252,-0.09669142511269534,0.019252362412098104,0.002522478484880754
0.2582278583623186,0.4699509777600252,-0.06310472720567226,0.017248435095015554,0.0019611593750747504
0.2620253268676468,0.4699509777600252,-0.03008211306652641,0.015327666865994112,0.0014365199285769062
0.26582279537297504,0.4699509777600252,0.001659960282930326,0.013491647764958469,0.0009505644985734585
0.26962026387830323,0.4699509777600252,0.03168657315762624,0.011739503269950043,0.0005071013561182605
0.27341773238363143,0.4699509777600252,0.0594618964327978,0.0100681328031157,0.00010883637801273337
0.2772152008889597,0.4699509777600252,0.08457623778329625,0.008473163754662548,-0.00024192542957894873
0.2810126693942879,0.4699509777600252,0.10654321370980704,0.006947401193931381,-0.0005423779721960524
0.2848101378996161,0.4699509777600252,0.12502275940056878,0.0054815831383609,-0.0007903665701633717
0.2886076064049443,0.4699509777600252,0.13972829204685672,0.00406581158941993,-0.000985440244014003
0.2924050749102725,0.4699509777600252,0.15042570174858583,0.002688439504660143,-0.001125394205243084
0.29620254341560076,0.4699509777600252,0.1568909695496403,0.0013375018336482705,-0.0012099278008726796
0.30000001192092896,0.4699509777600252,,,
0.0,0.48200100283079506,,,
0.0037974685053282146,0.48200100283079506,-0.4931363590187154,-0.0024842783783303804,-0.0060992467457227926
0.007594937010656429,0.48200100283079506,-0.48337236163413555,-0.004931190818430626,-0.005997124950883957
0.011392405515984643,0.48200100283079506,-0.4672026330179194,-0.007303450884066833,-0.005826855147713023
0.015189874021312859,0.48200100283079506,-0.44491577416758554,-0.009565362178929789,-0.005590942777692789
0.018987342526641072,0.48200100283079506,-0.4167115857737238,-0.01168218233066509,-0.0052892876231639425
0.022784811031969287,0.48200100283079506,-0.3830502148813288,-0.013620600002850553,-0.004924896213905841
0.026582279537297502,0.48200100283079506,-0.34428484452932184,-0.0153505634409096,-0.004499572467786098
0.030379748042625717,0.48200100283079506,-0.30100074946791555,-0.01684345192619787,-0.004016924220539944
0.03417721654795393,0.48200100283079506,-0.2537044950843627,-0.018074460835890253,-0.003477953648760496
0.037974685053282144,0.48200100283079506,-0.20305401092545403,-0.01902228363499595,-0.002887471200094727
0.04177215355861036,0.48200100283079506,-0.1496729173284849,-0.019667521836433784,-0.0022500868868709847
0.045569622063938574,0.48200100283079506,-0.0942857440704425,-0.0199957060768891,-0.001567805062275507
0.04936709056926679,0.48200100283079506,-0.03758271171881888,-0.019997614124798724,-0.0008454361739552657
0.053164559074595004,0.48200100283079506,0.019681377117491232,-0.01966529578053922,-8.859241083172771e-05
0.05696202757992322,0.48200100283079506,0.07679611998305746,-0.018995252956276278,0.0006991183913598784
0.060759496085251434,0.48200100283079506,0.13301075064657272,-0.017990347723874332,0.0015124849143353333
0.06455696459057965,0.48200100283079506,0.18756643012155455,-0.016656304227062255,0.00234589496917317
0.06835443309590786,0.48200100283079506,0.23989806554572884,-0.015002980713373104,0.00319574072013816
0.07215190160123608,0.48200100283079506,0.28919030864638573,-0.01304214347824956,0.004052802142573607
0.07594937010656429,0.48200100283079506,0.33493053946989076,-0.010791918976833051,0.004916277495205016
0.07974683861189251,0.48200100283079506,0.37651330137809313,-0.008273295736129439,0.0057781493652874355
0.08354430711722072,0.48200100283079506,0.41344615630529674,-0.005509806347024087,0.006633607305173892
0.08734177562254894,0.48200100283079506,0.4452851027168576,-0.0025275274642818568,0.00747703912594292
0.09113924412787715,0.48200100283079506,0.47160228458848247,0.0006449201934528944,0.008302832638673052
0.09493671263320537,0.48200100283079506,0.49220395579596304,0.0039757358276864335,0.009106177395717315
0.09873418113853358,0.48200100283079506,0.5067752788874609,0.007431846607985278,0.009883064690703235
0.1025316496438618,0.48200100283079506,0.5152193808008718,0.010979543687946071,0.01062868407598384
0.10632911814919001,0.48200100283079506,0.5174797522499683,0.014585118221165459,0.011335018138814176
0.11012658665451823,0.48200100283079506,0.5135483204795753,0.018211045265420837,0.011999661655370756
0.11392405515984644,0.48200100283079506,0.5035946133483749,0.02182170792639922,0.012620209401830099
0.11772152366517466,0.48200100283079506,0.4877558676943479,0.025384669389637005,0.013191049189270733
0.12151899217050287,0.48200100283079506,0.46629848443828076,0.02886431276082121,0.01370737057004569
0.12531646067583108,0.48200100283079506,0.43959381031823935,0.03222629317757861,0.014168371802880471
0.1291139291811593,0.48200100283079506,0.40802126482746487,0.03544262593723471,0.014567638957579118
0.13291139768648752,0.48200100283079506,0.37201677674542594,0.03848278227323553,0.014905973775416123
0.13670886619181571,0.48200100283079506,0.3321858027102735,0.0413187774829066,0.015180169291293507
0.14050633469714394,0.48200100283079506,0.2889844533894144,0.043927078975362535,0.015389423763936773
0.14430380320247216,0.48200100283079506,0.24314734950380523,0.046288606271507104,0.01552892674569895
0.14810127170780038,0.48200100283079506,0.19518711100708028,0.04838300686030433,0.015602686942952516
0.15189874021312857,0.48200100283079506,0.14584643137537134,0.05019533436646214,0.015605092166776002
0.1556962087184568,0.48200100283079506,0.09570251260371557,0.05171573054244749,0.015540551994179131
0.15949367722378502,0.48200100283079506,0.045602993985524184,0.052934655148712255,0.015406260330701173
0.16329114572911324,0.48200100283079506,-0.004032341210084852,0.053847974081452255,0.015204221529528364
0.16708861423444143,0.48200100283079506,-0.05235181731211265,0.054454574312720196,0.014936039073209695
0.17088608273976966,0.48200100283079506,-0.09885290531089397,0.05475811293434287,0.01460351687961278
0.17468355124509788,0.48200100283079506,-0.1429281303794841,0.05476240604213953,0.014208057995967987
0.1784810197504261,0.48200100283079506,-0.18391653568790167,0.054476993875658276,0.013752268081417425
0.1822784882557543,0.48200100283079506,-0.22153355661621577,0.053914199244315446,0.013239153665740449
0.18607595676108252,0.48200100283079506,-0.25515557282713097,0.05308769649146334,0.012672021931694356
0.18987342526641074,0.48200100283079506,-0.2845202197774486,0.05201418103631117,0.012053678973739875
0.19367089377173893,0.48200100283079506,-0.3092874326554072,0.050712017839989056,0.011389235892501917
0.19746836227706716,0.48200100283079506,-0.32912219212123,0.049203308457450155,0.010682200306056398
0.20126583078239538,0.48200100283079506,-0.3440275254581077,0.047509756933666436,0.009936480703116483
0.2050632992877236,0.48200100283079506,-0.35379152284268756,0.04565394183556844,0.009158090143240883
0.2088607677930518,0.48200100283079506,-0.3584414298236863,0.043660429279992585,0.008351337985780015
0.21265823629838002,0.48200100283079506,-0.35804081934810983,0.04155346737579034,0.007520734025402912
0.21645570480370824,0.48200100283079506,-0.3526855553836653,0.039357781243790586,0.006672692192305537
0.22025317330903646,0.48200100283079506,-0.3426380024735515,0.03709690347487867,0.0058114216281789895
0.22405064181436465,0.48200100283079506,-0.3281534615001886,0.034794207655947505,0.004942935392581984
0.22784811031969288,0.48200100283079506,-0.3095316334994614,0.03247227235392763,0.004072845674435989
0.2316455788250211,0.48200100283079506,-0.2872286291387769,0.03015208609582491,0.003206564227343846
0.23544304733034932,0.48200100283079506,-0.26164404979931455,0.027853047368720518,0.0023497032402270226
0.23924051583567751,0.48200100283079506,-0.23330262456747194,0.02559201059581614,0.001507273596051114
0.24303798434100574,0.48200100283079506,-0.20266651867703747,0.023385194184343577,0.000685288354374835
0.24683545284633396,0.48200100283079506,-0.17040375261877097,0.02124547745769279,-0.00011124160183621918
0.25063292135166215,0.48200100283079506,-0.13694823698334727,0.019183752189347876,-0.0008777062602537006
0.2544303898569904,0.48200100283079506,-0.10302046517016586,0.017208684096898387,-0.001608794084934078
0.2582278583623186,0.48200100283079506,-0.06914920264321187,0.015325440810099551,-0.002299594410571068
0.2620253268676468,0.48200100283079506,-0.03584807845051661,0.013537997428763084,-0.002946900272066689
0.26582279537297504,0.48200100283079506,-0.0038174041035412905,0.011846512956881453,-0.0035449992628401633
0.26962026387830323,0.48200100283079506,0.02648570063591019,0.010249476856526208,-0.00409128572374938
0.27341773238363143,0.48200100283079506,0.05452237935988355,0.008742993529881867,-0.00458155051310324
0.2772152008889597,0.48200100283079506,0.07988596702642077,0.007321100327230855,-0.005012686883463073
0.2810126693942879,0.48200100283079506,0.10206788005947513,0.0059759265509459715,-0.00538259026398333
0.2848101378996161,0.48200100283079506,0.12072603545849138,0.00469705743952052,-0.005688855430840524
0.2886076064049443,0.48200100283079506,0.13558394135871396,0.0034728857015042885,-0.005928475854255299
0.2924050749102725,0.48200100283079506,0.14638528778332563,0.002290929523488487,-0.0061012510989090305
0.29620254341560076,0.48200100283079506,0.15292220128656128,0.0011382300800869194,-0.0062050765939561684
0.30000001192092896,0.48200100283079506,,,
0.0,0.49405102790156497,,,
0.0037974685053282146,0.49405102790156497,-0.5006500758981678,-0.0022759831481964326,-0.0037100577477268775
0.007594937010656429,0.49405102790156497,-0.4907044415221427,-0.004515395378125073,-0.0036154522773364354
0.011392405515984643,0.49405102790156497,-0.47425216647478946,-0.0066830968074503465,-0.0034583109875353617
0.015189874021312859,0.49405102790156497,-0.45155965167689455,-0.008744742573799022,-0.0032396360549167757
0.018987342526641072,0.49405102790156497,-0.42285495246216137,-0.0106658288108054,-0.002961431832666916
0.022784811031969287,0.49405102790156497,-0.3885861067428216,-0.012414872727960687,-0.0026245000620602776
0.026582279537297502,0.49405102790156497,-0.3491325340121165,-0.013963253606620521,-0.0022312459669203456
0.030379748042625717,0.49405102790156497,-0.3050552907547326,-0.015283463756087825,-0.0017836739004333595
0.03417721654795393,0.49405102790156497,-0.2569194698329439,-0.016351811581484767,-0.0012863938749276662
0.037974685053282144,0.49405102790156497,-0.20535878252801504,-0.017147308555805485,-0.0007416106789081279
0.04177215355861036,0.49405102790156497,-0.15100088555482916,-0.01765166921991608,-0.0001507273596051114
0.045569622063938574,0.49405102790156497,-0.09461269065504398,-0.017852650266396472,0.0004798421527854211
0.04936709056926679,0.49405102790156497,-0.036892491151326874,-0.01773975743174372,0.0011460891518909934
0.053164559074595004,0.49405102790156497,0.021429128612953433,-0.017307266572228957,0.0018468110257998623
0.05696202757992322,0.49405102790156497,0.07958525689613917,-0.016552951631957625,0.002573990361767075
0.060759496085251434,0.49405102790156497,0.1368291638445109,-0.015479038666824279,0.0033244201946946513
0.06455696459057965,0.49405102790156497,0.19239797409399856,-0.01409188783652767,0.0040928892062983705
0.06835443309590786,0.49405102790156497,0.2456781582512759,-0.012400403364646038,0.004873785207656767
0.07215190160123608,0.49405102790156497,0.2959229864626235,-0.01041984963445638,0.005666707328132592
0.07594937010656429,0.49405102790156497,0.34250278382436444,-0.008167717085130246,0.006458827707333923
0.07974683861189251,0.49405102790156497,0.38488474849492593,-0.005663722211733752,0.007249344603986262
0.08354430711722072,0.49405102790156497,0.42251993312238456,-0.0029301255732125096,0.008031042346619154
0.08734177562254894,0.49405102790156497,0.4549885544376224,4.452111789122546e-06,0.008802317452683606
0.09113924412787715,0.49405102790156497,0.4818304653956446,0.003112662156566534,0.009553549026885677
0.09493671263320537,0.49405102790156497,0.5028680653825939,0.006362703762625993,0.010283935327950872
0.09873418113853358,0.49405102790156497,0.5177542259259301,0.00972214011550389,0.010982251978036255
0.1025316496438618,0.49405102790156497,0.5264001467187247,0.01315853440073662,0.011648498977141828
0.10632911814919001,0.49405102790156497,0.528773536740276,0.016635633708041327,0.012277064136346121
0.11012658665451823,0.49405102790156497,0.5248340322147077,0.020121001222954408,0.01286233526672767
0.11392405515984644,0.49405102790156497,0.5147511610007017,0.02357965606713275,0.013399501920639503
0.11772152366517466,0.49405102790156497,0.4986863782017651,0.02697598134626338,0.01388696061553263
0.12151899217050287,0.49405102790156497,0.47689801198350884,0.030276904229912808,0.014318297421211088
0.12531646067583108,0.49405102790156497,0.4497412635736481,0.03345189595152706,0.014690305372576894
0.1291139291811593,0.49405102790156497,0.4176682072620022,0.03647106376052202,0.01500298446963005
0.13291139768648752,0.49405102790156497,0.38103404427628634,0.03930642295422321,0.0152491190409001
0.13670886619181571,0.49405102790156497,0.34051688605122954,0.041931260861895886,0.01542870908638704
0.14050633469714394,0.49405102790156497,0.29652844310077436,0.04432331692459444,0.015537745899718397
0.14430380320247216,0.49405102790156497,0.2499082819631567,0.046463828671207574,0.015579436445992153
0.14810127170780038,0.49405102790156497,0.20102774937644244,0.04833466964659385,0.015545362441826104
0.15189874021312857,0.49405102790156497,0.15081117580820855,0.04992280152337085,0.015442338688053461
0.1556962087184568,0.49405102790156497,0.09969852641551137,0.05121836605400552,0.015263951254478263
0.15949367722378502,0.49405102790156497,0.048650459064216944,0.05221404905484427,0.015014208847472985
0.16329114572911324,0.49405102790156497,-0.0019576431300211746,0.05290794247797752,0.014691908855125885
0.16708861423444143,0.49405102790156497,-0.05123374072032736,0.053300364331390175,0.014299456501260448
0.17088608273976966,0.49405102790156497,-0.09868539564100556,0.05339417668694669,0.013837653527151172
0.17468355124509788,0.49405102790156497,-0.14368898755476037,0.05319637572031567,0.013308103415347043
0.1784810197504261,0.49405102790156497,-0.1855593413660844,0.05271761469899253,0.01271481487222054
0.1822784882557543,0.49405102790156497,-0.22402299249341281,0.051970852448363455,0.01205919094500203
0.18607595676108252,0.49405102790156497,-0.25844118418349643,0.050971353351705447,0.011345340557723302
0.18987342526641074,0.49405102790156497,-0.2885374245715797,0.04973740286815239,0.010576871546119582
0.19367089377173893,0.49405102790156497,-0.31398073069547344,0.048288876496762875,0.009758093269541284
0.19746836227706716,0.49405102790156497,-0.3344128740442718,0.046646842266539,0.00889381617563538
0.20126583078239538,0.49405102790156497,-0.3498439455619438,0.044835389282339766,0.007988249406092968
0.2050632992877236,0.49405102790156497,-0.360060017236343,0.042878209139043,0.007046704496857582
0.2088607677930518,0.49405102790156497,-0.36508732552178913,0.04079970894949265,0.006074392766213439
0.21265823629838002,0.49405102790156497,-0.3649743069493343,0.03862524985048746,0.005077928579675126
0.21645570480370824,0.49405102790156497,-0.35984104375221176,0.036380033974833706,0.004061821731911679
0.22025317330903646,0.49405102790156497,-0.34993375496326956,0.03408759391341677,0.003033588547371491
0.22405064181436465,0.49405102790156497,-0.3355158142201033,0.03177201877109564,0.001998139691360845
0.22784811031969288,0.49405102790156497,-0.3168939862193761,0.029455966616797103,0.0009624904000315757
0.2316455788250211,0.49405102790156497,-0.294524381628495,0.027160266973534557,-6.77471376948506e-05
0.23544304733034932,0.49405102790156497,-0.2688187109614025,0.024904318328389175,-0.001085758120985224
0.23924051583567751,0.49405102790156497,-0.2403017033044961,0.02270497510456264,-0.00208552949028083
0.24303798434100574,0.49405102790156497,-0.2094415784579458,0.020577819693316873,-0.003060647315385706
0.24683545284633396,0.49405102790156497,-0.17692855698924362,0.018535254406064437,-0.004005900278015634
0.25063292135166215,0.49405102790156497,-0.14317838578991982,0.01658793251030073,-0.004914072706700154
0.2544303898569904,0.49405102790156497,-0.10894384928007528,0.014743645201656715,-0.005780554589110921
0.2582278583623186,0.49405102790156497,-0.074755731112489,0.013006685587929048,-0.006599533301007843
0.2620253268676468,0.49405102790156497,-0.04111857848562001,0.011379836238985929,-0.007365396653469453
0.26582279537297504,0.49405102790156497,-0.008773066686806233,0.009863097154827359,-0.008074637028419833
0.26962026387830323,0.49405102790156497,0.021848911882071376,0.0084533677576002,-0.008721241366300272
0.27341773238363143,0.49405102790156497,0.05017822798115099,0.0071458779275303886,-0.009302203137331409
0.2772152008889597,0.49405102790156497,0.07581225294606228,0.005932915970983198,-0.009813112764503522
0.2810126693942879,0.49405102790156497,0.09823332135118625,0.0048047826444180385,-0.010251063935696565
0.2848101378996161,0.49405102790156497,0.11710035929036454,0.003750904182335745,-0.010613250556449806
0.2886076064049443,0.49405102790156497,0.1321126566333156,0.0027582422573538858,-0.010897868708895628
0.2924050749102725,0.49405102790156497,0.1430391307631451,0.001812009498172876,-0.011101711427936051
0.29620254341560076,0.49405102790156497,0.14964668087416502,0.0008977365414780676,-0.011224979148889699
0.30000001192092896,0.49405102790156497,,,
0.0,0.5061010529723349,,,
0.0037974685053282146,0.5061010529723349,-0.507526045118768,-0.0020843833372716945,-0.0012924069344863807
0.007594937010656429,0.5061010529723349,-0.49740684650647293,-0.004133944800192752,-0.0012058188768408911
0.011392405515984643,0.5061010529723349,-0.4806821159719518,-0.006113862514412535,-0.0010633093652993564
0.015189874021312859,0.5061010529723349,-0.45760412711443416,-0.007990745641512626,-0.0008640766585872809
0.018987342526641072,0.5061010529723349,-0.42840698983400494,-0.009732316371021885,-0.0006097242392536554
0.022784811031969287,0.5061010529723349,-0.3935548875532465,-0.01130772792840139,-0.00030245689580334187
0.026582279537297502,0.5061010529723349,-0.3534332943317816,-0.012688677602991723,5.57210185774215e-05
0.030379748042625717,0.5061010529723349,-0.30860932122067825,-0.01385051977596024,0.00046340645665826803
0.03417721654795393,0.5061010529723349,-0.25965613383738584,-0.01476924484444417,0.0009171920180225928
0.037974685053282144,0.5061010529723349,-0.2071993707079937,-0.015424023285430122,0.0014162759613959004
0.04177215355861036,0.5061010529723349,-0.15192925239999383,-0.015800544739595915,0.001953843485944981
0.045569622063938574,0.5061010529723349,-0.0945803996343426,-0.015884498847619367,0.0025282911091208445
0.04936709056926679,0.5061010529723349,-0.035855142111295035,-0.0156666633779373,0.0031380153483745
0.053164559074595004,0.5061010529723349,0.023443281029202026,-0.015143540242715402,0.003774597920323747
0.05696202757992322,0.5061010529723349,0.08260850370930589,-0.01431290338605911,0.004437637954331338
0.060759496085251434,0.5061010529723349,0.1408292140338944,-0.01317761487983286,0.005120721520201311
0.06455696459057965,0.5061010529723349,0.19735464577166043,-0.011743398867765526,0.00581983991156119
0.06835443309590786,0.5061010529723349,0.2515793422844531,-0.0100204316053751,0.006531786163312992
0.07215190160123608,0.5061010529723349,0.3026475915236859,-0.008025885523848201,0.0072461376388882805
0.07594937010656429,0.5061010529723349,0.3500588826684874,-0.005775025006461816,0.007964497820836046
0.07974683861189251,0.5061010529723349,0.39316739530482997,-0.0032875665482820626,0.00867965103768583
0.08354430711722072,0.5061010529723349,0.4314887641221929,-0.0005889507881039253,0.009387588583065156
0.08734177562254894,0.5061010529723349,0.4644901872790035,0.002294745619307735,0.010077887820405586
0.09113924412787715,0.5061010529723349,0.49184875456824784,0.005335537971278433,0.010752152232256111
0.09493671263320537,0.5061010529723349,0.5132092647622108,0.008500989453344564,0.011398355699499301
0.09873418113853358,0.5061010529723349,0.5284102627573856,0.011760571298952142,0.012018903445958642
0.1025316496438618,0.5061010529723349,0.5372014931433363,0.01508184669363756,0.012603372835065697
0.10632911814919001,0.5061010529723349,0.5396313924511152,0.018428562727117966,0.013148556901722484
0.11012658665451823,0.5061010529723349,0.5356353786393194,0.021768918600899623,0.01364964519828203
0.11392405515984644,0.5061010529723349,0.5254071978321572,0.02506920546857918,0.014103430759646355
0.11772152366517466,0.5061010529723349,0.5090517958469082,0.028294442451813527,0.014502697914345001
0.12151899217050287,0.5061010529723349,0.48690015564576133,0.03141219273613906,0.014846644921103472
0.12531646067583108,0.5061010529723349,0.45929133294608127,0.03439447161888129,0.0151304613322748
0.1291139291811593,0.5061010529723349,0.4266451110169859,0.037209478301546486,0.015350138441486505
0.13291139768648752,0.5061010529723349,0.38938127312759313,0.03983113612936979,0.015502469283640605
0.13670886619181571,0.5061010529723349,0.3481375669367553,0.04223718454340559,0.015585850376188115
0.14050633469714394,0.5061010529723349,0.30339432137740535,0.04440345493679865,0.015599479977854535
0.14430380320247216,0.5061010529723349,0.25590633905843807,0.04631182085440753,0.015536142417169408
0.14810127170780038,0.5061010529723349,0.2061741308007249,0.047949243968849815,0.015400247271142458
0.15189874021312857,0.5061010529723349,0.15501708125456332,0.04930141392080332,0.015187384962763964
0.1556962087184568,0.5061010529723349,0.10297606501670145,0.05035974449467474,0.014898357233308417
0.15949367722378502,0.5061010529723349,0.05096733979954097,0.05112137361859963,0.01453316408277582
0.16329114572911324,0.5061010529723349,-0.0005893111278001886,0.05158280320474369,0.014093008123077915
0.16708861423444143,0.5061010529723349,-0.05081395745120942,0.05174641831299394,0.013577488483577455
0.17088608273976966,0.5061010529723349,-0.09920003378343381,0.05161714806711692,0.012988409082142053
0.17468355124509788,0.5061010529723349,-0.14509162876647658,0.051203896690690864,0.012328776448551066
0.1784810197504261,0.5061010529723349,-0.1878298037591502,0.050518827989139634,0.011599592759397615
0.1822784882557543,0.5061010529723349,-0.22709871221521927,0.04957537779982683,0.010805969115306607
0.18607595676108252,0.5061010529723349,-0.2622767519861822,0.04839055954994659,0.009949408781167719
0.18987342526641074,0.5061010529723349,-0.29306119475296366,0.046984646248538674,0.00903502285760586
0.19367089377173893,0.5061010529723349,-0.3191321575917405,0.04537806990863531,0.008066619615674881
0.19746836227706716,0.5061010529723349,-0.3401193028588438,0.04359380660714822,0.007048809067703132
0.20126583078239538,0.5061010529723349,-0.3560226305542735,0.04165602495093263,0.005987904926227261
0.2050632992877236,0.5061010529723349,-0.3666383036098523,0.03958992707279483,0.00488811633293837
0.2088607677930518,0.5061010529723349,-0.3719764129695492,0.037421828133488384,0.0037566589593069155
0.21265823629838002,0.5061010529723349,-0.37210557705235475,0.035176214747853464,0.002598844341276429
0.21645570480370824,0.5061010529723349,-0.3671186325427853,0.032879163570654936,0.0014214872796801197
0.22025317330903646,0.5061010529723349,-0.35730216224956574,0.03055611524068778,0.00023009974578014347
0.22405064181436465,0.5061010529723349,-0.3428801851288118,0.028230522846841122,-0.000966499106404052
0.22784811031969288,0.5061010529723349,-0.3242018478418572,0.025925282964030457,-0.0021630979585882475
0.2316455788250211,0.5061010529723349,-0.30169702460178904,0.023661384119261643,-0.0033512785273902427
0.23544304733034932,0.5061010529723349,-0.2758097169432513,0.021458383803608327,-0.004525428623888571
0.23924051583567751,0.5061010529723349,-0.2470525448198784,0.01933297743627972,-0.005677330400019655
0.24303798434100574,0.5061010529723349,-0.21591592810857255,0.017300111392567867,-0.006801171231543404
0.24683545284633396,0.5061010529723349,-0.18307999643285655,0.015372664995862744,-0.007888733270396242
0.25063292135166215,0.5061010529723349,-0.1489887513273744,0.013559701473735055,-0.008934404327656702
0.2544303898569904,0.5061010529723349,-0.11438892264584552,0.011868057997860957,-0.009931369602491575
0.2582278583623186,0.5061010529723349,-0.07982743955139952,0.01030218668002957,-0.010873816470660769
0.2620253268676468,0.5061010529723349,-0.045818940186464666,0.008863359552180644,-0.01175573187260557
0.26582279537297504,0.5061010529723349,-0.013098045271997344,0.0075503045823744315,-0.012570902313448639
0.26962026387830323,0.5061010529723349,0.01787307995821394,0.006359046670799213,-0.0133153190868175
0.27341773238363143,0.5061010529723349,0.04653943358586421,0.005283066653763775,-0.013983370003790687
0.2772152008889597,0.5061010529723349,0.07247315958666019,0.004313698813678575,-0.014571647663951593
0.2810126693942879,0.5061010529723349,0.09516163800696745,0.003439574365082104,-0.015075642272631185
0.2848101378996161,0.5061010529723349,0.11425572218545232,0.002647972988576868,-0.015492447517709415
0.2886076064049443,0.5061010529723349,0.12945470199183323,0.0019249023328256263,-0.01581915708706624
0.2924050749102725,0.5061010529723349,0.14050428563808676,0.0012537464806154025,-0.016054468151130603
0.29620254341560076,0.5061010529723349,0.14719861786724164,0.0006177305107407532,-0.016195775050760395
0.30000001192092896,0.5061010529723349,,,
0.0,0.5181510780431047,,,
0.0037974685053282146,0.5181510780431047,-0.5138227941555371,-0.001910909981488384,0.0011238408315237495
0.007594937010656429,0.5181510780431047,-0.5035461768173228,-0.0037882701205658805,0.0012012088645125434
0.011392405515984643,0.5181510780431047,-0.48654091804045846,-0.0055982125668366635,0.0013304896450249061
0.015189874021312859,0.5181510780431047,-0.4630936006336688,-0.007307823493859721,0.001509478384555976
0.018987342526641072,0.5181510780431047,-0.4334262253642757,-0.008886415131088602,0.0017377742124685051
0.022784811031969287,0.5181510780431047,-0.398011048410037,-0.01030473074390907,0.0020141745168507507
0.026582279537297502,0.5181510780431047,-0.3572355620193691,-0.01153494463363911,0.002336674944516474
0.030379748042625717,0.5181510780431047,-0.31169916826404154,-0.012552729189431016,0.0027026698363235664
0.03417721654795393,0.5181510780431047,-0.2619366871744208,-0.013335346840361773,0.0031111570156789085
0.037974685053282144,0.5181510780431047,-0.20865246663955583,-0.01386355810334267,0.003557326034935528
0.04177215355861036,0.5181510780431047,-0.15248627250709265,-0.0141236886350214,0.004041577764730673
0.045569622063938574,0.5181510780431047,-0.09419290738592605,-0.0141023821000306,0.004559101757417372
0.04936709056926679,0.5181510780431047,-0.03454735577288914,-0.013791370290761896,0.0051038849534369105
0.053164559074595004,0.5181510780431047,0.025723834366237,-0.013186519103411105,0.005676729094063783
0.05696202757992322,0.5181510780431047,0.08583356940185624,-0.012287510529993289,0.006271220249102028
0.060759496085251434,0.5181510780431047,0.14499071932678476,-0.011097206642372882,0.006883750582816418
0.06455696459057965,0.5181510780431047,0.20244048153212782,-0.009622921624203445,0.007511514000746216
0.06835443309590786,0.5181510780431047,0.2575047445831564,-0.007877057786897533,0.008145691348871978
0.07215190160123608,0.5181510780431047,0.3094125603606251,-0.005872335449852638,0.008787084368468196
0.07594937010656429,0.5181510780431047,0.357582690491909,-0.003625927044255376,0.00942767564678992
0.07974683861189251,0.5181510780431047,0.40137738731815586,-0.0011600931290513604,0.010062654736190176
0.08354430711722072,0.5181510780431047,0.44027999450814365,0.0014997256569644231,0.0106864094477475
0.08734177562254894,0.5181510780431047,0.4738303650168777,0.0043287246909668635,0.011297336298912898
0.09113924412787715,0.5181510780431047,0.501584497309714,0.007298919270281476,0.011885814394392428
0.09493671263320537,0.5181510780431047,0.5232921359762168,0.010378508596414529,0.012451843734186091
0.09873418113853358,0.5181510780431047,0.5387030256059505,0.013535691870872288,0.012985803422999943
0.1025316496438618,0.5181510780431047,0.5476072745643561,0.016738668295161022,0.013484486495736003
0.10632911814919001,0.5181510780431047,0.5500452466273104,0.019953729022877374,0.01394468598729629
0.11012658665451823,0.5181510780431047,0.5459604325085857,0.023146529191648113,0.014360789708759336
0.11392405515984644,0.5181510780431047,0.5355142873116893,0.02628272393910001,0.014726383729929182
0.11772152366517466,0.5181510780431047,0.5188601933849524,0.029332420514648953,0.015037459344433348
0.12151899217050287,0.5181510780431047,0.49629684266986296,0.03226509015174096,0.015291611328448348
0.12531646067583108,0.5181510780431047,0.46819558190448685,0.03504702400397268,0.01548483097560171
0.1291139291811593,0.5181510780431047,0.4349439033372406,0.03765214541657924,0.015610704355697468
0.13291139768648752,0.5181510780431047,0.39703424503382023,0.04005564976673554,0.015670834951284615
0.13670886619181571,0.5181510780431047,0.35505591812202597,0.04223336844758634,0.01565800709089269
0.14050633469714394,0.5181510780431047,0.3094852151572032,0.04416590297205046,0.015569013809423713
0.14430380320247216,0.5181510780431047,0.2611738118103507,0.04583576290095635,0.015408264683887412
0.14810127170780038,0.5181510780431047,0.21054552772817425,0.04722895588296677,0.015168143172176077
0.15189874021312857,0.5181510780431047,0.1584560749592603,0.04833498765457879,0.014849050144926958
0.1556962087184568,0.5181510780431047,0.10548669187623376,0.04914654403213884,0.014451787343414551
0.15949367722378502,0.5181510780431047,0.05252941792597024,0.04966139895975237,0.013973949543815367
0.16329114572911324,0.5181510780431047,2.0181887938362623e-05,0.049878598413464564,0.013416739358041153
0.16708861423444143,0.5181510780431047,-0.05113484946942938,0.04980132247312479,0.012781359398003648
0.17088608273976966,0.5181510780431047,-0.10042507438129242,0.04943783934634143,0.012069413146251845
0.17468355124509788,0.5181510780431047,-0.14719458148965398,0.04879689425270026,0.011282904955971982
0.1784810197504261,0.5181510780431047,-0.19074911384943435,0.04789271804952721,0.01042403961566892
0.1822784882557543,0.5181510780431047,-0.23080814321829032,0.04674137014006162,0.009495322566825459
0.18607595676108252,0.5181510780431047,-0.2666945672558898,0.045360340963475056,0.00850176469240719
0.18987342526641074,0.5181510780431047,-0.2981288668142865,0.043771493568731945,0.0074464727398527875
0.19367089377173893,0.5181510780431047,-0.3247810680256882,0.04199700901278167,0.006334156939149908
0.19746836227706716,0.5181510780431047,-0.3462596422640906,0.040061214906471944,0.005170629914538642
0.20126583078239538,0.5181510780431047,-0.3625928441726075,0.03798986989658268,0.003959800154732155
0.2050632992877236,0.5181510780431047,-0.37353546381278774,0.035809130139874974,0.002709885507794024
0.2088607677930518,0.5181510780431047,-0.3791308922436988,0.0335455493030911,0.0014250951154153484
0.21265823629838002,0.5181510780431047,-0.3794336205627742,0.031225999060958253,0.00011284508438520972
0.21645570480370824,0.5181510780431047,-0.37453749454892743,0.02887623806025636,-0.001219248043188687
0.22025317330903646,0.5181510780431047,-0.36472304244450166,0.02652266096373522,-0.0025643694664731318
0.22405064181436465,0.5181510780431047,-0.3502445560375203,0.02418959538224254,-0.003915704384634915
0.22784811031969288,0.5181510780431047,-0.3314249455349972,0.02190025589867874,-0.005265034949610461
0.2316455788250211,0.5181510780431047,-0.3087283943595146,0.019675631040049685,-0.006604744619292062
0.23544304733034932,0.5181510780431047,-0.28257670396898427,0.017534642281459147,-0.007927016416253391
0.23924051583567751,0.5181510780431047,-0.2535208399041236,0.015495416078048552,-0.009224835104342615
0.24303798434100574,0.5181510780431047,-0.2220249855875149,0.013571785777162674,-0.010488780223584415
0.24683545284633396,0.5181510780431047,-0.1888096344185577,0.011775676678236664,-0.01171323958505732
0.25063292135166215,0.5181510780431047,-0.1543086969879268,0.010115993004848767,-0.012889794905379134
0.2544303898569904,0.5181510780431047,-0.11928504865969229,0.008598935912705259,-0.014011631383716645
0.2582278583623186,0.5181510780431047,-0.0842896549745715,0.007227685481655515,-0.015071332913280774
0.2620253268676468,0.5181510780431047,-0.049847245018961844,0.0060030367316618784,-0.016062886434512803
0.26582279537297504,0.5181510780431047,-0.01671060321296425,0.004921809582874974,-0.01697987801721677
0.26962026387830323,0.5181510780431047,0.01466617796480812,0.003978597899550869,-0.017816695472471212
0.27341773238363143,0.5181510780431047,0.04370387833052426,0.0031660874980360045,-0.01856812748199191
0.2772152008889597,0.5181510780431047,0.06998271461506624,0.002473307102850043,-0.019228962727494636
0.2810126693942879,0.5181510780431047,0.09296786678806743,0.0018876953985879593,-0.019795793808562796
0.2848101378996161,0.5181510780431047,0.11231826094336951,0.0013944650139501688,-0.020264411583505282
0.2886076064049443,0.5181510780431047,0.12771704144034018,0.00097707953371993,-0.020632410828498614
0.2924050749102725,0.5181510780431047,0.1389159710573376,0.0006186845346955652,-0.020897185884400676
0.29620254341560076,0.5181510780431047,0.14569708540462745,0.0002997225258034285,-0.02105633152738799
0.30000001192092896,0.5181510780431047,,,
0.0,0.5302011031138746,,,
0.0037974685053282146,0.5302011031138746,-0.5195988504834964,-0.0017566761087937815,0.0035062150286864543
0.007594937010656429,0.5302011031138746,-0.5091627962305691,-0.003480120383161613,0.0035745634723371765
0.011392405515984643,0.5302011031138746,-0.4918992092880938,-0.005138214016624823,0.0036880098626782577
0.015189874021312859,0.5302011031138746,-0.4680865997096197,-0.006699156210689681,0.0038461533290724504
0.018987342526641072,0.5302011031138746,-0.4379610955840258,-0.00813289521077961,0.004047991694926635
0.022784811031969287,0.5302011031138746,-0.40200302584424513,-0.009410969302242719,0.0042913201717359505
0.026582279537297502,0.5302011031138746,-0.3605998827386942,-0.010506665814344271,0.004575737888863149
0.030379748042625717,0.5302011031138746,-0.3143611592831116,-0.011395657136236562,0.004899040057803368
0.03417721654795393,0.5302011031138746,-0.26383782101821457,-0.012057272748898666,0.005259823631326241
0.037974685053282144,0.5302011031138746,-0.20972210670028904,-0.012473545201181623,0.0056554829502896585
0.04177215355861036,0.5302011031138746,-0.15270827327441464,-0.012629369113800913,0.006081608437683897
0.045569622063938574,0.5302011031138746,-0.09353094146154775,-0.012515204247208414,0.006537398352234459
0.04936709056926679,0.5302011031138746,-0.032957023003346166,-0.012121510361856005,0.007020046599480614
0.053164559074595004,0.5302011031138746,0.028222352093006293,-0.011444789369909378,0.007524742731775389
0.05696202757992322,0.5302011031138746,0.08924027208585185,-0.010486313303308282,0.008048279784020802
0.060759496085251434,0.5302011031138746,0.14930560696800668,-0.009249262241902088,0.008588252532393368
0.06455696459057965,0.5302011031138746,0.20759089933399796,-0.007742858417253981,0.009137445305422631
0.06835443309590786,0.5302011031138746,0.26350280167843776,-0.005977278084881955,0.009696258973745837
0.07215190160123608,0.5302011031138746,0.31616945644238886,-0.003967467620078062,0.010256676124618032
0.07594937010656429,0.5302011031138746,0.36504998902910313,-0.0017325075019385449,0.010815489792941238
0.07974683861189251,0.5302011031138746,0.40947436075902693,0.0007066137425307354,0.011367889531068482
0.08354430711722072,0.5302011031138746,0.4489420608112889,0.003326363522444416,0.011909866632627285
0.08734177562254894,0.5302011031138746,0.48294450560984226,0.006098757135128013,0.012435808908696186
0.09113924412787715,0.5302011031138746,0.5110942029062705,0.008995173861937166,0.012941707652902703
0.09493671263320537,0.5302011031138746,0.533052096983209,0.011986992984227517,0.013419545452501886
0.09873418113853358,0.5302011031138746,0.5486405872268003,0.01503923362365596,0.013869322307493734
0.1025316496438618,0.5302011031138746,0.5576255637369593,0.018122003029638383,0.0142822190638588
0.10632911814919001,0.5302011031138746,0.5600150992688614,0.02120222837174131,0.014654227015224607
0.11012658665451823,0.5302011031138746,0.5557769028018053,0.024244928771621634,0.014979733972669688
0.11392405515984644,0.5302011031138746,0.5450724294392978,0.027217667414815745,0.015257136453645053
0.11772152366517466,0.5302011031138746,0.5280954253055471,0.03008864350282991,0.01548162401050373
0.12151899217050287,0.5302011031138746,0.5050800003006384,0.032829236317019776,0.015645179230500766
0.12531646067583108,0.5302011031138746,0.47642171942816347,0.0354076450588916,0.015745396889812673
0.1291139291811593,0.5302011031138746,0.442580729733117,0.03779970112159016,0.015780673505890467
0.13291139768648752,0.5302011031138746,0.40395259621909096,0.03997996386632046,0.015745396889812673
0.13670886619181571,0.5302011031138746,0.36120735756563893,0.04192299265428751,0.015637963559030306
0.14050633469714394,0.5302011031138746,0.31485359734880763,0.04361479513415408,0.01545596828971988
0.14430380320247216,0.5302011031138746,0.26564208179990423,0.04503883489070342,0.015192997151685431
0.14810127170780038,0.5302011031138746,0.21412175827085211,0.04617984754065854,0.01485225711002494
0.15189874021312857,0.5302011031138746,0.16110797503436117,0.047031472924320694,0.01442973945836593
0.1556962087184568,0.5302011031138746,0.1071860068406439,0.04758735088199114,0.013925444196708403
0.15949367722378502,0.5302011031138746,0.05329229329004034,0.047844937349790374,0.01333937132505236
0.16329114572911324,0.5302011031138746,-0.00015741872591922847,0.0478077304155527,0.0126707191021233
0.16708861423444143,0.5302011031138746,-0.0522266896068948,0.047480023187074796,0.011921491881107468
0.17088608273976966,0.5302011031138746,-0.10240088121045812,0.04687071988793488,0.011091890097323483
0.17468355124509788,0.5302011031138746,-0.15002610036740624,0.04599198432355682,0.010183918103957586
0.1784810197504261,0.5302011031138746,-0.19437176273437043,0.044858126853262785,0.00920148438972294
0.1822784882557543,0.5302011031138746,-0.2351704582961674,0.04348759194017915,0.008146192437168537
0.18607595676108252,0.5302011031138746,-0.271733984674099,0.04190081159733813,0.007022151170326164
0.18987342526641074,0.5302011031138746,-0.3037707135874558,0.04011956937170794,0.005834070819183481
0.19367089377173893,0.5302011031138746,-0.3309456256964611,0.038168510882121226,0.0045862607430909
0.19746836227706716,0.5302011031138746,-0.3528762742246828,0.03607355377935036,0.003283832042673328
0.20126583078239538,0.5302011031138746,-0.3695566046057395,0.033861569738122564,0.0019339001717419114
0.2050632992877236,0.5302011031138746,-0.3807837888658507,0.031560304955123616,0.0005405740543284381
0.2088607677930518,0.5302011031138746,-0.3865618633826039,0.02919742612504306,-0.0008873271555476438
0.21265823629838002,0.5302011031138746,-0.38696146476378346,0.026800599942570443,-0.002343489745349684
0.21645570480370824,0.5302011031138746,-0.3820875388266689,0.02439757260439155,-0.0038214997848817207
0.22025317330903646,0.5302011031138746,-0.3722064864920465,0.022014738773256177,-0.005311936814168434
0.22405064181436465,0.5302011031138746,-0.35758874505829047,0.019676744067996965,-0.006807585161739366
0.22784811031969288,0.5302011031138746,-0.33855117016603303,0.017407757095469153,-0.008300026544212318
0.2316455788250211,0.5302011031138746,-0.31558418169217634,0.015229402398648478,-0.009781644419479582
0.23544304733034932,0.5302011031138746,-0.28909747196186925,0.013160283444653776,-0.01124281789224722
0.23924051583567751,0.5302011031138746,-0.2596480610822105,0.011218208680641535,-0.012675729985088896
0.24303798434100574,0.5302011031138746,-0.22773645987407154,0.009417329461941465,-0.01407276415589691
0.24683545284633396,0.5302011031138746,-0.194056925282532,0.00776798104806403,-0.015424299509377317
0.25063292135166215,0.5302011031138746,-0.15907767710776188,0.006279862682549819,-0.01672372168001553
0.2544303898569904,0.5302011031138746,-0.12355553614744982,0.004958062493157829,-0.017961610207836234
0.2582278583623186,0.5302011031138746,-0.08806568620783915,0.0038038525118278092,-0.019131751597962085
0.2620253268676468,0.5302011031138746,-0.05312478362015194,0.002817868754529634,-0.020226328872966756
0.26582279537297504,0.5302011031138746,-0.019515885636396658,0.0019950230935043066,-0.021238326796698417
0.26962026387830323,0.5302011031138746,0.012319024397576546,0.0013283193530832051,-0.02216193274491697
0.27341773238363143,0.5302011031138746,0.0417805444099983,0.000809012313680554,-0.022990933222745084
0.2772152008889597,0.5302011031138746,0.06843880018778149,0.00042454065989132843,-0.02372091865317303
0.2810126693942879,0.5302011031138746,0.09176300807814718,0.00015979901243100565,-0.024345875976642097
0.2848101378996161,0.5302011031138746,0.1113939304757925,-1.7490439171552858e-06,-0.02486360040464742
0.2886076064049443,0.5302011031138746,0.12701874811767286,-7.759394832470723e-05,-0.025269281489542026
0.2924050749102725,0.5302011031138746,0.1383912419709402,-8.808821182763894e-05,-0.025560313572183812
0.29620254341560076,0.5302011031138746,0.14526317481395265,-5.4856377401688505e-05,-0.025736295781935523
0.30000001192092896,0.5302011031138746,,,
0.0,0.5422511281846445,,,
0.0037974685053282146,0.5422511281846445,-0.5249187961440488,-0.0016215227151954185,0.0058244499238895376
0.007594937010656429,0.5422511281846445,-0.5143253231652023,-0.0032107676199196987,0.005883778778202188
0.011392405515984643,0.5422511281846445,-0.49680744443470354,-0.004736092919671577,0.005982192519646482
0.015189874021312859,0.5422511281846445,-0.4726396336285143,-0.006166969847897069,0.00611908984226655
0.018987342526641072,0.5422511281846445,-0.4420782007234518,-0.007474141669981942,0.006293067698832025
0.022784811031969287,0.5422511281846445,-0.4055812745757168,-0.008629305675266773,0.006504326524661529
0.026582279537297502,0.5422511281846445,-0.363572674832015,-0.009606544212979172,0.006750661531250202
0.030379748042625717,0.5422511281846445,-0.31664574899773423,-0.010383278716188589,0.007031270977323548
0.03417721654795393,0.5422511281846445,-0.26538779001188084,-0.01093947468184397,0.0073427474624649615
0.037974685053282144,0.5422511281846445,-0.21048498206435914,-0.01125780067476623,0.0076838883747627
0.04177215355861036,0.5422511281846445,-0.15263158210024885,-0.011324264343618133,0.008053491102305022
0.045569622063938574,0.5422511281846445,-0.0925985382387954,-0.011127417400941928,0.0084471460680822
0.04936709056926679,0.5422511281846445,-0.0311446894664812,-0.010661853710993685,0.008864452401456991
0.053164559074595004,0.5422511281846445,0.030910579566396194,-0.009924711201908966,0.009299797913507924
0.05696202757992322,0.5422511281846445,0.09281246625094204,-0.008915989873687772,0.009752380862960505
0.060759496085251434,0.5422511281846445,0.1537133312937451,-0.007641095862074038,0.010215787319618773
0.06455696459057965,0.5422511281846445,0.21283819019797223,-0.006107661358706258,0.010690418154119976
0.06835443309590786,0.5422511281846445,0.2695170042840698,-0.004329996722906613,0.011169057694993654
0.07215190160123608,0.5422511281846445,0.32291020701380196,-0.0023214582900424703,0.011647697235867331
0.07594937010656429,0.5422511281846445,0.37245270552489457,-9.985450727031996e-05,0.01212473329419202
0.07974683861189251,0.5422511281846445,0.41746638838261857,0.002309373986614852,0.01259455368104625
0.08354430711722072,0.5422511281846445,0.45744267201092725,0.004883966632667432,0.01305074446623406
0.08734177562254894,0.5422511281846445,0.4918568273234232,0.007597846776122561,0.01349009868465747
0.09113924412787715,0.5422511281846445,0.5203213620716899,0.01041984963445638,0.013908607629944003
0.09493671263320537,0.5422511281846445,0.542529511559064,0.013320082457084782,0.014302262595721182
0.09873418113853358,0.5422511281846445,0.5582068021095842,0.01626801647745378,0.014661442686695064
0.1025316496438618,0.5422511281846445,0.5672321423956199,0.01922930683319015,0.014988553126689137
0.10632911814919001,0.5422511281846445,0.5695167321102426,0.022170244677890527,0.015272369537860462
0.11012658665451823,0.5422511281846445,0.5651090077845041,0.02506220929291056,0.015511288437660054
0.11392405515984644,0.5422511281846445,0.5540977697253335,0.027870855815877008,0.015699697637166443
0.11772152366517466,0.5422511281846445,0.5367171278328157,0.030560567352476902,0.01583278668873266
0.12151899217050287,0.5422511281846445,0.5132254102725615,0.033106539279885126,0.015906546885986222
0.12531646067583108,0.5422511281846445,0.4839939637826371,0.03548078689542719,0.015918573005103652
0.1291139291811593,0.5422511281846445,0.4495071536735631,0.037654053464488864,0.01586325285716348
0.13291139768648752,0.5422511281846445,0.4101443994385806,0.03960535046006429,0.015734974253244237
0.13670886619181571,0.5422511281846445,0.36660803077794474,0.041314325371117476,0.015533737193345921
0.14050633469714394,0.5422511281846445,0.31940663126770225,0.0427587176387028,0.015257136453645053
0.14430380320247216,0.5422511281846445,0.26932729453744925,0.043927714991332405,0.014899559845220161
0.14810127170780038,0.5422511281846445,0.21687456778564476,0.044812413205428045,0.01446020562679675
0.15189874021312857,0.5422511281846445,0.1629364540815768,0.04540200000950184,0.013939073798374823
0.1556962087184568,0.5422511281846445,0.10806190077716883,0.04569424934765925,0.013332957394856397
0.15949367722378502,0.5422511281846445,0.05322367487104991,0.0456878891879605,0.012643059028153214
0.16329114572911324,0.5422511281846445,-0.0011463312348989972,0.04538737164219473,0.011868576956990779
0.16708861423444143,0.5422511281846445,-0.05412782345068856,0.044800328902000426,0.011009912052006342
0.17088608273976966,0.5422511281846445,-0.1051657998580138,0.04393630120692572,0.010069469537023387
0.17468355124509788,0.5422511281846445,-0.1536073763820687,0.04280999642627394,0.009048452023953655
0.1784810197504261,0.5422511281846445,-0.198728023245866,0.04143787147326562,0.007948763648324076
0.1822784882557543,0.5422511281846445,-0.24022501213033032,0.03983956334097063,0.00677471376948506
0.18607595676108252,0.5422511281846445,-0.2774182134119388,0.03803757109432328,0.0055295093525345885
0.18987342526641074,0.5422511281846445,-0.3100139806211883,0.03605598383818258,0.004216958668526514
0.19367089377173893,0.5422511281846445,-0.3376601398135543,0.03392071922332091,0.0028429745593602394
0.19746836227706716,0.5422511281846445,-0.3599712169294142,0.031659920956405234,0.0014125679080013599
0.20126583078239538,0.5422511281846445,-0.3769573029127371,0.029301812246098735,-6.834844365072205e-05
0.2050632992877236,0.5422511281846445,-0.38838025148585037,0.02687485480705331,-0.0015920577358289891
0.2088607677930518,0.5422511281846445,-0.3942773991414399,0.02440933889983423,-0.003153448867908534
0.21265823629838002,0.5422511281846445,-0.39470929154332085,0.02193348773310469,-0.004743702685869908
0.21645570480370824,0.5422511281846445,-0.3897627108096282,0.01947624003349398,-0.0063546013416495364
0.22025317330903646,0.5422511281846445,-0.3797424034482311,0.017065262495691656,-0.00797892916377696
0.22405064181436465,0.5422511281846445,-0.3649006430583593,0.01472535974252282,-0.009607666562914109
0.22784811031969288,0.5422511281846445,-0.3455684126022017,0.012481495400805056,-0.01123239525567878
0.2316455788250211,0.5422511281846445,-0.32223411376786687,0.010355930029483979,-0.012843494346777031
0.23544304733034932,0.5422511281846445,-0.2953336753348233,0.008367744107655825,-0.014432946423463912
0.23924051583567751,0.5422511281846445,-0.2654140264662007,0.006533156042552398,-0.01599072971980823
0.24303798434100574,0.5422511281846445,-0.2329898053044273,0.004866794201480817,-0.017508826823065027
0.24683545284633396,0.5422511281846445,-0.19877948706010884,0.0033802658758912926,-0.018978418579214864
0.25063292135166215,0.5422511281846445,-0.16322707326788924,0.0020807262454449155,-0.020388881916370675
0.2544303898569904,0.5422511281846445,-0.1271438758228907,0.0009724684179383389,-0.021734404210292366
0.2582278583623186,0.5422511281846445,-0.09108086026583052,5.660542131884379e-05,-0.02300496369504875
0.2620253268676468,0.5422511281846445,-0.05557082843828148,-0.0006686117883307252,-0.02419334469916937
0.26582279537297504,0.5422511281846445,-0.02143114680174727,-0.0012084303427618338,-0.025293333727776885
0.26962026387830323,0.5422511281846445,0.010924455941035688,-0.0015722314775301332,-0.026295911191533225
0.27341773238363143,0.5422511281846445,0.04085419575362746,-0.0017706684601310238,-0.027197068384065912
0.2772152008889597,0.5422511281846445,0.06795241668846695,-0.0018178926458942166,-0.027988787892629995
0.2810126693942879,0.5422511281846445,0.09163788037292933,-0.0017312354699987955,-0.02866886492872061
0.2848101378996161,0.5422511281846445,0.11159776754396997,-0.0015288233875861883,-0.029229883385548678
0.2886076064049443,0.5422511281846445,0.12747485878507986,-0.0012311679136848524,-0.02967044021588383
0.2924050749102725,0.5422511281846445,0.13902495325220476,-0.0008616426351876812,-0.029987328454628086
0.29620254341560076,0.5422511281846445,0.14600990466767208,-0.00044362113898756793,-0.03017854374859521
0.30000001192092896,0.5422511281846445,,,
0.0,0.5543011532554143,,,
0.0037974685053282146,0.5543011532554143,-0.5298391404234216,-0.0015060858166631697,0.008051085878481535
0.007594937010656429,0.5543011532554143,-0.5190943032850374,-0.002980529838825076,0.008100793837500243
0.011392405515984643,0.5543011532554143,-0.5013281873328967,-0.004392485291946797,0.008183573624091878
0.015189874021312859,0.5543011532554143,-0.4768193026205492,-0.005712059425444226,0.00829862349698195
0.018987342526641072,0.5543011532554143,-0.4458199227472242,-0.006910154508695597,0.008446143891489082
0.022784811031969287,0.5543011532554143,-0.4088063402682672,-0.007960216874958643,0.008624330889745655
0.026582279537297502,0.5543011532554143,-0.36620035664158984,-0.008837123893423315,0.008831981879839931
0.030379748042625717,0.5543011532554143,-0.3186195376381061,-0.009518296997159064,0.009067292943904294
0.03417721654795393,0.5543011532554143,-0.2666390670640593,-0.00998386068710731,0.009330264081938744
0.037974685053282144,0.5543011532554143,-0.21096127461970451,-0.010218550579991053,0.00961929181139429
0.04177215355861036,0.5543011532554143,-0.15231270827082272,-0.010208056316488122,0.009929565684623961
0.045569622063938574,0.5543011532554143,-0.09142798873837037,-0.009942201641080518,0.010263090054813994
0.04936709056926679,0.5543011532554143,-0.029150718938170974,-0.009416852449964059,0.010612649250493935
0.053164559074595004,0.5543011532554143,0.033772371276056014,-0.008628192647319493,0.010979846754212768
0.05696202757992322,0.5543011532554143,0.09649364261089938,-0.007578766297026322,0.011359070377049033
0.060759496085251434,0.5543011532554143,0.15823407419193833,-0.006274297542813416,0.011749518377728231
0.06455696459057965,0.5543011532554143,0.21812584483782324,-0.0047230545922891465,0.012143975084779907
0.06835443309590786,0.5543011532554143,0.2755312068897019,-0.0029371217488811307,0.012541638756929561
0.07215190160123608,0.5543011532554143,0.3296348120748644,-0.0009336714437759853,0.012942509394177197
0.07594937010656429,0.5543011532554143,0.37978276722410786,0.0012675798279601761,0.013335362618679882
0.07974683861189251,0.5543011532554143,0.4253211791682293,0.0036443715073817408,0.013719396689163119
0.08354430711722072,0.5543011532554143,0.4657737553518833,0.006171262955693722,0.01409220638180342
0.08734177562254894,0.5543011532554143,0.5005592574024451,0.008822813534101135,0.014446576025130331
0.09113924412787715,0.5543011532554143,0.5292982658266735,0.011567858460080122,0.014778496912771374
0.09493671263320537,0.5543011532554143,0.5516597976623793,0.014376504983046575,0.015081555114530588
0.09873418113853358,0.5543011532554143,0.5674501067853542,0.017218860352416383,0.015357354112956962
0.1025316496438618,0.5543011532554143,0.576402792274812,0.02005739962596694,0.015593867788933067
0.10632911814919001,0.5543011532554143,0.5785662906618044,0.022862230053114146,0.01579029440118441
0.11012658665451823,0.5543011532554143,0.5739325291911563,0.02560155083536426,0.015943426984613006
0.11392405515984644,0.5543011532554143,0.5625660899042705,0.028241017110344057,0.01604284290265042
0.11772152366517466,0.5543011532554143,0.5447414464771086,0.030751372143439298,0.01608854215529665
0.12151899217050287,0.5543011532554143,0.5207492180959832,0.03310335920003575,0.016076516036179222
0.12531646067583108,0.5543011532554143,0.49088809670238176,0.03526899357745893,0.01599874713255318
0.1291139291811593,0.5543011532554143,0.45569895689305273,0.03722219862094398,0.01585283022059504
0.13291139768648752,0.5543011532554143,0.41560158193711383,0.0389426218194549,0.015637963559030306
0.13670886619181571,0.5543011532554143,0.37124986500376816,0.04040991066195572,0.015346931476388524
0.14050633469714394,0.5543011532554143,0.323144316913887,0.04160625670128994,0.014975725266297212
0.14430380320247216,0.5543011532554143,0.272189086247109,0.04251862161007512,0.01452835363512885
0.14810127170780038,0.5543011532554143,0.21880395627255222,0.04313937319667278,0.013996398299501235
0.15189874021312857,0.5543011532554143,0.1639092210802059,0.0434624693093691,0.01337985925941437
0.1556962087184568,0.5543011532554143,0.10809419179787022,0.04348409385234484,0.012678736514868253
0.15949367722378502,0.5543011532554143,0.05230338078106058,0.04320774491343431,0.011889823100764904
0.16329114572911324,0.5543011532554143,-0.0029828830372899957,0.042638033608419085,0.011016726852839552
0.16708861423444143,0.5543011532554143,-0.05685237832236751,0.0417840231648699,0.010057242982587334
0.17088608273976966,0.5543011532554143,-0.10874203040069165,0.04065843390218424,0.00901357627851311
0.17468355124509788,0.5543011532554143,-0.15798079149831187,0.039276530203639096,0.007886728917210005
0.1784810197504261,0.5543011532554143,-0.20383303179987483,0.03765890308625916,0.006680108299094618
0.1822784882557543,0.5543011532554143,-0.2459960229863051,0.03582598456307665,0.005396821171605621
0.18607595676108252,0.5543011532554143,-0.2837805535845076,0.03380162523296188,0.0040399742821816825
0.18987342526641074,0.5543011532554143,-0.31687582252023155,0.031613054529625095,0.0026148791667663343
0.19367089377173893,0.5543011532554143,-0.34494277407611246,0.02928774039276526,0.0011258952935396436
0.19746836227706716,0.5543011532554143,-0.3675747432101923,0.026855178062985312,-0.0004209141691100185
0.20126583078239538,0.5543011532554143,-0.3847888845272187,0.024345896306839233,-0.0020194860527942816
0.2050632992877236,0.5543011532554143,-0.3963561335990913,0.02179014563389419,-0.0036635567538061517
0.2088607677930518,0.5543011532554143,-0.40228355408658834,0.019218971573679685,-0.005344006465148245
0.21265823629838002,0.5543011532554143,-0.4026649917686234,0.016663141398738406,-0.007054721909602535
0.21645570480370824,0.5543011532554143,-0.39757310144177455,0.014151991345680823,-0.008786483062512325
0.22025317330903646,0.5543011532554143,-0.38732272055788014,0.011713665121173887,-0.01053107207581404
0.22405064181436465,0.5543011532554143,-0.3721721772825513,0.009374875395952331,-0.012279469360169607
0.22784811031969288,0.5543011532554143,-0.3524484182003895,0.007161062808811146,-0.014022254455603707
0.2316455788250211,0.5543011532554143,-0.32866608145382303,0.005094328914703473,-0.01575040777277827
0.23544304733034932,0.5543011532554143,-0.3012510048783512,0.003194072200710489,-0.01745430841639935
0.23924051583567751,0.5543011532554143,-0.2707803904690113,0.001477306094026342,-0.019124936797128875
0.24303798434100574,0.5543011532554143,-0.23775474904667473,-4.150004203432087e-05,-0.020751669843079783
0.24683545284633396,0.5543011532554143,-0.202906683143504,-0.0013521699519535046,-0.022324485788320886
0.25063292135166215,0.5543011532554143,-0.16672257625881365,-0.0024483434760324625,-0.023837171137974844
0.2544303898569904,0.5543011532554143,-0.12997741288943682,-0.0033254094984896043,-0.025277699772924225
0.2582278583623186,0.5543011532554143,-0.09326857691834903,-0.003983686027309866,-0.026638856021698576
0.2620253268676468,0.5543011532554143,-0.057126851998329245,-0.0044274661702899025,-0.02791182073027845
0.26582279537297504,0.5543011532554143,-0.02236556821329346,-0.004662633075151055,-0.02908877692123751
0.26962026387830323,0.5543011532554143,0.01055109101417598,-0.0046995220014037845,-0.030163511099698424
0.27341773238363143,0.5543011532554143,0.04102977817869122,-0.004551648288407928,-0.031127204111641743
0.2772152008889597,0.5543011532554143,0.06859016434731921,-0.0042355483513802274,-0.031976248121332235
0.2810126693942879,0.5543011532554143,0.09271155681125022,-0.003769984661431984,-0.0327030265866622
0.2848101378996161,0.5543011532554143,0.11301453607724303,-0.0031749917216142495,-0.03330513428380815
0.2886076064049443,0.5543011532554143,0.1291761919382838,-0.0024758511667295415,-0.03377655815321137
0.2924050749102725,0.5543011532554143,0.14092406890720469,-0.0016964135956481585,-0.03411669688891599
0.29620254341560076,0.5543011532554143,0.1480361662166837,-0.0008619606431726185,-0.03432074004327504
0.30000001192092896,0.5543011532554143,,,
0.0,0.5663511783261842,,,
0.0037974685053282146,0.5663511783261842,-0.5344285017406053,-0.001409888401219629,0.010150846276384656
0.007594937010656429,0.5663511783261842,-0.5235302822538895,-0.002789089031892806,0.01019193551670254
0.011392405515984643,0.5663511783261842,-0.5055240018352823,-0.004107073125465549,0.01025968265439739
0.015189874021312859,0.5663511783261842,-0.4806720250279826,-0.005333947931353747,0.010353887254150585
0.018987342526641072,0.5663511783261842,-0.4492528618855397,-0.006441728746882917,0.010473747574687628
0.022784811031969287,0.5663511783261842,-0.41173473220812357,-0.007404656925273137,0.010618662310052648
0.026582279537297502,0.5663511783261842,-0.36854952839761523,-0.008197609835714355,0.010788230589608398
0.030379748042625717,0.5663511783261842,-0.3203148162249286,-0.008798962935230836,0.010981851107399007
0.03417721654795393,0.5663511783261842,-0.2676279795730391,-0.009190112756703747,0.01119671776896374
0.037974685053282144,0.5663511783261842,-0.21122363916290324,-0.009355158900886217,0.011430425350479112
0.04177215355861036,0.5663511783261842,-0.1517597245413116,-0.009281063040395821,0.011685779946405857
0.045569622063938574,0.5663511783261842,-0.09009598413443842,-0.008959556967624186,0.01195516501463627
0.04936709056926679,0.5663511783261842,-0.026979147796003158,-0.00838491653884244,0.012241386649631082
0.053164559074595004,0.5663511783261842,0.03675525431334601,-0.007556187730095772,0.012539233533106075
0.05696202757992322,0.5663511783261842,0.10028783754331155,-0.006474642573323931,0.012846300441237765
0.060759496085251434,0.5663511783261842,0.16279518086600828,-0.005147913260165412,0.013161384762114408
0.06455696459057965,0.5663511783261842,0.22344579049837562,-0.0035852220221833987,0.013481279530638022
0.06835443309590786,0.5663511783261842,0.2815777005160353,-0.0017986531628055083,0.013803579522985122
0.07215190160123608,0.5663511783261842,0.3362786895841734,0.00019271283887201875,0.014117862102587269
0.07594937010656429,0.5663511783261842,0.3870240286163924,0.0023704315197228183,0.01442973945836593
0.07974683861189251,0.5663511783261842,0.4330629513813852,0.0047116063048314024,0.014731194177576153
0.08354430711722072,0.5663511783261842,0.4739191653238065,0.007189524523463036,0.015018217553845461
0.08734177562254894,0.5663511783261842,0.5090356503365575,0.00977683748891311,0.015287602622075873
0.09113924412787715,0.5663511783261842,0.5379845503953448,0.012443652450597515,0.015534538934620416
0.09493671263320537,0.5663511783261842,0.5605156100897328,0.015160076657932143,0.015756621267655608
0.09873418113853358,0.5663511783261842,0.5762978464575325,0.017893037280483512,0.015943426984613006
0.1025316496438618,0.5663511783261842,0.5851698043952366,0.02060946148781814,0.01609415434421812
0.10632911814919001,0.5663511783261842,0.5871799204338976,0.02327882051338204,0.016206398122647455
0.11012658665451823,0.5663511783261842,0.5822151760010603,0.02586422543092249,0.016269735683332582
0.11392405515984644,0.5663511783261842,0.5704935354864593,0.028336419505825255,0.016284968767547994
0.11772152366517466,0.5663511783261842,0.5521845267487767,0.03066805405138572,0.016244881703823228
0.12151899217050287,0.5663511783261842,0.5276110599950264,0.0328235121732909,0.01614626752706031
0.12531646067583108,0.5663511783261842,0.49709604543222213,0.034779897296625326,0.01598191056578878
0.1291139291811593,0.5663511783261842,0.4611965031674627,0.03651494886244337,0.015753414302557625
0.13291139768648752,0.5663511783261842,0.42029185269398933,0.038002590215980174,0.015451157842072908
0.13670886619181571,0.5663511783261842,0.375084423712057,0.03922564892604913,0.01507433944306013
0.14050633469714394,0.5663511783261842,0.326115090818414,0.040170768657282856,0.014620553881695806
0.14430380320247216,0.5663511783261842,0.27419920228576994,0.04082459307431399,0.014083387227783972
0.14810127170780038,0.5663511783261842,0.2198816690884608,0.041179489985504046,0.013464442963873622
0.15189874021312857,0.5663511783261842,0.16403031240783605,0.04123164329503377,0.012761315866141267
0.1556962087184568,0.5663511783261842,0.10724251612687132,0.04097850893902366,0.011969997228214431
0.15949367722378502,0.5663511783261842,0.05053544739766001,0.04042771910911221,0.011092892273916603
0.16329114572911324,0.5663511783261842,-0.005689274209824424,0.03958404392507349,0.010127595779424294
0.16708861423444143,0.5663511783261842,-0.060424572487457695,0.038457659642425486,0.009075711227286495
0.17088608273976966,0.5663511783261842,-0.11315580929281156,0.03706526168037741,0.007937639488140455
0.17468355124509788,0.5663511783261842,-0.1631574457545019,0.03542330695214977,0.0067167879624027765
0.1784810197504261,0.5663511783261842,-0.20970999756752604,0.033553897012695705,0.005413858173688646
0.1822784882557543,0.5663511783261842,-0.2525077091296178,0.03148064395489682,0.004032057087096042
0.18607595676108252,0.5663511783261842,-0.2908300870413777,0.029229226923536793,0.002576395585590561
0.18987342526641074,0.5663511783261842,-0.32438096209731015,0.02682854489424681,0.0010501808519294963
0.19367089377173893,0.5663511783261842,-0.3528076558056924,0.0243085303686091,-0.000540724380817406
0.19746836227706716,0.5663511783261842,-0.3756994667469786,0.021700427631143746,-0.0021906578148990228
0.20126583078239538,0.5663511783261842,-0.39307859499790115,0.019036355488329427,-0.0038932556289490478
0.2050632992877236,0.5663511783261842,-0.40469831697841346,0.01634926751760527,-0.005641051607348744
0.2088607677930518,0.5663511783261842,-0.4105944555396061,0.013671163272455588,-0.007427331166924213
0.21265823629838002,0.5663511783261842,-0.41083260181727876,0.011033923053370354,-0.009243275153656007
0.21645570480370824,0.5663511783261842,-0.4055126561567264,0.00846918865485083,-0.011080866154799173
0.22025317330903646,0.5663511783261842,-0.39494138325461203,0.006005262787556439,-0.01293048327505977
0.22405064181436465,0.5663511783261842,-0.379387202220516,0.0036710841781164762,-0.014783708231055594
0.22784811031969288,0.5663511783261842,-0.3591810960166273,0.00149177545734099,-0.016629316644943715
0.2316455788250211,0.5663511783261842,-0.334853848295725,-0.0005110388317942808,-0.018459291103979175
0.23544304733034932,0.5663511783261842,-0.3068333150821023,-0.002315416138328661,-0.02026320897159354
0.23924051583567751,0.5663511783261842,-0.2757047711259718,-0.00390482004704541,-0.022029845869943873
0.24303798434100574,0.5663511783261842,-0.2419768000033802,-0.005265894222577159,-0.023750382645010733
0.24683545284633396,0.5663511783261842,-0.20642842258874827,-0.006389257429368259,-0.02541600014277466
0.25063292135166215,0.5663511783261842,-0.169491531283957,-0.007267436479772681,-0.027014471808799612
0.2544303898569904,0.5663511783261842,-0.13201174719362377,-0.007897887309910928,-0.028537579795022007
0.2582278583623186,0.5663511783261842,-0.09456829050157958,-0.008283153983662497,-0.029976705382741026
0.2620253268676468,0.5663511783261842,-0.057716163126129434,-0.008426257576884292,-0.031323229853255835
0.26582279537297504,0.5663511783261842,-0.022270713339983157,-0.008336738329124436,-0.0325675323112725
0.26962026387830323,0.5663511783261842,0.01129580267910156,-0.008025885523848201,-0.03370299839127643
0.27341773238363143,0.5663511783261842,0.04235976459382931,-0.007510394580264797,-0.03472221198647855
0.2772152008889597,0.5663511783261842,0.07045900717041159,-0.006807596933553309,-0.03561996177859463
0.2810126693942879,0.5663511783261842,0.09504054667933727,-0.005938004098742195,-0.03638863122551697
0.2848101378996161,0.5663511783261842,0.11574716370409732,-0.004926897710633971,-0.03702401118555448
0.2886076064049443,0.5663511783261842,0.13219943875145054,-0.003799241396046218,-0.03752349599956503
0.2924050749102725,0.5663511783261842,0.14419353475321944,-0.002583496869630826,-0.03788067173735268
0.29620254341560076,0.5663511783261842,0.15143277795671012,-0.0013068538140999359,-0.03809754275210365
0.30000001192092896,0.5663511783261842,,,
0.0,0.5784012033969541,,,
0.0037974685053282146,0.5784012033969541,-0.5387413711930334,-0.001333089472857265,0.012102284538506152
0.007594937010656429,0.5784012033969541,-0.5276978421131614,-0.0026358091831530156,0.012133953318848714
0.011392405515984643,0.5784012033969541,-0.5094534154168816,-0.0038781073763106745,0.01218666780764678
0.015189874021312859,0.5784012033969541,-0.484266419269805,-0.005031363333685882,0.012260628440218968
0.018987342526641072,0.5784012033969541,-0.45243352742462567,-0.00606695633663428,0.012354031298697667
0.022784811031969287,0.5784012033969541,-0.41441488692633816,-0.006959604750353351,0.012468279430313244
0.026582279537297502,0.5784012033969541,-0.3706565174983803,-0.007685616979965263,0.012600566740604963
0.030379748042625717,0.5784012033969541,-0.3217961667996044,-0.008223050474509342,0.01275049235893558
0.03417721654795393,0.5784012033969541,-0.26842718233539825,-0.008555368818768845,0.012918056285305093
0.037974685053282144,0.5784012033969541,-0.21126803931636762,-0.008664763565587286,0.013102055907801757
0.04177215355861036,0.5784012033969541,-0.1510654675962319,-0.008540740451461729,0.013299284261327595
0.045569622063938574,0.5784012033969541,-0.08859445167182425,-0.008175349276768743,0.013510543087157099
0.04936709056926679,0.5784012033969541,-0.024690521703792833,-0.0075631839057643925,0.013732224549555043
0.053164559074595004,0.5784012033969541,0.039830974035152476,-0.006704244338448679,0.013962324295335187
0.05696202757992322,0.5784012033969541,0.10416276002747718,-0.005600756630716163,0.014201243195134777
0.060759496085251434,0.5784012033969541,0.1674047240711303,-0.004260034966220402,0.01444176557748336
0.06455696459057965,0.5784012033969541,0.22878995442445405,-0.0026909835685396417,0.014685494924929923
0.06835443309590786,0.5784012033969541,0.2875434665906153,-0.0009114108848303726,0.014926819048553
0.07215190160123608,0.5784012033969541,0.34289834882795633,0.001064690733570163,0.015167341430901583
0.07594937010656429,0.5784012033969541,0.3941603441913974,0.0032144247117464777,0.01539984640050521
0.07974683861189251,0.5784012033969541,0.44065941400138486,0.005514894474783085,0.015617920027167926
0.08354430711722072,0.5784012033969541,0.4818869746818721,0.007941295399854872,0.015823967534713212
0.08734177562254894,0.5784012033969541,0.5172860061257601,0.010462462704437982,0.016009169769121617
0.09113924412787715,0.5784012033969541,0.5464205795535804,0.013052319733767553,0.01617192324784416
0.09493671263320537,0.5784012033969541,0.5690162212893711,0.01567524959353061,0.01630741752323386
0.09873418113853358,0.5784012033969541,0.5847823121468201,0.01829817945329366,0.016412445630192743
0.1025316496438618,0.5784012033969541,0.5935493242672448,0.020893760626352106,0.01648059363852484
0.10632911814919001,0.5784012033969541,0.5953011121402947,0.023425740202423086,0.01650785284185768
0.11012658665451823,0.5784012033969541,0.5900134575004436,0.025859773319133368,0.016490214533818784
0.11392405515984644,0.5784012033969541,0.5778639609615493,0.028167239257838598,0.016423670008035674
0.11772152366517466,0.5784012033969541,0.5590382958926446,0.030316337220045037,0.016301805334312393
0.12151899217050287,0.5784012033969541,0.5338109359696914,0.03227844648710833,0.016119008323727473
0.12531646067583108,0.5784012033969541,0.5026581737480349,0.03402812642023349,0.015877684200104394
0.1291139291811593,0.5784012033969541,0.46595135596574094,0.035541844428535155,0.015564203361776743
0.13291139768648752,0.5784012033969541,0.42423135721955774,0.03679733995306771,0.015181772773842497
0.13670886619181571,0.5784012033969541,0.37814399792351283,0.0377787125945843,0.014723978506105696
0.14050633469714394,0.5784012033969541,0.3282462981847051,0.03847069796980791,0.014188415334742853
0.14430380320247216,0.5784012033969541,0.27538589729654567,0.03886439185516032,0.013571876294655987
0.14810127170780038,0.5784012033969541,0.22011174261095812,0.0389527980749729,0.012873559644570605
0.15189874021312857,0.5784012033969541,0.16326340066617828,0.038731146509471584,0.012087051454290742
0.1556962087184568,0.5784012033969541,0.10552705565211049,0.038203571262460566,0.011215959559551627
0.15949367722378502,0.5784012033969541,0.04787951094497149,0.0373748424537139,0.010257477865892527
0.16329114572911324,0.5784012033969541,-0.009267522941296118,0.03625338729483242,0.009210002890764454
0.16708861423444143,0.5784012033969541,-0.06486458783389748,0.03485272112517597,0.008076140293309513
0.17088608273976966,0.5784012033969541,-0.11840310015678585,0.033189857371938705,0.006855689638209083
0.17468355124509788,0.5784012033969541,-0.16916054832176786,0.03128451253018672,0.005549853537374906
0.1784810197504261,0.5784012033969541,-0.2163811206255518,0.029159980684816688,0.004162239826542212
0.1822784882557543,0.5784012033969541,-0.2597630978434592,0.02684273600057464,0.002695754817831045
0.18607595676108252,0.5784012033969541,-0.2985900229536781,0.02436068367813882,0.0011533048233614508
0.18987342526641074,0.5784012033969541,-0.33253747210759943,0.021744630741050035,-0.0004594979679451036
0.19367089377173893,0.5784012033969541,-0.3612668941350571,0.019026974252773776,-0.002138193870249238
0.19746836227706716,0.5784012033969541,-0.3843544693893455,0.01624086654573976,-0.0038764190621846466
0.20126583078239538,0.5784012033969541,-0.4018234070415937,0.013420572980324976,-0.0056678097223850235
0.2050632992877236,0.5784012033969541,-0.4134279926061522,0.010600398667904546,-0.007505100070550254
0.2088607677930518,0.5784012033969541,-0.41920404893411156,0.00781441021386488,-0.009380573346913322
0.21265823629838002,0.5784012033969541,-0.41921817625566843,0.005096077958620628,-0.011285711050432716
0.21645570480370824,0.5784012033969541,-0.41357330219930843,0.0024785542346015084,-0.013212094897726234
0.22025317330903646,0.5784012033969541,-0.402596373349633,-8.427211600839104e-06,-0.015150103993499933
0.22405064181436465,0.5784012033969541,-0.3865255359843148,-0.0023360866573495873,-0.01708991700714125
0.22784811031969288,0.5784012033969541,-0.3657563551069458,-0.004476916411947657,-0.019023716961223847
0.2316455788250211,0.5784012033969541,-0.34077925059442826,-0.006408814920441905,-0.02093827512471856
0.23544304733034932,0.5784012033969541,-0.3120402421701999,-0.008110793655826466,-0.02282437147296869
0.23924051583567751,0.5784012033969541,-0.28016496836034993,-0.009565362178929789,-0.02467318685195479
0.24303798434100574,0.5784012033969541,-0.24564586723057452,-0.010760118178339318,-0.02647269514255943
0.24683545284633396,0.5784012033969541,-0.2092740687880574,-0.01168456739055212,-0.028212874578851424
0.25063292135166215,0.5784012033969541,-0.1715016473226179,-0.012333303679824263,-0.029883703394899572
0.2544303898569904,0.5784012033969541,-0.13320046039319333,-0.012704896010223527,-0.03147716417795893
0.2582278583623186,0.5784012033969541,-0.09493560086205778,-0.012801093425667067,-0.032981030373593435
0.2620253268676468,0.5784012033969541,-0.05727619796907313,-0.012628733097831038,-0.03438668326310228
0.26582279537297504,0.5784012033969541,-0.02107998195161976,-0.012197673274248495,-0.03568770891628948
0.26962026387830323,0.5784012033969541,0.013211063844452173,-0.01152190630625668,-0.03687388513190524
0.27341773238363143,0.5784012033969541,0.04491277341803218,-0.010619399645004551,-0.03794000059166533
0.2772152008889597,0.5784012033969541,0.07362756357673453,-0.00950939277358082,-0.03887603352963856
0.2810126693942879,0.5784012033969541,0.09871163209532544,-0.008216213302833189,-0.039679378286682825
0.2848101378996161,0.5784012033969541,0.11984812333317262,-0.006767527927451207,-0.04034382136792078
0.2886076064049443,0.5784012033969541,0.136655599608241,-0.005190049318169607,-0.04086475276102408
0.2924050749102725,0.5784012033969541,0.14887573275491958,-0.00351494225751225,-0.04124036854812512
0.29620254341560076,0.5784012033969541,0.15628854019468016,-0.0017740075439728656,-0.041464856104983794
0.30000001192092896,0.5784012033969541,,,
0.0,0.5904512284677239,,,
0.0037974685053282146,0.5904512284677239,-0.5428403126333149,-0.001274735007621266,0.013877740590875935
0.007594937010656429,0.5904512284677239,-0.5316534921490804,-0.0025195772646584235,0.013901391958473544
0.011392405515984643,0.5904512284677239,-0.5131689009863342,-0.0037047930245198324,0.01393987553964932
0.015189874021312859,0.5904512284677239,-0.4876650491986253,-0.004801284556583728,0.013993191334403254
0.018987342526641072,0.5904512284677239,-0.4554043013291526,-0.0057820211821304375,0.014062541954647095
0.022784811031969287,0.5904512284677239,-0.41691340465310744,-0.006621880270349912,0.014144720435282861
0.026582279537297502,0.5904512284677239,-0.37258590598528774,-0.007297329230356789,0.014241731129496789
0.030379748042625717,0.5904512284677239,-0.3230999167604226,-0.007787061527160269,0.014351970554739888
0.03417721654795393,0.5904512284677239,-0.26906089361666286,-0.0080735867215888,0.014473835228463171
0.037974685053282144,0.5904512284677239,-0.21117923900943883,-0.00814227644633526,0.01460772602130388
0.04177215355861036,0.5904512284677239,-0.15022993743558372,-0.007981364405956974,0.014751237709438534
0.045569622063938574,0.5904512284677239,-0.08698797339193058,-0.007583854424785319,0.014904370292867132
0.04936709056926679,0.5904512284677239,-0.02231713168224139,-0.006945294391031171,0.015063916806491691
0.053164559074595004,0.5904512284677239,0.04299549406388774,-0.006065684304694531,0.015231480732861204
0.05696202757992322,0.5904512284677239,0.1080538280219935,-0.004949476277564521,0.01539984640050521
0.060759496085251434,0.5904512284677239,0.1720465582969537,-0.003601758437400139,0.015573022515796191
0.06455696459057965,0.5904512284677239,0.23410990008500646,-0.0020365231355386273,0.015745396889812673
0.06835443309590786,0.5904512284677239,0.29350115991001996,-0.00026712670734735275,0.015912960816182185
0.07215190160123608,0.5904512284677239,0.34943728051998585,0.0016879863840473194,0.016075714294904727
0.07594937010656429,0.5904512284677239,0.4011513501732462,0.0038046475317901527,0.01622563991323534
0.07974683861189251,0.5904512284677239,0.4481347852937544,0.0060637762567849075,0.016369151601369997
0.08354430711722072,0.5904512284677239,0.4896448924053787,0.008435479808447475,0.016493421498916763
0.08734177562254894,0.5904512284677239,0.5253103247700531,0.010889229420223872,0.01660085482969913
0.09113924412787715,0.5904512284677239,0.5545821350358542,0.01339767640540949,0.016683434180972144
0.09493671263320537,0.5904512284677239,0.5772100677923464,0.015927747933570845,0.01673795258763782
0.09873418113853358,0.5904512284677239,0.5928954310980419,0.018446371174274456,0.016761203084598185
0.1025316496438618,0.5904512284677239,0.6015171336253103,0.020919837281116967,0.016751582189304243
0.10632911814919001,0.5904512284677239,0.6029702295568724,0.02331443740769502,0.016698667265187553
0.11012658665451823,0.5904512284677239,0.5973193009341309,0.025599006771484762,0.016601656570973625
0.11392405515984644,0.5904512284677239,0.5846773663295406,0.027741744573992456,0.016454136176466495
0.11772152366517466,0.5904512284677239,0.5652785356431864,0.02971085001672437,0.016253700857842678
0.12151899217050287,0.5904512284677239,0.5394215008165563,0.031481518476855395,0.015995540167455198
0.12531646067583108,0.5904512284677239,0.5074937540980665,0.033026401267680916,0.0156732401751081
0.1291139291811593,0.5904512284677239,0.4700119518189395,0.034320057750405954,0.015287602622075873
0.13291139768648752,0.5904512284677239,0.42741202275864365,0.03534531549384389,0.014829006613064577
0.13670886619181571,0.5904512284677239,0.38042051488296014,0.036085002066808106,0.01429745214807421
0.14050633469714394,0.5904512284677239,0.3295621572782863,0.03652703316587099,0.013687327038183308
0.14430380320247216,0.5904512284677239,0.2757491712794362,0.036661550543499476,0.012999433024666362
0.14810127170780038,0.5904512284677239,0.2194538130641675,0.03648155802402495,0.012225351824141176
0.15189874021312857,0.5904512284677239,0.1616448132535216,0.0359886456473721,0.011369092142980224
0.1556962087184568,0.5904512284677239,0.10293166486323706,0.035185675485405354,0.010425843533536535
0.15949367722378502,0.5904512284677239,0.04432749866781967,0.03407805367386865,0.009394403383898365
0.16329114572911324,0.5904512284677239,-0.01371561104291124,0.03267881854014442,0.008275974305977459
0.16708861423444143,0.5904512284677239,-0.07017646073927451,0.031002916459524722,0.007069754558499321
0.17088608273976966,0.5904512284677239,-0.12451013944693437,0.029068473887150975,0.00577734762401294
0.17468355124509788,0.5904512284677239,-0.175987071916919,0.02689783088396503,0.004400757855704556
0.1784810197504261,0.5904512284677239,-0.22384640097395214,0.024517103855729867,0.0029410876478265986
0.1822784882557543,0.5904512284677239,-0.2677833801101645,0.02195463526410302,0.0014021953802625772
0.18607595676108252,0.5904512284677239,-0.30705834313261504,0.019240596116655424,-0.00021175991412606407
0.18987342526641074,0.5904512284677239,-0.34135746168386233,0.01640797974182432,-0.001896769528966849
0.19367089377173893,0.5904512284677239,-0.37032553453619116,0.013491290005975414,-0.0036474718194865904
0.19746836227706716,0.5904512284677239,-0.3935447966092773,0.010526422060408502,-0.005457953943785885
0.20126583078239538,0.5904512284677239,-0.41103038431907474,0.0075491120524309166,-0.007321300883372212
0.2050632992877236,0.5904512284677239,-0.42254213319911677,0.004595692394321747,-0.009230647728582706
0.2088607677930518,0.5904512284677239,-0.42811233427010487,0.0017024557473619677,-0.011177876849013101
0.21265823629838002,0.5904512284677239,-0.42781767870620474,-0.001095696512101552,-0.013154569961281198
0.21645570480370824,0.5904512284677239,-0.4217510031919329,-0.0037647375296805184,-0.015151507040730301
0.22025317330903646,0.5904512284677239,-0.41026952714379844,-0.006272230490911323,-0.01716026980397821
0.22405064181436465,0.5904512284677239,-0.3936033240842986,-0.008589236669164672,-0.019169633873181987
0.22784811031969288,0.5904512284677239,-0.3721378680730561,-0.01068856638172842,-0.0211691766117732
0.2316455788250211,0.5904512284677239,-0.3464180700844068,-0.01254509699779252,-0.023151481912962762
0.23544304733034932,0.5904512284677239,-0.3168717861426439,-0.014138317002328519,-0.025103721916358752
0.23924051583567751,0.5904512284677239,-0.28412869115144435,-0.015451689980119669,-0.027014672244118236
0.24303798434100574,0.5904512284677239,-0.2487175505747933,-0.016471859595798607,-0.028875513742221765
0.24683545284633396,0.5904512284677239,-0.21142142166469918,-0.017188967601832274,-0.030675022032826408
0.25063292135166215,0.5904512284677239,-0.17273274248685802,-0.017598879894416487,-0.03240317535000097
0.2544303898569904,0.5904512284677239,-0.13348704320191807,-0.01770032444161149,-0.03404834844526527
0.2582278583623186,0.5904512284677239,-0.09431399871355621,-0.01749584530729679,-0.035602924776511606
0.2620253268676468,0.5904512284677239,-0.055782738261634296,-0.01699466472303557,-0.037056882577808786
0.26582279537297504,0.5904512284677239,-0.018732828384388188,-0.01620902599624791,-0.03839979921258837
0.26962026387830323,0.5904512284677239,0.01633522009731071,-0.015154034506218333,-0.03962626292724751
0.27341773238363143,0.5904512284677239,0.04877558676943479,-0.013848293720065678,-0.040726051520536405
0.2772152008889597,0.5904512284677239,0.07813216096457706,-0.012316131248637648,-0.04169435454480807
0.2810126693942879,0.5904512284677239,0.10378132234544213,-0.010583305738714166,-0.042524758069866546
0.2848101378996161,0.5904512284677239,0.12539410613863466,-0.008678914920916997,-0.04321044729487863
0.2886076064049443,0.5904512284677239,0.14257494734056275,-0.006635077601724811,-0.04374881656070221
0.2924050749102725,0.5904512284677239,0.15507964510717223,-0.004483117567653934,-0.04413545629032755
0.29620254341560076,0.5904512284677239,0.16264381670647055,-0.0022594467329796917,-0.04436916387184293
0.30000001192092896,0.5904512284677239,,,
0.0,0.6025012535384938,,,
0.0037974685053282146,0.6025012535384938,-0.5467798171588832,-0.0012341889895417571,0.015455166548445386
0.007594937010656429,0.6025012535384938,-0.5354597962142557,-0.002438326224506937,0.015469798326704923
0.011392405515984643,0.6025012535384938,-0.5167350405850428,-0.003583472978266243,0.015495454047488772
0.015189874021312859,0.6025012535384938,-0.4909022240239386,-0.004640849528182848,0.015530931098885188
0.018987342526641072,0.6025012535384938,-0.4582459111508741,-0.005583902207514484,0.015575026868982428
0.022784811031969287,0.6025012535384938,-0.41926257640913284,-0.006386872369481229,0.01562914440501086
0.026582279537297502,0.6025012535384938,-0.374382094011802,-0.0070263864271901885,0.01569208109505874
0.030379748042625717,0.6025012535384938,-0.32428661177119833,-0.0074830458935601874,0.015763436068488818
0.03417721654795393,0.6025012535384938,-0.26957351357029724,-0.007739360329419671,0.0158432093253011
0.037974685053282144,0.6025012535384938,-0.2109935656404059,-0.007780065351491648,0.015928995641672092
0.04177215355861036,0.6025012535384938,-0.14929753421283135,-0.007594348688288251,0.016022398500150793
0.045569622063938574,0.6025012535384938,-0.08531691307063416,-0.007176486196080606,0.016120210935639215
0.04936709056926679,0.6025012535384938,-0.019863014108936494,-0.006522661779049466,0.016223234689411857
0.053164559074595004,0.6025012535384938,0.04616808684779834,-0.005632557429209895,0.016325857572547252
0.05696202757992322,0.6025012535384938,0.11199333254756187,-0.0045099892423811384,0.01643329090332962
0.060759496085251434,0.6025012535384938,0.17668031976760176,-0.0031641794501263807,0.0165383190102885
0.06455696459057965,0.6025012535384938,0.23938140921450676,-0.0016084843878129882,0.016639338410874904
0.06835443309590786,0.6025012535384938,0.29941041669837254,0.00014373960919167076,0.01673795258763782
0.07215190160123608,0.6025012535384938,0.3558470481292098,0.0020708679979118583,0.016826945869106796
0.07594937010656429,0.6025012535384938,0.4080777741136923,0.004153820299251335,0.01690792173783082
0.07974683861189251,0.6025012535384938,0.4554164104619156,0.006367155874415115,0.01697366452233943
0.08354430711722072,0.6025012535384938,0.49723328227020297,0.008681617988788963,0.017022570740083644
0.08734177562254894,0.6025012535384938,0.5330843880039103,0.011068585923728523,0.01705223516723997
0.09113924412787715,0.6025012535384938,0.562461144086991,0.01349625888074006,0.017058649097435933
0.09493671263320537,0.6025012535384938,0.5850890768434832,0.015932200045359966,0.017039407306848046
0.09873418113853358,0.6025012535384938,0.6006775670870744,0.018343972603124637,0.016986492382731356
0.1025316496438618,0.6025012535384938,0.6090490142039073,0.020697867707630713,0.016896697359987885
0.10632911814919001,0.6025012535384938,0.6101953454388063,0.022958268464565217,0.016769220497343137
0.11012658665451823,0.6025012535384938,0.6041165607917715,0.02509401009140429,0.01659764786460115
0.11392405515984644,0.6025012535384938,0.590957969855959,0.027073927805624075,0.01637716901411495
0.11772152366517466,0.6025012535384938,0.5709375370211033,0.028868764872610336,0.01610377523951206
0.12151899217050287,0.6025012535384938,0.5443862452493934,0.030449264557748837,0.015774259575694505
0.12531646067583108,0.6025012535384938,0.511691586789246,0.03178935020627473,0.01538300983374081
0.1291139291811593,0.6025012535384938,0.47333792695118165,0.032868669307152,0.014922810342180523
0.13291139768648752,0.6025012535384938,0.4298580675767732,0.03366686934934469,0.01439766980738612
0.13670886619181571,0.6025012535384938,0.3819059018352236,0.034168049933605914,0.01379716559278916
0.14050633469714394,0.6025012535384938,0.3300949591198591,0.03436203480441768,0.013122901180938635
0.14430380320247216,0.6025012535384938,0.27524462408097716,0.03423832969827706,0.012366057417815097
0.14810127170780038,0.6025012535384938,0.217968426111904,0.03379439055130456,0.011530242139153775
0.15189874021312857,0.6025012535384938,0.15915033190434,0.03303180740342485,0.010609041414758704
0.1556962087184568,0.6025012535384938,0.09944827100507567,0.03195471435844213,0.009602455244629889
0.15949367722378502,0.6025012535384938,0.03989959245414291,0.030571061615979833,0.008510884499404575
0.16329114572911324,0.6025012535384938,-0.019047665836226645,0.0288953185393526,0.007331523084622028
0.16708861423444143,0.6025012535384938,-0.07635615482600115,0.02694513457172446,0.006066174918149862
0.17088608273976966,0.6025012535384938,-0.13146481803049415,0.024740226208161516,0.004715040435306702
0.17468355124509788,0.6025012535384938,-0.18365013476711528,0.022305954585462532,0.003279121812685668
0.1784810197504261,0.6025012535384938,-0.23210937044311625,0.019669708141330226,0.0017629288449557943
0.1822784882557543,0.6025012535384938,-0.27655947408016146,0.01686237340130164,0.00016721316456192045
0.18607595676108252,0.6025012535384938,-0.316242111238967,0.013917023195810257,-0.0015033651073379495
0.18987342526641074,0.6025012535384938,-0.3508389126373051,0.010868797407191648,-0.0032445467202230596
0.19367089377173893,0.6025012535384938,-0.37998609974508685,0.007754227202715491,-0.005050168288045727
0.19746836227706716,0.6025012535384938,-0.40326742112358355,0.004610956777598739,-0.006915319145499668
0.20126583078239538,0.6025012535384938,-0.42070053592474116,0.0014775446000150447,-0.008833184491751675
0.2050632992877236,0.6025012535384938,-0.43203771147411635,-0.0016075303638581763,-0.010796248002353351
0.2088607677930518,0.6025012535384938,-0.43731729335879205,-0.004606504665809617,-0.012796191611581811
0.21265823629838002,0.6025012535384938,-0.4366210182249185,-0.007482409877590313,-0.014825198342010725
0.21645570480370824,0.6025012535384938,-0.43004777732339383,-0.010200583128842096,-0.016873446863027525
0.22025317330903646,0.6025012535384938,-0.4179487355043454,-0.012726679557191733,-0.018932318455931386
0.22405064181436465,0.6025012535384938,-0.4005822209333844,-0.015029375376122901,-0.020991590919472496
0.22784811031969288,0.6025012535384938,-0.3783458168028965,-0.017082752934863207,-0.02304164335835691
0.2316455788250211,0.6025012535384938,-0.35175416125530984,-0.018860099562677916,-0.02507004878282995
0.23544304733034932,0.6025012535384938,-0.32128758322355766,-0.020339790716591286,-0.027067587168234923
0.23924051583567751,0.6025012535384938,-0.2875878667440797,-0.021506244005341395,-0.02902423674864064
0.24303798434100574,0.6025012535384938,-0.2511716681480982,-0.02234578508557593,-0.030927971404929665
0.24683545284633396,0.6025012535384938,-0.21285029933073527,-0.022848555709761843,-0.032768368500533565
0.25063292135166215,0.6025012535384938,-0.17312830749044994,-0.023011057790064814,-0.03453460452824665
0.2544303898569904,0.6025012535384938,-0.13286140467582883,-0.022834245350439663,-0.03621745946341223
0.2582278583623186,0.6025012535384938,-0.09267926579054885,-0.022321934486705632,-0.03780651066946186
0.2620253268676468,0.6025012535384938,-0.053171201962410174,-0.021482393406471095,-0.03929253812173885
0.26582279537297504,0.6025012535384938,-0.015213107127937745,-0.020330727489020574,-0.04066672266622375
0.26962026387830323,0.6025012535384938,0.02073487166787376,-0.018884904185503027,-0.04191884210166674
0.27341773238363143,0.6025012535384938,0.053962331969593984,-0.017166071026916786,-0.04304348467446499
0.2772152008889597,0.6025012535384938,0.08402527224257895,-0.015199827656049308,-0.04403303384251078
0.2810126693942879,0.6025012535384938,0.1103081449047086,-0.01301479479154495,-0.04487987306369642
0.2848101378996161,0.6025012535384938,0.13242345770756636,-0.01064325024387485,-0.04558199798483565
0.2886076064049443,0.6025012535384938,0.15002206398981857,-0.0081187438554499,-0.04613199249913941
0.2924050749102725,0.6025012535384938,0.16282343550912198,-0.005477846544537886,-0.04652725094746558
0.29620254341560076,0.6025012535384938,0.17056520772227787,-0.002758719269331292,-0.046765568541309296
0.30000001192092896,0.6025012535384938,,,
0.0,0.6145512786092637,,,
0.0037974685053282146,0.6145512786092637,-0.5506224486223474,-0.0012100203826865205,0.016815721491263865
0.007594937010656429,0.6145512786092637,-0.5391550998957698,-0.002390307018781401,0.016823538468690193
0.011392405515984643,0.6145512786092637,-0.5202022889328535,-0.0035112851656854704,0.01683596545844487
0.015189874021312859,0.6145512786092637,-0.49405261673111706,-0.004546083148671525,0.016853403331165143
0.018987342526641072,0.6145512786092637,-0.4609866115329037,-0.005466557261072611,0.01687585208685101
0.022784811031969287,0.6145512786092637,-0.42152294785822947,-0.006246948856108806,0.016903111290183848
0.026582279537297502,0.6145512786092637,-0.3760935181089752,-0.006866428410766715,0.01693518094116366
0.030379748042625717,0.6145512786092637,-0.3253885428526329,-0.007304325406025411,0.016970457557241452
0.03417721654795393,0.6145512786092637,-0.27002558786011654,-0.0075421953787585296,0.017009342009054473
0.037974685053282144,0.6145512786092637,-0.21073120109720717,-0.007567954025538452,0.017053437779151713
0.04177215355861036,0.6145512786092637,-0.1483207308366146,-0.007370789074877312,0.017097533549248953
0.045569622063938574,0.6145512786092637,-0.08359337984069799,-0.00694306833513661,0.01714403454316968
0.04936709056926679,0.6145512786092637,-0.017412932913219274,-0.006282883758406724,0.01719093640772765
0.053164559074595004,0.6145512786092637,0.04938911616276102,-0.005390235344687654,0.01724064436674636
0.05696202757992322,0.6145512786092637,0.11590861880760422,-0.00427211926964802,0.01728634361939259
0.060759496085251434,0.6145512786092637,0.18127371746237309,-0.0029377577648510055,0.017328034165666344
0.06455696459057965,0.6145512786092637,0.24462870007848103,-0.0013973270858146046,0.017365716005567623
0.06835443309590786,0.6145512786092637,0.30522280042462097,0.00033327236821431626,0.01739457869144945
0.07215190160123608,0.6145512786092637,0.3621760881866803,0.0022324160542600193,0.01741702744713532
0.07594937010656429,0.6145512786092637,0.4148508157058068,0.004275299349497393,0.01742825182497825
0.07974683861189251,0.6145512786092637,0.46252850777139465,0.0064377536470712005,0.017423441377331282
0.08354430711722072,0.6145512786092637,0.5046279260108191,0.008694338308186457,0.017402596104194402
0.08734177562254894,0.6145512786092637,0.5406243413376827,0.011012616518379554,0.01736090555792065
0.09113924412787715,0.6145512786092637,0.5700818249725167,0.01335951544721701,0.017295964514686533
0.09493671263320537,0.6145512786092637,0.5926290301772554,0.01570259828023522,0.01720135904429609
0.09873418113853358,0.6145512786092637,0.6080883563380413,0.018007520155060946,0.017078692629298314
0.1025316496438618,0.6145512786092637,0.616201475289263,0.02024184425723059,0.01691994785694825
0.10632911814919001,0.6145512786092637,0.6169764597860962,0.022371225724370915,0.016721116020873422
0.11012658665451823,0.6145512786092637,0.6104213825837159,0.024362591726048443,0.01647899015597585
0.11392405515984644,0.6145512786092637,0.5967057715408047,0.02618414146376944,0.016191165038432046
0.11772152366517466,0.6145512786092637,0.576031445536746,0.02780534617097992,0.01585122673804605
0.12151899217050287,0.6145512786092637,0.548729387533729,0.029199493176945153,0.015453563065896394
0.12531646067583108,0.6145512786092637,0.5151951625353457,0.030340505826900274,0.014996570539434088
0.1291139291811593,0.6145512786092637,0.47601000891422085,0.031208031609809294,0.014478645676110142
0.13291139768648752,0.6145512786092637,0.4315452734084203,0.03178362606254585,0.01388856409808162
0.13670886619181571,0.6145512786092637,0.38264859531135537,0.03205138878586308,0.013230334511721002
0.14050633469714394,0.6145512786092637,0.3297962671783713,0.03199987149230323,0.012495137763008837
0.14430380320247216,0.6145512786092637,0.2739449104977466,0.0316230320301525,0.01168377559321962
0.14810127170780038,0.6145512786092637,0.21562329073346628,0.030919916375456078,0.010791036684069132
0.15189874021312857,0.6145512786092637,0.15579610212898412,0.029891160544183833,0.009817321906194623
0.1556962087184568,0.6145512786092637,0.0951091650983277,0.028544078719989326,0.008759825165135357
0.15949367722378502,0.6145512786092637,0.03458771954876587,0.02688884715839055,0.00761614123706785
0.16329114572911324,0.6145512786092637,-0.025245523622097806,0.0249407302426645,0.0063890762164528336
0.16708861423444143,0.6145512786092637,-0.08339963371648972,0.022719444467877287,0.005075824008829576
0.17088608273976966,0.6145512786092637,-0.13927319047384665,0.0202478864089444,0.003678789838021562
0.17468355124509788,0.6145512786092637,-0.192121482229243,0.01755292774059304,0.00219997805721503
0.1784810197504261,0.6145512786092637,-0.2411730563162349,0.014664381711411087,0.0006393886664099805
0.1822784882557543,0.6145512786092637,-0.2860893615646563,0.01161544040482637,-0.0009976667984500558
0.18607595676108252,0.6145512786092637,-0.32613678634794774,0.008441641213155635,-0.0027084323517340015
0.18987342526641074,0.6145512786092637,-0.3609692112879662,0.005180310323630902,-0.004487997328135572
0.19367089377173893,0.6145512786092637,-0.390246067025752,0.0018704832164032265,-0.006332353021282293
0.19746836227706716,0.6145512786092637,-0.4135208292906687,-0.0014482083634045767,-0.008234083324385081
0.20126583078239538,0.6145512786092637,-0.4308257891034177,-0.004734820887731827,-0.01018732550437419
0.2050632992877236,0.6145512786092637,-0.44190463648718187,-0.007948768587500899,-0.012184262583823293
0.2088607677930518,0.6145512786092637,-0.4468148898225855,-0.011050936480564502,-0.014217879326580555
0.21265823629838002,0.6145512786092637,-0.44561810386784056,-0.014002368588767812,-0.01627895570798928
0.21645570480370824,0.6145512786092637,-0.43845151546092803,-0.016766016981865632,-0.018359474315304512
0.22025317330903646,0.6145512786092637,-0.42563198024248006,-0.01930753679748473,-0.0204480103353647
0.22405064181436465,0.6145512786092637,-0.4074682810979537,-0.021594332217169034,-0.022536947226062136
0.22784811031969288,0.6145512786092637,-0.3843358011430025,-0.023597146506304303,-0.02461425886827939
0.2316455788250211,0.6145512786092637,-0.35677945135196215,-0.025290539026095557,-0.026670324366722516
0.23544304733034932,0.6145512786092637,-0.32529166979052876,-0.026653839257521867,-0.028694320214185835
0.23924051583567751,0.6145512786092637,-0.2905142404951423,-0.027669238753426747,-0.030675422903463655
0.24303798434100574,0.6145512786092637,-0.2529880380625508,-0.028322745162472948,-0.03260280892735029
0.24683545284633396,0.6145512786092637,-0.21353244714305192,-0.028606090277052104,-0.03446565477864006
0.25063292135166215,0.6145512786092637,-0.17268430595580597,-0.028516412025299778,-0.03625393869140177
0.2544303898569904,0.6145512786092637,-0.1312912537942242,-0.02805530044714066,-0.03795643628779248
0.2582278583623186,0.6145512786092637,-0.09000718382750963,-0.027228161678318676,-0.03956352667251826
0.2620253268676468,0.6145512786092637,-0.04943351631622541,-0.026045489982336766,-0.0410659898209224
0.26582279537297504,0.6145512786092637,-0.010464308896041021,-0.024521913726502042,-0.04245540744962271
0.26962026387830323,0.6145512786092637,0.026418091311316675,-0.022678262433827905,-0.043722960404599734
0.27341773238363143,0.6145512786092637,0.06050933641679882,-0.020538863715162052,-0.04486043083778991
0.2772152008889597,0.6145512786092637,0.09135533394179225,-0.01813074824922416,-0.04586040264240413
0.2810126693942879,0.6145512786092637,0.11829209977312485,-0.015486352850477838,-0.04671866667675132
0.2848101378996161,0.6145512786092637,0.1409846145710198,-0.012639386365326438,-0.0474270050927679
0.2886076064049443,0.6145512786092637,0.15902722238791597,-0.009626737720022692,-0.04798281223131175
0.2924050749102725,0.6145512786092637,0.17214746773664552,-0.0064887939286536415,-0.048382680691966266
0.29620254341560076,0.6145512786092637,0.18008904064039122,-0.0032659420053063244,-0.04862360394495209
0.30000001192092896,0.6145512786092637,,,
0.0,0.6266013036800336,,,
0.0037974685053282146,0.6266013036800336,-0.5544166435547596,-0.001200798151123338,0.017938560146194493
0.007594937010656429,0.6266013036800336,-0.5428039852350258,-0.0023726575756173795,0.017939562322787612
0.011392405515984643,0.6266013036800336,-0.5236190825608182,-0.003485526518905547,0.017940564499380734
0.015189874021312859,0.6266013036800336,-0.49715255471844955,-0.004510943266335951,0.017942167981929723
0.018987342526641072,0.6266013036800336,-0.4636788753838813,-0.005422672159151261,0.017944974076390455
0.022784811031969287,0.6266013036800336,-0.42373488277627397,-0.0061957495705338966,0.01794778017085119
0.026582279537297502,0.6266013036800336,-0.37777265118544695,-0.006808550957508121,0.017950185394674675
0.030379748042625717,0.6266013036800336,-0.3264541465357785,-0.007240087793068071,0.017953392359772658
0.03417721654795393,0.6266013036800336,-0.27042518924129616,-0.0074725516300572555,0.017957000195507885
0.037974685053282144,0.6266013036800336,-0.21046883655400847,-0.007495130196987805,0.017958202807419627
0.04177215355861036,0.6266013036800336,-0.1473197091948718,-0.007296693214386914,0.017960608031243115
0.045569622063938574,0.6266013036800336,-0.08186581023317414,-0.006870244506585963,0.017961008901880363
0.04936709056926679,0.6266013036800336,-0.014934597074388342,-0.006213558017690387,0.017959004548694125
0.053164559074595004,0.6266013036800336,0.052569781701846965,-0.005328541795609812,0.017951788877223665
0.05696202757992322,0.6266013036800336,0.11978354129176985,-0.004222510023997797,0.01794136624065523
0.060759496085251434,0.6266013036800336,0.1858267513812677,-0.0029027768865078998,0.017926934897714315
0.06455696459057965,0.6266013036800336,0.24978719063552654,-0.0013839707504472371,0.017906089624577435
0.06835443309590786,0.6266013036800336,0.31097060210946664,0.00031737196896745005,0.017877226938695607
0.07215190160123608,0.6266013036800336,0.368392109671696,0.002182170792639922,0.017834734651147356
0.07594937010656429,0.6266013036800336,0.42146240219441433,0.004183077033865569,0.01778021624448168
0.07974683861189251,0.6266013036800336,0.4694791499773667,0.006294650053849405,0.01771206823614958
0.08354430711722072,0.6266013036800336,0.5118126781168761,0.00849081319782657,0.01762548017850409
0.08734177562254894,0.6266013036800336,0.5479301847713699,0.010737857619393705,0.017518046847721725
0.09113924412787715,0.6266013036800336,0.5774038139165547,0.013002710488117332,0.017385759537430004
0.09493671263320537,0.6266013036800336,0.5998864370798906,0.015254843037443466,0.017227816506354434
0.09873418113853358,0.6266013036800336,0.6151358716061175,0.017456094309179625,0.01703860556557355
0.1025316496438618,0.6266013036800336,0.6229502986158515,0.019572119440952586,0.016814118008714872
0.10632911814919001,0.6266013036800336,0.6233216453539173,0.021572389666208357,0.016551948611954918
0.11012658665451823,0.6266013036800336,0.6162660573306658,0.023422560122573714,0.01624808866892121
0.11392405515984644,0.6266013036800336,0.601928844139253,0.025088921963645292,0.01589692599069228
0.11772152366517466,0.6266013036800336,0.5805441156797639,0.026540946422869117,0.015495253612170148
0.12151899217050287,0.6266013036800336,0.5524751459350892,0.0277531928614502,0.015040666309531329
0.12531646067583108,0.6266013036800336,0.5180852088881193,0.028702128688503175,0.014526750152579858
0.1291139291811593,0.6266013036800336,0.477955542911479,0.02936294928120294,0.013950298176217757
0.13291139768648752,0.6266013036800336,0.4325462950501631,0.02971911822433274,0.013308905156621538
0.13670886619181571,0.6266013036800336,0.38261630429065396,0.029758551214464968,0.01259615716359524
0.14050633469714394,0.6266013036800336,0.3287306634952258,0.029469163948172002,0.011812054197138863
0.14430380320247216,0.6266013036800336,0.27182581226421854,0.02884650431366472,0.01095258755087993
0.14810127170780038,0.6266013036800336,0.21246280708231868,0.027889618286988313,0.01001615374226945
0.15189874021312857,0.6266013036800336,0.1515982694378047,0.026601367940007208,0.008999144935572197
0.1556962087184568,0.6266013036800336,0.08990223801023015,0.02498970347234485,0.007900358518876424
0.15949367722378502,0.6266013036800336,0.028436280105152936,0.02306893524332341,0.006719794492182134
0.16329114572911324,0.6266013036800336,-0.03231120258931856,0.020854645644204816,0.005455849372940335
0.16708861423444143,0.6266013036800336,-0.09128671552280182,0.018368141209979875,0.004109324902425523
0.17088608273976966,0.6266013036800336,-0.14790498394508433,0.01563597560739085,0.002681022821912194
0.17468355124509788,0.6266013036800336,-0.20141625071925592,0.012685656527134818,0.0011715444373562181
0.1784810197504261,0.6266013036800336,-0.2510066812142021,0.009550356177140559,-0.0004151015448699278
0.1822784882557543,0.6266013036800336,-0.2963614379780844,0.006265433070233288,-0.0020773868054617373
0.18607595676108252,0.6266013036800336,-0.33672420476041276,0.002868372397637493,-0.003811327692461562
0.18987342526641074,0.6266013036800336,-0.37175188946623494,-0.0006013133485183638,-0.005612539683274505
0.19367089377173893,0.6266013036800336,-0.4010837408486527,-0.004101786242715965,-0.007475535861053241
0.19746836227706716,0.6266013036800336,-0.4242929119777697,-0.007590930102450174,-0.009394904472194925
0.20126583078239538,0.6266013036800336,-0.44139100743915055,-0.011026529367720563,-0.011363880824696006
0.2050632992877236,0.6266013036800336,-0.4521408900495194,-0.014365851715551175,-0.013375850553041893
0.2088607677930518,0.6266013036800336,-0.45658897815113453,-0.017566920091930283,-0.015422495591509702
0.21265823629838002,0.6266013036800336,-0.45481095382376474,-0.020589585988759554,-0.017494996786079985
0.21645570480370824,0.6266013036800336,-0.44693598115021566,-0.023395688447846508,-0.01958453498273329
0.22025317330903646,0.6266013036800336,-0.4333192613582024,-0.025948815554915818,-0.02168309276872467
0.22405064181436465,0.6266013036800336,-0.4142372863124805,-0.02821557647154907,-0.023778844460255313
0.22784811031969288,0.6266013036800336,-0.39011185747096183,-0.030165283427199808,-0.025863371773943024
0.2316455788250211,0.6266013036800336,-0.36148183124160066,-0.03177249578307305,-0.02792504946130762
0.23544304733034932,0.6266013036800336,-0.32886386395561895,-0.03301558899619305,-0.029954256627055156
0.23924051583567751,0.6266013036800336,-0.29289973964945676,-0.033876118603433446,-0.03193936802270545
0.24303798434100574,0.6266013036800336,-0.2541545511853882,-0.034341046277411816,-0.03386996101169007
0.24683545284633396,0.6266013036800336,-0.21346382872406147,-0.034403057834474594,-0.03573561295744057
0.25063292135166215,0.6266013036800336,-0.17137651961740005,-0.03405897319477241,-0.037526302094025764
0.2544303898569904,0.6266013036800336,-0.12876044504675355,-0.03331038239822995,-0.039231605784877215
0.2582278583623186,0.6266013036800336,-0.08628160731408789,-0.032165235644470644,-0.04084110139342648
0.2620253268676468,0.6266013036800336,-0.044557572190317,-0.030635299228937173,-0.04234556889501685
0.26582279537297504,0.6266013036800336,-0.0044884518774918475,-0.02873758657882369,-0.04373498652371716
0.26962026387830323,0.6266013036800336,0.033411115481959325,-0.0264943582530758,-0.04500273991401282
0.27341773238363143,0.6266013036800336,0.06844081837657533,-0.02393137289847343,-0.04614041078252161
0.2772152008889597,0.6266013036800336,0.1001122551182478,-0.021079318285563035,-0.047141785634366204
0.2810126693942879,0.6266013036800336,0.12778565985933063,-0.0179717442567555,-0.04799904749212028
0.2848101378996161,0.6266013036800336,0.1510816131065826,-0.014646175754273426,-0.048708187649411344
0.2886076064049443,0.6266013036800336,0.169602531667618,-0.011143317800188794,-0.04926459609391106
0.2924050749102725,0.6266013036800336,0.18307192367768121,-0.007505147448513331,-0.04966426411924696
0.29620254341560076,0.6266013036800336,0.19122338821598586,-0.0037758678091533247,-0.04990498693691416
0.30000001192092896,0.6266013036800336,,,
0.0,0.6386513287508034,,,
0.0037974685053282146,0.6386513287508034,-0.5581987293544088,-0.0012058862788823352,0.018813660747306084
0.007594937010656429,0.6386513287508034,-0.5464528705742817,-0.002381879807180562,0.018808048558384617
0.011392405515984643,0.6386513287508034,-0.5270298216224015,-0.0034993598662503207,0.018800031145639665
0.015189874021312859,0.6386513287508034,-0.500240383573019,-0.004529705737447253,0.018788005026522236
0.018987342526641072,0.6386513287508034,-0.46637113923485884,-0.005446204750036623,0.018771970201032332
0.022784811031969287,0.6386513287508034,-0.4259508540719062,-0.006224688297163193,0.018752728410444446
0.026582279537297502,0.6386513287508034,-0.3794437115067434,-0.006842259803911478,0.018730279654758576
0.030379748042625717,0.6386513287508034,-0.3275157138413363,-0.007279202775215362,0.018704623933974728
0.03417721654795393,0.6386513287508034,-0.2708490088880018,-0.007519298803843042,0.018674157765543906
0.037974685053282144,0.6386513287508034,-0.21019436287804674,-0.007548873546442213,0.018640885502652353
0.04177215355861036,0.6386513287508034,-0.1463388694410674,-0.007358386763464756,0.018602802792113828
0.045569622063938574,0.6386513287508034,-0.08016245889117635,-0.0069421143111817974,0.01856031050456558
0.04936709056926679,0.6386513287508034,-0.012508734144197155,-0.006299102165638527,0.018513809510644852
0.053164559074595004,0.6386513287508034,0.05571815622023153,-0.005430304350789756,0.01846169632780266
0.05696202757992322,0.6386513287508034,0.12361810000005875,-0.004341445010364356,0.018403169214764505
0.060759496085251434,0.6386513287508034,0.19031520325875956,-0.0030446084477899465,0.0183366246889814
0.06455696459057965,0.6386513287508034,0.25486495364081857,-0.001552514982464019,0.018259657526629853
0.06835443309590786,0.6386513287508034,0.3165811669563315,0.00011575490651718619,0.018173871210258857
0.07215190160123608,0.6386513287508034,0.3744870398290815,0.001939212692147806,0.01807686051604493
0.07594937010656429,0.6386513287508034,0.4279367518450411,0.0038949617995123528,0.01796461673761559
0.07974683861189251,0.6386513287508034,0.47624411881430584,0.005955017525936342,0.017836338133696346
0.08354430711722072,0.6386513287508034,0.5187875385883742,0.008088215088895916,0.017691222963012704
0.08734177562254894,0.6386513287508034,0.5549857727946215,0.010263389705867217,0.017522857295368694
0.09113924412787715,0.6386513287508034,0.5844674746949816,0.012447468546416762,0.017332844613313317
0.09493671263320537,0.6386513287508034,0.6068290065306874,0.014606742764141197,0.01711316750410161
0.09873418113853358,0.6386513287508034,0.6218281856464785,0.01670686749666729,0.016863024226459085
0.1025316496438618,0.6386513287508034,0.6293197024491987,0.018710317801772434,0.01658241478038574
0.10632911814919001,0.6386513287508034,0.6292470476526206,0.02058338483305328,0.01626332175313662
0.11012658665451823,0.6386513287508034,0.6216344395222703,0.022294267792016084,0.015901736438339253
0.11392405515984644,0.6386513287508034,0.6066433331616544,0.02380798580031775,0.015496055353444643
0.11772152366517466,0.6386513287508034,0.584523983981209,0.025097190171253662,0.015039864568256834
0.12151899217050287,0.6386513287508034,0.5556235204534737,0.026135168234089092,0.014532362341501326
0.12531646067583108,0.6386513287508034,0.5203455803372159,0.026894571302119422,0.013968738225531149
0.1291139291811593,0.6386513287508034,0.47924718373953423,0.027356318896248417,0.01334418177269933
0.13291139768648752,0.6386513287508034,0.4328288414813002,0.02750260256931959,0.01265708950045688
0.13670886619181571,0.6386513287508034,0.38186553805934687,0.027320065985965564,0.01190425444370582
0.14050633469714394,0.6386513287508034,0.3269062208255978,0.026800440938577974,0.011080064413524679
0.14430380320247216,0.6386513287508034,0.2689317295338573,0.0259392753153677,0.010183717668638962
0.14810127170780038,0.6386513287508034,0.20849101153604893,0.024736251108349802,0.009211205502676196
0.15189874021312857,0.6386513287508034,0.14657701571874007,0.023196138437298338,0.008162127044999131
0.1556962087184568,0.6386513287508034,0.08387188989424739,0.02132974957370118,0.007034477942421529
0.15949367722378502,0.6386513287508034,0.021445274123304124,0.01915075886091063,0.005827857324306142
0.16329114572911324,0.6386513287508034,-0.04020837533959986,0.01667824677802293,0.004539859966829486
0.16708861423444143,0.6386513287508034,-0.09999721835699914,0.013936063923908379,0.0031736928350895397
0.17088608273976966,0.6386513287508034,-0.1573541438778257,0.010950445957324306,0.0017277524465373142
0.17468355124509788,0.6386513287508034,-0.21148802189489577,0.007753273178760679,0.00020504533095216617
0.1784810197504261,0.6386513287508034,-0.26160192010824324,0.004379387338067191,-0.001393726988050721
0.1822784882557543,0.6386513287508034,-0.307355016885309,0.0008658562409881008,-0.0030643804231950747
0.18607595676108252,0.6386513287508034,-0.3479889777868091,-0.002747370359368841,-0.004804033716775678
0.18987342526641074,0.6386513287508034,-0.3831566743402036,-0.006417798646016383,-0.006608252237367979
0.19367089377173893,0.6386513287508034,-0.41248903026981987,-0.01010192115151529,-0.008471899829932242
0.19746836227706716,0.6386513287508034,-0.43556449639134526,-0.013755514890460214,-0.010389464523206313
0.20126583078239538,0.6386513287508034,-0.45238912727116126,-0.017334058744959926,-0.012354432169334914
0.2050632992877236,0.6386513287508034,-0.46272629027319057,-0.020792793091134507,-0.014359587096847594
0.2088607677930518,0.6386513287508034,-0.4666234128340884,-0.024087991831055065,-0.016397412981295954
0.21265823629838002,0.6386513287508034,-0.464175349827165,-0.027177280400728705,-0.01846069415120954
0.21645570480370824,0.6386513287508034,-0.45551126533522596,-0.03002106680603073,-0.020539609275975784
0.22025317330903646,0.6386513287508034,-0.440978287830811,-0.032581985108731004,-0.02262433702498212
0.22405064181436465,0.6386513287508034,-0.42089327295455253,-0.034825054430486425,-0.02470685998548359
0.22784811031969288,0.6386513287508034,-0.3956578402764239,-0.036718791980788194,-0.026775753344318646
0.2316455788250211,0.6386513287508034,-0.36585726454663764,-0.038237280108863916,-0.028821797076830583
0.23544304733034932,0.6386513287508034,-0.3319920565860652,-0.03935825825576799,-0.03083416767581372
0.23924051583567751,0.6386513287508034,-0.29473629145184777,-0.040062327934419224,-0.032802843375336864
0.24303798434100574,0.6386513287508034,-0.2546671711390226,-0.04033772284937495,-0.034716599797557084
0.24683545284633396,0.6386513287508034,-0.2126404076961763,-0.040177764832951476,-0.03656581604718043
0.25063292135166215,0.6386513287508034,-0.1692089848528199,-0.039578319781344615,-0.03833966861700122
0.2544303898569904,0.6386513287508034,-0.12526494205582914,-0.03854288578238869,-0.04002733399981377
0.2582278583623186,0.6386513287508034,-0.08149849987269595,-0.037080526063654404,-0.04162079478287313
0.2620253268676468,0.6386513287508034,-0.03852318769674658,-0.035203960944539245,-0.04310942789429223
0.26582279537297504,0.6386513287508034,0.0027124457389159366,-0.03293306592410181,-0.04448601766260061
0.26962026387830323,0.6386513287508034,0.04171394417980171,-0.030291214589234988,-0.04574094319250434
0.27341773238363143,0.6386513287508034,0.07774466871616051,-0.027306709650598195,-0.04686678837721432
0.2772152008889597,0.6386513287508034,0.11032025403747162,-0.02401230593063998,-0.04785673841589736
0.2810126693942879,0.6386513287508034,0.1387706614641814,-0.020444256339643196,-0.04870538155495061
0.2848101378996161,0.6386513287508034,0.16271647150304866,-0.016643106895687355,-0.0494071056054526
0.2886076064049443,0.6386513287508034,0.18175606458409996,-0.0126522656887164,-0.049957100119756355
0.2924050749102725,0.6386513287508034,0.19559680333222904,-0.008516253836621555,-0.05035316030935702
0.29620254341560076,0.6386513287508034,0.20397430501544336,-0.0042826135331509516,-0.05059127746788212
0.30000001192092896,0.6386513287508034,,,
0.0,0.6507013538215733,,,
0.0037974685053282146,0.6507013538215733,-0.5620211789299346,-0.001222422694099076,0.01942819543420671
0.007594937010656429,0.6507013538215733,-0.5501259741790637,-0.0024149526376140438,0.019418173668275522
0.011392405515984643,0.6507013538215733,-0.5304809244598616,-0.0035489691119005434,0.019400134489599378
0.015189874021312859,0.6507013538215733,-0.5033685762034652,-0.0045958513983142164,0.01937568138072727
0.018987342526641072,0.6507013538215733,-0.46909569410653784,-0.005528886826120327,0.019344814341659203
0.022784811031969287,0.6507013538215733,-0.4281991163882398,-0.006323588780478701,0.019306731631120677
0.026582279537297502,0.6507013538215733,-0.38114706284874117,-0.006957060686473852,0.019261834119748942
0.030379748042625717,0.6507013538215733,-0.3286257176779463,-0.007410540072994477,0.019210121807543997
0.03417721654795393,0.6507013538215733,-0.2713010831778211,-0.0076668545088539606,0.019152396435780338
0.037974685053282144,0.6507013538215733,-0.20996832573313706,-0.007713601682639747,0.01908785626318347
0.04177215355861036,0.6507013538215733,-0.14540242984072738,-0.007541559362788655,0.019016100419116142
0.045569622063938574,0.6507013538215733,-0.07849947132505526,-0.007143413365647124,0.018937529774215606
0.04936709056926679,0.6507013538215733,-0.010139380500233382,-0.006520117715169968,0.018851342587207363
0.053164559074595004,0.6507013538215733,0.05880194869721334,-0.0056751704991914965,0.018757538858091415
0.05696202757992322,0.6507013538215733,0.1273719311565942,-0.004612387813530957,0.01865331249240703
0.060759496085251434,0.6507013538215733,0.1946987093189719,-0.0033441719696009065,0.018541068713977694
0.06455696459057965,0.6507013538215733,0.2598539163391818,-0.0018851513347084607,0.018419204040254412
0.06835443309590786,0.6507013538215733,0.32207871323074144,-0.0002544063879498597,0.018284511506139203
0.07215190160123608,0.6507013538215733,0.3804285876381355,0.0015258023117292838,0.018135387629083084
0.07594937010656429,0.6507013538215733,0.4342496463921609,0.0034332142053833574,0.017972634150360545
0.07974683861189251,0.6507013538215733,0.48283955979256277,0.0054379365424282525,0.0177938458461481
0.08354430711722072,0.6507013538215733,0.5255282891597874,0.007506896492430486,0.017594212268798773
0.08734177562254894,0.6507013538215733,0.5618233964281387,0.009610201304805952,0.01737453515958707
0.09113924412787715,0.6507013538215733,0.5912324435319207,0.011714778149121167,0.017129202329591517
0.09493671263320537,0.6507013538215733,0.613464811284821,0.013782466067183651,0.0168606190026356
0.09873418113853358,0.6507013538215733,0.6282137349901764,0.015781464260499676,0.016559966024699873
0.1025316496438618,0.6507013538215733,0.6353016140341294,0.01767424778684663,0.016224838171960847
0.10632911814919001,0.6507013538215733,0.6347445939270305,0.019423291704001918,0.015853631961869535
0.11012658665451823,0.6507013538215733,0.6265588201792307,0.020999339277351297,0.015443140429327956
0.11392405515984644,0.6507013538215733,0.6108492386080092,0.022368045644521543,0.014988553126689137
0.11772152366517466,0.6507013538215733,0.587987195951432,0.023499518054928545,0.014489870053953077
0.12151899217050287,0.6507013538215733,0.5582068021095842,0.024367043837837568,0.013938272057100328
0.12531646067583108,0.6507013538215733,0.5219924223929863,0.0249458183704235,0.0133321556535819
0.1291139291811593,0.6507013538215733,0.4799091496639125,0.02521548914165035,0.012669917360848805
0.13291139768648752,0.6507013538215733,0.43244942198805897,0.02515951973630138,0.011945143248705077
0.13670886619181571,0.6507013538215733,0.38039629661743407,0.024765189834979096,0.01115622983460173
0.14050633469714394,0.6507013538215733,0.32435523019018875,0.024023595214105256,0.010301573635989767
0.14430380320247216,0.6507013538215733,0.26527073506183835,0.02293314583375517,0.009376364205222223
0.14810127170780038,0.6507013538215733,0.2037482678705337,0.021493841693928838,0.00838100241293634
0.15189874021312857,0.6507013538215733,0.14076463199249165,0.019712678970294883,0.007310677811485151
0.1556962087184568,0.6507013538215733,0.07704637539349316,0.017601423958295982,0.006166593012780395
0.15949367722378502,0.6507013538215733,0.013634883491157788,0.015175023033224197,0.004945140181086846
0.16329114572911324,0.6507013538215733,-0.04889264171947729,0.012455577750032665,0.0036495262815024842
0.16708861423444143,0.6507013538215733,-0.10951096033114327,0.009467256715576624,0.002276343913610705
0.17088608273976966,0.6507013538215733,-0.16757627011860637,0.006239475668462779,0.0008283991718722412
0.17468355124509788,0.6507013538215733,-0.2223256957177965,0.002806102459086953,-0.0006935062024384115
0.1784810197504261,0.6507013538215733,-0.27292093195847394,-0.0007965205625222347,-0.0022863656795418957
0.1822784882557543,0.6507013538215733,-0.3190433572848117,-0.004528552958501855,-0.00394866346734112
0.18607595676108252,0.6507013538215733,-0.3599038598784199,-0.008347997799341122,-0.005676077679278256
0.18987342526641074,0.6507013538215733,-0.3951598521915448,-0.012210115336659166,-0.007464762462677211
0.19367089377173893,0.6507013538215733,-0.424437212476529,-0.016069221735869835,-0.009309819679439115
0.19746836227706716,0.6507013538215733,-0.44731338245466307,-0.019878838142424634,-0.011205737358301812
0.20126583078239538,0.6507013538215733,-0.46379189395633613,-0.023592217382537774,-0.013146151677898997
0.2050632992877236,0.6507013538215733,-0.47364065527025706,-0.027163129045398995,-0.015124448272716084
0.2088607677930518,0.6507013538215733,-0.4769141574938595,-0.030545938985169784,-0.017133411471282615
0.21265823629838002,0.6507013538215733,-0.47369716455648453,-0.03369628508795139,-0.01916402168426052
0.21645570480370824,0.6507013538215733,-0.4641450769952575,-0.03657282631570196,-0.021208862804860715
0.22025317330903646,0.6507013538215733,-0.44861511422668743,-0.03913692469825161,-0.023259316114382377
0.22405064181436465,0.6507013538215733,-0.42741202275864365,-0.041352486329309955,-0.02530455810561982
0.22784811031969288,0.6507013538215733,-0.40097374955938864,-0.04318802841836819,-0.02733617049519084
0.2316455788250211,0.6507013538215733,-0.3698936421343102,-0.04461620227872171,-0.029344532387801502
0.23544304733034932,0.6507013538215733,-0.33468028405945505,-0.04561347531948517,-0.031318820276246113
0.23924051583567751,0.6507013538215733,-0.29601985952472765,-0.04616140307753218,-0.03324861152395624
0.24303798434100574,0.6507013538215733,-0.25452993430104176,-0.046248537265405,-0.03512468610627517
0.24683545284633396,0.6507013538215733,-0.21105814768180867,-0.04586692768348021,-0.03693662138663449
0.25063292135166215,0.6507013538215733,-0.16617362890689016,-0.045014030267878306,-0.038673192987191254
0.2544303898569904,0.6507013538215733,-0.12082089033180168,-0.043694933146358285,-0.040327185236475
0.2582278583623186,0.6507013538215733,-0.07565987969212765,-0.04191917655846827,-0.04188657201536831
0.2620253268676468,0.6507013538215733,-0.031360635667421685,-0.03970154787550783,-0.04334453852303796
0.26582279537297504,0.6507013538215733,0.011138383953182332,-0.03706239960851297,-0.04469086255823415
0.26962026387830323,0.6507013538215733,0.051316486460874645,-0.034027490404263616,-0.045918328449486415
0.27341773238363143,0.6507013538215733,0.08841685105796666,-0.030627826041291144,-0.04701992096064292
0.2772152008889597,0.6507013538215733,0.12195107605635,-0.026897751381968798,-0.047989025726189086
0.2810126693942879,0.6507013538215733,0.15123499545491417,-0.022876540412436325,-0.04881862750997307
0.2848101378996161,0.6507013538215733,0.17587909881644875,-0.01860760122263768,-0.049504717605622396
0.2886076064049443,0.6507013538215733,0.19545956649424817,-0.014136408954418894,-0.0500432873067646
0.2924050749102725,0.6507013538215733,0.20971201575631987,-0.009510823809513038,-0.0504295261657527
0.29620254341560076,0.6507013538215733,0.21831959096203152,-0.004781091049540208,-0.05066283287663082
0.30000001192092896,0.6507013538215733,,,
0.0,0.6627513788923433,,,
0.0037974685053282146,0.6627513788923433,-0.5659082105468634,-0.0012491353648338113,0.019775750276700414
0.007594937010656429,0.6627513788923433,-0.5538798053355992,-0.002469013995053389,0.019760517192485002
0.011392405515984643,0.6627513788923433,-0.5339966093387244,-0.0036294251320896868,0.019735663212975648
0.015189874021312859,0.6627513788923433,-0.5065613508753142,-0.004702066065283283,0.0197015892088096
0.018987342526641072,0.6627513788923433,-0.47189290377479487,-0.005661814163824129,0.019657092568075112
0.022784811031969287,0.6627513788923433,-0.4305159971235638,-0.006482274764962426,0.019602975032046683
0.026582279537297502,0.6627513788923433,-0.3829190326097294,-0.007140869301767626,0.019540038341998803
0.030379748042625717,0.6627513788923433,-0.3297962671783713,-0.0076197893270832364,0.01946788162729423
0.03417721654795393,0.6627513788923433,-0.27182177588663087,-0.007901862409722644,0.019385703146658464
0.037974685053282144,0.6627513788923433,-0.20981494338480552,-0.007973096198348604,0.019293903770728753
0.04177215355861036,0.6627513788923433,-0.14453460865937778,-0.007826812525277435,0.019194888723328588
0.045569622063938574,0.6627513788923433,-0.07691317493309996,-0.007456969238795326,0.01908464929808549
0.04936709056926679,0.6627513788923433,-0.007846718030435388,-0.006861340283007718,0.018964388106911197
0.053164559074595004,0.6627513788923433,0.06178079535691566,-0.006045331793658542,0.01883450602044296
0.05696202757992322,0.6627513788923433,0.1310450347613762,-0.00501498592246161,0.01869580477995528
0.060759496085251434,0.6627513788923433,0.19898534231708012,-0.003779842908965041,0.01854347393780118
0.06455696459057965,0.6627513788923433,0.26471371495473955,-0.0023583472162952,0.018380720459078636
0.06835443309590786,0.6627513788923433,0.32743094991199523,-0.000770851355488075,0.018203535637415183
0.07215190160123608,0.6627513788923433,0.38623289860920856,0.0009635641943600938,0.018013522955359802
0.07594937010656429,0.6627513788923433,0.44040108583577386,0.0028194587944543204,0.017806673706540023
0.07974683861189251,0.6627513788923433,0.4892251091362607,0.004765031646300873,0.01758138440840685
0.08354430711722072,0.6627513788923433,0.5320672208518169,0.0067697539833457675,0.01733685331968579
0.08734177562254894,0.6627513788923433,0.568402691896045,0.008801188991125398,0.017071476957827857
0.09113924412787715,0.6627513788923433,0.5977633024687748,0.010824991807266532,0.01678204835773506
0.09493671263320537,0.6627513788923433,0.6197777058319408,0.012804909521486316,0.01646375707176044
0.09873418113853358,0.6627513788923433,0.6342521558613345,0.01470278117559227,0.016119008323727473
0.1025316496438618,0.6627513788923433,0.6409202516361695,0.01648553393915091,0.015739784700891206
0.10632911814919001,0.6627513788923433,0.6398465751978486,0.01811755091784926,0.015326887944526142
0.11012658665451823,0.6627513788923433,0.6310391993015472,0.01956321521737434,0.014875507606985302
0.11392405515984644,0.6627513788923433,0.61461114251972,0.020792634087142037,0.014381634981896214
0.11772152366517466,0.6627513788923433,0.5909176060800823,0.021772734696718872,0.01384286484543539
0.12151899217050287,0.6627513788923433,0.5602411364137712,0.022476168359400233,0.013255188491230354
0.12531646067583108,0.6627513788923433,0.5230741715864825,0.022882582564150135,0.012617002436732118
0.1291139291811593,0.6627513788923433,0.4799414406846139,0.022968444720083213,0.01192269449301921
0.13291139768648752,0.6627513788923433,0.43142418208079014,0.02271912645989235,0.011171462918817139
0.13670886619181571,0.6627513788923433,0.378265089251143,0.022122543480149928,0.010360100749027922
0.14050633469714394,0.6627513788923433,0.32109383709934936,0.021169791557277703,0.009483797536004588
0.14430380320247216,0.6627513788923433,0.26090337451197665,0.019861188699260613,0.008542553279747138
0.14810127170780038,0.6627513788923433,0.19825072159612372,0.01819832494602334,0.007531958403245846
0.15189874021312857,0.6627513788923433,0.13420955479011146,0.01618883248920439,0.006454017259686951
0.1556962087184568,0.6627513788923433,0.06944184001831812,0.013844159616261493,0.0053043202720607285
0.15949367722378502,0.6627513788923433,0.005077763005292037,0.011183545810283366,0.004083268311004427
0.16329114572911324,0.6627513788923433,-0.05835794716256937,0.008229887646185494,0.0027898591999249277
0.16708861423444143,0.6627513788923433,-0.11977748672538834,0.005008307754777927,0.0014252955507339723
0.17088608273976966,0.6627513788923433,-0.17854310802431264,0.0015514814565129728,-9.8213306125671e-06
0.17468355124509788,0.6627513788923433,-0.23387780837371527,-0.0021054911172719098,-0.0015143890498622596
0.1784810197504261,0.6627513788923433,-0.28493912008896927,-0.005924031622904011,-0.003086453362658523
0.1822784882557543,0.6627513788923433,-0.331387356768712,-0.009862302134865017,-0.004722807303903375
0.18607595676108252,0.6627513788923433,-0.3724356770569466,-0.013875781535263698,-0.006420294017328494
0.18987342526641074,0.6627513788923433,-0.4077306456411524,-0.017918120160295443,-0.008174854687731744
0.19367089377173893,0.6627513788923433,-0.4368975100896741,-0.02194119942673942,-0.009981879302784777
0.19746836227706716,0.6627513788923433,-0.4595103064302125,-0.025896662245386098,-0.011835906000055097
0.20126583078239538,0.6627513788923433,-0.4755760983235461,-0.029735972647534418,-0.013731422808280547
0.2050632992877236,0.6627513788923433,-0.48486380315278055,-0.03341023690550027,-0.01566181536194654
0.2088607677930518,0.6627513788923433,-0.4874228665433649,-0.036871912825535515,-0.017619066248308127
0.21265823629838002,0.6627513788923433,-0.48336227069016635,-0.040076320285756466,-0.01959656110185072
0.21645570480370824,0.6627513788923433,-0.4728353979415164,-0.042980369204204116,-0.02158608207451074
0.22025317330903646,0.6627513788923433,-0.4561994677139241,-0.045543195554814016,-0.023578409141631496
0.22405064181436465,0.6627513788923433,-0.43379353572475393,-0.04772791041133344,-0.02556592576110528
0.22784811031969288,0.6627513788923433,-0.4060555489422683,-0.04950271297526865,-0.02753820929636365
0.2316455788250211,0.6627513788923433,-0.37358692762703055,-0.050838982527975286,-0.029486039722749918
0.23544304733034932,0.6627513788923433,-0.33692047362061334,-0.051712550462598116,-0.031399796144970134
0.23924051583567751,0.6627513788923433,-0.29676255300085935,-0.052106244347950526,-0.033270258538367604
0.24303798434100574,0.6627513788923433,-0.25374687704903326,-0.052006707848665144,-0.035087806007648395
0.24683545284633396,0.6627513788923433,-0.20871704868095858,-0.051406944789073344,-0.03684081330433231
0.25063292135166215,0.6627513788923433,-0.1623067791778999,-0.05030695516917514,-0.03852286649822339
0.2544303898569904,0.6627513788923433,-0.11542425349708352,-0.04871023707680484,-0.04012234034084146
0.2582278583623186,0.6627513788923433,-0.06880005598187819,-0.04662776178744276,-0.04163161829007881
0.2620253268676468,0.6627513788923433,-0.02307395247992999,-0.04407670173227554,-0.04304047814468563
0.26582279537297504,0.6627513788923433,0.02076110812219363,-0.04107868145427892,-0.04434250597446596
0.26962026387830323,0.6627513788923433,0.06218645130447675,-0.03766120864414996,-0.04552948393135621
0.27341773238363143,0.6627513788923433,0.10042305619249858,-0.033857038124337206,-0.04659399590856731
0.2772152008889597,0.6627513788923433,0.1349865574757384,-0.029702899817100937,-0.047529427540584666
0.2810126693942879,0.6627513788923433,0.1651443526220337,-0.025240929780445336,-0.04833136925039857
0.2848101378996161,0.6627513788923433,0.19052711308211234,-0.020516921164201375,-0.048994208849087534
0.2886076064049443,0.6627513788923433,0.21069689188771196,-0.015578257158124725,-0.049513536759641846
0.2924050749102725,0.6627513788923433,0.22536710623010775,-0.010477091071745099,-0.04988694775823802
0.29620254341560076,0.6627513788923433,0.23423704597901812,-0.005266053226569628,-0.05011203662105257
0.30000001192092896,0.6627513788923433,,,
0.0,0.6748014039631131,,,
0.0037974685053282146,0.6748014039631131,-0.5699001879810714,-0.0012847522591467918,0.01985111395650297
0.007594937010656429,0.6748014039631131,-0.5577305095542388,-0.0025392937597245374,0.01983267390718958
0.011392405515984643,0.6748014039631131,-0.5376051309021036,-0.0037340497591340665,0.019802608609396005
0.015189874021312859,0.6748014039631131,-0.5098590713644426,-0.004841671570670768,0.019759715451210507
0.018987342526641072,0.6748014039631131,-0.4747869865051561,-0.0058354465235999076,0.01970519704454483
0.022784811031969287,0.6748014039631131,-0.43292167816581667,-0.006688979955171688,0.019639454260036215
0.026582279537297502,0.6748014039631131,-0.3847838390552341,-0.007381283338380243,0.019561685356410174
0.030379748042625717,0.6748014039631131,-0.33106772611848817,-0.007893276194129335,0.019471489463029457
0.03417721654795393,0.6748014039631131,-0.27243934165754474,-0.008208104099217288,0.019371271803717546
0.037974685053282144,0.6748014039631131,-0.20973421583305207,-0.008312092710291792,0.019259428895925457
0.04177215355861036,0.6748014039631131,-0.14377980605048302,-0.00819824585168423,0.01913475812774144
0.045569622063938574,0.6748014039631131,-0.07542778798083648,-0.007862111411605479,0.019000466464263482
0.04936709056926679,0.6748014039631131,-0.005650928622741535,-0.007301463334160974,0.018854549552305346
0.053164559074595004,0.6748014039631131,0.06467084170968919,-0.006519799707185031,0.01869580477995528
0.05696202757992322,0.6748014039631131,0.13458090152817734,-0.005525070730301079,0.018525033888487787
0.060759496085251434,0.6748014039631131,0.20316702949790888,-0.0043319047708162365,0.018343840360451856
0.06455696459057965,0.6748014039631131,0.269428203977141,-0.0029542941800677464,0.01814420678310253
0.06835443309590786,0.6748014039631131,0.33265402251044346,-0.001409411389242223,0.01793254708663578
0.07215190160123608,0.6748014039631131,0.3918676817215994,0.00027666694689547247,0.017706456047228113
0.07594937010656429,0.6748014039631131,0.44636685191035386,0.0020759561256708556,0.017463528441056045
0.07974683861189251,0.6748014039631131,0.49541691235575036,0.003961743476349191,0.01720135904429609
0.08354430711722072,0.6748014039631131,0.5383962609092874,0.0059009561684969965,0.016920749598222744
0.08734177562254894,0.6748014039631131,0.5747398047086908,0.007859249339741043,0.01661608791391454
0.09113924412787715,0.6748014039631131,0.6040035422193166,0.009801642111738222,0.016288175732645974
0.09493671263320537,0.6748014039631131,0.6258241994582743,0.011693153606145429,0.015933806089319064
0.09873418113853358,0.6748014039631131,0.6399434482599528,0.01349625888074006,0.015549772018835827
0.1025316496438618,0.6748014039631131,0.6461998335208452,0.01517343299329951,0.015136875262470761
0.10632911814919001,0.6748014039631131,0.6445610642202502,0.016690967097420423,0.01468790014875341
0.11012658665451823,0.6748014039631131,0.6350917223995705,0.018011336250880194,0.014202846677683768
0.11392405515984644,0.6748014039631131,0.6179209721416115,0.019104011687124844,0.013676904401614868
0.11772152366517466,0.6748014039631131,0.5933555781430365,0.019939736671540132,0.01310686635544873
0.12151899217050287,0.6748014039631131,0.5617668871419114,0.020489890485481704,0.01249273253918535
0.12531646067583108,0.6748014039631131,0.5235908279177046,0.02073157655403407,0.011828890763903263
0.1291139291811593,0.6748014039631131,0.4794005660878658,0.020644442366161243,0.01111373754705348
0.13291139768648752,0.6748014039631131,0.42979348553537045,0.020212587522616357,0.010344867664812513
0.13670886619181571,0.6748014039631131,0.37547998871564897,0.01942392771997179,0.009516668928258896
0.14050633469714394,0.6748014039631131,0.317178550839307,0.01827337483046855,0.008630744819941617
0.14430380320247216,0.6748014039631131,0.25583772063944765,0.01675933881418195,0.007683086633488205
0.14810127170780038,0.6748014039631131,0.19207506388698478,0.014885317758946293,0.006672491756986912
0.15189874021312857,0.6748014039631131,0.12693196599953788,0.01266053389632477,0.005595352354702513
0.1556962087184568,0.6748014039631131,0.061118829432537373,0.010098025553699808,0.004452470167909501
0.15949367722378502,0.6748014039631131,-0.004207923635148607,0.0072183042460998645,0.0032438451966078762
0.16329114572911324,0.6748014039631131,-0.06853970962747331,0.004044743560417833,0.00196847526420452
0.16708861423444143,0.6748014039631131,-0.13075441557506376,0.0006056462073131348,0.0006261599353808086
0.17088608273976966,0.6748014039631131,-0.19020924834708314,-0.003064960958825935,-0.0007816977426328915
0.17468355124509788,0.6748014039631131,-0.2461095461059584,-0.006930546770729702,-0.0022534942872875895
0.1784810197504261,0.6748014039631131,-0.29760464227508754,-0.010950167700337486,-0.0037873756718860155
0.1822784882557543,0.6748014039631131,-0.3443469038347323,-0.015079779641735468,-0.0053808615093602
0.18607595676108252,0.6748014039631131,-0.3855421734945181,-0.019273152184113383,-0.007030519344878708
0.18987342526641074,0.6748014039631131,-0.4208297000075467,-0.023481987864758875,-0.008732565961802517
0.19367089377173893,0.6748014039631131,-0.44983107297497377,-0.027656041422051848,-0.010482566728707076
0.19746836227706716,0.6748014039631131,-0.47212499548608605,-0.031745147096368435,-0.012275460653797131
0.20126583078239538,0.6748014039631131,-0.4877114675408835,-0.03569894037309419,-0.014105435112832592
0.2050632992877236,0.6748014039631131,-0.49635738833367804,-0.03946622196665421,-0.015966276610936123
0.2088607677930518,0.6748014039631131,-0.4981354126610478,-0.042998654663338014,-0.017851771653230382
0.21265823629838002,0.6748014039631131,-0.4931484681514784,-0.04624965029335228,-0.01975470456824491
0.21645570480370824,0.6748014039631131,-0.4815539735308891,-0.04917373371485098,-0.021666657072597517
0.22025317330903646,0.6748014039631131,-0.4637353846701087,-0.05173035890975461,-0.023580012624180486
0.22405064181436465,0.6748014039631131,-0.44002166634253265,-0.05388136491987067,-0.025486152504292998
0.22784811031969288,0.6748014039631131,-0.41089112929230004,-0.05559288389480335,-0.0273770593001901
0.2316455788250211,0.6748014039631131,-0.37693712102479876,-0.05683629511590829,-0.02924311211657785
0.23544304733034932,0.6748014039631131,-0.33872473440230294,-0.057587429976330255,-0.031075491799436795
0.23924051583567751,0.6748014039631131,-0.29697244463541833,-0.05782911604488262,-0.032864577453473
0.24303798434100574,0.6748014039631131,-0.25231396300540954,-0.05754783798220556,-0.03460154992466701
0.24683545284633396,0.6748014039631131,-0.2056615108470905,-0.05673644060863797,-0.03627899310622974
0.25063292135166215,0.6748014039631131,-0.1576084356658491,-0.05539555994014974,-0.03788468044372515
0.2544303898569904,0.6748014039631131,-0.10911943170513903,-0.0535306021124848,-0.03941199757163865
0.2582278583623186,0.6748014039631131,-0.060929119685916765,-0.05115237939713102,-0.040852325771269404
0.2620253268676468,0.6748014039631131,-0.013711574665323568,-0.04827949526120723,-0.04219744719455385
0.26582279537297504,0.6748014039631131,0.03154227265886694,-0.04493564129959126,-0.04343934442874703
0.26962026387830323,0.6748014039631131,0.07428952950111282,-0.04114943823092747,-0.044570400931741236
0.27341773238363143,0.6748014039631131,0.11372897491026106,-0.036956343945536374,-0.04558500451461501
0.2772152008889597,0.6748014039631131,0.1493661526318218,-0.032395155417580326,-0.04647734255312824
0.2810126693942879,0.6748014039631131,0.18045433281207557,-0.02750975774898068,-0.04724140198772224
0.2848101378996161,0.6748014039631131,0.20662015052416272,-0.022348488153447896,-0.047872572806068645
0.2886076064049443,0.6748014039631131,0.22740345872308854,-0.01696206890457949,-0.048368048913706725
0.2924050749102725,0.6748014039631131,0.2425156564113345,-0.011404561359814807,-0.04872422247490125
0.29620254341560076,0.6748014039631131,0.25165805164741273,-0.005731298908532934,-0.048938688265828735
0.30000001192092896,0.6748014039631131,,,
0.0,0.686851429033883,,,
0.0037974685053282146,0.686851429033883,-0.5740132567429098,-0.001326093297188644,0.019655689520844746
0.007594937010656429,0.686851429033883,-0.561698268722921,-0.002621498823830836,0.019635044683026494
0.011392405515984643,0.686851429033883,-0.5413428165482883,-0.003857754865274686,0.019600569808223195
0.015189874021312859,0.686851429033883,-0.5132738468036137,-0.0050063997068683025,0.019552064461116233
0.018987342526641072,0.686851429033883,-0.4777940878079721,-0.006039607649929671,0.019490330382980096
0.022784811031969287,0.686851429033883,-0.43544845053569964,-0.00693352809558849,0.01941496670317754
0.026582279537297502,0.686851429033883,-0.3867737732059567,-0.007665900484899148,0.019325572551071316
0.030379748042625717,0.686851429033883,-0.3324400944982968,-0.00821605429884072,0.019224152279847664
0.03417721654795393,0.686851429033883,-0.27317396237850117,-0.008569043162121152,0.019109102406957592
0.037974685053282144,0.686851429033883,-0.20978265236410415,-0.008712782771312821,0.018981224673675596
0.04177215355861036,0.686851429033883,-0.14312187650369237,-0.008637732886867613,0.018840519080001675
0.045569622063938574,0.686851429033883,-0.07405945597861549,-0.00833975940498134,0.018686183884661336
0.04936709056926679,0.686851429033883,-0.0035843032978532022,-0.00781790830169919,0.018518619958291824
0.053164559074595004,0.686851429033883,0.06743979673483255,-0.007076949696795224,0.01833983165407938
0.05696202757992322,0.686851429033883,0.13801182247769897,-0.006125469805862748,0.018145810265651523
0.060759496085251434,0.686851429033883,0.20716304330970467,-0.004976188948299256,0.017934952310459266
0.06455696459057965,0.686851429033883,0.27402160167191236,-0.0036430994754419917,0.017714473459973065
0.06835443309590786,0.686851429033883,0.3377317855157355,-0.002147825930266691,0.01747795978399696
0.07215190160123608,0.686851429033883,0.397332936975308,-0.0005151729355984659,0.017221402576158472
0.07594937010656429,0.686851429033883,0.45213887186072554,0.001228146837827948,0.016948810542830078
0.07974683861189251,0.686851429033883,0.501423042206207,0.0030516046234585676,0.016657778460188295
0.08354430711722072,0.686851429033883,0.5444831183114975,0.004922763606829786,0.016344297621860644
0.08734177562254894,0.686851429033883,0.5808428076212516,0.006808550957508121,0.016009971510396116
0.09113924412787715,0.686851429033883,0.609977381049072,0.008672713765210718,0.015652394901971223
0.09493671263320537,0.686851429033883,0.63157200114312,0.010477091071745099,0.01526916257276248
0.09873418113853358,0.686851429033883,0.6453441214722586,0.012185429966828407,0.014857869298946407
0.1025316496438618,0.686851429033883,0.6511161414226303,0.01376020550823804,0.014413704632876025
0.10632911814919001,0.686851429033883,0.6489122792597611,0.015166436817630888,0.013938272057100328
0.11012658665451823,0.686851429033883,0.638732534983651,0.016367234968754227,0.013425959382697849
0.11392405515984644,0.686851429033883,0.620786800228859,0.017331435179084195,0.012876766609668586
0.11772152366517466,0.686851429033883,0.5953495486713467,0.01803105274594631,0.01228748677291456
0.12151899217050287,0.686851429033883,0.5627921270491801,0.018434922886816713,0.01165491290733779
0.12531646067583108,0.686851429033883,0.5235908279177046,0.018520785042749788,0.010975036306565798
0.1291139291811593,0.686851429033883,0.47831881689436956,0.0182721027985288,0.010247055229324089
0.13291139768648752,0.686851429033883,0.4275654051069752,0.017667887627147886,0.00946856445178918
0.13670886619181571,0.686851429033883,0.3721136498075301,0.016700507336968543,0.008636357008863085
0.14050633469714394,0.686851429033883,0.3126416624307631,0.015366145832171529,0.007749631159271312
0.14430380320247216,0.686851429033883,0.25013835548565405,0.013661305024922531,0.00680517993791588
0.14810127170780038,0.686851429033883,0.18522936749829216,0.011591073042980547,0.005802602474159541
0.15189874021312857,0.686851429033883,0.11899241128458603,0.009166262157833447,0.004740295285453304
0.1556962087184568,0.686851429033883,0.052133852922378335,0.00640340878469797,0.0036178575011599212
0.15949367722378502,0.686851429033883,-0.014165667143936727,0.0033204803747230757,0.0024344873800048977
0.16329114572911324,0.686851429033883,-0.07939554714951856,-5.612840934143781e-05,0.001188381004120619
0.16708861423444143,0.686851429033883,-0.14239129216032367,-0.003695093780979244,-0.00011725466139493373
0.17088608273976966,0.686851429033883,-0.20251919089508744,-0.007561991375820878,-0.0014828204871790082
0.17468355124509788,0.686851429033883,-0.2589664178170923,-0.011618342227688924,-0.0029064123377046777
0.1784810197504261,0.686851429033883,-0.3108703233537729,-0.015821702208343776,-0.004386426730422953
0.1822784882557543,0.686851429033883,-0.35787204831022523,-0.020125930346720937,-0.005919944826006373
0.18607595676108252,0.686851429033883,-0.3991761740280786,-0.02448294781059769,-0.007504298329275759
0.18987342526641074,0.686851429033883,-0.43441160604286627,-0.02884260871584924,-0.009135541169895704
0.19367089377173893,0.686851429033883,-0.4631965282621544,-0.033152888943689736,-0.010809677168701147
0.19746836227706716,0.686851429033883,-0.48511304946881934,-0.037361486118346526,-0.012521795660385804
0.20126583078239538,0.686851429033883,-0.5001576378324717,-0.041416246930289884,-0.014266585109006143
0.2050632992877236,0.686851429033883,-0.5080992107362174,-0.045265574583963734,-0.01603803245500345
0.2088607677930518,0.686851429033883,-0.5090235412037944,-0.048858905809763035,-0.01783072594477488
0.21265823629838002,0.686851429033883,-0.5030254841085131,-0.052146631362037565,-0.019636848600894107
0.21645570480370824,0.686851429033883,-0.49028667644181856,-0.05508454813088104,-0.021449385187209298
0.22025317330903646,0.686851429033883,-0.4711986468297152,-0.05762940703034198,-0.023262523079480357
0.22405064181436465,0.686851429033883,-0.4460964146119798,-0.059742252082265565,-0.025066040076457474
0.22784811031969288,0.686851429033883,-0.415476454231896,-0.061389215436255966,-0.026853522247944687
0.2316455788250211,0.686851429033883,-0.37994825870520244,-0.0625397683257592,-0.0286157495692853
0.23544304733034932,0.686851429033883,-0.3400930664045239,-0.06317133218384474,-0.030344704627734354
0.23924051583567751,0.686851429033883,-0.29665760718357986,-0.06326482653141631,-0.0320331717518214
0.24303798434100574,0.686851429033883,-0.2502816468900164,-0.06280753104907644,-0.033670728304978
0.24683545284633396,0.686851429033883,-0.201883461425029,-0.061792767569141434,-0.03524895600382194
0.25063292135166215,0.686851429033883,-0.15212098033540827,-0.06022085409959624,-0.03676144091815727
0.2544303898569904,0.686851429033883,-0.10193871597666962,-0.05809878681610947,-0.03819856215269005
0.2582278583623186,0.686851429033883,-0.05209954371288311,-0.05543896803009369,-0.03955230229467532
0.2620253268676468,0.686851429033883,-0.0033098296218914704,-0.05226031921665266,-0.04081664828455437
0.26582279537297504,0.686851429033883,0.04343949559853171,-0.04858700898264162,-0.04198338227426361
0.26962026387830323,0.686851429033883,0.08756517538696776,-0.04445131513853171,-0.04304649120424435
0.27341773238363143,0.686851429033883,0.12826598879226367,-0.03988949059460579,-0.04399996201493785
0.2772152008889597,0.686851429033883,0.16503738861596037,-0.03494224037293583,-0.044836979905510915
0.2810126693942879,0.686851429033883,0.1971023721724309,-0.02965631164730762,-0.045554337910865564
0.2848101378996161,0.686851429033883,0.22407950177964023,-0.02408131366337138,-0.04614762645399206
0.2886076064049443,0.686851429033883,0.24551266677018133,-0.018270671762596585,-0.04661203508724345
0.2924050749102725,0.686851429033883,0.2610910660698034,-0.012281150370294543,-0.046945559457433485
0.29620254341560076,0.686851429033883,0.2705220623034003,-0.006171103951701254,-0.04714639564669455
0.30000001192092896,0.686851429033883,,,
0.0,0.6989014541046529,,,
0.0037974685053282146,0.6989014541046529,-0.5782675987203166,-0.0013714094350422126,0.019191280887593358
0.007594937010656429,0.6989014541046529,-0.5658052829183777,-0.0027126081115153794,0.019169032567226116
0.011392405515984643,0.6989014541046529,-0.5452217754100417,-0.0039943392948052665,0.01913155116264346
0.015189874021312859,0.6989014541046529,-0.5168218227031778,-0.005187982266267515,0.019079838850438516
0.018987342526641072,0.6989014541046529,-0.480938425948769,-0.006266029335205045,0.01901289345401816
0.022784811031969287,0.6989014541046529,-0.4381164961211512,-0.007204152890770153,0.01893151671465689
0.026582279537297502,0.6989014541046529,-0.3888847986843094,-0.007979456358047352,0.0188365103736292
0.030379748042625717,0.6989014541046529,-0.33394969971608635,-0.008573177265925337,0.018727072689660597
0.03417721654795393,0.6989014541046529,-0.27403774718226304,-0.008970051231127117,0.018602802792113828
0.037974685053282144,0.6989014541046529,-0.20996025297796173,-0.009156721918285328,0.018464502422263395
0.04177215355861036,0.6989014541046529,-0.14260118379488262,-0.009124603111806658,0.018311770709472045
0.045569622063938574,0.6989014541046529,-0.0728243244367877,-0.00886987871587186,0.018145810265651523
0.04936709056926679,0.6989014541046529,-0.0016306965454197001,-0.008391594706526125,0.017965418478890088
0.053164559074595004,0.6989014541046529,0.07005536941164434,-0.0076951572195133825,0.017768991866638745
0.05696202757992322,0.6989014541046529,0.14127321556853836,-0.006790742510351631,0.017558935652720983
0.060759496085251434,0.6989014541046529,0.21106218405939633,-0.0056872548026191145,0.0173352498371368
0.06455696459057965,0.6989014541046529,0.2784535442631768,-0.004403774575412072,0.017093925713513723
0.06835443309590786,0.6989014541046529,0.34260772964164393,-0.002961926371706242,0.01683335979930276
0.07215190160123608,0.6989014541046529,0.4026367371255097,-0.0013852427823869862,0.016560767765974368
0.07594937010656429,0.6989014541046529,0.4577252184420643,0.00029829148987121055,0.016265726976960108
0.07974683861189251,0.6989014541046529,0.5072031349117542,0.0020594197104541146,0.015952246138632456
0.08354430711722072,0.6989014541046529,0.5503600840791487,0.00386316100101862,0.015619523509716916
0.08734177562254894,0.6989014541046529,0.5867117006337276,0.005675806515161371,0.01526435212511551
0.09113924412787715,0.6989014541046529,0.6156928917132163,0.0074611033425995114,0.014883525019730256
0.09493671263320537,0.6989014541046529,0.6370372563968286,0.009180254509170689,0.014477843934835647
0.09873418113853358,0.6989014541046529,0.6504138117223753,0.010795735072652298,0.014043300164059209
0.1025316496438618,0.6989014541046529,0.655717611872577,0.012271292122761485,0.01358149718994993
0.10632911814919001,0.6989014541046529,0.6528921475612063,0.013570672749215393,0.013086021082311852
0.11012658665451823,0.6989014541046529,0.6420020008296657,0.014658896073670918,0.012557673582419467
0.11392405515984644,0.6989014541046529,0.6232489905573392,0.015502253249724703,0.01199404946644929
0.11772152366517466,0.6989014541046529,0.5969075904201884,0.01607212355873239,0.01139033828675435
0.12151899217050287,0.6989014541046529,0.5633410744011036,0.01633925026607974,0.010746540043334644
0.12531646067583108,0.6989014541046529,0.5231064626071839,0.0162801007808814,0.010061051253641186
0.1291139291811593,0.6989014541046529,0.47672848412482655,0.01587941071986037,0.009329863211301496
0.13291139768648752,0.6989014541046529,0.42479645008183187,0.015116827571980665,0.008551372433766587
0.13670886619181571,0.6989014541046529,0.3681983635474877,0.01398471914560379,0.007724777179761959
0.14050633469714394,0.6989014541046529,0.30752353564959434,0.01247990536088037,0.006846870484189635
0.14430380320247216,0.6989014541046529,0.24385371558164792,0.01059952414594597,0.005917652347049613
0.14810127170780038,0.6989014541046529,0.17778225084903637,0.008350889684454146,0.00493431667388116
0.15189874021312857,0.6989014541046529,0.1104473999314833,0.005744496239907833,0.0038980660765960194
0.1556962087184568,0.6989014541046529,0.04253534701889307,0.0027975162434936453,0.002805693590096209
0.15949367722378502,0.6989014541046529,-0.024755103745195597,-0.00046922078177502255,0.001658401826293473
0.16329114572911324,0.6989014541046529,-0.09085078674333319,-0.004028843161170966,0.00045799470305542495
0.16708861423444143,0.6989014541046529,-0.1546316071949406,-0.007848437068253174,-0.0007977325681227971
0.17088608273976966,0.6989014541046529,-0.2154133990989073,-0.011892306106712429,-0.002106374763417707
0.17468355124509788,0.6989014541046529,-0.27239140967369113,-0.01612010301345981,-0.0034672303592141215
0.1784810197504261,0.6989014541046529,-0.32467473470361297,-0.020487634616338554,-0.004877543369880963
0.1822784882557543,0.6989014541046529,-0.37190905591855494,-0.02494748791234442,-0.0063354221870987205
0.18607595676108252,0.6989014541046529,-0.41328230460259713,-0.029449636270346947,-0.007837572155317513
0.18987342526641074,0.6989014541046529,-0.44842540448006685,-0.03394230401529853,-0.009380673564572634
0.19367089377173893,0.6989014541046529,-0.47694443032576705,-0.038371876988488644,-0.010960705181284194
0.19746836227706716,0.6989014541046529,-0.4984300682249479,-0.04268470128020864,-0.012573307537272125
0.20126583078239538,0.6989014541046529,-0.5128722272336402,-0.04682635777403612,-0.014214071055526701
0.2050632992877236,0.6989014541046529,-0.5200549611509034,-0.050744216148463965,-0.0158768824588299
0.2088607677930518,0.6989014541046529,-0.5200468883957281,-0.05438636159995114,-0.017556129558260247
0.21265823629838002,0.6989014541046529,-0.5129670821069505,-0.057701912850907686,-0.019245799294259038
0.21645570480370824,0.6989014541046529,-0.4990254339191296,-0.06064539475948757,-0.020940279477904798
0.22025317330903646,0.6989014541046529,-0.47856503592721755,-0.06317292222376943,-0.022629949213903586
0.22405064181436465,0.6989014541046529,-0.45200970777792004,-0.06524442623765116,-0.02431160153715742
0.22784811031969288,0.6989014541046529,-0.4198074873834686,-0.06682460791480473,-0.02597481381109787
0.2316455788250211,0.6989014541046529,-0.3826243770458293,-0.06788421052061588,-0.027613572976166206
0.23544304733034932,0.6989014541046529,-0.34105372427039,-0.06839906544822942,-0.02922066336089198
0.23924051583567751,0.6989014541046529,-0.295830149778107,-0.06834945620257919,-0.030786063199344002
0.24303798434100574,0.6989014541046529,-0.24765194689164777,-0.0677232984802376,-0.032304160302600804
0.24683545284633396,0.6989014541046529,-0.19744344607858924,-0.0665151861454607,-0.03376693725791743
0.25063292135166215,0.6989014541046529,-0.14587468601848505,-0.06472575521421838,-0.03516637665254893
0.2544303898569904,0.6989014541046529,-0.0939184337099643,-0.06236136584620937,-0.03649606455629934
0.2582278583623186,0.6989014541046529,-0.04236985553779849,-0.059436328400755856,-0.037748785297698206
0.2620253268676468,0.6989014541046529,0.008074773364138886,-0.05597020036893149,-0.03891692233463782
0.26582279537297504,0.6989014541046529,0.05638012214460983,-0.05198953541747853,-0.03999426217224084
0.26962026387830323,0.6989014541046529,0.10194477054305112,-0.04752756538082292,-0.040976194798178926
0.27341773238363143,0.6989014541046529,0.14397557036348513,-0.042620861177232475,-0.041855504540981615
0.2772152008889597,0.6989014541046529,0.1819134833100192,-0.037313307908628524,-0.04262878400023231
0.2810126693942879,0.6989014541046529,0.21499967039617088,-0.031653719800698955,-0.043290020116372285
0.2848101378996161,0.6989014541046529,0.24283654842955443,-0.025693614147003618,-0.04383600592430357
0.2886076064049443,0.6989014541046529,0.2649397520996492,-0.01948816533292913,-0.044264737070839916
0.2924050749102725,0.6989014541046529,0.281002516709792,-0.013096681847666311,-0.04457280615556473
0.29620254341560076,0.6989014541046529,0.2907241321297013,-0.006580062220330653,-0.04475840926061038
0.30000001192092896,0.6989014541046529,,,
0.0,0.7109514791754227,,,
0.0037974685053282146,0.7109514791754227,-0.5826692684796735,-0.00141926963677528,0.01846590546949376
0.007594937010656429,0.7109514791754227,-0.570065679462166,-0.002808487518973983,0.01844285540785202
0.011392405515984643,0.7109514791754227,-0.5492440256761573,-0.0041376018920195315,0.018404772697313495
0.015189874021312859,0.7109514791754227,-0.5205231809510734,-0.005378151041260035,0.01835145690255956
0.018987342526641072,0.7109514791754227,-0.48422807368272214,-0.006503263291968289,0.01828370976486471
0.022784811031969287,0.7109514791754227,-0.4409217785445836,-0.007488134021319185,0.018200729542954448
0.026582279537297502,0.7109514791754227,-0.3911411337558183,-0.008310184662382168,0.01810211536619153
0.030379748042625717,0.7109514791754227,-0.3356086509046198,-0.008950652744045941,0.0179882681052132
0.03417721654795393,0.7109514791754227,-0.2750428052015935,-0.009393319859078696,0.017859989501293957
0.037974685053282144,0.7109514791754227,-0.21028316318497553,-0.009625783696067881,0.0177172795544338
0.04177215355861036,0.7109514791754227,-0.14221369154646607,-0.009639140031435248,0.017559737393995477
0.045569622063938574,0.7109514791754227,-0.07173450248811611,-0.0094308448013013,0.017387363019978994
0.04936709056926679,0.7109514791754227,0.00016145510350690099,-0.009001534021635912,0.017198953820472606
0.053164559074595004,0.7109514791754227,0.07253370525047527,-0.008353433748333645,0.016995311536750806
0.05696202757992322,0.7109514791754227,0.14439737182139692,-0.007496720236912492,0.0167756344275391
0.060759496085251434,0.7109514791754227,0.2147837241952304,-0.006444113806769947,0.016539120751562993
0.06455696459057965,0.7109514791754227,0.28269174073023295,-0.005214058921032375,0.016286572250096984
0.06835443309590786,0.7109514791754227,0.34736258243992213,-0.003826908090735765,0.016019592405690057
0.07215190160123608,0.7109514791754227,0.40771450013080174,-0.0023081019546751023,0.01572936206432277
0.07594937010656429,0.7109514791754227,0.4631258916543702,-0.0006849891995549974,0.01542389863874007
0.07974683861189251,0.7109514791754227,0.5127894814930929,0.0010112653921006925,0.015098391681294988
0.08354430711722072,0.7109514791754227,0.5560110127018904,0.002746316957918736,0.01474883248561505
0.08734177562254894,0.7109514791754227,0.5923222654805923,0.004486456651495776,0.014378428016798233
0.09113924412787715,0.7109514791754227,0.6211581469669248,0.0061916154667297114,0.01398557479229555
0.09493671263320537,0.7109514791754227,0.6422118924642247,0.00782617650930756,0.01356466062318553
0.09873418113853358,0.7109514791754227,0.6552090282965303,0.009353886868946467,0.013118892474566159
0.1025316496438618,0.7109514791754227,0.6599800266051592,0.010734041523574458,0.012643459898790461
0.10632911814919001,0.7109514791754227,0.6565410329004622,0.011931659594848421,0.01213836289585844
0.11012658665451823,0.7109514791754227,0.6449162654479653,0.012911760204425258,0.011601196241946606
0.11392405515984644,0.7109514791754227,0.6253075431270522,0.013640634505901606,0.011027951230682485
0.11772152366517466,0.7109514791754227,0.5980619944102626,0.014088389748693359,0.010421834827164059
0.12151899217050287,0.7109514791754227,0.5634702384839091,0.014228949278035656,0.009774829618646372
0.12531646067583108,0.7109514791754227,0.5221619502516686,0.014037508471103386,0.009090944311501904
0.1291139291811593,0.7109514791754227,0.4746618587999382,0.013494350832830435,0.008364566716809187
0.13291139768648752,0.7109514791754227,0.4215431297461678,0.012588664091728935,0.007594093352019229
0.13670886619181571,0.7109514791754227,0.3637664209562233,0.01130772792840139,0.0067827311822300125
0.14050633469714394,0.7109514791754227,0.3018887525372035,0.009646772223073745,0.005924066277245575
0.14430380320247216,0.7109514791754227,0.237024164703306,0.007608659047610431,0.005018499507703163
0.14810127170780038,0.7109514791754227,0.16980233235820777,0.005199748561710196,0.004066431744240027
0.15189874021312857,0.7109514791754227,0.1013372957161064,0.0024305350288759725,0.0030658586336699254
0.1556962087184568,0.7109514791754227,0.032383857385896664,-0.0006814911117206868,0.0020175819172673554
0.15949367722378502,0.7109514791754227,-0.03587936037682107,-0.004110889221284796,0.0009199981124833263
0.16329114572911324,0.7109514791754227,-0.10286304644424663,-0.007831582645051495,-0.0002252892981331718
0.16708861423444143,0.7109514791754227,-0.1674047240711303,-0.011811134568557176,-0.0014174785733076433
0.17088608273976966,0.7109514791754227,-0.22883334548352152,-0.016010509511650783,-0.0026561688424028406
0.17468355124509788,0.7109514791754227,-0.28631438961516903,-0.020388028552806466,-0.003939255534573214
0.1784810197504261,0.7109514791754227,-0.3389580874815903,-0.024898305989923954,-0.005265009895195632
0.1822784882557543,0.7109514791754227,-0.3863918309767232,-0.02949275616555454,-0.006631014173239197
0.18607595676108252,0.7109514791754227,-0.42780077637505637,-0.03411960340465062,-0.008034600073524726
0.18987342526641074,0.7109514791754227,-0.4628110542025317,-0.0387256211207333,-0.009472573158161655
0.19367089377173893,0.7109514791754227,-0.49102028806837805,-0.043255764119159844,-0.010941162737718372
0.19746836227706716,0.7109514791754227,-0.5120306425066105,-0.04765524558677526,-0.012436410214652057
0.20126583078239538,0.7109514791754227,-0.5258088174021306,-0.05186853337920987,-0.013953505141315738
0.2050632992877236,0.7109514791754227,-0.532176203046684,-0.05584029410708459,-0.015488839681974186
0.2088607677930518,0.7109514791754227,-0.5311751814049412,-0.059518533464862154,-0.01703539860047557
0.21265823629838002,0.7109514791754227,-0.52295711663644,-0.06285221117096013,-0.018589373625766032
0.21645570480370824,0.7109514791754227,-0.5077157548653886,-0.06579251299969063,-0.02014354908637512
0.22025317330903646,0.7109514791754227,-0.4858506974729665,-0.06829618986510219,-0.021693515405293108
0.22405064181436465,0.7109514791754227,-0.4577373275748273,-0.07032237774113036,-0.023230453428500546
0.22784811031969288,0.7109514791754227,-0.4238923015021932,-0.07183514172547721,-0.02474975314366909
0.2316455788250211,0.7109514791754227,-0.3849816215570301,-0.07280506607953605,-0.026244599749965528
0.23544304733034932,0.7109514791754227,-0.3415945988671381,-0.07320639215652695,-0.027706975834644907
0.23924051583567751,0.7109514791754227,-0.2945263998172888,-0.07302067549332356,-0.029132070950060252
0.24303798434100574,0.7109514791754227,-0.2444652267861803,-0.07223630879847565,-0.030511867683466618
0.24683545284633396,0.7109514791754227,-0.19236568307329718,-0.07084693191228447,-0.03184015253998666
0.25063292135166215,0.7109514791754227,-0.1389260620013068,-0.06885397587068226,-0.033110110718787174
0.2544303898569904,0.7109514791754227,-0.08512316694642588,-0.06626539087329243,-0.03431492741903495
0.2582278583623186,0.7109514791754227,-0.03178849169171497,-0.06309469225947484,-0.035448990451808514
0.2620253268676468,0.7109514791754227,0.02037361587377707,-0.05936358407420145,-0.03650568545159328
0.26582279537297504,0.7109514791754227,0.070281406556554,-0.05510028952613544,-0.037481103929676095
0.26962026387830323,0.7109514791754227,0.11735767836157866,-0.05033772244171783,-0.038367729561608555
0.27341773238363143,0.7109514791754227,0.160752773806646,-0.04511547481507332,-0.03916225516463337
0.2772152008889597,0.7109514791754227,0.1999177455398325,-0.039478942286051706,-0.03985977007344426
0.2810126693942879,0.7109514791754227,0.2340574271763667,-0.03347717758632957,-0.04045766862889911
0.2848101378996161,0.7109514791754227,0.26277423552386286,-0.027164242073346275,-0.04095114038335095
0.2886076064049443,0.7109514791754227,0.28558178708300647,-0.020599285232300143,-0.04133677793638318
0.2924050749102725,0.7109514791754227,0.30214708070281454,-0.013841138540404588,-0.04161498215863304
0.29620254341560076,0.7109514791754227,0.3121794971969746,-0.0069527675786771985,-0.04178154390840943
0.30000001192092896,0.7109514791754227,,,
0.0,0.7230015042461926,,,
0.0037974685053282146,0.7230015042461926,-0.5872283569649496,-0.0014671298385083474,0.017489184161839894
0.007594937010656429,0.7230015042461926,-0.5744774401654921,-0.0029042079224401176,0.01746693584147265
0.011392405515984643,0.7230015042461926,-0.5534196582906046,-0.004281182497218734,0.01742965487220862
0.015189874021312859,0.7230015042461926,-0.5243698487921253,-0.0055691148362148985,0.017377341254047805
0.018987342526641072,0.7230015042461926,-0.4876711037650068,-0.006741769280671283,0.0173099949869902
0.022784811031969287,0.7230015042461926,-0.44388447969393524,-0.007774659215747714,0.017227415635717187
0.026582279537297502,0.7230015042461926,-0.39355085117565886,-0.008644411054551297,0.01713040494150326
0.030379748042625717,0.7230015042461926,-0.3374129116863094,-0.00933226232597073,0.017018562033711167
0.03417721654795393,0.7230015042461926,-0.2761931728140802,-0.00982199462277421,0.01689148604170367
0.037974685053282144,0.7230015042461926,-0.2107554193627332,-0.01010247766548893,0.016749176965480755
0.04177215355861036,0.7230015042461926,-0.14197554526879338,-0.010164807230536647,0.016590833063767938
0.045569622063938574,0.7230015042461926,-0.07080613564295143,-0.010005485230083046,0.016416454336565217
0.04936709056926679,0.7230015042461926,0.0018002244041019461,-0.009624829672113068,0.016227243395784335
0.053164559074595004,0.7230015042461926,0.0748505859857993,-0.009026974660430898,0.01602279937078804
0.05696202757992322,0.7230015042461926,0.14735200021557318,-0.008221778442569593,0.015801518779027343
0.060759496085251434,0.7230015042461926,0.21834380922755756,-0.007223869385836267,0.015565005103051237
0.06455696459057965,0.7230015042461926,0.28678462760413287,-0.006047875857538041,0.015307646153938254
0.06835443309590786,0.7230015042461926,0.3518833253381154,-0.0047173304485602745,0.015033450638060872
0.07215190160123608,0.7230015042461926,0.41263888078776223,-0.0032589458296377032,0.014742418555419088
0.07594937010656429,0.7230015042461926,0.46832474598729235,-0.0016981626395653137,0.014430541199640426
0.07974683861189251,0.7230015042461926,0.5181336454191713,-6.932574071633678e-05,0.014096215088175896
0.08354430711722072,0.7230015042461926,0.5614520496900729,0.00159640008438537,0.013743448927397976
0.08734177562254894,0.7230015042461926,0.5977067931825475,0.0032627619254569514,0.013366630528385198
0.09113924412787715,0.7230015042461926,0.6263408557894964,0.004890962808336054,0.01296415640858857
0.09493671263320537,0.7230015042461926,0.6471362731211853,0.006444113806769947,0.012540837015655067
0.09873418113853358,0.7230015042461926,0.6597055529291974,0.007884053962566154,0.012088654936839732
0.1025316496438618,0.7230015042461926,0.6639437493962537,0.009173258333502068,0.011609213654691558
0.10632911814919001,0.7230015042461926,0.6598670080327044,0.010273565961385211,0.011101711427936051
0.11012658665451823,0.7230015042461926,0.6474672560833744,0.011150631983842352,0.010561337808926236
0.11392405515984644,0.7230015042461926,0.627035112734576,0.011773291618349634,0.009992101504034592
0.11772152366517466,0.7230015042461926,0.5988046878863944,0.012108472034473575,0.009386786841790661
0.12151899217050287,0.7230015042461926,0.5632280558286488,0.012131368609389062,0.00874940252856692
0.12531646067583108,0.7230015042461926,0.5207895818718599,0.011818448752210735,0.008073534634167403
0.1291139291811593,0.7230015042461926,0.4721512319404059,0.011148723935932728,0.007362390123690095
0.13291139768648752,0.7230015042461926,0.41787809889656113,0.01011201790503705,0.006613563773311511
0.13670886619181571,0.7230015042461926,0.3588581858096135,0.008696882372065956,0.005822245135384675
0.14050633469714394,0.7230015042461926,0.29578171324705493,0.006898229209260447,0.004992442916282067
0.14430380320247216,0.7230015042461926,0.22972639402479408,0.004720828536394585,0.0041217518921802
0.14810127170780038,0.7230015042461926,0.16133401217927082,0.0021704044971972408,0.003209771192441827
0.15189874021312857,0.7230015042461926,0.09174686256779649,-0.0007415946208738412,0.0022556990757924516
0.1556962087184568,0.7230015042461926,0.021735893309616547,-0.003994816306782673,0.0012599364128693222
0.15949367722378502,0.7230015042461926,-0.047483945941379585,-0.007566363985613766,0.00022488842749592418
0.16329114572911324,0.7230015042461926,-0.11534756232291775,-0.011426980922752888,-0.0008530527160629708
0.16708861423444143,0.7230015042461926,-0.18064606074749,-0.015541686239856932,-0.0019698783114348866
0.17088608273976966,0.7230015042461926,-0.2427003206859705,-0.01987287549270706,-0.003124786617345328
0.17468355124509788,0.7230015042461926,-0.30066699149613485,-0.02437678283237627,-0.004316875674860487
0.1784810197504261,0.7230015042461926,-0.3536467177967298,-0.02900666108507878,-0.005544040913134815
0.1822784882557543,0.7230015042461926,-0.40125301643373573,-0.033712622748177545,-0.006803977326004138
0.18607595676108252,0.7230015042461926,-0.4426654936624581,-0.03844203750016544,-0.00809387881900772
0.18987342526641074,0.7230015042461926,-0.47750498226325505,-0.043140247718631355,-0.009411139733003455
0.19367089377173893,0.7230015042461926,-0.5053645649205692,-0.04775088648824516,-0.010752252449915423
0.19746836227706716,0.7230015042461926,-0.5258511993668012,-0.052217626644674824,-0.012113709351667709
0.20126583078239538,0.7230015042461926,-0.5389290627508602,-0.05648457828456761,-0.013491100861250589
0.2050632992877236,0.7230015042461926,-0.5444104635149195,-0.06049561299858209,-0.01488011761931365
0.2088607677930518,0.7230015042461926,-0.5423781473995264,-0.06419658992728267,-0.01627755266075891
0.21265823629838002,0.7230015042461926,-0.5329491693547234,-0.06753599177710952,-0.017676591184753163
0.21645570480370824,0.7230015042461926,-0.5163636938469769,-0.07046516332636721,-0.019073625355561178
0.22025317330903646,0.7230015042461926,-0.493005176747116,-0.07293847042921726,-0.020462642113624238
0.22405064181436465,0.7230015042461926,-0.4632873467578771,-0.07491520806358767,-0.02183863057597675
0.22784811031969288,0.7230015042461926,-0.4277308965880698,-0.07636007734315041,-0.02319597855369725
0.2316455788250211,0.7230015042461926,-0.38701191948362934,-0.0772414364734042,-0.024528472551908393
0.23544304733034932,0.7230015042461926,-0.3417600903482327,-0.07753479883950888,-0.02583110168764459
0.23924051583567751,0.7230015042461926,-0.2927665391890636,-0.07722156097434561,-0.02709725159539125
0.24303798434100574,0.7230015042461926,-0.24075983216069693,-0.07628947957049431,-0.028321710956864157
0.24683545284633396,0.7230015042461926,-0.1867006271289988,-0.07473330749620352,-0.029498466712504594
0.25063292135166215,0.7230015042461926,-0.13132152662613175,-0.07255383977143556,-0.03062250797934697
0.2544303898569904,0.7230015042461926,-0.07561547953866324,-0.0697599806197687,-0.03168762126251394
0.2582278583623186,0.7230015042461926,-0.020428106971210648,-0.06636723293046862,-0.03268879567903991
0.2620253268676468,0.7230015042461926,0.03349083393931586,-0.06239730074850729,-0.03362212274021172
0.26582279537297504,0.7230015042461926,0.08507674860416764,-0.05787864578853661,-0.03448088786285547
0.26962026387830323,0.7230015042461926,0.13369794393087395,-0.05284608992490721,-0.03526238517016974
0.27341773238363143,0.7230015042461926,0.17850678062602357,-0.04734089469366471,-0.03596170399684824
0.2772152008889597,0.7230015042461926,0.21892504760018242,-0.04140988677059114,-0.03657563737779299
0.2810126693942879,0.7230015042461926,0.2541666603181512,-0.035102675401336714,-0.037100377041950156
0.2848101378996161,0.7230015042461926,0.2837977081892552,-0.028475547999235334,-0.0375333173301776
0.2886076064049443,0.7230015042461926,0.30730557125986,-0.021588926081425097,-0.03787425780715672
0.2924050749102725,0.7230015042461926,0.32441577585400383,-0.014503708177021504,-0.03811698497801016
0.29620254341560076,0.7230015042461926,0.334742847912064,-0.0072854039309216394,-0.03826470580783591
0.30000001192092896,0.7230015042461926,,,
0.0,0.7350515293169625,,,
0.0037974685053282146,0.7350515293169625,-0.5919347732321758,-0.0015134000003167282,0.016274746566298178
0.007594937010656429,0.7350515293169625,-0.5790405650283559,-0.0029961122300870046,0.016253700857842678
0.011392405515984643,0.7350515293169625,-0.5577466550645895,-0.004419038958689064,0.016218424241764885
0.015189874021312859,0.7350515293169625,-0.528367880792715,-0.0057537184714710156,0.016169518024020675
0.018987342526641072,0.7350515293169625,-0.491267516195623,-0.0069729610857207185,0.016105378722061053
0.022784811031969287,0.7350515293169625,-0.44699249043644307,-0.008051962178613061,0.016028010689072256
0.026582279537297502,0.7350515293169625,-0.3961099145662432,-0.008968779199187368,0.015935409571868054
0.030379748042625717,0.7350515293169625,-0.33937055481633055,-0.009703377644392589,0.015827976241085687
0.03417721654795393,0.7350515293169625,-0.2774969227748984,-0.010240811138936667,0.015706512437999653
0.037974685053282144,0.7350515293169625,-0.2113891306439978,-0.01056963139536186,0.01556941468006096
0.04177215355861036,0.7350515293169625,-0.1418988540946276,-0.010681570206059799,0.015418286449818602
0.045569622063938574,0.7350515293169625,-0.07002711476853063,-0.010571857451256422,0.015250722523449091
0.04936709056926679,0.7350515293169625,0.0032856113563654353,-0.010241129146921603,0.015067925512864167
0.053164559074595004,0.7350515293169625,0.07699793886244108,-0.009695427444769155,0.01486749019424035
0.05696202757992322,0.7350515293169625,0.15015324626141793,-0.008944292584347193,0.014651020050126626
0.060759496085251434,0.7350515293169625,0.22169400262532576,-0.008001080901023088,0.01441450637415052
0.06455696459057965,0.7350515293169625,0.2907079866193506,-0.006882964825983455,0.01416516483778249
0.06835443309590786,0.7350515293169625,0.35623454037762636,-0.005611568902204031,0.013893374545728593
0.07215190160123608,0.7350515293169625,0.41735336981016374,-0.004213605800419552,0.013603144204361303
0.07594937010656429,0.7350515293169625,0.4732975631753049,-0.0027183322552442515,0.013292870331131633
0.07974683861189251,0.7350515293169625,0.5232921359762168,-0.0011556410172622379,0.012963354667314075
0.08354430711722072,0.7350515293169625,0.5666509040229951,0.000440759067123132,0.012610588506536156
0.08734177562254894,0.7350515293169625,0.6028329927188916,0.00203143500777963,0.012236175331346862
0.09113924412787715,0.7350515293169625,0.631313672977509,0.0035826779583039,0.011837709917922712
0.09493671263320537,0.7350515293169625,0.6517700345918332,0.005056962976473337,0.011412787042440217
0.09873418113853358,0.7350515293169625,0.6639276038859029,0.00641167699230634,0.01096461366999736
0.1025316496438618,0.7350515293169625,0.6676249257562109,0.007611839127459804,0.010488379352947167
0.10632911814919001,0.7350515293169625,0.6628620002027574,0.008621196471650872,0.009983282350015145
0.11012658665451823,0.7350515293169625,0.649727627532471,0.00940349611459669,0.009453331367573769
0.11392405515984644,0.7350515293169625,0.6283994083592094,0.009925029209893903,0.008890508992878087
0.11772152366517466,0.7350515293169625,0.5992244711555124,0.010157811054868024,0.008298022191026079
0.12151899217050287,0.7350515293169625,0.5625983809249718,0.01007385694684457,0.007674267479468757
0.12531646067583108,0.7350515293169625,0.519062012264336,0.009648998278968306,0.007017641375657128
0.1291139291811593,0.7350515293169625,0.4692611855876324,0.008867970667962237,0.006326540397042202
0.13291139768648752,0.7350515293169625,0.4137852120226612,0.007714237698609622,0.0056025680261729705
0.13670886619181571,0.7350515293169625,0.35356245841458717,0.006181439211211717,0.0048441207805004416
0.14050633469714394,0.7350515293169625,0.2892629634429638,0.004265123093979399,0.004052802142573607
0.14430380320247216,0.7350515293169625,0.22201287645475187,0.001965607354897604,0.003225405147294485
0.14810127170780038,0.7350515293169625,0.15244187235362824,-0.0007062957345457981,0.0023623306653003232
0.15189874021312857,0.7350515293169625,0.08173664615036863,-0.0037378658549533142,0.001465182179140112
0.1556962087184568,0.7350515293169625,0.010692364229744518,-0.007110340535213642,0.000535162300725595
0.15949367722378502,0.7350515293169625,-0.05952042390781905,-0.010800028180448952,-0.0004313368056784571
0.16329114572911324,0.7350515293169625,-0.1282236068275931,-0.014775446000150448,-0.0014281016451947058
0.16708861423444143,0.7350515293169625,-0.19427085329467864,-0.019001295107990087,-0.002457537441646637
0.17088608273976966,0.7350515293169625,-0.2569416699096761,-0.02343885803180175,-0.003517439406529388
0.17468355124509788,0.7350515293169625,-0.315372776416022,-0.02804391178618009,-0.00460570296899741
0.1784810197504261,0.7350515293169625,-0.36866532197966156,-0.03276845704089863,-0.005720849918575851
0.1822784882557543,0.7350515293169625,-0.4164159211154268,-0.037561453514374926,-0.006860600303515366
0.18607595676108252,0.7350515293169625,-0.45780569372021857,-0.0423694361141414,-0.008022724280896265
0.18987342526641074,0.7350515293169625,-0.49243907479044496,-0.047136813069331186,-0.009204190266524363
0.19367089377173893,0.7350515293169625,-0.5199136879353349,-0.05180604481016969,-0.010402292383598237
0.19746836227706716,0.7350515293169625,-0.539832202236102,-0.056320247658351245,-0.01161342279638266
0.20126583078239538,0.7350515293169625,-0.5521663630496322,-0.06062233918057961,-0.012835076063394832
0.2050632992877236,0.7350515293169625,-0.556729487912496,-0.06465547544954724,-0.014062942825284343
0.2088607677930518,0.7350515293169625,-0.5535972589044621,-0.06836487958984866,-0.015292413069722845
0.21265823629838002,0.7350515293169625,-0.5429210401850683,-0.07169792127997675,-0.01652088113756823
0.21645570480370824,0.7350515293169625,-0.5249309052768119,-0.07460578629424365,-0.017742734839899025
0.22025317330903646,0.7350515293169625,-0.5000284737496662,-0.07704268148281837,-0.018954366340980005
0.22405064181436465,0.7350515293169625,-0.4686496743831,-0.07896710680366659,-0.020151366063801447
0.22784811031969288,0.7350515293169625,-0.43131923626351065,-0.08034265034251299,-0.02132872312539776
0.2316455788250211,0.7350515293169625,-0.38874150727994705,-0.08113830632082618,-0.022481827513440585
0.23544304733034932,0.7350515293169625,-0.34155827146884904,-0.08132958812376598,-0.02360586878028296
0.23924051583567751,0.7350515293169625,-0.29058689529172044,-0.08089773328022108,-0.02469663778423378
0.24303798434100574,0.7350515293169625,-0.2365741086022805,-0.07983049848277143,-0.02574932407764607
0.24683545284633396,0.7350515293169625,-0.18050478753192148,-0.07812263659966552,-0.026759117212872868
0.25063292135166215,0.7350515293169625,-0.12312364374556886,-0.07577637368679795,-0.027721006306948574
0.2544303898569904,0.7350515293169625,-0.06546398990566685,-0.07280037546175823,-0.02863218526541245
0.2582278583623186,0.7350515293169625,-0.008384565343992753,-0.0692107013277857,-0.029487342552320973
0.2620253268676468,0.7350515293169625,0.04735881823616173,-0.06502992985181093,-0.030282068590664412
0.26582279537297504,0.7350515293169625,0.10065010243180517,-0.06028755627443684,-0.03101385793895997
0.26962026387830323,0.7350515293169625,0.15086566690564213,-0.05501959499995759,-0.03167840123785724
0.27341773238363143,0.7350515293169625,0.19712053587157544,-0.04926770507439996,-0.032272892392895484
0.2772152008889597,0.7350515293169625,0.23883044367378947,-0.04307974669949703,-0.032794024221317414
0.2810126693942879,0.7350515293169625,0.27520022392751275,-0.03650747567479734,-0.03323919106398091
0.2848101378996161,0.7350515293169625,0.3057475295110184,-0.029608928457551958,-0.033607190308974244
0.2886076064049443,0.7350515293169625,0.33001826794569333,-0.022444049552921563,-0.03389401324992493
0.2924050749102725,0.7350515293169625,0.3476410924934715,-0.015076281553901158,-0.03410146380470058
0.29620254341560076,0.7350515293169625,0.35830520208010236,-0.007572406137327575,-0.034225332831610104
0.30000001192092896,0.7350515293169625,,,
0.0,0.7471015543877324,,,
0.0037974685053282146,0.7471015543877324,-0.5967784263373828,-0.001555377054328455,0.014839830120270263
0.007594937010656429,0.7471015543877324,-0.5837469812955821,-0.003080702354080333,0.014820989200319623
0.011392405515984643,0.7471015543877324,-0.5622108886765553,-0.004546560160648931,0.014789520855295684
0.015189874021312859,0.7471015543877324,-0.5325192951416362,-0.005924011747404953,0.014744422908605325
0.018987342526641072,0.7471015543877324,-0.4949971290866324,-0.007186344443613663,0.01468790014875341
0.022784811031969287,0.7471015543877324,-0.45025388352728246,-0.008309230638427357,0.014616946045960576
0.026582279537297502,0.7471015543877324,-0.3988183239275715,-0.009270886784877827,0.014533564953413068
0.030379748042625717,0.7471015543877324,-0.3414694711619203,-0.010050960371929084,0.014436153388561893
0.03417721654795393,0.7471015543877324,-0.27895809146163586,-0.010634187016304137,0.014324310480769802
0.037974685053282144,0.7471015543877324,-0.21216411514083092,-0.011009754446515118,0.014198837971311292
0.04177215355861036,0.7471015543877324,-0.14198765440155642,-0.01117003047092353,0.014057731507000123
0.045569622063938574,0.7471015543877324,-0.06940147624244139,-0.011109926961770374,0.013901792829110794
0.04936709056926679,0.7471015543877324,0.004593397694771333,-0.010831033958980342,0.013729819325731557
0.053164559074595004,0.7471015543877324,0.07898383663557597,-0.010339711622252175,0.013541410126225168
0.05696202757992322,0.7471015543877324,0.15275267342787904,-0.00964263811926956,0.013334560877405387
0.060759496085251434,0.7471015543877324,0.22491503194028845,-0.0087534877933848,0.013114082026919186
0.06455696459057965,0.7471015543877324,0.2944053084896586,-0.0076951572195133825,0.012871956162021614
0.06835443309590786,0.7471015543877324,0.3604000820481044,-0.006486090860781674,0.01261139024781065
0.07215190160123608,0.7471015543877324,0.4218660399531816,-0.0051504573240449105,0.0123315825430118
0.07594937010656429,0.7471015543877324,0.4780766342391092,-0.0037200574077968242,0.012030929565076072
0.07974683861189251,0.7471015543877324,0.5282165166331773,-0.0022247838626215234,0.011708629572728972
0.08354430711722072,0.7471015543877324,0.571631793966183,-0.0007002535828319889,0.011365484307244995
0.08734177562254894,0.7471015543877324,0.6077170095999753,0.0008179165372587991,0.010997485062251665
0.09113924412787715,0.7471015543877324,0.6360200892447351,0.002292837571398111,0.010608640544121457
0.09493671263320537,0.7471015543877324,0.6561696861623963,0.0036863485613934676,0.010194942046481897
0.09873418113853358,0.7471015543877324,0.6678671084114713,0.0049602885490523906,0.009753984345509496
0.1025316496438618,0.7471015543877324,0.6710154829298559,0.0060764965761824,0.009289776147576733
0.10632911814919001,0.7471015543877324,0.6656067369623747,0.006998719732500641,0.00879991222886012
0.11012658665451823,0.7471015543877324,0.6516570160193784,0.00769070510772426,0.008279582141712689
0.11392405515984644,0.7471015543877324,0.6294650120423549,0.008121287919329397,0.007733596333781407
0.11772152366517466,0.7471015543877324,0.5993294169727919,0.008259303384792197,0.007161153063791782
0.12151899217050287,0.7471015543877324,0.5616377230591058,0.008078038833377921,0.006556640142822346
0.12531646067583108,0.7471015543877324,0.5169873141842724,0.007556505738080709,0.0059256697597945655
0.1291139291811593,0.7471015543877324,0.4660401562726697,0.006676259635774194,0.005266638432159451
0.13291139768648752,0.7471015543877324,0.40934519667622143,0.005422672159151261,0.004577942677368011
0.13670886619181571,0.7471015543877324,0.34793574805737165,0.003788747132543286,0.003860384236694741
0.14050633469714394,0.7471015543877324,0.28238093965598215,0.001771940492070773,0.003111557886316156
0.14430380320247216,0.7471015543877324,0.21394012127940684,-0.0006274297542813416,0.0023362740738792267
0.14810127170780038,0.7471015543877324,0.14320664043303352,-0.0033985513350251887,0.0015333301874722103
0.15189874021312857,0.7471015543877324,0.07139544677075162,-0.006527749906808464,0.0007027262270951071
0.1556962087184568,0.7471015543877324,-0.0007184752106057094,-0.00999689901448974,-0.00015633954852657832
0.15949367722378502,0.7471015543877324,-0.0718616483821278,-0.013778490967371935,-0.001039457562383122
0.16329114572911324,0.7471015543877324,-0.14142861610566376,-0.01784199699890107,-0.0019476299910676429
0.16708861423444143,0.7471015543877324,-0.20820241053853034,-0.022153628760677554,-0.002878852481393903
0.17088608273976966,0.7471015543877324,-0.2714685928477095,-0.026671170692700953,-0.003832022639109471
0.17468355124509788,0.7471015543877324,-0.3303492509078825,-0.03135037993406686,-0.004805236328687421
0.1784810197504261,0.7471015543877324,-0.3839316588370368,-0.03614293914656388,-0.005796639523430482
0.1822784882557543,0.7471015543877324,-0.4318041061212298,-0.04099699315314814,-0.006804102598078277
0.18607595676108252,0.7471015543877324,-0.47314064899658415,-0.045858122837397264,-0.007825495927370427
0.18987342526641074,0.7471015543877324,-0.5075406769875233,-0.050669961283981095,-0.008858238906579653
0.19367089377173893,0.7471015543877324,-0.5345939932216999,-0.05537457141314388,-0.009899700822149011
0.19746836227706716,0.7471015543877324,-0.553919160017079,-0.05991493041808653,-0.01094737623259571
0.20126583078239538,0.7471015543877324,-0.5654662272010131,-0.06423268383357306,-0.01199825860814039
0.2050632992877236,0.7471015543877324,-0.5690646578204233,-0.06826995420634487,-0.013048940548366446
0.2088607677930518,0.7471015543877324,-0.5648062794654287,-0.07197252117497013,-0.014097217264769016
0.21265823629838002,0.7471015543877324,-0.5528263107852167,-0.07528680039398693,-0.015138679180338377
0.21645570480370824,0.7471015543877324,-0.5333951890781612,-0.07816350062572996,-0.01617092107125104
0.22025317330903646,0.7471015543877324,-0.5069044429702664,-0.0805566697163758,-0.017189934231134532
0.22405064181436465,0.7471015543877324,-0.473814219506527,-0.08242464861989765,-0.018191910388935
0.22784811031969288,0.7471015543877324,-0.43466337509489733,-0.08373086641802771,-0.019174043450191712
0.2316455788250211,0.7471015543877324,-0.39017845770115844,-0.08444399932424966,-0.02013252514385081
0.23544304733034932,0.7471015543877324,-0.3410214332496886,-0.08453987873170826,-0.021063948069495693
0.23924051583567751,0.7471015543877324,-0.28802379552354834,-0.08399958316529975,-0.02196450395607251
0.24303798434100574,0.7471015543877324,-0.23195649264198315,-0.08281086931760404,-0.02283058496784603
0.24683545284633396,0.7471015543877324,-0.1738266008131173,-0.08096904657084328,-0.02365898413971827
0.25063292135166215,0.7471015543877324,-0.11441515910016539,-0.0784768974948857,-0.024446995594887812
0.2544303898569904,0.7471015543877324,-0.05474841650479321,-0.07534364432129448,-0.02519010953868562
0.2582278583623186,0.7471015543877324,0.0042674602045667765,-0.07158494894332777,-0.025886622270903388
0.2620253268676468,0.7471015543877324,0.0618605138142722,-0.06722450295586341,-0.026533126391124512
0.26582279537297504,0.7471015543877324,0.11690055859977475,-0.06229259661946667,-0.02712651515191033
0.26962026387830323,0.7471015543877324,0.16873874686385607,-0.056826118860390296,-0.027664283111778033
0.27341773238363143,0.7471015543877324,0.21647294821567134,-0.05086776225061211,-0.028144726570519325
0.2772152008889597,0.7471015543877324,0.25950073330026047,-0.04446514848587649,-0.028565640739629344
0.2810126693942879,0.7471015543877324,0.2970107902225012,-0.03767233892362276,-0.028924820830603225
0.2848101378996161,0.7471015543877324,0.3285147172942853,-0.030547211017109534,-0.029220863796210604
0.2886076064049443,0.7471015543877324,0.35353016739388576,-0.02315161731940711,-0.029452767459858364
0.2924050749102725,0.7471015543877324,0.371707993859969,-0.015550113451457771,-0.029618527468360262
0.29620254341560076,0.7471015543877324,0.3826950136536136,-0.007809481090098351,-0.02971874512767217
0.30000001192092896,0.7471015543877324,,,
0.0,0.7591515794585022,,,
0.0037974685053282146,0.7591515794585022,-0.601755279902983,-0.0015919479725962473,0.013201070955201923
0.007594937010656429,0.7591515794585022,-0.5885805434568199,-0.0031543212025933235,0.013185036129712018
0.011392405515984643,0.7591515794585022,-0.566812359126502,-0.004657544947392058,0.013158578667653674
0.015189874021312859,0.7591515794585022,-0.5367857462518061,-0.0060726804803631525,0.013121698569026893
0.018987342526641072,0.7591515794585022,-0.49887205157079806,-0.007373651146741747,0.01307279235128268
0.022784811031969287,0.7591515794585022,-0.45364040432333974,-0.008536288339672607,0.013013062626332783
0.026582279537297502,0.7591515794585022,-0.4016680065044683,-0.009537695484240242,0.012940905911628208
0.030379748042625717,0.7591515794585022,-0.3437136971006662,-0.0103603821412731,0.0128575248190807
0.03417721654795393,0.7591515794585022,-0.2805564969863542,-0.010987811895554443,0.012760113254229523
0.037974685053282144,0.7591515794585022,-0.2130965183635833,-0.011408218451641586,0.012649072087711929
0.04177215355861036,0.7591515794585022,-0.14222580067922908,-0.011614923641850846,0.012524401319527914
0.045569622063938574,0.7591515794585022,-0.06893729281985905,-0.011603157346408165,0.012385299208402983
0.04936709056926679,0.7591515794585022,0.005735692552082658,-0.011375781637177979,0.012230563142425396
0.053164559074595004,0.7591515794585022,0.08078406103967792,-0.01093693061796447,0.012058990509683407
0.05696202757992322,0.7591515794585022,0.15521486375635926,-0.010293282456451325,0.011872986534000504
0.060759496085251434,0.7591515794585022,0.22791809686551678,-0.009463281615764908,0.011666137285180723
0.06455696459057965,0.7591515794585022,0.29791695699093373,-0.008464100527091834,0.011440847987047552
0.06835443309590786,0.7591515794585022,0.36437187759437417,-0.007316091701468091,0.011199523863424474
0.07215190160123608,0.7591515794585022,0.4261688184616405,-0.006045967809628417,0.010934949242841033
0.07594937010656429,0.7591515794585022,0.4826377409131791,-0.004681713554247294,0.010651132831669708
0.07974683861189251,0.7591515794585022,0.5329310056555788,-0.0032564017657582046,0.010345669406087008
0.08354430711722072,0.7591515794585022,0.5763624284989352,-0.001803105274594631,0.01001615374226945
0.08734177562254894,0.7591515794585022,0.6123911348465001,-0.0003574409750695529,0.009666594546589512
0.09113924412787715,0.7591515794585022,0.6404762501015255,0.0010424301746245503,0.009291379630125723
0.09493671263320537,0.7591515794585022,0.6602948640569977,0.0023589832322650746,0.008892914216701572
0.09873418113853358,0.7591515794585022,0.6715725030369547,0.003553421223689666,0.00847280178886605
0.1025316496438618,0.7591515794585022,0.6741477119378898,0.004588855222645595,0.008024628416423192
0.10632911814919001,0.7591515794585022,0.6680447090253289,0.005428396302880133,0.0075516010644709804
0.11012658665451823,0.7591515794585022,0.6533280763406749,0.006036427570080297,0.007055323215558406
0.11392405515984644,0.7591515794585022,0.6302642148047141,0.006383056273661981,0.006532587904587488
0.11772152366517466,0.7591515794585022,0.5991114525830575,0.006435845599161577,0.00598259339028373
0.12151899217050287,0.7591515794585022,0.5604106642724533,0.006169354907784099,0.0054109518615686
0.12531646067583108,0.7591515794585022,0.5146300696730716,0.005564503720433307,0.004812051129520631
0.1291139291811593,0.7591515794585022,0.46252043501621926,0.004598395462193715,0.004189899900512299
0.13291139768648752,0.7591515794585022,0.40461456214346925,0.0032602178615774528,0.0035404894681711273
0.13670886619181571,0.7591515794585022,0.34199420024831767,0.001543610758885774,0.0028702337626930786
0.14050633469714394,0.7591515794585022,0.2752325149482141,-0.0005549239337156315,0.002176727560254667
0.14430380320247216,0.7591515794585022,0.2055888560505124,-0.0030318881283924537,0.0014611734727676357
0.14810127170780038,0.7591515794585022,0.13369289845888938,-0.0058799676414911335,0.0007239723708692318
0.15189874021312857,0.7591515794585022,0.06076766458240986,-0.00908389808973468,-3.3272262891553845e-05
0.1556962087184568,0.7591515794585022,-0.012371497306216289,-0.012622690946117229,-0.0008085560753284832
0.15949367722378502,0.7591515794585022,-0.08445514645566607,-0.016470587563858857,-0.001601077325167061
0.16329114572911324,0.7591515794585022,-0.1548657170950256,-0.02059737718439052,-0.002410836012407287
0.16708861423444143,0.7591515794585022,-0.22235495945530714,-0.02496585287347455,-0.0032350260425884282
0.17088608273976966,0.7591515794585022,-0.28619733466512653,-0.0295353891110352,-0.004071442627205622
0.17468355124509788,0.7591515794585022,-0.3455088760327835,-0.034261107020198196,-0.0049191838073250616
0.1784810197504261,0.7591515794585022,-0.3993597030715181,-0.03909379486529449,-0.005775994685612229
0.1822784882557543,0.7591515794585022,-0.4473325552482045,-0.04398125958579623,-0.00664007134419951
0.18607595676108252,0.7591515794585022,-0.4885898842134007,-0.048868803808294205,-0.007509008559263419
0.18987342526641074,0.7591515794585022,-0.5227300703971334,-0.05369986186246769,-0.008381102630595652
0.19367089377173893,0.7591515794585022,-0.5493368623606738,-0.058415920279088214,-0.009254198878521004
0.19746836227706716,0.7591515794585022,-0.5680384088187576,-0.06295898235190284,-0.010125791861556679
0.20126583078239538,0.7591515794585022,-0.5787640731636003,-0.06727093212166425,-0.010992875049923316
0.2050632992877236,0.7591515794585022,-0.5813756094628244,-0.07129468715507623,-0.011854145614049865
0.2088607677930518,0.7591515794585022,-0.5759466816074049,-0.07497451655277848,-0.012706797459475588
0.21265823629838002,0.7591515794585022,-0.5626387447008486,-0.07825635895733167,-0.013548625797695625
0.21645570480370824,0.7591515794585022,-0.5417262724191172,-0.08109203615901779,-0.014376423663611995
0.22025317330903646,0.7591515794585022,-0.5136088661433904,-0.08343448297606612,-0.015188988445312954
0.22405064181436465,0.7591515794585022,-0.4787789639393642,-0.08524188135845741,-0.01598311317770052
0.22784811031969288,0.7591515794585022,-0.43776936764861135,-0.08647877341587114,-0.01675619220163259
0.2316455788250211,0.7591515794585022,-0.39134295263520197,-0.0871131993458211,-0.017506421599241543
0.23544304733034932,0.7591515794585022,-0.3401737939562774,-0.08712067253346713,-0.018230995276066645
0.23924051583567751,0.7591515794585022,-0.2851135672828365,-0.08648290751967533,-0.018927708443603038
0.24303798434100574,0.7591515794585022,-0.22695945718844457,-0.08518805850700677,-0.019594757183983104
0.24683545284633396,0.7591515794585022,-0.1667417490523551,-0.08323159388167611,-0.020229836491042673
0.25063292135166215,0.7591515794585022,-0.10525460016494259,-0.08061621671155532,-0.020830440923298946
0.2544303898569904,0.7591515794585022,-0.04356361420935264,-0.07735154673818875,-0.02139546808649949
0.2582278583623186,0.7591515794585022,0.017423023857188455,-0.07345443838477807,-0.02192191145086495
0.2620253268676468,0.7591515794585022,0.07689702942274927,-0.06894834474021241,-0.02240906949278014
0.26582279537297504,0.7591515794585022,0.13371106215803388,-0.0638636355670533,-0.022855038076718133
0.26962026387830323,0.7591515794585022,0.18718902881710717,-0.058238392321496954,-0.02325831393778926
0.27341773238363143,0.7591515794585022,0.23642476263153664,-0.052116102595483584,-0.023617093158125893
0.2772152008889597,0.7591515794585022,0.280792625075233,-0.04554470609274247,-0.023930573996453545
0.2810126693942879,0.7591515794585022,0.31945708598754813,-0.038578582178697904,-0.024197854493838405
0.2848101378996161,0.7591515794585022,0.35192772549157975,-0.031276482828567057,-0.024417732038368733
0.2886076064049443,0.7591515794585022,0.3777080691440442,-0.023700896611390104,-0.024589204453451412
0.2924050749102725,0.7591515794585022,0.3964348429620509,-0.01591757167805285,-0.02471247217440506
0.29620254341560076,0.7591515794585022,0.40776091847305995,-0.007993925721361999,-0.02478643280697725
0.30000001192092896,0.7591515794585022,,,
0.0,0.7712016045292721,,,
0.0037974685053282146,0.7712016045292721,-0.6068370792858627,-0.001621840723180356,0.011384726097832882
0.007594937010656429,0.7712016045292721,-0.5935190514353372,-0.003213470687791666,0.011372699978715452
0.011392405515984643,0.7712016045292721,-0.5715187753937282,-0.004746746187166977,0.011352656446853071
0.015189874021312859,0.7712016045292721,-0.5411732886896061,-0.006193523514639336,0.011323593325652618
0.018987342526641072,0.7712016045292721,-0.5028559562498308,-0.0075267719914890695,0.011286111921069963
0.022784811031969287,0.7712016045292721,-0.4571520528246148,-0.008722959026830816,0.01123921005651199
0.026582279537297502,0.7712016045292721,-0.4046307076538199,-0.009759983065711433,0.011182687296660073
0.030379748042625717,0.7712016045292721,-0.34609919625498065,-0.01061955864899702,0.011114539288327976
0.03417721654795393,0.7712016045292721,-0.2822921393490534,-0.011287057409380465,0.011036770384701933
0.037974685053282144,0.7712016045292721,-0.2141661584243165,-0.011749441019479334,0.01094577275004672
0.04177215355861036,0.7712016045292721,-0.142609256550058,-0.01199971330362501,0.010842348125636829
0.045569622063938574,0.7712016045292721,-0.06863052812319594,-0.01203533019793799,0.010724492158286024
0.04936709056926679,0.7712016045292721,0.006708459550711737,-0.01185692771838815,0.01059140310671981
0.053164559074595004,0.7712016045292721,0.08243897585062365,-0.011467685944824866,0.010444283582849927
0.05696202757992322,0.7712016045292721,0.15746716245028053,-0.010880961212615501,0.010279926621578395
0.060759496085251434,0.7712016045292721,0.2307354884217122,-0.0101107458730973,0.010096327869718978
0.06455696459057965,0.7712016045292721,0.3012671503887019,-0.00916944223768282,0.009895892551095159
0.06835443309590786,0.7712016045292721,0.36810956324055893,-0.00808312696113692,0.009673810218059969
0.07215190160123608,0.7712016045292721,0.43027785084589115,-0.006878512714194333,0.009434891318260377
0.07594937010656429,0.7712016045292721,0.48698088319751476,-0.005582948183559672,0.009172721921500423
0.07974683861189251,0.7712016045292721,0.53740331202272,-0.00422696213578692,0.008888103769054601
0.08354430711722072,0.7712016045292721,0.5808912441523038,-0.002844263417279432,0.008584243826020892
0.08734177562254894,0.7712016045292721,0.6168069319274139,-0.0014723769702598133,0.008254728162203335
0.09113924412787715,0.7712016045292721,0.644698301058231,-0.00014755570501091866,0.007903565483974405
0.09493671263320537,0.7712016045292721,0.6642020775618647,0.0010933114522145224,0.007528350567510617
0.09873418113853358,0.7712016045292721,0.6749953512313009,0.002211427527254156,0.0071266781889884855
0.1025316496438618,0.7712016045292721,0.6770296855354879,0.003168631561915503,0.0067049622786039716
0.10632911814919001,0.7712016045292721,0.6702485711881981,0.003931214709795208,0.006257590647435609
0.11012658665451823,0.7712016045292721,0.654732735741185,0.004463560076580289,0.005786968519306883
0.11392405515984644,0.7712016045292721,0.6307889438911115,0.0047319588158673915,0.00529389763549229
0.11772152366517466,0.7712016045292721,0.5986755238035889,0.004709698256921778,0.004778377995991829
0.12151899217050287,0.7712016045292721,0.5589091318098391,0.004370065729008716,0.004239607859531006
0.12531646067583108,0.7712016045292721,0.5120387152617858,0.003691436689152465,0.0036807941912078003
0.1291139291811593,0.7712016045292721,0.45872624008380714,0.0026547306582567864,0.003099531767198727
0.13291139768648752,0.7712016045292721,0.3996740359761581,0.0012504073967735607,0.0025022345176997484
0.13670886619181571,0.7712016045292721,0.3358185425391787,-0.0005304373188754575,0.001885695477612883
0.14050633469714394,0.7712016045292721,0.2678620894731241,-0.0026913015765245786,0.0012515181294871218
0.14430380320247216,0.7712016045292721,0.19701962643188362,-0.0052258252164750565,0.0006017068265087027
0.14810127170780038,0.7712016045292721,0.1239773376053616,-0.008127648079028145,-6.133320749888841e-05
0.15189874021312857,0.7712016045292721,0.04995824540262284,-0.011380233748967102,-0.0007372011018984039
0.1556962087184568,0.7712016045292721,-0.024198083638096786,-0.01496307071126347,-0.0014234916328663579
0.15949367722378502,0.7712016045292721,-0.09722220876547427,-0.01885087733111473,-0.002119603494446879
0.16329114572911324,0.7712016045292721,-0.16844812767754364,-0.023011852810027156,-0.0028217284155861145
0.16708861423444143,0.7712016045292721,-0.23663061788850795,-0.027409267225740483,-0.0035292650903281935
0.17088608273976966,0.7712016045292721,-0.30104010414939536,-0.032001978295203445,-0.004241211342079996
0.17468355124509788,0.7712016045292721,-0.3607598242006057,-0.0367447493825587,-0.004954410314573198
0.1784810197504261,0.7712016045292721,-0.41486090664977593,-0.041588607258125916,-0.005667458960577431
0.1822784882557543,0.7712016045292721,-0.46290994545342967,-0.04648112035538854,-0.006378403035736115
0.18607595676108252,0.7712016045292721,-0.5040709059037203,-0.051367313043950535,-0.007085689166329914
0.18987342526641074,0.7712016045292721,-0.5379295547507128,-0.056190659404489286,-0.007786912128535343
0.19367089377173893,0.7712016045292721,-0.5640645950836939,-0.06089296397576127,-0.008480318113314442
0.19746836227706716,0.7712016045292721,-0.5821122483725747,-0.0654154350315512,-0.00916470450875547
0.20126583078239538,0.7712016045292721,-0.5920033916511662,-0.06970035412259296,-0.0098381671793315
0.2050632992877236,0.7712016045292721,-0.5935997789870907,-0.07369087732157897,-0.010498801989515605
0.2088607677930518,0.7712016045292721,-0.5869781015545139,-0.07733095572116405,-0.011144805021440172
0.21265823629838002,0.7712016045292721,-0.572309905400912,-0.08056716397987874,-0.011774773227874832
0.21645570480370824,0.7712016045292721,-0.5499039734117418,-0.08335052886804267,-0.012388105302863717
0.22025317330903646,0.7712016045292721,-0.5201276159474816,-0.08563541623981735,-0.01298139384599022
0.22405064181436465,0.7712016045292721,-0.4835317985488486,-0.0873790540212287,-0.013555841469166082
0.22784811031969288,0.7712016045292721,-0.44064528667982805,-0.08854614332594868,-0.014108241207293325
0.2316455788250211,0.7712016045292721,-0.39224911940363444,-0.08910583737943838,-0.014638593060371949
0.23544304733034932,0.7712016045292721,-0.3390456264205229,-0.08903285454689526,-0.015145293545852962
0.23924051583567751,0.7712016045292721,-0.2819046471006368,-0.08831018140112519,-0.015627741357780493
0.24303798434100574,0.7712016045292721,-0.2216405206222891,-0.08692541563071561,-0.01608493431956142
0.24683545284633396,0.7712016045292721,-0.15930976881905304,-0.08487406537287928,-0.01651566981928401
0.25063292135166215,0.7712016045292721,-0.09573581271881386,-0.08215990697243733,-0.01691969731279997
0.2544303898569904,0.7712016045292721,-0.03199031057109859,-0.07879224216294918,-0.017295964514686533
0.2582278583623186,0.7712016045292721,0.030974152513402037,-0.0747881638736052,-0.017644321098454728
0.2620253268676468,0.7712016045292721,0.09234828282835969,-0.07017203946625124,-0.01796361456102247
0.26582279537297504,0.7712016045292721,0.15095143992938018,-0.06497435795644313,-0.018253744684730448
0.26962026387830323,0.7712016045292721,0.20608734868258993,-0.059233041796384674,-0.018514511034260037
0.27341773238363143,0.7712016045292721,0.25683268771480894,-0.05299181708400474,-0.01874551273897399
0.2772152008889597,0.7712016045292721,0.30254970936718484,-0.04629941854299498,-0.01894614849291643
0.2810126693942879,0.7712016045292721,0.34238068340233735,-0.039210384542772134,-0.01911611764310943
0.2848101378996161,0.7712016045292721,0.3758281262825857,-0.03178394407053079,-0.01925542018955298
0.2886076064049443,0.7712016045292721,0.4023713452991202,-0.024083062707288536,-0.019364457002884337
0.2924050749102725,0.7712016045292721,0.4216581665074165,-0.016172455077980114,-0.019442426341829005
0.29620254341560076,0.7712016045292721,0.43331724316940856,-0.008121446923321866,-0.019488526465112482
0.30000001192092896,0.7712016045292721,,,
0.0,0.783251629600042,,,
0.0037974685053282146,0.783251629600042,-0.6119996062204959,-0.0016421932342163446,0.00941244256257451
0.007594937010656429,0.783251629600042,-0.5985382869656081,-0.003255288737810924,0.009405026455785429
0.011392405515984643,0.783251629600042,-0.576316010156677,-0.0048103477841544414,0.009391797724756257
0.015189874021312859,0.783251629600042,-0.5456455950567473,-0.006280180690534757,0.009373958981398737
0.018987342526641072,0.783251629600042,-0.5069347158021739,-0.007638551798194539,0.009349105001889383
0.022784811031969287,0.783251629600042,-0.46076057438799406,-0.008860974492293614,0.00931743622154682
0.026582279537297502,0.783251629600042,-0.40771046375321407,-0.009926937257803527,0.009278551769733799
0.030379748042625717,0.783251629600042,-0.34858156847139926,-0.010818313639582848,0.009231649905175825
0.03417721654795393,0.783251629600042,-0.28416098217214575,-0.011519203238384712,0.009173924533412165
0.037974685053282144,0.783251629600042,-0.21536092619026756,-0.012018793782721249,0.009107780878266306
0.04177215355861036,0.783251629600042,-0.14313802201404308,-0.012310089096923839,0.009028809362728521
0.045569622063938574,0.783251629600042,-0.06847714577486438,-0.012389909101143107,0.008937811728073307
0.04936709056926679,0.783251629600042,0.007539953333772277,-0.012257935787394118,0.008832783621114428
0.053164559074595004,0.783251629600042,0.08392032642529947,-0.011920211307390679,0.008712522429940136
0.05696202757992322,0.783251629600042,0.15952571501999352,-0.011387229924635723,0.008573821189452454
0.060759496085251434,0.783251629600042,0.2333833521192254,-0.010672347974496616,0.008422292088572847
0.06455696459057965,0.783251629600042,0.3043993793967358,-0.00979337390412985,0.008249917714556363
0.06835443309590786,0.783251629600042,0.37167772102806146,-0.008770660224571415,0.008058301549951992
0.07215190160123608,0.783251629600042,0.43415277333005675,-0.007630283590586168,0.007844236629661754
0.07594937010656429,0.783251629600042,0.49109798833694074,-0.0064021367527582205,0.007611731660058125
0.07974683861189251,0.783251629600042,0.5416818722656528,-0.005116748477641554,0.0073583814173176195
0.08354430711722072,0.783251629600042,0.5851617316400612,-0.003807191595669651,0.007078573712518769
0.08734177562254894,0.783251629600042,0.6210047646185933,-0.0025078109692157425,0.006777920734583041
0.09113924412787715,0.783251629600042,0.6486781693596761,-0.0012567675564723072,0.006454017259686951
0.09493671263320537,0.783251629600042,0.6678428901459453,-9.158629966194951e-05,0.006106061546556002
0.09873418113853358,0.783251629600042,0.6782163805462637,0.0009527519228722248,0.005737260560288176
0.1025316496438618,0.783251629600042,0.679653330967475,0.001837450136967862,0.0053428038532365016
0.10632911814919001,0.783251629600042,0.6722183234509823,0.0025262554323421072,0.0049283036143224455
0.11012658665451823,0.783251629600042,0.6559113579967853,0.0029873670105012282,0.004489751137173531
0.11392405515984644,0.783251629600042,0.6310876358325993,0.0031883480569816175,0.004031155128162235
0.11772152366517466,0.783251629600042,0.5980054851240353,0.003099941837169041,0.0035525155872885563
0.12151899217050287,0.783251629600042,0.5572057804678414,0.0026967077122685133,0.003056237738375982
0.12531646067583108,0.783251629600042,0.5092213237055904,0.0019582931712440453,0.0025407180988755215
0.1291139291811593,0.783251629600042,0.45477059004788806,0.0008681617988788964,0.002011568857708641
0.13291139768648752,0.783251629600042,0.3945397636846386,-0.000587678756164176,0.0014671865323263502
0.13670886619181571,0.783251629600042,0.32946528421618215,-0.002415588653583918,0.0009083728640031447
0.14050633469714394,0.783251629600042,0.26033424527211485,-0.004616521917335142,0.0003415417829349865
0.14430380320247216,0.783251629600042,0.18831719635286165,-0.007187298467568475,-0.00023450932278986747
0.14810127170780038,0.783251629600042,0.11413261266902831,-0.010119014080705672,-0.0008181769706224265
0.15189874021312857,0.783251629600042,0.039043880405556335,-0.013395450349514927,-0.001405853324827462
0.1556962087184568,0.783251629600042,-0.03612356122087526,-0.016996413766952722,-0.0019963357734932305
0.15949367722378502,0.783251629600042,-0.11004981673909756,-0.020895827678254198,-0.0025866177868403757
0.16329114572911324,0.783251629600042,-0.18208502935749526,-0.02506220929291056,-0.003175897623594402
0.16708861423444143,0.783251629600042,-0.25095067647517316,-0.02945938520263518,-0.003761569624613199
0.17088608273976966,0.783251629600042,-0.3158954873136256,-0.034045457855412575,-0.004340727477776722
0.17468355124509788,0.783251629600042,-0.3760092587268325,-0.03877530986837976,-0.004912369006491852
0.1784810197504261,0.783251629600042,-0.43034091924569856,-0.0436004847748319,-0.005474139095764759
0.1822784882557543,0.783251629600042,-0.4784505037131674,-0.04846871001224493,-0.006024484371876108
0.18607595676108252,0.783251629600042,-0.5194908773830262,-0.05332508945221905,-0.0065614004816396615
0.18987342526641074,0.783251629600042,-0.5530503297413325,-0.05811337543241847,-0.0070838852484623
0.19367089377173893,0.783251629600042,-0.5787015093109914,-0.06277517373660907,-0.007590485516284001
0.19746836227706716,0.783251629600042,-0.5960760966371278,-0.06725312367450777,-0.008078745952451623
0.20126583078239538,0.783251629600042,-0.6051135460559266,-0.07148962604984281,-0.008549167645261724
0.2050632992877236,0.783251629600042,-0.6056766207294069,-0.07542656490336688,-0.009000147112165315
0.2088607677930518,0.783251629600042,-0.597848066398116,-0.07900956086965573,-0.009430481741250654
0.21265823629838002,0.783251629600042,-0.5818135564310869,-0.08218630163518713,-0.009840171532517738
0.21645570480370824,0.783251629600042,-0.5578798555249826,-0.08490701895031841,-0.01022821430937345
0.22025317330903646,0.783251629600042,-0.5264566560049521,-0.08712623767320353,-0.010595612248410909
0.22405064181436465,0.783251629600042,-0.488062632391011,-0.0888027757697931,-0.010939759690488006
0.22784811031969288,0.783251629600042,-0.4432992049437227,-0.08990061883579298,-0.011263462730065472
0.2316455788250211,0.783251629600042,-0.39291713989439425,-0.09038955611263412,-0.011564416360979135
0.23544304733034932,0.783251629600042,-0.33767325804071424,-0.0902452599894688,-0.011844624936415233
0.23924051583567751,0.783251629600042,-0.2784414351304138,-0.08944992201914057,-0.012103587368077207
0.24303798434100574,0.783251629600042,-0.21605518313534725,-0.08799205416319351,-0.012341704526602302
0.24683545284633396,0.783251629600042,-0.15160886492897233,-0.08586748256682536,-0.01256022913273192
0.25063292135166215,0.783251629600042,-0.08593750612473881,-0.08307974506886855,-0.012759211295295716
0.2544303898569904,0.783251629600042,-0.02013597414330285,-0.07963889867184669,-0.012939452755568185
0.2582278583623186,0.783251629600042,0.04481791854472188,-0.07556167854596713,-0.013101855472483133
0.2620253268676468,0.783251629600042,0.1080931827034733,-0.0708726905590644,-0.013246870425507467
0.26582279537297504,0.783251629600042,0.16848748235902344,-0.06560305974266423,-0.01337565011772327
0.26962026387830323,0.783251629600042,0.2252853695839574,-0.05979011228399863,-0.013488495202108479
0.27341773238363143,0.783251629600042,0.2775463684003474,-0.05347765378299273,-0.01358610720227828
0.2772152008889597,0.783251629600042,0.3246155765445936,-0.04671465746932689,-0.013669287859507164
0.2810126693942879,0.783251629600042,0.36561306370258345,-0.039555343704432894,-0.013738939132728941
0.2848101378996161,0.783251629600042,0.4000332735814609,-0.032059577491475214,-0.013794860586624986
0.2886076064049443,0.783251629600042,0.4273474407172409,-0.024289211383524155,-0.01383805439778842
0.2924050749102725,0.783251629600042,0.44720238207100205,-0.01630967552348057,-0.013867718824944744
0.29620254341560076,0.783251629600042,0.4591823507512141,-0.008190295652060798,-0.01388696061553263
0.30000001192092896,0.783251629600042,,,
0.0,0.7953016546708118,,,
0.0037974685053282146,0.7953016546708118,-0.6172146060637688,-0.0016526874977192763,0.007311880423396894
0.007594937010656429,0.7953016546708118,-0.6036160499709,-0.003277072284779131,0.007309274764254784
0.011392405515984643,0.7953016546708118,-0.581159663261884,-0.004844056630557798,0.007305065622563683
0.015189874021312859,0.7953016546708118,-0.5501885380316727,-0.006327404876297949,0.007297849951093226
0.018987342526641072,0.7953016546708118,-0.5110820937735074,-0.007701517379212129,0.007288229055799283
0.022784811031969287,0.7953016546708118,-0.4644417507479514,-0.00894238453643757,0.00727500032477011
0.026582279537297502,0.7953016546708118,-0.41087094740436164,-0.010029653836938284,0.007256159404819472
0.030379748042625717,0.7953016546708118,-0.35117292288268503,-0.010945516833557779,0.007231305425310118
0.03417721654795393,0.7953016546708118,-0.28611458892457925,-0.011674391135034127,0.0072004383862420505
0.037974685053282144,0.7953016546708118,-0.21668485803902415,-0.01220641849383427,0.007159549581242791
0.04177215355861036,0.7953016546708118,-0.14378787880565835,-0.01253333070234984,0.0071090398809495895
0.045569622063938574,0.7953016546708118,-0.06846503664210137,-0.0126522656887164,0.007048107544087948
0.04936709056926679,0.7953016546708118,0.008218064768501262,-0.012565131500843573,0.006974347346834383
0.053164559074595004,0.7953016546708118,0.08521600363094235,-0.012276380250520483,0.006886155806639903
0.05696202757992322,0.7953016546708118,0.16145510350690098,-0.011795552177295247,0.006784334664779003
0.060759496085251434,0.7953016546708118,0.2358213241821796,-0.011136639632505111,0.006661668249781227
0.06455696459057965,0.7953016546708118,0.30733786228056137,-0.010316815047336687,0.006522967009293544
0.06835443309590786,0.7953016546708118,0.3750198416706543,-0.009358974996705465,0.006365825719492471
0.07215190160123608,0.7953016546708118,0.43784202244518944,-0.008286016055526932,0.006187037415280025
0.07594937010656429,0.7953016546708118,0.49500520184180774,-0.007124650894535822,0.005985800355381711
0.07974683861189251,0.7953016546708118,0.5456940315877993,-0.0059098603920752415,0.00576211453979753
0.08354430711722072,0.7953016546708118,0.5892223274932599,-0.0046728093306690486,0.005519186933625462
0.08734177562254894,0.7953016546708118,0.6249684874096877,-0.0034472065567205997,0.0052514053479440406
0.09113924412787715,0.7953016546708118,0.6524158550058609,-0.002269304980512749,0.004959571524027762
0.09493671263320537,0.7953016546708118,0.6712738110954669,-0.0011759935282982267,0.004646892426974605
0.09873418113853358,0.7953016546708118,0.6811790816956153,-0.0002047971422996371,0.004309359350412095
0.1025316496438618,0.7953016546708118,0.6820751575200786,0.0006099393151097887,0.003950981000712707
0.10632911814919001,0.7953016546708118,0.6739458930585062,0.001231326917677321,0.0035709556366019476
0.11012658665451823,0.7953016546708118,0.6568881613730021,0.0016275648669092277,0.0031716884819033013
0.11392405515984644,0.7953016546708118,0.6311845088947035,0.0017674883802816506,0.0027539812778912642
0.11772152366517466,0.7953016546708118,0.597157845830624,0.0016224767391502305,0.0023178340245658354
0.12151899217050287,0.7953016546708118,0.5553086830016353,0.0011689973526296056,0.0018664536870249965
0.12531646067583108,0.7953016546708118,0.5062666953114141,0.0003828816138645389,0.0014038489716412237
0.1291139291811593,0.7953016546708118,0.4506615576636374,-0.0007479547805725877,0.0009252094307675455
0.13291139768648752,0.7953016546708118,0.38926018179996297,-0.002238140197988891,0.0004401559596979051
0.13670886619181571,0.7953016546708118,0.3230312983414322,-0.004093398782113243,-5.211318284219277e-05
0.14050633469714394,0.7953016546708118,0.2527135643865891,-0.006314048540930582,-0.0005491927730292622
0.14430380320247216,0.7953016546708118,0.1795380750996739,-0.008898817442501157,-0.0010490784576770652
0.14810127170780038,0.7953016546708118,0.1042475239568183,-0.011835939191382287,-0.00154695978913863
0.15189874021312857,0.7953016546708118,0.02810126076537612,-0.015110785420266858,-0.0020420350261394615
0.1556962087184568,0.7953016546708118,-0.0480470206148599,-0.01870284461412641,-0.002531097203581578
0.15949367722378502,0.7953016546708118,-0.12286733376875165,-0.022586676134165953,-0.003012342403597366
0.16329114572911324,0.7953016546708118,-0.19568560363915785,-0.02672968416192942,-0.0034829645317260914
0.16708861423444143,0.7953016546708118,-0.26520514392603867,-0.031095615787133952,-0.003939355752232526
0.17088608273976966,0.7953016546708118,-0.330675188398087,-0.03564483926465673,-0.0043807143238421735
0.17468355124509788,0.7953016546708118,-0.39115929745496286,-0.04033172044865926,-0.004804685131561206
0.1784810197504261,0.7953016546708118,-0.44570589508037245,-0.0451078028724367,-0.005209263822203383
0.1822784882557543,0.7953016546708118,-0.493855843323718,-0.04992172824642169,-0.005592646477901092
0.18607595676108252,0.7953016546708118,-0.5347655392691759,-0.05471907745419182,-0.005953630486742589
0.18987342526641074,0.7953016546708118,-0.5680111632700408,-0.059444199098383055,-0.006290462039689915
0.19367089377173893,0.7953016546708118,-0.5931537592636529,-0.0640391759747387,-0.006602138960149952
0.19746836227706716,0.7953016546708118,-0.6098603260990294,-0.06844772066992483,-0.006888961901100637
0.20126583078239538,0.7953016546708118,-0.6180279361476848,-0.0726125122446565,-0.007149327379992977
0.2050632992877236,0.7953016546708118,-0.6175455890259579,-0.07647615025765253,-0.007383034961508349
0.2088607677930518,0.7953016546708118,-0.608510157795953,-0.07998520936744344,-0.007591086822239872
0.21265823629838002,0.7953016546708118,-0.5910992430715276,-0.08308753626449951,-0.0077728816562316755
0.21645570480370824,0.7953016546708118,-0.5656478641924585,-0.08573479373511027,-0.007929421640076878
0.22025317330903646,0.7953016546708118,-0.5325515861623376,-0.0878813476334372,-0.008060907209094102
0.22405064181436465,0.7953016546708118,-0.49238761097620215,-0.08948681094539329,-0.008169743587106836
0.22784811031969288,0.7953016546708118,-0.445724058779517,-0.09051604378864295,-0.008255329468159206
0.2316455788250211,0.7953016546708118,-0.393376277844992,-0.09093907391060582,-0.008320871817349194
0.23544304733034932,0.7953016546708118,-0.33608696164875895,-0.09073216996540596,-0.008366871722973361
0.23924051583567751,0.7953016546708118,-0.2747683315256318,-0.08987726512439916,-0.00839548386470691
0.24303798434100574,0.7953016546708118,-0.2102725676938079,-0.08836410363007112,-0.008408487106002631
0.24683545284633396,0.7953016546708118,-0.14371118763149257,-0.08618853150311866,-0.008407835691217103
0.25063292135166215,0.7953016546708118,-0.07595049887844006,-0.08335372882339111,-0.008395684300025534
0.2544303898569904,0.7953016546708118,-0.008102018912855675,-0.07987028923188672,-0.008373987176784507
0.2582278583623186,0.7953016546708118,0.05883676245390702,-0.07575498764981091,-0.00834472362026543
0.2620253268676468,0.7953016546708118,0.12400155587088764,-0.07103209206151423,-0.008310248745462132
0.26582279537297504,0.7953016546708118,0.1861839707977767,-0.06573296600451112,-0.008271865381945671
0.26962026387830323,0.7953016546708118,0.2446367728336564,-0.05989433940106184,-0.00823237962417678
0.27341773238363143,0.7953016546708118,0.2984053586790421,-0.053559461337117864,-0.008192793648748574
0.2772152008889597,0.7953016546708118,0.34681767146558634,-0.046778179564318116,-0.008154710938210049
0.2810126693942879,0.7953016546708118,0.3889836899352074,-0.03960360141614713,-0.00812003562808813
0.2848101378996161,0.7953016546708118,0.42436657586874477,-0.03209463787181455,-0.008089970330294556
0.2886076064049443,0.7953016546708118,0.4524597638789455,-0.024313618496368095,-0.008065116350785202
0.2924050749102725,0.7953016546708118,0.4728515434518671,-0.016325575922727438,-0.008047878913383554
0.29620254341560076,0.7953016546708118,0.4851806587934128,-0.008197927843699293,-0.008036253664903372
0.30000001192092896,0.7953016546708118,,,
0.0,0.8073516797415817,,,
0.0037974685053282146,0.8073516797415817,-0.6224457514173924,-0.0016520514817494017,0.005107693224490763
0.007594937010656429,0.8073516797415817,-0.6087099584865427,-0.0032758002528393815,0.0051111006249073675
0.011392405515984643,0.8073516797415817,-0.5860335891989985,-0.004844374638542735,0.005116111507872963
0.015189874021312859,0.8073516797415817,-0.5547556992721242,-0.0063309029641322595,0.005122124567431678
0.018987342526641072,0.8073516797415817,-0.51526579914313,-0.007710421602790374,0.00512853849762764
0.022784811031969287,0.8073516797415817,-0.4681794363941362,-0.008960351987586528,0.00513374981591186
0.026582279537297502,0.8073516797415817,-0.41409197671932435,-0.010060341607484735,0.005137958957602959
0.030379748042625717,0.8073516797415817,-0.35382482295778583,-0.010992264007343565,0.005138760698877455
0.03417721654795393,0.8073516797415817,-0.28816910511670457,-0.011742762851795652,0.005134751992504978
0.037974685053282144,0.8073516797415817,-0.21810566294988487,-0.012300548857375719,0.00512432935593654
0.04177215355861036,0.8073516797415817,-0.14454268141455312,-0.012657989832445272,0.005107492789172139
0.045569622063938574,0.8073516797415817,-0.06858209159214387,-0.01281285972110975,0.005078630103290309
0.04936709056926679,0.8073516797415817,0.008750866610074034,-0.0127664305553089,0.005039745651477289
0.053164559074595004,0.8073516797415817,0.08637444399860436,-0.012522518430861971,0.004986830727360601
0.05696202757992322,0.8073516797415817,0.1631746003592495,-0.012093207651196583,0.004919484460302997
0.060759496085251434,0.8073516797415817,0.2380978411416269,-0.011489628495785541,0.004836103367755489
0.06455696459057965,0.8073516797415817,0.31009067179535404,-0.01072768136387571,0.00473588570844358
0.06835443309590786,0.8073516797415817,0.37814399792351283,-0.009832806894262079,0.004614021034720298
0.07215190160123608,0.8073516797415817,0.4413052344154125,-0.008826629629920384,0.004474518052958121
0.07594937010656429,0.8073516797415817,0.4986863782017651,-0.007737134273525109,0.004312566315510076
0.07974683861189251,0.8073516797415817,0.5495124447857376,-0.00659230552775074,0.004127364081101668
0.08354430711722072,0.8073516797415817,0.5930326679360227,-0.005426488254970508,0.003918911349732896
0.08734177562254894,0.8073516797415817,0.6286900275455218,-0.004274027317557644,0.0036880098626782577
0.09113924412787715,0.8073516797415817,0.6559436490174867,-0.003168631561915503,0.003436263102486742
0.09493671263320537,0.8073516797415817,0.6744544766345528,-0.0021484619462365656,0.003158860621511377
0.09873418113853358,0.8073516797415817,0.683931891210408,-0.0012459552849844382,0.0028606128673991354
0.1025316496438618,0.8073516797415817,0.6842790196829478,-0.0004973644884419758,0.002542321581424512
0.10632911814919001,0.8073516797415817,0.6754797165418217,6.105753310796634e-05,0.002203185022313011
0.11012658665451823,0.8073516797415817,0.6576792913801859,0.00039878201311140517,0.0018464101551626147
0.11392405515984644,0.8073516797415817,0.6310957085877746,0.00048528018501435745,0.0014711952386988266
0.11772152366517466,0.8073516797415817,0.5961568241888813,0.00029256734614233873,0.0010839542031176096
0.12151899217050287,0.8073516797415817,0.5532985669629744,-0.0002022530784201385,0.0006822818245954777
0.12531646067583108,0.8073516797415817,0.5031506118137309,-0.0010220776635885616,0.00026938506823041185
0.1291139291811593,0.8073516797415817,0.446487943237984,-0.002178990712790549,-0.0001475203945071303
0.13291139768648752,0.8073516797415817,0.3839079451187092,-0.0036844405134838438,-0.0005708397874406347
0.13670886619181571,0.8073516797415817,0.3165488759356301,-0.005548921329171379,-0.0009933574390996436
0.14050633469714394,0.8073516797415817,0.24506462885794966,-0.007771161127913403,-0.0014162759613959004
0.14430380320247216,0.8073516797415817,0.17077913573442452,-0.010346389789935859,-0.0018331814241334427
0.14810127170780038,0.8073516797415817,0.09439068988772199,-0.013265067075690624,-0.002243272086037775
0.15189874021312857,0.8073516797415817,0.017219186789010993,-0.016512564617870585,-0.0026417374994619257
0.1556962087184568,0.8073516797415817,-0.059891770645884926,-0.02006837090144728,-0.0030261724405824092
0.15949367722378502,0.8073516797415817,-0.13557788679233243,-0.023907363295610665,-0.003392768638345373
0.16329114572911324,0.8073516797415817,-0.20914288651645804,-0.027997581997874534,-0.0037391208689273314
0.16708861423444143,0.8073516797415817,-0.27930824721736647,-0.032302933101948504,-0.004064026520416541
0.17088608273976966,0.8073516797415817,-0.34527981160468313,-0.03678446062967775,-0.004363276451121901
0.17468355124509788,0.8073516797415817,-0.4061140764172896,-0.04139748445917858,-0.0046352671784944234
0.1784810197504261,0.8073516797415817,-0.4608574474500982,-0.046093826380733,-0.004878194784666491
0.1822784882557543,0.8073516797415817,-0.5090356503365575,-0.050823082128728415,-0.0050902553517704905
0.18607595676108252,0.8073516797415817,-0.5497970094056684,-0.05553182636169539,-0.005270045832576056
0.18987342526641074,0.8073516797415817,-0.5827187141051224,-0.060165202702232204,-0.005416964921127315
0.19367089377173893,0.8073516797415817,-0.6073557538058787,-0.06466692373700497,-0.005530411311468396
0.19746836227706716,0.8073516797415817,-0.6233781546401448,-0.06898070205267978,-0.0056097836976434275
0.20126583078239538,0.8073516797415817,-0.6306739071298628,-0.0730504092399152,-0.005655082079652411
0.2050632992877236,0.8073516797415817,-0.629156229156898,-0.07682087091332458,-0.005667709504725712
0.2088607677930518,0.8073516797415817,-0.6189078664617974,-0.08023834372345355,-0.005647866408181953
0.21265823629838002,0.8073516797415817,-0.6001306379239448,-0.08325178738871963,-0.005596955837251503
0.21645570480370824,0.8073516797415817,-0.5731635992607047,-0.08581397772335966,-0.005516581274483352
0.22025317330903646,0.8073516797415817,-0.5384184609860196,-0.0878808706214598,-0.005408747073063738
0.22405064181436465,0.8073516797415817,-0.49647847966130826,-0.08941207906893302,-0.005275658021497522
0.22784811031969288,0.8073516797415817,-0.4479470937359276,-0.09037325820340608,-0.00512012021424544
0.2316455788250211,0.8073516797415817,-0.39363864238819074,-0.09073535004525535,-0.004944538875130975
0.23544304733034932,0.8073516797415817,-0.33432558737893836,-0.09047472262610015,-0.004751770207444517
0.23924051583567751,0.8073516797415817,-0.2709380614685298,-0.08957458611811075,-0.004545396992506469
0.24303798434100574,0.8073516797415817,-0.20435246314068845,-0.08802425247166842,-0.004328607404603688
0.24683545284633396,0.8073516797415817,-0.13569771675196646,-0.08582013415919305,-0.004104639726852692
0.25063292135166215,0.8073516797415817,-0.06586737539083487,-0.08296571933076945,-0.003877020368140518
0.2544303898569904,0.8073516797415817,0.004008122944558817,-0.07947106995779601,-0.0036493759550135165
0.2582278583623186,0.8073516797415817,0.0729080792717319,-0.07535346281782943,-0.003424738071665872
0.2620253268676468,0.8073516797415817,0.13994928371978177,-0.0706364901282522,-0.0032069650979810937
0.26582279537297504,0.8073516797415817,0.20389155927489608,-0.06535095891260516,-0.00299891323724957
0.26962026387830323,0.8073516797415817,0.26398918517775233,-0.05953411585612409,-0.0028032883662727232
0.27341773238363143,0.8073516797415817,0.319249212541783,-0.05322785851082447,-0.002623898756104406
0.2772152008889597,0.8073516797415817,0.36898545717708386,-0.04648116010638666,-0.0024629491952494796
0.2810126693942879,0.8073516797415817,0.4123078978255731,-0.03934728698028765,-0.002322243601575559
0.2848101378996161,0.8073516797415817,0.44864740524738883,-0.03188363957380864,-0.002204588069543378
0.2886076064049443,0.8073516797415817,0.4774953958664844,-0.024152229444012404,-0.0021111852110646786
0.2924050749102725,0.8073516797415817,0.49844419554650476,-0.01621602217191653,-0.002043237638051204
0.29620254341560076,0.8073516797415817,0.5111022756614458,-0.00814227644633526,-0.0020019479624146974
0.30000001192092896,0.8073516797415817,,,
0.0,0.8194017048123516,,,
0.0037974685053282146,0.8194017048123516,-0.62765267850549,-0.0016388541503745027,0.002836961499801525
0.007594937010656429,0.8194017048123516,-0.6137877214918348,-0.0032505186180368643,0.0028459810891395968
0.011392405515984643,0.8194017048123516,-0.590897424192144,-0.004808598740237286,0.0028604124320805117
0.015189874021312859,0.8194017048123516,-0.5593188241349879,-0.006286540850233503,0.0028800550933056456
0.018987342526641072,0.8194017048123516,-0.5194616136455156,-0.0076611303651250885,0.00290390689622188
0.022784811031969287,0.8194017048123516,-0.4719272129842901,-0.008909788717981494,0.002930564793598848
0.026582279537297502,0.8194017048123516,-0.4173473152437822,-0.010012640409744136,0.002958224867568935
0.030379748042625717,0.8194017048123516,-0.35652515956393876,-0.01095235400523393,0.0029856845062203982
0.03417721654795393,0.8194017048123516,-0.29028820335023264,-0.011715732173075978,0.0030117410976414944
0.037974685053282144,0.8194017048123516,-0.21959104990214837,-0.01229196264178241,0.003034189853327362
0.04177215355861036,0.8194017048123516,-0.14541857535107805,-0.012674526247662013,0.00304982380818002
0.045569622063938574,0.8194017048123516,-0.06880005598187819,-0.012860560918850348,0.0030590438328367154
0.04936709056926679,0.8194017048123516,0.009142395236078269,-0.012850066655347415,0.003057440350287725
0.053164559074595004,0.8194017048123516,0.08738757477311017,-0.012650675648791713,0.0030454142311702958
0.05696202757992322,0.8194017048123516,0.16473264210809108,-0.012269066066866924,0.0030161506746512186
0.060759496085251434,0.8194017048123516,0.24020483024239195,-0.011716686197030791,0.0029744601283774644
0.06455696459057965,0.8194017048123516,0.3126255169204124,-0.011015160582259053,0.0029135277915158233
0.06835443309590786,0.8194017048123516,0.38109055356251376,-0.010183887709632886,0.0028341554053407914
0.07215190160123608,0.8194017048123516,0.44454240924072586,-0.009242584074218404,0.002732334263479892
0.07594937010656429,0.8194017048123516,0.5021334446616375,-0.008221778442569593,0.0026112713310311054
0.07974683861189251,0.8194017048123516,0.5530967480835908,-0.007150091533330808,0.0024685613841709465
0.08354430711722072,0.8194017048123516,0.5966169712338759,-0.006056780081116286,0.00230179919907593
0.08734177562254894,0.8194017048123516,0.6322016760467969,-0.004976188948299256,0.0021133899995695407
0.09113924412787715,0.8194017048123516,0.6592131148635014,-0.003942662997252952,0.0018993250792793026
0.09493671263320537,0.8194017048123516,0.6774252505390799,-0.002992455138260225,0.0016668201096756733
0.09873418113853358,0.8194017048123516,0.686482881845817,-0.0021580021857846854,0.0014110646431116812
0.1025316496438618,0.8194017048123516,0.686272990211258,-0.0014730129862296879,0.0011336621621363166
0.10632911814919001,0.8194017048123516,0.6768359394112796,-0.0009724684179383389,0.0008386213731220559
0.11012658665451823,0.8194017048123516,0.6582847480183367,-0.0006881692794043706,0.0005267440173433946
0.11392405515984644,0.8194017048123516,0.6308858169532157,-0.0006487362892721424,0.00020043531862381836
0.11772152366517466,0.8194017048123516,0.5950104929539822,-0.0008796100863366401,-0.00014030472303667286
0.12151899217050287,0.8194017048123516,0.5511754323518586,-0.0014049592774531005,-0.0004882604361676215
0.12531646067583108,0.8194017048123516,0.499994164540171,-0.002243228325747888,-0.000841828338220037
0.1291139291811593,0.8194017048123516,0.4422497467709279,-0.0034115896624076192,-0.0011978014640959384
0.13291139768648752,0.8194017048123516,0.3785637811926308,-0.0049189475110105385,-0.0015553780725208303
0.13670886619181571,0.8194017048123516,0.31006241715224037,-0.006773252071180079,-0.0019081442332987506
0.14050633469714394,0.8194017048123516,0.23747623899312534,-0.008975139358886115,-0.002253293851968966
0.14430380320247216,0.8194017048123516,0.16208881478816559,-0.011517931206444962,-0.002586016480884504
0.14810127170780038,0.8194017048123516,0.0846509107686682,-0.014394631438188001,-0.002903105154947385
0.15189874021312857,0.8194017048123516,0.006478386028214402,-0.01758997567083824,-0.003201352909059627
0.1556962087184568,0.8194017048123516,-0.07155690187425852,-0.021082975377389814,-0.0034783545193977435
0.15949367722378502,0.8194017048123516,-0.14808460274773574,-0.024847712907070333,-0.003729299538314764
0.16329114572911324,0.8194017048123516,-0.22238422319281775,-0.02885580604722414,-0.003950780565394083
0.16708861423444143,0.8194017048123516,-0.2931530223430832,-0.033071478899545786,-0.004139891288515656
0.17088608273976966,0.8194017048123516,-0.3596099611353175,-0.03745442395194446,-0.004295429095767739
0.17468355124509788,0.8194017048123516,-0.42077621800451004,-0.041962107636434806,-0.004413184845459233
0.1784810197504261,0.8194017048123516,-0.4756981987455732,-0.04654814053821408,-0.004492256578656329
0.1822784882557543,0.8194017048123516,-0.5238905289535892,-0.05116223764466408,-0.0045308904863210694
0.18607595676108252,0.8194017048123516,-0.5644974965799718,-0.055752961164221175,-0.004527934065371368
0.18987342526641074,0.8194017048123516,-0.5970892274116336,-0.06026656774743098,-0.004482936336340321
0.19367089377173893,0.8194017048123516,-0.6212146562531523,-0.0646475252499238,-0.004395346102101712
0.19746836227706716,0.8194017048123516,-0.6365528910863079,-0.06884141455527723,-0.004265664450952102
0.20126583078239538,0.8194017048123516,-0.6429909133386456,-0.07279361779207831,-0.004095093994803233
0.2050632992877236,0.8194017048123516,-0.6404399227032365,-0.07644975559490273,-0.003884035604292352
0.2088607677930518,0.8194017048123516,-0.6289927558645972,-0.07975815166619818,-0.0036344936326056982
0.21265823629838002,0.8194017048123516,-0.6088653590236682,-0.08266871974833705,-0.0033494746095226284
0.21645570480370824,0.8194017048123516,-0.5804028424641954,-0.08513511017751471,-0.003030782452910757
0.22025317330903646,0.8194017048123516,-0.5440310440216782,-0.08711447137776085,-0.0026819247808460016
0.22405064181436465,0.8194017048123516,-0.5003433112015047,-0.08856800637491312,-0.0023056074701297826
0.22784811031969288,0.8194017048123516,-0.44996830981295466,-0.08946224482855689,-0.00190654075074976
0.2316455788250211,0.8194017048123516,-0.39372794724231797,-0.0897682082610647,-0.001488332458441163
0.23544304733034932,0.8194017048123516,-0.3324272285447361,-0.08946361623799193,-0.0010557429320213073
0.23924051583567751,0.8194017048123516,-0.2670029086625481,-0.08853209134811427,-0.0006129061499368085
0.24303798434100574,0.8194017048123516,-0.19836008220138973,-0.08696325858092314,-0.00016477035911619266
0.24683545284633396,0.8194017048123516,-0.12764747699535264,-0.08475367947508144,0.0002837913567564988
0.25063292135166215,0.8194017048123516,-0.05578399962963044,-0.0819070707489131,0.0007279810772417082
0.2544303898569904,0.8194017048123516,0.016087991970065767,-0.07843348940494176,0.001163025936314706
0.2582278583623186,0.8194017048123516,0.08691027312336788,-0.0743495513603804,0.0015836394524467888
0.2620253268676468,0.8194017048123516,0.15579912941217486,-0.06967888858360968,0.001986113572243416
0.26582279537297504,0.8194017048123516,0.22147402004679762,-0.064451155319225,0.0023649363244424328
0.26962026387830323,0.8194017048123516,0.28317812422954747,-0.05870347899946779,0.002716700308627234
0.27341773238363143,0.8194017048123516,0.339907393035491,-0.05247767767435732,0.0030369959477880956
0.2772152008889597,0.8194017048123516,0.3909494058204039,-0.04581986250170949,0.0033220149708711654
0.2810126693942879,0.8194017048123516,0.43540001400464756,-0.038782981811016366,0.0035689512834157096
0.2848101378996161,0.8194017048123516,0.4726840337819787,-0.0314236410235968,0.003774998790960995
0.2886076064049443,0.8194017048123516,0.502274717877206,-0.023801307632634067,0.003937752269683535
0.2924050749102725,0.8194017048123516,0.5237684285315621,-0.015979901243100565,0.004056009107671588
0.29620254341560076,0.8194017048123516,0.5367413460983417,-0.008023977475938577,0.0041261614691899245
0.30000001192092896,0.8194017048123516,,,
0.0,0.8314517298831215,,,
0.0037974685053282146,0.8314517298831215,-0.6328010781185662,-0.0016127774956096422,0.0005213322637405515
0.007594937010656429,0.8314517298831215,-0.6188109933996933,-0.0031996373404468924,0.0005367657832745855
0.011392405515984643,0.8314517298831215,-0.5957087862766496,-0.0047343438757544215,0.0005620206334211867
0.015189874021312859,0.8314517298831215,-0.5638395670331812,-0.006191774470722181,0.0005962950729058596
0.018987342526641072,0.8314517298831215,-0.5236291735047874,-0.007549509562412088,0.0006379856191796138
0.022784811031969287,0.8314517298831215,-0.47566489863047484,-0.008785924607848406,0.0006864909662865779
0.026582279537297502,0.8314517298831215,-0.42060467195703394,-0.009881303111965022,0.0007398067610405136
0.030379748042625717,0.8314517298831215,-0.35923962349164856,-0.010820062683500003,0.0007969308268483018
0.03417721654795393,0.8314517298831215,-0.2924436289820498,-0.011588210971116111,0.0008530527160629708
0.037974685053282144,0.8314517298831215,-0.22114505527340228,-0.01217557171929535,0.00090917460527764
0.04177215355861036,0.8314517298831215,-0.14635905132900576,-0.01257626178031638,0.0009616886587570804
0.045569622063938574,0.8314517298831215,-0.06912700256647966,-0.012787419082314762,0.0010081896526778064
0.04936709056926679,0.8314517298831215,0.009428978044803018,-0.012809361633275439,0.0010462723632163318
0.053164559074595004,0.8314517298831215,0.08822714131134606,-0.012648449592897152,0.0010731306959119234
0.05696202757992322,0.8314517298831215,0.16616555615171483,-0.0123123151528184,0.0010903681333135717
0.060759496085251434,0.8314517298831215,0.24211807321894874,-0.011812724608481862,0.0010895663920390765
0.06455696459057965,0.8314517298831215,0.3149746886764378,-0.011169076446968717,0.0010719280840001805
0.06835443309590786,0.8314517298831215,0.38381107205660503,-0.010399497123420393,0.0010358497266478933
0.07215190160123608,0.8314517298831215,0.44758583794183093,-0.009524975164842749,0.0009813313199822146
0.07594937010656429,0.8314517298831215,0.5053625467317755,-0.008572223241970524,0.0009027606750816778
0.07974683861189251,0.8314517298831215,0.5564388687261836,-0.007571770121357701,0.000803344757044264
0.08354430711722072,0.8314517298831215,0.5999833101419948,-0.006552236521648638,0.0006806783420464872
0.08734177562254894,0.8314517298831215,0.635454996382461,-0.0055447872253671935,0.0005339596888138521
0.09113924412787715,0.8314517298831215,0.6622969073404832,-0.004582495062946849,0.0003663957624443399
0.09493671263320537,0.8314517298831215,0.6801619145435218,-0.0036997048967608356,0.00017397785656547433
0.09873418113853358,0.8314517298831215,0.6888159080914917,-0.002931397605152259,-3.6880098626782576e-05
0.1025316496438618,0.8314517298831215,0.6880893601257106,-0.002307465938705228,-0.0002677815856814213
0.10632911814919001,0.8314517298831215,0.6780226344220553,-0.0018616187438230986,-0.0005163213807749561
0.11012658665451823,0.8314517298831215,0.6587448950633314,-0.0016237487710899798,-0.0007816977426328915
0.11392405515984644,0.8314517298831215,0.6305306157255005,-0.001621840723180356,-0.0010574967410592656
0.11772152366517466,0.8314517298831215,0.5937915069225052,-0.0018838793027687113,-0.0013413131522305923
0.12151899217050287,0.8314517298831215,0.5489957884545155,-0.0024283089729814113,-0.0016347504586958625
0.12531646067583108,0.8314517298831215,0.49681349900108507,-0.003274210212914695,-0.001929791247710123
0.1291139291811593,0.8314517298831215,0.437995404793521,-0.004439391469725052,-0.0022248320367243835
0.13291139768648752,0.8314517298831215,0.3732680537976044,-0.005932438959005792,-0.0025118554129936917
0.13670886619181571,0.8314517298831215,0.30365264954301635,-0.007758122800530973,-0.0027920639884297894
0.14050633469714394,0.8314517298831215,0.23001297683351882,-0.009918033034225282,-0.003055435997101487
0.14430380320247216,0.8314517298831215,0.15355591256782586,-0.012408353564269472,-0.003302773180283279
0.14810127170780038,0.8314517298831215,0.075100841396235,-0.015219544151115422,-0.0035280624784164503
0.15189874021312857,0.8314517298831215,-0.004048486720435542,-0.018336022403501205,-0.003727295185128526
0.1556962087184568,0.8314517298831215,-0.0829596685594334,-0.021739184854307984,-0.0038932556289490478
0.15949367722378502,0.8314517298831215,-0.16029464495044515,-0.025403908872725714,-0.004026545115833887
0.16329114572911324,0.8314517298831215,-0.23529962237897292,-0.029299983700185345,-0.004121952327498824
0.16708861423444143,0.8314517298831215,-0.3066597508458324,-0.03339473401623457,-0.004175869428208631
0.17088608273976966,0.8314517298831215,-0.37355968207831375,-0.03764936284671104,-0.004184788799887392
0.17468355124509788,0.8314517298831215,-0.4350488491545201,-0.04202125712163315,-0.0041483095718978565
0.1784810197504261,0.8314517298831215,-0.49013178045189165,-0.04646609447810025,-0.004062523255526862
0.1822784882557543,0.8314517298831215,-0.5383266333959,-0.05093541844940753,-0.003927179306626128
0.18607595676108252,0.8314517298831215,-0.578774668654768,-0.05537842725996124,-0.0037409247867949457
0.18987342526641074,0.8314517298831215,-0.6110308755994545,-0.059743683118197784,-0.003503008063588473
0.19367089377173893,0.8314517298831215,-0.6346497390537202,-0.06397732342166838,-0.003214381204770175
0.19746836227706716,0.8314517298831215,-0.6493159170185284,-0.06802659859587158,-0.002875445080977298
0.20126583078239538,0.8314517298831215,-0.6549002454110733,-0.07183848080931905,-0.0024875025217808975
0.2050632992877236,0.8314517298831215,-0.6513361240011585,-0.07536002173251875,-0.002053058968663771
0.2088607677930518,0.8314517298831215,-0.6387204258508881,-0.07854177112381291,-0.0015744194277900931
0.21265823629838002,0.8314517298831215,-0.617261024406027,-0.08133491475751367,-0.0010542897759612845
0.21645570480370824,0.8314517298831215,-0.5873383482542137,-0.08369477251173733,-0.0004967789372091338
0.22025317330903646,0.8314517298831215,-0.5493671351925813,-0.08557968534045708,9.380372911594699e-05
0.22405064181436465,0.8314517298831215,-0.5039790783136007,-0.08695220780344658,0.000712747993026298
0.22784811031969288,0.8314517298831215,-0.45179678886017033,-0.08778014159223091,0.0013552434068749477
0.2316455788250211,0.8314517298831215,-0.3936724470504875,-0.08803534300014311,0.002015878217059053
0.23544304733034932,0.8314517298831215,-0.330425689808449,-0.08769652536769144,0.002688839799338523
0.23924051583567751,0.8314517298831215,-0.2630143999903294,-0.08674764419826088,0.0033679898220805035
0.24303798434100574,0.8314517298831215,-0.19236341261090412,-0.08517895552843793,0.004047283907707745
0.24683545284633396,0.8314517298831215,-0.11964125898180439,-0.08298720971412654,0.004720527352154029
0.25063292135166215,0.8314517298831215,-0.04579270373214479,-0.08017603403390489,0.005381287434412275
0.2544303898569904,0.8314517298831215,0.028022551402416503,-0.07675544077042373,0.006023381977623677
0.2582278583623186,0.8314517298831215,0.1007298208891617,-0.07274170298853729,0.006640923194303662
0.2620253268676468,0.8314517298831215,0.1714108288268953,-0.06815793589365068,0.007227096283619018
0.26582279537297504,0.8314517298831215,0.23878402533153123,-0.06303283970640453,0.007776890362604151
0.26962026387830323,0.8314517298831215,0.3020502076407104,-0.057401872317119323,0.00828439258935966
0.27341773238363143,0.8314517298831215,0.3602103723014838,-0.051307090281803025,0.008745594257513065
0.2772152008889597,0.8314517298831215,0.4125298985928951,-0.0447928557143544,0.009154682742824279
0.2810126693942879,0.8314517298831215,0.4580804196697795,-0.03790941387639354,0.009508250644876695
0.2848101378996161,0.8314517298831215,0.49628473353709995,-0.030713529193231757,0.009802890563253707
0.2886076064049443,0.8314517298831215,0.526606001975696,-0.0232622840981653,0.010034593791582842
0.2924050749102725,0.8314517298831215,0.5486082962060989,-0.015617054132287077,0.010201355976677859
0.29620254341560076,0.8314517298831215,0.5619202694902429,-0.007841122884599615,0.010303577989176006
0.30000001192092896,0.8314517298831215,,,
0.0,0.8435017549538913,,,
0.0037974685053282146,0.8435017549538913,-0.6378465501031569,-0.0015732650034811794,-0.0018027152557026221
0.007594937010656429,0.8435017549538913,-0.6237353740566538,-0.003121566380144779,-0.001780867805972626
0.011392405515984643,0.8435017549538913,-0.6004293298654326,-0.004619861001176984,-0.0017449898839389626
0.015189874021312859,0.8435017549538913,-0.5682856369460024,-0.006044536773696199,-0.0016960836661947508
0.018987342526641072,0.8435017549538913,-0.5277281149450689,-0.00737333313875681,-0.0016353517646517338
0.022784811031969287,0.8435017549538913,-0.47935414774560753,-0.00858573858133036,-0.0015641972265402783
0.026582279537297502,0.8435017549538913,-0.4238236830832028,-0.009663308638290485,-0.0014848248403652464
0.030379748042625717,0.8435017549538913,-0.3619641783633275,-0.010590937930352661,-0.0013998402652687474
0.03417721654795393,0.8435017549538913,-0.29459905461386693,-0.011355111118157053,-0.0013092435012507814
0.037974685053282144,0.8435017549538913,-0.22273538804294526,-0.011945969954170601,-0.0012182458665955678
0.04177215355861036,0.8435017549538913,-0.14736007297074855,-0.012358108302649374,-0.0011284508438520974
0.045569622063938574,0.8435017549538913,-0.06953871308042225,-0.012588664091728935,-0.0010422636568438554
0.04936709056926679,0.8435017549538913,0.009602542281072936,-0.012638909353349033,-0.0009624904000315757
0.053164559074595004,0.8435017549538913,0.08896983478747779,-0.01251202416735904,-0.0008923380385132393
0.05696202757992322,0.8435017549538913,0.1674168332038933,-0.01221723076532214,-0.0008346126667495796
0.060759496085251434,0.8435017549538913,0.24386178833682326,-0.011769475522530387,-0.000788913414103349
0.06455696459057965,0.8435017549538913,0.3171381870634303,-0.011182432782336086,-0.0007616542107705097
0.06835443309590786,0.8435017549538913,0.3863459171816634,-0.010471366928016227,-0.0007520333154765665
0.07215190160123608,0.8435017549538913,0.4503870839876757,-0.009663626646275422,-0.0007616542107705097
0.07594937010656429,0.8435017549538913,0.5083817571673546,-0.008782744527999034,-0.0007937238617503206
0.07974683861189251,0.8435017549538913,0.5595468794686914,-0.00785225316407242,-0.0008490440096904945
0.08354430711722072,0.8435017549538913,0.6031074663948534,-0.006904589368959193,-0.0009252094307675455
0.08734177562254894,0.8435017549538913,0.638498425083566,-0.005970281909213334,-0.0010238236075304642
0.09113924412787715,0.8435017549538913,0.6651304444070293,-0.005080495567358699,-0.0011472917638027363
0.09493671263320537,0.8435017549538913,0.6827129051789309,-0.004265759109949274,-0.0012916051932118854
0.09873418113853358,0.8435017549538913,0.6909471154577828,-0.003558509351448663,-0.001457565637032407
0.1025316496438618,0.8435017549538913,0.6897281294263057,-0.0029930911542301,-0.0016403626476173294
0.10632911814919001,0.8435017549538913,0.6790398015741489,-0.002597489220968068,-0.0018424014487901383
0.11012658665451823,0.8435017549538913,0.6591000962910466,-0.0024009602862768015,-0.0020540611452568905
0.11392405515984644,0.8435017549538913,0.6300946869460319,-0.0024314890528307847,-0.002280953925939053
0.11772152366517466,0.8435017549538913,0.5924756478289239,-0.002713244127485254,-0.0025150623780916728
0.12151899217050287,0.8435017549538913,0.5467999990468216,-0.003266578021276199,-0.0027491708302442926
0.12531646067583108,0.8435017549538913,0.4936328334619991,-0.004110571213299859,-0.0029832792823969124
0.1291139291811593,0.8435017549538913,0.4338217903678676,-0.005258580038923601,-0.003213379028177056
0.13291139768648752,0.8435017549538913,0.3680409448215685,-0.006718554697770858,-0.003433857878663256
0.13670886619181571,0.8435017549538913,0.29741240979247463,-0.008498445389465065,-0.0036370992917478077
0.14050633469714394,0.8435017549538913,0.22271116977741923,-0.010599206137961031,-0.0038235041380679587
0.14430380320247216,0.8435017549538913,0.14524501111480814,-0.01301479479154495,-0.003985055004878757
0.14810127170780038,0.8435017549538913,0.06581313656700052,-0.015736307126638576,-0.004115337961984238
0.15189874021312857,0.8435017549538913,-0.014240340129308669,-0.018749750791904662,-0.004211947785560919
0.1556962087184568,0.8435017549538913,-0.09403347047121298,-0.022036045308246977,-0.0042716775105108165
0.15949367722378502,0.8435017549538913,-0.17212324947111948,-0.02557213509675756,-0.004286910594726227
0.16329114572911324,0.8435017549538913,-0.24779725648480397,-0.02932868392082594,-0.00425504137906504
0.16708861423444143,0.8435017549538913,-0.3197133959643654,-0.033273493471977215,-0.0041737648573630815
0.17088608273976966,0.8435017549538913,-0.3870522832595061,-0.03736927731397749,-0.004039372976225811
0.17468355124509788,0.8435017549538913,-0.4488250058612464,-0.041575727934735955,-0.0038482578999180003
0.1784810197504261,0.8435017549538913,-0.5040663649789341,-0.045849119236323725,-0.0036000187578024015
0.1822784882557543,0.8435017549538913,-0.5522501178845765,-0.05014365806890982,-0.003291649020099657
0.18607595676108252,0.8435017549538913,-0.5925316525679528,-0.05441045070481015,-0.0029235495574470144
0.18987342526641074,0.8435017549538913,-0.6244619220224348,-0.05859933138440082,-0.002495620152185162
0.19367089377173893,0.8435017549538913,-0.6475782564670354,-0.06265918032410317,-0.0020075601513361648
0.19746836227706716,0.8435017549538913,-0.661585495790656,-0.06653903674433101,-0.0014615743434048833
0.20126583078239538,0.8435017549538913,-0.6663413576833311,-0.07018786036350187,-0.0008592662109403093
0.2050632992877236,0.8435017549538913,-0.6617873146700396,-0.07355540591999567,-0.0002032414130845518
0.2088607677930518,0.8435017549538913,-0.6480303307568547,-0.07659333620010193,0.0005024913437899126
0.21265823629838002,0.8435017549538913,-0.6252802975783355,-0.0792547450260424,0.0012541237886292314
0.21645570480370824,0.8435017549538913,-0.593940852893249,-0.08149725783382418,0.002047045909105057
0.22025317330903646,0.8435017549538913,-0.5544176526491565,-0.08328104412333387,0.0028761466045924815
0.22405064181436465,0.8435017549538913,-0.507377708242421,-0.0845695727273018,0.003735112162554855
0.22784811031969288,0.8435017549538913,-0.45344262182154377,-0.08533199687118903,0.004618180067581743
0.2316455788250211,0.8435017549538913,-0.39349282824783605,-0.0855417231372552,0.005518034430543375
0.23544304733034932,0.8435017549538913,-0.3283618394931522,-0.08517810088197841,0.006427960668265854
0.23924051583567751,0.8435017549538913,-0.2590244407449151,-0.08422608435257137,0.007340567728374927
0.24303798434100574,0.8435017549538913,-0.18642766709463246,-0.08267609355848779,0.00824811379668875
0.24683545284633396,0.8435017549538913,-0.11176073628907225,-0.08052510742387078,0.009143057494344098
0.25063292135166215,0.8435017549538913,-0.03598935166608515,-0.07777712092403112,0.01001775722481844
0.2544303898569904,0.8435017549538913,0.0397098827075223,-0.07444137616603105,0.010864195575366825
0.2582278583623186,0.8435017549538913,0.11423352210872012,-0.07053401205510615,0.011675156874518795
0.2620253268676468,0.8435017549538913,0.1866562269755344,-0.06607713014620954,0.01244342545080389
0.26582279537297504,0.8435017549538913,0.2556681927807654,-0.06109855613802325,0.013162186503388903
0.26962026387830323,0.8435017549538913,0.3204560894404971,-0.055632952900905454,0.013824424796121998
0.27341773238363143,0.8435017549538913,0.3799886224810792,-0.049719276413010965,0.014423325528169969
0.2772152008889597,0.8435017549538913,0.43355135306949355,-0.04340172978424607,0.014955681734434829
0.2810126693942879,0.8435017549538913,0.48016747782952357,-0.03672960425227606,0.015414277743446126
0.2848101378996161,0.8435017549538913,0.5192517220109566,-0.029755371134615596,0.015794703978194134
0.2886076064049443,0.8435017549538913,0.550283392904983,-0.022535635852583513,0.01609575782676711
0.2924050749102725,0.8435017549538913,0.5727983070890204,-0.015128593867423348,0.016312227970880833
0.29620254341560076,0.8435017549538913,0.586408972314652,-0.007595620720228,0.016442510927986313
0.30000001192092896,0.8435017549538913,,,
0.0,0.8555517800246613,,,
0.0037974685053282146,0.8555517800246613,-0.6427457034001944,-0.001520078168000412,-0.004110026426040707
0.007594937010656429,0.8555517800246613,-0.6285184814980457,-0.0030158287251531185,-0.004081664828455437
0.011392405515984643,0.8555517800246613,-0.6050186911826163,-0.004464514100535101,-0.004034462310919528
0.015189874021312859,0.8555517800246613,-0.5726126337199874,-0.005843476225219575,-0.003970623661937842
0.018987342526641072,0.8555517800246613,-0.5317221105680708,-0.007131011054234569,-0.003890649969806938
0.022784811031969287,0.8555517800246613,-0.48296065112019293,-0.008307958606487607,-0.0037970466760096147
0.026582279537297502,0.8555517800246613,-0.4269861849231442,-0.009357066948795841,-0.0036910163924576147
0.030379748042625717,0.8555517800246613,-0.36463222394877903,-0.010262912693889811,-0.003575365213611672
0.03417721654795393,0.8555517800246613,-0.29675044386809635,-0.011013252534349429,-0.0034530996692511426
0.037974685053282144,0.8555517800246613,-0.22433782994525125,-0.01160029527454373,-0.003326023677243642
0.04177215355861036,0.8555517800246613,-0.14839742201078038,-0.012016885734811624,-0.0031981459439616457
0.045569622063938574,0.8555517800246613,-0.07001500563576761,-0.012260161843288679,-0.00307187169322864
0.04936709056926679,0.8555517800246613,0.009679233455238715,-0.012332031647884514,-0.0029500070195053584
0.053164559074595004,0.8555517800246613,0.08958740055839169,-0.01223726526837319,-0.0028349571466152867
0.05696202757992322,0.8555517800246613,0.16854701892844162,-0.011983812904378143,-0.0027315325222053966
0.060759496085251434,0.8555517800246613,0.24541983008566487,-0.01158248682738724,-0.0026441427232854115
0.06455696459057965,0.8555517800246613,0.3191240848365652,-0.011048233412692534,-0.002568779043482856
0.06835443309590786,0.8555517800246613,0.38868701618251345,-0.010398225091480643,-0.0025118554129936917
0.07215190160123608,0.8555517800246613,0.45296229288861073,-0.009655994454636926,-0.0024765787969158997
0.07594937010656429,0.8555517800246613,0.5111668577028485,-0.008844438077076874,-0.002460543971425994
0.07974683861189251,0.8555517800246613,0.5624449985766403,-0.007986452533715972,-0.002466957901621956
0.08354430711722072,0.8555517800246613,0.6060055855028021,-0.007111930575138329,-0.002498225811327272
0.08734177562254894,0.8555517800246613,0.6412915983742354,-0.00625012893595818,-0.002553545959267446
0.09113924412787715,0.8555517800246613,0.6677540898390165,-0.005429668334819881,-0.0026289096390700014
0.09493671263320537,0.8555517800246613,0.6850459314246056,-0.00468107753827742,-0.0027259203332839297
0.09873418113853358,0.8555517800246613,0.6929087949653917,-0.004036157344824525,-0.002842172818085744
0.1025316496438618,0.8555517800246613,0.6911731526026925,-0.0035254365210151814,-0.002979270576024436
0.10632911814919001,0.8555517800246613,0.6799600956641382,-0.003176263753553999,-0.0031283944530805566
0.11012658665451823,0.8555517800246613,0.6593019151704302,-0.0030172597610853367,-0.0032951566381755736
0.11392405515984644,0.8555517800246613,0.6295861033699851,-0.003073229166434306,-0.0034667292709175622
0.11772152366517466,0.8555517800246613,0.5911597887353427,-0.003366432528546519,-0.003643112351306522
0.12151899217050287,0.8555517800246613,0.5446042096391277,-0.00391913040636759,-0.003821900655518968
0.12531646067583108,0.8555517800246613,0.49049253169878987,-0.0047472231991443825,-0.003997481994633433
0.1291139291811593,0.8555517800246613,0.42974504900431837,-0.005863431226274392,-0.004160235473355973
0.13291139768648752,0.8555517800246613,0.36298740008180247,-0.007277930743275613,-0.004309359350412095
0.13670886619181571,0.8555517800246613,0.29134169790061515,-0.008996127885891977,-0.004441646660703814
0.14050633469714394,0.8555517800246613,0.21565961813175533,-0.011017068630168676,-0.004547075638299943
0.14430380320247216,0.8555517800246613,0.13724894711362887,-0.013335982856331648,-0.00462043496491626
0.14810127170780038,0.8555517800246613,0.05686448745513053,-0.015944920364757458,-0.0046601211580037764
0.15189874021312857,0.8555517800246613,-0.024060846800115922,-0.01883195585601096,-0.004656513322268548
0.1556962087184568,0.8555517800246613,-0.10465923447076089,-0.02197721383103357,-0.004607406669205712
0.15949367722378502,0.8555517800246613,-0.1834775796252423,-0.025357161698939926,-0.004507389445212427
0.16329114572911324,0.8555517800246613,-0.2597974070529544,-0.028946279318938808,-0.004353054249872087
0.16708861423444143,0.8555517800246613,-0.3322322210525317,-0.03271244788455154,-0.0041384882412852896
0.17088608273976966,0.8555517800246613,-0.39997373701204275,-0.036620368509450094,-0.0038614866309471725
0.17468355124509788,0.8555517800246613,-0.4620259787617294,-0.04063164172945327,-0.0035199448480121858
0.1784810197504261,0.8555517800246613,-0.5173954928678257,-0.044704727751528645,-0.0031107561450416607
0.1822784882557543,0.8555517800246613,-0.5655721821126896,-0.04879546321676804,-0.0026339706308652526
0.18607595676108252,0.8555517800246613,-0.6056862071261776,-0.052857498461366836,-0.002087734278785692
0.18987342526641074,0.8555517800246613,-0.6372875118072643,-0.05684313228758445,-0.0014723978506105695
0.19367089377173893,0.8555517800246613,-0.6599235173189317,-0.060703590220731095,-0.0007899155906964681
0.19746836227706716,0.8555517800246613,-0.6732879635117155,-0.0643900182841208,-4.128967563650658e-05
0.20126583078239538,0.8555517800246613,-0.6772415953588408,-0.06785399976204684,0.0007707740177678935
0.2050632992877236,0.8555517800246613,-0.6717379945180493,-0.07104775395477239,0.0016423670008035675
0.2088607677930518,0.8555517800246613,-0.6568780704290329,-0.07392493119849283,0.002570081873053911
0.21265823629838002,0.8555517800246613,-0.6328838238591136,-0.07644140788529813,0.0035487073162347037
0.21645570480370824,0.8555517800246613,-0.6001790744549969,-0.07855639949112003,0.0045719296178092965
0.22025317330903646,0.8555517800246613,-0.5591674599754503,-0.08023194381275668,0.005633835935878286
0.22405064181436465,0.8555517800246613,-0.5105336509687824,-0.08143341773084802,0.006727461143119495
0.22784811031969288,0.8555517800246613,-0.45491943147143343,-0.08213144525778544,0.007845138588595563
0.2316455788250211,0.8555517800246613,-0.3932117954582944,-0.08230098326475516,0.008979051294880159
0.23544304733034932,0.8555517800246613,-0.32627099590273784,-0.08192219600369668,0.010120530434442804
0.23924051583567751,0.8555517800246613,-0.25508544076654516,-0.0809806538622935,0.011260806962093707
0.24303798434100574,0.8555517800246613,-0.18061881519877324,-0.07946761162095982,0.012391462594450666
0.24683545284633396,0.8555517800246613,-0.10408405066451756,-0.07738044571381993,0.013502826327390083
0.25063292135166215,0.8555517800246613,-0.02647056421995642,-0.07472257472671189,0.014585878571573885
0.2544303898569904,0.8555517800246613,0.051039994596119076,-0.07150314138920265,0.01563215093479022
0.2582278583623186,0.8555517800246613,0.12730734911519143,-0.06773744983556731,0.01663232317472307
0.2620253268676468,0.8555517800246613,0.201403132492096,-0.06344688610279293,0.01757817744330887
0.26582279537297504,0.8555517800246613,0.27198323099013777,-0.058658162861614224,0.018460894586528165
0.26962026387830323,0.8555517800246613,0.33822422358143156,-0.053404352942464685,0.019273459368229124
0.27341773238363143,0.8555517800246613,0.3990968339811209,-0.04772218626760456,0.020009056987578537
0.2772152008889597,0.8555517800246613,0.4538301140699603,-0.041654275907015474,0.020659670031831452
0.2810126693942879,0.8555517800246613,0.5014674423596714,-0.03524864106642294,0.021220888923978144
0.2848101378996161,0.8555517800246613,0.5414195077224542,-0.028553936967522384,0.021687502345734393
0.2886076064049443,0.8555517800246613,0.5731091081632711,-0.021624224967753142,0.022053898108178732
0.2924050749102725,0.8555517800246613,0.5961204967905922,-0.014516428496418998,0.022318873599399422
0.29620254341560076,0.8555517800246613,0.6100217812025364,-0.0072887430147634815,0.02247882098366123
0.30000001192092896,0.8555517800246613,,,
0.0,0.8676018050954312,,,
0.0037974685053282146,0.8676018050954312,-0.6474551469506113,-0.0014527399771899336,-0.006360313748230316
0.007594937010656429,0.8676018050954312,-0.6331118791928171,-0.002882662881460614,-0.0063251373498118355
0.011392405515984643,0.8676018050954312,-0.6094405428299116,-0.004268303173828772,-0.006268013284004047
0.015189874021312859,0.8676018050954312,-0.5767771662960686,-0.0055885133232960755,-0.006188841333147639
0.018987342526641072,0.8676018050954312,-0.535578869353092,-0.006822543308845364,-0.006090427591703344
0.022784811031969287,0.8676018050954312,-0.4864420267895605,-0.007951948667350273,-0.005973573800945658
0.026582279537297502,0.8676018050954312,-0.4300518137009815,-0.008960988003556403,-0.005841286490653938
0.030379748042625717,0.8676018050954312,-0.367233669304034,-0.009835827970118984,-0.0056959708846516695
0.03417721654795393,0.8676018050954312,-0.29885339659127375,-0.010563907251632988,-0.005540833948036834
0.037974685053282144,0.8676018050954312,-0.2259321990923819,-0.011137593656459922,-0.005378882210588789
0.04177215355861036,0.8676018050954312,-0.1494509165611629,-0.01155164005284832,-0.00521252089613102
0.045569622063938574,0.8676018050954312,-0.07053569834457737,-0.011801912336993993,-0.005046560452310498
0.04936709056926679,0.8676018050954312,0.00968730621041406,-0.011890954572776445,-0.004883005232313463
0.053164559074595004,0.8676018050954312,0.09008791137926309,-0.01182385488795467,-0.004727467425061379
0.05696202757992322,0.8676018050954312,0.16951574954948304,-0.01160633742625754,-0.004580347901191497
0.060759496085251434,0.8676018050954312,0.2468567805068763,-0.011249214459172924,-0.00444244840197831
0.06455696459057965,0.8676018050954312,0.3209243092406671,-0.010767114354007939,-0.004322988952078514
0.06835443309590786,0.8676018050954312,0.3908101507936292,-0.010178799581873888,-0.004220366068943119
0.07215190160123608,0.8676018050954312,0.4553437556653375,-0.009501442573957387,-0.004138588458944601
0.07594937010656429,0.8676018050954312,0.513725921093433,-0.008756031857264297,-0.004076854380808465
0.07974683861189251,0.8676018050954312,0.5650928622741535,-0.007971188150438981,-0.0040367673170837014
0.08354430711722072,0.8676018050954312,0.6086615219554907,-0.007171080060336671,-0.004019930750319301
0.08734177562254894,0.8676018050954312,0.6438829527855212,-0.006380512209782483,-0.004024741197966273
0.09113924412787715,0.8676018050954312,0.6701597708812693,-0.005630649381300271,-0.004053603883848103
0.09493671263320537,0.8676018050954312,0.687185211546072,-0.004948204245624772,-0.004105717066690295
0.09873418113853358,0.8676018050954312,0.6946605828384416,-0.00436243353737022,-0.0041770720401203745
0.1025316496438618,0.8676018050954312,0.6924970844514491,-0.0039038660230905978,-0.004263660097765864
0.10632911814919001,0.8676018050954312,0.6807027891402699,-0.0035979423415808914,-0.004367886463450249
0.11012658665451823,0.8676018050954312,0.6594552975187618,-0.0034694671156662122,-0.004479328500605092
0.11392405515984644,0.8676018050954312,0.6290290832628863,-0.003543244968171672,-0.004599589691779383
0.11772152366517466,0.8676018050954312,0.5898197113762353,-0.0038428084899826314,-0.004723859589326151
0.12151899217050287,0.8676018050954312,0.5424407112521352,-0.004385966128255582,-0.004844922521774937
0.12531646067583108,0.8676018050954312,0.4874813940183862,-0.005186710234327765,-0.004957968041478771
0.1291139291811593,0.8676018050954312,0.42580554447875,-0.00625839714356655,-0.005060590924614166
0.13291139768648752,0.8676018050954312,0.3581033832007187,-0.007613111159399553,-0.005143972017161674
0.13670886619181571,0.8676018050954312,0.2855414233071298,-0.009251170289811712,-0.005201697388925334
0.14050633469714394,0.8676018050954312,0.20893097669310523,-0.011172892542787966,-0.00522775398034643
0.14430380320247216,0.8676018050954312,0.1295919388298141,-0.013377005886388562,-0.00521933569696423
0.14810127170780038,0.8676018050954312,0.04835176712272918,-0.01585333406509551,-0.005166420772847542
0.15189874021312857,0.8676018050954312,-0.033423224614722344,-0.01858979277548119,-0.005067806596084623
0.1556962087184568,0.8676018050954312,-0.1147723785166744,-0.021568255562404173,-0.004913872271381531
0.15949367722378502,0.8676018050954312,-0.19428498061623548,-0.024768051906843534,-0.004701410833640283
0.16329114572911324,0.8676018050954312,-0.271191091888557,-0.0281623896360683,-0.004425611835213909
0.16708861423444143,0.8676018050954312,-0.344122380331418,-0.03172153500348684,-0.004082165916751996
0.17088608273976966,0.8676018050954312,-0.41224533397296415,-0.035413925716594116,-0.003668066548475188
0.17468355124509788,0.8676018050954312,-0.47454581294429266,-0.03920179832717883,-0.003179906329966878
0.1784810197504261,0.8676018050954312,-0.530043986585996,-0.04304611735508991,-0.0026163824316560126
0.1822784882557543,0.8676018050954312,-0.5781949439237385,-0.046905223754300576,-0.001975089629719106
0.18607595676108252,0.8676018050954312,-0.6181449910977274,-0.050735311924885715,-0.001256629230112029
0.18987342526641074,0.8676018050954312,-0.6494370083461586,-0.054491622242965394,-0.00046150232113134176
0.19367089377173893,0.8676018050954312,-0.6716027758688622,-0.05812764604074253,0.0004097900089263966
0.19746836227706716,0.8676018050954312,-0.6843516744795259,-0.06159774917237862,0.0013545418832597643
0.20126583078239538,0.8676018050954312,-0.687542430962581,-0.06485597948405021,0.002368945030814909
0.2050632992877236,0.8676018050954312,-0.6811235815037848,-0.06785686183391128,0.0034500931394717852
0.2088607677930518,0.8676018050954312,-0.6652131901475766,-0.0705573061400028,0.004591973149671678
0.21265823629838002,0.8676018050954312,-0.640038303133263,-0.07291557385430177,0.005788872654833809
0.21645570480370824,0.8676018050954312,-0.6060277855795344,-0.07489310650863452,0.0070346783777401525
0.22025317330903646,0.8676018050954312,-0.5635978889251193,-0.07645381019671067,0.008321573340964379
0.22405064181436465,0.8676018050954312,-0.5134474110398836,-0.07756552636105345,0.009641740567080158
0.22784811031969288,0.8676018050954312,-0.4562327678290224,-0.0782003895519827,0.010986010140260452
0.2316455788250211,0.8676018050954312,-0.39285457604178536,-0.07833474792561872,0.012345512797656156
0.23544304733034932,0.8676018050954312,-0.32419226144508645,-0.07795011726783703,0.01371032699099539
0.23924051583567751,0.8676018050954312,-0.25124331385027937,-0.07703270398229096,0.015070831824984213
0.24303798434100574,0.8676018050954312,-0.17500421397432075,-0.07557435911436651,0.01641605346592797
0.24683545284633396,0.8676018050954312,-0.09669243420709225,-0.07357289635916722,0.017736521345021686
0.25063292135166215,0.8676018050954312,-0.01732211441749664,-0.07103153554754059,0.019021311737400362
0.2544303898569904,0.8676018050954312,0.061905923062133515,-0.06795894239707616,0.020260002006495557
0.2582278583623186,0.8676018050954312,0.1398342469585331,-0.06436926826310364,0.021442570386376085
0.2620253268676468,0.8676018050954312,0.21551430853859913,-0.06028350167262889,0.02255979685238525
0.26582279537297504,0.8676018050954312,0.2875919031216674,-0.055727083264446906,0.023601659638591857
0.26962026387830323,0.8676018050954312,0.3552173732255329,-0.05072958778115685,0.02455933959097646
0.27341773238363143,0.8676018050954312,0.4173493334325761,-0.04532758614102651,0.02542522016743136
0.2772152008889597,0.8676018050954312,0.47320876286837615,-0.039561783366127874,0.026191684825848837
0.2810126693942879,0.8676018050954312,0.5218148217791286,-0.033475110534427484,0.026851117024121202
0.2848101378996161,0.8676018050954312,0.5625781990370335,-0.027115586851650865,0.027399508055875967
0.2886076064049443,0.8676018050954312,0.5949136198918781,-0.020533775587403054,0.027831245732191673
0.2924050749102725,0.8676018050954312,0.6183851555641938,-0.013784056107108339,0.028142722217333088
0.29620254341560076,0.8676018050954312,0.6325609136520998,-0.006920807776190997,0.028329527934290485
0.30000001192092896,0.8676018050954312,,,
0.0,0.879651830166201,,,
0.0037974685053282146,0.879651830166201,-0.6519294715065463,-0.0013718069450233844,-0.008536239567210488
0.007594937010656429,0.879651830166201,-0.6374842852146633,-0.002722863869029608,-0.008494949891573981
0.011392405515984643,0.879651830166201,-0.6136403937098848,-0.004032102743016574,-0.008427102536219819
0.015189874021312859,0.879651830166201,-0.5807479527479413,-0.0052800455779068705,-0.008333499242422495
0.018987342526641072,0.879651830166201,-0.5392499547690801,-0.006448088906581664,-0.008215843710390315
0.022784811031969287,0.879651830166201,-0.48976800192180264,-0.0075186627878731675,-0.008076741599265384
0.026582279537297502,0.879651830166201,-0.4329862602072194,-0.008477138854474264,-0.007918798568189816
0.030379748042625717,0.879651830166201,-0.36973622340839096,-0.009310001767025117,-0.007744419840987093
0.03417721654795393,0.879651830166201,-0.30088773089546067,-0.010007075270007734,-0.007556411512117952
0.037974685053282144,0.879651830166201,-0.22748216808604815,-0.010560091155813741,-0.007359584029229362
0.04177215355861036,0.879651830166201,-0.1505084474891331,-0.010963325280714269,-0.0071567434867820575
0.045569622063938574,0.879651830166201,-0.07108060931891316,-0.01121518760478463,-0.006950295108599525
0.04936709056926679,0.879651830166201,0.009614651413835953,-0.011316950159964574,-0.006746652824877726
0.053164559074595004,0.879651830166201,0.09050365827079335,-0.01127211103408841,-0.0065458166356166594
0.05696202757992322,0.879651830166201,0.17039164348600797,-0.011086076362900077,-0.006353799600375042
0.060759496085251434,0.879651830166201,0.24810805755905477,-0.010771566465797062,-0.0061750112961625955
0.06455696459057965,0.879651830166201,0.3225550057860868,-0.010342255686131674,-0.006009050852342074
0.06835443309590786,0.879651830166201,0.392723393770186,-0.009811818367256215,-0.005861530457834944
0.07215190160123608,0.879651830166201,0.4575233995626807,-0.009198698972297054,-0.005730846630092214
0.07594937010656429,0.879651830166201,0.516067020094283,-0.008523250012290175,-0.005623413299309848
0.07974683861189251,0.879651830166201,0.5675066160715817,-0.00780964009409082,-0.005539230465487844
0.08354430711722072,0.879651830166201,0.6110994940184449,-0.007080765792614472,-0.005476694646077212
0.08734177562254894,0.879651830166201,0.6462321245415465,-0.006362067746656118,-0.0054374093236269445
0.09113924412787715,0.879651830166201,0.6723313420234371,-0.005682802690829992,-0.005419771015588048
0.09493671263320537,0.879651830166201,0.6891307455433302,-0.005065867200051582,-0.005422176239411534
0.09873418113853358,0.879651830166201,0.6962589883631598,-0.004538609961025498,-0.0054446249950974015
0.1025316496438618,0.879651830166201,0.693643415686348,-0.004129651692396099,-0.005486315541371156
0.10632911814919001,0.879651830166201,0.6813728278198236,-0.003861888969078871,-0.005538428724213349
0.11012658665451823,0.879651830166201,0.6595198795601646,-0.003760126413898927,-0.005603369767447465
0.11392405515984644,0.879651830166201,0.6284316993799107,-0.0038485326337115034,-0.0056731212583285544
0.11772152366517466,0.879651830166201,0.5885119250378295,-0.004145552091642964,-0.005743674490484138
0.12151899217050287,0.879651830166201,0.5403579404168962,-0.004667085186940177,-0.005809417274992751
0.12531646067583108,0.879651830166201,0.48457520215526195,-0.005432848414669255,-0.005863935681658429
0.1291139291811593,0.879651830166201,0.4220597860773899,-0.006451109982438569,-0.005904022745383194
0.13291139768648752,0.879651830166201,0.353477694485246,-0.00772759403397699,-0.005920859312147594
0.13670886619181571,0.879651830166201,0.28006002254307044,-0.009269614752938077,-0.005907229710481175
0.14050633469714394,0.879651830166201,0.20254946372699498,-0.01107717213932183,-0.005860327845923201
0.14430380320247216,0.879651830166201,0.12238296845823095,-0.01314676810529394,-0.00576892934063074
0.14810127170780038,0.879651830166201,0.04029919383532249,-0.015470134443246034,-0.0056314307120548
0.15189874021312857,0.879651830166201,-0.04222858232222996,-0.01803327880184087,-0.0054374093236269445
0.1556962087184568,0.879651830166201,-0.12429621143478774,-0.020821413809778866,-0.005182455598337447
0.15949367722378502,0.879651830166201,-0.2044546339483764,-0.023815617991956247,-0.0048623603944952095
0.16329114572911324,0.879651830166201,-0.2819036380062399,-0.02698957618761945,-0.0044701084759483966
0.16708861423444143,0.879651830166201,-0.3553011280604771,-0.03031697323601491,-0.004003194401214212
0.17088608273976966,0.879651830166201,-0.42377121017456304,-0.03376656485262254,-0.003457108375623619
0.17468355124509788,0.879651830166201,-0.48630680814037347,-0.03730392667307287,-0.00282884386939726
0.1784810197504261,0.879651830166201,-0.5419094230521578,-0.04089256728109435,-0.002116396529348898
0.1822784882557543,0.879651830166201,-0.5900407030491605,-0.044493252441545325,-0.0013189646142040365
0.18607595676108252,0.879651830166201,-0.6298318178556347,-0.04806571439333311,-0.0004356962738585251
0.18987342526641074,0.879651830166201,-0.6608195931433951,-0.051567578572464814,0.0005326568592427973
0.19367089377173893,0.879651830166201,-0.6825423682258517,-0.05495535738700025,0.0015838398877654125
0.19746836227706716,0.879651830166201,-0.6947140648414782,-0.058186795525940874,0.002715497696715491
0.20126583078239538,0.879651830166201,-0.6971712096979739,-0.061219001662318265,0.0039244233209950515
0.2050632992877236,0.879651830166201,-0.689897657284988,-0.06400944222814706,0.005204603701045379
0.2088607677930518,0.879651830166201,-0.6729943170422124,-0.0665179687153289,0.006551328606878815
0.21265823629838002,0.879651830166201,-0.6467003443417166,-0.06870534688872218,0.007957683020002836
0.21645570480370824,0.879651830166201,-0.6114627680013355,-0.07053556234403272,0.009415900071820771
0.22025317330903646,0.879651830166201,-0.5676932985350115,-0.0719754627488308,0.010917962349587666
0.22405064181436465,0.879651830166201,-0.5161184839085258,-0.07299495659754175,0.012454098631520609
0.22784811031969288,0.879651830166201,-0.4573927218382798,-0.0735677684804101,0.01401503878413325
0.2316455788250211,0.879651830166201,-0.3924438746222397,-0.07367187634447896,0.015590059517879215
0.23544304733034932,0.879651830166201,-0.3221569180465026,-0.0732901077585617,0.017168587869701095
0.23924051583567751,0.879651830166201,-0.24755507382954361,-0.07240994115825142,0.018738998591118713
0.24303798434100574,0.879651830166201,-0.16963885906590703,-0.07102382385390586,0.020290167521948444
0.24683545284633396,0.879651830166201,-0.08966005535496979,-0.06912913227964929,0.0218095674547763
0.25063292135166215,0.879651830166201,-0.008637848037619203,-0.06672920551932353,0.023286575317715216
0.2544303898569904,0.879651830166201,0.0722067586658738,-0.06383278879251437,0.024709465644625703
0.2582278583623186,0.879651830166201,0.15170321525508418,-0.060452840924608016,0.026066613187027576
0.2620253268676468,0.879651830166201,0.22886664559861983,-0.056607965382723294,0.02734659313175928
0.26582279537297504,0.879651830166201,0.3023529359597858,-0.05232312579367778,0.02854078676011999
0.26962026387830323,0.879651830166201,0.3712861924020572,-0.047627101880108304,0.029637969694266773
0.27341773238363143,0.879651830166201,0.43460081124228844,-0.04255233045647848,0.030628120168268432
0.2772152008889597,0.879651830166201,0.49150969885088336,-0.037136336465010904,0.03150402251065452
0.2810126693942879,0.879651830166201,0.5410441246068006,-0.031420460943747425,0.03225966366186631
0.2848101378996161,0.879651830166201,0.5825623044736001,-0.025450497042519032,0.03288622446788437
0.2886076064049443,0.879651830166201,0.6155072183441833,-0.0192731919351115,0.03337849361042447
0.2924050749102725,0.879651830166201,0.6393945009080293,-0.012936882835235305,0.03373206151247689
0.29620254341560076,0.879651830166201,0.6538608781822477,-0.006494677076374982,0.03394813078595336
0.30000001192092896,0.879651830166201,,,
0.0,0.8917018552369709,,,
0.0037974685053282146,0.8917018552369709,-0.6561262951033289,-0.0012777560834781707,-0.010596814860322653
0.007594937010656429,0.8917018552369709,-0.6415892812213263,-0.0025361931818713985,-0.010549311689808808
0.011392405515984643,0.8917018552369709,-0.61758090732985,-0.0037563898200759136,-0.010470640827248958
0.015189874021312859,0.8917018552369709,-0.5844765565445539,-0.004920060538957819,-0.010363207496466591
0.018987342526641072,0.8917018552369709,-0.5427050939841278,-0.006009953405334265,-0.010228114091714138
0.022784811031969287,0.8917018552369709,-0.4929042673074242,-0.007010883537924494,-0.010067665619155772
0.026582279537297502,0.8917018552369709,-0.43575521523236277,-0.007908063565428922,-0.009885069043889473
0.030379748042625717,0.8917018552369709,-0.37210154067476703,-0.008689568188412397,-0.009682629372079418
0.03417721654795393,0.8917018552369709,-0.30283326489271883,-0.009346254677307972,-0.009465357486691198
0.037974685053282144,0.8917018552369709,-0.22897159141589932,-0.009869695820514808,-0.009234455999636558
0.04177215355861036,0.8917018552369709,-0.15152965101881424,-0.010255757514228721,-0.008994735358562472
0.045569622063938574,0.8917018552369709,-0.07165377493636266,-0.010503167726509959,-0.008751807752390404
0.04936709056926679,0.8917018552369709,0.009513741974144141,-0.010611926457358525,-0.008507276663669346
0.053164559074595004,0.8917018552369709,0.09083060485539483,-0.010584577770653915,-0.00826755602259526
0.05696202757992322,0.8917018552369709,0.1711343369621397,-0.0104293898740045,-0.00803344757044264
0.060759496085251434,0.8917018552369709,0.24923017052842772,-0.010155903006958402,-0.007810563496132954
0.06455696459057965,0.8917018552369709,0.3240000289624736,-0.00977429342503361,-0.007602110764764182
0.06835443309590786,0.8917018552369709,0.3944671088880605,-0.009300461527476997,-0.007408089376336326
0.07215190160123608,0.8917018552369709,0.45946893355993884,-0.0087509437295053,-0.0072357150023198424
0.07594937010656429,0.8917018552369709,0.5181740091950481,-0.008145456526184635,-0.00708178067761675
0.07974683861189251,0.8917018552369709,0.5697024054792755,-0.007504352428550988,-0.0069510968498740205
0.08354430711722072,0.8917018552369709,0.6133033561813142,-0.00684798394764035,-0.006843663519091654
0.08734177562254894,0.8917018552369709,0.6483633319078377,-0.006202427738217581,-0.00675948068526965
0.09113924412787715,0.8917018552369709,0.6743010942862213,-0.005589944359228293,-0.006699350089682504
0.09493671263320537,0.8917018552369709,0.6908744606612047,-0.005036610465437348,-0.00665765954340875
0.09873418113853358,0.8917018552369709,0.6976636477636698,-0.004567866695639732,-0.006637616011546369
0.1025316496438618,0.8917018552369709,0.6946848011039676,-0.004205337592811181,-0.006630400340075911
0.10632911814919001,0.8917018552369709,0.6819137024165717,-0.003973827779776809,-0.006639219494095359
0.11012658665451823,0.8917018552369709,0.6595360250705152,-0.0038955978154822275,-0.006654452578310769
0.11392405515984644,0.8917018552369709,0.6278262427417599,-0.003991636226933299,-0.006675297851447646
0.11772152366517466,0.8917018552369709,0.5872525752304757,-0.004279115445316641,-0.006694539642035533
0.12151899217050287,0.8917018552369709,0.538388188154112,-0.004773935869879118,-0.006707367502427457
0.12531646067583108,0.8917018552369709,0.48181431988529394,-0.0054913618838977225,-0.0067089709849764475
0.1291139291811593,0.8917018552369709,0.4185481375761148,-0.006442205758860323,-0.00668652222929058
0.13291139768648752,0.8917018552369709,0.3491587704664364,-0.0076312376145409805,-0.00664082297664435
0.13670886619181571,0.8917018552369709,0.274913641118788,-0.00906354557869869,-0.006561851461106565
0.14050633469714394,0.8917018552369709,0.19661598867311636,-0.010740083675288267,-0.006441590269932274
0.14430380320247216,0.8917018552369709,0.11563818150923016,-0.012656717800505523,-0.006275228955474505
0.14810127170780038,0.8917018552369709,0.032815749787777626,-0.014805815762711963,-0.006052745751802067
0.15189874021312857,0.8917018552369709,-0.050420410636411346,-0.017175770270457375,-0.005769330211267987
0.1556962087184568,0.8917018552369709,-0.13316413299490426,-0.019752906980389454,-0.005420773192181167
0.15949367722378502,0.8917018552369709,-0.21389773931473627,-0.022517668401434553,-0.004997453799247663
0.16329114572911324,0.8917018552369709,-0.2918644087982188,-0.025448111982632002,-0.004496966808643988
0.16708861423444143,0.8917018552369709,-0.3656826912159708,-0.028518479077201873,-0.003913499596130053
0.17088608273976966,0.8917018552369709,-0.4344696289706891,-0.03169983095851487,-0.0032428430200147572
0.17468355124509788,0.8917018552369709,-0.49722016404304303,-0.0349611618480396,-0.002482591856474614
0.1784810197504261,0.8917018552369709,-0.5529191474697331,-0.038268723148374595,-0.0016303408816861385
0.1822784882557543,0.8917018552369709,-0.601022172823622,-0.04158630170023512,-0.0006849375925672433
0.18607595676108252,0.8917018552369709,-0.6406619234705585,-0.04487629305940233,0.00035336746673379175
0.18987342526641074,0.8917018552369709,-0.6713681614215787,-0.048100138757702575,0.001483922881431439
0.19367089377173893,0.8917018552369709,-0.6926716577821159,-0.05121773003803564,0.0027047744071691166
0.19746836227706716,0.8917018552369709,-0.7042984434234066,-0.05418951465727494,0.004012614861189531
0.20126583078239538,0.8917018552369709,-0.7060825223171578,-0.05697677514325435,0.005403034666482959
0.2050632992877236,0.8917018552369709,-0.6980016943866375,-0.05953991950184919,0.006871123157743117
0.2088607677930518,0.8917018552369709,-0.6801750327706818,-0.06184150229283308,0.008410265969455417
0.21265823629838002,0.8917018552369709,-0.652840179199765,-0.06384618487887986,0.010013046994830781
0.21645570480370824,0.8917018552369709,-0.6164562716244848,-0.06552069567456546,0.01167099784165735
0.22025317330903646,0.8917018552369709,-0.5714456160499516,-0.06683410840335473,0.013374347288152216
0.22405064181436465,0.8917018552369709,-0.5185398059139309,-0.0677585178645694,0.015113825200829023
0.22784811031969288,0.8917018552369709,-0.4584108980847702,-0.06827031196532792,0.016878157093015184
0.2316455788250211,0.8917018552369709,-0.39199785489880185,-0.06834905869259802,0.01865566760740086
0.23544304733034932,0.8917018552369709,-0.3202033112940691,-0.06797877814513663,0.02043438073369828
0.23924051583567751,0.8917018552369709,-0.24406057993301614,-0.06714818103947845,0.022202019808641733
0.24303798434100574,0.8917018552369709,-0.16459338708131638,-0.06585023144895676,0.02394560664535033
0.24683545284633396,0.8917018552369709,-0.08305452343274371,-0.06408242506069017,0.025653115124706638
0.25063292135166215,0.8917018552369709,-0.0004984926320775569,-0.061848259962512996,0.027310915645044242
0.2544303898569904,0.8917018552369709,0.08184562834523579,-0.0591555273500562,0.028905979910652586
0.2582278583623186,0.8917018552369709,0.16279518086600828,-0.05601647053073987,0.03042688310837012
0.2620253268676468,0.8917018552369709,0.24135519785487863,-0.052448102931758146,0.03186119824844216
0.26582279537297504,0.8917018552369709,0.3161371654216875,-0.04847332112802653,0.033196498341114045
0.26962026387830323,0.8917018552369709,0.38627729876267297,-0.04411883779027974,0.034422761620454566
0.27341773238363143,0.8917018552369709,0.45070192143951415,-0.03941518168507177,0.035531569803081524
0.2772152008889597,0.8917018552369709,0.5085997215570889,-0.03439637966679091,0.03651129764051475
0.2810126693942879,0.8917018552369709,0.558973713851242,-0.029100910701614583,0.03735392772000928
0.2848101378996161,0.8917018552369709,0.6011942234182965,-0.023570751843554505,0.038053046111369164
0.2886076064049443,0.8917018552369709,0.6347042301511538,-0.017848516162592285,0.03860464410822191
0.2924050749102725,0.8917018552369709,0.6590193687392931,-0.011979996808558895,0.03900310952164606
0.29620254341560076,0.8917018552369709,0.6736956376480704,-0.006014803027104559,0.03924122668017115
0.30000001192092896,0.8917018552369709,,,
0.0,0.9037518803077408,,,
0.0037974685053282146,0.9037518803077408,-0.6600062630594791,-0.0011710246535335809,-0.012526105019736215
0.007594937010656429,0.9037518803077408,-0.6453804488705477,-0.0023243203619069063,-0.012472939551471248
0.011392405515984643,0.9037518803077408,-0.6212318108578999,-0.003443191705910766,-0.012385198990743671
0.015189874021312859,0.9037518803077408,-0.5879266502876169,-0.004510863764339716,-0.012264236275954197
0.018987342526641072,0.9037518803077408,-0.5459049323167552,-0.0055115553909412425,-0.012111905433800096
0.022784811031969287,0.9037518803077408,-0.49581752283132685,-0.006431552491364923,-0.011931513647038658
0.026582279537297502,0.9037518803077408,-0.43832436956691634,-0.007257419228247155,-0.011724664398218877
0.030379748042625717,0.9037518803077408,-0.37431751197039925,-0.007978502334092539,-0.011496368570306349
0.03417721654795393,0.9037518803077408,-0.30464156205199616,-0.00858573858133036,-0.011248029210531437
0.037974685053282144,0.9037518803077408,-0.2303722144388217,-0.009072767810261874,-0.010985859813771483
0.04177215355861036,0.9037518803077408,-0.15251856352779403,-0.009435296913090424,-0.010714069521717585
0.045569622063938574,0.9037518803077408,-0.07221079504346146,-0.009671258837913919,-0.010434261816918736
0.04936709056926679,0.9037518803077408,0.009364396003400258,-0.00978160760868717,-0.010152850629570895
0.053164559074595004,0.9037518803077408,0.0911010421537689,-0.009768887289289678,-0.009871840312860302
0.05696202757992322,0.9037518803077408,0.17176401186581663,-0.009640730071359935,-0.009598446538257413
0.060759496085251434,0.9037518803077408,0.25020697390464447,-0.00940476814653644,-0.009334673658948469
0.06455696459057965,0.9037518803077408,0.32529974254570415,-0.009070223746382375,-0.009082926898756952
0.06835443309590786,0.9037518803077408,0.39599285961620073,-0.008653633286114478,-0.008849620187878828
0.07215190160123608,0.9037518803077408,0.4612287941881641,-0.008167717085130246,-0.008633951785039598
0.07594937010656429,0.9037518803077408,0.5200468883957281,-0.007629011558646419,-0.008440732137886238
0.07974683861189251,0.9037518803077408,0.5716640849868844,-0.007058505233668859,-0.00826755602259526
0.08354430711722072,0.9037518803077408,0.6152731084440983,-0.006476550621233554,-0.008116828662990148
0.08734177562254894,0.9037518803077408,0.6502523566188684,-0.00590413624834637,-0.00799095528289439
0.09113924412787715,0.9037518803077408,0.6760851731799725,-0.00535970657813367,-0.007885125434661014
0.09493671263320537,0.9037518803077408,0.6924002113893449,-0.00486997428133019,-0.007802546083388001
0.09873418113853358,0.9037518803077408,0.6989391430813744,-0.004457199916881543,-0.007736803298879388
0.1025316496438618,0.9037518803077408,0.6955647314180802,-0.004139191931944218,-0.007690302304958662
0.10632911814919001,0.9037518803077408,0.6823899949719171,-0.003940754949343327,-0.007651818723782889
0.11012658665451823,0.9037518803077408,0.6594956612946385,-0.0038828774960847343,-0.00762455952045005
0.11392405515984644,0.9037518803077408,0.6272369316139597,-0.003979551923505681,-0.007599705540940697
0.11772152366517466,0.9037518803077408,0.5860578074645246,-0.004249858710702407,-0.007569239372509876
0.12151899217050287,0.9037518803077408,0.5365314544637827,-0.004712878336771152,-0.0075307557913341025
0.12531646067583108,0.9037518803077408,0.4792956202705863,-0.005373698929470912,-0.0074778408672174146
0.1291139291811593,0.9037518803077408,0.4152705989749247,-0.006245040808199182,-0.007403278928689355
0.13291139768648752,0.9037518803077408,0.34517486578740364,-0.007335490188549268,-0.007297449080455978
0.13670886619181571,0.9037518803077408,0.2701830065860358,-0.008644411054551297,-0.007155140004233067
0.14050633469714394,0.9037518803077408,0.19114669704182008,-0.010174665478069703,-0.006968334287275669
0.14430380320247216,0.9037518803077408,0.10945848742250353,-0.011921483339330428,-0.00672901451683883
0.14810127170780038,0.9037518803077408,0.02594583513355899,-0.013878504478634724,-0.00643036589208934
0.15189874021312857,0.9037518803077408,-0.057956327592595946,-0.016036824672404346,-0.0060659744828312386
0.1556962087184568,0.9037518803077408,-0.1412792701349199,-0.018381815553332178,-0.005626620264407829
0.15949367722378502,0.9037518803077408,-0.2225638419954692,-0.020895986682246667,-0.005109497142358377
0.16329114572911324,0.9037518803077408,-0.3009896494295494,-0.023560257580051574,-0.004506186833300684
0.16708861423444143,0.9037518803077408,-0.3751863422461458,-0.026350380137895427,-0.0038136828074553917
0.17088608273976966,0.9037518803077408,-0.44426591737597027,-0.029240277701013364,-0.0030272748348348405
0.17468355124509788,0.9037518803077408,-0.5072071712893418,-0.032202204072719606,-0.0021441568209782966
0.1784810197504261,0.9037518803077408,-0.562990918645373,-0.035205034221488414,-0.0011619235420622749
0.1822784882557543,0.9037518803077408,-0.6110682120921405,-0.03821617232886371,-7.982336564193566e-05
0.18607595676108252,0.9037518803077408,-0.6505631576931192,-0.04120099527548544,0.0011026447965792807
0.18987342526641074,0.9037518803077408,-0.6810075356481392,-0.04412468118700296,0.002384278332689631
0.19367089377173893,0.9037518803077408,-0.7019250534018552,-0.04695101690413155,0.003762571801206318
0.19746836227706716,0.9037518803077408,-0.7130513282222745,-0.04964430603056199,0.00523406769288308
0.20126583078239538,0.9037518803077408,-0.7142117867787303,-0.05216873291699071,0.0067938553424136345
0.2050632992877236,0.9037518803077408,-0.7053902835608721,-0.05448883967309719,0.008436422778535827
0.2088607677930518,0.9037518803077408,-0.6867149735571082,-0.05657051994249692,0.010153852806164014
0.21265823629838002,0.9037518803077408,-0.6584245075923099,-0.05838129715972817,0.011938929753827739
0.21645570480370824,0.9037518803077408,-0.6209926554858303,-0.05989167608418799,0.013781982617403406
0.22025317330903646,0.9037518803077408,-0.5748341550348026,-0.06107307574823015,0.01567339050159707
0.22405064181436465,0.9037518803077408,-0.5207108725089002,-0.0619003735210446,0.01760132772260992
0.22784811031969288,0.9037518803077408,-0.45929637841806586,-0.062352183365644305,0.019554169031961784
0.2316455788250211,0.9037518803077408,-0.391539726042601,-0.06241002106790478,0.0215196878752166
0.23544304733034932,0.9037518803077408,-0.3183612094724951,-0.06205929801151703,0.023484505194856235
0.23924051583567751,0.9037518803077408,-0.240808268691749,-0.06128975843896682,0.025435241933362548
0.24303798434100574,0.9037518803077408,-0.15991118907961627,-0.060095081941553524,0.02735821838023946
0.24683545284633396,0.9037518803077408,-0.07694950233138902,-0.0584730822143807,0.02923890297488675
0.25063292135166215,0.9037518803077408,0.00700916968099334,-0.056426859835301484,0.031063866550956616
0.2544303898569904,0.9037518803077408,0.09073776817087836,-0.0539634109799845,0.03282008081273851
0.2582278583623186,0.9037518803077408,0.1730152889179951,-0.05109466094786489,0.0344929139819729
0.2620253268676468,0.9037518803077408,0.2528467648469823,-0.04783603312621213,0.036069137327630604
0.26582279537297504,0.9037518803077408,0.32882350017974227,-0.044207244010092316,0.03753712560123145
0.26962026387830323,0.9037518803077408,0.40008574649010065,-0.04023214419837576,0.03888525355429526
0.27341773238363143,0.9037518803077408,0.46550331805350925,-0.035939990425676686,0.040101495067704586
0.2772152008889597,0.9037518803077408,0.5243093031283103,-0.031363219506458706,0.04117743185807724
0.2810126693942879,0.9037518803077408,0.5754582799192965,-0.026533950247200497,0.042102641288844785
0.2848101378996161,0.9037518803077408,0.6183407554107294,-0.021489707590124654,0.04287151117108575
0.2886076064049443,0.9037518803077408,0.6523593457196335,-0.01627183257327303,0.0434752223507807
0.2924050749102725,0.9037518803077408,0.6770296855354879,-0.010922302250657354,0.04390896438028264
0.29620254341560076,0.9037518803077408,0.6919400643443503,-0.005483729692259227,0.044171935518317086
0.30000001192092896,0.9037518803077408,,,
0.0,0.9158019053785106,,,
0.0037974685053282146,0.9158019053785106,-0.6635305252407157,-0.0010526064301425446,-0.014287731035120954
0.007594937010656429,0.9158019053785106,-0.6488234789528323,-0.0020893919630344576,-0.014229103704423488
0.011392405515984643,0.9158019053785106,-0.6245481995933713,-0.0030953307213874496,-0.014132493880846808
0.015189874021312859,0.9158019053785106,-0.5910608974844447,-0.004055555831905702,-0.01399930461162128
0.018987342526641072,0.9158019053785106,-0.5488222242182456,-0.004956392951236908,-0.01383184090291108
0.022784811031969287,0.9158019053785106,-0.4984643774344431,-0.0057852012619798105,-0.013632207325561757
0.026582279537297502,0.9158019053785106,-0.4406775777005294,-0.006530293970687963,-0.013404312368286476
0.030379748042625717,0.9158019053785106,-0.37633166438664784,-0.007181574323839603,-0.013150761690227346
0.03417721654795393,0.9158019053785106,-0.30631060418449874,-0.007732205149758581,-0.012876365739031339
0.037974685053282144,0.9158019053785106,-0.23167596439963992,-0.008175985292738618,-0.012585333656389554
0.04177215355861036,0.9158019053785106,-0.15342674848502033,-0.008508303636998123,-0.012279870230806855
0.045569622063938574,0.9158019053785106,-0.07275166964020958,-0.008728047154589812,-0.011968393745665442
0.04936709056926679,0.9158019053785106,0.009211013655068701,-0.008834897837528754,-0.011652106812877056
0.053164559074595004,0.9158019053785106,0.09129478827797717,-0.008833625805589005,-0.01133742336263766
0.05696202757992322,0.9158019053785106,0.1722968137073894,-0.008728683170559687,-0.011027550360045237
0.060759496085251434,0.9158019053785106,0.25106268595323106,-0.00852738411609436,-0.010724893028923273
0.06455696459057965,0.9158019053785106,0.32641378275990174,-0.008239586889726083,-0.01043706791137947
0.06835443309590786,0.9158019053785106,0.39734100973048336,-0.007877693802867408,-0.010162872395502086
0.07215190160123608,0.9158019053785106,0.46276261767147964,-0.007454107166930891,-0.009907918670212588
0.07594937010656429,0.9158019053785106,0.5217179487170245,-0.006984091365193524,-0.009672206735510978
0.07974683861189251,0.9158019053785106,0.5733997273495836,-0.006486090860781674,-0.00946134878031872
0.08354430711722072,0.9158019053785106,0.6169926052964468,-0.005976006052942205,-0.009274543063361323
0.08734177562254894,0.9158019053785106,0.6519395624505155,-0.005474189452711107,-0.00910697913699181
0.09113924412787715,0.9158019053785106,0.6776351421736388,-0.005000357555154493,-0.008964269190131652
0.09493671263320537,0.9158019053785106,0.6937564342588028,-0.004572954823398729,-0.00884240451640837
0.09873418113853358,0.9158019053785106,0.7000208922748706,-0.004213605800419552,-0.008738178150723985
0.1025316496438618,0.9158019053785106,0.6963639341804393,-0.003940118933373453,-0.00864758138670602
0.10632911814919001,0.9158019053785106,0.6827532689548076,-0.003772210717326545,-0.008572217706903463
0.11012658665451823,0.9158019053785106,0.6594310792532357,-0.0037289616313750692,-0.008500862733473384
0.11392405515984644,0.9158019053785106,0.6267041297723869,-0.003823728010886392,-0.0084303095013178
0.11772152366517466,0.9158019053785106,0.5849437672503269,-0.0040736822870471295,-0.008359756269162216
0.12151899217050287,0.9158019053785106,0.5348200303666095,-0.004493452827164398,-0.008277176917889203
0.12531646067583108,0.9158019053785106,0.47699488504561294,-0.005091943854816443,-0.008174554034753808
0.1291139291811593,0.9158019053785106,0.4123078978255731,-0.005875515529702011,-0.008049482395932546
0.13291139768648752,0.9158019053785106,0.34155827146884904,-0.006852436059429473,-0.00788913414103349
0.13670886619181571,0.9158019053785106,0.2659004099655152,-0.008026839547803012,-0.0076886988224096715
0.14050633469714394,0.9158019053785106,0.18620617087450891,-0.00939649993892807,-0.00743975815667889
0.14430380320247216,0.9158019053785106,0.10387617721875243,-0.010959191176910084,-0.0071338938604589425
0.14810127170780038,0.9158019053785106,0.01973788640371865,-0.012709507126005118,-0.006764692003553869
0.15189874021312857,0.9158019053785106,-0.06473744193988579,-0.014637748542672586,-0.006323333431944221
0.1556962087184568,0.9158019053785106,-0.14861135002292702,-0.016732149131469806,-0.005804807262664403
0.15949367722378502,0.9158019053785106,-0.2303621234948525,-0.018976172477180038,-0.005200294341694967
0.16329114572911324,0.9158019053785106,-0.309216796047623,-0.0213527256506129,-0.004505184656707565
0.16708861423444143,0.9158019053785106,-0.3837444718264085,-0.023841853650713576,-0.0037133649304841704
0.17088608273976966,0.9158019053785106,-0.4530884296882255,-0.026419546874619296,-0.0028219288509047386
0.17468355124509788,0.9158019053785106,-0.5161961841770886,-0.029060444185531307,-0.0018271683645747282
0.1784810197504261,0.9158019053785106,-0.572057127254484,-0.031736719884767596,-0.0007268786829892773
0.1822784882557543,0.9158019053785106,-0.6201036433221454,-0.03441975325368381,0.00048054367640060447
0.18607595676108252,0.9158019053785106,-0.6594658930099294,-0.03707873726873913,0.00179419675466111
0.18987342526641074,0.9158019053785106,-0.6896736383288721,-0.03968238789441536,0.0032128278310508403
0.19367089377173893,0.9158019053785106,-0.7102399912324605,-0.04219866582623005,0.004734081790575965
0.19746836227706716,0.9158019053785106,-0.7209152008574574,-0.04459545225770455,0.00635369938271573
0.20126583078239538,0.9158019053785106,-0.7215075392684485,-0.04684082713735077,0.008067220921630753
0.2050632992877236,0.9158019053785106,-0.7120250792206088,-0.04890338717665614,0.009867530953509888
0.2088607677930518,0.9158019053785106,-0.6925737756256148,-0.050753001119047854,0.011748065221668208
0.21265823629838002,0.9158019053785106,-0.6634250748762377,-0.05236025322591921,0.013698401089537272
0.21645570480370824,0.9158019053785106,-0.6250421513006628,-0.05369839107553736,0.0157098697295866
0.22025317330903646,0.9158019053785106,-0.5778548791119771,-0.05474304730605647,0.017770996219824982
0.22405064181436465,0.9158019053785106,-0.5226311791462355,-0.05547148434655353,0.019869954876453606
0.22784811031969288,0.9158019053785106,-0.46005420831015137,-0.055864303709947355,0.021994268600888146
0.2316455788250211,0.9158019053785106,-0.3910886608471786,-0.05590524723800804,0.024130007138484243
0.23544304733034932,0.9158019053785106,-0.31666088541368803,-0.05558127660335314,0.02626364110523479
0.23924051583567751,0.9158019053785106,-0.23783547659842819,-0.05488340808040818,0.028380438505220935
0.24303798434100574,0.9158019053785106,-0.1556548289134156,-0.05380583802344806,0.030465567124864517
0.24683545284633396,0.9158019053785106,-0.0714055377147208,-0.052347135396540546,0.032504796056543245
0.25063292135166215,0.9158019053785106,0.013824593237778397,-0.05050968525957269,0.03448209047476721
0.2544303898569904,0.9158019053785106,0.09879034145828505,-0.04829968876825075,0.03638261816595826
0.2582278583623186,0.9158019053785106,0.18226262997135287,-0.04572764018607767,0.038192549093131335
0.2620253268676468,0.9158019053785106,0.26324850989041443,-0.04280769086838315,0.03989905539589453
0.26582279537297504,0.9158019053785106,0.3403029580390829,-0.039557013246353814,0.041486903990032416
0.26962026387830323,0.9158019053785106,0.4125662259911841,-0.03599850389490515,0.04294487049770207
0.27341773238363143,0.9158019053785106,0.478891982511819,-0.03215664942887733,0.04425932531723707
0.2772152008889597,0.9158019053785106,0.5385012067265669,-0.02805975255892978,0.04542185016525522
0.2810126693942879,0.9158019053785106,0.5903686587281588,-0.02373802404363154,0.04642242327582532
0.2848101378996161,0.9158019053785106,0.6338242998370412,-0.019224854721401025,0.04725222549492793
0.2886076064049443,0.9158019053785106,0.66830303719094,-0.014557769534460849,0.04790484289236708
0.2924050749102725,0.9158019053785106,0.6933205054793342,-0.009772385377123988,0.048375465020495806
0.29620254341560076,0.9158019053785106,0.7084246304124049,-0.004905591175643171,0.04865767794911814
0.30000001192092896,0.9158019053785106,,,
0.0,0.9278519304492805,,,
0.0037974685053282146,0.9278519304492805,-0.6666622497015511,-0.0009231374292749364,-0.015868664610766324
0.007594937010656429,0.9278519304492805,-0.651884062258685,-0.0018328390211862708,-0.015805076505932915
0.011392405515984643,0.9278519304492805,-0.6274962688739676,-0.0027155099343779327,-0.015700499378440938
0.015189874021312859,0.9278519304492805,-0.5938500343975264,-0.003558509351448663,-0.015556085731372477
0.018987342526641072,0.9278519304492805,-0.5514155968183251,-0.004349713217972727,-0.01537459155035861
0.022784811031969287,0.9278519304492805,-0.5008266674176285,-0.005077792499486732,-0.015158422059222822
0.026582279537297502,0.9278519304492805,-0.44277245766853146,-0.005733604466423729,-0.014910383352425846
0.030379748042625717,0.9278519304492805,-0.3781359251683375,-0.006308006389216772,-0.014635586530592591
0.03417721654795393,0.9278519304492805,-0.30781213664711293,-0.006794399602178411,-0.014337138341161727
0.037974685053282144,0.9278519304492805,-0.23283440476730194,-0.007186980459583538,-0.014018847055187102
0.04177215355861036,0.9278519304492805,-0.15427438777843158,-0.0074830458935601874,-0.013686926167546059
0.045569622063938574,0.9278519304492805,-0.07324410770590564,-0.007681800884146015,-0.013343380031424835
0.04936709056926679,0.9278519304492805,0.009041485796386455,-0.00778229140738621,-0.012995825188931134
0.053164559074595004,0.9278519304492805,0.09144009787113339,-0.007788651567084956,-0.012647468605162937
0.05696202757992322,0.9278519304492805,0.17275696075238406,-0.0077040614430916275,-0.012303120727767217
0.060759496085251434,0.9278519304492805,0.25176905203107375,-0.007535835219059783,-0.011968393745665442
0.06455696459057965,0.9278519304492805,0.3273905861361185,-0.007292559110582729,-0.011643688529494855
0.06835443309590786,0.9278519304492805,0.3984954137205577,-0.006982819333253776,-0.011336621621363166
0.07215190160123608,0.9278519304492805,0.46410269503058693,-0.006622198278334849,-0.011044787797446887
0.07594937010656429,0.9278519304492805,0.5231387536278853,-0.0062208722013439455,-0.010778609694314455
0.07974683861189251,0.9278519304492805,0.5748931870570224,-0.005793469469588181,-0.010529268157946425
0.08354430711722072,0.9278519304492805,0.618518356024587,-0.005357162514254172,-0.010303177118538759
0.08734177562254894,0.9278519304492805,0.6533765128717269,-0.004927215718618909,-0.010103543541189435
0.09113924412787715,0.9278519304492805,0.6789752195327461,-0.0045214375298388825,-0.009923953495702494
0.09493671263320537,0.9278519304492805,0.6949350565144032,-0.004156364363130834,-0.009764406982077934
0.09873418113853358,0.9278519304492805,0.700965404630386,-0.0038498046656512525,-0.009624904000315756
0.1025316496438618,0.9278519304492805,0.6970097545944669,-0.003618930868586755,-0.00950063410276899
0.10632911814919001,0.9278519304492805,0.6830761791618214,-0.0034796433711842068,-0.009385985100516166
0.11012658665451823,0.9278519304492805,0.6593584244566576,-0.003446570540750725,-0.009278551769733799
0.11392405515984644,0.9278519304492805,0.6261713279308141,-0.003536884808472925,-0.009171920180225928
0.11772152366517466,0.9278519304492805,0.5839508183637595,-0.003762670477778426,-0.009058072919247599
0.12151899217050287,0.9278519304492805,0.53331042514882,-0.004132195756275597,-0.008933001280426336
0.12531646067583108,0.9278519304492805,0.4749201869655493,-0.004657544947392058,-0.008787886109742692
0.1291139291811593,0.9278519304492805,0.40970039790393664,-0.0053463502427663024,-0.008613106511902722
0.13291139768648752,0.9278519304492805,0.3383453149090617,-0.006202745746202518,-0.008406257263082941
0.13670886619181571,0.9278519304492805,0.26210621503310305,-0.007230229545535014,-0.008154911373528674
0.14050633469714394,0.9278519304492805,0.18183881032464724,-0.008427529608824041,-0.007851452301132213
0.14430380320247216,0.9278519304492805,0.09893161467385359,-0.009792419880175039,-0.0074882635037858535
0.14810127170780038,0.9278519304492805,0.014256485639659358,-0.01131981223182901,-0.007055724086195653
0.15189874021312857,0.9278519304492805,-0.07074155360154867,-0.013002392480132394,-0.0065470192475284026
0.1556962087184568,0.9278519304492805,-0.1550776269183784,-0.014829189349604857,-0.005954131575039148
0.15949367722378502,0.9278519304492805,-0.23724818365942182,-0.01678636949290162,-0.005271248444487799
0.16329114572911324,0.9278519304492805,-0.31647016657267046,-0.01885803251077582,-0.00449335897290876
0.16708861423444143,0.9278519304492805,-0.3912995615761345,-0.021026926470044612,-0.003613447924150197
0.17088608273976966,0.9278519304492805,-0.46087056567725815,-0.02327309636965317,-0.002628208115454818
0.17468355124509788,0.9278519304492805,-0.5241226206648805,-0.02557285061472367,-0.0015333301874722103
0.1784810197504261,0.9278519304492805,-0.5800446139532894,-0.027903451634333085,-0.0003269100046754477
0.1822784882557543,0.9278519304492805,-0.6280694344914172,-0.030239379287690205,0.0009910524329354699
0.18607595676108252,0.9278519304492805,-0.6673116019459678,-0.032553841402064056,0.0024216595196129734
0.18987342526641074,0.9278519304492805,-0.6973064283471608,-0.03481980729873496,0.003962706466852201
0.19367089377173893,0.9278519304492805,-0.7175645029124909,-0.03700889476504727,0.005611387180192418
0.19746836227706716,0.9278519304492805,-0.7278335520427281,-0.03909327810231896,0.007363893388579774
0.20126583078239538,0.9278519304492805,-0.7279294160104354,-0.04104521111386426,0.009214111814796241
0.2050632992877236,0.9278519304492805,-0.7178520948156125,-0.0428372258599842,0.01115582896396448
0.2088607677930518,0.9278519304492805,-0.697729743446668,-0.044443325187910165,0.013180075355576078
0.21265823629838002,0.9278519304492805,-0.6678100945780454,-0.0458379492058528,0.015278733359226769
0.21645570480370824,0.9278519304492805,-0.6285916408418223,-0.046997803828915455,0.017440077508777057
0.22025317330903646,0.9278519304492805,-0.5804946700543149,-0.04790146326911298,0.019652682991065387
0.22405064181436465,0.9278519304492805,-0.5242961849011504,-0.048528893023394325,0.02190427314282605
0.22784811031969288,0.9278519304492805,-0.46069700144098824,-0.048863675929537095,0.024181017927074003
0.2316455788250211,0.9278519304492805,-0.3906587866340915,-0.048891422126222876,0.02646898708916489
0.23544304733034932,0.9278519304492805,-0.3151300892135632,-0.04860092183198263,0.028753047762542613
0.23924051583567751,0.9278519304492805,-0.2351815583345335,-0.04798438385118539,0.031017766427673135
0.24303798434100574,0.9278519304492805,-0.1518606339810034,-0.047036243044094754,0.03324780978268174
0.24683545284633396,0.9278519304492805,-0.06648519343534799,-0.045756260904722026,0.03542694256675989
0.25063292135166215,0.9278519304492805,0.01986705048652417,-0.04414618647698435,0.037539530825054936
0.2544303898569904,0.9278519304492805,0.10593069341087774,-0.04221110788864073,0.03957074234398871
0.2582278583623186,0.9278519304492805,0.1904685856070911,-0.039959929363269406,0.04150414142743406
0.2620253268676468,0.9278519304492805,0.2724554871678954,-0.03740568922825282,0.04332489586181283
0.26582279537297504,0.9278519304492805,0.3504746295600177,-0.03456333385888301,0.04501937604545859
0.26962026387830323,0.9278519304492805,0.4236016823158808,-0.031452897758211036,0.046573952376704926
0.27341773238363143,0.9278519304492805,0.4907508598644009,-0.02809536945324276,0.047976999607071656
0.2772152008889597,0.9278519304492805,0.5510624137794038,-0.02451396352687861,0.04921649161744135
0.2810126693942879,0.9278519304492805,0.6035595406846727,-0.02073730069776294,0.050283609253794555
0.2848101378996161,0.9278519304492805,0.6475237653696018,-0.01679463770050999,0.051168731620837335
0.2886076064049443,0.9278519304492805,0.6824142132374431,-0.012717139317643613,0.051864643047099236
0.2924050749102725,0.9278519304492805,0.7077142279569745,-0.008535334315717794,0.05236573134365878
0.29620254341560076,0.9278519304492805,0.723028244524604,-0.004284839589045512,0.05267119476924148
0.30000001192092896,0.9278519304492805,,,
0.0,0.9399019555200504,,,
0.0037974685053282146,0.9399019555200504,-0.6693686408740855,-0.0007843666948479113,-0.017238940666538055
0.007594937010656429,0.9399019555200504,-0.6545319259561982,-0.001557285102238079,-0.01717149418182114
0.011392405515984643,0.9399019555200504,-0.630043223131789,-0.0023073069347127593,-0.01705975149168836
0.015189874021312859,0.9399019555200504,-0.5962658063837484,-0.003023858426772786,-0.016905917384644583
0.018987342526641072,0.9399019555200504,-0.553659822757071,-0.0036969223268926337,-0.0167116955608981
0.022784811031969287,0.9399019555200504,-0.5028680653825939,-0.0043166403875392455,-0.016480693856184152
0.026582279537297502,0.9399019555200504,-0.44459790943255634,-0.004875141911085422,-0.016216419888578647
0.030379748042625717,0.9399019555200504,-0.37970203967235444,-0.005365112713877605,-0.015921379099564387
0.03417721654795393,0.9399019555200504,-0.3091138684191373,-0.005780272138213282,-0.015601083460403524
0.037974685053282144,0.9399019555200504,-0.23385560829698307,-0.0061172015982543775,-0.015259742112787161
0.04177215355861036,0.9399019555200504,-0.1550049721218003,-0.006372403006166581,-0.014902766810318142
0.045569622063938574,0.9399019555200504,-0.07369618199572496,-0.006544604330010142,-0.01453516843596206
0.04936709056926679,0.9399019555200504,0.008880030692879555,-0.006634600589747405,-0.01416035439013552
0.053164559074595004,0.9399019555200504,0.09154504368841286,-0.006644458837280462,-0.013784337732397236
0.05696202757992322,0.9399019555200504,0.1731202347352746,-0.006578949192383373,-0.013410726298482438
0.060759496085251434,0.9399019555200504,0.2523745086692246,-0.006442205758860323,-0.013045132277312594
0.06455696459057965,0.9399019555200504,0.32818978889847766,-0.006241224712379935,-0.012691564375260178
0.06835443309590786,0.9399019555200504,0.3994964353623005,-0.00598491027652045,-0.012351626074874182
0.07215190160123608,0.9399019555200504,0.46518444422408317,-0.005685346754709491,-0.012032533047625063
0.07594937010656429,0.9399019555200504,0.5243900306800637,-0.0053514383705253,-0.011728673104591355
0.07974683861189251,0.9399019555200504,0.5761525368643762,-0.004995269427395496,-0.011452072364890485
0.08354430711722072,0.9399019555200504,0.6197777058319408,-0.004632740324566946,-0.011197920380875484
0.08734177562254894,0.9399019555200504,0.6546116444135548,-0.004274027317557644,-0.01096461366999736
0.09113924412787715,0.9399019555200504,0.6801134780124698,-0.00393566682158433,-0.010753755714805103
0.09493671263320537,0.9399019555200504,0.69591185989062,-0.003633559235893872,-0.010565346515298713
0.09873418113853358,0.9399019555200504,0.7017565346375698,-0.003379788863913887,-0.010393773882556724
0.1025316496438618,0.9399019555200504,0.6975587019463904,-0.0031883480569816175,-0.01023663259275565
0.10632911814919001,0.9399019555200504,0.6833264345722571,-0.0030757732303138044,-0.010089913939523016
0.11012658665451823,0.9399019555200504,0.6592776969049042,-0.0030535126713681915,-0.009949609216486343
0.11392405515984644,0.9399019555200504,0.6257111808858195,-0.0031336506835723974,-0.009808502752175175
0.11772152366517466,0.9399019555200504,0.5830708880496469,-0.0033269995384142908,-0.00966178409894254
0.12151899217050287,0.9399019555200504,0.5320026388104141,-0.0036430994754419917,-0.009498228878945504
0.12531646067583108,0.9399019555200504,0.47314418082697335,-0.0040914907342036195,-0.009315431868360582
0.1291139291811593,0.9399019555200504,0.407415808189314,-0.004677261442458171,-0.009104573913168325
0.13291139768648752,0.9399019555200504,0.33558039626150604,-0.005404545704009833,-0.008853628894251304
0.13670886619181571,0.9399019555200504,0.2588367491870883,-0.006274615550798353,-0.008556583752050805
0.14050633469714394,0.9399019555200504,0.17807287003534877,-0.007289061022748419,-0.008203817591272885
0.14430380320247216,0.9399019555200504,0.09468534545162209,-0.008444702040010656,-0.007788114740447086
0.14810127170780038,0.9399019555200504,0.00954199661725785,-0.009737404498780881,-0.007300656045553959
0.15189874021312857,0.9399019555200504,-0.07589802596980032,-0.011160013219398003,-0.006734626705760296
0.1556962087184568,0.9399019555200504,-0.1606377370453973,-0.012703305970298841,-0.006079804519816282
0.15949367722378502,0.9399019555200504,-0.24317762233571277,-0.01435806051992021,-0.005330577298800449
0.16329114572911324,0.9399019555200504,-0.3226962790016554,-0.016109648500954993,-0.004479528935923716
0.16708861423444143,0.9399019555200504,-0.3977940931146996,-0.017942249016152562,-0.0035238533367253503
0.17088608273976966,0.9399019555200504,-0.4675487523960623,-0.019839007642311234,-0.002456234612075582
0.17468355124509788,0.9399019555200504,-0.5309259350889025,-0.02178147991630465,-0.0012750692794254205
0.1784810197504261,0.9399019555200504,-0.586908978588325,-0.023749591584083633,2.174723207068429e-05
0.1822784882557543,0.9399019555200504,-0.6349010035585528,-0.0257215988496781,0.0014367704727251858
0.18607595676108252,0.9399019555200504,-0.6740452888566025,-0.02767532065613867,0.002968146415840814
0.18987342526641074,0.9399019555200504,-0.7038554509831595,-0.02958754242056492,0.004614822775994794
0.19367089377173893,0.9399019555200504,-0.7238435927973139,-0.0314342942910922,0.0063740435675560475
0.19746836227706716,0.9399019555200504,-0.7337680361910037,-0.033192401435818204,0.008240797907558979
0.20126583078239538,0.9399019555200504,-0.7334299895680362,-0.03483833126385756,0.010209774260060058
0.2050632992877236,0.9399019555200504,-0.7228481211747542,-0.036348869192309854,0.012273055429973645
0.2088607677930518,0.9399019555200504,-0.7021364586780096,-0.03770179441322758,0.01442282443987341
0.21265823629838002,0.9399019555200504,-0.6715639257345809,-0.038875840142618065,0.01664830789138332
0.21645570480370824,0.9399019555200504,-0.6316249785989582,-0.03985128988541519,0.018939033039105282
0.22025317330903646,0.9399019555200504,-0.5827419232762516,-0.04060977868048883,0.02128302387275153
0.22405064181436465,0.9399019555200504,-0.5257079079624388,-0.04113496886761282,0.023666500464166663
0.22784811031969288,0.9399019555200504,-0.46122677599937023,-0.041412510336466875,0.0260752319057284
0.2316455788250211,0.9399019555200504,-0.3902682671024842,-0.0414303982856196,0.02849448620151789
0.23544304733034932,0.9399019555200504,-0.3137940482320436,-0.041179489985504046,0.03090832874370453
0.23924051583567751,0.9399019555200504,-0.23287678673197248,-0.04065239175047043,0.03330092514211705
0.24303798434100574,0.9399019555200504,-0.14857905900222565,-0.03984560549268444,0.03565604013594692
0.24683545284633396,0.9399019555200504,-0.06223488783552882,-0.03875770017621385,0.03795603541715523
0.25063292135166215,0.9399019555200504,0.025090123084972413,-0.037390424844975824,0.04018647964280108
0.2544303898569904,0.9399019555200504,0.11208616923207834,-0.035748549618744414,0.042328331457615206
0.2582278583623186,0.9399019555200504,0.19754031914069337,-0.033840501709120466,0.04436836213056843
0.2620253268676468,0.9399019555200504,0.28039100550525964,-0.03167550334766716,0.046288131612347364
0.26582279537297504,0.9399019555200504,0.3592376053028547,-0.029267228877736803,0.04807641552510907
0.26962026387830323,0.9399019555200504,0.43311138791243725,-0.026632532722531067,0.04971517469017741
0.27341773238363143,0.9399019555200504,0.5009628951612124,-0.023788269305251637,0.051195189082895685
0.2772152008889597,0.9399019555200504,0.5618879784695415,-0.02075510914491943,0.05250202736032298
0.2810126693942879,0.9399019555200504,0.6149179072163832,-0.017557220848389697,0.05362687036843985
0.2848101378996161,0.9399019555200504,0.6593180606807809,-0.014219409038487537,0.05455849372940336
0.2886076064049443,0.9399019555200504,0.6945637097763374,-0.01076584232206819,0.05529208699556653
0.2924050749102725,0.9399019555200504,0.7201381981718306,-0.007225777433745892,0.05582123623673341
0.29620254341560076,0.9399019555200504,0.7355571605567396,-0.0036284711081348746,0.05613632055761005
0.30000001192092896,0.9399019555200504,,,
0.0,0.9519519805908203,,,
0.0037974685053282146,0.9519519805908203,,,
0.007594937010656429,0.9519519805908203,,,
0.011392405515984643,0.9519519805908203,,,
0.015189874021312859,0.9519519805908203,,,
0.018987342526641072,0.9519519805908203,,,
0.022784811031969287,0.9519519805908203,,,
0.026582279537297502,0.9519519805908203,,,
0.030379748042625717,0.9519519805908203,,,
0.03417721654795393,0.9519519805908203,,,
0.037974685053282144,0.9519519805908203,,,
0.04177215355861036,0.9519519805908203,,,
0.045569622063938574,0.9519519805908203,,,
0.04936709056926679,0.9519519805908203,,,
0.053164559074595004,0.9519519805908203,,,
0.05696202757992322,0.9519519805908203,,,
0.060759496085251434,0.9519519805908203,,,
0.06455696459057965,0.9519519805908203,,,
0.06835443309590786,0.9519519805908203,,,
0.07215190160123608,0.9519519805908203,,,
0.07594937010656429,0.9519519805908203,,,
0.07974683861189251,0.9519519805908203,,,
0.08354430711722072,0.9519519805908203,,,
0.08734177562254894,0.9519519805908203,,,
0.09113924412787715,0.9519519805908203,,,
0.09493671263320537,0.9519519805908203,,,
0.09873418113853358,0.9519519805908203,,,
0.1025316496438618,0.9519519805908203,,,
0.10632911814919001,0.9519519805908203,,,
0.11012658665451823,0.9519519805908203,,,
0.11392405515984644,0.9519519805908203,,,
0.11772152366517466,0.9519519805908203,,,
0.12151899217050287,0.9519519805908203,,,
0.12531646067583108,0.9519519805908203,,,
0.1291139291811593,0.9519519805908203,,,
0.13291139768648752,0.9519519805908203,,,
0.13670886619181571,0.9519519805908203,,,
0.14050633469714394,0.9519519805908203,,,
0.14430380320247216,0.9519519805908203,,,
0.14810127170780038,0.9519519805908203,,,
0.15189874021312857,0.9519519805908203,,,
0.1556962087184568,0.9519519805908203,,,
0.15949367722378502,0.9519519805908203,,,
0.16329114572911324,0.9519519805908203,,,
0.16708861423444143,0.9519519805908203,,,
0.17088608273976966,0.9519519805908203,,,
0.17468355124509788,0.9519519805908203,,,
0.1784810197504261,0.9519519805908203,,,
0.1822784882557543,0.9519519805908203,,,
0.18607595676108252,0.9519519805908203,,,
0.18987342526641074,0.9519519805908203,,,
0.19367089377173893,0.9519519805908203,,,
0.19746836227706716,0.9519519805908203,,,
0.20126583078239538,0.9519519805908203,,,
0.2050632992877236,0.9519519805908203,,,
0.2088607677930518,0.9519519805908203,,,
0.21265823629838002,0.9519519805908203,,,
0.21645570480370824,0.9519519805908203,,,
0.22025317330903646,0.9519519805908203,,,
0.22405064181436465,0.9519519805908203,,,
0.22784811031969288,0.9519519805908203,,,
0.2316455788250211,0.9519519805908203,,,
0.23544304733034932,0.9519519805908203,,,
0.23924051583567751,0.9519519805908203,,,
0.24303798434100574,0.9519519805908203,,,
0.24683545284633396,0.9519519805908203,,,
0.25063292135166215,0.9519519805908203,,,
0.2544303898569904,0.9519519805908203,,,
0.2582278583623186,0.9519519805908203,,,
0.2620253268676468,0.9519519805908203,,,
0.26582279537297504,0.9519519805908203,,,
0.26962026387830323,0.9519519805908203,,,
0.27341773238363143,0.9519519805908203,,,
0.2772152008889597,0.9519519805908203,,,
0.2810126693942879,0.9519519805908203,,,
0.2848101378996161,0.9519519805908203,,,
0.2886076064049443,0.9519519805908203,,,
0.2924050749102725,0.9519519805908203,,,
0.29620254341560076,0.9519519805908203,,,
0.30000001192092896,0.9519519805908203,,,
