x,y,kappa_pred
0.0,0.0,0.02847592905163765
0.0037974685053282146,0.0,0.028409816324710846
0.007594937010656429,0.0,0.028211776167154312
0.011392405515984643,0.0,0.02788274921476841
0.015189874021312859,0.0,0.027424281463027
0.018987342526641072,0.0,0.026838522404432297
0.022784811031969287,0.0,0.026128219440579414
0.026582279537297502,0.0,0.025296702980995178
0.030379748042625717,0.0,0.024347854778170586
0.03417721654795393,0.0,0.02328609675168991
0.037974685053282144,0.0,0.022116363048553467
0.04177215355861036,0.0,0.020844057202339172
0.045569622063938574,0.0,0.13133002817630768
0.04936709056926679,0.0,0.13555631041526794
0.053164559074595004,0.0,0.13930228352546692
0.05696202757992322,0.0,0.1424250602722168
0.060759496085251434,0.0,0.1447865068912506
0.06455696459057965,0.0,0.14625568687915802
0.06835443309590786,0.0,0.1467110812664032
0.07215190160123608,0.0,0.14604291319847107
0.07594937010656429,0.0,0.14415527880191803
0.07974683861189251,0.0,0.14096792042255402
0.08354430711722072,0.0,0.13641801476478577
0.08734177562254894,0.0,0.13046151399612427
0.09113924412787715,0.0,0.12307437509298325
0.09493671263320537,0.0,0.11425328254699707
0.09873418113853358,0.0,0.10401644557714462
0.1025316496438618,0.0,0.09240372478961945
0.10632911814919001,0.0,0.07947637885808945
0.11012658665451823,0.0,0.0653170719742775
0.11392405515984644,0.0,0.05002879351377487
0.11772152366517466,0.0,0.03373393416404724
0.12151899217050287,0.0,0.01657307893037796
0.12531646067583108,0.0,-0.00129670649766922
0.1291139291811593,0.0,-0.01970389485359192
0.13291139768648752,0.0,-0.038464367389678955
0.13670886619181571,0.0,-0.057383812963962555
0.14050633469714394,0.0,-0.07626038044691086
0.14430380320247216,0.0,-0.09488700330257416
0.14810127170780038,0.0,-0.1130547821521759
0.15189874021312857,0.0,-0.13055497407913208
0.1556962087184568,0.0,-0.14718256890773773
0.15949367722378502,0.0,-0.16273857653141022
0.16329114572911324,0.0,-0.17703348398208618
0.16708861423444143,0.0,-0.18988922238349915
0.17088608273976966,0.0,-0.20114228129386902
0.17468355124509788,0.0,-0.21064576506614685
0.1784810197504261,0.0,-0.2182719111442566
0.1822784882557543,0.0,-0.22391392290592194
0.18607595676108252,0.0,-0.2274874895811081
0.18987342526641074,0.0,-0.22893257439136505
0.19367089377173893,0.0,-0.22821426391601562
0.19746836227706716,0.0,-0.22532355785369873
0.20126583078239538,0.0,-0.22027796506881714
0.2050632992877236,0.0,-0.21312135457992554
0.2088607677930518,0.0,-0.20392394065856934
0.21265823629838002,0.0,-0.1927814483642578
0.21645570480370824,0.0,-0.1798143982887268
0.22025317330903646,0.0,-0.16516627371311188
0.22405064181436465,0.0,-0.14900262653827667
0.22784811031969288,0.0,-0.13150857388973236
0.2316455788250211,0.0,-0.11288698762655258
0.23544304733034932,0.0,-0.0933557078242302
0.23924051583567751,0.0,-0.0731450766324997
0.24303798434100574,0.0,-0.05249505117535591
0.24683545284633396,0.0,-0.03165232762694359
0.25063292135166215,0.0,-0.010867070406675339
0.2544303898569904,0.0,0.009610233828425407
0.2582278583623186,0.0,0.020062388852238655
0.2620253268676468,0.0,0.03624751418828964
0.26582279537297504,0.0,0.05156038701534271
0.26962026387830323,0.0,0.06581415235996246
0.27341773238363143,0.0,0.07883445918560028
0.2772152008889597,0.0,0.09046176820993423
0.2810126693942879,0.0,0.10055329650640488
0.2848101378996161,0.0,0.10898496210575104
0.2886076064049443,0.0,0.11565317958593369
0.2924050749102725,0.0,0.12047580629587173
0.29620254341560076,0.0,0.14534971117973328
0.30000001192092896,0.0,0.14646416902542114
0.0,0.012050025070769877,0.028295863419771194
0.0037974685053282146,0.012050025070769877,0.02800629287958145
0.007594937010656429,0.012050025070769877,0.027587665244936943
0.011392405515984643,0.012050025070769877,0.027042830362915993
0.015189874021312859,0.012050025070769877,0.02637517638504505
0.018987342526641072,0.012050025070769877,0.025588644668459892
0.022784811031969287,0.012050025070769877,0.02468765713274479
0.026582279537297502,0.012050025070769877,0.02367711439728737
0.030379748042625717,0.012050025070769877,0.02256232313811779
0.03417721654795393,0.012050025070769877,0.021348990499973297
0.037974685053282144,0.012050025070769877,0.02004316635429859
0.04177215355861036,0.012050025070769877,0.018651193007826805
0.045569622063938574,0.012050025070769877,0.1309310793876648
0.04936709056926679,0.012050025070769877,0.13522574305534363
0.053164559074595004,0.012050025070769877,0.13904136419296265
0.05696202757992322,0.012050025070769877,0.14223434031009674
0.060759496085251434,0.012050025070769877,0.14466571807861328
0.06455696459057965,0.012050025070769877,0.14620378613471985
0.06835443309590786,0.012050025070769877,0.1467263102531433
0.07215190160123608,0.012050025070769877,0.1461227685213089
0.07594937010656429,0.012050025070769877,0.1442965865135193
0.07974683861189251,0.012050025070769877,0.14116692543029785
0.08354430711722072,0.012050025070769877,0.1366703361272812
0.08734177562254894,0.012050025070769877,0.1307622790336609
0.09113924412787715,0.012050025070769877,0.12341829389333725
0.09493671263320537,0.012050025070769877,0.11463470757007599
0.09873418113853358,0.012050025070769877,0.10442941635847092
0.1025316496438618,0.012050025070769877,0.09284208714962006
0.10632911814919001,0.012050025070769877,0.07993388921022415
0.11012658665451823,0.012050025070769877,0.0657874271273613
0.11392405515984644,0.012050025070769877,0.05050571262836456
0.11772152366517466,0.012050025070769877,0.034211307764053345
0.12151899217050287,0.012050025070769877,0.01704499125480652
0.12531646067583108,0.012050025070769877,-0.000835902988910675
0.1291139291811593,0.012050025070769877,-0.019259490072727203
0.13291139768648752,0.012050025070769877,-0.038041241466999054
0.13670886619181571,0.012050025070769877,-0.05698636919260025
0.14050633469714394,0.012050025070769877,-0.07589248567819595
0.14430380320247216,0.012050025070769877,-0.09455198049545288
0.14810127170780038,0.012050025070769877,-0.11275535821914673
0.15189874021312857,0.012050025070769877,-0.13029325008392334
0.1556962087184568,0.012050025070769877,-0.14695996046066284
0.15949367722378502,0.012050025070769877,-0.16255593299865723
0.16329114572911324,0.012050025070769877,-0.17689093947410583
0.16708861423444143,0.012050025070769877,-0.18978631496429443
0.17088608273976966,0.012050025070769877,-0.20107793807983398
0.17468355124509788,0.012050025070769877,-0.21061834692955017
0.1784810197504261,0.012050025070769877,-0.21827919781208038
0.1822784882557543,0.012050025070769877,-0.2239532172679901
0.18607595676108252,0.012050025070769877,-0.22755563259124756
0.18987342526641074,0.012050025070769877,-0.22902603447437286
0.19367089377173893,0.012050025070769877,-0.228329136967659
0.19746836227706716,0.012050025070769877,-0.22545574605464935
0.20126583078239538,0.012050025070769877,-0.22042310237884521
0.2050632992877236,0.012050025070769877,-0.2132750153541565
0.2088607677930518,0.012050025070769877,-0.20408162474632263
0.21265823629838002,0.012050025070769877,-0.1929386556148529
0.21645570480370824,0.012050025070769877,-0.1799667328596115
0.22025317330903646,0.012050025070769877,-0.16530953347682953
0.22405064181436465,0.012050025070769877,-0.14913277328014374
0.22784811031969288,0.012050025070769877,-0.13162191212177277
0.2316455788250211,0.012050025070769877,-0.11298011988401413
0.23544304733034932,0.012050025070769877,-0.09342566877603531
0.23924051583567751,0.012050025070769877,-0.07318930327892303
0.24303798434100574,0.012050025070769877,-0.052511487156152725
0.24683545284633396,0.012050025070769877,-0.03163938969373703
0.25063292135166215,0.012050025070769877,-0.010823715478181839
0.2544303898569904,0.012050025070769877,0.009684523567557335
0.2582278583623186,0.012050025070769877,0.019015615805983543
0.2620253268676468,0.012050025070769877,0.035281337797641754
0.26582279537297504,0.012050025070769877,0.05068725347518921
0.26962026387830323,0.012050025070769877,0.06504548341035843
0.27341773238363143,0.012050025070769877,0.0781804770231247
0.2772152008889597,0.012050025070769877,0.08993128687143326
0.2810126693942879,0.012050025070769877,0.10015357285737991
0.2848101378996161,0.012050025070769877,0.10872162878513336
0.2886076064049443,0.012050025070769877,0.13701371848583221
0.2924050749102725,0.012050025070769877,0.14245983958244324
0.29620254341560076,0.012050025070769877,0.1457262635231018
0.30000001192092896,0.012050025070769877,0.14677275717258453
0.0,0.024100050141539753,0.08701521158218384
0.0037974685053282146,0.024100050141539753,0.0876089483499527
0.007594937010656429,0.024100050141539753,0.08897994458675385
0.011392405515984643,0.024100050141539753,0.0910983607172966
0.015189874021312859,0.024100050141539753,0.024988947436213493
0.018987342526641072,0.024100050141539753,0.02401120215654373
0.022784811031969287,0.024100050141539753,0.022930674254894257
0.026582279537297502,0.024100050141539753,0.021753724664449692
0.030379748042625717,0.024100050141539753,0.0204869844019413
0.03417721654795393,0.024100050141539753,0.019137321040034294
0.037974685053282144,0.024100050141539753,0.017711762338876724
0.04177215355861036,0.024100050141539753,0.016217458993196487
0.045569622063938574,0.024100050141539753,0.01531795971095562
0.04936709056926679,0.024100050141539753,0.13423679769039154
0.053164559074595004,0.024100050141539753,0.13826100528240204
0.05696202757992322,0.024100050141539753,0.14166410267353058
0.060759496085251434,0.024100050141539753,0.14430484175682068
0.06455696459057965,0.024100050141539753,0.1460491567850113
0.06835443309590786,0.024100050141539753,0.1467726230621338
0.07215190160123608,0.024100050141539753,0.14636258780956268
0.07594937010656429,0.024100050141539753,0.1447204351425171
0.07974683861189251,0.024100050141539753,0.14176343381404877
0.08354430711722072,0.024100050141539753,0.137426495552063
0.08734177562254894,0.024100050141539753,0.13166353106498718
0.09113924412787715,0.024100050141539753,0.12444877624511719
0.09493671263320537,0.024100050141539753,0.11577746272087097
0.09873418113853358,0.024100050141539753,0.10566665232181549
0.1025316496438618,0.024100050141539753,0.0941554382443428
0.10632911814919001,0.024100050141539753,0.08130455017089844
0.11012658665451823,0.024100050141539753,0.0671965479850769
0.11392405515984644,0.024100050141539753,0.051934584975242615
0.11772152366517466,0.024100050141539753,0.03564158082008362
0.12151899217050287,0.024100050141539753,0.018458925187587738
0.12531646067583108,0.024100050141539753,0.0005448013544082642
0.1291139291811593,0.024100050141539753,-0.017927855253219604
0.13291139768648752,0.024100050141539753,-0.036773256957530975
0.13670886619181571,0.024100050141539753,-0.05579523369669914
0.14050633469714394,0.024100050141539753,-0.07478982955217361
0.14430380320247216,0.024100050141539753,-0.09354771673679352
0.14810127170780038,0.024100050141539753,-0.11185763776302338
0.15189874021312857,0.024100050141539753,-0.1295083463191986
0.1556962087184568,0.024100050141539753,-0.14629225432872772
0.15949367722378502,0.024100050141539753,-0.16200780868530273
0.16329114572911324,0.024100050141539753,-0.17646294832229614
0.16708861423444143,0.024100050141539753,-0.18947705626487732
0.17088608273976966,0.024100050141539753,-0.20088419318199158
0.17468355124509788,0.024100050141539753,-0.2105351686477661
0.1784810197504261,0.024100050141539753,-0.2182999849319458
0.1822784882557543,0.024100050141539753,-0.22406990826129913
0.18607595676108252,0.024100050141539753,-0.22775879502296448
0.18987342526641074,0.024100050141539753,-0.22930507361888885
0.19367089377173893,0.024100050141539753,-0.22867248952388763
0.19746836227706716,0.024100050141539753,-0.22585101425647736
0.20126583078239538,0.024100050141539753,-0.22085733711719513
0.2050632992877236,0.024100050141539753,-0.21373489499092102
0.2088607677930518,0.024100050141539753,-0.20455367863178253
0.21265823629838002,0.024100050141539753,-0.19340945780277252
0.21645570480370824,0.024100050141539753,-0.18042317032814026
0.22025317330903646,0.024100050141539753,-0.16573891043663025
0.22405064181436465,0.024100050141539753,-0.14952313899993896
0.22784811031969288,0.024100050141539753,-0.1319621056318283
0.2316455788250211,0.024100050141539753,-0.11326006054878235
0.23544304733034932,0.024100050141539753,-0.0936364233493805
0.23924051583567751,0.024100050141539753,-0.07332324236631393
0.24303798434100574,0.024100050141539753,-0.052562400698661804
0.24683545284633396,0.024100050141539753,-0.03160256892442703
0.25063292135166215,0.024100050141539753,-0.010696005076169968
0.2544303898569904,0.024100050141539753,0.009904658421874046
0.2582278583623186,0.024100050141539753,0.01823568530380726
0.2620253268676468,0.024100050141539753,0.034633293747901917
0.26582279537297504,0.024100050141539753,0.05018148943781853
0.26962026387830323,0.024100050141539753,0.064690500497818
0.27341773238363143,0.024100050141539753,0.07798273861408234
0.2772152008889597,0.024100050141539753,0.10949936509132385
0.2810126693942879,0.024100050141539753,0.12098219245672226
0.2848101378996161,0.024100050141539753,0.13054990768432617
0.2886076064049443,0.024100050141539753,0.13808470964431763
0.2924050749102725,0.024100050141539753,0.14349354803562164
0.29620254341560076,0.024100050141539753,0.14670954644680023
0.30000001192092896,0.024100050141539753,0.1476932168006897
0.0,0.03615007521230963,0.0827171579003334
0.0037974685053282146,0.03615007521230963,0.08342747390270233
0.007594937010656429,0.03615007521230963,0.08495129644870758
0.011392405515984643,0.03615007521230963,0.08725730329751968
0.015189874021312859,0.03615007521230963,0.08972372114658356
0.018987342526641072,0.03615007521230963,0.0931968167424202
0.022784811031969287,0.03615007521230963,0.09726770967245102
0.026582279537297502,0.03615007521230963,0.10183756053447723
0.030379748042625717,0.03615007521230963,0.10679348558187485
0.03417721654795393,0.03615007521230963,0.1120104044675827
0.037974685053282144,0.03615007521230963,0.11735318601131439
0.04177215355861036,0.03615007521230963,0.01397119089961052
0.045569622063938574,0.03615007521230963,0.012380650267004967
0.04936709056926679,0.03615007521230963,0.010757528245449066
0.053164559074595004,0.03615007521230963,0.009107716381549835
0.05696202757992322,0.03615007521230963,0.14072011411190033
0.060759496085251434,0.03615007521230963,0.14370828866958618
0.06455696459057965,0.03615007521230963,0.14579495787620544
0.06835443309590786,0.03615007521230963,0.14685195684432983
0.07215190160123608,0.03615007521230963,0.14676308631896973
0.07594937010656429,0.03615007521230963,0.145426407456398
0.07974683861189251,0.03615007521230963,0.14275607466697693
0.08354430711722072,0.03615007521230963,0.13868415355682373
0.08734177562254894,0.03615007521230963,0.13316206634044647
0.09113924412787715,0.03615007521230963,0.1261618733406067
0.09493671263320537,0.03615007521230963,0.11767701804637909
0.09873418113853358,0.03615007521230963,0.10772315412759781
0.1025316496438618,0.03615007521230963,0.09633833169937134
0.10632911814919001,0.03615007521230963,0.08358273655176163
0.11012658665451823,0.03615007521230963,0.06953869760036469
0.11392405515984644,0.03615007521230963,0.054309628903865814
0.11772152366517466,0.03615007521230963,0.03801906108856201
0.12151899217050287,0.03615007521230963,0.020809419453144073
0.12531646067583108,0.03615007521230963,0.002840273082256317
0.1291139291811593,0.03615007521230963,-0.01571369171142578
0.13291139768648752,0.03615007521230963,-0.034664660692214966
0.13670886619181571,0.03615007521230963,-0.05381409078836441
0.14050633469714394,0.03615007521230963,-0.07295544445514679
0.14430380320247216,0.03615007521230963,-0.09187661111354828
0.14810127170780038,0.03615007521230963,-0.11036333441734314
0.15189874021312857,0.03615007521230963,-0.12820127606391907
0.1556962087184568,0.03615007521230963,-0.14517970383167267
0.15949367722378502,0.03615007521230963,-0.1610938459634781
0.16329114572911324,0.03615007521230963,-0.17574843764305115
0.16708861423444143,0.03615007521230963,-0.1889597326517105
0.17088608273976966,0.03615007521230963,-0.20055878162384033
0.17468355124509788,0.03615007521230963,-0.21039342880249023
0.1784810197504261,0.03615007521230963,-0.21833108365535736
0.1822784882557543,0.03615007521230963,-0.22426041960716248
0.18607595676108252,0.03615007521230963,-0.22809317708015442
0.18987342526641074,0.03615007521230963,-0.22976574301719666
0.19367089377173893,0.03615007521230963,-0.2292402684688568
0.19746836227706716,0.03615007521230963,-0.22650542855262756
0.20126583078239538,0.03615007521230963,-0.22157689929008484
0.2050632992877236,0.03615007521230963,-0.21449753642082214
0.2088607677930518,0.03615007521230963,-0.2053370624780655
0.21265823629838002,0.03615007521230963,-0.1941913515329361
0.21645570480370824,0.03615007521230963,-0.18118178844451904
0.22025317330903646,0.03615007521230963,-0.1664532870054245
0.22405064181436465,0.03615007521230963,-0.1501733660697937
0.22784811031969288,0.03615007521230963,-0.13252975046634674
0.2316455788250211,0.03615007521230963,-0.1137283518910408
0.23544304733034932,0.03615007521230963,-0.09399053454399109
0.23924051583567751,0.03615007521230963,-0.07355053722858429
0.24303798434100574,0.03615007521230963,-0.052652548998594284
0.24683545284633396,0.03615007521230963,-0.031547755002975464
0.25063292135166215,0.03615007521230963,-0.010490987449884415
0.2544303898569904,0.03615007521230963,-0.011482201516628265
0.2582278583623186,0.03615007521230963,0.00045883655548095703
0.2620253268676468,0.03615007521230963,0.01198743749409914
0.26582279537297504,0.03615007521230963,0.02296348102390766
0.26962026387830323,0.03615007521230963,0.03325323760509491
0.27341773238363143,0.03615007521230963,0.04273083806037903
0.2772152008889597,0.03615007521230963,0.05128003656864166
0.2810126693942879,0.03615007521230963,0.058795567601919174
0.2848101378996161,0.03615007521230963,0.13217130303382874
0.2886076064049443,0.03615007521230963,0.13971038162708282
0.2924050749102725,0.03615007521230963,0.14510303735733032
0.29620254341560076,0.03615007521230963,0.1482824832201004
0.30000001192092896,0.03615007521230963,0.14920949935913086
0.0,0.04820010028307951,0.07674331218004227
0.0037974685053282146,0.04820010028307951,0.07757537811994553
0.007594937010656429,0.04820010028307951,0.07927173376083374
0.011392405515984643,0.04820010028307951,0.08179929852485657
0.015189874021312859,0.04820010028307951,0.08413075655698776
0.018987342526641072,0.04820010028307951,0.08783257752656937
0.022784811031969287,0.04820010028307951,0.0921768918633461
0.026582279537297502,0.04820010028307951,0.0970616340637207
0.030379748042625717,0.04820010028307951,0.10237026959657669
0.03417721654795393,0.04820010028307951,0.1079736053943634
0.037974685053282144,0.04820010028307951,0.11373205482959747
0.04177215355861036,0.04820010028307951,0.010906469076871872
0.045569622063938574,0.04820010028307951,0.00926344096660614
0.04936709056926679,0.04820010028307951,0.0076089599169790745
0.053164559074595004,0.04820010028307951,0.005948809906840324
0.05696202757992322,0.04820010028307951,0.13941192626953125
0.060759496085251434,0.04820010028307951,0.14288347959518433
0.06455696459057965,0.04820010028307951,0.14544643461704254
0.06835443309590786,0.04820010028307951,0.14696748554706573
0.07215190160123608,0.04820010028307951,0.1473255306482315
0.07594937010656429,0.04820010028307951,0.1464139074087143
0.07974683861189251,0.04820010028307951,0.1441425085067749
0.08354430711722072,0.04820010028307951,0.1404394507408142
0.08734177562254894,0.04820010028307951,0.13525265455245972
0.09113924412787715,0.04820010028307951,0.1285511553287506
0.09493671263320537,0.04820010028307951,0.12032592296600342
0.09873418113853358,0.04820010028307951,0.1105906069278717
0.1025316496438618,0.04820010028307951,0.09938189387321472
0.10632911814919001,0.04820010028307951,0.08675909787416458
0.11012658665451823,0.04820010028307951,0.07280434668064117
0.11392405515984644,0.04820010028307951,0.0576213076710701
0.11772152366517466,0.04820010028307951,0.041334398090839386
0.12151899217050287,0.04820010028307951,0.02408747375011444
0.12531646067583108,0.04820010028307951,0.006042033433914185
0.1291139291811593,0.04820010028307951,-0.0126248300075531
0.13291139768648752,0.04820010028307951,-0.03172244876623154
0.13670886619181571,0.04820010028307951,-0.05104902386665344
0.14050633469714394,0.04820010028307951,-0.07039441913366318
0.14430380320247216,0.04820010028307951,-0.08954262733459473
0.14810127170780038,0.04820010028307951,-0.10827527195215225
0.15189874021312857,0.04820010028307951,-0.12637373805046082
0.1556962087184568,0.04820010028307951,-0.14362284541130066
0.15949367722378502,0.04820010028307951,-0.15981337428092957
0.16329114572911324,0.04820010028307951,-0.17474564909934998
0.16708861423444143,0.04820010028307951,-0.18823155760765076
0.17088608273976966,0.04820010028307951,-0.20009790360927582
0.17468355124509788,0.04820010028307951,-0.21018856763839722
0.1784810197504261,0.04820010028307951,-0.21836715936660767
0.1822784882557543,0.04820010028307951,-0.22451892495155334
0.18607595676108252,0.04820010028307951,-0.22855249047279358
0.18987342526641074,0.04820010028307951,-0.23040153086185455
0.19367089377173893,0.04820010028307951,-0.23002591729164124
0.19746836227706716,0.04820010028307951,-0.22741250693798065
0.20126583078239538,0.04820010028307951,-0.22257563471794128
0.2050632992877236,0.04820010028307951,-0.2155572772026062
0.2088607677930518,0.04820010028307951,-0.20642681419849396
0.21265823629838002,0.04820010028307951,-0.19528023898601532
0.21645570480370824,0.04820010028307951,-0.1822395622730255
0.22025317330903646,0.04820010028307951,-0.16745077073574066
0.22405064181436465,0.04820010028307951,-0.15108296275138855
0.22784811031969288,0.04820010028307951,-0.13332580029964447
0.2316455788250211,0.04820010028307951,-0.11438756436109543
0.23544304733034932,0.04820010028307951,-0.09449229389429092
0.23924051583567751,0.04820010028307951,-0.0738772377371788
0.24303798434100574,0.04820010028307951,-0.05278982222080231
0.24683545284633396,0.04820010028307951,-0.0314846932888031
0.25063292135166215,0.04820010028307951,-0.010220251977443695
0.2544303898569904,0.04820010028307951,-0.012049275450408459
0.2582278583623186,0.04820010028307951,7.610023021697998e-05
0.2620253268676468,0.04820010028307951,0.01180365588515997
0.26582279537297504,0.04820010028307951,0.022990591824054718
0.26962026387830323,0.04820010028307951,0.03350029140710831
0.27341773238363143,0.04820010028307951,0.04320387914776802
0.2772152008889597,0.04820010028307951,0.051981933414936066
0.2810126693942879,0.04820010028307951,0.059726014733314514
0.2848101378996161,0.04820010028307951,0.0663401186466217
0.2886076064049443,0.04820010028307951,0.07174216955900192
0.2924050749102725,0.04820010028307951,0.07586479187011719
0.29620254341560076,0.04820010028307951,0.15041759610176086
0.30000001192092896,0.04820010028307951,0.15129533410072327
0.0,0.06025012535384938,0.06913669407367706
0.0037974685053282146,0.06025012535384938,0.07009480893611908
0.007594937010656429,0.06025012535384938,0.07198217511177063
0.011392405515984643,0.06025012535384938,0.07476377487182617
0.015189874021312859,0.06025012535384938,0.07700642198324203
0.018987342526641072,0.06025012535384938,0.08099900931119919
0.022784811031969287,0.06025012535384938,0.08569111675024033
0.026582279537297502,0.06025012535384938,0.09097655117511749
0.030379748042625717,0.06025012535384938,0.09673415124416351
0.03417721654795393,0.06025012535384938,0.1028294712305069
0.037974685053282144,0.06025012535384938,0.10911720991134644
0.04177215355861036,0.06025012535384938,0.007667827419936657
0.045569622063938574,0.06025012535384938,0.005993303377181292
0.04936709056926679,0.06025012535384938,0.004328748676925898
0.053164559074595004,0.06025012535384938,0.002679687924683094
0.05696202757992322,0.06025012535384938,0.1377527117729187
0.060759496085251434,0.06025012535384938,0.14184056222438812
0.06455696459057965,0.06025012535384938,0.145010843873024
0.06835443309590786,0.06025012535384938,0.14712364971637726
0.07215190160123608,0.06025012535384938,0.14805157482624054
0.07594937010656429,0.06025012535384938,0.1476820856332779
0.07974683861189251,0.06025012535384938,0.14591950178146362
0.08354430711722072,0.06025012535384938,0.14268696308135986
0.08734177562254894,0.06025012535384938,0.13792791962623596
0.09113924412787715,0.06025012535384938,0.13160759210586548
0.09493671263320537,0.06025012535384938,0.12371370196342468
0.09873418113853358,0.06025012535384938,0.11425744742155075
0.1025316496438618,0.06025012535384938,0.1032736748456955
0.10632911814919001,0.06025012535384938,0.09082066267728806
0.11012658665451823,0.06025012535384938,0.07698015868663788
0.11392405515984644,0.06025012535384938,0.06185625493526459
0.11772152366517466,0.06025012535384938,0.045574478805065155
0.12151899217050287,0.06025012535384938,0.028280481696128845
0.12531646067583108,0.06025012535384938,0.010138198733329773
0.1291139291811593,0.06025012535384938,-0.00867222249507904
0.13291139768648752,0.06025012535384938,-0.027956455945968628
0.13670886619181571,0.06025012535384938,-0.04750857874751091
0.14050633469714394,0.06025012535384938,-0.06711387634277344
0.14430380320247216,0.06025012535384938,-0.08655139803886414
0.14810127170780038,0.06025012535384938,-0.10559751093387604
0.15189874021312857,0.06025012535384938,-0.12402811646461487
0.1556962087184568,0.06025012535384938,-0.14162245392799377
0.15949367722378502,0.06025012535384938,-0.15816563367843628
0.16329114572911324,0.06025012535384938,-0.17345228791236877
0.16708861423444143,0.06025012535384938,-0.18728876113891602
0.17088608273976966,0.06025012535384938,-0.1994965374469757
0.17468355124509788,0.06025012535384938,-0.20991435647010803
0.1784810197504261,0.06025012535384938,-0.21840102970600128
0.1822784882557543,0.06025012535384938,-0.22483742237091064
0.18607595676108252,0.06025012535384938,-0.2291281521320343
0.18987342526641074,0.06025012535384938,-0.23120349645614624
0.19367089377173893,0.06025012535384938,-0.23102042078971863
0.19746836227706716,0.06025012535384938,-0.22856341302394867
0.20126583078239538,0.06025012535384938,-0.22384510934352875
0.2050632992877236,0.06025012535384938,-0.2169063538312912
0.2088607677930518,0.06025012535384938,-0.20781607925891876
0.21265823629838002,0.06025012535384938,-0.19667044281959534
0.21645570480370824,0.06025012535384938,-0.18359221518039703
0.22025317330903646,0.06025012535384938,-0.1687287837266922
0.22405064181436465,0.06025012535384938,-0.15225118398666382
0.22784811031969288,0.06025012535384938,-0.13435155153274536
0.2316455788250211,0.06025012535384938,-0.11524118483066559
0.23544304733034932,0.06025012535384938,-0.0951475277543068
0.23924051583567751,0.06025012535384938,-0.07431161403656006
0.24303798434100574,0.06025012535384938,-0.052985019981861115
0.24683545284633396,0.06025012535384938,-0.03142673894762993
0.25063292135166215,0.06025012535384938,-0.009899742901325226
0.2544303898569904,0.06025012535384938,-0.012264308519661427
0.2582278583623186,0.06025012535384938,7.541850209236145e-05
0.2620253268676468,0.06025012535384938,0.01203030627220869
0.26582279537297504,0.06025012535384938,0.02345433086156845
0.26962026387830323,0.06025012535384938,0.03420747071504593
0.27341773238363143,0.06025012535384938,0.04415733739733696
0.2772152008889597,0.06025012535384938,0.05318095162510872
0.2810126693942879,0.06025012535384938,0.061166245490312576
0.2848101378996161,0.06025012535384938,0.0680137574672699
0.2886076064049443,0.06025012535384938,0.07363802194595337
0.2924050749102725,0.06025012535384938,0.07796835154294968
0.29620254341560076,0.06025012535384938,0.080950066447258
0.30000001192092896,0.06025012535384938,0.08254529535770416
0.0,0.07230015042461926,0.05995173752307892
0.0037974685053282146,0.07230015042461926,0.06103935465216637
0.007594937010656429,0.07230015042461926,0.06313494592905045
0.011392405515984643,0.07230015042461926,0.066201351583004
0.015189874021312859,0.07230015042461926,0.06840197741985321
0.018987342526641072,0.07230015042461926,0.07274556159973145
0.022784811031969287,0.07230015042461926,0.07785758376121521
0.026582279537297502,0.07230015042461926,0.08362699300050735
0.030379748042625717,0.07230015042461926,0.08992690593004227
0.03417721654795393,0.07230015042461926,0.09661665558815002
0.037974685053282144,0.07230015042461926,0.10354398190975189
0.04177215355861036,0.07230015042461926,0.004284092225134373
0.045569622063938574,0.07230015042461926,0.0025992291048169136
0.04936709056926679,0.07230015042461926,0.0009459201246500015
0.053164559074595004,0.07230015042461926,-0.0006707408465445042
0.05696202757992322,0.07230015042461926,0.13575923442840576
0.060759496085251434,0.07230015042461926,0.14059250056743622
0.06455696459057965,0.07230015042461926,0.144497349858284
0.06835443309590786,0.07230015042461926,0.14732599258422852
0.07215190160123608,0.07230015042461926,0.14894336462020874
0.07594937010656429,0.07230015042461926,0.1492297649383545
0.07974683861189251,0.07230015042461926,0.1480829119682312
0.08354430711722072,0.07230015042461926,0.14541979134082794
0.08734177562254894,0.07230015042461926,0.14117854833602905
0.09113924412787715,0.07230015042461926,0.13531969487667084
0.09493671263320537,0.07230015042461926,0.12782710790634155
0.09873418113853358,0.07230015042461926,0.11870893836021423
0.1025316496438618,0.07230015042461926,0.1079978495836258
0.10632911814919001,0.07230015042461926,0.0957508236169815
0.11012658665451823,0.07230015042461926,0.08204919099807739
0.11392405515984644,0.07230015042461926,0.06699752062559128
0.11772152366517466,0.07230015042461926,0.0507226437330246
0.12151899217050287,0.07230015042461926,0.03337235003709793
0.12531646067583108,0.07230015042461926,0.015113569796085358
0.1291139291811593,0.07230015042461926,-0.003869876265525818
0.13291139768648752,0.07230015042461926,-0.02337929606437683
0.13670886619181571,0.07230015042461926,-0.034599676728248596
0.14050633469714394,0.07230015042461926,-0.03847169876098633
0.14430380320247216,0.07230015042461926,-0.042356234043836594
0.14810127170780038,0.07230015042461926,-0.0462120920419693
0.15189874021312857,0.07230015042461926,-0.049996405839920044
0.1556962087184568,0.07230015042461926,-0.0536653995513916
0.15949367722378502,0.07230015042461926,-0.05717494711279869
0.16329114572911324,0.07230015042461926,-0.06048133224248886
0.16708861423444143,0.07230015042461926,-0.18612682819366455
0.17088608273976966,0.07230015042461926,-0.19874846935272217
0.17468355124509788,0.07230015042461926,-0.20956309139728546
0.1784810197504261,0.07230015042461926,-0.21842369437217712
0.1822784882557543,0.07230015042461926,-0.22520586848258972
0.18607595676108252,0.07230015042461926,-0.22980943322181702
0.18987342526641074,0.07230015042461926,-0.23216047883033752
0.19367089377173893,0.07230015042461926,-0.23221242427825928
0.19746836227706716,0.07230015042461926,-0.22994697093963623
0.20126583078239538,0.07230015042461926,-0.22537465393543243
0.2050632992877236,0.07230015042461926,-0.21853496134281158
0.2088607677930518,0.07230015042461926,-0.20949622988700867
0.21265823629838002,0.07230015042461926,-0.1983548104763031
0.21645570480370824,0.07230015042461926,-0.18523439764976501
0.22025317330903646,0.07230015042461926,-0.17028400301933289
0.22405064181436465,0.07230015042461926,-0.1536770462989807
0.22784811031969288,0.07230015042461926,-0.13560862839221954
0.2316455788250211,0.07230015042461926,-0.11629360169172287
0.23544304733034932,0.07230015042461926,-0.05152491107583046
0.23924051583567751,0.07230015042461926,-0.046165190637111664
0.24303798434100574,0.07230015042461926,-0.0405900776386261
0.24683545284633396,0.07230015042461926,-0.03486332297325134
0.25063292135166215,0.07230015042461926,-0.02905123308300972
0.2544303898569904,0.07230015042461926,-0.023221882060170174
0.2582278583623186,0.07230015042461926,-0.01744428649544716
0.2620253268676468,0.07230015042461926,-0.011787432245910168
0.26582279537297504,0.07230015042461926,0.02434699237346649
0.26962026387830323,0.07230015042461926,0.03536318987607956
0.27341773238363143,0.07230015042461926,0.04557575285434723
0.2772152008889597,0.07230015042461926,0.054857734590768814
0.2810126693942879,0.07230015042461926,0.0630931630730629
0.2848101378996161,0.07230015042461926,0.07017876952886581
0.2886076064049443,0.07230015042461926,0.07602548599243164
0.2924050749102725,0.07230015042461926,-0.02783525548875332
0.29620254341560076,0.07230015042461926,-0.027805911377072334
0.30000001192092896,0.07230015042461926,-0.027736900374293327
0.0,0.08435017549538913,0.01870366930961609
0.0037974685053282146,0.08435017549538913,0.018631799146533012
0.007594937010656429,0.08435017549538913,0.018416820093989372
0.011392405515984643,0.08435017549538913,0.01806063950061798
0.015189874021312859,0.08435017549538913,0.01756639964878559
0.018987342526641072,0.08435017549538913,0.06161072850227356
0.022784811031969287,0.08435017549538913,0.0677403062582016
0.026582279537297502,0.08435017549538913,0.07408469915390015
0.030379748042625717,0.08435017549538913,0.08054371178150177
0.03417721654795393,0.08435017549538913,0.08701109886169434
0.037974685053282144,0.08435017549538913,0.09337621182203293
0.04177215355861036,0.08435017549538913,0.015930423513054848
0.045569622063938574,0.08435017549538913,0.014874204993247986
0.04936709056926679,0.08435017549538913,0.013713102787733078
0.053164559074595004,0.08435017549538913,0.012456673197448254
0.05696202757992322,0.08435017549538913,0.011115176603198051
0.060759496085251434,0.08435017549538913,0.13915476202964783
0.06455696459057965,0.08435017549538913,0.14391697943210602
0.06835443309590786,0.08435017549538913,0.14758116006851196
0.07215190160123608,0.08435017549538913,0.15000338852405548
0.07594937010656429,0.08435017549538913,0.15105558931827545
0.07974683861189251,0.08435017549538913,0.15062768757343292
0.08354430711722072,0.08435017549538913,0.14862963557243347
0.08734177562254894,0.08435017549538913,0.14499324560165405
0.09113924412787715,0.08435017549538913,0.1396736204624176
0.09493671263320537,0.08435017549538913,0.13265013694763184
0.09873418113853358,0.08435017549538913,0.024868249893188477
0.1025316496438618,0.08435017549538913,0.020906461402773857
0.10632911814919001,0.08435017549538913,0.016271695494651794
0.11012658665451823,0.08435017549538913,0.010979719460010529
0.11392405515984644,0.08435017549538913,0.07302453368902206
0.11772152366517466,0.08435017549538913,0.05675864219665527
0.12151899217050287,0.08435017549538913,0.03934360295534134
0.12531646067583108,0.08435017549538913,0.02094973623752594
0.1291139291811593,0.08435017549538913,0.0017651766538619995
0.13291139768648752,0.08435017549538913,-0.0303991436958313
0.13670886619181571,0.08435017549538913,-0.0340428501367569
0.14050633469714394,0.08435017549538913,-0.0377638153731823
0.14430380320247216,0.08435017549538913,-0.04152281954884529
0.14810127170780038,0.08435017549538913,-0.04527818784117699
0.15189874021312857,0.08435017549538913,-0.04898620769381523
0.1556962087184568,0.08435017549538913,-0.05260194092988968
0.15949367722378502,0.08435017549538913,-0.056079745292663574
0.16329114572911324,0.08435017549538913,-0.0593741238117218
0.16708861423444143,0.08435017549538913,-0.062440238893032074
0.17088608273976966,0.08435017549538913,-0.1978464424610138
0.17468355124509788,0.08435017549538913,-0.20912572741508484
0.1784810197504261,0.08435017549538913,-0.21842463314533234
0.1822784882557543,0.08435017549538913,-0.22561252117156982
0.18607595676108252,0.08435017549538913,-0.23058363795280457
0.18987342526641074,0.08435017549538913,-0.23325923085212708
0.19367089377173893,0.08435017549538913,-0.2335885614156723
0.19746836227706716,0.08435017549538913,-0.23155000805854797
0.20126583078239538,0.08435017549538913,-0.22715169191360474
0.2050632992877236,0.08435017549538913,-0.22043147683143616
0.2088607677930518,0.08435017549538913,-0.2114570140838623
0.21265823629838002,0.08435017549538913,-0.20032483339309692
0.21645570480370824,0.08435017549538913,-0.1871596872806549
0.22025317330903646,0.08435017549538913,-0.17211252450942993
0.22405064181436465,0.08435017549538913,-0.1553593873977661
0.22784811031969288,0.08435017549538913,-0.13709886372089386
0.2316455788250211,0.08435017549538913,-0.11754996329545975
0.23544304733034932,0.08435017549538913,-0.0509500578045845
0.23924051583567751,0.08435017549538913,-0.04549921303987503
0.24303798434100574,0.08435017549538913,-0.03981586918234825
0.24683545284633396,0.08435017549538913,-0.033964820206165314
0.25063292135166215,0.08435017549538913,-0.02801377698779106
0.2544303898569904,0.08435017549538913,-0.022032450884580612
0.2582278583623186,0.08435017549538913,-0.016091791912913322
0.2620253268676468,0.08435017549538913,-0.010262933559715748
0.26582279537297504,0.08435017549538913,-0.004616423510015011
0.26962026387830323,0.08435017549538913,0.0921681672334671
0.27341773238363143,0.08435017549538913,0.10876121371984482
0.2772152008889597,0.08435017549538913,0.12359359860420227
0.2810126693942879,0.08435017549538913,0.13647803664207458
0.2848101378996161,0.08435017549538913,0.1472516804933548
0.2886076064049443,0.08435017549538913,-0.024843040853738785
0.2924050749102725,0.08435017549538913,-0.024827823042869568
0.29620254341560076,0.08435017549538913,-0.02477853000164032
0.30000001192092896,0.08435017549538913,-0.024695688858628273
0.0,0.09640020056615901,0.016725849360227585
0.0037974685053282146,0.09640020056615901,0.0166582353413105
0.007594937010656429,0.09640020056615901,0.0164559967815876
0.011392405515984643,0.09640020056615901,0.01612093858420849
0.015189874021312859,0.09640020056615901,0.015656037256121635
0.018987342526641072,0.09640020056615901,0.05643480643630028
0.022784811031969287,0.09640020056615901,0.06329092383384705
0.026582279537297502,0.09640020056615901,0.07039398699998856
0.030379748042625717,0.09640020056615901,0.0776362419128418
0.03417721654795393,0.09640020056615901,0.08490363508462906
0.037974685053282144,0.09640020056615901,0.09207755327224731
0.04177215355861036,0.09640020056615901,0.0149783780798316
0.045569622063938574,0.09640020056615901,0.014039095491170883
0.04936709056926679,0.09640020056615901,0.012994464486837387
0.053164559074595004,0.09640020056615901,0.01185326837003231
0.05696202757992322,0.09640020056615901,0.13085295259952545
0.060759496085251434,0.09640020056615901,0.13754525780677795
0.06455696459057965,0.09640020056615901,0.14328241348266602
0.06835443309590786,0.09640020056615901,0.14789679646492004
0.07215190160123608,0.09640020056615901,0.1512344628572464
0.07594937010656429,0.09640020056615901,0.1531578153371811
0.07974683861189251,0.09640020056615901,0.15354791283607483
0.08354430711722072,0.09640020056615901,0.1523067057132721
0.08734177562254894,0.09640020056615901,0.1493588238954544
0.09113924412787715,0.09640020056615901,0.14465320110321045
0.09493671263320537,0.09640020056615901,0.1381639987230301
0.09873418113853358,0.09640020056615901,0.02412879839539528
0.1025316496438618,0.09640020056615901,0.02063336782157421
0.10632911814919001,0.09640020056615901,0.016431722790002823
0.11012658665451823,0.09640020056615901,0.011536037549376488
0.11392405515984644,0.09640020056615901,0.07991324365139008
0.11772152366517466,0.09640020056615901,0.06365881860256195
0.12151899217050287,0.09640020056615901,0.04617134481668472
0.12531646067583108,0.09640020056615901,0.027625039219856262
0.1291139291811593,0.09640020056615901,0.008212879300117493
0.13291139768648752,0.09640020056615901,-0.011855632066726685
0.13670886619181571,0.09640020056615901,-0.03306889161467552
0.14050633469714394,0.09640020056615901,-0.03664958477020264
0.14430380320247216,0.09640020056615901,-0.04029469192028046
0.14810127170780038,0.09640020056615901,-0.043961770832538605
0.15189874021312857,0.09640020056615901,-0.11392040550708771
0.1556962087184568,0.09640020056615901,-0.13297516107559204
0.15949367722378502,0.09640020056615901,-0.15101143717765808
0.16329114572911324,0.09640020056615901,-0.16780012845993042
0.16708861423444143,0.09640020056615901,-0.18312419950962067
0.17088608273976966,0.09640020056615901,-0.19678249955177307
0.17468355124509788,0.09640020056615901,-0.2085922509431839
0.1784810197504261,0.09640020056615901,-0.21839198470115662
0.1822784882557543,0.09640020056615901,-0.22604408860206604
0.18607595676108252,0.09640020056615901,-0.23143644630908966
0.18987342526641074,0.09640020056615901,-0.2344847321510315
0.19367089377173893,0.09640020056615901,-0.23513352870941162
0.19746836227706716,0.09640020056615901,-0.04782465845346451
0.20126583078239538,0.09640020056615901,-0.22916173934936523
0.2050632992877236,0.09640020056615901,-0.22258254885673523
0.2088607677930518,0.09640020056615901,-0.21368663012981415
0.21265823629838002,0.09640020056615901,-0.20257070660591125
0.21645570480370824,0.09640020056615901,-0.18936072289943695
0.22025317330903646,0.09640020056615901,-0.17420968413352966
0.22405064181436465,0.09640020056615901,-0.15729673206806183
0.22784811031969288,0.09640020056615901,-0.13882431387901306
0.2316455788250211,0.09640020056615901,-0.11901606619358063
0.23544304733034932,0.09640020056615901,-0.09811373054981232
0.23924051583567751,0.09640020056615901,-0.07637418061494827
0.24303798434100574,0.09640020056615901,-0.054066143929958344
0.24683545284633396,0.09640020056615901,-0.03146691247820854
0.25063292135166215,0.09640020056615901,-0.026572003960609436
0.2544303898569904,0.09640020056615901,-0.020430194213986397
0.2582278583623186,0.09640020056615901,-0.014319404028356075
0.2620253268676468,0.09640020056615901,0.05611933395266533
0.26582279537297504,0.09640020056615901,0.07598137855529785
0.26962026387830323,0.09640020056615901,0.0944996252655983
0.27341773238363143,0.09640020056615901,0.1114392876625061
0.2772152008889597,0.09640020056615901,0.12658527493476868
0.2810126693942879,0.09640020056615901,0.13974490761756897
0.2848101378996161,0.09640020056615901,0.1507505625486374
0.2886076064049443,0.09640020056615901,-0.021508563309907913
0.2924050749102725,0.09640020056615901,-0.021467501297593117
0.29620254341560076,0.09640020056615901,-0.02139895409345627
0.30000001192092896,0.09640020056615901,-0.02130369283258915
0.0,0.1084502256369289,0.014561689458787441
0.0037974685053282146,0.1084502256369289,0.014498766511678696
0.007594937010656429,0.1084502256369289,0.014310561120510101
0.011392405515984643,0.1084502256369289,0.013998769223690033
0.015189874021312859,0.1084502256369289,0.01356618944555521
0.018987342526641072,0.1084502256369289,0.0503288134932518
0.022784811031969287,0.1084502256369289,0.0579262375831604
0.026582279537297502,0.1084502256369289,0.06581004709005356
0.030379748042625717,0.1084502256369289,0.07386457920074463
0.03417721654795393,0.1084502256369289,0.0819675475358963
0.037974685053282144,0.1084502256369289,0.08999182283878326
0.04177215355861036,0.1084502256369289,0.09780734032392502
0.045569622063938574,0.1084502256369289,0.013032105751335621
0.04936709056926679,0.1084502256369289,0.012111329473555088
0.053164559074595004,0.1084502256369289,0.11941444873809814
0.05696202757992322,0.1084502256369289,0.12798947095870972
0.060759496085251434,0.1084502256369289,0.1357841044664383
0.06455696459057965,0.1084502256369289,0.14260786771774292
0.06835443309590786,0.1084502256369289,0.14828148484230042
0.07215190160123608,0.1084502256369289,0.1526397317647934
0.07594937010656429,0.1084502256369289,0.15553443133831024
0.07974683861189251,0.1084502256369289,0.15683682262897491
0.08354430711722072,0.1084502256369289,0.1564398854970932
0.08734177562254894,0.1084502256369289,0.1542602777481079
0.09113924412787715,0.1084502256369289,0.1502399742603302
0.09493671263320537,0.1084502256369289,0.04631994292140007
0.09873418113853358,0.1084502256369289,0.04254043102264404
0.1025316496438618,0.1084502256369289,0.038393519818782806
0.10632911814919001,0.1084502256369289,0.03391547501087189
0.11012658665451823,0.1084502256369289,0.029146766290068626
0.11392405515984644,0.1084502256369289,0.08763623982667923
0.11772152366517466,0.1084502256369289,0.07139614969491959
0.12151899217050287,0.1084502256369289,0.053829483687877655
0.12531646067583108,0.1084502256369289,0.03511473536491394
0.1291139291811593,0.1084502256369289,0.015450246632099152
0.13291139768648752,0.1084502256369289,-0.00494810938835144
0.13670886619181571,0.1084502256369289,-0.02584976702928543
0.14050633469714394,0.1084502256369289,-0.047012753784656525
0.14430380320247216,0.1084502256369289,-0.06818656623363495
0.14810127170780038,0.1084502256369289,-0.08911629021167755
0.15189874021312857,0.1084502256369289,-0.10954514145851135
0.1556962087184568,0.1084502256369289,-0.12921887636184692
0.15949367722378502,0.1084502256369289,-0.14788861572742462
0.16329114572911324,0.1084502256369289,-0.16531531512737274
0.16708861423444143,0.1084502256369289,-0.18127205967903137
0.17088608273976966,0.1084502256369289,-0.19554820656776428
0.17468355124509788,0.1084502256369289,-0.20795181393623352
0.1784810197504261,0.1084502256369289,-0.21831294894218445
0.1822784882557543,0.1084502256369289,-0.22648613154888153
0.18607595676108252,0.1084502256369289,-0.232352152466774
0.18987342526641074,0.1084502256369289,-0.047845106571912766
0.19367089377173893,0.1084502256369289,-0.04749758169054985
0.19746836227706716,0.1084502256369289,-0.0467100590467453
0.20126583078239538,0.1084502256369289,-0.045501112937927246
0.2050632992877236,0.1084502256369289,-0.043894216418266296
0.2088607677930518,0.1084502256369289,-0.2161720246076584
0.21265823629838002,0.1084502256369289,-0.20508156716823578
0.21645570480370824,0.1084502256369289,-0.19182923436164856
0.22025317330903646,0.1084502256369289,-0.1765703558921814
0.22405064181436465,0.1084502256369289,-0.15948741137981415
0.22784811031969288,0.1084502256369289,-0.14078709483146667
0.2316455788250211,0.1084502256369289,-0.1206982359290123
0.23544304733034932,0.1084502256369289,-0.09946843981742859
0.23924051583567751,0.1084502256369289,-0.07736119627952576
0.24303798434100574,0.1084502256369289,-0.0546523854136467
0.24683545284633396,0.1084502256369289,-0.031626924872398376
0.25063292135166215,0.1084502256369289,-0.008574720472097397
0.2544303898569904,0.1084502256369289,0.014212988317012787
0.2582278583623186,0.1084502256369289,0.036350902169942856
0.2620253268676468,0.1084502256369289,0.05775294825434685
0.26582279537297504,0.1084502256369289,0.07804768532514572
0.26962026387830323,0.1084502256369289,0.09697621315717697
0.27341773238363143,0.1084502256369289,0.11429658532142639
0.2772152008889597,0.1084502256369289,0.12978708744049072
0.2810126693942879,0.1084502256369289,0.143249049782753
0.2848101378996161,0.1084502256369289,0.15450964868068695
0.2886076064049443,0.1084502256369289,-0.01786729507148266
0.2924050749102725,0.1084502256369289,-0.017800824716687202
0.29620254341560076,0.1084502256369289,-0.017714068293571472
0.30000001192092896,0.1084502256369289,-0.017608022317290306
0.0,0.12050025070769876,0.01223807130008936
0.0037974685053282146,0.12050025070769876,0.012180223129689693
0.007594937010656429,0.12050025070769876,0.012007204815745354
0.011392405515984643,0.12050025070769876,0.01172059029340744
0.015189874021312859,0.12050025070769876,0.011322983540594578
0.018987342526641072,0.12050025070769876,0.043341755867004395
0.022784811031969287,0.12050025070769876,0.051690518856048584
0.026582279537297502,0.12050025070769876,0.060372158885002136
0.030379748042625717,0.12050025070769876,0.0692627802491188
0.03417721654795393,0.12050025070769876,0.07823147624731064
0.037974685053282144,0.12050025070769876,0.08714218437671661
0.04177215355861036,0.12050025070769876,0.0958557203412056
0.045569622063938574,0.12050025070769876,0.01187039166688919
0.04936709056926679,0.12050025070769876,0.01107968669384718
0.053164559074595004,0.12050025070769876,0.11510207504034042
0.05696202757992322,0.12050025070769876,0.12488987296819687
0.060759496085251434,0.12050025070769876,0.13389340043067932
0.06455696459057965,0.12050025070769876,0.14190898835659027
0.06835443309590786,0.12050025070769876,0.14874453842639923
0.07215190160123608,0.12050025070769876,0.1542225033044815
0.07594937010656429,0.12050025070769876,0.15818314254283905
0.07974683861189251,0.12050025070769876,0.1604868620634079
0.08354430711722072,0.12050025070769876,0.16101683676242828
0.08734177562254894,0.12050025070769876,0.055952221155166626
0.09113924412787715,0.12050025070769876,0.05309251695871353
0.09493671263320537,0.12050025070769876,0.04977429658174515
0.09873418113853358,0.12050025070769876,0.04602515324950218
0.1025316496438618,0.12050025070769876,0.04187796637415886
0.10632911814919001,0.12050025070769876,0.03737054020166397
0.11012658665451823,0.12050025070769876,0.03254527971148491
0.11392405515984644,0.12050025070769876,0.02744857408106327
0.11772152366517466,0.12050025070769876,0.07994051277637482
0.12151899217050287,0.12050025070769876,0.06228882819414139
0.12531646067583108,0.12050025070769876,0.04339107125997543
0.1291139291811593,0.12050025070769876,0.02345145493745804
0.13291139768648752,0.12050025070769876,0.002692773938179016
0.13670886619181571,0.12050025070769876,-0.018646471202373505
0.14050633469714394,0.12050025070769876,-0.040315497666597366
0.14430380320247216,0.12050025070769876,-0.062054287642240524
0.14810127170780038,0.12050025070769876,-0.0835978090763092
0.15189874021312857,0.12050025070769876,-0.1046786904335022
0.1556962087184568,0.12050025070769876,-0.12503185868263245
0.15949367722378502,0.12050025070769876,-0.14439748227596283
0.16329114572911324,0.12050025070769876,-0.16252553462982178
0.16708861423444143,0.12050025070769876,-0.1791783571243286
0.17088608273976966,0.12050025070769876,-0.19413486123085022
0.17468355124509788,0.12050025070769876,-0.20719316601753235
0.1784810197504261,0.12050025070769876,-0.21817399561405182
0.1822784882557543,0.12050025070769876,-0.22692322731018066
0.18607595676108252,0.12050025070769876,-0.046801868826150894
0.18987342526641074,0.12050025070769876,-0.046896792948246
0.19367089377173893,0.12050025070769876,-0.04651741310954094
0.19746836227706716,0.12050025070769876,-0.04567747190594673
0.20126583078239538,0.12050025070769876,-0.04439627751708031
0.2050632992877236,0.12050025070769876,-0.04269826412200928
0.2088607677930518,0.12050025070769876,-0.04061279445886612
0.21265823629838002,0.12050025070769876,-0.03817367181181908
0.21645570480370824,0.12050025070769876,-0.035418808460235596
0.22025317330903646,0.12050025070769876,-0.1791888177394867
0.22405064181436465,0.12050025070769876,-0.16192947328090668
0.22784811031969288,0.12050025070769876,-0.14298947155475616
0.2316455788250211,0.12050025070769876,-0.12260317802429199
0.23544304733034932,0.12050025070769876,-0.10102466493844986
0.23924051583567751,0.12050025070769876,-0.07852452248334885
0.24303798434100574,0.12050025070769876,-0.05538644641637802
0.24683545284633396,0.12050025070769876,-0.03190361708402634
0.25063292135166215,0.12050025070769876,-0.008374541997909546
0.2544303898569904,0.12050025070769876,0.014900675043463707
0.2582278583623186,0.12050025070769876,0.03752472996711731
0.2620253268676468,0.12050025070769876,0.059408847242593765
0.26582279537297504,0.12050025070769876,0.08017001301050186
0.26962026387830323,0.12050025070769876,0.09954101592302322
0.27341773238363143,0.12050025070769876,0.11727210134267807
0.2772152008889597,0.12050025070769876,0.1331343799829483
0.2810126693942879,0.12050025070769876,0.14692261815071106
0.2848101378996161,0.12050025070769876,0.15845836699008942
0.2886076064049443,0.12050025070769876,-0.013969708234071732
0.2924050749102725,0.12050025070769876,-0.01387870591133833
0.29620254341560076,0.12050025070769876,-0.013775096274912357
0.30000001192092896,0.12050025070769876,-0.013660090044140816
0.0,0.13255027577846865,0.009710198268294334
0.0037974685053282146,0.13255027577846865,0.010347186587750912
0.007594937010656429,0.13255027577846865,0.01088118925690651
0.011392405515984643,0.13255027577846865,0.011307488195598125
0.015189874021312859,0.13255027577846865,0.00580455781891942
0.018987342526641072,0.13255027577846865,0.012749194167554379
0.022784811031969287,0.13255027577846865,0.020967017859220505
0.026582279537297502,0.13255027577846865,0.030310841277241707
0.030379748042625717,0.13255027577846865,0.04061231017112732
0.03417721654795393,0.13255027577846865,0.0516844242811203
0.037974685053282144,0.13255027577846865,0.063324473798275
0.04177215355861036,0.13255027577846865,0.07531702518463135
0.045569622063938574,0.13255027577846865,0.08683071285486221
0.04936709056926679,0.13255027577846865,0.09882308542728424
0.053164559074595004,0.13255027577846865,0.11048504710197449
0.05696202757992322,0.13255027577846865,0.1215851753950119
0.060759496085251434,0.13255027577846865,0.1318970024585724
0.06455696459057965,0.13255027577846865,0.14120258390903473
0.06835443309590786,0.13255027577846865,0.14929595589637756
0.07215190160123608,0.13255027577846865,0.15598629415035248
0.07594937010656429,0.13255027577846865,0.16110126674175262
0.07974683861189251,0.13255027577846865,0.16448961198329926
0.08354430711722072,0.13255027577846865,0.1660238802433014
0.08734177562254894,0.13255027577846865,0.16560246050357819
0.09113924412787715,0.13255027577846865,0.16315153241157532
0.09493671263320537,0.13255027577846865,0.15862645208835602
0.09873418113853358,0.13255027577846865,0.15201276540756226
0.1025316496438618,0.13255027577846865,0.14332687854766846
0.10632911814919001,0.13255027577846865,0.13261589407920837
0.11012658665451823,0.13255027577846865,0.11995773017406464
0.11392405515984644,0.13255027577846865,0.10545993596315384
0.11772152366517466,0.13255027577846865,0.08925868570804596
0.12151899217050287,0.13255027577846865,0.07151710987091064
0.12531646067583108,0.13255027577846865,0.05242334306240082
0.1291139291811593,0.13255027577846865,0.03218783438205719
0.13291139768648752,0.13255027577846865,0.011040836572647095
0.13670886619181571,0.13255027577846865,-0.010770604014396667
0.14050633469714394,0.13255027577846865,-0.032986272126436234
0.14430380320247216,0.13255027577846865,-0.04601031169295311
0.14810127170780038,0.13255027577846865,-0.054982587695121765
0.15189874021312857,0.13255027577846865,-0.06394261866807938
0.1556962087184568,0.13255027577846865,-0.07276636362075806
0.15949367722378502,0.13255027577846865,-0.0813286229968071
0.16329114572911324,0.13255027577846865,-0.08950536698102951
0.16708861423444143,0.13255027577846865,-0.1768377423286438
0.17088608273976966,0.13255027577846865,-0.1925339698791504
0.17468355124509788,0.13255027577846865,-0.20630493760108948
0.1784810197504261,0.13255027577846865,-0.21796126663684845
0.1822784882557543,0.13255027577846865,-0.22733953595161438
0.18607595676108252,0.13255027577846865,-0.23430445790290833
0.18987342526641074,0.13255027577846865,-0.2387513518333435
0.19367089377173893,0.13255027577846865,-0.24060757458209991
0.19746836227706716,0.13255027577846865,-0.239833801984787
0.20126583078239538,0.13255027577846865,-0.23642486333847046
0.2050632992877236,0.13255027577846865,-0.23040995001792908
0.2088607677930518,0.13255027577846865,-0.221852645277977
0.21265823629838002,0.13255027577846865,-0.21085003018379211
0.21645570480370824,0.13255027577846865,-0.19753196835517883
0.22025317330903646,0.13255027577846865,-0.1820589154958725
0.22405064181436465,0.13255027577846865,-0.16462069749832153
0.22784811031969288,0.13255027577846865,-0.14543357491493225
0.2316455788250211,0.13255027577846865,-0.12473782896995544
0.23544304733034932,0.13255027577846865,-0.10279437154531479
0.23924051583567751,0.13255027577846865,-0.07988148182630539
0.24303798434100574,0.13255027577846865,-0.05629114806652069
0.24683545284633396,0.13255027577846865,-0.032325416803359985
0.25063292135166215,0.13255027577846865,-0.008292026817798615
0.2544303898569904,0.13255027577846865,-0.0062317680567502975
0.2582278583623186,0.13255027577846865,0.007977313362061977
0.2620253268676468,0.13255027577846865,0.021834950894117355
0.26582279537297504,0.13255027577846865,0.035163845866918564
0.26962026387830323,0.13255027577846865,0.047792643308639526
0.27341773238363143,0.13255027577846865,0.059557948261499405
0.2772152008889597,0.13255027577846865,0.07030672580003738
0.2810126693942879,0.13255027577846865,0.07989814877510071
0.2848101378996161,0.13255027577846865,0.08820586651563644
0.2886076064049443,0.13255027577846865,0.09511983394622803
0.2924050749102725,0.13255027577846865,0.10054750740528107
0.29620254341560076,0.13255027577846865,-0.009636878035962582
0.30000001192092896,0.13255027577846865,-0.009514912031590939
0.0,0.14460030084923853,0.007092642597854137
0.0037974685053282146,0.14460030084923853,0.007777014281600714
0.007594937010656429,0.14460030084923853,0.008369953371584415
0.011392405515984643,0.14460030084923853,0.008866213262081146
0.015189874021312859,0.14460030084923853,-0.010063300840556622
0.018987342526641072,0.14460030084923853,-0.002462730510160327
0.022784811031969287,0.14460030084923853,0.006540131289511919
0.026582279537297502,0.14460030084923853,0.016789017245173454
0.030379748042625717,0.14460030084923853,0.028105048462748528
0.03417721654795393,0.14460030084923853,0.040289539843797684
0.037974685053282144,0.14460030084923853,0.05312696844339371
0.04177215355861036,0.14460030084923853,0.06638820469379425
0.045569622063938574,0.14460030084923853,0.07919090241193771
0.04936709056926679,0.14460030084923853,0.09254927933216095
0.053164559074595004,0.14460030084923853,0.10560409724712372
0.05696202757992322,0.14460030084923853,0.11810839176177979
0.060759496085251434,0.14460030084923853,0.12982025742530823
0.06455696459057965,0.14460030084923853,0.14050647616386414
0.06835443309590786,0.14460030084923853,0.14994628727436066
0.07215190160123608,0.14460030084923853,0.15793463587760925
0.07594937010656429,0.14460030084923853,0.16428576409816742
0.07974683861189251,0.14460030084923853,0.16883593797683716
0.08354430711722072,0.14460030084923853,0.1714462786912918
0.08734177562254894,0.14460030084923853,0.1720050722360611
0.09113924412787715,0.14460030084923853,0.17042966187000275
0.09493671263320537,0.14460030084923853,0.16666804254055023
0.09873418113853358,0.14460030084923853,0.1606999635696411
0.1025316496438618,0.14460030084923853,0.15253758430480957
0.10632911814919001,0.14460030084923853,0.14222538471221924
0.11012658665451823,0.14460030084923853,0.12984032928943634
0.11392405515984644,0.14460030084923853,0.11549058556556702
0.11772152366517466,0.14460030084923853,0.0993146151304245
0.12151899217050287,0.14460030084923853,0.08147933334112167
0.12531646067583108,0.14460030084923853,0.062178097665309906
0.1291139291811593,0.14460030084923853,0.041628070175647736
0.13291139768648752,0.14460030084923853,0.020067356526851654
0.13670886619181571,0.14460030084923853,-0.0022478848695755005
0.14050633469714394,0.14460030084923853,-0.02504740282893181
0.14430380320247216,0.14460030084923853,-0.048049937933683395
0.14810127170780038,0.14460030084923853,-0.05064420402050018
0.15189874021312857,0.14460030084923853,-0.05978839099407196
0.1556962087184568,0.14460030084923853,-0.06882891803979874
0.15949367722378502,0.14460030084923853,-0.07763485610485077
0.16329114572911324,0.14460030084923853,-0.08607616275548935
0.16708861423444143,0.14460030084923853,-0.17424556612968445
0.17088608273976966,0.14460030084923853,-0.19073745608329773
0.17468355124509788,0.14460030084923853,-0.2052759826183319
0.1784810197504261,0.14460030084923853,-0.21766096353530884
0.1822784882557543,0.14460030084923853,-0.2277190387248993
0.18607595676108252,0.14460030084923853,-0.23530595004558563
0.18987342526641074,0.14460030084923853,-0.24030913412570953
0.19367089377173893,0.14460030084923853,-0.24264922738075256
0.19746836227706716,0.14460030084923853,-0.2422814816236496
0.20126583078239538,0.14460030084923853,-0.23919661343097687
0.2050632992877236,0.14460030084923853,-0.23342108726501465
0.2088607677930518,0.14460030084923853,-0.22501710057258606
0.21265823629838002,0.14460030084923853,-0.2140817791223526
0.21645570480370824,0.14460030084923853,-0.2007463574409485
0.22025317330903646,0.14460030084923853,-0.18517401814460754
0.22405064181436465,0.14460030084923853,-0.16755858063697815
0.22784811031969288,0.14460030084923853,-0.1481214314699173
0.2316455788250211,0.14460030084923853,-0.12710914015769958
0.23544304733034932,0.14460030084923853,-0.1047898381948471
0.23924051583567751,0.14460030084923853,-0.08144987374544144
0.24303798434100574,0.14460030084923853,-0.05739002674818039
0.24683545284633396,0.14460030084923853,-0.032921720296144485
0.25063292135166215,0.14460030084923853,-0.008362453430891037
0.2544303898569904,0.14460030084923853,-0.004299618303775787
0.2582278583623186,0.14460030084923853,0.010224074125289917
0.2620253268676468,0.14460030084923853,0.024396756663918495
0.26582279537297504,0.14460030084923853,0.03803502023220062
0.26962026387830323,0.14460030084923853,0.050961509346961975
0.27341773238363143,0.14460030084923853,0.06300702691078186
0.2772152008889597,0.14460030084923853,0.07401297241449356
0.2810126693942879,0.14460030084923853,0.08383339643478394
0.2848101378996161,0.14460030084923853,0.09233727306127548
0.2886076064049443,0.14460030084923853,0.09941037744283676
0.2924050749102725,0.14460030084923853,0.10495669394731522
0.29620254341560076,0.14460030084923853,0.10889974981546402
0.30000001192092896,0.14460030084923853,0.11118412762880325
0.0,0.1566503259200084,0.004402699880301952
0.0037974685053282146,0.1566503259200084,0.0051298546604812145
0.007594937010656429,0.1566503259200084,0.005777646321803331
0.011392405515984643,0.1566503259200084,0.006340336985886097
0.015189874021312859,0.1566503259200084,-0.026804765686392784
0.018987342526641072,0.1566503259200084,-0.018510296940803528
0.022784811031969287,0.1566503259200084,-0.008676735684275627
0.026582279537297502,0.1566503259200084,0.0025299745611846447
0.030379748042625717,0.1566503259200084,0.014919898472726345
0.03417721654795393,0.1566503259200084,0.02828194946050644
0.037974685053282144,0.1566503259200084,0.04238708317279816
0.04177215355861036,0.1566503259200084,0.056991659104824066
0.045569622063938574,0.1566503259200084,0.0711660087108612
0.04936709056926679,0.1566503259200084,0.08597148954868317
0.053164559074595004,0.1566503259200084,0.10050198435783386
0.05696202757992322,0.1566503259200084,0.11449415981769562
0.060759496085251434,0.1566503259200084,0.1276896893978119
0.06455696459057965,0.1566503259200084,0.1398392766714096
0.06835443309590786,0.1566503259200084,0.1507064551115036
0.07215190160123608,0.1566503259200084,0.16007110476493835
0.07594937010656429,0.1566503259200084,0.16773326694965363
0.07974683861189251,0.1566503259200084,0.1735159456729889
0.08354430711722072,0.1566503259200084,0.17726822197437286
0.08734177562254894,0.1566503259200084,0.17886757850646973
0.09113924412787715,0.1566503259200084,0.17822206020355225
0.09493671263320537,0.1566503259200084,0.17527180910110474
0.09873418113853358,0.1566503259200084,0.1699904054403305
0.1025316496438618,0.1566503259200084,0.16238544881343842
0.10632911814919001,0.1566503259200084,0.15249867737293243
0.11012658665451823,0.1566503259200084,0.14040586352348328
0.11392405515984644,0.1566503259200084,0.12621591985225677
0.11772152366517466,0.1566503259200084,0.11006956547498703
0.12151899217050287,0.1566503259200084,0.09213769435882568
0.12531646067583108,0.1566503259200084,0.07261918485164642
0.1291139291811593,0.1566503259200084,0.05173816531896591
0.13291139768648752,0.1566503259200084,0.029741056263446808
0.13670886619181571,0.1566503259200084,0.006893552839756012
0.14050633469714394,0.1566503259200084,-0.016523513942956924
0.14430380320247216,0.1566503259200084,-0.04021736979484558
0.14810127170780038,0.1566503259200084,-0.06388834118843079
0.15189874021312857,0.1566503259200084,-0.055118754506111145
0.1556962087184568,0.1566503259200084,-0.06440337002277374
0.15949367722378502,0.1566503259200084,-0.07348001003265381
0.16329114572911324,0.1566503259200084,-0.08221232891082764
0.16708861423444143,0.1566503259200084,-0.1713981032371521
0.17088608273976966,0.1566503259200084,-0.18873806297779083
0.17468355124509788,0.1566503259200084,-0.20409579575061798
0.1784810197504261,0.1566503259200084,-0.2172597348690033
0.1822784882557543,0.1566503259200084,-0.2280460000038147
0.18607595676108252,0.1566503259200084,-0.23630082607269287
0.18987342526641074,0.1566503259200084,-0.24190327525138855
0.19367089377173893,0.1566503259200084,-0.24476686120033264
0.19746836227706716,0.1566503259200084,-0.2448410540819168
0.20126583078239538,0.1566503259200084,-0.2421121746301651
0.2050632992877236,0.1566503259200084,-0.23660370707511902
0.2088607677930518,0.1566503259200084,-0.2283763438463211
0.21265823629838002,0.1566503259200084,-0.2175271213054657
0.21645570480370824,0.1566503259200084,-0.2041887640953064
0.22025317330903646,0.1566503259200084,-0.1885271668434143
0.22405064181436465,0.1566503259200084,-0.1707402765750885
0.22784811031969288,0.1566503259200084,-0.15105485916137695
0.2316455788250211,0.1566503259200084,-0.1297239512205124
0.23544304733034932,0.1566503259200084,-0.10702327638864517
0.23924051583567751,0.1566503259200084,-0.0832475870847702
0.24303798434100574,0.1566503259200084,-0.0587068572640419
0.24683545284633396,0.1566503259200084,-0.033722300082445145
0.25063292135166215,0.1566503259200084,-0.008621659129858017
0.2544303898569904,0.1566503259200084,-0.0021807809825986624
0.2582278583623186,0.1566503259200084,0.01265443954616785
0.2620253268676468,0.1566503259200084,0.027137527242302895
0.26582279537297504,0.1566503259200084,0.04107875004410744
0.26962026387830323,0.1566503259200084,0.054294560104608536
0.27341773238363143,0.1566503259200084,0.06660979986190796
0.2772152008889597,0.1566503259200084,0.0778602734208107
0.2810126693942879,0.1566503259200084,0.08789477497339249
0.2848101378996161,0.1566503259200084,0.09657761454582214
0.2886076064049443,0.1566503259200084,0.10379044711589813
0.2924050749102725,0.1566503259200084,0.10943379253149033
0.29620254341560076,0.1566503259200084,0.11342847347259521
0.30000001192092896,0.1566503259200084,0.1157170906662941
0.0,0.16870035099077826,0.0016731638461351395
0.0037974685053282146,0.16870035099077826,0.002438276307657361
0.007594937010656429,0.16870035099077826,0.0031364979222416878
0.011392405515984643,0.16870035099077826,0.0037616328336298466
0.015189874021312859,0.16870035099077826,-0.044308219105005264
0.018987342526641072,0.16870035099077826,-0.03528589382767677
0.022784811031969287,0.16870035099077826,-0.02458084188401699
0.026582279537297502,0.16870035099077826,-0.012369083240628242
0.030379748042625717,0.16870035099077826,0.0011478097876533866
0.03417721654795393,0.16870035099077826,0.01574578508734703
0.037974685053282144,0.16870035099077826,0.031181612983345985
0.04177215355861036,0.16870035099077826,0.047196488827466965
0.045569622063938574,0.16870035099077826,0.06281717121601105
0.04936709056926679,0.16870035099077826,0.07914254069328308
0.053164559074595004,0.16870035099077826,0.09522312879562378
0.05696202757992322,0.16870035099077826,0.11077837646007538
0.060759496085251434,0.16870035099077826,0.1255328357219696
0.06455696459057965,0.16870035099077826,0.1392202377319336
0.06835443309590786,0.16870035099077826,0.15158766508102417
0.07215190160123608,0.16870035099077826,0.16239921748638153
0.07594937010656429,0.16870035099077826,0.17143996059894562
0.07974683861189251,0.16870035099077826,0.17851905524730682
0.08354430711722072,0.16870035099077826,0.1834728717803955
0.08734177562254894,0.16870035099077826,0.18616759777069092
0.09113924412787715,0.16870035099077826,0.1865013837814331
0.09493671263320537,0.16870035099077826,0.18440619111061096
0.09873418113853358,0.16870035099077826,0.1798490285873413
0.1025316496438618,0.16870035099077826,0.17283271253108978
0.10632911814919001,0.16870035099077826,0.163395956158638
0.11012658665451823,0.16870035099077826,0.15161336958408356
0.11392405515984644,0.16870035099077826,0.13759447634220123
0.11772152366517466,0.16870035099077826,0.12148234248161316
0.12151899217050287,0.16870035099077826,0.10345197468996048
0.12531646067583108,0.16870035099077826,0.08370797336101532
0.1291139291811593,0.16870035099077826,0.06248168647289276
0.13291139768648752,0.16870035099077826,0.04002821817994118
0.13670886619181571,0.16870035099077826,0.01662318781018257
0.14050633469714394,0.16870035099077826,-0.007441528141498566
0.14430380320247216,0.16870035099077826,-0.03186117485165596
0.14810127170780038,0.16870035099077826,-0.05632328614592552
0.15189874021312857,0.16870035099077826,-0.08051086962223053
0.1556962087184568,0.16870035099077826,-0.05949947610497475
0.15949367722378502,0.16870035099077826,-0.06887287646532059
0.16329114572911324,0.16870035099077826,-0.07792169600725174
0.16708861423444143,0.16870035099077826,-0.1682930737733841
0.17088608273976966,0.16870035099077826,-0.18652966618537903
0.17468355124509788,0.16870035099077826,-0.20275482535362244
0.1784810197504261,0.16870035099077826,-0.2167450338602066
0.1822784882557543,0.16870035099077826,-0.22830533981323242
0.18607595676108252,0.16870035099077826,-0.2372719943523407
0.18987342526641074,0.16870035099077826,-0.2435152530670166
0.19367089377173893,0.16870035099077826,-0.24694114923477173
0.19746836227706716,0.16870035099077826,-0.24749299883842468
0.20126583078239538,0.16870035099077826,-0.24515242874622345
0.2050632992877236,0.16870035099077826,-0.23993977904319763
0.2088607677930518,0.16870035099077826,-0.23191408812999725
0.21265823629838002,0.16870035099077826,-0.2211722880601883
0.21645570480370824,0.16870035099077826,-0.20784838497638702
0.22025317330903646,0.16870035099077826,-0.19211113452911377
0.22405064181436465,0.16870035099077826,-0.17416270077228546
0.22784811031969288,0.16870035099077826,-0.1542353332042694
0.2316455788250211,0.16870035099077826,-0.13258883357048035
0.23544304733034932,0.16870035099077826,-0.10950663685798645
0.23924051583567751,0.16870035099077826,-0.0852922573685646
0.24303798434100574,0.16870035099077826,-0.06026517599821091
0.24683545284633396,0.16870035099077826,-0.03475676104426384
0.25063292135166215,0.16870035099077826,0.0014292825944721699
0.2544303898569904,0.16870035099077826,0.0017008665017783642
0.2582278583623186,0.16870035099077826,0.015217387117445469
0.2620253268676468,0.16870035099077826,0.030002379789948463
0.26582279537297504,0.16870035099077826,0.04423648491501808
0.26962026387830323,0.16870035099077826,0.057729847729206085
0.27341773238363143,0.16870035099077826,0.07030124217271805
0.2772152008889597,0.16870035099077826,0.08178076893091202
0.2810126693942879,0.16870035099077826,0.09201201796531677
0.2848101378996161,0.16870035099077826,0.10085460543632507
0.2886076064049443,0.16870035099077826,0.10818613320589066
0.2924050749102725,0.16870035099077826,0.11390381306409836
0.29620254341560076,0.16870035099077826,0.004468731582164764
0.30000001192092896,0.16870035099077826,0.004740429576486349
0.0,0.18075037606154815,-0.0007155315252020955
0.0037974685053282146,0.18075037606154815,-0.0007441049674525857
0.007594937010656429,0.18075037606154815,-0.0008295273873955011
0.011392405515984643,0.18075037606154815,-0.0009709088481031358
0.015189874021312859,0.18075037606154815,-0.0011667765211313963
0.018987342526641072,0.18075037606154815,-0.0031539059709757566
0.022784811031969287,0.18075037606154815,0.009014954790472984
0.026582279537297502,0.18075037606154815,0.021855894476175308
0.030379748042625717,0.18075037606154815,0.03519966080784798
0.03417721654795393,0.18075037606154815,0.04886670038104057
0.037974685053282144,0.18075037606154815,0.06266970187425613
0.04177215355861036,0.18075037606154815,-0.003827738808467984
0.045569622063938574,0.18075037606154815,-0.004344656597822905
0.04936709056926679,0.18075037606154815,-0.00488115381449461
0.053164559074595004,0.18075037606154815,-0.005431723780930042
0.05696202757992322,0.18075037606154815,-0.005990726873278618
0.060759496085251434,0.18075037606154815,0.12337774783372879
0.06455696459057965,0.18075037606154815,0.13866885006427765
0.06835443309590786,0.18075037606154815,0.15260113775730133
0.07215190160123608,0.18075037606154815,0.16492222249507904
0.07594937010656429,0.18075037606154815,0.17540161311626434
0.07974683861189251,0.18075037606154815,0.1838340163230896
0.08354430711722072,0.18075037606154815,0.19004252552986145
0.08734177562254894,0.18075037606154815,0.19388152658939362
0.09113924412787715,0.18075037606154815,0.1952388882637024
0.09493671263320537,0.18075037606154815,0.1940380036830902
0.09873418113853358,0.18075037606154815,0.19023895263671875
0.1025316496438618,0.18075037606154815,0.1838395744562149
0.10632911814919001,0.18075037606154815,0.1748753786087036
0.11012658665451823,0.18075037606154815,0.16341964900493622
0.11392405515984644,0.18075037606154815,0.14958249032497406
0.11772152366517466,0.18075037606154815,0.13350938260555267
0.12151899217050287,0.18075037606154815,0.11537951231002808
0.12531646067583108,0.18075037606154815,0.09540335834026337
0.1291139291811593,0.18075037606154815,0.07381971925497055
0.13291139768648752,0.18075037606154815,-0.011430341750383377
0.13670886619181571,0.18075037606154815,-0.011188325472176075
0.14050633469714394,0.18075037606154815,-0.010894673876464367
0.14430380320247216,0.18075037606154815,-0.010551655665040016
0.14810127170780038,0.18075037606154815,-0.010161897167563438
0.15189874021312857,0.18075037606154815,-0.009728357195854187
0.1556962087184568,0.18075037606154815,-0.009254276752471924
0.15949367722378502,0.18075037606154815,-0.008743149228394032
0.16329114572911324,0.18075037606154815,-0.008198662661015987
0.16708861423444143,0.18075037606154815,-0.007624671794474125
0.17088608273976966,0.18075037606154815,-0.184107705950737
0.17468355124509788,0.18075037606154815,-0.20124496519565582
0.1784810197504261,0.18075037606154815,-0.21610555052757263
0.1822784882557543,0.18075037606154815,-0.22848306596279144
0.18607595676108252,0.18075037606154815,-0.2382032871246338
0.18987342526641074,0.18075037606154815,-0.245127335190773
0.19367089377173893,0.18075037606154815,-0.12113391607999802
0.19746836227706716,0.18075037606154815,-0.12212038785219193
0.20126583078239538,0.18075037606154815,-0.1217699870467186
0.2050632992877236,0.18075037606154815,-0.12006288021802902
0.2088607677930518,0.18075037606154815,-0.23561421036720276
0.21265823629838002,0.18075037606154815,-0.22500330209732056
0.21645570480370824,0.18075037606154815,-0.21171416342258453
0.22025317330903646,0.18075037606154815,-0.19591838121414185
0.22405064181436465,0.18075037606154815,-0.17782233655452728
0.22784811031969288,0.18075037606154815,0.0024396060034632683
0.2316455788250211,0.18075037606154815,0.0029598588589578867
0.23544304733034932,0.18075037606154815,0.003454163670539856
0.23924051583567751,0.18075037606154815,0.003921485505998135
0.24303798434100574,0.18075037606154815,0.004361012950539589
0.24683545284633396,0.18075037606154815,0.004772137850522995
0.25063292135166215,0.18075037606154815,0.005154430866241455
0.2544303898569904,0.18075037606154815,0.005507640540599823
0.2582278583623186,0.18075037606154815,0.005831646732985973
0.2620253268676468,0.18075037606154815,0.006126448046416044
0.26582279537297504,0.18075037606154815,0.006392147392034531
0.26962026387830323,0.18075037606154815,0.11145231872797012
0.27341773238363143,0.18075037606154815,0.1315336674451828
0.2772152008889597,0.18075037606154815,0.14952751994132996
0.2810126693942879,0.18075037606154815,0.1651899516582489
0.2848101378996161,0.18075037606154815,0.1783088743686676
0.2886076064049443,0.18075037606154815,0.008153841830790043
0.2924050749102725,0.18075037606154815,0.008505973033607006
0.29620254341560076,0.18075037606154815,0.008815872482955456
0.30000001192092896,0.18075037606154815,0.009078782051801682
0.0,0.19280040113231803,-0.003348718164488673
0.0037974685053282146,0.19280040113231803,-0.003371060360223055
0.007594937010656429,0.19280040113231803,-0.003437837352976203
0.011392405515984643,0.19280040113231803,-0.003548304783180356
0.015189874021312859,0.19280040113231803,-0.003701230976730585
0.018987342526641072,0.19280040113231803,-0.01420001033693552
0.022784811031969287,0.19280040113231803,-0.0013060825876891613
0.026582279537297502,0.19280040113231803,0.012341771274805069
0.030379748042625717,0.19280040113231803,0.026565227657556534
0.03417721654795393,0.19280040113231803,0.04117486998438835
0.037974685053282144,0.19280040113231803,0.05597281828522682
0.04177215355861036,0.19280040113231803,-0.005763235501945019
0.045569622063938574,0.19280040113231803,-0.006159653887152672
0.04936709056926679,0.19280040113231803,-0.006569266319274902
0.053164559074595004,0.19280040113231803,-0.006987441331148148
0.05696202757992322,0.19280040113231803,-0.007409431040287018
0.060759496085251434,0.19280040113231803,0.1212528795003891
0.06455696459057965,0.19280040113231803,0.13820487260818481
0.06835443309590786,0.19280040113231803,0.15375813841819763
0.07215190160123608,0.19280040113231803,0.1676432490348816
0.07594937010656429,0.19280040113231803,0.1796136349439621
0.07974683861189251,0.19280040113231803,0.18944895267486572
0.08354430711722072,0.19280040113231803,0.19695866107940674
0.08734177562254894,0.19280040113231803,0.20198486745357513
0.09113924412787715,0.19280040113231803,0.2044048011302948
0.09493671263320537,0.19280040113231803,0.20413286983966827
0.09873418113853358,0.19280040113231803,0.20112203061580658
0.1025316496438618,0.19280040113231803,-0.011096734553575516
0.10632911814919001,0.19280040113231803,-0.011170385405421257
0.11012658665451823,0.19280040113231803,0.1757797747850418
0.11392405515984644,0.19280040113231803,0.16213437914848328
0.11772152366517466,0.19280040113231803,0.14610520005226135
0.12151899217050287,0.19280040113231803,0.12787562608718872
0.12531646067583108,0.19280040113231803,0.1076621413230896
0.1291139291811593,0.19280040113231803,0.08571121096611023
0.13291139768648752,0.19280040113231803,0.06229604408144951
0.13670886619181571,0.19280040113231803,-0.009936526417732239
0.14050633469714394,0.19280040113231803,-0.009556535631418228
0.14430380320247216,0.19280040113231803,-0.009130544029176235
0.14810127170780038,0.19280040113231803,-0.008660785853862762
0.15189874021312857,0.19280040113231803,-0.008149800822138786
0.1556962087184568,0.19280040113231803,-0.007600395940244198
0.15949367722378502,0.19280040113231803,-0.00701561477035284
0.16329114572911324,0.19280040113231803,-0.1393555998802185
0.16708861423444143,0.19280040113231803,-0.1613094061613083
0.17088608273976966,0.19280040113231803,-0.1814693957567215
0.17468355124509788,0.19280040113231803,-0.19955973327159882
0.1784810197504261,0.19280040113231803,-0.21533158421516418
0.1822784882557543,0.19280040113231803,-0.22856664657592773
0.18607595676108252,0.19280040113231803,-0.23907992243766785
0.18987342526641074,0.19280040113231803,-0.24672295153141022
0.19367089377173893,0.19280040113231803,-0.11881506443023682
0.19746836227706716,0.19280040113231803,-0.12004568427801132
0.20126583078239538,0.19280040113231803,-0.11990215629339218
0.2050632992877236,0.19280040113231803,-0.11836230754852295
0.2088607677930518,0.19280040113231803,-0.23946090042591095
0.21265823629838002,0.19280040113231803,-0.22900652885437012
0.21645570480370824,0.19280040113231803,-0.21577520668506622
0.22025317330903646,0.19280040113231803,-0.19994127750396729
0.22405064181436465,0.19280040113231803,-0.18171542882919312
0.22784811031969288,0.19280040113231803,-0.16134117543697357
0.2316455788250211,0.19280040113231803,-0.1390920877456665
0.23544304733034932,0.19280040113231803,-0.11526764184236526
0.23924051583567751,0.19280040113231803,-0.0901893898844719
0.24303798434100574,0.19280040113231803,-0.06419648975133896
0.24683545284633396,0.19280040113231803,0.008341414853930473
0.25063292135166215,0.19280040113231803,0.008804387412965298
0.2544303898569904,0.19280040113231803,0.009235158562660217
0.2582278583623186,0.19280040113231803,0.009633044712245464
0.2620253268676468,0.19280040113231803,0.009997489862143993
0.26582279537297504,0.19280040113231803,0.09081355482339859
0.26962026387830323,0.19280040113231803,0.11324156075716019
0.27341773238363143,0.19280040113231803,0.13381731510162354
0.2772152008889597,0.19280040113231803,0.15225990116596222
0.2810126693942879,0.19280040113231803,0.16831697523593903
0.2848101378996161,0.19280040113231803,0.18176905810832977
0.2886076064049443,0.19280040113231803,0.012401778250932693
0.2924050749102725,0.19280040113231803,0.012756886892020702
0.29620254341560076,0.19280040113231803,0.013061588630080223
0.30000001192092896,0.19280040113231803,0.013311000540852547
0.0,0.2048504262030879,-0.00592014379799366
0.0037974685053282146,0.2048504262030879,-0.005936266854405403
0.007594937010656429,0.2048504262030879,-0.005984436720609665
0.011392405515984643,0.2048504262030879,-0.0060640545561909676
0.015189874021312859,0.2048504262030879,-0.006174128502607346
0.018987342526641072,0.2048504262030879,-0.025644050911068916
0.022784811031969287,0.2048504262030879,-0.012043558992445469
0.026582279537297502,0.2048504262030879,0.0023968603927642107
0.030379748042625717,0.2048504262030879,0.017489835619926453
0.03417721654795393,0.2048504262030879,0.033036068081855774
0.037974685053282144,0.2048504262030879,0.04882706701755524
0.04177215355861036,0.2048504262030879,0.06464806199073792
0.045569622063938574,0.2048504262030879,-0.007914629764854908
0.04936709056926679,0.2048504262030879,-0.008197644725441933
0.053164559074595004,0.2048504262030879,-0.008483735844492912
0.05696202757992322,0.2048504262030879,0.09939196705818176
0.060759496085251434,0.2048504262030879,0.11918668448925018
0.06455696459057965,0.2048504262030879,0.1378479152917862
0.06835443309590786,0.2048504262030879,0.15506963431835175
0.07215190160123608,0.2048504262030879,0.17056499421596527
0.07594937010656429,0.2048504262030879,0.18407084047794342
0.07974683861189251,0.2048504262030879,0.19535140693187714
0.08354430711722072,0.2048504262030879,0.20420204102993011
0.08734177562254894,0.2048504262030879,0.21045224368572235
0.09113924412787715,0.2048504262030879,0.21396823227405548
0.09493671263320537,0.2048504262030879,-0.010738495737314224
0.09873418113853358,0.2048504262030879,-0.010771126486361027
0.1025316496438618,0.2048504262030879,-0.01076274923980236
0.10632911814919001,0.2048504262030879,-0.010711496695876122
0.11012658665451823,0.2048504262030879,-0.010615840554237366
0.11392405515984644,0.2048504262030879,0.17520266771316528
0.11772152366517466,0.2048504262030879,0.15922227501869202
0.12151899217050287,0.2048504262030879,0.14089353382587433
0.12531646067583108,0.2048504262030879,0.12043896317481995
0.1291139291811593,0.2048504262030879,0.09811284393072128
0.13291139768648752,0.2048504262030879,0.07419764250516891
0.13670886619181571,0.2048504262030879,0.04900052025914192
0.14050633469714394,0.2048504262030879,0.022848453372716904
0.14430380320247216,0.2048504262030879,-0.00391557440161705
0.14810127170780038,0.2048504262030879,-0.03093845397233963
0.15189874021312857,0.2048504262030879,-0.05786058306694031
0.1556962087184568,0.2048504262030879,-0.08432205021381378
0.15949367722378502,0.2048504262030879,-0.10996679216623306
0.16329114572911324,0.2048504262030879,-0.13444878160953522
0.16708861423444143,0.2048504262030879,-0.1574355959892273
0.17088608273976966,0.2048504262030879,-0.17861424386501312
0.17468355124509788,0.2048504262030879,-0.19769489765167236
0.1784810197504261,0.2048504262030879,-0.21441547572612762
0.1822784882557543,0.2048504262030879,-0.22854545712471008
0.18607595676108252,0.2048504262030879,-0.23988878726959229
0.18987342526641074,0.2048504262030879,-0.2482871413230896
0.19367089377173893,0.2048504262030879,0.0016207105945795774
0.19746836227706716,0.2048504262030879,0.0024368949234485626
0.20126583078239538,0.2048504262030879,0.0032508480362594128
0.2050632992877236,0.2048504262030879,0.0040593380108475685
0.2088607677930518,0.2048504262030879,-0.2434389740228653
0.21265823629838002,0.2048504262030879,-0.2331686168909073
0.21645570480370824,0.2048504262030879,-0.2200206220149994
0.22025317330903646,0.2048504262030879,-0.2041720300912857
0.22405064181436465,0.2048504262030879,-0.1858377605676651
0.22784811031969288,0.2048504262030879,-0.1652669906616211
0.2316455788250211,0.2048504262030879,-0.14274026453495026
0.23544304733034932,0.2048504262030879,-0.1185651645064354
0.23924051583567751,0.2048504262030879,-0.09307242929935455
0.24303798434100574,0.2048504262030879,-0.06661120057106018
0.24683545284633396,0.2048504262030879,-0.03954463079571724
0.25063292135166215,0.2048504262030879,-0.012244243174791336
0.2544303898569904,0.2048504262030879,0.014914821833372116
0.2582278583623186,0.2048504262030879,0.04144294187426567
0.2620253268676468,0.2048504262030879,0.06720369309186935
0.26582279537297504,0.2048504262030879,0.09173087030649185
0.26962026387830323,0.2048504262030879,0.11468669027090073
0.27341773238363143,0.2048504262030879,0.13575465977191925
0.2772152008889597,0.2048504262030879,0.15464434027671814
0.2810126693942879,0.2048504262030879,0.1710948497056961
0.2848101378996161,0.2048504262030879,0.1848791539669037
0.2886076064049443,0.2048504262030879,0.01649821549654007
0.2924050749102725,0.2048504262030879,0.01685086451470852
0.29620254341560076,0.2048504262030879,0.017145369201898575
0.30000001192092896,0.2048504262030879,0.017376752570271492
0.0,0.2169004512738578,-0.008398322388529778
0.0037974685053282146,0.2169004512738578,-0.008408298715949059
0.007594937010656429,0.2169004512738578,-0.008438074961304665
0.011392405515984643,0.2169004512738578,-0.008487197570502758
0.015189874021312859,0.2169004512738578,-0.008554910309612751
0.018987342526641072,0.2169004512738578,-0.037404488772153854
0.022784811031969287,0.2169004512738578,-0.0231190025806427
0.026582279537297502,0.2169004512738578,-0.007903963327407837
0.030379748042625717,0.2169004512738578,0.008044279180467129
0.03417721654795393,0.2169004512738578,0.02451658807694912
0.037974685053282144,0.2169004512738578,0.04129386693239212
0.04177215355861036,0.2169004512738578,0.058150097727775574
0.045569622063938574,0.2169004512738578,-0.009585789404809475
0.04936709056926679,0.2169004512738578,-0.009743692353367805
0.053164559074595004,0.2169004512738578,0.07325875759124756
0.05696202757992322,0.2169004512738578,0.09564121812582016
0.060759496085251434,0.2169004512738578,0.11720734089612961
0.06455696459057965,0.2169004512738578,0.13761723041534424
0.06835443309590786,0.2169004512738578,0.15654632449150085
0.07215190160123608,0.2169004512738578,0.1736898273229599
0.07594937010656429,0.2169004512738578,0.1887677162885666
0.07974683861189251,0.2169004512738578,0.2015284299850464
0.08354430711722072,0.2169004512738578,0.21175287663936615
0.08734177562254894,0.2169004512738578,0.21925760805606842
0.09113924412787715,0.2169004512738578,-0.010670406743884087
0.09493671263320537,0.2169004512738578,-0.010607143864035606
0.09873418113853358,0.2169004512738578,-0.010508744977414608
0.1025316496438618,0.2169004512738578,-0.010373430326581001
0.10632911814919001,0.2169004512738578,-0.010199669748544693
0.11012658665451823,0.2169004512738578,-0.009986190125346184
0.11392405515984644,0.2169004512738578,-0.00973198376595974
0.11772152366517466,0.2169004512738578,0.17281170189380646
0.12151899217050287,0.2169004512738578,0.15438488125801086
0.12531646067583108,0.2169004512738578,0.13368678092956543
0.1291139291811593,0.2169004512738578,0.11097946763038635
0.13291139768648752,0.2169004512738578,0.08655484020709991
0.13670886619181571,0.2169004512738578,0.060730934143066406
0.14050633469714394,0.2169004512738578,0.03384683281183243
0.14430380320247216,0.2169004512738578,0.006258729845285416
0.14810127170780038,0.2169004512738578,-0.021666180342435837
0.15189874021312857,0.2169004512738578,-0.0495535209774971
0.1556962087184568,0.2169004512738578,-0.07702817022800446
0.15949367722378502,0.2169004512738578,-0.10371854901313782
0.16329114572911324,0.2169004512738578,-0.12926320731639862
0.16708861423444143,0.2169004512738578,-0.15331436693668365
0.17088608273976966,0.2169004512738578,-0.17554420232772827
0.17468355124509788,0.2169004512738578,-0.19564855098724365
0.1784810197504261,0.2169004512738578,-0.21335187554359436
0.1822784882557543,0.2169004512738578,-0.22841116786003113
0.18607595676108252,0.2169004512738578,0.002170735038816929
0.18987342526641074,0.2169004512738578,0.0030434036161750555
0.19367089377173893,0.2169004512738578,0.003921565134078264
0.19746836227706716,0.2169004512738578,0.004802012350410223
0.20126583078239538,0.2169004512738578,0.00568156223744154
0.2050632992877236,0.2169004512738578,0.006557034328579903
0.2088607677930518,0.2169004512738578,0.0074252961203455925
0.21265823629838002,0.2169004512738578,0.008283266797661781
0.21645570480370824,0.2169004512738578,-0.22443988919258118
0.22025317330903646,0.2169004512738578,-0.20860286056995392
0.22405064181436465,0.2169004512738578,-0.1901848465204239
0.22784811031969288,0.2169004512738578,-0.16944065690040588
0.2316455788250211,0.2169004512738578,-0.14665775001049042
0.23544304733034932,0.2169004512738578,-0.12215185910463333
0.23924051583567751,0.2169004512738578,-0.0962628573179245
0.24303798434100574,0.2169004512738578,-0.06934996694326401
0.24683545284633396,0.2169004512738578,-0.04178708419203758
0.25063292135166215,0.2169004512738578,-0.013957004994153976
0.2544303898569904,0.2169004512738578,0.013753490522503853
0.2582278583623186,0.2169004512738578,0.04086717218160629
0.2620253268676468,0.2169004512738578,0.0671856701374054
0.26582279537297504,0.2169004512738578,0.09225741028785706
0.26962026387830323,0.2169004512738578,0.11573360860347748
0.27341773238363143,0.2169004512738578,0.13728739321231842
0.2772152008889597,0.2169004512738578,0.15661877393722534
0.2810126693942879,0.2169004512738578,0.17345818877220154
0.2848101378996161,0.2169004512738578,0.18757101893424988
0.2886076064049443,0.2169004512738578,0.02038448490202427
0.2924050749102725,0.2169004512738578,0.020729228854179382
0.29620254341560076,0.2169004512738578,0.021008655428886414
0.30000001192092896,0.2169004512738578,0.021217744797468185
0.0,0.22895047634462765,-0.012713588774204254
0.0037974685053282146,0.22895047634462765,-0.011198705062270164
0.007594937010656429,0.22895047634462765,-0.00966666080057621
0.011392405515984643,0.22895047634462765,-0.008131591603159904
0.015189874021312859,0.22895047634462765,-0.13899199664592743
0.018987342526641072,0.22895047634462765,-0.1259244680404663
0.022784811031969287,0.22895047634462765,-0.11038427799940109
0.026582279537297502,0.22895047634462765,-0.09260305762290955
0.030379748042625717,0.22895047634462765,-0.07284630835056305
0.03417721654795393,0.22895047634462765,-0.05140943080186844
0.037974685053282144,0.22895047634462765,-0.02861357294023037
0.04177215355861036,0.22895047634462765,-0.005977366119623184
0.045569622063938574,0.22895047634462765,0.01843569427728653
0.04936709056926679,0.22895047634462765,0.043148431926965714
0.053164559074595004,0.22895047634462765,0.06778628379106522
0.05696202757992322,0.22895047634462765,0.09197421371936798
0.060759496085251434,0.22895047634462765,0.11534242331981659
0.06455696459057965,0.22895047634462765,0.13753162324428558
0.06835443309590786,0.22895047634462765,0.15819832682609558
0.07215190160123608,0.22895047634462765,0.17701959609985352
0.07594937010656429,0.22895047634462765,0.19369818270206451
0.07974683861189251,0.22895047634462765,0.20796649158000946
0.08354430711722072,0.22895047634462765,0.21959076821804047
0.08734177562254894,0.22895047634462765,0.22837436199188232
0.09113924412787715,0.22895047634462765,0.23416073620319366
0.09493671263320537,0.22895047634462765,0.23683592677116394
0.09873418113853358,0.22895047634462765,0.2363300621509552
0.1025316496438618,0.22895047634462765,-0.009925704449415207
0.10632911814919001,0.22895047634462765,0.22572320699691772
0.11012658665451823,0.22895047634462765,0.21571038663387299
0.11392405515984644,0.22895047634462765,0.20269201695919037
0.11772152366517466,0.22895047634462765,0.18682308495044708
0.12151899217050287,0.22895047634462765,0.16829973459243774
0.12531646067583108,0.22895047634462765,0.14735674858093262
0.1291139291811593,0.22895047634462765,0.12426403164863586
0.13291139768648752,0.22895047634462765,0.09932295978069305
0.13670886619181571,0.22895047634462765,0.07286247611045837
0.14050633469714394,0.22895047634462765,0.045233868062496185
0.14430380320247216,0.22895047634462765,0.016806690022349358
0.14810127170780038,0.22895047634462765,-0.012037677690386772
0.15189874021312857,0.22895047634462765,-0.04090992361307144
0.1556962087184568,0.22895047634462765,-0.06941954791545868
0.15949367722378502,0.22895047634462765,-0.09717933088541031
0.16329114572911324,0.22895047634462765,-0.12381212413311005
0.16708861423444143,0.22895047634462765,-0.14895468950271606
0.17088608273976966,0.22895047634462765,-0.17226406931877136
0.17468355124509788,0.22895047634462765,-0.1934216320514679
0.1784810197504261,0.22895047634462765,-0.21213817596435547
0.1822784882557543,0.22895047634462765,-0.22815796732902527
0.18607595676108252,0.22895047634462765,-0.24126198887825012
0.18987342526641074,0.22895047634462765,0.0052114203572273254
0.19367089377173893,0.22895047634462765,0.006143928039819002
0.19746836227706716,0.22895047634462765,0.0070796990767121315
0.20126583078239538,0.22895047634462765,0.008015685714781284
0.2050632992877236,0.22895047634462765,-0.2583244740962982
0.2088607677930518,0.22895047634462765,-0.25173306465148926
0.21265823629838002,0.22895047634462765,-0.24191924929618835
0.21645570480370824,0.22895047634462765,-0.229022815823555
0.22025317330903646,0.22895047634462765,-0.21322591602802277
0.22405064181436465,0.22895047634462765,-0.19475175440311432
0.22784811031969288,0.22895047634462765,-0.1738605797290802
0.2316455788250211,0.22895047634462765,-0.15084674954414368
0.23544304733034932,0.22895047634462765,-0.12603403627872467
0.23924051583567751,0.22895047634462765,-0.09977145493030548
0.24303798434100574,0.22895047634462765,0.007538062520325184
0.24683545284633396,0.22895047634462765,0.010456475429236889
0.25063292135166215,0.22895047634462765,0.013464486226439476
0.2544303898569904,0.22895047634462765,0.016525011509656906
0.2582278583623186,0.22895047634462765,0.01959899440407753
0.2620253268676468,0.22895047634462765,0.04441920667886734
0.26582279537297504,0.22895047634462765,0.06004767864942551
0.26962026387830323,0.22895047634462765,0.07483097165822983
0.27341773238363143,0.22895047634462765,0.08855517953634262
0.2772152008889597,0.22895047634462765,0.10102024674415588
0.2810126693942879,0.22895047634462765,0.11204241961240768
0.2848101378996161,0.22895047634462765,0.12145749479532242
0.2886076064049443,0.22895047634462765,0.12912310659885406
0.2924050749102725,0.22895047634462765,0.024335935711860657
0.29620254341560076,0.22895047634462765,0.02459562197327614
0.30000001192092896,0.22895047634462765,0.024778489023447037
0.0,0.24100050141539753,-0.015159985050559044
0.0037974685053282146,0.24100050141539753,-0.013636638410389423
0.007594937010656429,0.24100050141539753,-0.012082279659807682
0.011392405515984643,0.24100050141539753,-0.01051134243607521
0.015189874021312859,0.24100050141539753,-0.15862366557121277
0.018987342526641072,0.24100050141539753,-0.14471277594566345
0.022784811031969287,0.24100050141539753,-0.12816181778907776
0.026582279537297502,0.24100050141539753,-0.10921406745910645
0.030379748042625717,0.24100050141539753,-0.0881483256816864
0.03417721654795393,0.24100050141539753,-0.0652749091386795
0.037974685053282144,0.24100050141539753,-0.04093128815293312
0.04177215355861036,0.24100050141539753,-0.016653679311275482
0.045569622063938574,0.24100050141539753,0.009476848877966404
0.04936709056926679,0.24100050141539753,0.03596331179141998
0.053164559074595004,0.24100050141539753,0.06241149827837944
0.05696202757992322,0.24100050141539753,0.08842650800943375
0.060759496085251434,0.24100050141539753,0.11361865699291229
0.06455696459057965,0.24100050141539753,0.13760906457901
0.06835443309590786,0.24100050141539753,0.1600351333618164
0.07215190160123608,0.24100050141539753,0.1805555820465088
0.07594937010656429,0.24100050141539753,0.1988557130098343
0.07974683861189251,0.24100050141539753,0.21465173363685608
0.08354430711722072,0.24100050141539753,0.22769495844841003
0.08734177562254894,0.24100050141539753,0.23777543008327484
0.09113924412787715,0.24100050141539753,0.24472494423389435
0.09493671263320537,0.24100050141539753,0.2484196573495865
0.09873418113853358,0.24100050141539753,0.24878175556659698
0.1025316496438618,0.24100050141539753,0.24578095972537994
0.10632911814919001,0.24100050141539753,0.23943448066711426
0.11012658665451823,0.24100050141539753,0.22980749607086182
0.11392405515984644,0.24100050141539753,0.21701191365718842
0.11772152366517466,0.24100050141539753,0.20120492577552795
0.12151899217050287,0.24100050141539753,0.1825868934392929
0.12531646067583108,0.24100050141539753,0.16139861941337585
0.1291139291811593,0.24100050141539753,0.1379179060459137
0.13291139768648752,0.24100050141539753,0.11245549470186234
0.13670886619181571,0.24100050141539753,0.08535134047269821
0.14050633469714394,0.24100050141539753,0.05696894973516464
0.14430380320247216,0.24100050141539753,0.02769123576581478
0.14810127170780038,0.24100050141539753,-0.0020861495286226273
0.15189874021312857,0.24100050141539753,-0.03195890039205551
0.1556962087184568,0.24100050141539753,-0.061521053314208984
0.15949367722378502,0.24100050141539753,-0.09036962687969208
0.16329114572911324,0.24100050141539753,-0.11811172962188721
0.16708861423444143,0.24100050141539753,-0.14436845481395721
0.17088608273976966,0.24100050141539753,-0.16878168284893036
0.17468355124509788,0.24100050141539753,-0.19101814925670624
0.1784810197504261,0.24100050141539753,-0.21077479422092438
0.1822784882557543,0.24100050141539753,-0.22778308391571045
0.18607595676108252,0.24100050141539753,-0.24181221425533295
0.18987342526641074,0.24100050141539753,-0.2526732087135315
0.19367089377173893,0.24100050141539753,-0.260221004486084
0.19746836227706716,0.24100050141539753,-0.264356791973114
0.20126583078239538,0.24100050141539753,-0.2650296092033386
0.2050632992877236,0.24100050141539753,-0.26223665475845337
0.2088607677930518,0.24100050141539753,-0.2560238242149353
0.21265823629838002,0.24100050141539753,-0.2464846968650818
0.21645570480370824,0.24100050141539753,-0.23375971615314484
0.22025317330903646,0.24100050141539753,-0.21803350746631622
0.22405064181436465,0.24100050141539753,-0.19953316450119019
0.22784811031969288,0.24100050141539753,-0.17852433025836945
0.2316455788250211,0.24100050141539753,-0.1553080976009369
0.23544304733034932,0.24100050141539753,-0.13021616637706757
0.23924051583567751,0.24100050141539753,-0.10360660403966904
0.24303798434100574,0.24100050141539753,0.01111019216477871
0.24683545284633396,0.24100050141539753,0.01404978521168232
0.25063292135166215,0.24100050141539753,0.017076613381505013
0.2544303898569904,0.24100050141539753,0.020152319222688675
0.2582278583623186,0.24100050141539753,0.023236582055687904
0.2620253268676468,0.24100050141539753,0.04670621454715729
0.26582279537297504,0.24100050141539753,0.06251570582389832
0.26962026387830323,0.24100050141539753,0.0774604082107544
0.27341773238363143,0.24100050141539753,0.09132055193185806
0.2772152008889597,0.24100050141539753,0.10389072448015213
0.2810126693942879,0.24100050141539753,0.11498238891363144
0.2848101378996161,0.24100050141539753,0.12442726641893387
0.2886076064049443,0.24100050141539753,0.13207969069480896
0.2924050749102725,0.24100050141539753,0.13781850039958954
0.29620254341560076,0.24100050141539753,0.14154893159866333
0.30000001192092896,0.24100050141539753,0.1432044506072998
0.0,0.25305052648616744,-0.017429467290639877
0.0037974685053282146,0.25305052648616744,-0.015906058251857758
0.007594937010656429,0.25305052648616744,-0.014338170178234577
0.011392405515984643,0.25305052648616744,-0.012740463018417358
0.015189874021312859,0.25305052648616744,-0.1782112866640091
0.018987342526641072,0.25305052648616744,-0.1634524017572403
0.022784811031969287,0.25305052648616744,-0.14588500559329987
0.026582279537297502,0.25305052648616744,-0.1257639229297638
0.030379748042625717,0.25305052648616744,-0.10338139533996582
0.03417721654795393,0.25305052648616744,-0.07906271517276764
0.037974685053282144,0.25305052648616744,-0.05316169932484627
0.04177215355861036,0.25305052648616744,-0.027225669473409653
0.045569622063938574,0.25305052648616744,0.0006338544189929962
0.04936709056926679,0.25305052648616744,0.028906144201755524
0.053164559074595004,0.25305052648616744,0.05717725306749344
0.05696202757992322,0.25305052648616744,0.08503228425979614
0.060759496085251434,0.25305052648616744,0.11206160485744476
0.06455696459057965,0.25305052648616744,0.13786660134792328
0.06835443309590786,0.25305052648616744,0.16206547617912292
0.07215190160123608,0.25305052648616744,0.18429841101169586
0.07594937010656429,0.25305052648616744,0.20423322916030884
0.07974683861189251,0.25305052648616744,0.22156977653503418
0.08354430711722072,0.25305052648616744,0.23604436218738556
0.08734177562254894,0.25305052648616744,0.24743354320526123
0.09113924412787715,0.25305052648616744,0.2555573582649231
0.09493671263320537,0.25305052648616744,0.2602819502353668
0.09873418113853358,0.25305052648616744,0.26152151823043823
0.1025316496438618,0.25305052648616744,0.25923964381217957
0.10632911814919001,0.25305052648616744,0.25344958901405334
0.11012658665451823,0.25305052648616744,0.24421453475952148
0.11392405515984644,0.25305052648616744,0.23164652287960052
0.11772152366517466,0.25305052648616744,0.21590489149093628
0.12151899217050287,0.25305052648616744,0.19719408452510834
0.12531646067583108,0.25305052648616744,0.17576093971729279
0.1291139291811593,0.25305052648616744,0.15189094841480255
0.13291139768648752,0.25305052648616744,0.12590433657169342
0.13670886619181571,0.25305052648616744,0.09815189242362976
0.14050633469714394,0.25305052648616744,0.06900935620069504
0.14430380320247216,0.25305052648616744,0.03887297958135605
0.14810127170780038,0.25305052648616744,0.008152667433023453
0.15189874021312857,0.25305052648616744,-0.022732283920049667
0.1556962087184568,0.25305052648616744,-0.053360432386398315
0.15949367722378502,0.25305052648616744,-0.08331302553415298
0.16329114572911324,0.25305052648616744,-0.11218136548995972
0.16708861423444143,0.25305052648616744,-0.13957087695598602
0.17088608273976966,0.25305052648616744,-0.16510820388793945
0.17468355124509788,0.25305052648616744,-0.18844537436962128
0.1784810197504261,0.25305052648616744,-0.20926542580127716
0.1822784882557543,0.25305052648616744,-0.22728687524795532
0.18607595676108252,0.25305052648616744,-0.24226714670658112
0.18987342526641074,0.25305052648616744,-0.25400668382644653
0.19367089377173893,0.25305052648616744,-0.2623513340950012
0.19746836227706716,0.25305052648616744,-0.26719462871551514
0.20126583078239538,0.25305052648616744,-0.268479585647583
0.2050632992877236,0.25305052648616744,-0.266198992729187
0.2088607677930518,0.25305052648616744,-0.26039600372314453
0.21265823629838002,0.25305052648616744,-0.25116318464279175
0.21645570480370824,0.25305052648616744,-0.23864157497882843
0.22025317330903646,0.25305052648616744,-0.22301802039146423
0.22405064181436465,0.25305052648616744,-0.20452335476875305
0.22784811031969288,0.25305052648616744,-0.18342851102352142
0.2316455788250211,0.25305052648616744,-0.16004109382629395
0.23544304733034932,0.25305052648616744,-0.13470064103603363
0.23924051583567751,0.25305052648616744,-0.10777400434017181
0.24303798434100574,0.25305052648616744,-0.07965002954006195
0.24683545284633396,0.25305052648616744,0.017428072169423103
0.25063292135166215,0.25305052648616744,0.020458878949284554
0.2544303898569904,0.25305052648616744,0.02353482134640217
0.2582278583623186,0.25305052648616744,0.03207012638449669
0.2620253268676468,0.25305052648616744,0.048683762550354004
0.26582279537297504,0.25305052648616744,0.06465018540620804
0.26962026387830323,0.25305052648616744,0.07973263412714005
0.27341773238363143,0.25305052648616744,0.09370559453964233
0.2772152008889597,0.25305052648616744,0.10635843127965927
0.2810126693942879,0.25305052648616744,0.11749803274869919
0.2848101378996161,0.25305052648616744,0.12695220112800598
0.2886076064049443,0.25305052648616744,0.1345721036195755
0.2924050749102725,0.25305052648616744,0.14023426175117493
0.29620254341560076,0.25305052648616744,0.1438423991203308
0.30000001192092896,0.25305052648616744,0.14532947540283203
0.0,0.2651005515569373,-0.01949659176170826
0.0037974685053282146,0.2651005515569373,-0.01798120327293873
0.007594937010656429,0.2651005515569373,-0.01640835776925087
0.011392405515984643,0.2651005515569373,-0.014792881906032562
0.015189874021312859,0.2651005515569373,-0.19764883816242218
0.018987342526641072,0.2651005515569373,-0.1820412129163742
0.022784811031969287,0.2651005515569373,-0.16345621645450592
0.026582279537297502,0.2651005515569373,-0.1421602964401245
0.030379748042625717,0.2651005515569373,-0.11845913529396057
0.03417721654795393,0.2651005515569373,-0.09269295632839203
0.037974685053282144,0.2651005515569373,-0.06523197144269943
0.04177215355861036,0.2651005515569373,-0.03762824460864067
0.045569622063938574,0.2651005515569373,-0.008036034181714058
0.04936709056926679,0.2651005515569373,0.02202608436346054
0.053164559074595004,0.2651005515569373,0.05212441831827164
0.05696202757992322,0.2651005515569373,0.08182407170534134
0.060759496085251434,0.2651005515569373,0.11069542914628983
0.06455696459057965,0.2651005515569373,0.13832011818885803
0.06835443309590786,0.2651005515569373,0.16429708898067474
0.07215190160123608,0.2651005515569373,0.18824802339076996
0.07594937010656429,0.2651005515569373,0.20982320606708527
0.07974683861189251,0.2651005515569373,0.2287059724330902
0.08354430711722072,0.2651005515569373,0.24461765587329865
0.08734177562254894,0.2651005515569373,0.2573212683200836
0.09113924412787715,0.2651005515569373,0.26662498712539673
0.09493671263320537,0.2651005515569373,0.27238497138023376
0.09873418113853358,0.2651005515569373,0.27450716495513916
0.1025316496438618,0.2651005515569373,0.27294909954071045
0.10632911814919001,0.2651005515569373,0.26771992444992065
0.11012658665451823,0.2651005515569373,0.25888076424598694
0.11392405515984644,0.2651005515569373,0.24654367566108704
0.11772152366517466,0.2651005515569373,0.23087003827095032
0.12151899217050287,0.2651005515569373,0.21206828951835632
0.12531646067583108,0.2651005515569373,0.1903911679983139
0.1291139291811593,0.2651005515569373,0.166131854057312
0.13291139768648752,0.2651005515569373,0.1396198272705078
0.13670886619181571,0.2651005515569373,0.1112167090177536
0.14050633469714394,0.2651005515569373,0.08131035417318344
0.14430380320247216,0.2651005515569373,0.05031026899814606
0.14810127170780038,0.2651005515569373,0.018640534952282906
0.15189874021312857,0.2651005515569373,-0.013264627195894718
0.1556962087184568,0.2651005515569373,-0.044968366622924805
0.15949367722378502,0.2651005515569373,-0.07603619992733002
0.16329114572911324,0.2651005515569373,-0.10604365915060043
0.16708861423444143,0.2651005515569373,-0.1345805674791336
0.17088608273976966,0.2651005515569373,-0.1612582802772522
0.17468355124509788,0.2651005515569373,-0.18571414053440094
0.1784810197504261,0.2651005515569373,-0.20761726796627045
0.1822784882557543,0.2651005515569373,-0.22667324542999268
0.18607595676108252,0.2651005515569373,-0.24262762069702148
0.18987342526641074,0.2651005515569373,-0.25527021288871765
0.19367089377173893,0.2651005515569373,-0.2644376754760742
0.19746836227706716,0.2651005515569373,-0.2700158655643463
0.20126583078239538,0.2651005515569373,-0.27194157242774963
0.2050632992877236,0.2651005515569373,-0.2702031433582306
0.2088607677930518,0.2651005515569373,-0.2648408114910126
0.21265823629838002,0.2651005515569373,-0.25594592094421387
0.21645570480370824,0.2651005515569373,-0.24366001784801483
0.22025317330903646,0.2651005515569373,-0.22817197442054749
0.22405064181436465,0.2651005515569373,-0.20971623063087463
0.22784811031969288,0.2651005515569373,-0.18856872618198395
0.2316455788250211,0.2651005515569373,-0.165043443441391
0.23544304733034932,0.2651005515569373,-0.13948750495910645
0.23924051583567751,0.2651005515569373,-0.11227640509605408
0.24303798434100574,0.2651005515569373,-0.0838085263967514
0.24683545284633396,0.2651005515569373,0.02053692936897278
0.25063292135166215,0.2651005515569373,0.02355659008026123
0.2544303898569904,0.2651005515569373,0.02661772444844246
0.2582278583623186,0.2651005515569373,0.03353595361113548
0.2620253268676468,0.2651005515569373,0.05029508098959923
0.26582279537297504,0.2651005515569373,0.06639447808265686
0.26962026387830323,0.2651005515569373,0.08159138262271881
0.27341773238363143,0.2651005515569373,0.09565473347902298
0.2772152008889597,0.2651005515569373,0.1083688884973526
0.2810126693942879,0.2651005515569373,0.11953625082969666
0.2848101378996161,0.2651005515569373,0.12898091971874237
0.2886076064049443,0.2651005515569373,0.13655105233192444
0.2924050749102725,0.2651005515569373,0.14212100207805634
0.29620254341560076,0.2651005515569373,0.14559319615364075
0.30000001192092896,0.2651005515569373,0.03530404344201088
0.0,0.27715057662770715,-0.018396344035863876
0.0037974685053282146,0.27715057662770715,-0.01837855949997902
0.007594937010656429,0.27715057662770715,-0.01832526922225952
0.011392405515984643,0.27715057662770715,-0.018236668780446053
0.015189874021312859,0.27715057662770715,-0.01811308041214943
0.018987342526641072,0.27715057662770715,-0.0995258316397667
0.022784811031969287,0.27715057662770715,-0.082099549472332
0.026582279537297502,0.27715057662770715,-0.06323835998773575
0.030379748042625717,0.27715057662770715,-0.04318308085203171
0.03417721654795393,0.27715057662770715,-0.022192498669028282
0.037974685053282144,0.27715057662770715,-0.0005398155190050602
0.04177215355861036,0.27715057662770715,-0.016319317743182182
0.045569622063938574,0.27715057662770715,-0.01594047248363495
0.04936709056926679,0.27715057662770715,-0.015533998608589172
0.053164559074595004,0.27715057662770715,-0.015100996941328049
0.05696202757992322,0.27715057662770715,-0.014642571099102497
0.060759496085251434,0.27715057662770715,-0.01415981538593769
0.06455696459057965,0.27715057662770715,0.13898414373397827
0.06835443309590786,0.27715057662770715,0.16673676669597626
0.07215190160123608,0.27715057662770715,0.1924036592245102
0.07594937010656429,0.27715057662770715,0.21561752259731293
0.07974683861189251,0.27715057662770715,0.23604537546634674
0.08354430711722072,0.27715057662770715,0.2533934414386749
0.08734177562254894,0.27715057662770715,0.2674112617969513
0.09113924412787715,0.27715057662770715,0.27789509296417236
0.09493671263320537,0.27715057662770715,0.2846910357475281
0.09873418113853358,0.27715057662770715,0.28769686818122864
0.1025316496438618,0.27715057662770715,0.28686389327049255
0.10632911814919001,0.27715057662770715,0.28219714760780334
0.11012658665451823,0.27715057662770715,0.2737555503845215
0.11392405515984644,0.27715057662770715,0.26165109872817993
0.11772152366517466,0.27715057662770715,0.24604712426662445
0.12151899217050287,0.27715057662770715,0.22715595364570618
0.12531646067583108,0.27715057662770715,0.20523609220981598
0.1291139291811593,0.27715057662770715,0.1805882304906845
0.13291139768648752,0.27715057662770715,-0.0013997480273246765
0.13670886619181571,0.27715057662770715,-0.0005639940500259399
0.14050633469714394,0.27715057662770715,0.00028813979588449
0.14430380320247216,0.27715057662770715,0.0011567329056560993
0.14810127170780038,0.27715057662770715,0.0020418157801032066
0.15189874021312857,0.27715057662770715,0.0029433330055326223
0.1556962087184568,0.27715057662770715,0.003861138131469488
0.15949367722378502,0.27715057662770715,0.004794970154762268
0.16329114572911324,0.27715057662770715,0.005744447000324726
0.16708861423444143,0.27715057662770715,0.006709028966724873
0.17088608273976966,0.27715057662770715,-0.15725015103816986
0.17468355124509788,0.27715057662770715,-0.18283896148204803
0.1784810197504261,0.27715057662770715,-0.2058413028717041
0.1822784882557543,0.27715057662770715,-0.22594976425170898
0.18607595676108252,0.27715057662770715,-0.24289804697036743
0.18987342526641074,0.27715057662770715,-0.2564654052257538
0.19367089377173893,0.27715057662770715,-0.2664791941642761
0.19746836227706716,0.27715057662770715,-0.2728174924850464
0.20126583078239538,0.27715057662770715,-0.27541086077690125
0.2050632992877236,0.27715057662770715,-0.274243026971817
0.2088607677930518,0.27715057662770715,-0.26935121417045593
0.21265823629838002,0.27715057662770715,-0.2608254551887512
0.21645570480370824,0.27715057662770715,-0.24880751967430115
0.22025317330903646,0.27715057662770715,-0.23348820209503174
0.22405064181436465,0.27715057662770715,-0.21510528028011322
0.22784811031969288,0.27715057662770715,0.023045776411890984
0.2316455788250211,0.27715057662770715,0.02400507777929306
0.23544304733034932,0.27715057662770715,0.024938596412539482
0.23924051583567751,0.27715057662770715,0.02584279328584671
0.24303798434100574,0.27715057662770715,0.026714105159044266
0.24683545284633396,0.27715057662770715,0.027549009770154953
0.25063292135166215,0.27715057662770715,0.02834402769804001
0.2544303898569904,0.27715057662770715,0.02909577079117298
0.2582278583623186,0.27715057662770715,0.02980095148086548
0.2620253268676468,0.27715057662770715,0.030456433072686195
0.26582279537297504,0.27715057662770715,0.03105923905968666
0.26962026387830323,0.27715057662770715,0.03160657733678818
0.27341773238363143,0.27715057662770715,0.137281134724617
0.2772152008889597,0.27715057662770715,0.15862445533275604
0.2810126693942879,0.27715057662770715,0.17724040150642395
0.2848101378996161,0.27715057662770715,0.19285722076892853
0.2886076064049443,0.27715057662770715,0.03667319193482399
0.2924050749102725,0.27715057662770715,0.036990705877542496
0.29620254341560076,0.27715057662770715,0.03718652203679085
0.30000001192092896,0.27715057662770715,0.037253238260746
0.0,0.28920060169847706,-0.019748972728848457
0.0037974685053282146,0.28920060169847706,-0.019726566970348358
0.007594937010656429,0.28920060169847706,-0.01965945027768612
0.011392405515984643,0.28920060169847706,-0.019547926262021065
0.015189874021312859,0.28920060169847706,-0.019392499700188637
0.018987342526641072,0.28920060169847706,-0.11162023991346359
0.022784811031969287,0.28920060169847706,-0.09367462247610092
0.026582279537297502,0.28920060169847706,-0.07419281452894211
0.030379748042625717,0.28920060169847706,-0.05342350900173187
0.03417721654795393,0.28920060169847706,-0.03163439780473709
0.037974685053282144,0.28920060169847706,-0.009108474478125572
0.04177215355861036,0.28920060169847706,-0.017155049368739128
0.045569622063938574,0.28920060169847706,-0.016687097027897835
0.04936709056926679,0.28920060169847706,-0.016186879947781563
0.053164559074595004,0.28920060169847706,-0.015656178817152977
0.05696202757992322,0.28920060169847706,-0.015096796676516533
0.060759496085251434,0.28920060169847706,0.10862375795841217
0.06455696459057965,0.28920060169847706,0.139871746301651
0.06835443309590786,0.28920060169847706,0.16939009726047516
0.07215190160123608,0.28920060169847706,0.19676361978054047
0.07594937010656429,0.28920060169847706,0.22160758078098297
0.07974683861189251,0.28920060169847706,0.24357269704341888
0.08354430711722072,0.28920060169847706,0.2623502314090729
0.08734177562254894,0.28920060169847706,0.27767622470855713
0.09113924412787715,0.28920060169847706,0.2893350422382355
0.09493671263320537,0.28920060169847706,0.2971627712249756
0.09873418113853358,0.28920060169847706,0.30104902386665344
0.1025316496438618,0.28920060169847706,0.30093884468078613
0.10632911814919001,0.28920060169847706,-0.005954073276370764
0.11012658665451823,0.28920060169847706,0.2887882888317108
0.11392405515984644,0.28920060169847706,0.2769164443016052
0.11772152366517466,0.28920060169847706,0.26138272881507874
0.12151899217050287,0.28920060169847706,0.24240313470363617
0.12531646067583108,0.28920060169847706,0.22024181485176086
0.1291139291811593,0.28920060169847706,0.19520686566829681
0.13291139768648752,0.28920060169847706,0.16764594614505768
0.13670886619181571,0.28920060169847706,0.0007735663093626499
0.14050633469714394,0.28920060169847706,0.0016632615588605404
0.14430380320247216,0.28920060169847706,0.002564463298767805
0.14810127170780038,0.28920060169847706,0.0034774132072925568
0.15189874021312857,0.28920060169847706,0.004402304068207741
0.1556962087184568,0.28920060169847706,0.005339265801012516
0.15949367722378502,0.28920060169847706,0.006288342177867889
0.16329114572911324,0.28920060169847706,0.0072494689375162125
0.16708861423444143,0.28920060169847706,-0.12411365658044815
0.17088608273976966,0.28920060169847706,-0.15310578048229218
0.17468355124509788,0.28920060169847706,-0.179838165640831
0.1784810197504261,0.28920060169847706,-0.20395222306251526
0.1822784882557543,0.28920060169847706,-0.22512774169445038
0.18607595676108252,0.28920060169847706,-0.24308659136295319
0.18987342526641074,0.28920060169847706,-0.2575974464416504
0.19367089377173893,0.28920060169847706,-0.2684783637523651
0.19746836227706716,0.28920060169847706,-0.2755995988845825
0.20126583078239538,0.28920060169847706,-0.27888551354408264
0.2050632992877236,0.28920060169847706,-0.2783149778842926
0.2088607677930518,0.28920060169847706,-0.2739222049713135
0.21265823629838002,0.28920060169847706,-0.2657957077026367
0.21645570480370824,0.28920060169847706,-0.25407734513282776
0.22025317330903646,0.28920060169847706,-0.2389596402645111
0.22405064181436465,0.28920060169847706,-0.2206835150718689
0.22784811031969288,0.28920060169847706,-0.1995343118906021
0.2316455788250211,0.28920060169847706,-0.17583808302879333
0.23544304733034932,0.28920060169847706,-0.1499563753604889
0.23924051583567751,0.28920060169847706,0.027305232360959053
0.24303798434100574,0.28920060169847706,0.028176626190543175
0.24683545284633396,0.28920060169847706,0.029012273997068405
0.25063292135166215,0.28920060169847706,0.02980862557888031
0.2544303898569904,0.28920060169847706,0.030562207102775574
0.2582278583623186,0.28920060169847706,0.031269632279872894
0.2620253268676468,0.28920060169847706,0.03192765265703201
0.26582279537297504,0.28920060169847706,0.08518217504024506
0.26962026387830323,0.28920060169847706,0.11140991002321243
0.27341773238363143,0.28920060169847706,0.13554681837558746
0.2772152008889597,0.28920060169847706,0.1572370082139969
0.2810126693942879,0.28920060169847706,0.17616014182567596
0.2848101378996161,0.28920060169847706,0.19203737378120422
0.2886076064049443,0.28920060169847706,0.03829798102378845
0.2924050749102725,0.28920060169847706,0.03856147825717926
0.29620254341560076,0.28920060169847706,0.03870106860995293
0.30000001192092896,0.28920060169847706,0.038709577172994614
0.0,0.3012506267692469,-0.020842477679252625
0.0037974685053282146,0.3012506267692469,-0.020815854892134666
0.007594937010656429,0.3012506267692469,-0.020736120641231537
0.011392405515984643,0.3012506267692469,-0.02060367912054062
0.015189874021312859,0.3012506267692469,-0.020419199019670486
0.018987342526641072,0.3012506267692469,-0.12348995357751846
0.022784811031969287,0.3012506267692469,-0.10505731403827667
0.026582279537297502,0.3012506267692469,-0.08498719334602356
0.030379748042625717,0.3012506267692469,-0.06353595107793808
0.03417721654795393,0.3012506267692469,-0.040979836136102676
0.037974685053282144,0.3012506267692469,-0.017611442133784294
0.04177215355861036,0.3012506267692469,0.006264383438974619
0.045569622063938574,0.3012506267692469,-0.017227772623300552
0.04936709056926679,0.3012506267692469,-0.016642102971673012
0.053164559074595004,0.3012506267692469,-0.016022374853491783
0.05696202757992322,0.3012506267692469,0.07360885292291641
0.060759496085251434,0.3012506267692469,0.1079573780298233
0.06455696459057965,0.3012506267692469,0.14099432528018951
0.06835443309590786,0.3012506267692469,0.17226147651672363
0.07215190160123608,0.3012506267692469,0.201325461268425
0.07594937010656429,0.3012506267692469,0.22778432071208954
0.07974683861189251,0.3012506267692469,0.2512725591659546
0.08354430711722072,0.3012506267692469,0.27146661281585693
0.08734177562254894,0.3012506267692469,0.28808915615081787
0.09113924412787715,0.3012506267692469,0.3009127378463745
0.09493671263320537,0.3012506267692469,0.30976349115371704
0.09873418113853358,0.3012506267692469,-0.006780591793358326
0.1025316496438618,0.3012506267692469,-0.005920455791056156
0.10632911814919001,0.3012506267692469,-0.005053162109106779
0.11012658665451823,0.3012506267692469,-0.004179463721811771
0.11392405515984644,0.3012506267692469,0.2922879755496979
0.11772152366517466,0.3012506267692469,0.2768236994743347
0.12151899217050287,0.3012506267692469,0.25775593519210815
0.12531646067583108,0.3012506267692469,0.23535427451133728
0.1291139291811593,0.3012506267692469,0.20993399620056152
0.13291139768648752,0.3012506267692469,0.1818515658378601
0.13670886619181571,0.3012506267692469,0.15150003135204315
0.14050633469714394,0.3012506267692469,0.003006650833413005
0.14430380320247216,0.3012506267692469,0.08570742607116699
0.14810127170780038,0.3012506267692469,0.05118023604154587
0.15189874021312857,0.3012506267692469,0.016198966652154922
0.1556962087184568,0.3012506267692469,-0.018754245713353157
0.15949367722378502,0.3012506267692469,-0.05319865047931671
0.16329114572911324,0.3012506267692469,-0.08666335791349411
0.16708861423444143,0.3012506267692469,-0.11869201064109802
0.17088608273976966,0.3012506267692469,-0.1488509178161621
0.17468355124509788,0.3012506267692469,-0.17673391103744507
0.1784810197504261,0.3012506267692469,-0.20196877419948578
0.1822784882557543,0.3012506267692469,-0.22422251105308533
0.18607595676108252,0.3012506267692469,-0.24320530891418457
0.18987342526641074,0.3012506267692469,-0.2586752474308014
0.19367089377173893,0.3012506267692469,0.016629736870527267
0.19746836227706716,0.3012506267692469,0.017649570479989052
0.20126583078239538,0.3012506267692469,0.018670355901122093
0.2050632992877236,0.3012506267692469,0.019690126180648804
0.2088607677930518,0.3012506267692469,-0.27855080366134644
0.21265823629838002,0.3012506267692469,-0.2708521783351898
0.21645570480370824,0.3012506267692469,-0.2594638168811798
0.22025317330903646,0.3012506267692469,-0.24457964301109314
0.22405064181436465,0.3012506267692469,-0.22644363343715668
0.22784811031969288,0.3012506267692469,-0.20534539222717285
0.2316455788250211,0.3012506267692469,-0.1816166788339615
0.23544304733034932,0.3012506267692469,-0.15562574565410614
0.23924051583567751,0.3012506267692469,-0.1277724653482437
0.24303798434100574,0.3012506267692469,-0.0984821692109108
0.24683545284633396,0.3012506267692469,-0.06820013374090195
0.25063292135166215,0.3012506267692469,-0.03738412633538246
0.2544303898569904,0.3012506267692469,-0.00649850070476532
0.2582278583623186,0.3012506267692469,0.02399286814033985
0.2620253268676468,0.3012506267692469,0.053794652223587036
0.26582279537297504,0.3012506267692469,0.08211095631122589
0.26962026387830323,0.3012506267692469,0.1087130755186081
0.27341773238363143,0.3012506267692469,0.13320417702198029
0.2772152008889597,0.3012506267692469,0.15521959960460663
0.2810126693942879,0.3012506267692469,0.1744312196969986
0.2848101378996161,0.3012506267692469,0.19055333733558655
0.2886076064049443,0.3012506267692469,0.0394110307097435
0.2924050749102725,0.3012506267692469,0.03961740806698799
0.29620254341560076,0.3012506267692469,0.039698921144008636
0.30000001192092896,0.3012506267692469,0.03964865580201149
0.0,0.3133006518400168,-0.02166455239057541
0.0037974685053282146,0.3133006518400168,-0.021634144708514214
0.007594937010656429,0.3133006518400168,-0.021543094888329506
0.011392405515984643,0.3133006518400168,-0.021391889080405235
0.015189874021312859,0.3133006518400168,-0.021181344985961914
0.018987342526641072,0.3133006518400168,-0.13507094979286194
0.022784811031969287,0.3133006518400168,-0.11618350446224213
0.026582279537297502,0.3133006518400168,-0.09555786103010178
0.030379748042625717,0.3133006518400168,-0.07345762103796005
0.03417721654795393,0.3133006518400168,-0.05016740411520004
0.037974685053282144,0.3133006518400168,-0.02598901093006134
0.04177215355861036,0.3133006518400168,-0.0012373668141663074
0.045569622063938574,0.3133006518400168,-0.01755419187247753
0.04936709056926679,0.3133006518400168,-0.016891982406377792
0.053164559074595004,0.3133006518400168,-0.016192547976970673
0.05696202757992322,0.3133006518400168,0.07142561674118042
0.060759496085251434,0.3133006518400168,0.10755974054336548
0.06455696459057965,0.3133006518400168,0.14236143231391907
0.06835443309590786,0.3133006518400168,0.17535388469696045
0.07215190160123608,0.3133006518400168,0.20608577132225037
0.07594937010656429,0.3133006518400168,0.23413808643817902
0.07974683861189251,0.3133006518400168,0.2591293752193451
0.08354430711722072,0.3133006518400168,0.28072136640548706
0.08734177562254894,0.3133006518400168,0.2986234724521637
0.09113924412787715,0.3133006518400168,-0.0078051392920315266
0.09493671263320537,0.3133006518400168,-0.006886480841785669
0.09873418113853358,0.3133006518400168,-0.005962077993899584
0.1025316496438618,0.3133006518400168,-0.00503345113247633
0.10632911814919001,0.3133006518400168,-0.004101895727217197
0.11012658665451823,0.3133006518400168,-0.0031684688292443752
0.11392405515984644,0.3133006518400168,0.30771422386169434
0.11772152366517466,0.3133006518400168,0.2923171818256378
0.12151899217050287,0.3133006518400168,0.27316054701805115
0.12531646067583108,0.3133006518400168,0.25051915645599365
0.1291139291811593,0.3133006518400168,0.22471539676189423
0.13291139768648752,0.3133006518400168,0.1961142122745514
0.13670886619181571,0.3133006518400168,0.16511878371238708
0.14050633469714394,0.3133006518400168,0.13216350972652435
0.14430380320247216,0.3133006518400168,0.09770919382572174
0.14810127170780038,0.3133006518400168,0.06223472207784653
0.15189874021312857,0.3133006518400168,0.026232222095131874
0.1556962087184568,0.3133006518400168,-0.009801581501960754
0.15949367722378502,0.3133006518400168,-0.045370981097221375
0.16329114572911324,0.3133006518400168,-0.07999007403850555
0.16708861423444143,0.3133006518400168,-0.11318754404783249
0.17088608273976966,0.3133006518400168,-0.1445150524377823
0.17468355124509788,0.3133006518400168,-0.17355230450630188
0.1784810197504261,0.3133006518400168,-0.19991359114646912
0.1822784882557543,0.3133006518400168,-0.22325332462787628
0.18607595676108252,0.3133006518400168,-0.24327009916305542
0.18987342526641074,0.3133006518400168,0.016756989061832428
0.19367089377173893,0.3133006518400168,0.01774141564965248
0.19746836227706716,0.3133006518400168,0.01872718706727028
0.20126583078239538,0.3133006518400168,0.019712911918759346
0.2050632992877236,0.3133006518400168,0.020696932449936867
0.2088607677930518,0.3133006518400168,0.021677350625395775
0.21265823629838002,0.3133006518400168,-0.275991827249527
0.21645570480370824,0.3133006518400168,-0.26496198773384094
0.22025317330903646,0.3133006518400168,-0.2503417134284973
0.22405064181436465,0.3133006518400168,-0.2323777824640274
0.22784811031969288,0.3133006518400168,-0.21136386692523956
0.2316455788250211,0.3133006518400168,-0.18763703107833862
0.23544304733034932,0.3133006518400168,-0.16157208383083344
0.23924051583567751,0.3133006518400168,-0.13357636332511902
0.24303798434100574,0.3133006518400168,-0.1040835902094841
0.24683545284633396,0.3133006518400168,-0.07354811578989029
0.25063292135166215,0.3133006518400168,-0.04243727773427963
0.2544303898569904,0.3133006518400168,-0.01122543029487133
0.2582278583623186,0.3133006518400168,0.019613435491919518
0.2620253268676468,0.3133006518400168,0.04981965944170952
0.26582279537297504,0.3133006518400168,0.07849185168743134
0.26962026387830323,0.3133006518400168,0.10544119775295258
0.27341773238363143,0.3133006518400168,0.13026176393032074
0.2772152008889597,0.3133006518400168,0.15258048474788666
0.2810126693942879,0.3133006518400168,0.17206162214279175
0.2848101378996161,0.3133006518400168,0.18841281533241272
0.2886076064049443,0.3133006518400168,0.039991747587919235
0.2924050749102725,0.3133006518400168,0.04013889655470848
0.29620254341560076,0.3133006518400168,0.040161535143852234
0.30000001192092896,0.3133006518400168,0.04005301371216774
0.0,0.3253506769107867,-0.02220635674893856
0.0037974685053282146,0.3253506769107867,-0.022172626107931137
0.007594937010656429,0.3253506769107867,-0.022071629762649536
0.011392405515984643,0.3253506769107867,-0.02190393954515457
0.015189874021312859,0.3253506769107867,-0.28910204768180847
0.018987342526641072,0.3253506769107867,-0.2693184018135071
0.022784811031969287,0.3253506769107867,-0.2457342892885208
0.026582279537297502,0.3253506769107867,-0.21867302060127258
0.030379748042625717,0.3253506769107867,-0.18850558996200562
0.03417721654795393,0.3253506769107867,-0.059139352291822433
0.037974685053282144,0.3253506769107867,-0.034184716641902924
0.04177215355861036,0.3253506769107867,-0.0085906982421875
0.045569622063938574,0.3253506769107867,-0.047026004642248154
0.04936709056926679,0.3253506769107867,-0.008209522813558578
0.053164559074595004,0.3253506769107867,0.03082849085330963
0.05696202757992322,0.3253506769107867,0.06955559551715851
0.060759496085251434,0.3253506769107867,0.1074446365237236
0.06455696459057965,0.3253506769107867,0.14398083090782166
0.06835443309590786,0.3253506769107867,0.1786690354347229
0.07215190160123608,0.3253506769107867,0.21104030311107635
0.07594937010656429,0.3253506769107867,0.24065881967544556
0.07974683861189251,0.3253506769107867,0.2671274244785309
0.08354430711722072,0.3253506769107867,0.29009339213371277
0.08734177562254894,0.3253506769107867,-0.00802310835570097
0.09113924412787715,0.3253506769107867,-0.007044233847409487
0.09493671263320537,0.3253506769107867,-0.0060608237981796265
0.09873418113853358,0.3253506769107867,-0.005075050517916679
0.1025316496438618,0.3253506769107867,-0.004088815301656723
0.10632911814919001,0.3253506769107867,-0.0031037544831633568
0.11012658665451823,0.3253506769107867,-0.0021212322171777487
0.11392405515984644,0.3253506769107867,0.32314491271972656
0.11772152366517466,0.3253506769107867,0.3078111708164215
0.12151899217050287,0.3253506769107867,0.28856372833251953
0.12531646067583108,0.3253506769107867,0.2656826078891754
0.1291139291811593,0.3253506769107867,0.2394968718290329
0.13291139768648752,0.3253506769107867,0.2103799283504486
0.13670886619181571,0.3253506769107867,0.17874465882778168
0.14050633469714394,0.3253506769107867,0.14503659307956696
0.14430380320247216,0.3253506769107867,0.10972863435745239
0.14810127170780038,0.3253506769107867,0.07331275939941406
0.15189874021312857,0.3253506769107867,0.03629487007856369
0.1556962087184568,0.3253506769107867,-0.0008140094578266144
0.15949367722378502,0.3253506769107867,-0.03750351443886757
0.16329114572911324,0.3253506769107867,-0.07327301055192947
0.16708861423444143,0.3253506769107867,-0.10763651132583618
0.17088608273976966,0.3253506769107867,-0.14013130962848663
0.17468355124509788,0.3253506769107867,-0.17032316327095032
0.1784810197504261,0.3253506769107867,-0.19781315326690674
0.1822784882557543,0.3253506769107867,0.01582847163081169
0.18607595676108252,0.3253506769107867,0.016764361411333084
0.18987342526641074,0.3253506769107867,0.01770130731165409
0.19367089377173893,0.3253506769107867,0.018638748675584793
0.19746836227706716,0.3253506769107867,0.019575869664549828
0.20126583078239538,0.3253506769107867,0.020511623471975327
0.2050632992877236,0.3253506769107867,0.021444687619805336
0.2088607677930518,0.3253506769107867,0.022373493760824203
0.21265823629838002,0.3253506769107867,0.023296218365430832
0.21645570480370824,0.3253506769107867,0.024210790172219276
0.22025317330903646,0.3253506769107867,-0.2562398612499237
0.22405064181436465,0.3253506769107867,-0.23847785592079163
0.22784811031969288,0.3253506769107867,-0.2175796926021576
0.2316455788250211,0.3253506769107867,-0.19388747215270996
0.23544304733034932,0.3253506769107867,-0.16778218746185303
0.23924051583567751,0.3253506769107867,-0.13967837393283844
0.24303798434100574,0.3253506769107867,0.004839412868022919
0.24683545284633396,0.3253506769107867,0.009650228545069695
0.25063292135166215,0.3253506769107867,0.014448539353907108
0.2544303898569904,0.3253506769107867,0.019177112728357315
0.2582278583623186,0.3253506769107867,0.023780548945069313
0.2620253268676468,0.3253506769107867,0.05125590041279793
0.26582279537297504,0.3253506769107867,0.06791220605373383
0.26962026387830323,0.3253506769107867,0.08358079195022583
0.27341773238363143,0.3253506769107867,0.12673883140087128
0.2772152008889597,0.3253506769107867,0.14933910965919495
0.2810126693942879,0.3253506769107867,0.1690709888935089
0.2848101378996161,0.3253506769107867,0.18563562631607056
0.2886076064049443,0.3253506769107867,0.040026579052209854
0.2924050749102725,0.3253506769107867,0.04011346772313118
0.29620254341560076,0.3253506769107867,0.04007752239704132
0.30000001192092896,0.3253506769107867,0.03991236165165901
0.0,0.33740070198155653,-0.03069641813635826
0.0037974685053282146,0.33740070198155653,-0.028836993500590324
0.007594937010656429,0.33740070198155653,-0.026803430169820786
0.011392405515984643,0.33740070198155653,-0.02461657114326954
0.015189874021312859,0.33740070198155653,-0.30577394366264343
0.018987342526641072,0.33740070198155653,-0.28520554304122925
0.022784811031969287,0.33740070198155653,-0.26067936420440674
0.026582279537297502,0.33740070198155653,-0.2325293868780136
0.030379748042625717,0.33740070198155653,-0.20113903284072876
0.03417721654795393,0.33740070198155653,-0.16693541407585144
0.037974685053282144,0.33740070198155653,-0.1303836852312088
0.04177215355861036,0.33740070198155653,-0.0933368057012558
0.045569622063938574,0.33740070198155653,-0.05365771800279617
0.04936709056926679,0.33740070198155653,-0.013173319399356842
0.053164559074595004,0.33740070198155653,0.027568116784095764
0.05696202757992322,0.33740070198155653,0.06801559031009674
0.060759496085251434,0.33740070198155653,0.10762335360050201
0.06455696459057965,0.33740070198155653,0.14585821330547333
0.06835443309590786,0.33740070198155653,0.1822071373462677
0.07215190160123608,0.33740070198155653,0.21618378162384033
0.07594937010656429,0.33740070198155653,0.24733594059944153
0.07974683861189251,0.33740070198155653,0.27525100111961365
0.08354430711722072,0.33740070198155653,0.2995620667934418
0.08734177562254894,0.33740070198155653,0.3199526071548462
0.09113924412787715,0.33740070198155653,0.3361608684062958
0.09493671263320537,0.33740070198155653,0.3479835093021393
0.09873418113853358,0.33740070198155653,0.3552778661251068
0.1025316496438618,0.33740070198155653,0.35796424746513367
0.10632911814919001,0.33740070198155653,0.35602638125419617
0.11012658665451823,0.33740070198155653,0.3495117425918579
0.11392405515984644,0.33740070198155653,0.33853062987327576
0.11772152366517466,0.33740070198155653,0.32325446605682373
0.12151899217050287,0.33740070198155653,0.3039129376411438
0.12531646067583108,0.33740070198155653,0.2807909846305847
0.1291139291811593,0.33740070198155653,0.2542243003845215
0.13291139768648752,0.33740070198155653,0.22459439933300018
0.13670886619181571,0.33740070198155653,0.192323699593544
0.14050633469714394,0.33740070198155653,0.15786845982074738
0.14430380320247216,0.33740070198155653,0.12171345949172974
0.14810127170780038,0.33740070198155653,0.0843634083867073
0.15189874021312857,0.33740070198155653,0.046337660402059555
0.1556962087184568,0.33740070198155653,0.00816124677658081
0.15949367722378502,0.33740070198155653,-0.029641173779964447
0.16329114572911324,0.33740070198155653,-0.06655454635620117
0.16708861423444143,0.33740070198155653,-0.10207853466272354
0.17088608273976966,0.33740070198155653,-0.13573633134365082
0.17468355124509788,0.33740070198155653,-0.1670800745487213
0.1784810197504261,0.33740070198155653,-0.1956978738307953
0.1822784882557543,0.33740070198155653,-0.22121953964233398
0.18607595676108252,0.33740070198155653,-0.24332086741924286
0.18987342526641074,0.33740070198155653,-0.26172909140586853
0.19367089377173893,0.33740070198155653,-0.27622586488723755
0.19746836227706716,0.33740070198155653,-0.28665032982826233
0.20126583078239538,0.33740070198155653,-0.29290148615837097
0.2050632992877236,0.33740070198155653,-0.29493892192840576
0.2088607677930518,0.33740070198155653,-0.29278355836868286
0.21265823629838002,0.33740070198155653,-0.2865166962146759
0.21645570480370824,0.33740070198155653,-0.27627912163734436
0.22025317330903646,0.33740070198155653,-0.2622681260108948
0.22405064181436465,0.33740070198155653,-0.24473527073860168
0.22784811031969288,0.33740070198155653,-0.22398163378238678
0.2316455788250211,0.33740070198155653,-0.20035427808761597
0.23544304733034932,0.33740070198155653,-0.17424002289772034
0.23924051583567751,0.33740070198155653,-0.1460603028535843
0.24303798434100574,0.33740070198155653,0.0026803109794855118
0.24683545284633396,0.33740070198155653,0.007517438381910324
0.25063292135166215,0.33740070198155653,0.012354528531432152
0.2544303898569904,0.33740070198155653,0.017133602872490883
0.2582278583623186,0.33740070198155653,0.021798422560095787
0.2620253268676468,0.33740070198155653,0.049729812890291214
0.26582279537297504,0.33740070198155653,0.06641310453414917
0.26962026387830323,0.33740070198155653,0.08209937810897827
0.27341773238363143,0.33740070198155653,0.09652509540319443
0.2772152008889597,0.33740070198155653,0.10944540053606033
0.2810126693942879,0.33740070198155653,0.12063709646463394
0.2848101378996161,0.33740070198155653,0.12990297377109528
0.2886076064049443,0.33740070198155653,0.13707444071769714
0.2924050749102725,0.33740070198155653,0.1420140266418457
0.29620254341560076,0.33740070198155653,0.14461739361286163
0.30000001192092896,0.33740070198155653,0.1448156088590622
0.0,0.34945072705232644,-0.03111102059483528
0.0037974685053282146,0.34945072705232644,-0.029322778806090355
0.007594937010656429,0.34945072705232644,-0.027350837364792824
0.011392405515984643,0.34945072705232644,-0.025215735659003258
0.015189874021312859,0.34945072705232644,-0.32174554467201233
0.018987342526641072,0.34945072705232644,-0.30041152238845825
0.022784811031969287,0.34945072705232644,-0.2749660015106201
0.026582279537297502,0.34945072705232644,-0.24575363099575043
0.030379748042625717,0.34945072705232644,-0.21316975355148315
0.03417721654795393,0.34945072705232644,-0.17765498161315918
0.037974685053282144,0.34945072705232644,-0.13968926668167114
0.04177215355861036,0.34945072705232644,-0.10107950121164322
0.045569622063938574,0.34945072705232644,-0.05982464179396629
0.04936709056926679,0.34945072705232644,-0.01771196722984314
0.053164559074595004,0.34945072705232644,0.024692345410585403
0.05696202757992322,0.34945072705232644,0.06681913882493973
0.060759496085251434,0.34945072705232644,0.10810450464487076
0.06455696459057965,0.34945072705232644,0.14799727499485016
0.06835443309590786,0.34945072705232644,0.1859668642282486
0.07215190160123608,0.34945072705232644,0.22151002287864685
0.07594937010656429,0.34945072705232644,0.2541583478450775
0.07974683861189251,0.34945072705232644,0.2834842801094055
0.08354430711722072,0.34945072705232644,0.30910688638687134
0.08734177562254894,0.34945072705232644,0.3306972086429596
0.09113924412787715,0.34945072705232644,0.3479822874069214
0.09493671263320537,0.34945072705232644,0.36074933409690857
0.09873418113853358,0.34945072705232644,0.3688480257987976
0.1025316496438618,0.34945072705232644,0.37219247221946716
0.10632911814919001,0.34945072705232644,0.37076234817504883
0.11012658665451823,0.34945072705232644,0.3646026849746704
0.11392405515984644,0.34945072705232644,0.35382336378097534
0.11772152366517466,0.34945072705232644,0.33859702944755554
0.12151899217050287,0.34945072705232644,0.3191564679145813
0.12531646067583108,0.34945072705232644,0.2957913875579834
0.1291139291811593,0.34945072705232644,0.2688438892364502
0.13291139768648752,0.34945072705232644,0.2387033849954605
0.13670886619181571,0.34945072705232644,0.20580151677131653
0.14050633469714394,0.34945072705232644,0.17060500383377075
0.14430380320247216,0.34945072705232644,0.13361021876335144
0.14810127170780038,0.34945072705232644,0.09533420950174332
0.15189874021312857,0.34945072705232644,0.056309498846530914
0.1556962087184568,0.34945072705232644,0.017074722796678543
0.15949367722378502,0.34945072705232644,-0.021831482648849487
0.16329114572911324,0.34945072705232644,-0.059879980981349945
0.16708861423444143,0.34945072705232644,-0.0965564176440239
0.17088608273976966,0.34945072705232644,-0.13137021660804749
0.17468355124509788,0.34945072705232644,-0.1638602316379547
0.1784810197504261,0.34945072705232644,-0.19360174238681793
0.1822784882557543,0.34945072705232644,-0.2202126681804657
0.18607595676108252,0.34945072705232644,-0.243357852101326
0.18987342526641074,0.34945072705232644,-0.2627543807029724
0.19367089377173893,0.34945072705232644,-0.27817514538764954
0.19746836227706716,0.34945072705232644,-0.2894516885280609
0.20126583078239538,0.34945072705232644,-0.2964768409729004
0.2050632992877236,0.34945072705232644,-0.29920530319213867
0.2088607677930518,0.34945072705232644,-0.29765450954437256
0.21265823629838002,0.34945072705232644,-0.2919037342071533
0.21645570480370824,0.34945072705232644,-0.2820932865142822
0.22025317330903646,0.34945072705232644,-0.26842114329338074
0.22405064181436465,0.34945072705232644,-0.2511409819126129
0.22784811031969288,0.34945072705232644,-0.23055735230445862
0.2316455788250211,0.34945072705232644,-0.2070218026638031
0.23544304733034932,0.34945072705232644,-0.18092679977416992
0.23924051583567751,0.34945072705232644,-0.15270033478736877
0.24303798434100574,0.34945072705232644,-0.12279918044805527
0.24683545284633396,0.34945072705232644,0.005080118775367737
0.25063292135166215,0.34945072705232644,0.009934946894645691
0.2544303898569904,0.34945072705232644,0.01474352739751339
0.2582278583623186,0.34945072705232644,0.03017706610262394
0.2620253268676468,0.34945072705232644,0.04760163277387619
0.26582279537297504,0.34945072705232644,0.06430453062057495
0.26962026387830323,0.34945072705232644,0.08000320196151733
0.27341773238363143,0.34945072705232644,0.09442970156669617
0.2772152008889597,0.34945072705232644,0.10733525454998016
0.2810126693942879,0.34945072705232644,0.1184932291507721
0.2848101378996161,0.34945072705232644,0.12770357728004456
0.2886076064049443,0.34945072705232644,0.13479548692703247
0.2924050749102725,0.34945072705232644,0.13962994515895844
0.29620254341560076,0.34945072705232644,0.14210180938243866
0.30000001192092896,0.34945072705232644,0.14214196801185608
0.0,0.3615007521230963,-0.031227760016918182
0.0037974685053282146,0.3615007521230963,-0.02951546385884285
0.007594937010656429,0.3615007521230963,-0.027610965073108673
0.011392405515984643,0.3615007521230963,-0.02553444169461727
0.015189874021312859,0.3615007521230963,-0.3369722366333008
0.018987342526641072,0.3615007521230963,-0.3148931860923767
0.022784811031969287,0.3615007521230963,-0.28855323791503906
0.026582279537297502,0.3615007521230963,-0.25830698013305664
0.030379748042625717,0.3615007521230963,-0.22456155717372894
0.03417721654795393,0.3615007521230963,-0.1877707839012146
0.037974685053282144,0.3615007521230963,-0.14842896163463593
0.04177215355861036,0.3615007521230963,-0.10829316079616547
0.045569622063938574,0.3615007521230963,-0.0655045285820961
0.04936709056926679,0.3615007521230963,-0.021807100623846054
0.053164559074595004,0.3615007521230963,0.022215504199266434
0.05696202757992322,0.3615007521230963,0.06597641855478287
0.060759496085251434,0.3615007521230963,0.10889401286840439
0.06455696459057965,0.3615007521230963,0.15039962530136108
0.06835443309590786,0.3615007521230963,0.18994548916816711
0.07215190160123608,0.3615007521230963,0.22701187431812286
0.07594937010656429,0.3615007521230963,0.2611146867275238
0.07974683861189251,0.3615007521230963,0.2918115556240082
0.08354430711722072,0.3615007521230963,0.3187080919742584
0.08734177562254894,0.3615007521230963,0.34146299958229065
0.09113924412787715,0.3615007521230963,0.35979247093200684
0.09493671263320537,0.3615007521230963,0.37347450852394104
0.09873418113853358,0.3615007521230963,0.3823511004447937
0.1025316496438618,0.3615007521230963,0.38633060455322266
0.10632911814919001,0.3615007521230963,0.38538843393325806
0.11012658665451823,0.3615007521230963,0.37956732511520386
0.11392405515984644,0.3615007521230963,0.3689766526222229
0.11772152366517466,0.3615007521230963,0.3537902235984802
0.12151899217050287,0.3615007521230963,0.33424389362335205
0.12531646067583108,0.3615007521230963,0.3106319308280945
0.1291139291811593,0.3615007521230963,0.2833026647567749
0.13291139768648752,0.3615007521230963,0.2526530623435974
0.13670886619181571,0.3615007521230963,0.21912387013435364
0.14050633469714394,0.3615007521230963,0.1831919252872467
0.14430380320247216,0.3615007521230963,0.14536482095718384
0.14810127170780038,0.3615007521230963,0.10617168992757797
0.15189874021312857,0.3615007521230963,0.06615783274173737
0.1556962087184568,0.3615007521230963,0.025875147432088852
0.15949367722378502,0.3615007521230963,-0.014124102890491486
0.16329114572911324,0.3615007521230963,-0.053297095000743866
0.16708861423444143,0.3615007521230963,-0.09111574292182922
0.17088608273976966,0.3615007521230963,-0.12707610428333282
0.17468355124509788,0.3615007521230963,-0.16070395708084106
0.1784810197504261,0.3615007521230963,-0.19156219065189362
0.1822784882557543,0.3615007521230963,-0.21925702691078186
0.18607595676108252,0.3615007521230963,-0.24344241619110107
0.18987342526641074,0.3615007521230963,-0.26382580399513245
0.19367089377173893,0.3615007521230963,-0.28017133474349976
0.19746836227706716,0.3615007521230963,-0.2923031151294708
0.20126583078239538,0.3615007521230963,-0.30010777711868286
0.2050632992877236,0.3615007521230963,-0.30353522300720215
0.2088607677930518,0.3615007521230963,-0.3025994300842285
0.21265823629838002,0.3615007521230963,-0.29737770557403564
0.21645570480370824,0.3615007521230963,-0.28800955414772034
0.22025317330903646,0.3615007521230963,-0.27469366788864136
0.22405064181436465,0.3615007521230963,-0.25768569111824036
0.22784811031969288,0.3615007521230963,-0.23729337751865387
0.2316455788250211,0.3615007521230963,-0.21387255191802979
0.23544304733034932,0.3615007521230963,-0.18782106041908264
0.23924051583567751,0.3615007521230963,-0.15957318246364594
0.24303798434100574,0.3615007521230963,-0.12959274649620056
0.24683545284633396,0.3615007521230963,0.002373242750763893
0.25063292135166215,0.3615007521230963,0.007224543020129204
0.2544303898569904,0.3615007521230963,0.012041212059557438
0.2582278583623186,0.3615007521230963,0.02742708846926689
0.2620253268676468,0.3615007521230963,0.04486871138215065
0.26582279537297504,0.3615007521230963,0.06158820167183876
0.26962026387830323,0.3615007521230963,0.07729841023683548
0.27341773238363143,0.3615007521230963,0.0917271226644516
0.2772152008889597,0.3615007521230963,0.10462170839309692
0.2810126693942879,0.3615007521230963,0.1157521978020668
0.2848101378996161,0.3615007521230963,0.1249157264828682
0.2886076064049443,0.3615007521230963,0.1319393515586853
0.2924050749102725,0.3615007521230963,0.13668246567249298
0.29620254341560076,0.3615007521230963,0.1390390843153
0.30000001192092896,0.3615007521230963,0.13893994688987732
0.0,0.3735507771938662,-0.03105119988322258
0.0037974685053282146,0.3735507771938662,-0.02941860817372799
0.007594937010656429,0.3735507771938662,-0.027586396783590317
0.011392405515984643,0.3735507771938662,-0.025574326515197754
0.015189874021312859,0.3735507771938662,-0.35141879320144653
0.018987342526641072,0.3735507771938662,-0.328616738319397
0.022784811031969287,0.3735507771938662,-0.301408588886261
0.026582279537297502,0.3735507771938662,-0.2701587975025177
0.030379748042625717,0.3735507771938662,-0.23528598248958588
0.03417721654795393,0.3735507771938662,-0.19725672900676727
0.037974685053282144,0.3735507771938662,-0.06526971608400345
0.04177215355861036,0.3735507771938662,-0.01672418974339962
0.045569622063938574,0.3735507771938662,-0.015878058969974518
0.04936709056926679,0.3735507771938662,-0.014980709180235863
0.053164559074595004,0.3735507771938662,0.020147889852523804
0.05696202757992322,0.3735507771938662,0.06549421697854996
0.060759496085251434,0.3735507771938662,0.10999506711959839
0.06455696459057965,0.3735507771938662,0.15306471288204193
0.06835443309590786,0.3735507771938662,0.19413875043392181
0.07215190160123608,0.3735507771938662,0.2326813042163849
0.07594937010656429,0.3735507771938662,0.2681930661201477
0.07974683861189251,0.3735507771938662,0.30021730065345764
0.08354430711722072,0.3735507771938662,0.32834628224372864
0.08734177562254894,0.3735507771938662,0.3522269129753113
0.09113924412787715,0.3735507771938662,0.3715648055076599
0.09493671263320537,0.3735507771938662,0.3861289620399475
0.09873418113853358,0.3735507771938662,0.3957538306713104
0.1025316496438618,0.3735507771938662,0.40034210681915283
0.10632911814919001,0.3735507771938662,0.39986515045166016
0.11012658665451823,0.3735507771938662,0.3943634331226349
0.11392405515984644,0.3735507771938662,0.3839457333087921
0.11772152366517466,0.3735507771938662,0.36878716945648193
0.12151899217050287,0.3735507771938662,0.34912627935409546
0.12531646067583108,0.3735507771938662,0.3252619504928589
0.1291139291811593,0.3735507771938662,0.29754847288131714
0.13291139768648752,0.3735507771938662,0.008247846737504005
0.13670886619181571,0.3735507771938662,0.009144670329988003
0.14050633469714394,0.3735507771938662,0.01001539546996355
0.14430380320247216,0.3735507771938662,0.010860475711524487
0.14810127170780038,0.3735507771938662,0.011680598370730877
0.15189874021312857,0.3735507771938662,0.012476644478738308
0.1556962087184568,0.3735507771938662,0.013249662704765797
0.15949367722378502,0.3735507771938662,0.01400083303451538
0.16329114572911324,0.3735507771938662,0.014731436967849731
0.16708861423444143,0.3735507771938662,-0.08580471575260162
0.17088608273976966,0.3735507771938662,-0.12289991974830627
0.17468355124509788,0.3735507771938662,-0.15765467286109924
0.1784810197504261,0.3735507771938662,-0.1896197497844696
0.1822784882557543,0.3735507771938662,-0.21838995814323425
0.18607595676108252,0.3735507771938662,-0.24360871315002441
0.18987342526641074,0.3735507771938662,-0.26497381925582886
0.19367089377173893,0.3735507771938662,-0.28224101662635803
0.19746836227706716,0.3735507771938662,-0.2952270209789276
0.20126583078239538,0.3735507771938662,-0.3038124740123749
0.2050632992877236,0.3735507771938662,-0.3079425096511841
0.2088607677930518,0.3735507771938662,-0.30762767791748047
0.21265823629838002,0.3735507771938662,-0.3029431998729706
0.21645570480370824,0.3735507771938662,-0.29402783513069153
0.22025317330903646,0.3735507771938662,-0.28108084201812744
0.22405064181436465,0.3735507771938662,-0.264359712600708
0.22784811031969288,0.3735507771938662,-0.24417521059513092
0.2316455788250211,0.3735507771938662,-0.22088724374771118
0.23544304733034932,0.3735507771938662,0.026067843660712242
0.23924051583567751,0.3735507771938662,0.02654680237174034
0.24303798434100574,0.3735507771938662,0.027008604258298874
0.24683545284633396,0.3735507771938662,0.02745162323117256
0.25063292135166215,0.3735507771938662,0.0278741754591465
0.2544303898569904,0.3735507771938662,0.028274517506361008
0.2582278583623186,0.3735507771938662,0.028650889173150063
0.2620253268676468,0.3735507771938662,0.029001552611589432
0.26582279537297504,0.3735507771938662,0.02932480163872242
0.26962026387830323,0.3735507771938662,0.07400087267160416
0.27341773238363143,0.3735507771938662,0.08843792974948883
0.2772152008889597,0.3735507771938662,0.10133000463247299
0.2810126693942879,0.3735507771938662,0.11244382709264755
0.2848101378996161,0.3735507771938662,0.12157376855611801
0.2886076064049443,0.3735507771938662,0.049644652754068375
0.2924050749102725,0.3735507771938662,0.05228099972009659
0.29620254341560076,0.3735507771938662,0.05429296940565109
0.30000001192092896,0.3735507771938662,0.05567482113838196
0.0,0.38560080226463606,-0.020654821768403053
0.0037974685053282146,0.38560080226463606,-0.020611828193068504
0.007594937010656429,0.38560080226463606,-0.020483119413256645
0.011392405515984643,0.38560080226463606,-0.020269494503736496
0.015189874021312859,0.38560080226463606,-0.01997227594256401
0.018987342526641072,0.38560080226463606,-0.1979619711637497
0.022784811031969287,0.38560080226463606,-0.17679554224014282
0.026582279537297502,0.38560080226463606,-0.15328936278820038
0.030379748042625717,0.38560080226463606,-0.1277475357055664
0.03417721654795393,0.38560080226463606,-0.10050126910209656
0.037974685053282144,0.38560080226463606,-0.07190465182065964
0.04177215355861036,0.38560080226463606,-0.01576428860425949
0.045569622063938574,0.38560080226463606,-0.014902360737323761
0.04936709056926679,0.38560080226463606,-0.013988606631755829
0.053164559074595004,0.38560080226463606,-0.013028114102780819
0.05696202757992322,0.38560080226463606,-0.012026122771203518
0.060759496085251434,0.38560080226463606,0.11140809208154678
0.06455696459057965,0.38560080226463606,0.15598991513252258
0.06835443309590786,0.38560080226463606,0.1985408216714859
0.07215190160123608,0.38560080226463606,0.23850934207439423
0.07594937010656429,0.38560080226463606,0.2753812372684479
0.07974683861189251,0.38560080226463606,0.3086858093738556
0.08354430711722072,0.38560080226463606,0.33800265192985535
0.08734177562254894,0.38560080226463606,0.362966924905777
0.09113924412787715,0.38560080226463606,0.38327398896217346
0.09493671263320537,0.38560080226463606,0.3986840844154358
0.09873418113853358,0.38560080226463606,0.40902453660964966
0.1025316496438618,0.38560080226463606,0.4141923487186432
0.10632911814919001,0.38560080226463606,0.414154976606369
0.11012658665451823,0.38560080226463606,0.4089507460594177
0.11392405515984644,0.38560080226463606,0.39868783950805664
0.11772152366517466,0.38560080226463606,0.38354256749153137
0.12151899217050287,0.38560080226463606,0.3637562394142151
0.12531646067583108,0.38560080226463606,0.33963215351104736
0.1291139291811593,0.38560080226463606,0.3115304112434387
0.13291139768648752,0.38560080226463606,0.279862642288208
0.13670886619181571,0.38560080226463606,0.010125720873475075
0.14050633469714394,0.38560080226463606,0.010953082703053951
0.14430380320247216,0.38560080226463606,0.011749464087188244
0.14810127170780038,0.38560080226463606,0.012515475042164326
0.15189874021312857,0.38560080226463606,0.01325194537639618
0.1556962087184568,0.38560080226463606,0.013959905132651329
0.15949367722378502,0.38560080226463606,0.014640556648373604
0.16329114572911324,0.38560080226463606,0.015295232646167278
0.16708861423444143,0.38560080226463606,0.015925366431474686
0.17088608273976966,0.38560080226463606,-0.11889007687568665
0.17468355124509788,0.38560080226463606,-0.154758483171463
0.1784810197504261,0.38560080226463606,-0.18781785666942596
0.1822784882557543,0.38560080226463606,-0.2176518738269806
0.18607595676108252,0.38560080226463606,-0.24389371275901794
0.18987342526641074,0.38560080226463606,-0.26623180508613586
0.19367089377173893,0.38560080226463606,-0.18496040999889374
0.19746836227706716,0.38560080226463606,-0.19079561531543732
0.20126583078239538,0.38560080226463606,-0.19414572417736053
0.2050632992877236,0.38560080226463606,-0.19500356912612915
0.2088607677930518,0.38560080226463606,-0.3127502202987671
0.21265823629838002,0.38560080226463606,-0.3086061179637909
0.21645570480370824,0.38560080226463606,-0.30014878511428833
0.22025317330903646,0.38560080226463606,-0.2875780165195465
0.22405064181436465,0.38560080226463606,-0.2711530029773712
0.22784811031969288,0.38560080226463606,-0.2511872947216034
0.2316455788250211,0.38560080226463606,0.02413550578057766
0.23544304733034932,0.38560080226463606,0.02451084367930889
0.23924051583567751,0.38560080226463606,0.024873405694961548
0.24303798434100574,0.38560080226463606,0.025222260504961014
0.24683545284633396,0.38560080226463606,0.025556376203894615
0.25063292135166215,0.38560080226463606,0.02587464638054371
0.2544303898569904,0.38560080226463606,0.026175890117883682
0.2582278583623186,0.38560080226463606,0.026458892971277237
0.2620253268676468,0.38560080226463606,0.02672242559492588
0.26582279537297504,0.38560080226463606,0.026965271681547165
0.26962026387830323,0.38560080226463606,0.027186235412955284
0.27341773238363143,0.38560080226463606,0.027384191751480103
0.2772152008889597,0.38560080226463606,0.034767381846904755
0.2810126693942879,0.38560080226463606,0.03919732943177223
0.2848101378996161,0.38560080226463606,0.04308322072029114
0.2886076064049443,0.38560080226463606,0.04639003053307533
0.2924050749102725,0.38560080226463606,0.049092020839452744
0.29620254341560076,0.38560080226463606,0.051173076033592224
0.30000001192092896,0.38560080226463606,0.052626870572566986
0.0,0.3976508273354059,-0.019531603902578354
0.0037974685053282146,0.3976508273354059,-0.019488243386149406
0.007594937010656429,0.3976508273354059,-0.019358430057764053
0.011392405515984643,0.3976508273354059,-0.01914297789335251
0.015189874021312859,0.3976508273354059,-0.018843233585357666
0.018987342526641072,0.3976508273354059,-0.20631656050682068
0.022784811031969287,0.3976508273354059,-0.18488392233848572
0.026582279537297502,0.3976508273354059,-0.16102373600006104
0.030379748042625717,0.3976508273354059,-0.13504548370838165
0.03417721654795393,0.3976508273354059,-0.10728666186332703
0.037974685053282144,0.3976508273354059,-0.07810843735933304
0.04177215355861036,0.3976508273354059,-0.04789075627923012
0.045569622063938574,0.3976508273354059,-0.013733291998505592
0.04936709056926679,0.3976508273354059,-0.012813160195946693
0.053164559074595004,0.3976508273354059,-0.011846331879496574
0.05696202757992322,0.3976508273354059,-0.01083818357437849
0.060759496085251434,0.3976508273354059,0.11313076317310333
0.06455696459057965,0.3976508273354059,0.15917053818702698
0.06835443309590786,0.3976508273354059,0.20314449071884155
0.07215190160123608,0.3976508273354059,0.24448604881763458
0.07594937010656429,0.3976508273354059,0.2826665937900543
0.07974683861189251,0.3976508273354059,0.3172018527984619
0.08354430711722072,0.3976508273354059,0.3476589322090149
0.08734177562254894,0.3976508273354059,0.3736618161201477
0.09113924412787715,0.3976508273354059,0.3948959410190582
0.09493671263320537,0.3976508273354059,0.41111302375793457
0.09873418113853358,0.3976508273354059,0.42213332653045654
0.1025316496438618,0.3976508273354059,0.002514404710382223
0.10632911814919001,0.3976508273354059,0.003582732519134879
0.11012658665451823,0.3976508273354059,0.004625699948519468
0.11392405515984644,0.3976508273354059,0.4131621718406677
0.11772152366517466,0.3976508273354059,0.39801323413848877
0.12151899217050287,0.3976508273354059,0.3780883550643921
0.12531646067583108,0.3976508273354059,0.35369497537612915
0.1291139291811593,0.3976508273354059,0.3251989185810089
0.13291139768648752,0.3976508273354059,0.2930189371109009
0.13670886619181571,0.3976508273354059,0.25762128829956055
0.14050633469714394,0.3976508273354059,0.011812123470008373
0.14430380320247216,0.3976508273354059,0.012550603598356247
0.14810127170780038,0.3976508273354059,0.013253354467451572
0.15189874021312857,0.3976508273354059,0.0944196879863739
0.1556962087184568,0.3976508273354059,0.05106320604681969
0.15949367722378502,0.3976508273354059,0.007859870791435242
0.16329114572911324,0.3976508273354059,-0.034608498215675354
0.16708861423444143,0.3976508273354059,-0.07577486336231232
0.17088608273976966,0.3976508273354059,-0.1150970309972763
0.17468355124509788,0.3976508273354059,-0.15206369757652283
0.1784810197504261,0.3976508273354059,-0.1862022876739502
0.1822784882557543,0.3976508273354059,-0.21708567440509796
0.18607595676108252,0.3976508273354059,-0.24433700740337372
0.18987342526641074,0.3976508273354059,-0.26763561367988586
0.19367089377173893,0.3976508273354059,-0.18769890069961548
0.19746836227706716,0.3976508273354059,-0.19397130608558655
0.20126583078239538,0.3976508273354059,-0.19772864878177643
0.2050632992877236,0.3976508273354059,-0.1989607810974121
0.2088607677930518,0.3976508273354059,-0.31797969341278076
0.21265823629838002,0.3976508273354059,-0.31437361240386963
0.21645570480370824,0.3976508273354059,-0.30637386441230774
0.22025317330903646,0.3976508273354059,-0.2941807508468628
0.22405064181436465,0.3976508273354059,-0.2780550420284271
0.22784811031969288,0.3976508273354059,-0.25831320881843567
0.2316455788250211,0.3976508273354059,-0.23456253111362457
0.23544304733034932,0.3976508273354059,-0.20878563821315765
0.23924051583567751,0.3976508273354059,-0.18062527477741241
0.24303798434100574,0.3976508273354059,-0.15056458115577698
0.24683545284633396,0.3976508273354059,-0.11911188066005707
0.25063292135166215,0.3976508273354059,-0.08679196983575821
0.2544303898569904,0.3976508273354059,0.023684486746788025
0.2582278583623186,0.3976508273354059,0.023864764720201492
0.2620253268676468,0.3976508273354059,0.024032389745116234
0.26582279537297504,0.3976508273354059,0.024186691269278526
0.26962026387830323,0.3976508273354059,0.024326980113983154
0.27341773238363143,0.3976508273354059,0.02445259876549244
0.2772152008889597,0.3976508273354059,0.03105880506336689
0.2810126693942879,0.3976508273354059,0.03551406413316727
0.2848101378996161,0.3976508273354059,0.03943133354187012
0.2886076064049443,0.3976508273354059,0.04277491942048073
0.2924050749102725,0.3976508273354059,0.04551846534013748
0.29620254341560076,0.3976508273354059,0.047645315527915955
0.30000001192092896,0.3976508273354059,0.049148689955472946
0.0,0.4097008524061758,-0.01816665753722191
0.0037974685053282146,0.4097008524061758,-0.01812339946627617
0.007594937010656429,0.4097008524061758,-0.01799389347434044
0.011392405515984643,0.4097008524061758,-0.01777895726263523
0.015189874021312859,0.4097008524061758,-0.01747993566095829
0.018987342526641072,0.4097008524061758,-0.2140888124704361
0.022784811031969287,0.4097008524061758,-0.19241012632846832
0.026582279537297502,0.4097008524061758,-0.168219193816185
0.030379748042625717,0.4097008524061758,-0.14183050394058228
0.03417721654795393,0.4097008524061758,-0.11358767002820969
0.037974685053282144,0.4097008524061758,-0.08385863155126572
0.04177215355861036,0.4097008524061758,-0.0530308373272419
0.045569622063938574,0.4097008524061758,-0.012384730391204357
0.04936709056926679,0.4097008524061758,-0.01146793831139803
0.053164559074595004,0.4097008524061758,-0.010504938662052155
0.05696202757992322,0.4097008524061758,0.0662277415394783
0.060759496085251434,0.4097008524061758,0.11515814810991287
0.06455696459057965,0.4097008524061758,0.16259977221488953
0.06835443309590786,0.4097008524061758,0.20794108510017395
0.07215190160123608,0.4097008524061758,0.25060078501701355
0.07594937010656429,0.4097008524061758,0.29003623127937317
0.07974683861189251,0.4097008524061758,0.3257501721382141
0.08354430711722072,0.4097008524061758,0.3572976589202881
0.08734177562254894,0.4097008524061758,0.3842916786670685
0.09113924412787715,0.4097008524061758,0.00044288067147135735
0.09493671263320537,0.4097008524061758,0.0015500840963795781
0.09873418113853358,0.4097008524061758,0.0026399437338113785
0.1025316496438618,0.4097008524061758,0.003708421252667904
0.10632911814919001,0.4097008524061758,0.004751814063638449
0.11012658665451823,0.4097008524061758,0.005766784306615591
0.11392405515984644,0.4097008524061758,0.4273304343223572
0.11772152366517466,0.4097008524061758,0.4121583104133606
0.12151899217050287,0.4097008524061758,0.3920792043209076
0.12531646067583108,0.4097008524061758,0.3674047291278839
0.1291139291811593,0.4097008524061758,0.3385063111782074
0.13291139768648752,0.4097008524061758,0.3058096170425415
0.13670886619181571,0.4097008524061758,0.2697889506816864
0.14050633469714394,0.4097008524061758,0.23095926642417908
0.14430380320247216,0.4097008524061758,0.18987001478672028
0.14810127170780038,0.4097008524061758,0.14709556102752686
0.15189874021312857,0.4097008524061758,0.10322899371385574
0.1556962087184568,0.4097008524061758,0.05887187644839287
0.15949367722378502,0.4097008524061758,0.014627411961555481
0.16329114572911324,0.4097008524061758,-0.02891024947166443
0.16708861423444143,0.4097008524061758,-0.07116173207759857
0.17088608273976966,0.4097008524061758,-0.11157281696796417
0.17468355124509788,0.4097008524061758,-0.1496204286813736
0.1784810197504261,0.4097008524061758,-0.18482083082199097
0.1822784882557543,0.4097008524061758,-0.2167363464832306
0.18607595676108252,0.4097008524061758,-0.2449803650379181
0.18987342526641074,0.4097008524061758,0.018462304025888443
0.19367089377173893,0.4097008524061758,0.01870628632605076
0.19746836227706716,0.4097008524061758,0.01892995648086071
0.20126583078239538,0.4097008524061758,0.019135164096951485
0.2050632992877236,0.4097008524061758,0.01932365819811821
0.2088607677930518,0.4097008524061758,0.01949710212647915
0.21265823629838002,0.4097008524061758,-0.32025378942489624
0.21645570480370824,0.4097008524061758,-0.3127051591873169
0.22025317330903646,0.4097008524061758,-0.30088484287261963
0.22405064181436465,0.4097008524061758,-0.2850553095340729
0.22784811031969288,0.4097008524061758,-0.2655356228351593
0.2316455788250211,0.4097008524061758,-0.24192506074905396
0.23544304733034932,0.4097008524061758,-0.2162352353334427
0.23924051583567751,0.4097008524061758,-0.1881019026041031
0.24303798434100574,0.4097008524061758,-0.15801440179347992
0.24683545284633396,0.4097008524061758,-0.1264878660440445
0.25063292135166215,0.4097008524061758,-0.09405431896448135
0.2544303898569904,0.4097008524061758,-0.06125557795166969
0.2582278583623186,0.4097008524061758,-0.028634559363126755
0.2620253268676468,0.4097008524061758,0.0032729480881243944
0.26582279537297504,0.4097008524061758,0.03394510596990585
0.26962026387830323,0.4097008524061758,0.06288376450538635
0.27341773238363143,0.4097008524061758,0.022180434316396713
0.2772152008889597,0.4097008524061758,0.02712126262485981
0.2810126693942879,0.4097008524061758,0.031575512140989304
0.2848101378996161,0.4097008524061758,0.035497911274433136
0.2886076064049443,0.4097008524061758,0.038852252066135406
0.2924050749102725,0.4097008524061758,0.041611745953559875
0.29620254341560076,0.4097008524061758,0.043759360909461975
0.30000001192092896,0.4097008524061758,0.04528801888227463
0.0,0.4217508774769457,-0.016578886657953262
0.0037974685053282146,0.4217508774769457,-0.016536181792616844
0.007594937010656429,0.4217508774769457,-0.01640833355486393
0.011392405515984643,0.4217508774769457,-0.016196148470044136
0.015189874021312859,0.4217508774769457,-0.01590096578001976
0.018987342526641072,0.4217508774769457,-0.22127331793308258
0.022784811031969287,0.4217508774769457,-0.19936628639698029
0.026582279537297502,0.4217508774769457,-0.17486533522605896
0.030379748042625717,0.4217508774769457,-0.14809001982212067
0.03417721654795393,0.4217508774769457,-0.1193896010518074
0.037974685053282144,0.4217508774769457,-0.08913858979940414
0.04177215355861036,0.4217508774769457,-0.05773167684674263
0.045569622063938574,0.4217508774769457,-0.025578316301107407
0.04936709056926679,0.4217508774769457,-0.009968753904104233
0.053164559074595004,0.4217508774769457,-0.009019315242767334
0.05696202757992322,0.4217508774769457,0.06718802452087402
0.060759496085251434,0.4217508774769457,0.11748269200325012
0.06455696459057965,0.4217508774769457,0.1662689745426178
0.06835443309590786,0.4217508774769457,0.21292059123516083
0.07215190160123608,0.4217508774769457,0.2568420171737671
0.07594937010656429,0.4217508774769457,0.2974771559238434
0.07974683861189251,0.4217508774769457,0.3343159854412079
0.08354430711722072,0.4217508774769457,-0.0004663304425776005
0.08734177562254894,0.4217508774769457,0.0006379475817084312
0.09113924412787715,0.4217508774769457,0.0017321351915597916
0.09493671263320537,0.4217508774769457,0.002811400219798088
0.09873418113853358,0.4217508774769457,0.003871177788823843
0.1025316496438618,0.4217508774769457,0.004907215014100075
0.10632911814919001,0.4217508774769457,0.005915583577007055
0.11012658665451823,0.4217508774769457,0.0068927062675356865
0.11392405515984644,0.4217508774769457,0.00783537793904543
0.11772152366517466,0.4217508774769457,0.42593932151794434
0.12151899217050287,0.4217508774769457,0.4056878685951233
0.12531646067583108,0.4217508774769457,0.38071805238723755
0.1291139291811593,0.4217508774769457,0.35140693187713623
0.13291139768648752,0.4217508774769457,0.31818681955337524
0.13670886619181571,0.4217508774769457,0.28154003620147705
0.14050633469714394,0.4217508774769457,0.24199050664901733
0.14430380320247216,0.4217508774769457,0.20009763538837433
0.14810127170780038,0.4217508774769457,0.15644632279872894
0.15189874021312857,0.4217508774769457,0.11164090037345886
0.1556962087184568,0.4217508774769457,0.0662946105003357
0.15949367722378502,0.4217508774769457,0.021022610366344452
0.16329114572911324,0.4217508774769457,-0.023568935692310333
0.16708861423444143,0.4217508774769457,-0.06688866019248962
0.17088608273976966,0.4217508774769457,-0.10837053507566452
0.17468355124509788,0.4217508774769457,-0.1474801003932953
0.1784810197504261,0.4217508774769457,-0.18372273445129395
0.1822784882557543,0.4217508774769457,-0.21665048599243164
0.18607595676108252,0.4217508774769457,0.017644692212343216
0.18987342526641074,0.4217508774769457,0.01777426339685917
0.19367089377173893,0.4217508774769457,0.01787753216922283
0.19746836227706716,0.4217508774769457,0.0179568100720644
0.20126583078239538,0.4217508774769457,0.018014399334788322
0.2050632992877236,0.4217508774769457,0.01805255003273487
0.2088607677930518,0.4217508774769457,0.01807347685098648
0.21265823629838002,0.4217508774769457,0.018079303205013275
0.21645570480370824,0.4217508774769457,0.01807207614183426
0.22025317330903646,0.4217508774769457,-0.3076862394809723
0.22405064181436465,0.4217508774769457,-0.29214274883270264
0.22784811031969288,0.4217508774769457,-0.2728366255760193
0.2316455788250211,0.4217508774769457,-0.24936829507350922
0.23544304733034932,0.4217508774769457,-0.22375938296318054
0.23924051583567751,0.4217508774769457,-0.195648193359375
0.24303798434100574,0.4217508774769457,-0.16553018987178802
0.24683545284633396,0.4217508774769457,-0.13392716646194458
0.25063292135166215,0.4217508774769457,-0.10137820988893509
0.2544303898569904,0.4217508774769457,-0.06843264400959015
0.2582278583623186,0.4217508774769457,-0.03564086928963661
0.2620253268676468,0.4217508774769457,-0.003546338062733412
0.26582279537297504,0.4217508774769457,0.039616141468286514
0.26962026387830323,0.4217508774769457,0.05575310438871384
0.27341773238363143,0.4217508774769457,0.07057804614305496
0.2772152008889597,0.4217508774769457,0.023015163838863373
0.2810126693942879,0.4217508774769457,0.027441615238785744
0.2848101378996161,0.4217508774769457,0.031342171132564545
0.2886076064049443,0.4217508774769457,0.03468030318617821
0.2924050749102725,0.4217508774769457,0.03742894530296326
0.29620254341560076,0.4217508774769457,0.03957086801528931
0.30000001192092896,0.4217508774769457,0.04109886288642883
0.0,0.4338009025477156,-0.07357805967330933
0.0037974685053282146,0.4338009025477156,-0.07548832893371582
0.007594937010656429,0.4338009025477156,-0.07650363445281982
0.011392405515984643,0.4338009025477156,-0.07661115378141403
0.015189874021312859,0.4338009025477156,-0.07580949366092682
0.018987342526641072,0.4338009025477156,-0.07410859316587448
0.022784811031969287,0.4338009025477156,-0.07152962684631348
0.026582279537297502,0.4338009025477156,-0.0681045800447464
0.030379748042625717,0.4338009025477156,-0.2785644829273224
0.03417721654795393,0.4338009025477156,-0.23495575785636902
0.037974685053282144,0.4338009025477156,-0.188261941075325
0.04177215355861036,0.4338009025477156,-0.1390947848558426
0.045569622063938574,0.4338009025477156,-0.08809696137905121
0.04936709056926679,0.4338009025477156,-0.035933852195739746
0.053164559074595004,0.4338009025477156,0.016716081649065018
0.05696202757992322,0.4338009025477156,0.06916993856430054
0.060759496085251434,0.4338009025477156,0.12075009196996689
0.06455696459057965,0.4338009025477156,0.17079298198223114
0.06835443309590786,0.4338009025477156,0.21865834295749664
0.07215190160123608,0.4338009025477156,0.26319751143455505
0.07594937010656429,0.4338009025477156,0.30497586727142334
0.07974683861189251,0.4338009025477156,0.3428846001625061
0.08354430711722072,0.4338009025477156,0.37645581364631653
0.08734177562254894,0.4338009025477156,0.4052819311618805
0.09113924412787715,0.4338009025477156,0.42902064323425293
0.09493671263320537,0.4338009025477156,0.4474000036716461
0.09873418113853358,0.4338009025477156,0.46022093296051025
0.1025316496438618,0.4338009025477156,0.4673602283000946
0.10632911814919001,0.4338009025477156,0.4687713086605072
0.11012658665451823,0.4338009025477156,0.46448466181755066
0.11392405515984644,0.4338009025477156,0.4546072483062744
0.11772152366517466,0.4338009025477156,0.4393201172351837
0.12151899217050287,0.4338009025477156,0.41887566447257996
0.12531646067583108,0.4338009025477156,0.39359384775161743
0.1291139291811593,0.4338009025477156,0.36385712027549744
0.13291139768648752,0.4338009025477156,0.33010461926460266
0.13670886619181571,0.4338009025477156,0.29282650351524353
0.14050633469714394,0.4338009025477156,0.2525554895401001
0.14430380320247216,0.4338009025477156,0.209860697388649
0.14810127170780038,0.4338009025477156,0.044708915054798126
0.15189874021312857,0.4338009025477156,0.019468694925308228
0.1556962087184568,0.4338009025477156,-0.005790984258055687
0.15949367722378502,0.4338009025477156,-0.03074353002011776
0.16329114572911324,0.4338009025477156,-0.01863981783390045
0.16708861423444143,0.4338009025477156,-0.06301034241914749
0.17088608273976966,0.4338009025477156,-0.10554391890764236
0.17468355124509788,0.4338009025477156,-0.14569498598575592
0.1784810197504261,0.4338009025477156,-0.1829582154750824
0.1822784882557543,0.4338009025477156,-0.21687579154968262
0.18607595676108252,0.4338009025477156,-0.24704235792160034
0.18987342526641074,0.4338009025477156,-0.2731115221977234
0.19367089377173893,0.4338009025477156,-0.2947998046875
0.19746836227706716,0.4338009025477156,-0.31189021468162537
0.20126583078239538,0.4338009025477156,-0.3242354691028595
0.2050632992877236,0.4338009025477156,-0.33175867795944214
0.2088607677930518,0.4338009025477156,-0.3344547152519226
0.21265823629838002,0.4338009025477156,-0.33238911628723145
0.21645570480370824,0.4338009025477156,-0.3256971836090088
0.22025317330903646,0.4338009025477156,-0.3145809471607208
0.22405064181436465,0.4338009025477156,-0.29930615425109863
0.22784811031969288,0.4338009025477156,-0.28019750118255615
0.2316455788250211,0.4338009025477156,-0.2576339542865753
0.23544304733034932,0.4338009025477156,-0.2320420891046524
0.23924051583567751,0.4338009025477156,-0.20388993620872498
0.24303798434100574,0.4338009025477156,-0.1736794263124466
0.24683545284633396,0.4338009025477156,-0.14193934202194214
0.25063292135166215,0.4338009025477156,-0.038079019635915756
0.2544303898569904,0.4338009025477156,-0.019737184047698975
0.2582278583623186,0.4338009025477156,-0.0014212080277502537
0.2620253268676468,0.4338009025477156,0.016532402485609055
0.26582279537297504,0.4338009025477156,0.03379363566637039
0.26962026387830323,0.4338009025477156,0.05004528909921646
0.27341773238363143,0.4338009025477156,0.064986951649189
0.2772152008889597,0.4338009025477156,0.07834021747112274
0.2810126693942879,0.4338009025477156,0.08985201269388199
0.2848101378996161,0.4338009025477156,0.09929969161748886
0.2886076064049443,0.4338009025477156,0.10649395734071732
0.2924050749102725,0.4338009025477156,0.11128170788288116
0.29620254341560076,0.4338009025477156,0.03514077886939049
0.30000001192092896,0.4338009025477156,0.036640822887420654
0.0,0.44585092761848544,-0.07327315956354141
0.0037974685053282146,0.44585092761848544,-0.07499910891056061
0.007594937010656429,0.44585092761848544,-0.07581568509340286
0.011392405515984643,0.44585092761848544,-0.07571146637201309
0.015189874021312859,0.44585092761848544,-0.07468663901090622
0.018987342526641072,0.44585092761848544,-0.07275288552045822
0.022784811031969287,0.44585092761848544,-0.06993325799703598
0.026582279537297502,0.44585092761848544,-0.06626173853874207
0.030379748042625717,0.44585092761848544,-0.28510692715644836
0.03417721654795393,0.44585092761848544,-0.2405029833316803
0.037974685053282144,0.44585092761848544,-0.19273751974105835
0.04177215355861036,0.44585092761848544,-0.14243485033512115
0.045569622063938574,0.44585092761848544,-0.09025105088949203
0.04936709056926679,0.44585092761848544,-0.036865200847387314
0.053164559074595004,0.44585092761848544,0.017030062153935432
0.05696202757992322,0.44585092761848544,0.07073751091957092
0.060759496085251434,0.44585092761848544,0.12356515228748322
0.06455696459057965,0.44585092761848544,0.17483526468276978
0.06835443309590786,0.44585092761848544,0.22389376163482666
0.07215190160123608,0.44585092761848544,0.2696543037891388
0.07594937010656429,0.44585092761848544,0.3125189542770386
0.07974683861189251,0.44585092761848544,0.35144171118736267
0.08354430711722072,0.44585092761848544,0.38594383001327515
0.08734177562254894,0.44585092761848544,0.41560792922973633
0.09113924412787715,0.44585092761848544,0.44008326530456543
0.09493671263320537,0.44585092761848544,0.45909053087234497
0.09873418113853358,0.44585092761848544,0.47242483496665955
0.1025316496438618,0.44585092761848544,0.4799584150314331
0.10632911814919001,0.44585092761848544,0.4816417694091797
0.11012658665451823,0.44585092761848544,0.4775038957595825
0.11392405515984644,0.44585092761848544,0.4676516056060791
0.11772152366517466,0.44585092761848544,0.4522675573825836
0.12151899217050287,0.44585092761848544,0.43160682916641235
0.12531646067583108,0.44585092761848544,0.40599364042282104
0.1291139291811593,0.44585092761848544,0.3758159875869751
0.13291139768648752,0.44585092761848544,0.34151968359947205
0.13670886619181571,0.44585092761848544,0.3036026060581207
0.14050633469714394,0.44585092761848544,0.26260626316070557
0.14430380320247216,0.44585092761848544,0.21910938620567322
0.14810127170780038,0.44585092761848544,0.04781940579414368
0.15189874021312857,0.44585092761848544,0.02223668061196804
0.1556962087184568,0.44585092761848544,-0.0033926256000995636
0.15949367722378502,0.44585092761848544,-0.0287372674793005
0.16329114572911324,0.44585092761848544,-0.014177553355693817
0.16708861423444143,0.44585092761848544,-0.059581197798252106
0.17088608273976966,0.44585092761848544,-0.10314664244651794
0.17468355124509788,0.44585092761848544,-0.1443174183368683
0.1784810197504261,0.44585092761848544,-0.18257787823677063
0.1822784882557543,0.44585092761848544,-0.2174605131149292
0.18607595676108252,0.44585092761848544,-0.24855101108551025
0.18987342526641074,0.44585092761848544,-0.27549490332603455
0.19367089377173893,0.44585092761848544,-0.29800155758857727
0.19746836227706716,0.44585092761848544,-0.3158479332923889
0.20126583078239538,0.44585092761848544,-0.32888171076774597
0.2050632992877236,0.44585092761848544,-0.3370222747325897
0.2088607677930518,0.44585092761848544,-0.34026166796684265
0.21265823629838002,0.44585092761848544,-0.3386639952659607
0.21645570480370824,0.44585092761848544,-0.33236420154571533
0.22025317330903646,0.44585092761848544,-0.32156506180763245
0.22405064181436465,0.44585092761848544,-0.30653417110443115
0.22784811031969288,0.44585092761848544,-0.2875991463661194
0.2316455788250211,0.44585092761848544,-0.2651427686214447
0.23544304733034932,0.44585092761848544,-0.2395963966846466
0.23924051583567751,0.44585092761848544,-0.21143347024917603
0.24303798434100574,0.44585092761848544,-0.181162029504776
0.24683545284633396,0.44585092761848544,-0.14931759238243103
0.25063292135166215,0.44585092761848544,-0.04471365734934807
0.2544303898569904,0.44585092761848544,-0.026280447840690613
0.2582278583623186,0.44585092761848544,-0.007851241156458855
0.2620253268676468,0.44585092761848544,0.010232596658170223
0.26582279537297504,0.44585092761848544,0.027636270970106125
0.26962026387830323,0.44585092761848544,0.04403793811798096
0.27341773238363143,0.44585092761848544,0.05913274362683296
0.2772152008889597,0.44585092761848544,0.0726381167769432
0.2810126693942879,0.44585092761848544,0.08429720252752304
0.2848101378996161,0.44585092761848544,0.0938839465379715
0.2886076064049443,0.44585092761848544,0.10120613127946854
0.2924050749102725,0.44585092761848544,0.10610820353031158
0.29620254341560076,0.44585092761848544,0.10847373306751251
0.30000001192092896,0.44585092761848544,0.10822775959968567
0.0,0.4579009526892553,-0.0727301761507988
0.0037974685053282146,0.4579009526892553,-0.07427915930747986
0.007594937010656429,0.4579009526892553,-0.074905626475811
0.011392405515984643,0.4579009526892553,-0.074599489569664
0.015189874021312859,0.4579009526892553,-0.07336245477199554
0.018987342526641072,0.4579009526892553,-0.07120785862207413
0.022784811031969287,0.4579009526892553,-0.06816056370735168
0.026582279537297502,0.4579009526892553,-0.06425647437572479
0.030379748042625717,0.4579009526892553,-0.29099270701408386
0.03417721654795393,0.4579009526892553,-0.24543282389640808
0.037974685053282144,0.4579009526892553,-0.19663862884044647
0.04177215355861036,0.4579009526892553,-0.14524663984775543
0.045569622063938574,0.4579009526892553,-0.09192578494548798
0.04936709056926679,0.4579009526892553,-0.037368591874837875
0.053164559074595004,0.4579009526892553,0.017718536779284477
0.05696202757992322,0.4579009526892553,0.07262445986270905
0.060759496085251434,0.4579009526892553,0.12664324045181274
0.06455696459057965,0.4579009526892553,0.1790834218263626
0.06835443309590786,0.4579009526892553,0.22927752137184143
0.07215190160123608,0.4579009526892553,0.27619895339012146
0.07594937010656429,0.4579009526892553,0.3200927972793579
0.07974683861189251,0.4579009526892553,0.35997334122657776
0.08354430711722072,0.4579009526892553,0.3953514099121094
0.08734177562254894,0.4579009526892553,0.42580023407936096
0.09113924412787715,0.4579009526892553,0.4509608745574951
0.09493671263320537,0.4579009526892553,0.470547080039978
0.09873418113853358,0.4579009526892553,0.4843483865261078
0.1025316496438618,0.4579009526892553,0.4922328591346741
0.10632911814919001,0.4579009526892553,0.4941481947898865
0.11012658665451823,0.4579009526892553,0.4901221692562103
0.11392405515984644,0.4579009526892553,0.48026174306869507
0.11772152366517466,0.4579009526892553,0.4647510349750519
0.12151899217050287,0.4579009526892553,0.44384822249412537
0.12531646067583108,0.4579009526892553,0.4178817570209503
0.1291139291811593,0.4579009526892553,0.387245237827301
0.13291139768648752,0.4579009526892553,0.3523910641670227
0.13670886619181571,0.4579009526892553,0.31382501125335693
0.14050633469714394,0.4579009526892553,0.27209722995758057
0.14430380320247216,0.4579009526892553,0.22779594361782074
0.14810127170780038,0.4579009526892553,0.05090700834989548
0.15189874021312857,0.4579009526892553,0.024997569620609283
0.1556962087184568,0.4579009526892553,-0.0009832754731178284
0.15949367722378502,0.4579009526892553,-0.026699818670749664
0.16329114572911324,0.4579009526892553,-0.010235846042633057
0.16708861423444143,0.4579009526892553,-0.05665487051010132
0.17088608273976966,0.4579009526892553,-0.10123176127672195
0.17468355124509788,0.4579009526892553,-0.1433994472026825
0.1784810197504261,0.4579009526892553,-0.18263211846351624
0.1822784882557543,0.4579009526892553,-0.2184528410434723
0.18607595676108252,0.4579009526892553,-0.2504386007785797
0.18987342526641074,0.4579009526892553,-0.2782270908355713
0.19367089377173893,0.4579009526892553,-0.30152085423469543
0.19746836227706716,0.4579009526892553,-0.32009097933769226
0.20126583078239538,0.4579009526892553,-0.3337804675102234
0.2050632992877236,0.4579009526892553,-0.34250491857528687
0.2088607677930518,0.4579009526892553,-0.3462541103363037
0.21265823629838002,0.4579009526892553,-0.34509074687957764
0.21645570480370824,0.4579009526892553,-0.3391496539115906
0.22025317330903646,0.4579009526892553,-0.3286345303058624
0.22405064181436465,0.4579009526892553,-0.3138151168823242
0.22784811031969288,0.4579009526892553,-0.29502198100090027
0.2316455788250211,0.4579009526892553,-0.27264195680618286
0.23544304733034932,0.4579009526892553,-0.2471112459897995
0.23924051583567751,0.4579009526892553,-0.21890889108181
0.24303798434100574,0.4579009526892553,-0.18854920566082
0.24683545284633396,0.4579009526892553,-0.15657444298267365
0.25063292135166215,0.4579009526892553,-0.05176178738474846
0.2544303898569904,0.4579009526892553,-0.03320154547691345
0.2582278583623186,0.4579009526892553,-0.01462206244468689
0.2620253268676468,0.4579009526892553,0.003630330553278327
0.26582279537297504,0.4579009526892553,0.021215863525867462
0.26962026387830323,0.4579009526892553,0.03780791535973549
0.27341773238363143,0.4579009526892553,0.05309697985649109
0.2772152008889597,0.4579009526892553,0.06679616123437881
0.2810126693942879,0.4579009526892553,0.07864456623792648
0.2848101378996161,0.4579009526892553,0.0884125605225563
0.2886076064049443,0.4579009526892553,0.09590470790863037
0.2924050749102725,0.4579009526892553,0.10096283257007599
0.29620254341560076,0.4579009526892553,0.10346832871437073
0.30000001192092896,0.4579009526892553,0.10334467142820358
0.0,0.4699509777600252,-0.07197824120521545
0.0037974685053282146,0.4699509777600252,-0.07335904985666275
0.007594937010656429,0.4699509777600252,-0.07380533218383789
0.011392405515984643,0.4699509777600252,-0.0733083039522171
0.015189874021312859,0.4699509777600252,-0.0718710869550705
0.018987342526641072,0.4699509777600252,-0.0695086345076561
0.022784811031969287,0.4699509777600252,-0.06624750047922134
0.026582279537297502,0.4699509777600252,-0.1982879489660263
0.030379748042625717,0.4699509777600252,-0.16987286508083344
0.03417721654795393,0.4699509777600252,-0.2497718781232834
0.037974685053282144,0.4699509777600252,-0.19999022781848907
0.04177215355861036,0.4699509777600252,-0.14755335450172424
0.045569622063938574,0.4699509777600252,-0.09314277768135071
0.04936709056926679,0.4699509777600252,-0.037464093416929245
0.053164559074595004,0.4699509777600252,0.018762927502393723
0.05696202757992322,0.4699509777600252,0.07481357455253601
0.060759496085251434,0.4699509777600252,0.12996840476989746
0.06455696459057965,0.4699509777600252,0.18352259695529938
0.06835443309590786,0.4699509777600252,0.23479565978050232
0.07215190160123608,0.4699509777600252,0.2828173339366913
0.07594937010656429,0.4699509777600252,0.3276836574077606
0.07974683861189251,0.4699509777600252,0.3684659004211426
0.08354430711722072,0.4699509777600252,0.4046648144721985
0.08734177562254894,0.4699509777600252,0.43584463000297546
0.09113924412787715,0.4699509777600252,0.4616384506225586
0.09493671263320537,0.4699509777600252,0.4817536175251007
0.09873418113853358,0.4699509777600252,0.49597427248954773
0.1025316496438618,0.4699509777600252,0.5041645765304565
0.10632911814919001,0.4699509777600252,0.5062698721885681
0.11012658665451823,0.4699509777600252,0.5023167133331299
0.11392405515984644,0.4699509777600252,0.4924125075340271
0.11772152366517466,0.4699509777600252,0.47674310207366943
0.12151899217050287,0.4699509777600252,0.455569863319397
0.12531646067583108,0.4699509777600252,0.4292255938053131
0.1291139291811593,0.4699509777600252,0.3981095254421234
0.13291139768648752,0.4699509777600252,0.36268091201782227
0.13670886619181571,0.4699509777600252,0.32345324754714966
0.14050633469714394,0.4699509777600252,0.28098544478416443
0.14430380320247216,0.4699509777600252,0.2358752191066742
0.14810127170780038,0.4699509777600252,0.18874846398830414
0.15189874021312857,0.4699509777600252,0.027740538120269775
0.1556962087184568,0.4699509777600252,0.0014253808185458183
0.15949367722378502,0.4699509777600252,-0.02464345470070839
0.16329114572911324,0.4699509777600252,-0.006866753101348877
0.16708861423444143,0.4699509777600252,-0.05428358167409897
0.17088608273976966,0.4699509777600252,-0.09985117614269257
0.17468355124509788,0.4699509777600252,-0.1429920494556427
0.1784810197504261,0.4699509777600252,-0.18317048251628876
0.1822784882557543,0.4699509777600252,-0.21990031003952026
0.18607595676108252,0.4699509777600252,-0.25275009870529175
0.18987342526641074,0.4699509777600252,-0.28134989738464355
0.19367089377173893,0.4699509777600252,-0.3053956925868988
0.19746836227706716,0.4699509777600252,-0.32465294003486633
0.20126583078239538,0.4699509777600252,-0.3389601707458496
0.2050632992877236,0.4699509777600252,-0.34822970628738403
0.2088607677930518,0.4699509777600252,-0.3524489998817444
0.21265823629838002,0.4699509777600252,-0.3516797721385956
0.21645570480370824,0.4699509777600252,-0.34605690836906433
0.22025317330903646,0.4699509777600252,-0.3357854187488556
0.22405064181436465,0.4699509777600252,-0.3211372196674347
0.22784811031969288,0.4699509777600252,-0.3024462163448334
0.2316455788250211,0.4699509777600252,-0.28010350465774536
0.23544304733034932,0.4699509777600252,-0.2545502781867981
0.23924051583567751,0.4699509777600252,-0.22627143561840057
0.24303798434100574,0.4699509777600252,0.00439119478687644
0.24683545284633396,0.4699509777600252,0.003745218040421605
0.25063292135166215,0.4699509777600252,0.003123553702607751
0.2544303898569904,0.4699509777600252,0.0025302544236183167
0.2582278583623186,0.4699509777600252,-0.021666064858436584
0.2620253268676468,0.4699509777600252,-0.0032013938762247562
0.26582279537297504,0.4699509777600252,0.014610576443374157
0.26962026387830323,0.4699509777600252,0.03143816813826561
0.27341773238363143,0.4699509777600252,0.04696705564856529
0.2772152008889597,0.4699509777600252,0.06090573966503143
0.2810126693942879,0.4699509777600252,0.07298904657363892
0.2848101378996161,0.4699509777600252,0.08298348635435104
0.2886076064049443,0.4699509777600252,0.09069021046161652
0.2924050749102725,0.4699509777600252,0.015113256871700287
0.29620254341560076,0.4699509777600252,0.016682425513863564
0.30000001192092896,0.4699509777600252,0.017782097682356834
0.0,0.48200100283079506,-0.0061378502286970615
0.0037974685053282146,0.48200100283079506,-0.00610364368185401
0.007594937010656429,0.48200100283079506,-0.006001237314194441
0.011392405515984643,0.48200100283079506,-0.005831272806972265
0.015189874021312859,0.48200100283079506,-0.005594817455857992
0.018987342526641072,0.48200100283079506,-0.2514849007129669
0.022784811031969287,0.48200100283079506,-0.2283865064382553
0.026582279537297502,0.48200100283079506,-0.20230039954185486
0.030379748042625717,0.48200100283079506,-0.17357173562049866
0.03417721654795393,0.48200100283079506,-0.14257968962192535
0.037974685053282144,0.48200100283079506,-0.10973241925239563
0.04177215355861036,0.48200100283079506,-0.0022519894409924746
0.045569622063938574,0.48200100283079506,-0.0015694046160206199
0.04936709056926679,0.48200100283079506,-0.0008470561006106436
0.053164559074595004,0.48200100283079506,-8.948096365202218e-05
0.05696202757992322,0.48200100283079506,0.0006985627114772797
0.060759496085251434,0.48200100283079506,0.13313356041908264
0.06455696459057965,0.48200100283079506,0.1877841353416443
0.06835443309590786,0.48200100283079506,0.2401246875524521
0.07215190160123608,0.48200100283079506,0.289495050907135
0.07594937010656429,0.48200100283079506,0.3352779448032379
0.07974683861189251,0.48200100283079506,0.37690624594688416
0.08354430711722072,0.48200100283079506,0.41387107968330383
0.08734177562254894,0.48200100283079506,0.44572800397872925
0.09113924412787715,0.48200100283079506,0.47210264205932617
0.09493671263320537,0.48200100283079506,0.49269598722457886
0.09873418113853358,0.48200100283079506,0.25113144516944885
0.1025316496438618,0.48200100283079506,0.25217413902282715
0.10632911814919001,0.48200100283079506,0.2500423192977905
0.11012658665451823,0.48200100283079506,0.2447821944952011
0.11392405515984644,0.48200100283079506,0.5040817260742188
0.11772152366517466,0.48200100283079506,0.48821932077407837
0.12151899217050287,0.48200100283079506,0.4667447805404663
0.12531646067583108,0.48200100283079506,0.4399956464767456
0.1291139291811593,0.48200100283079506,0.4083768129348755
0.13291139768648752,0.48200100283079506,0.3723544776439667
0.13670886619181571,0.48200100283079506,0.015187812969088554
0.14050633469714394,0.48200100283079506,0.015396056696772575
0.14430380320247216,0.48200100283079506,0.015536859631538391
0.14810127170780038,0.48200100283079506,0.01560930721461773
0.15189874021312857,0.48200100283079506,0.015612893737852573
0.1556962087184568,0.48200100283079506,0.01554756797850132
0.15949367722378502,0.48200100283079506,0.015413705259561539
0.16329114572911324,0.48200100283079506,0.015212113037705421
0.16708861423444143,0.48200100283079506,0.014944037422537804
0.17088608273976966,0.48200100283079506,-0.09905491769313812
0.17468355124509788,0.48200100283079506,-0.14314457774162292
0.1784810197504261,0.48200100283079506,-0.18424108624458313
0.1822784882557543,0.48200100283079506,-0.2218492329120636
0.18607595676108252,0.48200100283079506,-0.2555293142795563
0.18987342526641074,0.48200100283079506,-0.2849041223526001
0.19367089377173893,0.48200100283079506,-0.30966317653656006
0.19746836227706716,0.48200100283079506,-0.3295666575431824
0.20126583078239538,0.48200100283079506,-0.34444892406463623
0.2050632992877236,0.48200100283079506,-0.35421913862228394
0.2088607677930518,0.48200100283079506,-0.3588629364967346
0.21265823629838002,0.48200100283079506,-0.35844117403030396
0.21645570480370824,0.48200100283079506,-0.35308921337127686
0.22025317330903646,0.48200100283079506,-0.3430135250091553
0.22405064181436465,0.48200100283079506,-0.32848864793777466
0.22784811031969288,0.48200100283079506,-0.30985206365585327
0.2316455788250211,0.48200100283079506,0.0032102440018206835
0.23544304733034932,0.48200100283079506,0.0023530111648142338
0.23924051583567751,0.48200100283079506,0.0015105350175872445
0.24303798434100574,0.48200100283079506,0.0006881700246594846
0.24683545284633396,0.48200100283079506,-0.00010885535448323935
0.25063292135166215,0.48200100283079506,-0.0008754631853662431
0.2544303898569904,0.48200100283079506,-0.0016067865071818233
0.2582278583623186,0.48200100283079506,-0.002298165112733841
0.2620253268676468,0.48200100283079506,-0.0029451968148350716
0.26582279537297504,0.48200100283079506,-0.0035437587648630142
0.26962026387830323,0.48200100283079506,-0.004090039990842342
0.27341773238363143,0.48200100283079506,-0.004580559208989143
0.2772152008889597,0.48200100283079506,-0.005012188572436571
0.2810126693942879,0.48200100283079506,0.00349237397313118
0.2848101378996161,0.48200100283079506,0.006264934781938791
0.2886076064049443,0.48200100283079506,0.008607309311628342
0.2924050749102725,0.48200100283079506,0.010499954223632812
0.29620254341560076,0.48200100283079506,0.011931536719202995
0.30000001192092896,0.48200100283079506,0.01289910264313221
0.0,0.49405102790156497,-0.003744784276932478
0.0037974685053282146,0.49405102790156497,-0.003713164245709777
0.007594937010656429,0.49405102790156497,-0.003618500893935561
0.011392405515984643,0.49405102790156497,-0.003461384680122137
0.015189874021312859,0.49405102790156497,-0.0032427962869405746
0.018987342526641072,0.49405102790156497,-0.2554429769515991
0.022784811031969287,0.49405102790156497,-0.23216035962104797
0.026582279537297502,0.49405102790156497,-0.20582705736160278
0.030379748042625717,0.49405102790156497,-0.17679265141487122
0.03417721654795393,0.49405102790156497,-0.1454412341117859
0.037974685053282144,0.49405102790156497,-0.11218651384115219
0.04177215355861036,0.49405102790156497,-0.07746631652116776
0.045569622063938574,0.49405102790156497,0.00047857873141765594
0.04936709056926679,0.49405102790156497,0.0011461230460554361
0.053164559074595004,0.49405102790156497,0.0018460177816450596
0.05696202757992322,0.49405102790156497,0.0025737679097801447
0.060759496085251434,0.49405102790156497,0.13695476949214935
0.06455696459057965,0.49405102790156497,0.19261345267295837
0.06835443309590786,0.49405102790156497,0.2459249347448349
0.07215190160123608,0.49405102790156497,0.2962172031402588
0.07594937010656429,0.49405102790156497,0.34286192059516907
0.07974683861189251,0.49405102790156497,0.38528159260749817
0.08354430711722072,0.49405102790156497,0.42295804619789124
0.08734177562254894,0.49405102790156497,0.455438494682312
0.09113924412787715,0.49405102790156497,0.48234131932258606
0.09493671263320537,0.49405102790156497,0.503361701965332
0.09873418113853358,0.49405102790156497,0.254878968000412
0.1025316496438618,0.49405102790156497,0.25610095262527466
0.10632911814919001,0.49405102790156497,0.25410714745521545
0.11012658665451823,0.49405102790156497,0.24894262850284576
0.11392405515984644,0.49405102790156497,0.5152501463890076
0.11772152366517466,0.49405102790156497,0.49915823340415955
0.12151899217050287,0.49405102790156497,0.47734928131103516
0.12531646067583108,0.49405102790156497,0.45016565918922424
0.1291139291811593,0.49405102790156497,0.41801828145980835
0.13291139768648752,0.49405102790156497,0.3813803791999817
0.13670886619181571,0.49405102790156497,0.3407813310623169
0.14050633469714394,0.49405102790156497,0.01554595585912466
0.14430380320247216,0.49405102790156497,0.015585745684802532
0.14810127170780038,0.49405102790156497,0.01555368211120367
0.15189874021312857,0.49405102790156497,0.015449044294655323
0.1556962087184568,0.49405102790156497,0.015271572396159172
0.15949367722378502,0.49405102790156497,0.048561252653598785
0.16329114572911324,0.49405102790156497,-0.0020429790019989014
0.16708861423444143,0.49405102790156497,-0.0514042004942894
0.17088608273976966,0.49405102790156497,-0.09889055043458939
0.17468355124509788,0.49405102790156497,-0.14390411972999573
0.1784810197504261,0.49405102790156497,-0.18588991463184357
0.1822784882557543,0.49405102790156497,-0.2243438959121704
0.18607595676108252,0.49405102790156497,-0.2588183283805847
0.18987342526641074,0.49405102790156497,-0.28892892599105835
0.19367089377173893,0.49405102790156497,-0.31435903906822205
0.19746836227706716,0.49405102790156497,-0.3348638415336609
0.20126583078239538,0.49405102790156497,0.007993037812411785
0.2050632992877236,0.49405102790156497,-0.360495001077652
0.2088607677930518,0.49405102790156497,-0.36551177501678467
0.21265823629838002,0.49405102790156497,-0.3653845489025116
0.21645570480370824,0.49405102790156497,-0.3602493405342102
0.22025317330903646,0.49405102790156497,-0.3503144681453705
0.22405064181436465,0.49405102790156497,-0.3358573913574219
0.22784811031969288,0.49405102790156497,-0.3172195553779602
0.2316455788250211,0.49405102790156497,-0.29407164454460144
0.23544304733034932,0.49405102790156497,-0.2683863639831543
0.23924051583567751,0.49405102790156497,-0.23986947536468506
0.24303798434100574,0.49405102790156497,-0.20905494689941406
0.24683545284633396,0.49405102790156497,-0.004005521535873413
0.25063292135166215,0.49405102790156497,-0.0049142977222800255
0.2544303898569904,0.49405102790156497,-0.005781004671007395
0.2582278583623186,0.49405102790156497,-0.006600205320864916
0.2620253268676468,0.49405102790156497,-0.007366746664047241
0.26582279537297504,0.49405102790156497,-0.00807579793035984
0.26962026387830323,0.49405102790156497,-0.008722876198589802
0.27341773238363143,0.49405102790156497,-0.009303882718086243
0.2772152008889597,0.49405102790156497,-0.0035004690289497375
0.2810126693942879,0.49405102790156497,-0.000497809611260891
0.2848101378996161,0.49405102790156497,0.0021034423261880875
0.2886076064049443,0.49405102790156497,0.004276529885828495
0.2924050749102725,0.49405102790156497,0.006002691574394703
0.29620254341560076,0.49405102790156497,0.007271437905728817
0.30000001192092896,0.49405102790156497,0.008080730214715004
0.0,0.5061010529723349,-0.0013214361388236284
0.0037974685053282146,0.5061010529723349,-0.0012925988994538784
0.007594937010656429,0.5061010529723349,-0.0012062655296176672
0.011392405515984643,0.5061010529723349,-0.001062970724888146
0.015189874021312859,0.5061010529723349,-0.0008636051206849515
0.018987342526641072,0.5061010529723349,-0.25894370675086975
0.022784811031969287,0.5061010529723349,-0.23547595739364624
0.026582279537297502,0.5061010529723349,-0.2088976502418518
0.030379748042625717,0.5061010529723349,-0.17956256866455078
0.03417721654795393,0.5061010529723349,-0.14785978198051453
0.037974685053282144,0.5061010529723349,-0.11420851200819016
0.04177215355861036,0.5061010529723349,-0.07905256003141403
0.045569622063938574,0.5061010529723349,0.002530705649405718
0.04936709056926679,0.5061010529723349,0.003139323787763715
0.053164559074595004,0.5061010529723349,0.0037772178184241056
0.05696202757992322,0.5061010529723349,0.0826759785413742
0.060759496085251434,0.5061010529723349,0.14096012711524963
0.06455696459057965,0.5061010529723349,0.1975764036178589
0.06835443309590786,0.5061010529723349,0.2518070638179779
0.07215190160123608,0.5061010529723349,0.30296868085861206
0.07594937010656429,0.5061010529723349,0.3504219949245453
0.07974683861189251,0.5061010529723349,0.3935796320438385
0.08354430711722072,0.5061010529723349,0.4319142997264862
0.08734177562254894,0.5061010529723349,0.46496522426605225
0.09113924412787715,0.5061010529723349,0.4923439621925354
0.09493671263320537,0.5061010529723349,0.011405722238123417
0.09873418113853358,0.5061010529723349,0.012024900875985622
0.1025316496438618,0.5061010529723349,0.012609674595296383
0.10632911814919001,0.5061010529723349,0.013155199587345123
0.11012658665451823,0.5061010529723349,0.013656794093549252
0.11392405515984644,0.5061010529723349,0.5259015560150146
0.11772152366517466,0.5061010529723349,0.5095416307449341
0.12151899217050287,0.5061010529723349,0.48736292123794556
0.12531646067583108,0.5061010529723349,0.459712952375412
0.1291139291811593,0.5061010529723349,0.4270087778568268
0.13291139768648752,0.5061010529723349,0.389730840921402
0.13670886619181571,0.5061010529723349,0.34841686487197876
0.14050633469714394,0.5061010529723349,0.30365240573883057
0.14430380320247216,0.5061010529723349,0.25606417655944824
0.14810127170780038,0.5061010529723349,0.20630864799022675
0.15189874021312857,0.5061010529723349,0.1550653576850891
0.1556962087184568,0.5061010529723349,0.10302506387233734
0.15949367722378502,0.5061010529723349,0.05088186264038086
0.16329114572911324,0.5061010529723349,-0.0006790757179260254
0.16708861423444143,0.5061010529723349,-0.05098801851272583
0.17088608273976966,0.5061010529723349,-0.09940256923437119
0.17468355124509788,0.5061010529723349,-0.1453147530555725
0.1784810197504261,0.5061010529723349,-0.18816021084785461
0.1822784882557543,0.5061010529723349,-0.22742614150047302
0.18607595676108252,0.5061010529723349,-0.26265695691108704
0.18987342526641074,0.5061010529723349,-0.29346150159835815
0.19367089377173893,0.5061010529723349,0.008069876581430435
0.19746836227706716,0.5061010529723349,0.007051953114569187
0.20126583078239538,0.5061010529723349,0.005990209057927132
0.2050632992877236,0.5061010529723349,0.004890219774097204
0.2088607677930518,0.5061010529723349,0.0037578765768557787
0.21265823629838002,0.5061010529723349,-0.37251874804496765
0.21645570480370824,0.5061010529723349,-0.36753955483436584
0.22025317330903646,0.5061010529723349,-0.3576834797859192
0.22405064181436465,0.5061010529723349,-0.3432313799858093
0.22784811031969288,0.5061010529723349,-0.3245289623737335
0.2316455788250211,0.5061010529723349,-0.30133968591690063
0.23544304733034932,0.5061010529723349,-0.27546626329421997
0.23924051583567751,0.5061010529723349,-0.2467094510793686
0.24303798434100574,0.5061010529723349,-0.2156107872724533
0.24683545284633396,0.5061010529723349,-0.18274176120758057
0.25063292135166215,0.5061010529723349,-0.14869393408298492
0.2544303898569904,0.5061010529723349,-0.11407081037759781
0.2582278583623186,0.5061010529723349,-0.07947792112827301
0.2620253268676468,0.5061010529723349,-0.04551359638571739
0.26582279537297504,0.5061010529723349,-0.012761224992573261
0.26962026387830323,0.5061010529723349,0.018221834674477577
0.27341773238363143,0.5061010529723349,-0.010227799415588379
0.2772152008889597,0.5061010529723349,-0.007047757972031832
0.2810126693942879,0.5061010529723349,-0.0042358143255114555
0.2848101378996161,0.5061010529723349,-0.0018256837502121925
0.2886076064049443,0.5061010529723349,0.00015670247375965118
0.2924050749102725,0.5061010529723349,0.0016934964805841446
0.29620254341560076,0.5061010529723349,0.0027752136811614037
0.30000001192092896,0.5061010529723349,0.00340086966753006
0.0,0.5181510780431047,0.0011004218831658363
0.0037974685053282146,0.5181510780431047,0.0011263267369940877
0.007594937010656429,0.5181510780431047,0.001203881110996008
0.011392405515984643,0.5181510780431047,0.0013326090993359685
0.015189874021312859,0.5181510780431047,0.0015117150032892823
0.018987342526641072,0.5181510780431047,-0.26202553510665894
0.022784811031969287,0.5181510780431047,-0.23836952447891235
0.026582279537297502,0.5181510780431047,-0.21154585480690002
0.030379748042625717,0.5181510780431047,-0.1819126009941101
0.03417721654795393,0.5181510780431047,-0.14986369013786316
0.037974685053282144,0.5181510780431047,-0.11582393199205399
0.04177215355861036,0.5181510780431047,-0.0802430585026741
0.045569622063938574,0.5181510780431047,-0.04358970373868942
0.04936709056926679,0.5181510780431047,0.005107772536575794
0.053164559074595004,0.5181510780431047,0.005680329166352749
0.05696202757992322,0.5181510780431047,0.08590549230575562
0.060759496085251434,0.5181510780431047,0.1451272964477539
0.06455696459057965,0.5181510780431047,0.20265324413776398
0.06835443309590786,0.5181510780431047,0.25775375962257385
0.07215190160123608,0.5181510780431047,0.3097342252731323
0.07594937010656429,0.5181510780431047,0.3579448461532593
0.07974683861189251,0.5181510780431047,0.40178853273391724
0.08354430711722072,0.5181510780431047,0.010691351257264614
0.08734177562254894,0.5181510780431047,0.011301607824862003
0.09113924412787715,0.5181510780431047,0.011891786940395832
0.09493671263320537,0.5181510780431047,0.012456834316253662
0.09873418113853358,0.5181510780431047,0.012991721741855145
0.1025316496438618,0.5181510780431047,0.013491486199200153
0.10632911814919001,0.5181510780431047,0.0139512550085783
0.11012658665451823,0.5181510780431047,0.014366292394697666
0.11392405515984644,0.5181510780431047,0.01473202183842659
0.11772152366517466,0.5181510780431047,0.519354522228241
0.12151899217050287,0.5181510780431047,0.4967688322067261
0.12531646067583108,0.5181510780431047,0.46861836314201355
0.1291139291811593,0.5181510780431047,0.43532678484916687
0.13291139768648752,0.5181510780431047,0.39738208055496216
0.13670886619181571,0.5181510780431047,0.35533037781715393
0.14050633469714394,0.5181510780431047,0.30976659059524536
0.14430380320247216,0.5181510780431047,0.26132732629776
0.14810127170780038,0.5181510780431047,0.21067962050437927
0.15189874021312857,0.5181510780431047,0.1585138589143753
0.1556962087184568,0.5181510780431047,0.1055319532752037
0.15949367722378502,0.5181510780431047,0.05243916064500809
0.16329114572911324,0.5181510780431047,-6.817281246185303e-05
0.16708861423444143,0.5181510780431047,-0.05130945146083832
0.17088608273976966,0.5181510780431047,-0.10063178837299347
0.17468355124509788,0.5181510780431047,-0.14741718769073486
0.1784810197504261,0.5181510780431047,-0.1910918653011322
0.1822784882557543,0.5181510780431047,-0.2311345636844635
0.18607595676108252,0.5181510780431047,0.008504736237227917
0.18987342526641074,0.5181510780431047,0.007448891643434763
0.19367089377173893,0.5181510780431047,0.006336126010864973
0.19746836227706716,0.5181510780431047,0.005171535536646843
0.20126583078239538,0.5181510780431047,0.003960633184760809
0.2050632992877236,0.5181510780431047,0.0027093745302408934
0.2088607677930518,0.5181510780431047,0.001424084766767919
0.21265823629838002,0.5181510780431047,0.00011143612209707499
0.21645570480370824,0.5181510780431047,-0.3749615550041199
0.22025317330903646,0.5181510780431047,-0.3651156723499298
0.22405064181436465,0.5181510780431047,-0.35059866309165955
0.22784811031969288,0.5181510780431047,-0.33176106214523315
0.2316455788250211,0.5181510780431047,-0.3084716796875
0.23544304733034932,0.5181510780431047,-0.2823391854763031
0.23924051583567751,0.5181510780431047,-0.25327223539352417
0.24303798434100574,0.5181510780431047,-0.22182025015354156
0.24683545284633396,0.5181510780431047,-0.1885632872581482
0.25063292135166215,0.5181510780431047,-0.1541016548871994
0.2544303898569904,0.5181510780431047,-0.11904791742563248
0.2582278583623186,0.5181510780431047,-0.08401668071746826
0.2620253268676468,0.5181510780431047,-0.04961530119180679
0.26582279537297504,0.5181510780431047,-0.016435926780104637
0.26962026387830323,0.5181510780431047,0.01495557650923729
0.27341773238363143,0.5181510780431047,-0.013238438405096531
0.2772152008889597,0.5181510780431047,-0.010261807590723038
0.2810126693942879,0.5181510780431047,-0.007656432688236237
0.2848101378996161,0.5181510780431047,-0.005455187521874905
0.2886076064049443,0.5181510780431047,-0.0036830706521868706
0.2924050749102725,0.5181510780431047,-0.0023568831384181976
0.29620254341560076,0.5181510780431047,-0.0014849919825792313
0.30000001192092896,0.5181510780431047,-0.0010671596974134445
0.0,0.5302011031138746,-0.05181281641125679
0.0037974685053282146,0.5302011031138746,-0.05250312387943268
0.007594937010656429,0.5302011031138746,-0.052402980625629425
0.011392405515984643,0.5302011031138746,-0.051507171243429184
0.015189874021312859,0.5302011031138746,-0.04982065409421921
0.018987342526641072,0.5302011031138746,-0.04735848307609558
0.022784811031969287,0.5302011031138746,-0.04414563253521919
0.026582279537297502,0.5302011031138746,-0.024940941482782364
0.030379748042625717,0.5302011031138746,-0.019589394330978394
0.03417721654795393,0.5302011031138746,-0.0139224324375391
0.037974685053282144,0.5302011031138746,-0.008017351850867271
0.04177215355861036,0.5302011031138746,-0.0019541746005415916
0.045569622063938574,0.5302011031138746,0.004185419995337725
0.04936709056926679,0.5302011031138746,0.010319150052964687
0.053164559074595004,0.5302011031138746,0.01636524312198162
0.05696202757992322,0.5302011031138746,0.08959171175956726
0.060759496085251434,0.5302011031138746,0.14966215193271637
0.06455696459057965,0.5302011031138746,0.20799978077411652
0.06835443309590786,0.5302011031138746,0.2637471854686737
0.07215190160123608,0.5302011031138746,0.31649842858314514
0.07594937010656429,0.5302011031138746,0.3654171824455261
0.07974683861189251,0.5302011031138746,0.40989693999290466
0.08354430711722072,0.5302011031138746,0.44939303398132324
0.08734177562254894,0.5302011031138746,0.48342975974082947
0.09113924412787715,0.5302011031138746,0.5116058588027954
0.09493671263320537,0.5302011031138746,0.5336006879806519
0.09873418113853358,0.5302011031138746,0.5491767525672913
0.1025316496438618,0.5302011031138746,0.5581835508346558
0.10632911814919001,0.5302011031138746,0.5605584979057312
0.11012658665451823,0.5302011031138746,0.556327223777771
0.11392405515984644,0.5302011031138746,0.5456032752990723
0.11772152366517466,0.5302011031138746,0.5285850763320923
0.12151899217050287,0.5302011031138746,0.5055533647537231
0.12531646067583108,0.5302011031138746,0.47686639428138733
0.1291139291811593,0.5302011031138746,0.4429547190666199
0.13291139768648752,0.5302011031138746,0.40431416034698486
0.13670886619181571,0.5302011031138746,0.3614996671676636
0.14050633469714394,0.5302011031138746,0.31511569023132324
0.14430380320247216,0.5302011031138746,0.2658091187477112
0.14810127170780038,0.5302011031138746,0.21425761282444
0.15189874021312857,0.5302011031138746,0.16116276383399963
0.1556962087184568,0.5302011031138746,0.10723770409822464
0.15949367722378502,0.5302011031138746,0.05319909006357193
0.16329114572911324,0.5302011031138746,-0.00024555623531341553
0.16708861423444143,0.5302011031138746,-0.052404627203941345
0.17088608273976966,0.5302011031138746,-0.10261468589305878
0.17468355124509788,0.5302011031138746,-0.15024776756763458
0.1784810197504261,0.5302011031138746,-0.1947208046913147
0.1822784882557543,0.5302011031138746,-0.23550400137901306
0.18607595676108252,0.5302011031138746,-0.27212655544281006
0.18987342526641074,0.5302011031138746,-0.3041839599609375
0.19367089377173893,0.5302011031138746,-0.3313426971435547
0.19746836227706716,0.5302011031138746,-0.3533443212509155
0.20126583078239538,0.5302011031138746,-0.37000930309295654
0.2050632992877236,0.5302011031138746,-0.3812376856803894
0.2088607677930518,0.5302011031138746,-0.38701072335243225
0.21265823629838002,0.5302011031138746,-0.38738998770713806
0.21645570480370824,0.5302011031138746,-0.38251611590385437
0.22025317330903646,0.5302011031138746,-0.37260550260543823
0.22405064181436465,0.5302011031138746,-0.35794708132743835
0.22784811031969288,0.5302011031138746,-0.338896781206131
0.2316455788250211,0.5302011031138746,-0.3158724308013916
0.23544304733034932,0.5302011031138746,-0.28934621810913086
0.23924051583567751,0.5302011031138746,-0.25983771681785583
0.24303798434100574,0.5302011031138746,-0.22790533304214478
0.24683545284633396,0.5302011031138746,-0.1941385418176651
0.25063292135166215,0.5302011031138746,-0.10014638304710388
0.2544303898569904,0.5302011031138746,-0.07951612770557404
0.2582278583623186,0.5302011031138746,-0.05871172621846199
0.2620253268676468,0.5302011031138746,-0.038119103759527206
0.26582279537297504,0.5302011031138746,-0.018117612227797508
0.26962026387830323,0.5302011031138746,0.0009273113682866096
0.27341773238363143,0.5302011031138746,0.018668660894036293
0.2772152008889597,0.5302011031138746,0.03478379547595978
0.2810126693942879,0.5302011031138746,0.048978377133607864
0.2848101378996161,0.5302011031138746,0.06099209934473038
0.2886076064049443,0.5302011031138746,-0.0071761468425393105
0.2924050749102725,0.5302011031138746,-0.006079854443669319
0.29620254341560076,0.5302011031138746,-0.0054388344287872314
0.30000001192092896,0.5302011031138746,-0.0052515119314193726
0.0,0.5422511281846445,-0.050296440720558167
0.0037974685053282146,0.5422511281846445,-0.05090118944644928
0.007594937010656429,0.5422511281846445,-0.05071069672703743
0.011392405515984643,0.5422511281846445,-0.04972043260931969
0.015189874021312859,0.5422511281846445,-0.04793613404035568
0.018987342526641072,0.5422511281846445,-0.045373763889074326
0.022784811031969287,0.5422511281846445,-0.042059276252985
0.026582279537297502,0.5422511281846445,-0.02380383387207985
0.030379748042625717,0.5422511281846445,-0.018491819500923157
0.03417721654795393,0.5422511281846445,-0.012859039008617401
0.037974685053282144,0.5422511281846445,-0.00698305107653141
0.04177215355861036,0.5422511281846445,-0.0009442083537578583
0.045569622063938574,0.5422511281846445,0.005175443831831217
0.04936709056926679,0.5422511281846445,0.011293204501271248
0.053164559074595004,0.5422511281846445,0.031205078586935997
0.05696202757992322,0.5422511281846445,0.09311403334140778
0.060759496085251434,0.5422511281846445,0.1540374457836151
0.06455696459057965,0.5422511281846445,0.21319662034511566
0.06835443309590786,0.5422511281846445,0.2697694003582001
0.07215190160123608,0.5422511281846445,0.323246031999588
0.07594937010656429,0.5422511281846445,0.37282612919807434
0.07974683861189251,0.5422511281846445,0.4178939461708069
0.08354430711722072,0.5422511281846445,0.4578966498374939
0.08734177562254894,0.5422511281846445,0.49235135316848755
0.09113924412787715,0.5422511281846445,0.5208508968353271
0.09493671263320537,0.5422511281846445,0.5430697798728943
0.09873418113853358,0.5422511281846445,0.5587674379348755
0.1025316496438618,0.5422511281846445,0.5677912831306458
0.10632911814919001,0.5422511281846445,0.5700781345367432
0.11012658665451823,0.5422511281846445,0.5656545162200928
0.11392405515984644,0.5422511281846445,0.5546360611915588
0.11772152366517466,0.5422511281846445,0.5372249484062195
0.12151899217050287,0.5422511281846445,0.5137065649032593
0.12531646067583108,0.5422511281846445,0.48444533348083496
0.1291139291811593,0.5422511281846445,0.4498789608478546
0.13291139768648752,0.5422511281846445,0.4105115234851837
0.13670886619181571,0.5422511281846445,0.3669070601463318
0.14050633469714394,0.5422511281846445,0.3196799159049988
0.14430380320247216,0.5422511281846445,0.26948755979537964
0.14810127170780038,0.5422511281846445,0.21701864898204803
0.15189874021312857,0.5422511281846445,0.1629861444234848
0.1556962087184568,0.5422511281846445,0.10811468213796616
0.15949367722378502,0.5422511281846445,0.05313250422477722
0.16329114572911324,0.5422511281846445,-0.0012415051460266113
0.16708861423444143,0.5422511281846445,-0.05430467426776886
0.17088608273976966,0.5422511281846445,-0.10538290441036224
0.17468355124509788,0.5422511281846445,-0.15383823215961456
0.1784810197504261,0.5422511281846445,-0.1990782916545868
0.1822784882557543,0.5422511281846445,-0.24056494235992432
0.18607595676108252,0.5422511281846445,-0.27781981229782104
0.18987342526641074,0.5422511281846445,-0.31043222546577454
0.19367089377173893,0.5422511281846445,-0.3380632996559143
0.19746836227706716,0.5422511281846445,-0.36045071482658386
0.20126583078239538,0.5422511281846445,-0.3774121105670929
0.2050632992877236,0.5422511281846445,-0.388846218585968
0.2088607677930518,0.5422511281846445,-0.3947342336177826
0.21265823629838002,0.5422511281846445,-0.39513880014419556
0.21645570480370824,0.5422511281846445,-0.3902030885219574
0.22025317330903646,0.5422511281846445,-0.38014712929725647
0.22405064181436465,0.5422511281846445,-0.3652648329734802
0.22784811031969288,0.5422511281846445,-0.3459179103374481
0.2316455788250211,0.5422511281846445,-0.32253116369247437
0.23544304733034932,0.5422511281846445,-0.29558461904525757
0.23924051583567751,0.5422511281846445,-0.2656063139438629
0.24303798434100574,0.5422511281846445,-0.23316389322280884
0.24683545284633396,0.5422511281846445,-0.1988564431667328
0.25063292135166215,0.5422511281846445,-0.10818985104560852
0.2544303898569904,0.5422511281846445,-0.08703292906284332
0.2582278583623186,0.5422511281846445,-0.06567588448524475
0.2620253268676468,0.5422511281846445,-0.044512003660202026
0.26582279537297504,0.5422511281846445,-0.023927971720695496
0.26962026387830323,0.5422511281846445,-0.0042964699678123
0.27341773238363143,0.5422511281846445,0.014028379693627357
0.2772152008889597,0.5422511281846445,0.0307171568274498
0.2810126693942879,0.5422511281846445,0.04546908661723137
0.2848101378996161,0.5422511281846445,0.058017902076244354
0.2886076064049443,0.5422511281846445,0.06813526153564453
0.2924050749102725,0.5422511281846445,0.07563424110412598
0.29620254341560076,0.5422511281846445,0.0803719013929367
0.30000001192092896,0.5422511281846445,0.08225224912166595
0.0,0.5543011532554143,-0.04882282763719559
0.0037974685053282146,0.5543011532554143,-0.0493541918694973
0.007594937010656429,0.5543011532554143,-0.04908572882413864
0.011392405515984643,0.5543011532554143,-0.04801350086927414
0.015189874021312859,0.5543011532554143,-0.04614397883415222
0.018987342526641072,0.5543011532554143,-0.04349391534924507
0.022784811031969287,0.5543011532554143,-0.040090207010507584
0.026582279537297502,0.5543011532554143,-0.02264147624373436
0.030379748042625717,0.5543011532554143,-0.017361219972372055
0.03417721654795393,0.5543011532554143,-0.011755619198083878
0.037974685053282144,0.5543011532554143,-0.005902555771172047
0.04177215355861036,0.5543011532554143,0.00011727120727300644
0.045569622063938574,0.5543011532554143,0.006221418268978596
0.04936709056926679,0.5543011532554143,0.012326759286224842
0.053164559074595004,0.5543011532554143,0.03402302786707878
0.05696202757992322,0.5543011532554143,0.09677009284496307
0.060759496085251434,0.5543011532554143,0.15850986540317535
0.06455696459057965,0.5543011532554143,0.21845196187496185
0.06835443309590786,0.5543011532554143,0.2758023738861084
0.07215190160123608,0.5543011532554143,0.32996177673339844
0.07594937010656429,0.5543011532554143,0.38015905022621155
0.07974683861189251,0.5543011532554143,0.42576929926872253
0.08354430711722072,0.5543011532554143,0.4662317931652069
0.08734177562254894,0.5543011532554143,0.5010566711425781
0.09113924412787715,0.5543011532554143,0.5298311114311218
0.09493671263320537,0.5543011532554143,0.5522252917289734
0.09873418113853358,0.5543011532554143,0.5679956078529358
0.1025316496438618,0.5543011532554143,0.5769877433776855
0.10632911814919001,0.5543011532554143,0.5791385173797607
0.11012658665451823,0.5543011532554143,0.5744754076004028
0.11392405515984644,0.5543011532554143,0.5631168484687805
0.11772152366517466,0.5543011532554143,0.5452687740325928
0.12151899217050287,0.5543011532554143,0.5212219953536987
0.12531646067583108,0.5543011532554143,0.4913472533226013
0.1291139291811593,0.5543011532554143,0.45608997344970703
0.13291139768648752,0.5543011532554143,0.415962815284729
0.13670886619181571,0.5543011532554143,0.3715393543243408
0.14050633469714394,0.5543011532554143,0.3234441876411438
0.14430380320247216,0.5543011532554143,0.2723456621170044
0.14810127170780038,0.5543011532554143,0.21894384920597076
0.15189874021312857,0.5543011532554143,0.16396336257457733
0.1556962087184568,0.5543011532554143,0.10814065486192703
0.15949367722378502,0.5543011532554143,0.05221574008464813
0.16329114572911324,0.5543011532554143,-0.003080904483795166
0.16708861423444143,0.5543011532554143,-0.05703532695770264
0.17088608273976966,0.5543011532554143,-0.10896272957324982
0.17468355124509788,0.5543011532554143,-0.15821503102779388
0.1784810197504261,0.5543011532554143,-0.20419061183929443
0.1822784882557543,0.5543011532554143,-0.24634291231632233
0.18607595676108252,0.5543011532554143,-0.28418630361557007
0.18987342526641074,0.5543011532554143,-0.31730377674102783
0.19367089377173893,0.5543011532554143,-0.34535154700279236
0.19746836227706716,0.5543011532554143,-0.3680635690689087
0.20126583078239538,0.5543011532554143,-0.3852550983428955
0.2050632992877236,0.5543011532554143,-0.39682382345199585
0.2088607677930518,0.5543011532554143,-0.40275120735168457
0.21265823629838002,0.5543011532554143,-0.4031015932559967
0.21645570480370824,0.5543011532554143,-0.3980211615562439
0.22025317330903646,0.5543011532554143,-0.38773420453071594
0.22405064181436465,0.5543011532554143,-0.3725399672985077
0.22784811031969288,0.5543011532554143,-0.35280683636665344
0.2316455788250211,0.5543011532554143,-0.3289671242237091
0.23544304733034932,0.5543011532554143,-0.3015093207359314
0.23924051583567751,0.5543011532554143,-0.27097073197364807
0.24303798434100574,0.5543011532554143,-0.2379288524389267
0.24683545284633396,0.5543011532554143,-0.20299309492111206
0.25063292135166215,0.5543011532554143,-0.11605224758386612
0.2544303898569904,0.5543011532554143,-0.09429619461297989
0.2582278583623186,0.5543011532554143,-0.07231496274471283
0.2620253268676468,0.5543011532554143,-0.05050966516137123
0.26582279537297504,0.5543011532554143,-0.029274825006723404
0.26962026387830323,0.5543011532554143,-0.008990860544145107
0.27341773238363143,0.5543011532554143,0.009980552829802036
0.2772152008889597,0.5543011532554143,0.027302764356136322
0.2810126693942879,0.5543011532554143,0.042668115347623825
0.2848101378996161,0.5543011532554143,0.055803924798965454
0.2886076064049443,0.5543011532554143,0.06647607684135437
0.2924050749102725,0.5543011532554143,0.074492447078228
0.29620254341560076,0.5543011532554143,0.07970549911260605
0.30000001192092896,0.5543011532554143,0.0820155069231987
0.0,0.5663511783261842,-0.04742438346147537
0.0037974685053282146,0.5663511783261842,-0.0478944331407547
0.007594937010656429,0.5663511783261842,-0.04756014794111252
0.011392405515984643,0.5663511783261842,-0.04641811177134514
0.015189874021312859,0.5663511783261842,-0.04447542876005173
0.018987342526641072,0.5663511783261842,-0.041749611496925354
0.022784811031969287,0.5663511783261842,-0.03826843202114105
0.026582279537297502,0.5663511783261842,-0.021483462303876877
0.030379748042625717,0.5663511783261842,-0.016226373612880707
0.03417721654795393,0.5663511783261842,-0.01064005121588707
0.037974685053282144,0.5663511783261842,-0.004802742972970009
0.04177215355861036,0.5663511783261842,0.0012044506147503853
0.045569622063938574,0.5663511783261842,0.007298656273633242
0.04936709056926679,0.5663511783261842,-0.026788923889398575
0.053164559074595004,0.5663511783261842,0.036977969110012054
0.05696202757992322,0.5663511783261842,0.1005321741104126
0.060759496085251434,0.5663511783261842,0.16305506229400635
0.06455696459057965,0.5663511783261842,0.22374461591243744
0.06835443309590786,0.5663511783261842,0.2818281352519989
0.07215190160123608,0.5663511783261842,0.3366306722164154
0.07594937010656429,0.5663511783261842,0.38740357756614685
0.07974683861189251,0.5663511783261842,0.4335131347179413
0.08354430711722072,0.5663511783261842,0.47439074516296387
0.08734177562254894,0.5663511783261842,0.5095399022102356
0.09113924412787715,0.5663511783261842,0.5385424494743347
0.09493671263320537,0.5663511783261842,0.5610643625259399
0.09873418113853358,0.5663511783261842,0.5768592357635498
0.1025316496438618,0.5663511783261842,0.5857716798782349
0.10632911814919001,0.5663511783261842,0.5877384543418884
0.11012658665451823,0.5663511783261842,0.5827888250350952
0.11392405515984644,0.5663511783261842,0.5710440278053284
0.11772152366517466,0.5663511783261842,0.552714467048645
0.12151899217050287,0.5663511783261842,0.5280965566635132
0.12531646067583108,0.5663511783261842,0.4975680708885193
0.1291139291811593,0.5663511783261842,0.46158236265182495
0.13291139768648752,0.5663511783261842,0.42066118121147156
0.13670886619181571,0.5663511783261842,0.3753880560398102
0.14050633469714394,0.5663511783261842,0.3263983130455017
0.14430380320247216,0.5663511783261842,0.2743716239929199
0.14810127170780038,0.5663511783261842,0.22001975774765015
0.15189874021312857,0.5663511783261842,0.16407939791679382
0.1556962087184568,0.5663511783261842,0.10729909688234329
0.15949367722378502,0.5663511783261842,0.050430990755558014
0.16329114572911324,0.5663511783261842,-0.005782634019851685
0.16708861423444143,0.5663511783261842,-0.06061635911464691
0.17088608273976966,0.5663511783261842,-0.11337453126907349
0.17468355124509788,0.5663511783261842,-0.1633988320827484
0.1784810197504261,0.5663511783261842,-0.21007829904556274
0.1822784882557543,0.5663511783261842,-0.25285804271698
0.18607595676108252,0.5663511783261842,-0.29124516248703003
0.18987342526641074,0.5663511783261842,-0.32481661438941956
0.19367089377173893,0.5663511783261842,-0.3532238006591797
0.19746836227706716,0.5663511783261842,-0.3761971592903137
0.20126583078239538,0.5663511783261842,-0.39354991912841797
0.2050632992877236,0.5663511783261842,-0.40517908334732056
0.2088607677930518,0.5663511783261842,-0.4110669493675232
0.21265823629838002,0.5663511783261842,-0.41127994656562805
0.21645570480370824,0.5663511783261842,-0.4059677720069885
0.22025317330903646,0.5663511783261842,-0.3953596353530884
0.22405064181436465,0.5663511783261842,-0.3797607719898224
0.22784811031969288,0.5663511783261842,-0.35954681038856506
0.2316455788250211,0.5663511783261842,-0.3351583778858185
0.23544304733034932,0.5663511783261842,-0.30709308385849
0.23924051583567751,0.5663511783261842,-0.2758982479572296
0.24303798434100574,0.5663511783261842,-0.24216195940971375
0.24683545284633396,0.5663511783261842,-0.2065047323703766
0.25063292135166215,0.5663511783261842,-0.12364742159843445
0.2544303898569904,0.5663511783261842,-0.10121774673461914
0.2582278583623186,0.5663511783261842,-0.07853913307189941
0.2620253268676468,0.5663511783261842,-0.05602100491523743
0.26582279537297504,0.5663511783261842,-0.03406624123454094
0.26962026387830323,0.5663511783261842,-0.013063520193099976
0.27341773238363143,0.5663511783261842,0.0066174790263175964
0.2772152008889597,0.5663511783261842,0.02463235706090927
0.2810126693942879,0.5663511783261842,0.04066618159413338
0.2848101378996161,0.5663511783261842,0.0544394813477993
0.2886076064049443,0.5663511783261842,0.06571196019649506
0.2924050749102725,0.5663511783261842,0.07428589463233948
0.29620254341560076,0.5663511783261842,-0.0198981836438179
0.30000001192092896,0.5663511783261842,-0.020495649427175522
0.0,0.5784012033969541,0.012106223031878471
0.0037974685053282146,0.5784012033969541,0.012116845697164536
0.007594937010656429,0.5784012033969541,0.012148651294410229
0.011392405515984643,0.5784012033969541,0.012201455421745777
0.015189874021312859,0.5784012033969541,0.01227494329214096
0.018987342526641072,0.5784012033969541,-0.275764524936676
0.022784811031969287,0.5784012033969541,-0.25080546736717224
0.026582279537297502,0.5784012033969541,-0.22239041328430176
0.030379748042625717,0.5784012033969541,-0.19090354442596436
0.03417721654795393,0.5784012033969541,-0.1567685753107071
0.037974685053282144,0.5784012033969541,-0.12044282257556915
0.04177215355861036,0.5784012033969541,0.013313019648194313
0.045569622063938574,0.5784012033969541,0.013523491099476814
0.04936709056926679,0.5784012033969541,0.013745020143687725
0.053164559074595004,0.5784012033969541,0.013975612819194794
0.05696202757992322,0.5784012033969541,0.01421306375414133
0.060759496085251434,0.5784012033969541,0.014454939402639866
0.06455696459057965,0.5784012033969541,0.22902023792266846
0.06835443309590786,0.5784012033969541,0.28782889246940613
0.07215190160123608,0.5784012033969541,0.34323790669441223
0.07594937010656429,0.5784012033969541,0.39454779028892517
0.07974683861189251,0.5784012033969541,0.4411160945892334
0.08354430711722072,0.5784012033969541,0.4823665916919708
0.08734177562254894,0.5784012033969541,0.5177962779998779
0.09113924412787715,0.5784012033969541,0.5469817519187927
0.09493671263320537,0.5784012033969541,0.5695852637290955
0.09873418113853358,0.5784012033969541,0.5853579640388489
0.1025316496438618,0.5784012033969541,0.5941435694694519
0.10632911814919001,0.5784012033969541,0.595879077911377
0.11012658665451823,0.5784012033969541,0.590596079826355
0.11392405515984644,0.5784012033969541,0.5784189105033875
0.11772152366517466,0.5784012033969541,0.5595630407333374
0.12151899217050287,0.5784012033969541,0.5343307852745056
0.12531646067583108,0.5784012033969541,0.503107488155365
0.1291139291811593,0.5784012033969541,0.4663548469543457
0.13291139768648752,0.5784012033969541,0.42460423707962036
0.13670886619181571,0.5784012033969541,0.014730549417436123
0.14050633469714394,0.5784012033969541,0.014194565825164318
0.14430380320247216,0.5784012033969541,0.013577664270997047
0.14810127170780038,0.5784012033969541,0.012877414003014565
0.15189874021312857,0.5784012033969541,0.012091858312487602
0.1556962087184568,0.5784012033969541,0.011219576932489872
0.15949367722378502,0.5784012033969541,0.010259702801704407
0.16329114572911324,0.5784012033969541,0.009211967699229717
0.16708861423444143,0.5784012033969541,0.008076746016740799
0.17088608273976966,0.5784012033969541,-0.11863228678703308
0.17468355124509788,0.5784012033969541,-0.16940394043922424
0.1784810197504261,0.5784012033969541,-0.21675577759742737
0.1822784882557543,0.5784012033969541,-0.2601245045661926
0.18607595676108252,0.5784012033969541,-0.2990100383758545
0.18987342526641074,0.5784012033969541,-0.3329833447933197
0.19367089377173893,0.5784012033969541,-0.36169129610061646
0.19746836227706716,0.5784012033969541,-0.384861022233963
0.20126583078239538,0.5784012033969541,-0.40230414271354675
0.2050632992877236,0.5784012033969541,-0.4139172434806824
0.2088607677930518,0.5784012033969541,-0.41968390345573425
0.21265823629838002,0.5784012033969541,-0.41967320442199707
0.21645570480370824,0.5784012033969541,-0.4140389561653137
0.22025317330903646,0.5784012033969541,-0.40301576256752014
0.22405064181436465,0.5784012033969541,-0.3869156241416931
0.22784811031969288,0.5784012033969541,-0.3661220967769623
0.2316455788250211,0.5784012033969541,-0.020959919318556786
0.23544304733034932,0.5784012033969541,-0.022848084568977356
0.23924051583567751,0.5784012033969541,-0.02469777874648571
0.24303798434100574,0.5784012033969541,-0.026498645544052124
0.24683545284633396,0.5784012033969541,-0.02824043482542038
0.25063292135166215,0.5784012033969541,-0.029913051053881645
0.2544303898569904,0.5784012033969541,-0.03150668740272522
0.2582278583623186,0.5784012033969541,-0.03301185369491577
0.2620253268676468,0.5784012033969541,-0.034419480711221695
0.26582279537297504,0.5784012033969541,-0.035721007734537125
0.26962026387830323,0.5784012033969541,-0.036908429116010666
0.27341773238363143,0.5784012033969541,-0.03797439858317375
0.2772152008889597,0.5784012033969541,-0.038912251591682434
0.2810126693942879,0.5784012033969541,-0.022193169221282005
0.2848101378996161,0.5784012033969541,-0.021688222885131836
0.2886076064049443,0.5784012033969541,-0.021525632590055466
0.2924050749102725,0.5784012033969541,-0.02171044424176216
0.29620254341560076,0.5784012033969541,-0.022240716964006424
0.30000001192092896,0.5784012033969541,-0.023107457906007767
0.0,0.5904512284677239,0.013886641710996628
0.0037974685053282146,0.5904512284677239,0.013894397765398026
0.007594937010656429,0.5904512284677239,0.013917623087763786
0.011392405515984643,0.5904512284677239,0.013956181704998016
0.015189874021312859,0.5904512284677239,0.014009843580424786
0.018987342526641072,0.5904512284677239,-0.2772964537143707
0.022784811031969287,0.5904512284677239,-0.25208988785743713
0.026582279537297502,0.5904512284677239,-0.22338217496871948
0.030379748042625717,0.5904512284677239,-0.1915625035762787
0.03417721654795393,0.5904512284677239,-0.15706002712249756
0.037974685053282144,0.5904512284677239,-0.12033811211585999
0.04177215355861036,0.5904512284677239,-0.08188790827989578
0.045569622063938574,0.5904512284677239,0.014919034205377102
0.04936709056926679,0.5904512284677239,0.015079095959663391
0.053164559074595004,0.5904512284677239,0.01524494867771864
0.05696202757992322,0.5904512284677239,0.015414704568684101
0.060759496085251434,0.5904512284677239,0.1721971035003662
0.06455696459057965,0.5904512284677239,0.23434370756149292
0.06835443309590786,0.5904512284677239,0.2937873303890228
0.07215190160123608,0.5904512284677239,0.3497691750526428
0.07594937010656429,0.5904512284677239,0.401580274105072
0.07974683861189251,0.5904512284677239,0.4485694468021393
0.08354430711722072,0.5904512284677239,0.4901530146598816
0.08734177562254894,0.5904512284677239,0.5258216857910156
0.09113924412787715,0.5904512284677239,0.5551469922065735
0.09493671263320537,0.5904512284677239,0.5777877569198608
0.09873418113853358,0.5904512284677239,0.5934929847717285
0.1025316496438618,0.5904512284677239,0.6021055579185486
0.10632911814919001,0.5904512284677239,0.6035636067390442
0.11012658665451823,0.5904512284677239,0.5979008674621582
0.11392405515984644,0.5904512284677239,0.5852457284927368
0.11772152366517466,0.5904512284677239,0.5658186078071594
0.12151899217050287,0.5904512284677239,0.5399287343025208
0.12531646067583108,0.5904512284677239,0.507969081401825
0.1291139291811593,0.5904512284677239,0.4704104959964752
0.13291139768648752,0.5904512284677239,0.42779430747032166
0.13670886619181571,0.5904512284677239,0.3807253837585449
0.14050633469714394,0.5904512284677239,0.013693427667021751
0.14430380320247216,0.5904512284677239,0.013003096915781498
0.14810127170780038,0.5904512284677239,0.012229911051690578
0.15189874021312857,0.5904512284677239,0.011371838860213757
0.1556962087184568,0.5904512284677239,0.010427373461425304
0.15949367722378502,0.5904512284677239,0.044217802584171295
0.16329114572911324,0.5904512284677239,-0.013816863298416138
0.16708861423444143,0.5904512284677239,-0.07037663459777832
0.17088608273976966,0.5904512284677239,-0.12474341690540314
0.17468355124509788,0.5904512284677239,-0.17623817920684814
0.1784810197504261,0.5904512284677239,-0.22423097491264343
0.1822784882557543,0.5904512284677239,-0.2681502103805542
0.18607595676108252,0.5904512284677239,-0.30748850107192993
0.18987342526641074,0.5904512284677239,-0.34181100130081177
0.19367089377173893,0.5904512284677239,-0.37076014280319214
0.19746836227706716,0.5904512284677239,-0.3940601944923401
0.20126583078239538,0.5904512284677239,-0.41152119636535645
0.2050632992877236,0.5904512284677239,-0.4230400323867798
0.2088607677930518,0.5904512284677239,-0.4286016821861267
0.21265823629838002,0.5904512284677239,-0.42827868461608887
0.21645570480370824,0.5904512284677239,-0.4222293496131897
0.22025317330903646,0.5904512284677239,-0.4106943607330322
0.22405064181436465,0.5904512284677239,-0.39399322867393494
0.22784811031969288,0.5904512284677239,-0.3725181221961975
0.2316455788250211,0.5904512284677239,-0.3467284142971039
0.23544304733034932,0.5904512284677239,-0.02512959949672222
0.23924051583567751,0.5904512284677239,-0.02704278938472271
0.24303798434100574,0.5904512284677239,-0.02890506386756897
0.24683545284633396,0.5904512284677239,-0.030705897137522697
0.25063292135166215,0.5904512284677239,-0.032434940338134766
0.2544303898569904,0.5904512284677239,-0.034082114696502686
0.2582278583623186,0.5904512284677239,-0.03563766926527023
0.2620253268676468,0.5904512284677239,-0.03709227591753006
0.26582279537297504,0.5904512284677239,-0.0384371355175972
0.26962026387830323,0.5904512284677239,-0.03966400772333145
0.27341773238363143,0.5904512284677239,-0.04076533019542694
0.2772152008889597,0.5904512284677239,-0.023548759520053864
0.2810126693942879,0.5904512284677239,-0.022940538823604584
0.2848101378996161,0.5904512284677239,-0.022675585001707077
0.2886076064049443,0.5904512284677239,-0.02276475541293621
0.2924050749102725,0.5904512284677239,-0.02321181260049343
0.29620254341560076,0.5904512284677239,-0.024013333022594452
0.30000001192092896,0.5904512284677239,-0.025158731266856194
0.0,0.6025012535384938,0.01546860858798027
0.0037974685053282146,0.6025012535384938,0.01547365915030241
0.007594937010656429,0.6025012535384938,0.015488777309656143
0.011392405515984643,0.6025012535384938,0.015513877384364605
0.015189874021312859,0.6025012535384938,0.015548806637525558
0.018987342526641072,0.6025012535384938,-0.27872520685195923
0.022784811031969287,0.6025012535384938,-0.2532583475112915
0.026582279537297502,0.6025012535384938,-0.22424651682376862
0.030379748042625717,0.6025012535384938,-0.19208399951457977
0.03417721654795393,0.6025012535384938,-0.1572055071592331
0.037974685053282144,0.6025012535384938,-0.12008063495159149
0.04177215355861036,0.6025012535384938,-0.08120708167552948
0.045569622063938574,0.6025012535384938,0.01613667607307434
0.04936709056926679,0.6025012535384938,0.016238410025835037
0.053164559074595004,0.6025012535384938,0.01634279265999794
0.05696202757992322,0.6025012535384938,0.016448235139250755
0.060759496085251434,0.6025012535384938,0.17682881653308868
0.06455696459057965,0.6025012535384938,0.2396361082792282
0.06835443309590786,0.6025012535384938,0.2996864318847656
0.07215190160123608,0.6025012535384938,0.3562105894088745
0.07594937010656429,0.6025012535384938,0.40848997235298157
0.07974683861189251,0.6025012535384938,0.45586496591567993
0.08354430711722072,0.6025012535384938,0.4977443516254425
0.08734177562254894,0.6025012535384938,0.5336127877235413
0.09113924412787715,0.6025012535384938,0.563037097454071
0.09493671263320537,0.6025012535384938,0.5856726765632629
0.09873418113853358,0.6025012535384938,0.016996124759316444
0.1025316496438618,0.6025012535384938,0.01690767891705036
0.10632911814919001,0.6025012535384938,0.016779430210590363
0.11012658665451823,0.6025012535384938,0.016607042402029037
0.11392405515984644,0.6025012535384938,0.591530978679657
0.11772152366517466,0.6025012535384938,0.5714883804321289
0.12151899217050287,0.6025012535384938,0.5448976755142212
0.12531646067583108,0.6025012535384938,0.5121602416038513
0.1291139291811593,0.6025012535384938,0.47375643253326416
0.13291139768648752,0.6025012535384938,0.43023812770843506
0.13670886619181571,0.6025012535384938,0.38222163915634155
0.14050633469714394,0.6025012535384938,0.01312694139778614
0.14430380320247216,0.6025012535384938,0.012371128425002098
0.14810127170780038,0.6025012535384938,0.011533529497683048
0.15189874021312857,0.6025012535384938,0.15920041501522064
0.1556962087184568,0.6025012535384938,0.09949751198291779
0.15949367722378502,0.6025012535384938,0.03978602588176727
0.16329114572911324,0.6025012535384938,-0.019154369831085205
0.16708861423444143,0.6025012535384938,-0.07656233012676239
0.17088608273976966,0.6025012535384938,-0.13170820474624634
0.17468355124509788,0.6025012535384938,-0.1839022934436798
0.1784810197504261,0.6025012535384938,-0.23250502347946167
0.1822784882557543,0.6025012535384938,-0.27693629264831543
0.18607595676108252,0.6025012535384938,-0.3166816532611847
0.18987342526641074,0.6025012535384938,-0.3513004183769226
0.19367089377173893,0.6025012535384938,-0.38043081760406494
0.19746836227706716,0.6025012535384938,-0.006927452050149441
0.20126583078239538,0.6025012535384938,-0.008846741169691086
0.2050632992877236,0.6025012535384938,-0.010811269283294678
0.2088607677930518,0.6025012535384938,-0.4378165900707245
0.21265823629838002,0.6025012535384938,-0.4370909631252289
0.21645570480370824,0.6025012535384938,-0.430531769990921
0.22025317330903646,0.6025012535384938,-0.4183863699436188
0.22405064181436465,0.6025012535384938,-0.4009823799133301
0.22784811031969288,0.6025012535384938,-0.37872135639190674
0.2316455788250211,0.6025012535384938,-0.3520732522010803
0.23544304733034932,0.6025012535384938,-0.3221176862716675
0.23924051583567751,0.6025012535384938,-0.2883809208869934
0.24303798434100574,0.6025012535384938,-0.25198450684547424
0.24683545284633396,0.6025012535384938,-0.21358679234981537
0.25063292135166215,0.6025012535384938,-0.17386876046657562
0.2544303898569904,0.6025012535384938,-0.13352477550506592
0.2582278583623186,0.6025012535384938,-0.09325132519006729
0.2620253268676468,0.6025012535384938,-0.05373629927635193
0.26582279537297504,0.6025012535384938,-0.015650277957320213
0.26962026387830323,0.6025012535384938,0.02036617510020733
0.27341773238363143,0.6025012535384938,0.05371034890413284
0.2772152008889597,0.6025012535384938,-0.023461153730750084
0.2810126693942879,0.6025012535384938,-0.023074641823768616
0.2848101378996161,0.6025012535384938,-0.023046638816595078
0.2886076064049443,0.6025012535384938,-0.023386918008327484
0.2924050749102725,0.6025012535384938,-0.024097947403788567
0.29620254341560076,0.6025012535384938,-0.02517487108707428
0.30000001192092896,0.6025012535384938,-0.026605449616909027
0.0,0.6145512786092637,0.01683199778199196
0.0037974685053282146,0.6145512786092637,0.01683453470468521
0.007594937010656429,0.6145512786092637,0.016842128708958626
0.011392405515984643,0.6145512786092637,0.01685473695397377
0.015189874021312859,0.6145512786092637,0.01687227189540863
0.018987342526641072,0.6145512786092637,-0.28009501099586487
0.022784811031969287,0.6145512786092637,-0.25435489416122437
0.026582279537297502,0.6145512786092637,-0.22502700984477997
0.030379748042625717,0.6145512786092637,-0.19251082837581635
0.03417721654795393,0.6145512786092637,-0.15724697709083557
0.037974685053282144,0.6145512786092637,-0.1197112649679184
0.04177215355861036,0.6145512786092637,-0.08040814101696014
0.045569622063938574,0.6145512786092637,-0.039863694459199905
0.04936709056926679,0.6145512786092637,0.01720823347568512
0.053164559074595004,0.6145512786092637,0.017255175858736038
0.05696202757992322,0.6145512786092637,0.11599384993314743
0.060759496085251434,0.6145512786092637,0.181432843208313
0.06455696459057965,0.6145512786092637,0.24487802386283875
0.06835443309590786,0.6145512786092637,0.30550986528396606
0.07215190160123608,0.6145512786092637,0.36254867911338806
0.07594937010656429,0.6145512786092637,0.41526636481285095
0.07974683861189251,0.6145512786092637,0.4629948139190674
0.08354430711722072,0.6145512786092637,0.01741480454802513
0.08734177562254894,0.6145512786092637,0.017372703179717064
0.09113924412787715,0.6145512786092637,0.017306849360466003
0.09493671263320537,0.6145512786092637,0.017213646322488785
0.09873418113853358,0.6145512786092637,0.017089318484067917
0.1025316496438618,0.6145512786092637,0.016929924488067627
0.10632911814919001,0.6145512786092637,0.016731400042772293
0.11012658665451823,0.6145512786092637,0.016489582136273384
0.11392405515984644,0.6145512786092637,0.01620025373995304
0.11772152366517466,0.6145512786092637,0.5765823125839233
0.12151899217050287,0.6145512786092637,0.5492482781410217
0.12531646067583108,0.6145512786092637,0.5156920552253723
0.1291139291811593,0.6145512786092637,0.47640401124954224
0.13291139768648752,0.6145512786092637,0.43194714188575745
0.13670886619181571,0.6145512786092637,0.3829497992992401
0.14050633469714394,0.6145512786092637,0.33009499311447144
0.14430380320247216,0.6145512786092637,0.27411243319511414
0.14810127170780038,0.6145512786092637,0.21576541662216187
0.15189874021312857,0.6145512786092637,0.15584313869476318
0.1556962087184568,0.6145512786092637,0.09514667093753815
0.15949367722378502,0.6145512786092637,0.03448011726140976
0.16329114572911324,0.6145512786092637,-0.025363653898239136
0.16708861423444143,0.6145512786092637,-0.08361070603132248
0.17088608273976966,0.6145512786092637,-0.13951963186264038
0.17468355124509788,0.6145512786092637,-0.19238972663879395
0.1784810197504261,0.6145512786092637,-0.24157173931598663
0.1822784882557543,0.6145512786092637,-0.2864770293235779
0.18607595676108252,0.6145512786092637,-0.3265838921070099
0.18987342526641074,0.6145512786092637,-0.004497448448091745
0.19367089377173893,0.6145512786092637,-0.006342782638967037
0.19746836227706716,0.6145512786092637,-0.008246159180998802
0.20126583078239538,0.6145512786092637,-0.010200992226600647
0.2050632992877236,0.6145512786092637,-0.012199977412819862
0.2088607677930518,0.6145512786092637,-0.014235209673643112
0.21265823629838002,0.6145512786092637,-0.016298186033964157
0.21645570480370824,0.6145512786092637,-0.43893757462501526
0.22025317330903646,0.6145512786092637,-0.4260820150375366
0.22405064181436465,0.6145512786092637,-0.40787214040756226
0.22784811031969288,0.6145512786092637,-0.3847196400165558
0.2316455788250211,0.6145512786092637,-0.3571058213710785
0.23544304733034932,0.6145512786092637,-0.32631394267082214
0.23924051583567751,0.6145512786092637,-0.2914966940879822
0.24303798434100574,0.6145512786092637,-0.2539843022823334
0.24683545284633396,0.6145512786092637,-0.2144494354724884
0.25063292135166215,0.6145512786092637,-0.17358799278736115
0.2544303898569904,0.6145512786092637,-0.13210928440093994
0.2582278583623186,0.6145512786092637,-0.0907246395945549
0.2620253268676468,0.6145512786092637,-0.05013657361268997
0.26582279537297504,0.6145512786092637,-0.011029745452105999
0.26962026387830323,0.6145512786092637,0.025941846892237663
0.27341773238363143,0.6145512786092637,-0.023280777037143707
0.2772152008889597,0.6145512786092637,-0.022747334092855453
0.2810126693942879,0.6145512786092637,-0.02257400006055832
0.2848101378996161,0.6145512786092637,-0.022776752710342407
0.2886076064049443,0.6145512786092637,-0.023364324122667313
0.2924050749102725,0.6145512786092637,-0.02433793991804123
0.29620254341560076,0.6145512786092637,-0.025691311806440353
0.30000001192092896,0.6145512786092637,-0.02741059474647045
0.0,0.6266013036800336,-0.02802334912121296
0.0037974685053282146,0.6266013036800336,-0.02836500108242035
0.007594937010656429,0.6266013036800336,-0.028073936700820923
0.011392405515984643,0.6266013036800336,-0.02714666724205017
0.015189874021312859,0.6266013036800336,-0.025588275864720345
0.018987342526641072,0.6266013036800336,-0.02341238595545292
0.022784811031969287,0.6266013036800336,-0.2554217278957367
0.026582279537297502,0.6266013036800336,-0.22576569020748138
0.030379748042625717,0.6266013036800336,-0.19288469851016998
0.03417721654795393,0.6266013036800336,-0.15722544491291046
0.037974685053282144,0.6266013036800336,-0.1192702054977417
0.04177215355861036,0.6266013036800336,-0.0025599561631679535
0.045569622063938574,0.6266013036800336,-0.08173205703496933
0.04936709056926679,0.6266013036800336,-0.014772439375519753
0.053164559074595004,0.6266013036800336,0.05276518687605858
0.05696202757992322,0.6266013036800336,0.11999493092298508
0.060759496085251434,0.6266013036800336,0.1860378384590149
0.06455696459057965,0.6266013036800336,0.250033438205719
0.06835443309590786,0.6266013036800336,0.3112419545650482
0.07215190160123608,0.6266013036800336,0.3687707483768463
0.07594937010656429,0.6266013036800336,0.42189955711364746
0.07974683861189251,0.6266013036800336,0.4699518084526062
0.08354430711722072,0.6266013036800336,0.5123217701911926
0.08734177562254894,0.6266013036800336,0.5484822392463684
0.09113924412787715,0.6266013036800336,0.017399050295352936
0.09493671263320537,0.6266013036800336,0.017239823937416077
0.09873418113853358,0.6266013036800336,0.017049815505743027
0.1025316496438618,0.6266013036800336,0.016825316473841667
0.10632911814919001,0.6266013036800336,0.016562478616833687
0.11012658665451823,0.6266013036800336,0.616871178150177
0.11392405515984644,0.6266013036800336,0.6025160551071167
0.11772152366517466,0.6266013036800336,0.5811131596565247
0.12151899217050287,0.6266013036800336,0.5529943108558655
0.12531646067583108,0.6266013036800336,0.5185791254043579
0.1291139291811593,0.6266013036800336,0.4783686399459839
0.13291139768648752,0.6266013036800336,0.4329373240470886
0.13670886619181571,0.6266013036800336,0.3829261064529419
0.14050633469714394,0.6266013036800336,0.3290313184261322
0.14430380320247216,0.6266013036800336,0.271996408700943
0.14810127170780038,0.6266013036800336,0.21259891986846924
0.15189874021312857,0.6266013036800336,0.15164229273796082
0.1556962087184568,0.6266013036800336,0.08994191884994507
0.15949367722378502,0.6266013036800336,0.028315909206867218
0.16329114572911324,0.6266013036800336,-0.03242930769920349
0.16708861423444143,0.6266013036800336,-0.09150682389736176
0.17088608273976966,0.6266013036800336,-0.14816313982009888
0.17468355124509788,0.6266013036800336,-0.20168648660182953
0.1784810197504261,0.6266013036800336,-0.2514176368713379
0.1822784882557543,0.6266013036800336,-0.002085545100271702
0.18607595676108252,0.6266013036800336,-0.003820934100076556
0.18987342526641074,0.6266013036800336,-0.005623572506010532
0.19367089377173893,0.6266013036800336,-0.007488340139389038
0.19746836227706716,0.6266013036800336,-0.009409377351403236
0.20126583078239538,0.6266013036800336,-0.01138018537312746
0.2050632992877236,0.6266013036800336,-0.013393552973866463
0.2088607677930518,0.6266013036800336,-0.015441667288541794
0.21265823629838002,0.6266013036800336,-0.0175161249935627
0.21645570480370824,0.6266013036800336,-0.01960797607898712
0.22025317330903646,0.6266013036800336,-0.4337708353996277
0.22405064181436465,0.6266013036800336,-0.41465190052986145
0.22784811031969288,0.6266013036800336,-0.39050212502479553
0.2316455788250211,0.6266013036800336,-0.36181503534317017
0.23544304733034932,0.6266013036800336,-0.3291460871696472
0.23924051583567751,0.6266013036800336,-0.29310479760169983
0.24303798434100574,0.6266013036800336,-0.2543448209762573
0.24683545284633396,0.6266013036800336,-0.21455854177474976
0.25063292135166215,0.6266013036800336,-0.15544597804546356
0.2544303898569904,0.6266013036800336,-0.1282305121421814
0.2582278583623186,0.6266013036800336,-0.10068221390247345
0.2620253268676468,0.6266013036800336,-0.0732651874423027
0.26582279537297504,0.6266013036800336,-0.04643672704696655
0.26962026387830323,0.6266013036800336,-0.020638812333345413
0.27341773238363143,0.6266013036800336,0.0037073157727718353
0.2772152008889597,0.6266013036800336,0.026208097115159035
0.2810126693942879,0.6266013036800336,0.046502403914928436
0.2848101378996161,0.6266013036800336,-0.021849093958735466
0.2886076064049443,0.6266013036800336,-0.022676927968859673
0.2924050749102725,0.6266013036800336,-0.023908548057079315
0.29620254341560076,0.6266013036800336,-0.025536248460412025
0.30000001192092896,0.6266013036800336,-0.02754460833966732
0.0,0.6386513287508034,-0.02752169966697693
0.0037974685053282146,0.6386513287508034,-0.027864158153533936
0.007594937010656429,0.6386513287508034,-0.02757016010582447
0.011392405515984643,0.6386513287508034,-0.026636367663741112
0.015189874021312859,0.6386513287508034,-0.025068147107958794
0.018987342526641072,0.6386513287508034,-0.02287951111793518
0.022784811031969287,0.6386513287508034,-0.02009299211204052
0.026582279537297502,0.6386513287508034,-0.02433389611542225
0.030379748042625717,0.6386513287508034,-0.019531210884451866
0.03417721654795393,0.6386513287508034,-0.014149773865938187
0.037974685053282144,0.6386513287508034,-0.008255597203969955
0.04177215355861036,0.6386513287508034,-0.0019220244139432907
0.045569622063938574,0.6386513287508034,0.004771186038851738
0.04936709056926679,0.6386513287508034,-0.012337205931544304
0.053164559074595004,0.6386513287508034,0.05591437220573425
0.05696202757992322,0.6386513287508034,0.12383289635181427
0.060759496085251434,0.6386513287508034,0.19052694737911224
0.06455696459057965,0.6386513287508034,0.2551240921020508
0.06835443309590786,0.6386513287508034,0.3168679177761078
0.07215190160123608,0.6386513287508034,0.3748646676540375
0.07594937010656429,0.6386513287508034,0.4283801317214966
0.07974683861189251,0.6386513287508034,0.47672930359840393
0.08354430711722072,0.6386513287508034,0.5192992687225342
0.08734177562254894,0.6386513287508034,0.5555570721626282
0.09113924412787715,0.6386513287508034,0.5850561857223511
0.09493671263320537,0.6386513287508034,0.6074432730674744
0.09873418113853358,0.6386513287508034,0.6224615573883057
0.1025316496438618,0.6386513287508034,0.6299545168876648
0.10632911814919001,0.6386513287508034,0.6298672556877136
0.11012658665451823,0.6386513287508034,0.6222468018531799
0.11392405515984644,0.6386513287508034,0.607241153717041
0.11772152366517466,0.6386513287508034,0.5850964188575745
0.12151899217050287,0.6386513287508034,0.5561528205871582
0.12531646067583108,0.6386513287508034,0.5208398699760437
0.1291139291811593,0.6386513287508034,0.4796696603298187
0.13291139768648752,0.6386513287508034,0.433228999376297
0.13670886619181571,0.6386513287508034,0.3821718096733093
0.14050633469714394,0.6386513287508034,0.32720819115638733
0.14430380320247216,0.6386513287508034,0.2690960168838501
0.14810127170780038,0.6386513287508034,0.20862749218940735
0.15189874021312857,0.6386513287508034,0.14662086963653564
0.1556962087184568,0.6386513287508034,0.08390628546476364
0.15949367722378502,0.6386513287508034,0.021316364407539368
0.16329114572911324,0.6386513287508034,-0.040328532457351685
0.16708861423444143,0.6386513287508034,-0.1002282202243805
0.17088608273976966,0.6386513287508034,-0.1576167643070221
0.17468355124509788,0.6386513287508034,-0.21177110075950623
0.1784810197504261,0.6386513287508034,-0.26202183961868286
0.1822784882557543,0.6386513287508034,-0.30776312947273254
0.18607595676108252,0.6386513287508034,-0.3484588861465454
0.18987342526641074,0.6386513287508034,-0.38365164399147034
0.19367089377173893,0.6386513287508034,-0.4129676818847656
0.19746836227706716,0.6386513287508034,-0.4361216425895691
0.20126583078239538,0.6386513287508034,-0.4529210925102234
0.2050632992877236,0.6386513287508034,-0.4632670283317566
0.2088607677930518,0.6386513287508034,-0.4671557545661926
0.21265823629838002,0.6386513287508034,-0.46467769145965576
0.21645570480370824,0.6386513287508034,-0.45601582527160645
0.22025317330903646,0.6386513287508034,-0.4414416253566742
0.22405064181436465,0.6386513287508034,-0.4213114380836487
0.22784811031969288,0.6386513287508034,-0.39605948328971863
0.2316455788250211,0.6386513287508034,-0.3661923408508301
0.23544304733034932,0.6386513287508034,-0.3322795331478119
0.23924051583567751,0.6386513287508034,-0.2949455976486206
0.24303798434100574,0.6386513287508034,-0.25485992431640625
0.24683545284633396,0.6386513287508034,-0.21272747218608856
0.25063292135166215,0.6386513287508034,-0.15969336032867432
0.2544303898569904,0.6386513287508034,-0.1313529908657074
0.2582278583623186,0.6386513287508034,-0.10267163813114166
0.2620253268676468,0.6386513287508034,-0.07412517815828323
0.26582279537297504,0.6386513287508034,-0.04618261009454727
0.26962026387830323,0.6386513287508034,-0.019297262653708458
0.27341773238363143,0.6386513287508034,0.006098572164773941
0.2772152008889597,0.6386513287508034,0.029600918292999268
0.2810126693942879,0.6386513287508034,0.05083883926272392
0.2848101378996161,0.6386513287508034,0.06948131322860718
0.2886076064049443,0.6386513287508034,0.08524153381586075
0.2924050749102725,0.6386513287508034,0.09788086265325546
0.29620254341560076,0.6386513287508034,0.1072121262550354
0.30000001192092896,0.6386513287508034,-0.026985956355929375
0.0,0.6507013538215733,-0.027262799441814423
0.0037974685053282146,0.6507013538215733,-0.027612317353487015
0.007594937010656429,0.6507013538215733,-0.027321090921759605
0.011392405515984643,0.6507013538215733,-0.026385923847556114
0.015189874021312859,0.6507013538215733,-0.02481243386864662
0.018987342526641072,0.6507013538215733,-0.02261503040790558
0.022784811031969287,0.6507013538215733,-0.019816748797893524
0.026582279537297502,0.6507013538215733,-0.024090345948934555
0.030379748042625717,0.6507013538215733,-0.019261352717876434
0.03417721654795393,0.6507013538215733,-0.013851888477802277
0.037974685053282144,0.6507013538215733,-0.007929107174277306
0.04177215355861036,0.6507013538215733,-0.0015675891190767288
0.045569622063938574,0.6507013538215733,0.005151599645614624
0.04936709056926679,0.6507013538215733,0.012141991406679153
0.053164559074595004,0.6507013538215733,0.05900287628173828
0.05696202757992322,0.6507013538215733,0.12759995460510254
0.060759496085251434,0.6507013538215733,0.19493284821510315
0.06455696459057965,0.6507013538215733,0.2601170241832733
0.06835443309590786,0.6507013538215733,0.32237371802330017
0.07215190160123608,0.6507013538215733,0.38081902265548706
0.07594937010656429,0.6507013538215733,0.43469929695129395
0.07974683861189251,0.6507013538215733,0.4833211302757263
0.08354430711722072,0.6507013538215733,0.5260644555091858
0.08734177562254894,0.6507013538215733,0.5623906254768372
0.09113924412787715,0.6507013538215733,0.5918490290641785
0.09493671263320537,0.6507013538215733,0.6140837073326111
0.09873418113853358,0.6507013538215733,0.6288371086120605
0.1025316496438618,0.6507013538215733,0.6359535455703735
0.10632911814919001,0.6507013538215733,0.6353808045387268
0.11012658665451823,0.6507013538215733,0.6271700859069824
0.11392405515984644,0.6507013538215733,0.6114752292633057
0.11772152366517466,0.6507013538215733,0.5885500311851501
0.12151899217050287,0.6507013538215733,0.5587435364723206
0.12531646067583108,0.6507013538215733,0.5224957466125488
0.1291139291811593,0.6507013538215733,0.4803304076194763
0.13291139768648752,0.6507013538215733,0.43284693360328674
0.13670886619181571,0.6507013538215733,0.38071292638778687
0.14050633469714394,0.6507013538215733,0.3246527910232544
0.14430380320247216,0.6507013538215733,0.26543939113616943
0.14810127170780038,0.6507013538215733,0.20388001203536987
0.15189874021312857,0.6507013538215733,0.1408083289861679
0.1556962087184568,0.6507013538215733,0.07706969231367111
0.15949367722378502,0.6507013538215733,0.013511620461940765
0.16329114572911324,0.6507013538215733,-0.04903116822242737
0.16708861423444143,0.6507013538215733,-0.10974482446908951
0.17088608273976966,0.6507013538215733,-0.16785071790218353
0.17468355124509788,0.6507013538215733,-0.22261425852775574
0.1784810197504261,0.6507013538215733,-0.27335578203201294
0.1822784882557543,0.6507013538215733,-0.31946060061454773
0.18607595676108252,0.6507013538215733,-0.3603854477405548
0.18987342526641074,0.6507013538215733,-0.39566731452941895
0.19367089377173893,0.6507013538215733,-0.4249286949634552
0.19746836227706716,0.6507013538215733,-0.44788259267807007
0.20126583078239538,0.6507013538215733,-0.4643363356590271
0.2050632992877236,0.6507013538215733,-0.47419318556785583
0.2088607677930518,0.6507013538215733,-0.4774532616138458
0.21265823629838002,0.6507013538215733,-0.4742127060890198
0.21645570480370824,0.6507013538215733,-0.464662104845047
0.22025317330903646,0.6507013538215733,-0.4490824043750763
0.22405064181436465,0.6507013538215733,-0.4278407096862793
0.22784811031969288,0.6507013538215733,-0.40138381719589233
0.2316455788250211,0.6507013538215733,-0.370231956243515
0.23544304733034932,0.6507013538215733,-0.3349696099758148
0.23924051583567751,0.6507013538215733,-0.29623717069625854
0.24303798434100574,0.6507013538215733,-0.25472062826156616
0.24683545284633396,0.6507013538215733,-0.2111421525478363
0.25063292135166215,0.6507013538215733,-0.16314110159873962
0.2544303898569904,0.6507013538215733,-0.13360989093780518
0.2582278583623186,0.6507013538215733,-0.10373327881097794
0.2620253268676468,0.6507013538215733,-0.07399946451187134
0.26582279537297504,0.6507013538215733,-0.04488959163427353
0.26962026387830323,0.6507013538215733,-0.016868891194462776
0.27341773238363143,0.6507013538215733,0.009619003161787987
0.2772152008889597,0.6507013538215733,0.03415921330451965
0.2810126693942879,0.6507013538215733,0.05637070909142494
0.2848101378996161,0.6507013538215733,0.07591316848993301
0.2886076064049443,0.6507013538215733,0.09249153733253479
0.2924050749102725,0.6507013538215733,0.10585985332727432
0.29620254341560076,0.6507013538215733,0.115824855864048
0.30000001192092896,0.6507013538215733,0.12224942445755005
0.0,0.6627513788923433,-0.027256235480308533
0.0037974685053282146,0.6627513788923433,-0.027618059888482094
0.007594937010656429,0.6627513788923433,-0.02733425796031952
0.011392405515984643,0.6627513788923433,-0.026401767507195473
0.015189874021312859,0.6627513788923433,-0.02482648566365242
0.018987342526641072,0.6627513788923433,-0.022623183205723763
0.022784811031969287,0.6627513788923433,-0.01981542818248272
0.026582279537297502,0.6627513788923433,-0.02412368543446064
0.030379748042625717,0.6627513788923433,-0.01927010342478752
0.03417721654795393,0.6627513788923433,-0.01383381336927414
0.037974685053282144,0.6627513788923433,-0.00788312591612339
0.04177215355861036,0.6627513788923433,-0.0014938917011022568
0.045569622063938574,0.6627513788923433,0.005251491442322731
0.04936709056926679,0.6627513788923433,0.012265142053365707
0.053164559074595004,0.6627513788923433,0.019454872235655785
0.05696202757992322,0.6627513788923433,0.13127589225769043
0.060759496085251434,0.6627513788923433,0.1992374062538147
0.06455696459057965,0.6627513788923433,0.26499617099761963
0.06835443309590786,0.6627513788923433,0.3277463912963867
0.07215190160123608,0.6627513788923433,0.3866231143474579
0.07594937010656429,0.6627513788923433,0.44084879755973816
0.07974683861189251,0.6627513788923433,0.48972147703170776
0.08354430711722072,0.6627513788923433,0.5326140522956848
0.08734177562254894,0.6627513788923433,0.5689822435379028
0.09113924412787715,0.6627513788923433,0.5983714461326599
0.09493671263320537,0.6627513788923433,0.6204233169555664
0.09873418113853358,0.6627513788923433,0.6348796486854553
0.1025316496438618,0.6627513788923433,0.6415860056877136
0.10632911814919001,0.6627513788923433,0.640492856502533
0.11012658665451823,0.6627513788923433,0.6316560506820679
0.11392405515984644,0.6627513788923433,0.6152359843254089
0.11772152366517466,0.6627513788923433,0.591494083404541
0.12151899217050287,0.6627513788923433,0.5607890486717224
0.12531646067583108,0.6627513788923433,0.5235716700553894
0.1291139291811593,0.6627513788923433,0.48037776350975037
0.13291139768648752,0.6627513788923433,0.43181997537612915
0.13670886619181571,0.6627513788923433,0.37858012318611145
0.14050633469714394,0.6627513788923433,0.32139745354652405
0.14430380320247216,0.6627513788923433,0.2610602378845215
0.14810127170780038,0.6627513788923433,0.19839146733283997
0.15189874021312857,0.6627513788923433,0.13424067199230194
0.1556962087184568,0.6627513788923433,0.06946887820959091
0.15949367722378502,0.6627513788923433,0.00493893027305603
0.16329114572911324,0.6627513788923433,-0.058499641716480255
0.16708861423444143,0.6627513788923433,-0.12001906335353851
0.17088608273976966,0.6627513788923433,-0.17882773280143738
0.17468355124509788,0.6627513788923433,-0.23417919874191284
0.1784810197504261,0.6627513788923433,-0.285383403301239
0.1822784882557543,0.6627513788923433,-0.331816703081131
0.18607595676108252,0.6627513788923433,-0.3729286193847656
0.18987342526641074,0.6627513788923433,-0.4082506597042084
0.19367089377173893,0.6627513788923433,-0.43740174174308777
0.19746836227706716,0.6627513788923433,-0.4600931406021118
0.20126583078239538,0.6627513788923433,-0.47613269090652466
0.2050632992877236,0.6627513788923433,-0.485425740480423
0.2088607677930518,0.6627513788923433,-0.48797690868377686
0.21265823629838002,0.6627513788923433,-0.48388850688934326
0.21645570480370824,0.6627513788923433,-0.4733594059944153
0.22025317330903646,0.6627513788923433,-0.4566802978515625
0.22405064181436465,0.6627513788923433,-0.43423008918762207
0.22784811031969288,0.6627513788923433,-0.40646862983703613
0.2316455788250211,0.6627513788923433,-0.3739306628704071
0.23544304733034932,0.6627513788923433,-0.3372163772583008
0.23924051583567751,0.6627513788923433,-0.29698285460472107
0.24303798434100574,0.6627513788923433,-0.2539335787296295
0.24683545284633396,0.6627513788923433,-0.20880870521068573
0.25063292135166215,0.6627513788923433,-0.16573582589626312
0.2544303898569904,0.6627513788923433,-0.1349525898694992
0.2582278583623186,0.6627513788923433,-0.10382357239723206
0.2620253268676468,0.6627513788923433,-0.07284972071647644
0.26582279537297504,0.6627513788923433,-0.042524851858615875
0.26962026387830323,0.6627513788923433,-0.013326453045010567
0.27341773238363143,0.6627513788923433,0.014289993792772293
0.2772152008889597,0.6627513788923433,0.03989848494529724
0.2810126693942879,0.6627513788923433,0.06310756504535675
0.2848101378996161,0.6627513788923433,0.08356745541095734
0.2886076064049443,0.6627513788923433,0.10097458958625793
0.2924050749102725,0.6627513788923433,0.11507564783096313
0.29620254341560076,0.6627513788923433,0.1256711632013321
0.30000001192092896,0.6627513788923433,-0.030637076124548912
0.0,0.6748014039631131,-0.027507895603775978
0.0037974685053282146,0.6748014039631131,-0.027886195108294487
0.007594937010656429,0.6748014039631131,-0.027613384649157524
0.011392405515984643,0.6748014039631131,-0.026686543598771095
0.015189874021312859,0.6748014039631131,-0.025111816823482513
0.018987342526641072,0.6748014039631131,-0.02290438301861286
0.022784811031969287,0.6748014039631131,-0.2630613148212433
0.026582279537297502,0.6748014039631131,-0.23167310655117035
0.030379748042625717,0.6748014039631131,-0.19688235223293304
0.03417721654795393,0.6748014039631131,-0.15916596353054047
0.037974685053282144,0.6748014039631131,-0.11903896182775497
0.04177215355861036,0.6748014039631131,0.019154980778694153
0.045569622063938574,0.6748014039631131,0.019019560888409615
0.04936709056926679,0.6748014039631131,0.018872564658522606
0.053164559074595004,0.6748014039631131,0.01871372014284134
0.05696202757992322,0.6748014039631131,0.01854262314736843
0.060759496085251434,0.6748014039631131,0.018358711153268814
0.06455696459057965,0.6748014039631131,0.2697174549102783
0.06835443309590786,0.6748014039631131,0.332973837852478
0.07215190160123608,0.6748014039631131,0.392267107963562
0.07594937010656429,0.6748014039631131,0.44682103395462036
0.07974683861189251,0.6748014039631131,0.4959251880645752
0.08354430711722072,0.6748014039631131,0.5389454364776611
0.08734177562254894,0.6748014039631131,0.5753318667411804
0.09113924412787715,0.6748014039631131,0.6046259999275208
0.09493671263320537,0.6748014039631131,0.6264673471450806
0.09873418113853358,0.6748014039631131,0.6405972838401794
0.1025316496438618,0.6748014039631131,0.346221387386322
0.10632911814919001,0.6748014039631131,0.6452171802520752
0.11012658665451823,0.6748014039631131,0.6357216835021973
0.11392405515984644,0.6748014039631131,0.6185430288314819
0.11772152366517466,0.6748014039631131,0.5939511656761169
0.12151899217050287,0.6748014039631131,0.5623145699501038
0.12531646067583108,0.6748014039631131,0.5240954756736755
0.1291139291811593,0.6748014039631131,0.4798421561717987
0.13291139768648752,0.6748014039631131,0.010348426178097725
0.13670886619181571,0.6748014039631131,0.009520726278424263
0.14050633469714394,0.6748014039631131,0.008633491583168507
0.14430380320247216,0.6748014039631131,0.00768459914252162
0.14810127170780038,0.6748014039631131,0.006672225892543793
0.15189874021312857,0.6748014039631131,0.005594903603196144
0.1556962087184568,0.6748014039631131,0.004451555199921131
0.15949367722378502,0.6748014039631131,0.003241543658077717
0.16329114572911324,0.6748014039631131,0.0019646924920380116
0.16708861423444143,0.6748014039631131,-0.13100603222846985
0.17088608273976966,0.6748014039631131,-0.19050294160842896
0.17468355124509788,0.6748014039631131,-0.24642150104045868
0.1784810197504261,0.6748014039631131,-0.2980610728263855
0.1822784882557543,0.6748014039631131,-0.3447889983654022
0.18607595676108252,0.6748014039631131,-0.38604751229286194
0.18987342526641074,0.6748014039631131,-0.4213626980781555
0.19367089377173893,0.6748014039631131,-0.45034998655319214
0.19746836227706716,0.6748014039631131,-0.47271913290023804
0.20126583078239538,0.6748014039631131,-0.4882785379886627
0.2050632992877236,0.6748014039631131,-0.4969363510608673
0.2088607677930518,0.6748014039631131,-0.4987017512321472
0.21265823629838002,0.6748014039631131,-0.4936838150024414
0.21645570480370824,0.6748014039631131,-0.48209017515182495
0.22025317330903646,0.6748014039631131,-0.4642219841480255
0.22405064181436465,0.6748014039631131,-0.4404703676700592
0.22784811031969288,0.6748014039631131,-0.41130900382995605
0.2316455788250211,0.6748014039631131,-0.029274748638272285
0.23544304733034932,0.6748014039631131,-0.031108815222978592
0.23924051583567751,0.6748014039631131,-0.03290000930428505
0.24303798434100574,0.6748014039631131,-0.0346391424536705
0.24683545284633396,0.6748014039631131,-0.0363171212375164
0.25063292135166215,0.6748014039631131,-0.03792495280504227
0.2544303898569904,0.6748014039631131,-0.039453912526369095
0.2582278583623186,0.6748014039631131,-0.04089551791548729
0.2620253268676468,0.6748014039631131,-0.042241670191287994
0.26582279537297504,0.6748014039631131,-0.043484706431627274
0.26962026387830323,0.6748014039631131,-0.044617459177970886
0.27341773238363143,0.6748014039631131,0.020120587199926376
0.2772152008889597,0.6748014039631131,0.04682139679789543
0.2810126693942879,0.6748014039631131,0.07104572653770447
0.2848101378996161,0.6748014039631131,-0.0192795991897583
0.2886076064049443,0.6748014039631131,-0.021044135093688965
0.2924050749102725,0.6748014039631131,-0.023153815418481827
0.29620254341560076,0.6748014039631131,-0.025594696402549744
0.30000001192092896,0.6748014039631131,-0.02834649756550789
0.0,0.686851429033883,0.019684866070747375
0.0037974685053282146,0.686851429033883,0.0196779016405344
0.007594937010656429,0.686851429033883,0.019657017663121223
0.011392405515984643,0.686851429033883,0.019622279331088066
0.015189874021312859,0.686851429033883,0.019573770463466644
0.018987342526641072,0.686851429033883,-0.292418509721756
0.022784811031969287,0.686851429033883,-0.2645232081413269
0.026582279537297502,0.686851429033883,-0.23275154829025269
0.030379748042625717,0.686851429033883,-0.19754214584827423
0.03417721654795393,0.686851429033883,-0.1593788117170334
0.037974685053282144,0.686851429033883,-0.11878405511379242
0.04177215355861036,0.686851429033883,-0.07631157338619232
0.045569622063938574,0.686851429033883,0.018705178052186966
0.04936709056926679,0.686851429033883,0.01853768713772297
0.053164559074595004,0.686851429033883,0.018356850370764732
0.05696202757992322,0.686851429033883,0.018162336200475693
0.060759496085251434,0.686851429033883,0.20736438035964966
0.06455696459057965,0.686851429033883,0.27430471777915955
0.06835443309590786,0.686851429033883,0.3380451500415802
0.07215190160123608,0.686851429033883,0.3977419435977936
0.07594937010656429,0.686851429033883,0.45260897278785706
0.07974683861189251,0.686851429033883,0.5019274353981018
0.08354430711722072,0.686851429033883,0.5450560450553894
0.08734177562254894,0.686851429033883,0.5814396142959595
0.09113924412787715,0.686851429033883,0.610615611076355
0.09493671263320537,0.686851429033883,0.6322215795516968
0.09873418113853358,0.686851429033883,0.6459987163543701
0.1025316496438618,0.686851429033883,0.34691038727760315
0.10632911814919001,0.686851429033883,0.3469696640968323
0.11012658665451823,0.686851429033883,0.34282806515693665
0.11392405515984644,0.686851429033883,0.33453845977783203
0.11772152366517466,0.686851429033883,0.5959455966949463
0.12151899217050287,0.686851429033883,0.5633476972579956
0.12531646067583108,0.686851429033883,0.5240978002548218
0.1291139291811593,0.686851429033883,0.4787572920322418
0.13291139768648752,0.686851429033883,0.42796674370765686
0.13670886619181571,0.686851429033883,0.00863985437899828
0.14050633469714394,0.686851429033883,0.007752043195068836
0.14430380320247216,0.686851429033883,0.0068071866407990456
0.14810127170780038,0.686851429033883,0.005803739186376333
0.15189874021312857,0.686851429033883,0.0047404831275343895
0.1556962087184568,0.686851429033883,0.003616562345996499
0.15949367722378502,0.686851429033883,0.0024315225891768932
0.16329114572911324,0.686851429033883,-0.07954832911491394
0.16708861423444143,0.686851429033883,-0.14265358448028564
0.17088608273976966,0.686851429033883,-0.20282423496246338
0.17468355124509788,0.686851429033883,-0.2592895030975342
0.1784810197504261,0.686851429033883,-0.31133803725242615
0.1822784882557543,0.686851429033883,-0.35832804441452026
0.18607595676108252,0.686851429033883,-0.39969438314437866
0.18987342526641074,0.686851429033883,-0.4349578022956848
0.19367089377173893,0.686851429033883,-0.4637303352355957
0.19746836227706716,0.686851429033883,-0.4857204854488373
0.20126583078239538,0.686851429033883,-0.5007374286651611
0.2050632992877236,0.686851429033883,-0.50869220495224
0.2088607677930518,0.686851429033883,-0.5095992088317871
0.21265823629838002,0.686851429033883,-0.5035746097564697
0.21645570480370824,0.686851429033883,-0.49083513021469116
0.22025317330903646,0.686851429033883,-0.47169312834739685
0.22405064181436465,0.686851429033883,-0.4465525448322296
0.22784811031969288,0.686851429033883,-0.4159015417098999
0.2316455788250211,0.686851429033883,-0.3803060054779053
0.23544304733034932,0.686851429033883,-0.03037896379828453
0.23924051583567751,0.686851429033883,-0.032068364322185516
0.24303798434100574,0.686851429033883,-0.03370756283402443
0.24683545284633396,0.686851429033883,-0.03528812900185585
0.25063292135166215,0.686851429033883,-0.0368017740547657
0.2544303898569904,0.686851429033883,-0.03824042156338692
0.2582278583623186,0.686851429033883,-0.03959624469280243
0.2620253268676468,0.686851429033883,-0.040861763060092926
0.26582279537297504,0.686851429033883,-0.04202990233898163
0.26962026387830323,0.686851429033883,-0.04309404641389847
0.27341773238363143,0.686851429033883,-0.044048111885786057
0.2772152008889597,0.686851429033883,-0.012926694005727768
0.2810126693942879,0.686851429033883,-0.014077236875891685
0.2848101378996161,0.686851429033883,-0.015606293454766273
0.2886076064049443,0.686851429033883,-0.01751261204481125
0.2924050749102725,0.686851429033883,-0.019788198173046112
0.29620254341560076,0.686851429033883,-0.022418344393372536
0.30000001192092896,0.686851429033883,-0.025381771847605705
0.0,0.6989014541046529,0.019220776855945587
0.0037974685053282146,0.6989014541046529,0.01921330764889717
0.007594937010656429,0.6989014541046529,0.019190916791558266
0.011392405515984643,0.6989014541046529,0.01915365271270275
0.015189874021312859,0.6989014541046529,0.019101586192846298
0.018987342526641072,0.6989014541046529,0.019034817814826965
0.022784811031969287,0.6989014541046529,-0.2661391794681549
0.026582279537297502,0.6989014541046529,-0.23397746682167053
0.030379748042625717,0.6989014541046529,-0.19834274053573608
0.03417721654795393,0.6989014541046529,-0.15972580015659332
0.037974685053282144,0.6989014541046529,-0.11865673214197159
0.04177215355861036,0.6989014541046529,-0.07569722831249237
0.045569622063938574,0.6989014541046529,0.01816442608833313
0.04936709056926679,0.6989014541046529,0.017983030527830124
0.053164559074595004,0.6989014541046529,0.017787089571356773
0.05696202757992322,0.6989014541046529,0.017576295882463455
0.060759496085251434,0.6989014541046529,0.21124935150146484
0.06455696459057965,0.6989014541046529,0.27873557806015015
0.06835443309590786,0.6989014541046529,0.3429504632949829
0.07215190160123608,0.6989014541046529,0.4030393362045288
0.07594937010656429,0.6989014541046529,0.45820626616477966
0.07974683861189251,0.6989014541046529,0.507723867893219
0.08354430711722072,0.6989014541046529,0.5509440302848816
0.08734177562254894,0.6989014541046529,0.5873058438301086
0.09113924412787715,0.6989014541046529,0.6163432598114014
0.09493671263320537,0.6989014541046529,0.6376919150352478
0.09873418113853358,0.6989014541046529,0.6510928273200989
0.1025316496438618,0.6989014541046529,0.3473026156425476
0.10632911814919001,0.6989014541046529,0.3469427227973938
0.11012658665451823,0.6989014541046529,0.3423213064670563
0.11392405515984644,0.6989014541046529,0.3334949016571045
0.11772152366517466,0.6989014541046529,0.5975034832954407
0.12151899217050287,0.6989014541046529,0.5639181137084961
0.12531646067583108,0.6989014541046529,0.5236120223999023
0.1291139291811593,0.6989014541046529,0.4771600365638733
0.13291139768648752,0.6989014541046529,0.42521724104881287
0.13670886619181571,0.6989014541046529,0.36851081252098083
0.14050633469714394,0.6989014541046529,0.0068475911393761635
0.14430380320247216,0.6989014541046529,0.005917165894061327
0.14810127170780038,0.6989014541046529,0.004933496005833149
0.15189874021312857,0.6989014541046529,0.003895654110237956
0.1556962087184568,0.6989014541046529,0.042546145617961884
0.15949367722378502,0.6989014541046529,-0.024911560118198395
0.16329114572911324,0.6989014541046529,-0.0910184234380722
0.16708861423444143,0.6989014541046529,-0.15490278601646423
0.17088608273976966,0.6989014541046529,-0.21573252975940704
0.17468355124509788,0.6989014541046529,-0.2727245092391968
0.1784810197504261,0.6989014541046529,-0.32515639066696167
0.1822784882557543,0.6989014541046529,-0.37237727642059326
0.18607595676108252,0.6989014541046529,-0.4138146638870239
0.18987342526641074,0.6989014541046529,-0.4489839971065521
0.19367089377173893,0.6989014541046529,-0.47749388217926025
0.19746836227706716,0.6989014541046529,-0.4990517199039459
0.20126583078239538,0.6989014541046529,-0.014231782406568527
0.2050632992877236,0.6989014541046529,-0.015896091237664223
0.2088607677930518,0.6989014541046529,-0.5206372141838074
0.21265823629838002,0.6989014541046529,-0.5135341286659241
0.21645570480370824,0.6989014541046529,-0.4995734393596649
0.22025317330903646,0.6989014541046529,-0.4790789783000946
0.22405064181436465,0.6989014541046529,-0.4524681866168976
0.22784811031969288,0.6989014541046529,-0.4202442765235901
0.2316455788250211,0.6989014541046529,-0.38298970460891724
0.23544304733034932,0.6989014541046529,-0.3437018394470215
0.23924051583567751,0.6989014541046529,-0.29841408133506775
0.24303798434100574,0.6989014541046529,-0.25019970536231995
0.24683545284633396,0.6989014541046529,-0.1998572200536728
0.25063292135166215,0.6989014541046529,-0.14821010828018188
0.2544303898569904,0.6989014541046529,-0.09609615802764893
0.2582278583623186,0.6989014541046529,-0.04435413330793381
0.2620253268676468,0.6989014541046529,0.006188835017383099
0.26582279537297504,0.6989014541046529,0.054727550595998764
0.26962026387830323,0.6989014541046529,0.10049370676279068
0.27341773238363143,0.6989014541046529,0.14276492595672607
0.2772152008889597,0.6989014541046529,-0.008515678346157074
0.2810126693942879,0.6989014541046529,-0.009733494371175766
0.2848101378996161,0.6989014541046529,-0.01135607436299324
0.2886076064049443,0.6989014541046529,-0.013382088392972946
0.2924050749102725,0.6989014541046529,-0.015803173184394836
0.29620254341560076,0.6989014541046529,-0.01860402710735798
0.30000001192092896,0.6989014541046529,-0.02176252193748951
0.0,0.7109514791754227,0.018494613468647003
0.0037974685053282146,0.7109514791754227,0.01848696731030941
0.007594937010656429,0.7109514791754227,0.018464038148522377
0.011392405515984643,0.7109514791754227,0.01842585578560829
0.015189874021312859,0.7109514791754227,0.018372464925050735
0.018987342526641072,0.7109514791754227,0.018303925171494484
0.022784811031969287,0.7109514791754227,-0.2679252028465271
0.026582279537297502,0.7109514791754227,-0.23536868393421173
0.030379748042625717,0.7109514791754227,-0.19930364191532135
0.03417721654795393,0.7109514791754227,-0.16022807359695435
0.037974685053282144,0.7109514791754227,-0.11867964267730713
0.04177215355861036,0.7109514791754227,-0.07522817701101303
0.045569622063938574,0.7109514791754227,-0.030467607080936432
0.04936709056926679,0.7109514791754227,0.01721540093421936
0.053164559074595004,0.7109514791754227,0.017011243849992752
0.05696202757992322,0.7109514791754227,0.016791321337223053
0.060759496085251434,0.7109514791754227,0.21497516334056854
0.06455696459057965,0.7109514791754227,0.28300023078918457
0.06835443309590786,0.7109514791754227,0.34768107533454895
0.07215190160123608,0.7109514791754227,0.4081519842147827
0.07594937010656429,0.7109514791754227,0.46360713243484497
0.07974683861189251,0.7109514791754227,0.5133107304573059
0.08354430711722072,0.7109514791754227,0.014760572463274002
0.08734177562254894,0.7109514791754227,0.014389561489224434
0.09113924412787715,0.7109514791754227,0.01399470865726471
0.09493671263320537,0.7109514791754227,0.013574511744081974
0.09873418113853358,0.7109514791754227,0.013127371668815613
0.1025316496438618,0.7109514791754227,0.012651598080992699
0.10632911814919001,0.7109514791754227,0.012145435437560081
0.11012658665451823,0.7109514791754227,0.011607073247432709
0.11392405515984644,0.7109514791754227,0.011034668423235416
0.11772152366517466,0.7109514791754227,0.5986526012420654
0.12151899217050287,0.7109514791754227,0.5640575885772705
0.12531646067583108,0.7109514791754227,0.5226737856864929
0.1291139291811593,0.7109514791754227,0.4750898778438568
0.13291139768648752,0.7109514791754227,0.4219759702682495
0.13670886619181571,0.7109514791754227,0.36407509446144104
0.14050633469714394,0.7109514791754227,0.3021906614303589
0.14430380320247216,0.7109514791754227,0.23717717826366425
0.14810127170780038,0.7109514791754227,0.16992506384849548
0.15189874021312857,0.7109514791754227,0.10135144740343094
0.1556962087184568,0.7109514791754227,0.032384201884269714
0.15949367722378502,0.7109514791754227,-0.03604859486222267
0.16329114572911324,0.7109514791754227,-0.10303501784801483
0.16708861423444143,0.7109514791754227,-0.167688250541687
0.17088608273976966,0.7109514791754227,-0.22916223108768463
0.17468355124509788,0.7109514791754227,-0.28666120767593384
0.1784810197504261,0.7109514791754227,-0.3394518494606018
0.1822784882557543,0.7109514791754227,-0.3868739902973175
0.18607595676108252,0.7109514791754227,-0.4283478260040283
0.18987342526641074,0.7109514791754227,-0.009484940208494663
0.19367089377173893,0.7109514791754227,-0.010954996570944786
0.19746836227706716,0.7109514791754227,-0.01245172880589962
0.20126583078239538,0.7109514791754227,-0.013970705680549145
0.2050632992877236,0.7109514791754227,-0.015507077798247337
0.2088607677930518,0.7109514791754227,-0.017055654898285866
0.21265823629838002,0.7109514791754227,-0.5235334634780884
0.21645570480370824,0.7109514791754227,-0.5082826018333435
0.22025317330903646,0.7109514791754227,-0.4863641858100891
0.22405064181436465,0.7109514791754227,-0.4582093060016632
0.22784811031969288,0.7109514791754227,-0.42433685064315796
0.2316455788250211,0.7109514791754227,-0.3853464424610138
0.23544304733034932,0.7109514791754227,-0.3444250822067261
0.23924051583567751,0.7109514791754227,-0.2972787618637085
0.24303798434100574,0.7109514791754227,-0.24717599153518677
0.24683545284633396,0.7109514791754227,-0.19493603706359863
0.25063292135166215,0.7109514791754227,-0.14140379428863525
0.2544303898569904,0.7109514791754227,-0.08743823319673538
0.2582278583623186,0.7109514791754227,-0.0338992178440094
0.2620253268676468,0.7109514791754227,0.01836549863219261
0.26582279537297504,0.7109514791754227,0.06853090226650238
0.26962026387830323,0.7109514791754227,0.11580979079008102
0.27341773238363143,0.7109514791754227,0.15946224331855774
0.2772152008889597,0.7109514791754227,-0.003617033362388611
0.2810126693942879,0.7109514791754227,-0.004875462502241135
0.2848101378996161,0.7109514791754227,-0.006566058844327927
0.2886076064049443,0.7109514791754227,-0.008687589317560196
0.2924050749102725,0.7109514791754227,-0.011231523007154465
0.29620254341560076,0.7109514791754227,-0.01418212428689003
0.30000001192092896,0.7109514791754227,-0.01751656085252762
0.0,0.7230015042461926,0.01751660741865635
0.0037974685053282146,0.7230015042461926,0.017509104683995247
0.007594937010656429,0.7230015042461926,0.017486590892076492
0.011392405515984643,0.7230015042461926,0.017449073493480682
0.015189874021312859,0.7230015042461926,0.017396558076143265
0.018987342526641072,0.7230015042461926,0.01732904277741909
0.022784811031969287,0.7230015042461926,-0.2698923647403717
0.026582279537297502,0.7230015042461926,-0.23693832755088806
0.030379748042625717,0.7230015042461926,-0.20044006407260895
0.03417721654795393,0.7230015042461926,-0.16090258955955505
0.037974685053282144,0.7230015042461926,-0.11887147277593613
0.04177215355861036,0.7230015042461926,-0.07492468506097794
0.045569622063938574,0.7230015042461926,-0.029664674773812294
0.04936709056926679,0.7230015042461926,0.016244297847151756
0.053164559074595004,0.7230015042461926,0.01603872701525688
0.05696202757992322,0.7230015042461926,0.14748194813728333
0.060759496085251434,0.7230015042461926,0.21853284537792206
0.06455696459057965,0.7230015042461926,0.2870902717113495
0.06835443309590786,0.7230015042461926,0.35222935676574707
0.07215190160123608,0.7230015042461926,0.4130733013153076
0.07594937010656429,0.7230015042461926,0.4688064157962799
0.07974683861189251,0.7230015042461926,0.5186843276023865
0.08354430711722072,0.7230015042461926,0.013753406703472137
0.08734177562254894,0.7230015042461926,0.013376141898334026
0.09113924412787715,0.7230015042461926,0.012975135818123817
0.09493671263320537,0.7230015042461926,0.012549138627946377
0.09873418113853358,0.7230015042461926,0.012096846476197243
0.1025316496438618,0.7230015042461926,0.01161689031869173
0.10632911814919001,0.7230015042461926,0.011107874102890491
0.11012658665451823,0.7230015042461926,0.010568372905254364
0.11392405515984644,0.7230015042461926,0.00999695435166359
0.11772152366517466,0.7230015042461926,0.599422037601471
0.12151899217050287,0.7230015042461926,0.5637995004653931
0.12531646067583108,0.7230015042461926,0.5213208198547363
0.1291139291811593,0.7230015042461926,0.47258898615837097
0.13291139768648752,0.7230015042461926,0.4182892441749573
0.13670886619181571,0.7230015042461926,0.3591809868812561
0.14050633469714394,0.7230015042461926,0.2960844933986664
0.14430380320247216,0.7230015042461926,0.22987177968025208
0.14810127170780038,0.7230015042461926,0.16145102679729462
0.15189874021312857,0.7230015042461926,0.09175713360309601
0.1556962087184568,0.7230015042461926,0.02173549495637417
0.15949367722378502,0.7230015042461926,-0.04766877368092537
0.16329114572911324,0.7230015042461926,-0.11552744358778
0.16708861423444143,0.7230015042461926,-0.18093834817409515
0.17088608273976966,0.7230015042461926,-0.2430412918329239
0.17468355124509788,0.7230015042461926,-0.3010278642177582
0.1784810197504261,0.7230015042461926,-0.3541535437107086
0.1822784882557543,0.7230015042461926,-0.00681424792855978
0.18607595676108252,0.7230015042461926,-0.00810536090284586
0.18987342526641074,0.7230015042461926,-0.009423683397471905
0.19367089377173893,0.7230015042461926,-0.010765908285975456
0.19746836227706716,0.7230015042461926,-0.012128371745347977
0.20126583078239538,0.7230015042461926,-0.013507124967873096
0.2050632992877236,0.7230015042461926,-0.014897872693836689
0.2088607677930518,0.7230015042461926,-0.01629604771733284
0.21265823629838002,0.7230015042461926,-0.017696816474199295
0.21645570480370824,0.7230015042461926,-0.01909509114921093
0.22025317330903646,0.7230015042461926,-0.49353259801864624
0.22405064181436465,0.7230015042461926,-0.4637680947780609
0.22784811031969288,0.7230015042461926,-0.42818015813827515
0.2316455788250211,0.7230015042461926,-0.3873859941959381
0.23544304733034932,0.7230015042461926,-0.3447456955909729
0.23924051583567751,0.7230015042461926,-0.2956730127334595
0.24303798434100574,0.7230015042461926,-0.24361467361450195
0.24683545284633396,0.7230015042461926,-0.1894114911556244
0.25063292135166215,0.7230015042461926,-0.1339300572872162
0.2544303898569904,0.7230015042461926,-0.07805123180150986
0.2582278583623186,0.7230015042461926,-0.022656463086605072
0.2620253268676468,0.7230015042461926,0.03138541057705879
0.26582279537297504,0.7230015042461926,-0.01331059169024229
0.26962026387830323,0.7230015042461926,0.022464778274297714
0.27341773238363143,0.7230015042461926,0.056299611926078796
0.2772152008889597,0.7230015042461926,0.001721840351819992
0.2810126693942879,0.7230015042461926,0.000450868159532547
0.2848101378996161,0.7230015042461926,-0.0012806057929992676
0.2886076064049443,0.7230015042461926,-0.003471639007329941
0.2924050749102725,0.7230015042461926,-0.006113719195127487
0.29620254341560076,0.7230015042461926,-0.009190866723656654
0.30000001192092896,0.7230015042461926,-0.01267971470952034
0.0,0.7350515293169625,-0.018760625272989273
0.0037974685053282146,0.7350515293169625,-0.01922548934817314
0.007594937010656429,0.7350515293169625,-0.01919884979724884
0.011392405515984643,0.7350515293169625,-0.018677040934562683
0.015189874021312859,0.7350515293169625,-0.017663510516285896
0.018987342526641072,0.7350515293169625,-0.016168896108865738
0.022784811031969287,0.7350515293169625,-0.01421087235212326
0.026582279537297502,0.7350515293169625,-0.3961121737957001
0.030379748042625717,0.7350515293169625,-0.33928608894348145
0.03417721654795393,0.7350515293169625,-0.27735570073127747
0.037974685053282144,0.7350515293169625,-0.21116980910301208
0.04177215355861036,0.7350515293169625,-0.14163488149642944
0.045569622063938574,0.7350515293169625,-0.06970229744911194
0.04936709056926679,0.7350515293169625,0.003644442418590188
0.053164559074595004,0.7350515293169625,0.0774039775133133
0.05696202757992322,0.7350515293169625,0.1505703330039978
0.060759496085251434,0.7350515293169625,0.22214734554290771
0.06455696459057965,0.7350515293169625,0.2911621034145355
0.06835443309590786,0.7350515293169625,0.35658887028694153
0.07215190160123608,0.7350515293169625,0.41779759526252747
0.07594937010656429,0.7350515293169625,0.47379952669143677
0.07974683861189251,0.7350515293169625,0.5238417983055115
0.08354430711722072,0.7350515293169625,0.5672553181648254
0.08734177562254894,0.7350515293169625,0.6034632921218872
0.09113924412787715,0.7350515293169625,0.6319890022277832
0.09493671263320537,0.7350515293169625,0.6524629592895508
0.09873418113853358,0.7350515293169625,0.6646267771720886
0.1025316496438618,0.7350515293169625,0.6683371067047119
0.10632911814919001,0.7350515293169625,0.663567066192627
0.11012658665451823,0.7350515293169625,0.6504061222076416
0.11392405515984644,0.7350515293169625,0.6290590763092041
0.11772152366517466,0.7350515293169625,0.5998421311378479
0.12151899217050287,0.7350515293169625,0.5631786584854126
0.12531646067583108,0.7350515293169625,0.5195927619934082
0.1291139291811593,0.7350515293169625,0.4697015583515167
0.13291139768648752,0.7350515293169625,0.41420599818229675
0.13670886619181571,0.7350515293169625,0.3538818359375
0.14050633469714394,0.7350515293169625,0.28956663608551025
0.14430380320247216,0.7350515293169625,0.22215017676353455
0.14810127170780038,0.7350515293169625,0.07678352296352386
0.15189874021312857,0.7350515293169625,0.03788870945572853
0.1556962087184568,0.7350515293169625,-0.0014948013704270124
0.15949367722378502,0.7350515293169625,-0.040860746055841446
0.16329114572911324,0.7350515293169625,-0.1284199208021164
0.16708861423444143,0.7350515293169625,-0.19457614421844482
0.17088608273976966,0.7350515293169625,-0.25729236006736755
0.17468355124509788,0.7350515293169625,-0.3157472312450409
0.1784810197504261,0.7350515293169625,-0.36918529868125916
0.1822784882557543,0.7350515293169625,-0.41692766547203064
0.18607595676108252,0.7350515293169625,-0.4583798348903656
0.18987342526641074,0.7350515293169625,-0.4930413067340851
0.19367089377173893,0.7350515293169625,-0.5205115079879761
0.19746836227706716,0.7350515293169625,-0.5404952168464661
0.20126583078239538,0.7350515293169625,-0.5528067946434021
0.2050632992877236,0.7350515293169625,-0.5573718547821045
0.2088607677930518,0.7350515293169625,-0.5542280673980713
0.21265823629838002,0.7350515293169625,-0.543523907661438
0.21645570480370824,0.7350515293169625,-0.5255168676376343
0.22025317330903646,0.7350515293169625,-0.5005679130554199
0.22405064181436465,0.7350515293169625,-0.46913740038871765
0.22784811031969288,0.7350515293169625,-0.4317765533924103
0.2316455788250211,0.7350515293169625,-0.3891206383705139
0.23544304733034932,0.7350515293169625,-0.34187787771224976
0.23924051583567751,0.7350515293169625,-0.2908198833465576
0.24303798434100574,0.7350515293169625,-0.2367696613073349
0.24683545284633396,0.7350515293169625,-0.20055332779884338
0.25063292135166215,0.7350515293169625,-0.16181842982769012
0.2544303898569904,0.7350515293169625,-0.12224316596984863
0.2582278583623186,0.7350515293169625,-0.08242059499025345
0.2620253268676468,0.7350515293169625,-0.042941853404045105
0.26582279537297504,0.7350515293169625,-0.004388904199004173
0.26962026387830323,0.7350515293169625,0.03267582505941391
0.27341773238363143,0.7350515293169625,0.06771615147590637
0.2772152008889597,0.7350515293169625,0.10023069381713867
0.2810126693942879,0.7350515293169625,0.12975864112377167
0.2848101378996161,0.7350515293169625,0.15588799118995667
0.2886076064049443,0.7350515293169625,0.178260937333107
0.2924050749102725,0.7350515293169625,-0.0004973337054252625
0.29620254341560076,0.7350515293169625,-0.003675796091556549
0.30000001192092896,0.7350515293169625,-0.007295312359929085
0.0,0.7471015543877324,-0.020396849140524864
0.0037974685053282146,0.7471015543877324,-0.02087802067399025
0.007594937010656429,0.7471015543877324,-0.02086086943745613
0.011392405515984643,0.7471015543877324,-0.02034197375178337
0.015189874021312859,0.7471015543877324,-0.01932515949010849
0.018987342526641072,0.7471015543877324,-0.01782151497900486
0.022784811031969287,0.7471015543877324,-0.015849314630031586
0.026582279537297502,0.7471015543877324,-0.3988124132156372
0.030379748042625717,0.7471015543877324,-0.34138086438179016
0.03417721654795393,0.7471015543877324,-0.27880099415779114
0.037974685053282144,0.7471015543877324,-0.21193385124206543
0.04177215355861036,0.7471015543877324,-0.14169913530349731
0.045569622063938574,0.7471015543877324,-0.06906183809041977
0.04936709056926679,0.7471015543877324,0.0049805836752057076
0.053164559074595004,0.7471015543877324,0.07941269874572754
0.05696202757992322,0.7471015543877324,0.15321460366249084
0.060759496085251434,0.7471015543877324,0.2253766506910324
0.06455696459057965,0.7471015543877324,0.29491302371025085
0.06835443309590786,0.7471015543877324,0.3607541620731354
0.07215190160123608,0.7471015543877324,0.42232000827789307
0.07594937010656429,0.7471015543877324,0.4785824716091156
0.07974683861189251,0.7471015543877324,0.5287802815437317
0.08354430711722072,0.7471015543877324,0.5722373723983765
0.08734177562254894,0.7471015543877324,0.6083718538284302
0.09113924412787715,0.7471015543877324,0.6367035508155823
0.09493671263320537,0.7471015543877324,0.6568614840507507
0.09873418113853358,0.7471015543877324,0.6685877442359924
0.1025316496438618,0.7471015543877324,0.6717413067817688
0.10632911814919001,0.7471015543877324,0.6662997603416443
0.11012658665451823,0.7471015543877324,0.6523587703704834
0.11392405515984644,0.7471015543877324,0.6301314830780029
0.11772152366517466,0.7471015543877324,0.599943995475769
0.12151899217050287,0.7471015543877324,0.5622312426567078
0.12531646067583108,0.7471015543877324,0.5175306797027588
0.1291139291811593,0.7471015543877324,0.46647384762763977
0.13291139768648752,0.7471015543877324,0.4097774028778076
0.13670886619181571,0.7471015543877324,0.34823378920555115
0.14050633469714394,0.7471015543877324,0.2826979458332062
0.14430380320247216,0.7471015543877324,0.21407756209373474
0.14810127170780038,0.7471015543877324,0.06905055791139603
0.15189874021312857,0.7471015543877324,0.029532775282859802
0.1556962087184568,0.7471015543877324,-0.010432285256683826
0.15949367722378502,0.7471015543877324,-0.05032886192202568
0.16329114572911324,0.7471015543877324,-0.14163166284561157
0.16708861423444143,0.7471015543877324,-0.20851950347423553
0.17088608273976966,0.7471015543877324,-0.27183258533477783
0.17468355124509788,0.7471015543877324,-0.33073678612709045
0.1784810197504261,0.7471015543877324,-0.38446539640426636
0.1822784882557543,0.7471015543877324,-0.4323302209377289
0.18607595676108252,0.7471015543877324,-0.4737294912338257
0.18987342526641074,0.7471015543877324,-0.5081575512886047
0.19367089377173893,0.7471015543877324,-0.5352107286453247
0.19746836227706716,0.7471015543877324,-0.5545933246612549
0.20126583078239538,0.7471015543877324,-0.5661214590072632
0.2050632992877236,0.7471015543877324,-0.5697246789932251
0.2088607677930518,0.7471015543877324,-0.5654472708702087
0.21265823629838002,0.7471015543877324,-0.553446352481842
0.21645570480370824,0.7471015543877324,-0.5339903235435486
0.22025317330903646,0.7471015543877324,-0.5074532628059387
0.22405064181436465,0.7471015543877324,-0.47431033849716187
0.22784811031969288,0.7471015543877324,-0.4351296126842499
0.2316455788250211,0.7471015543877324,-0.39056462049484253
0.23544304733034932,0.7471015543877324,-0.3413432538509369
0.23924051583567751,0.7471015543877324,-0.2882579565048218
0.24303798434100574,0.7471015543877324,-0.2321532517671585
0.24683545284633396,0.7471015543877324,-0.1978977620601654
0.25063292135166215,0.7471015543877324,-0.15765038132667542
0.2544303898569904,0.7471015543877324,-0.11657983064651489
0.2582278583623186,0.7471015543877324,-0.07529440522193909
0.2620253268676468,0.7471015543877324,-0.03440019115805626
0.26582279537297504,0.7471015543877324,0.005506318062543869
0.26962026387830323,0.7471015543877324,0.043848901987075806
0.27341773238363143,0.7471015543877324,0.08007834106683731
0.2772152008889597,0.7471015543877324,0.11368118226528168
0.2810126693942879,0.7471015543877324,0.14418572187423706
0.2848101378996161,0.7471015543877324,0.17117024958133698
0.2886076064049443,0.7471015543877324,0.19426873326301575
0.2924050749102725,0.7471015543877324,0.21317504346370697
0.29620254341560076,0.7471015543877324,0.2276475727558136
0.30000001192092896,0.7471015543877324,0.2375134527683258
0.0,0.7591515794585022,-0.022230971604585648
0.0037974685053282146,0.7591515794585022,-0.022725585848093033
0.007594937010656429,0.7591515794585022,-0.022714626044034958
0.011392405515984643,0.7591515794585022,-0.022194940596818924
0.015189874021312859,0.7591515794585022,-0.02117076702415943
0.018987342526641072,0.7591515794585022,-0.01965372823178768
0.022784811031969287,0.7591515794585022,-0.017662733793258667
0.026582279537297502,0.7591515794585022,-0.4016517698764801
0.030379748042625717,0.7591515794585022,-0.3436184227466583
0.03417721654795393,0.7591515794585022,-0.2803930342197418
0.037974685053282144,0.7591515794585022,-0.21284915506839752
0.04177215355861036,0.7591515794585022,-0.14191946387290955
0.045569622063938574,0.7591515794585022,-0.0685826763510704
0.04936709056926679,0.7591515794585022,0.006149779073894024
0.053164559074595004,0.7591515794585022,0.0812484547495842
0.05696202757992322,0.7591515794585022,0.1556795984506607
0.060759496085251434,0.7591515794585022,0.22841998934745789
0.06455696459057965,0.7591515794585022,0.29847097396850586
0.06835443309590786,0.7591515794585022,0.3647209107875824
0.07215190160123608,0.7591515794585022,0.42663639783859253
0.07594937010656429,0.7591515794585022,0.48315179347991943
0.07974683861189251,0.7591515794585022,0.5334973931312561
0.08354430711722072,0.7591515794585022,0.5769903063774109
0.08734177562254894,0.7591515794585022,0.6130436062812805
0.09113924412787715,0.7591515794585022,0.6411736607551575
0.09493671263320537,0.7591515794585022,0.6610081791877747
0.09873418113853358,0.7591515794585022,0.6722897291183472
0.1025316496438618,0.7591515794585022,0.6748799085617065
0.10632911814919001,0.7591515794585022,0.6687605381011963
0.11012658665451823,0.7591515794585022,0.6540340781211853
0.11392405515984644,0.7591515794585022,0.6309215426445007
0.11772152366517466,0.7591515794585022,0.5997593998908997
0.12151899217050287,0.7591515794585022,0.5609943270683289
0.12531646067583108,0.7591515794585022,0.5151769518852234
0.1291139291811593,0.7591515794585022,0.46295350790023804
0.13291139768648752,0.7591515794585022,0.4050564467906952
0.13670886619181571,0.7591515794585022,0.34229499101638794
0.14050633469714394,0.7591515794585022,0.2755415737628937
0.14430380320247216,0.7591515794585022,0.2057218998670578
0.14810127170780038,0.7591515794585022,0.061400119215250015
0.15189874021312857,0.7591515794585022,0.021291395649313927
0.1556962087184568,0.7591515794585022,-0.01922096684575081
0.15949367722378502,0.7591515794585022,-0.059611834585666656
0.16329114572911324,0.7591515794585022,-0.1550777703523636
0.16708861423444143,0.7591515794585022,-0.22268201410770416
0.17088608273976966,0.7591515794585022,-0.2865748703479767
0.17468355124509788,0.7591515794585022,-0.34590944647789
0.1784810197504261,0.7591515794585022,-0.3999077379703522
0.1822784882557543,0.7591515794585022,-0.44787243008613586
0.18607595676108252,0.7591515794585022,-0.4891943633556366
0.18987342526641074,0.7591515794585022,-0.5233627557754517
0.19367089377173893,0.7591515794585022,-0.5499712824821472
0.19746836227706716,0.7591515794585022,-0.5687235593795776
0.20126583078239538,0.7591515794585022,-0.5794376134872437
0.2050632992877236,0.7591515794585022,-0.5820472240447998
0.2088607677930518,0.7591515794585022,-0.5766031742095947
0.21265823629838002,0.7591515794585022,-0.5632715821266174
0.21645570480370824,0.7591515794585022,-0.5423319339752197
0.22025317330903646,0.7591515794585022,-0.5141714215278625
0.22405064181436465,0.7591515794585022,-0.4792805016040802
0.22784811031969288,0.7591515794585022,-0.438244104385376
0.2316455788250211,0.7591515794585022,-0.3917343020439148
0.23544304733034932,0.7591515794585022,-0.3404989242553711
0.23924051583567751,0.7591515794585022,-0.2853512763977051
0.24303798434100574,0.7591515794585022,-0.2271578460931778
0.24683545284633396,0.7591515794585022,-0.19429868459701538
0.25063292135166215,0.7591515794585022,-0.1525358110666275
0.2544303898569904,0.7591515794585022,-0.10997163504362106
0.2582278583623186,0.7591515794585022,-0.06722977012395859
0.2620253268676468,0.7591515794585022,-0.024931229650974274
0.26582279537297504,0.7591515794585022,0.016313031315803528
0.26962026387830323,0.7591515794585022,0.05591300502419472
0.27341773238363143,0.7591515794585022,0.09330659359693527
0.2772152008889597,0.7591515794585022,0.127968430519104
0.2810126693942879,0.7591515794585022,0.1594161093235016
0.2848101378996161,0.7591515794585022,0.18721850216388702
0.2886076064049443,0.7591515794585022,0.2110014408826828
0.2924050749102725,0.7591515794585022,0.2304525077342987
0.29620254341560076,0.7591515794585022,0.24532507359981537
0.30000001192092896,0.7591515794585022,0.25544294714927673
0.0,0.7712016045292721,-0.02424093708395958
0.0037974685053282146,0.7712016045292721,-0.024745389819145203
0.007594937010656429,0.7712016045292721,-0.024736622348427773
0.011392405515984643,0.7712016045292721,-0.0242118202149868
0.015189874021312859,0.7712016045292721,-0.0231756791472435
0.018987342526641072,0.7712016045292721,-0.021640416234731674
0.022784811031969287,0.7712016045292721,-0.01962561532855034
0.026582279537297502,0.7712016045292721,-0.2477237582206726
0.030379748042625717,0.7712016045292721,-0.34598737955093384
0.03417721654795393,0.7712016045292721,-0.2821224629878998
0.037974685053282144,0.7712016045292721,-0.21390831470489502
0.04177215355861036,0.7712016045292721,-0.14229054749011993
0.045569622063938574,0.7712016045292721,-0.06826151907444
0.04936709056926679,0.7712016045292721,0.007153508719056845
0.053164559074595004,0.7712016045292721,0.08291106671094894
0.05696202757992322,0.7712016045292721,0.15796363353729248
0.060759496085251434,0.7712016045292721,0.2312745600938797
0.06455696459057965,0.7712016045292721,0.3018324077129364
0.06835443309590786,0.7712016045292721,0.36848577857017517
0.07215190160123608,0.7712016045292721,0.4307434558868408
0.07594937010656429,0.7712016045292721,0.4875045418739319
0.07974683861189251,0.7712016045292721,0.5379910469055176
0.08354430711722072,0.7712016045292721,0.5815134048461914
0.08734177562254894,0.7712016045292721,0.6174795627593994
0.09113924412787715,0.7712016045292721,0.645402729511261
0.09493671263320537,0.7712016045292721,0.6649093627929688
0.09873418113853358,0.7712016045292721,0.675742506980896
0.1025316496438618,0.7712016045292721,0.6777662634849548
0.10632911814919001,0.7712016045292721,0.6709672808647156
0.11012658665451823,0.7712016045292721,0.6554540991783142
0.11392405515984644,0.7712016045292721,0.6314564943313599
0.11772152366517466,0.7712016045292721,0.5993207693099976
0.12151899217050287,0.7712016045292721,0.5595055818557739
0.12531646067583108,0.7712016045292721,0.5125748515129089
0.1291139291811593,0.7712016045292721,0.45918941497802734
0.13291139768648752,0.7712016045292721,0.4000976085662842
0.13670886619181571,0.7712016045292721,0.3361254334449768
0.14050633469714394,0.7712016045292721,0.2681628465652466
0.14430380320247216,0.7712016045292721,0.19715352356433868
0.14810127170780038,0.7712016045292721,0.05389586463570595
0.15189874021312857,0.7712016045292721,0.013230598531663418
0.1556962087184568,0.7712016045292721,-0.027792640030384064
0.15949367722378502,0.7712016045292721,-0.06863953918218613
0.16329114572911324,0.7712016045292721,-0.16866980493068695
0.16708861423444143,0.7712016045292721,-0.2369735836982727
0.17088608273976966,0.7712016045292721,-0.30142831802368164
0.17468355124509788,0.7712016045292721,-0.36117425560951233
0.1784810197504261,0.7712016045292721,-0.41542237997055054
0.1822784882557543,0.7712016045292721,-0.4634661376476288
0.18607595676108252,0.7712016045292721,-0.5046892166137695
0.18987342526641074,0.7712016045292721,-0.5385757684707642
0.19367089377173893,0.7712016045292721,-0.5647166967391968
0.19746836227706716,0.7712016045292721,-0.5828151702880859
0.20126583078239538,0.7712016045292721,-0.5926912426948547
0.2050632992877236,0.7712016045292721,-0.5942830443382263
0.2088607677930518,0.7712016045292721,-0.5876479744911194
0.21265823629838002,0.7712016045292721,-0.572961151599884
0.21645570480370824,0.7712016045292721,-0.5505133271217346
0.22025317330903646,0.7712016045292721,-0.520704984664917
0.22405064181436465,0.7712016045292721,-0.48404186964035034
0.22784811031969288,0.7712016045292721,-0.44112592935562134
0.2316455788250211,0.7712016045292721,-0.39264780282974243
0.23544304733034932,0.7712016045292721,-0.33937540650367737
0.23924051583567751,0.7712016045292721,-0.01564730331301689
0.24303798434100574,0.7712016045292721,-0.016105113551020622
0.24683545284633396,0.7712016045292721,-0.016536729410290718
0.25063292135166215,0.7712016045292721,-0.016941403970122337
0.2544303898569904,0.7712016045292721,-0.0173184797167778
0.2582278583623186,0.7712016045292721,-0.01766734942793846
0.2620253268676468,0.7712016045292721,-0.014598660171031952
0.26582279537297504,0.7712016045292721,0.027958137914538383
0.26962026387830323,0.7712016045292721,0.06878604739904404
0.27341773238363143,0.7712016045292721,0.10731030255556107
0.2772152008889597,0.7712016045292721,0.14299383759498596
0.2810126693942879,0.7712016045292721,0.17534376680850983
0.2848101378996161,0.7712016045292721,0.203919917345047
0.2886076064049443,0.7712016045292721,0.010713154450058937
0.2924050749102725,0.7712016045292721,0.00818714126944542
0.29620254341560076,0.7712016045292721,0.005273563787341118
0.30000001192092896,0.7712016045292721,0.0019939541816711426
0.0,0.783251629600042,0.009425630792975426
0.0037974685053282146,0.783251629600042,0.009423128329217434
0.007594937010656429,0.783251629600042,0.009415545500814915
0.011392405515984643,0.783251629600042,0.009402659721672535
0.015189874021312859,0.783251629600042,0.009384103119373322
0.018987342526641072,0.783251629600042,0.009359369054436684
0.022784811031969287,0.783251629600042,-0.2854520380496979
0.026582279537297502,0.783251629600042,-0.25022587180137634
0.030379748042625717,0.783251629600042,-0.21123257279396057
0.03417721654795393,0.783251629600042,-0.16901811957359314
0.037974685053282144,0.783251629600042,-0.12417250871658325
0.04177215355861036,0.783251629600042,0.009037763811647892
0.045569622063938574,0.783251629600042,0.008946084417402744
0.04936709056926679,0.783251629600042,0.008840519934892654
0.053164559074595004,0.783251629600042,0.008719885721802711
0.05696202757992322,0.783251629600042,0.00858301017433405
0.060759496085251434,0.783251629600042,0.00842874962836504
0.06455696459057965,0.783251629600042,0.30472660064697266
0.06835443309590786,0.783251629600042,0.37204647064208984
0.07215190160123608,0.783251629600042,0.43463847041130066
0.07594937010656429,0.783251629600042,0.4916382133960724
0.07974683861189251,0.783251629600042,0.5422594547271729
0.08354430711722072,0.783251629600042,0.5858060717582703
0.08734177562254894,0.783251629600042,0.6216809749603271
0.09113924412787715,0.783251629600042,0.6493943929672241
0.09493671263320537,0.783251629600042,0.6685712337493896
0.09873418113853358,0.783251629600042,0.6789554953575134
0.1025316496438618,0.783251629600042,0.6804137825965881
0.10632911814919001,0.783251629600042,0.6729372143745422
0.11012658665451823,0.783251629600042,0.6566411852836609
0.11392405515984644,0.783251629600042,0.6317634582519531
0.11772152366517466,0.783251629600042,0.5986607074737549
0.12151899217050287,0.783251629600042,0.557803213596344
0.12531646067583108,0.783251629600042,0.5097681879997253
0.1291139291811593,0.783251629600042,0.45523130893707275
0.13291139768648752,0.783251629600042,0.39495643973350525
0.13670886619181571,0.783251629600042,0.0009076488204300404
0.14050633469714394,0.783251629600042,0.0003393546212464571
0.14430380320247216,0.783251629600042,-0.00023765256628394127
0.14810127170780038,0.783251629600042,-0.000821354566141963
0.15189874021312857,0.783251629600042,-0.001409672200679779
0.1556962087184568,0.783251629600042,-0.0020004985854029655
0.15949367722378502,0.783251629600042,-0.002591710537672043
0.16329114572911324,0.783251629600042,-0.003181199077516794
0.16708861423444143,0.783251629600042,-0.2513011693954468
0.17088608273976966,0.783251629600042,-0.31629887223243713
0.17468355124509788,0.783251629600042,-0.3764372169971466
0.1784810197504261,0.783251629600042,-0.4309162199497223
0.1822784882557543,0.783251629600042,-0.47902023792266846
0.18607595676108252,0.783251629600042,-0.5201258063316345
0.18987342526641074,0.783251629600042,-0.5537121891975403
0.19367089377173893,0.783251629600042,-0.5793676376342773
0.19746836227706716,0.783251629600042,-0.3698428273200989
0.20126583078239538,0.783251629600042,-0.3788381814956665
0.2050632992877236,0.783251629600042,-0.3832925260066986
0.2088607677930518,0.783251629600042,-0.3831821382045746
0.21265823629838002,0.783251629600042,-0.5824757814407349
0.21645570480370824,0.783251629600042,-0.5585058331489563
0.22025317330903646,0.783251629600042,-0.5270364880561829
0.22405064181436465,0.783251629600042,-0.488588809967041
0.22784811031969288,0.783251629600042,-0.4437817931175232
0.2316455788250211,0.783251629600042,-0.011578201316297054
0.23544304733034932,0.783251629600042,-0.01185867004096508
0.23924051583567751,0.783251629600042,-0.012118101119995117
0.24303798434100574,0.783251629600042,-0.012356962077319622
0.24683545284633396,0.783251629600042,-0.01257580891251564
0.25063292135166215,0.783251629600042,-0.012775263749063015
0.2544303898569904,0.783251629600042,-0.012956004589796066
0.2582278583623186,0.783251629600042,-0.013118738308548927
0.2620253268676468,0.783251629600042,-0.013264193199574947
0.26582279537297504,0.783251629600042,-0.013393105007708073
0.26962026387830323,0.783251629600042,-0.013506186194717884
0.27341773238363143,0.783251629600042,-0.01360412873327732
0.2772152008889597,0.783251629600042,-0.013687574304640293
0.2810126693942879,0.783251629600042,0.020919594913721085
0.2848101378996161,0.783251629600042,0.019305193796753883
0.2886076064049443,0.783251629600042,0.017251720651984215
0.2924050749102725,0.783251629600042,0.014767669141292572
0.29620254341560076,0.783251629600042,0.011867879889905453
0.30000001192092896,0.783251629600042,0.008573459461331367
0.0,0.7953016546708118,0.007320463191717863
0.0037974685053282146,0.7953016546708118,0.007319665979593992
0.007594937010656429,0.7953016546708118,0.007317177951335907
0.011392405515984643,0.7953016546708118,0.007312714587897062
0.015189874021312859,0.7953016546708118,0.0073058088310062885
0.018987342526641072,0.7953016546708118,0.007295815274119377
0.022784811031969287,0.7953016546708118,-0.2884792685508728
0.026582279537297502,0.7953016546708118,-0.25288698077201843
0.030379748042625717,0.7953016546708118,-0.21348953247070312
0.03417721654795393,0.7953016546708118,-0.17083987593650818
0.037974685053282144,0.7953016546708118,-0.12553566694259644
0.04177215355861036,0.7953016546708118,-0.07821031659841537
0.045569622063938574,0.7953016546708118,0.007054581306874752
0.04936709056926679,0.7953016546708118,0.006980361882597208
0.053164559074595004,0.7953016546708118,0.006891957484185696
0.05696202757992322,0.7953016546708118,0.006787947379052639
0.060759496085251434,0.7953016546708118,0.23606917262077332
0.06455696459057965,0.7953016546708118,0.30767062306404114
0.06835443309590786,0.7953016546708118,0.3754015266895294
0.07215190160123608,0.7953016546708118,0.438319593667984
0.07594937010656429,0.7953016546708118,0.49555084109306335
0.07974683861189251,0.7953016546708118,0.5463011264801025
0.08354430711722072,0.7953016546708118,0.5898677706718445
0.08734177562254894,0.7953016546708118,0.6256489753723145
0.09113924412787715,0.7953016546708118,0.6531516909599304
0.09493671263320537,0.7953016546708118,0.6719998121261597
0.09873418113853358,0.7953016546708118,0.6819379329681396
0.1025316496438618,0.7953016546708118,0.6828354597091675
0.10632911814919001,0.7953016546708118,0.674687922000885
0.11012658665451823,0.7953016546708118,0.6576172709465027
0.11392405515984644,0.7953016546708118,0.6318696141242981
0.11772152366517466,0.7953016546708118,0.597811758518219
0.12151899217050287,0.7953016546708118,0.5559254288673401
0.12531646067583108,0.7953016546708118,0.5068012475967407
0.1291139291811593,0.7953016546708118,0.4511292576789856
0.13291139768648752,0.7953016546708118,0.38968905806541443
0.13670886619181571,0.7953016546708118,0.32333990931510925
0.14050633469714394,0.7953016546708118,-0.0005517071112990379
0.14430380320247216,0.7953016546708118,-0.001051005907356739
0.14810127170780038,0.7953016546708118,-0.0015496625564992428
0.15189874021312857,0.7953016546708118,-0.002045075176283717
0.1556962087184568,0.7953016546708118,-0.002534664236009121
0.15949367722378502,0.7953016546708118,-0.12310102581977844
0.16329114572911324,0.7953016546708118,-0.19592472910881042
0.16708861423444143,0.7953016546708118,-0.2655697464942932
0.17088608273976966,0.7953016546708118,-0.3310905396938324
0.17468355124509788,0.7953016546708118,-0.3916022479534149
0.1784810197504261,0.7953016546708118,-0.44629406929016113
0.1822784882557543,0.7953016546708118,-0.4944413900375366
0.18607595676108252,0.7953016546708118,-0.5354138016700745
0.18987342526641074,0.7953016546708118,-0.5686858296394348
0.19367089377173893,0.7953016546708118,-0.5938430428504944
0.19746836227706716,0.7953016546708118,-0.37734079360961914
0.20126583078239538,0.7953016546708118,-0.3857271671295166
0.2050632992877236,0.7953016546708118,-0.38947874307632446
0.2088607677930518,0.7953016546708118,-0.3885764181613922
0.21265823629838002,0.7953016546708118,-0.5917753577232361
0.21645570480370824,0.7953016546708118,-0.5662801861763
0.22025317330903646,0.7953016546708118,-0.5331484079360962
0.22405064181436465,0.7953016546708118,-0.49291616678237915
0.22784811031969288,0.7953016546708118,-0.44621944427490234
0.2316455788250211,0.7953016546708118,-0.39378613233566284
0.23544304733034932,0.7953016546708118,-0.34003081917762756
0.23924051583567751,0.7953016546708118,-0.27860701084136963
0.24303798434100574,0.7953016546708118,-0.2140369415283203
0.24683545284633396,0.7953016546708118,-0.14729560911655426
0.25063292135166215,0.7953016546708118,-0.07938536256551743
0.2544303898569904,0.7953016546708118,-0.01132306270301342
0.2582278583623186,0.7953016546708118,0.0558752566576004
0.2620253268676468,0.7953016546708118,0.12120948731899261
0.26582279537297504,0.7953016546708118,0.18370766937732697
0.26962026387830323,0.7953016546708118,0.24244342744350433
0.27341773238363143,0.7953016546708118,0.2965468168258667
0.2772152008889597,0.7953016546708118,0.028425833210349083
0.2810126693942879,0.7953016546708118,0.027399864047765732
0.2848101378996161,0.7953016546708118,0.02590777538716793
0.2886076064049443,0.7953016546708118,0.023950297385454178
0.2924050749102725,0.7953016546708118,0.02153482474386692
0.29620254341560076,0.7953016546708118,0.01867534965276718
0.30000001192092896,0.7953016546708118,0.015392355620861053
0.0,0.8073516797415817,0.005114221014082432
0.0037974685053282146,0.8073516797415817,0.005115296225994825
0.007594937010656429,0.8073516797415817,0.0051184059120714664
0.011392405515984643,0.8073516797415817,0.005123200360685587
0.015189874021312859,0.8073516797415817,0.005129105877131224
0.018987342526641072,0.8073516797415817,0.005135332699865103
0.022784811031969287,0.8073516797415817,-0.2916325330734253
0.026582279537297502,0.8073516797415817,-0.2556889057159424
0.030379748042625717,0.8073516797415817,-0.2159019261598587
0.03417721654795393,0.8073516797415817,-0.1728314906358719
0.037974685053282144,0.8073516797415817,-0.12708254158496857
0.04177215355861036,0.8073516797415817,-0.07929661870002747
0.045569622063938574,0.8073516797415817,-0.03014238551259041
0.04936709056926679,0.8073516797415817,0.005045001860707998
0.053164559074595004,0.8073516797415817,0.004992526490241289
0.05696202757992322,0.8073516797415817,0.004925236105918884
0.060759496085251434,0.8073516797415817,0.23834389448165894
0.06455696459057965,0.8073516797415817,0.31041890382766724
0.06835443309590786,0.8073516797415817,0.37855035066604614
0.07215190160123608,0.8073516797415817,0.44178539514541626
0.07594937010656429,0.8073516797415817,0.499240905046463
0.07974683861189251,0.8073516797415817,0.5501149296760559
0.08354430711722072,0.8073516797415817,0.593698263168335
0.08734177562254894,0.8073516797415817,0.003691248595714569
0.09113924412787715,0.8073516797415817,0.003437567502260208
0.09493671263320537,0.8073516797415817,0.003161249216645956
0.09873418113853358,0.8073516797415817,0.002862903755158186
0.1025316496438618,0.8073516797415817,0.0025434400886297226
0.10632911814919001,0.8073516797415817,0.0022040586918592453
0.11012658665451823,0.8073516797415817,0.0018462508451193571
0.11392405515984644,0.8073516797415817,0.0014717811718583107
0.11772152366517466,0.8073516797415817,0.5968061089515686
0.12151899217050287,0.8073516797415817,0.5539103746414185
0.12531646067583108,0.8073516797415817,0.5037180185317993
0.1291139291811593,0.8073516797415817,0.44693347811698914
0.13291139768648752,0.8073516797415817,0.3843517005443573
0.13670886619181571,0.8073516797415817,0.3168483078479767
0.14050633469714394,0.8073516797415817,0.24536490440368652
0.14430380320247216,0.8073516797415817,-0.001835839357227087
0.14810127170780038,0.8073516797415817,-0.0022455230355262756
0.15189874021312857,0.8073516797415817,0.017179206013679504
0.1556962087184568,0.8073516797415817,-0.05994240194559097
0.15949367722378502,0.8073516797415817,-0.1358165144920349
0.16329114572911324,0.8073516797415817,-0.2093999832868576
0.16708861423444143,0.8073516797415817,-0.2796827554702759
0.17088608273976966,0.8073516797415817,-0.34570568799972534
0.17468355124509788,0.8073516797415817,-0.40657153725624084
0.1784810197504261,0.8073516797415817,-0.4614590108394623
0.1822784882557543,0.8073516797415817,-0.5096346735954285
0.18607595676108252,0.8073516797415817,-0.5504613518714905
0.18987342526641074,0.8073516797415817,-0.5834088921546936
0.19367089377173893,0.8073516797415817,-0.005536196753382683
0.19746836227706716,0.8073516797415817,-0.005615899804979563
0.20126583078239538,0.8073516797415817,-0.005661888979375362
0.2050632992877236,0.8073516797415817,-0.005674691405147314
0.2088607677930518,0.8073516797415817,-0.005655206274241209
0.21265823629838002,0.8073516797415817,-0.6008191108703613
0.21645570480370824,0.8073516797415817,-0.5738070607185364
0.22025317330903646,0.8073516797415817,-0.539023220539093
0.22405064181436465,0.8073516797415817,-0.49701908230781555
0.22784811031969288,0.8073516797415817,-0.44844725728034973
0.2316455788250211,0.8073516797415817,-0.3940539062023163
0.23544304733034932,0.8073516797415817,-0.3382619321346283
0.23924051583567751,0.8073516797415817,-0.27476707100868225
0.24303798434100574,0.8073516797415817,-0.20810328423976898
0.24683545284633396,0.8073516797415817,-0.13926753401756287
0.25063292135166215,0.8073516797415817,-0.06928456574678421
0.2544303898569904,0.8073516797415817,0.0008063536370173097
0.2582278583623186,0.8073516797415817,0.06996709853410721
0.2620253268676468,0.8073516797415817,0.1371760070323944
0.26582279537297504,0.8073516797415817,0.20144039392471313
0.26962026387830323,0.8073516797415817,0.2618142068386078
0.27341773238363143,0.8073516797415817,0.3174091577529907
0.2772152008889597,0.8073516797415817,0.03476802632212639
0.2810126693942879,0.8073516797415817,0.033914364874362946
0.2848101378996161,0.8073516797415817,0.03257029876112938
0.2886076064049443,0.8073516797415817,0.030735064297914505
0.2924050749102725,0.8073516797415817,0.0284147746860981
0.29620254341560076,0.8073516797415817,0.025622369721531868
0.30000001192092896,0.8073516797415817,0.022377528250217438
0.0,0.8194017048123516,0.0028363396413624287
0.0037974685053282146,0.8194017048123516,0.0028394225519150496
0.007594937010656429,0.8194017048123516,0.002848532050848007
0.011392405515984643,0.8194017048123516,0.002863252069801092
0.015189874021312859,0.8194017048123516,0.0028828983195126057
0.018987342526641072,0.8194017048123516,0.0029065292328596115
0.022784811031969287,0.8194017048123516,-0.29488757252693176
0.026582279537297502,0.8194017048123516,-0.2586098313331604
0.030379748042625717,0.8194017048123516,-0.21845069527626038
0.03417721654795393,0.8194017048123516,-0.17497652769088745
0.037974685053282144,0.8194017048123516,-0.12879960238933563
0.04177215355861036,0.8194017048123516,-0.0805690810084343
0.045569622063938574,0.8194017048123516,-0.030961893498897552
0.04936709056926679,0.8194017048123516,0.0030588300433009863
0.053164559074595004,0.8194017048123516,0.003045283257961273
0.05696202757992322,0.8194017048123516,0.003017841838300228
0.060759496085251434,0.8194017048123516,0.24043810367584229
0.06455696459057965,0.8194017048123516,0.3129730224609375
0.06835443309590786,0.8194017048123516,0.3814930021762848
0.07215190160123608,0.8194017048123516,0.44503507018089294
0.07594937010656429,0.8194017048123516,0.5027071237564087
0.07974683861189251,0.8194017048123516,0.5536996126174927
0.08354430711722072,0.8194017048123516,0.002301915781572461
0.08734177562254894,0.8194017048123516,0.00211224053055048
0.09113924412787715,0.8194017048123516,0.0018997159786522388
0.09493671263320537,0.8194017048123516,0.0016648366581648588
0.09873418113853358,0.8194017048123516,0.00140845263376832
0.1025316496438618,0.8194017048123516,0.0011317739263176918
0.10632911814919001,0.8194017048123516,0.0008363593369722366
0.11012658665451823,0.8194017048123516,0.0005241124890744686
0.11392405515984644,0.8194017048123516,0.00019725924357771873
0.11772152366517466,0.8194017048123516,0.5956758856773376
0.12151899217050287,0.8194017048123516,0.5517957210540771
0.12531646067583108,0.8194017048123516,0.500562310218811
0.1291139291811593,0.8194017048123516,0.44269391894340515
0.13291139768648752,0.8194017048123516,0.37900057435035706
0.13670886619181571,0.8194017048123516,0.31037387251853943
0.14050633469714394,0.8194017048123516,0.23777197301387787
0.14430380320247216,0.8194017048123516,0.16220873594284058
0.14810127170780038,0.8194017048123516,0.08473563194274902
0.15189874021312857,0.8194017048123516,0.006431113928556442
0.1556962087184568,0.8194017048123516,-0.07161837816238403
0.15949367722378502,0.8194017048123516,-0.1483307182788849
0.16329114572911324,0.8194017048123516,-0.22264721989631653
0.16708861423444143,0.8194017048123516,-0.29354315996170044
0.17088608273976966,0.8194017048123516,-0.36004602909088135
0.17468355124509788,0.8194017048123516,-0.4212467074394226
0.1784810197504261,0.8194017048123516,-0.47631344199180603
0.1822784882557543,0.8194017048123516,-0.004534913692623377
0.18607595676108252,0.8194017048123516,-0.00453195720911026
0.18987342526641074,0.8194017048123516,-0.0044867778196930885
0.19367089377173893,0.8194017048123516,-0.004399193916469812
0.19746836227706716,0.8194017048123516,-0.004269506316632032
0.20126583078239538,0.8194017048123516,-0.0040984973311424255
0.2050632992877236,0.8194017048123516,-0.003887438215315342
0.2088607677930518,0.8194017048123516,-0.003638077061623335
0.21265823629838002,0.8194017048123516,-0.003352624364197254
0.21645570480370824,0.8194017048123516,-0.0030337355565279722
0.22025317330903646,0.8194017048123516,-0.544643759727478
0.22405064181436465,0.8194017048123516,-0.5008931159973145
0.22784811031969288,0.8194017048123516,-0.4504741430282593
0.2316455788250211,0.8194017048123516,-0.39415091276168823
0.23544304733034932,0.8194017048123516,-0.336323082447052
0.23924051583567751,0.8194017048123516,-0.27079102396965027
0.24303798434100574,0.8194017048123516,-0.2020684778690338
0.24683545284633396,0.8194017048123516,-0.1311740130186081
0.25063292135166215,0.8194017048123516,-0.05915432795882225
0.2544303898569904,0.8194017048123516,0.012929406017065048
0.2582278583623186,0.8194017048123516,0.08401741832494736
0.2620253268676468,0.8194017048123516,0.15306693315505981
0.26582279537297504,0.8194017048123516,0.2190648764371872
0.26962026387830323,0.8194017048123516,0.2810460031032562
0.27341773238363143,0.8194017048123516,0.3381042182445526
0.2772152008889597,0.8194017048123516,0.04104629158973694
0.2810126693942879,0.8194017048123516,0.04038887098431587
0.2848101378996161,0.8194017048123516,0.03921770304441452
0.2886076064049443,0.8194017048123516,0.037530381232500076
0.2924050749102725,0.8194017048123516,0.03533156216144562
0.29620254341560076,0.8194017048123516,0.032632939517498016
0.30000001192092896,0.8194017048123516,0.029453184455633163
0.0,0.8314517298831215,-0.0236275102943182
0.0037974685053282146,0.8314517298831215,-0.024062922224402428
0.007594937010656429,0.8314517298831215,-0.024126354604959488
0.011392405515984643,0.8314517298831215,-0.023815881460905075
0.015189874021312859,0.8314517298831215,-0.023135129362344742
0.018987342526641072,0.8314517298831215,-0.022093266248703003
0.022784811031969287,0.8314517298831215,-0.02070489339530468
0.026582279537297502,0.8314517298831215,-0.4204918444156647
0.030379748042625717,0.8314517298831215,-0.35904645919799805
0.03417721654795393,0.8314517298831215,-0.29216432571411133
0.037974685053282144,0.8314517298831215,-0.22078998386859894
0.04177215355861036,0.8314517298831215,-0.14593136310577393
0.045569622063938574,0.8314517298831215,-0.06864534318447113
0.04936709056926679,0.8314517298831215,0.00997672975063324
0.053164559074595004,0.8314517298831215,0.08882511407136917
0.05696202757992322,0.8314517298831215,0.16678670048713684
0.060759496085251434,0.8314517298831215,0.24276120960712433
0.06455696459057965,0.8314517298831215,0.3156765401363373
0.06835443309590786,0.8314517298831215,0.38423028588294983
0.07215190160123608,0.8314517298831215,0.44806838035583496
0.07594937010656429,0.8314517298831215,0.5059487819671631
0.07974683861189251,0.8314517298831215,0.5570544600486755
0.08354430711722072,0.8314517298831215,0.6006642580032349
0.08734177562254894,0.8314517298831215,0.6361626982688904
0.09113924412787715,0.8314517298831215,0.6630483865737915
0.09493671263320537,0.8314517298831215,0.6809418797492981
0.09873418113853358,0.8314517298831215,0.6895900964736938
0.1025316496438618,0.8314517298831215,0.6888702511787415
0.10632911814919001,0.8314517298831215,0.6787915229797363
0.11012658665451823,0.8314517298831215,0.6594944000244141
0.11392405515984644,0.8314517298831215,0.6312493681907654
0.11772152366517466,0.8314517298831215,0.5944521427154541
0.12151899217050287,0.8314517298831215,0.5496185421943665
0.12531646067583108,0.8314517298831215,0.49737703800201416
0.1291139291811593,0.8314517298831215,0.4384596347808838
0.13291139768648752,0.8314517298831215,0.3736909329891205
0.13670886619181571,0.8314517298831215,0.30397799611091614
0.14050633469714394,0.8314517298831215,0.23029513657093048
0.14430380320247216,0.8314517298831215,0.15367275476455688
0.14810127170780038,0.8314517298831215,0.0751790925860405
0.15189874021312857,0.8314517298831215,-0.004090733826160431
0.1556962087184568,0.8314517298831215,-0.08303385227918625
0.15949367722378502,0.8314517298831215,-0.1605522632598877
0.16329114572911324,0.8314517298831215,-0.23557206988334656
0.16708861423444143,0.8314517298831215,-0.30705446004867554
0.17088608273976966,0.8314517298831215,-0.3740139603614807
0.17468355124509788,0.8314517298831215,-0.43552979826927185
0.1784810197504261,0.8314517298831215,-0.49076029658317566
0.1822784882557543,0.8314517298831215,-0.5389553308486938
0.18607595676108252,0.8314517298831215,-0.5794647336006165
0.18987342526641074,0.8314517298831215,-0.6117494702339172
0.19367089377173893,0.8314517298831215,-0.6353880167007446
0.19746836227706716,0.8314517298831215,-0.6500825881958008
0.20126583078239538,0.8314517298831215,-0.6556634902954102
0.2050632992877236,0.8314517298831215,-0.652090847492218
0.2088607677930518,0.8314517298831215,-0.6394553780555725
0.21265823629838002,0.8314517298831215,-0.617976725101471
0.21645570480370824,0.8314517298831215,-0.5880007147789001
0.22025317330903646,0.8314517298831215,-0.549993097782135
0.22405064181436465,0.8314517298831215,-0.5045343041419983
0.22784811031969288,0.8314517298831215,-0.4523095190525055
0.2316455788250211,0.8314517298831215,-0.3941004276275635
0.23544304733034932,0.8314517298831215,-0.33077216148376465
0.23924051583567751,0.8314517298831215,-0.26326197385787964
0.24303798434100574,0.8314517298831215,-0.17966139316558838
0.24683545284633396,0.8314517298831215,-0.14070706069469452
0.25063292135166215,0.8314517298831215,-0.1005985289812088
0.2544303898569904,0.8314517298831215,-0.05320913344621658
0.2582278583623186,0.8314517298831215,-0.001990735065191984
0.2620253268676468,0.8314517298831215,0.04837249219417572
0.26582279537297504,0.8314517298831215,0.09718231856822968
0.26962026387830323,0.8314517298831215,0.14376667141914368
0.27341773238363143,0.8314517298831215,0.18748755753040314
0.2772152008889597,0.8314517298831215,0.22775082290172577
0.2810126693942879,0.8314517298831215,0.26401329040527344
0.2848101378996161,0.8314517298831215,0.2957918345928192
0.2886076064049443,0.8314517298831215,0.04425995051860809
0.2924050749102725,0.8314517298831215,0.04220828786492348
0.29620254341560076,0.8314517298831215,0.03962982818484306
0.30000001192092896,0.8314517298831215,0.036542050540447235
0.0,0.8435017549538913,-0.026061736047267914
0.0037974685053282146,0.8435017549538913,-0.026478365063667297
0.007594937010656429,0.8435017549538913,-0.026516202837228775
0.011392405515984643,0.8435017549538913,-0.026173893362283707
0.015189874021312859,0.8435017549538913,-0.025455716997385025
0.018987342526641072,0.8435017549538913,-0.0243715588003397
0.022784811031969287,0.8435017549538913,-0.022936807945370674
0.026582279537297502,0.8435017549538913,-0.42372891306877136
0.030379748042625717,0.8435017549538913,-0.3617716431617737
0.03417721654795393,0.8435017549538913,-0.2943406105041504
0.037974685053282144,0.8435017549538913,-0.22239115834236145
0.04177215355861036,0.8435017549538913,-0.14694251120090485
0.045569622063938574,0.8435017549538913,-0.06906343996524811
0.04936709056926679,0.8435017549538913,0.010142656974494457
0.053164559074595004,0.8435017549538913,0.08955388516187668
0.05696202757992322,0.8435017549538913,0.16804508864879608
0.060759496085251434,0.8435017549538913,0.2445044070482254
0.06455696459057965,0.8435017549538913,0.3178485333919525
0.06835443309590786,0.8435017549538913,0.3867635726928711
0.07215190160123608,0.8435017549538913,0.45088544487953186
0.07594937010656429,0.8435017549538913,0.508965253829956
0.07974683861189251,0.8435017549538913,0.560178816318512
0.08354430711722072,0.8435017549538913,0.6037993431091309
0.08734177562254894,0.8435017549538913,0.639207124710083
0.09113924412787715,0.8435017549538913,0.6658981442451477
0.09493671263320537,0.8435017549538913,0.6834920048713684
0.09873418113853358,0.8435017549538913,0.6917365193367004
0.1025316496438618,0.8435017549538913,0.6905112862586975
0.10632911814919001,0.8435017549538913,0.6798297762870789
0.11012658665451823,0.8435017549538913,0.6598384380340576
0.11392405515984644,0.8435017549538913,0.6308152675628662
0.11772152366517466,0.8435017549538913,0.5931652784347534
0.12151899217050287,0.8435017549538913,0.5474147796630859
0.12531646067583108,0.8435017549538913,0.4942042827606201
0.1291139291811593,0.8435017549538913,0.4342787265777588
0.13291139768648752,0.8435017549538913,0.3684770166873932
0.13670886619181571,0.8435017549538913,0.2977210581302643
0.14050633469714394,0.8435017549538913,0.22300072014331818
0.14430380320247216,0.8435017549538913,0.14536240696907043
0.14810127170780038,0.8435017549538913,0.06589041650295258
0.15189874021312857,0.8435017549538913,-0.014303985983133316
0.1556962087184568,0.8435017549538913,-0.09410212934017181
0.15949367722378502,0.8435017549538913,-0.1723906695842743
0.16329114572911324,0.8435017549538913,-0.24808120727539062
0.16708861423444143,0.8435017549538913,-0.3201211988925934
0.17088608273976966,0.8435017549538913,-0.3875126838684082
0.17468355124509788,0.8435017549538913,-0.4493238627910614
0.1784810197504261,0.8435017549538913,-0.5047034025192261
0.1822784882557543,0.8435017549538913,-0.5528931617736816
0.18607595676108252,0.8435017549538913,-0.5932369828224182
0.18987342526641074,0.8435017549538913,-0.6251916289329529
0.19367089377173893,0.8435017549538913,-0.6483333110809326
0.19746836227706716,0.8435017549538913,-0.6623643636703491
0.20126583078239538,0.8435017549538913,-0.667117178440094
0.2050632992877236,0.8435017549538913,-0.6625558137893677
0.2088607677930518,0.8435017549538913,-0.6487775444984436
0.21265823629838002,0.8435017549538913,-0.6260101199150085
0.21645570480370824,0.8435017549538913,-0.5946098566055298
0.22025317330903646,0.8435017549538913,-0.5550546646118164
0.22405064181436465,0.8435017549538913,-0.507938802242279
0.22784811031969288,0.8435017549538913,-0.45396310091018677
0.2316455788250211,0.8435017549538913,-0.3939259648323059
0.23544304733034932,0.8435017549538913,-0.3287107050418854
0.23924051583567751,0.8435017549538913,-0.2592736780643463
0.24303798434100574,0.8435017549538913,-0.17208236455917358
0.24683545284633396,0.8435017549538913,-0.13208478689193726
0.25063292135166215,0.8435017549538913,-0.09096967428922653
0.2544303898569904,0.8435017549538913,-0.04930207505822182
0.2582278583623186,0.8435017549538913,0.010649899020791054
0.2620253268676468,0.8435017549538913,0.06208251416683197
0.26582279537297504,0.8435017549538913,0.11187292635440826
0.26962026387830323,0.8435017549538913,0.15933813154697418
0.27341773238363143,0.8435017549538913,0.20383022725582123
0.2772152008889597,0.8435017549538913,0.24474629759788513
0.2810126693942879,0.8435017549538913,0.28153562545776367
0.2848101378996161,0.8435017549538913,0.31370896100997925
0.2886076064049443,0.8435017549538913,0.3408450782299042
0.2924050749102725,0.8435017549538913,0.36259573698043823
0.29620254341560076,0.8435017549538913,0.378690630197525
0.30000001192092896,0.8435017549538913,0.388942152261734
0.0,0.8555517800246613,-0.02847074158489704
0.0037974685053282146,0.8555517800246613,-0.028863344341516495
0.007594937010656429,0.8555517800246613,-0.028870493173599243
0.011392405515984643,0.8555517800246613,-0.02849145419895649
0.015189874021312859,0.8555517800246613,-0.027731195092201233
0.018987342526641072,0.8555517800246613,-0.026600373908877373
0.022784811031969287,0.8555517800246613,-0.02511519193649292
0.026582279537297502,0.8555517800246613,-0.4269065260887146
0.030379748042625717,0.8555517800246613,-0.364461213350296
0.03417721654795393,0.8555517800246613,-0.2965068519115448
0.037974685053282144,0.8555517800246613,-0.2240089476108551
0.04177215355861036,0.8555517800246613,-0.1479976922273636
0.045569622063938574,0.8555517800246613,-0.06955301016569138
0.04936709056926679,0.8555517800246613,0.010210063308477402
0.053164559074595004,0.8555517800246613,0.09015803784132004
0.05696202757992322,0.8555517800246613,0.1691543310880661
0.060759496085251434,0.8555517800246613,0.24607591331005096
0.06455696459057965,0.8555517800246613,0.3198288679122925
0.06835443309590786,0.8555517800246613,0.3890945613384247
0.07215190160123608,0.8555517800246613,0.45348674058914185
0.07594937010656429,0.8555517800246613,0.5117562413215637
0.07974683861189251,0.8555517800246613,0.5630722045898438
0.08354430711722072,0.8555517800246613,0.6067023277282715
0.08734177562254894,0.8555517800246613,0.6420229077339172
0.09113924412787715,0.8555517800246613,0.6685274839401245
0.09493671263320537,0.8555517800246613,0.6858348250389099
0.09873418113853358,0.8555517800246613,0.6936934590339661
0.1025316496438618,0.8555517800246613,0.6919853687286377
0.10632911814919001,0.8555517800246613,0.6807281970977783
0.11012658665451823,0.8555517800246613,0.6600741147994995
0.11392405515984644,0.8555517800246613,0.6303082704544067
0.11772152366517466,0.8555517800246613,0.5918445587158203
0.12151899217050287,0.8555517800246613,0.545219361782074
0.12531646067583108,0.8555517800246613,0.49108466506004333
0.1291139291811593,0.8555517800246613,0.43019795417785645
0.13291139768648752,0.8555517800246613,0.3634115755558014
0.13670886619181571,0.8555517800246613,0.29166179895401
0.14050633469714394,0.8555517800246613,0.21595335006713867
0.14430380320247216,0.8555517800246613,0.13734786212444305
0.14810127170780038,0.8555517800246613,0.056945085525512695
0.15189874021312857,0.8555517800246613,-0.024128302931785583
0.1556962087184568,0.8555517800246613,-0.10473855584859848
0.15949367722378502,0.8555517800246613,-0.18375766277313232
0.16329114572911324,0.8555517800246613,-0.26008331775665283
0.16708861423444143,0.8555517800246613,-0.33264994621276855
0.17088608273976966,0.8555517800246613,-0.40044763684272766
0.17468355124509788,0.8555517800246613,-0.46253395080566406
0.1784810197504261,0.8555517800246613,-0.5180484056472778
0.1822784882557543,0.8555517800246613,-0.5662254095077515
0.18607595676108252,0.8555517800246613,-0.6064028143882751
0.18987342526641074,0.8555517800246613,-0.6380335092544556
0.19367089377173893,0.8555517800246613,-0.6606917381286621
0.19746836227706716,0.8555517800246613,-0.6740796566009521
0.20126583078239538,0.8555517800246613,-0.6780317425727844
0.2050632992877236,0.8555517800246613,-0.6725161671638489
0.2088607677930518,0.8555517800246613,-0.6576361060142517
0.21265823629838002,0.8555517800246613,-0.6336275339126587
0.21645570480370824,0.8555517800246613,-0.6008564233779907
0.22025317330903646,0.8555517800246613,-0.5598124265670776
0.22405064181436465,0.8555517800246613,-0.5111032724380493
0.22784811031969288,0.8555517800246613,-0.4554445445537567
0.2316455788250211,0.8555517800246613,-0.3936508595943451
0.23544304733034932,0.8555517800246613,-0.3266229033470154
0.23924051583567751,0.8555517800246613,-0.25533533096313477
0.24303798434100574,0.8555517800246613,-0.16388991475105286
0.24683545284633396,0.8555517800246613,-0.12291329354047775
0.25063292135166215,0.8555517800246613,-0.08085981011390686
0.2544303898569904,0.8555517800246613,-0.03830469027161598
0.2582278583623186,0.8555517800246613,0.023547276854515076
0.2620253268676468,0.8555517800246613,0.07596444338560104
0.26582279537297504,0.8555517800246613,0.12664969265460968
0.26962026387830323,0.8555517800246613,0.17490985989570618
0.27341773238363143,0.8555517800246613,0.22008776664733887
0.2772152008889597,0.8555517800246613,0.2615725100040436
0.2810126693942879,0.8555517800246613,0.2988065779209137
0.2848101378996161,0.8555517800246613,0.33129534125328064
0.2886076064049443,0.8555517800246613,0.3586134910583496
0.2924050749102725,0.8555517800246613,0.380410373210907
0.29620254341560076,0.8555517800246613,0.3964144289493561
0.30000001192092896,0.8555517800246613,0.40643858909606934
0.0,0.8676018050954312,-0.030823353677988052
0.0037974685053282146,0.8676018050954312,-0.031186718493700027
0.007594937010656429,0.8676018050954312,-0.03115820325911045
0.011392405515984643,0.8676018050954312,-0.030737733468413353
0.015189874021312859,0.8676018050954312,-0.029931023716926575
0.018987342526641072,0.8676018050954312,-0.028749532997608185
0.022784811031969287,0.8676018050954312,-0.0272102989256382
0.026582279537297502,0.8676018050954312,-0.4299909472465515
0.030379748042625717,0.8676018050954312,-0.36708441376686096
0.03417721654795393,0.8676018050954312,-0.2986353039741516
0.037974685053282144,0.8676018050954312,-0.2256188988685608
0.04177215355861036,0.8676018050954312,-0.14907562732696533
0.045569622063938574,0.8676018050954312,-0.07009612768888474
0.04936709056926679,0.8676018050954312,0.010193658992648125
0.053164559074595004,0.8676018050954312,0.09064925462007523
0.05696202757992322,0.8676018050954312,0.17012321949005127
0.060759496085251434,0.8676018050954312,0.24748192727565765
0.06455696459057965,0.8676018050954312,0.32162150740623474
0.06835443309590786,0.8676018050954312,0.39122551679611206
0.07215190160123608,0.8676018050954312,0.4558731019496918
0.07594937010656429,0.8676018050954312,0.5143217444419861
0.07974683861189251,0.8676018050954312,0.5657342076301575
0.08354430711722072,0.8676018050954312,0.6093729734420776
0.08734177562254894,0.8676018050954312,0.6446107625961304
0.09113924412787715,0.8676018050954312,0.6709385514259338
0.09493671263320537,0.8676018050954312,0.6879745125770569
0.09873418113853358,0.8676018050954312,0.6954677700996399
0.1025316496438618,0.8676018050954312,0.6933026909828186
0.10632911814919001,0.8676018050954312,0.6815007925033569
0.11012658665451823,0.8676018050954312,0.6602195501327515
0.11392405515984644,0.8676018050954312,0.6297512650489807
0.11772152366517466,0.8676018050954312,0.5905178785324097
0.12151899217050287,0.8676018050954312,0.54306560754776
0.12531646067583108,0.8676018050954312,0.4880571663379669
0.1291139291811593,0.8676018050954312,0.4262619912624359
0.13291139768648752,0.8676018050954312,0.3585452139377594
0.13670886619181571,0.8676018050954312,0.2858566641807556
0.14050633469714394,0.8676018050954312,0.2092151641845703
0.14430380320247216,0.8676018050954312,0.1296968311071396
0.14810127170780038,0.8676018050954312,0.04841598868370056
0.15189874021312857,0.8676018050954312,-0.03348609805107117
0.1556962087184568,0.8676018050954312,-0.11486132442951202
0.15949367722378502,0.8676018050954312,-0.19456784427165985
0.16329114572911324,0.8676018050954312,-0.2714901268482208
0.16708861423444143,0.8676018050954312,-0.34455031156539917
0.17088608273976966,0.8676018050954312,-0.41272714734077454
0.17468355124509788,0.8676018050954312,-0.47506821155548096
0.1784810197504261,0.8676018050954312,-0.5307042598724365
0.1822784882557543,0.8676018050954312,-0.5788625478744507
0.18607595676108252,0.8676018050954312,-0.6188755631446838
0.18987342526641074,0.8676018050954312,-0.6501923203468323
0.19367089377173893,0.8676018050954312,-0.6723852753639221
0.19746836227706716,0.8676018050954312,-0.6851565837860107
0.20126583078239538,0.8676018050954312,-0.6883425116539001
0.2050632992877236,0.8676018050954312,-0.6819152235984802
0.2088607677930518,0.8676018050954312,-0.6659835577011108
0.21265823629838002,0.8676018050954312,-0.640791118144989
0.21645570480370824,0.8676018050954312,-0.6067135334014893
0.22025317330903646,0.8676018050954312,-0.564251184463501
0.22405064181436465,0.8676018050954312,-0.5140247344970703
0.22784811031969288,0.8676018050954312,-0.45676374435424805
0.2316455788250211,0.8676018050954312,-0.39329829812049866
0.23544304733034932,0.8676018050954312,-0.3245455026626587
0.23924051583567751,0.8676018050954312,-0.25149738788604736
0.24303798434100574,0.8676018050954312,-0.1551620066165924
0.24683545284633396,0.8676018050954312,-0.11327794194221497
0.25063292135166215,0.8676018050954312,-0.07036140561103821
0.2544303898569904,0.8676018050954312,-0.026997238397598267
0.2582278583623186,0.8676018050954312,0.03658788278698921
0.2620253268676468,0.8676018050954312,0.08989735692739487
0.26582279537297504,0.8676018050954312,0.14138488471508026
0.26962026387830323,0.8676018050954312,0.19034786522388458
0.27341773238363143,0.8676018050954312,0.23612084984779358
0.2772152008889597,0.8676018050954312,0.2780856788158417
0.2810126693942879,0.8676018050954312,0.31567877531051636
0.2848101378996161,0.8676018050954312,0.34840092062950134
0.2886076064049443,0.8676018050954312,0.375823438167572
0.2924050749102725,0.8676018050954312,0.050239477306604385
0.29620254341560076,0.8676018050954312,0.04851330816745758
0.30000001192092896,0.8676018050954312,0.04636812210083008
0.0,0.879651830166201,-0.011817947030067444
0.0037974685053282146,0.879651830166201,-0.011585033498704433
0.007594937010656429,0.879651830166201,-0.011279428377747536
0.011392405515984643,0.879651830166201,-0.010905847884714603
0.015189874021312859,0.879651830166201,-0.010470050387084484
0.018987342526641072,0.879651830166201,-0.009978746995329857
0.022784811031969287,0.879651830166201,-0.31459638476371765
0.026582279537297502,0.879651830166201,-0.276647686958313
0.030379748042625717,0.879651830166201,-0.23459388315677643
0.03417721654795393,0.879651830166201,-0.1890345811843872
0.037974685053282144,0.879651830166201,-0.14061897993087769
0.04177215355861036,0.879651830166201,-0.04128751531243324
0.045569622063938574,0.879651830166201,-0.027086041867733
0.04936709056926679,0.879651830166201,-0.012535160407423973
0.053164559074595004,0.879651830166201,0.002152353525161743
0.05696202757992322,0.879651830166201,0.016760893166065216
0.060759496085251434,0.879651830166201,0.031075218692421913
0.06455696459057965,0.879651830166201,0.322933167219162
0.06835443309590786,0.879651830166201,0.39315882325172424
0.07215190160123608,0.879651830166201,0.4580455720424652
0.07594937010656429,0.879651830166201,0.5166619420051575
0.07974683861189251,0.879651830166201,0.5681646466255188
0.08354430711722072,0.879651830166201,0.6118113994598389
0.08734177562254894,0.879651830166201,0.6469713449478149
0.09113924412787715,0.879651830166201,0.6731334924697876
0.09493671263320537,0.879651830166201,0.6899150013923645
0.09873418113853358,0.879651830166201,0.6970658898353577
0.1025316496438618,0.879651830166201,0.6944726705551147
0.10632911814919001,0.879651830166201,0.682160496711731
0.11012658665451823,0.879651830166201,0.6602919101715088
0.11392405515984644,0.879651830166201,0.6291657090187073
0.11772152366517466,0.879651830166201,0.5892117023468018
0.12151899217050287,0.879651830166201,0.5409851670265198
0.12531646067583108,0.879651830166201,0.48515889048576355
0.1291139291811593,0.879651830166201,0.42251354455947876
0.13291139768648752,0.879651830166201,0.35392630100250244
0.13670886619181571,0.879651830166201,0.032752979546785355
0.14050633469714394,0.879651830166201,0.01916750706732273
0.14430380320247216,0.879651830166201,0.004972339607775211
0.14810127170780038,0.879651830166201,-0.009642297402024269
0.15189874021312857,0.879651830166201,-0.024479007348418236
0.1556962087184568,0.879651830166201,-0.03933662921190262
0.15949367722378502,0.879651830166201,-0.05401244014501572
0.16329114572911324,0.879651830166201,-0.06830564886331558
0.16708861423444143,0.879651830166201,-0.3557355999946594
0.17088608273976966,0.879651830166201,-0.4242633581161499
0.17468355124509788,0.879651830166201,-0.48683834075927734
0.1784810197504261,0.879651830166201,-0.5425832271575928
0.1822784882557543,0.879651830166201,-0.5907186269760132
0.18607595676108252,0.879651830166201,-0.6305718421936035
0.18987342526641074,0.879651830166201,-0.6615884304046631
0.19367089377173893,0.879651830166201,-0.6833390593528748
0.19746836227706716,0.879651830166201,-0.6955258846282959
0.20126583078239538,0.879651830166201,-0.6979870796203613
0.2050632992877236,0.879651830166201,-0.6906983256340027
0.2088607677930518,0.879651830166201,-0.6737740635871887
0.21265823629838002,0.879651830166201,-0.6474649310112
0.21645570480370824,0.879651830166201,-0.6121553182601929
0.22025317330903646,0.879651830166201,-0.5683563351631165
0.22405064181436465,0.879651830166201,-0.5167003870010376
0.22784811031969288,0.879651830166201,-0.4579302966594696
0.2316455788250211,0.879651830166201,-0.051986537873744965
0.23544304733034932,0.879651830166201,-0.04525768756866455
0.23924051583567751,0.879651830166201,-0.037966154515743256
0.24303798434100574,0.879651830166201,-0.030195722356438637
0.24683545284633396,0.879651830166201,-0.022036323323845863
0.25063292135166215,0.879651830166201,-0.01358279213309288
0.2544303898569904,0.879651830166201,-0.0049336012452840805
0.2582278583623186,0.879651830166201,0.003810413181781769
0.2620253268676468,0.879651830166201,0.012547476217150688
0.26582279537297504,0.879651830166201,0.02117605321109295
0.26962026387830323,0.879651830166201,0.02959648333489895
0.27341773238363143,0.879651830166201,0.03771209716796875
0.2772152008889597,0.879651830166201,0.04543061554431915
0.2810126693942879,0.879651830166201,0.057932354509830475
0.2848101378996161,0.879651830166201,0.05774122476577759
0.2886076064049443,0.879651830166201,0.057096511125564575
0.2924050749102725,0.879651830166201,0.05599713698029518
0.29620254341560076,0.879651830166201,0.05444757640361786
0.30000001192092896,0.879651830166201,0.052457861602306366
0.0,0.8917018552369709,-0.01389652956277132
0.0037974685053282146,0.8917018552369709,-0.01367476861923933
0.007594937010656429,0.8917018552369709,-0.013375693000853062
0.011392405515984643,0.8917018552369709,-0.01300385594367981
0.015189874021312859,0.8917018552369709,-0.012564907781779766
0.018987342526641072,0.8917018552369709,-0.012065512128174305
0.022784811031969287,0.8917018552369709,-0.3178219199180603
0.026582279537297502,0.8917018552369709,-0.2796856164932251
0.030379748042625717,0.8917018552369709,-0.23740975558757782
0.03417721654795393,0.8917018552369709,-0.1915983110666275
0.037974685053282144,0.8917018552369709,-0.14290554821491241
0.04177215355861036,0.8917018552369709,-0.09202627092599869
0.045569622063938574,0.8917018552369709,-0.02812041901051998
0.04936709056926679,0.8917018552369709,-0.013460583984851837
0.053164559074595004,0.8917018552369709,0.001325048040598631
0.05696202757992322,0.8917018552369709,0.016019390895962715
0.060759496085251434,0.8917018552369709,0.030405960977077484
0.06455696459057965,0.8917018552369709,0.3243902623653412
0.06835443309590786,0.8917018552369709,0.39489710330963135
0.07215190160123608,0.8917018552369709,0.46000537276268005
0.07594937010656429,0.8917018552369709,0.518777072429657
0.07974683861189251,0.8917018552369709,0.5703632235527039
0.08354430711722072,0.8917018552369709,0.6140174269676208
0.08734177562254894,0.8917018552369709,0.6491053104400635
0.09113924412787715,0.8917018552369709,0.6751139760017395
0.09493671263320537,0.8917018552369709,0.6916598677635193
0.09873418113853358,0.8917018552369709,0.6984937191009521
0.1025316496438618,0.8917018552369709,0.6955040693283081
0.10632911814919001,0.8917018552369709,0.682719349861145
0.11012658665451823,0.8917018552369709,0.6603070497512817
0.11392405515984644,0.8917018552369709,0.6285718679428101
0.11772152366517466,0.8917018552369709,0.5879508852958679
0.12151899217050287,0.8917018552369709,0.5390076637268066
0.12531646067583108,0.8917018552369709,0.48242467641830444
0.1291139291811593,0.8917018552369709,0.4189928472042084
0.13291139768648752,0.8917018552369709,0.3496003746986389
0.13670886619181571,0.8917018552369709,0.27522167563438416
0.14050633469714394,0.8917018552369709,0.01798083633184433
0.14430380320247216,0.8917018552369709,0.0038371384143829346
0.14810127170780038,0.8917018552369709,-0.010701188817620277
0.15189874021312857,0.8917018552369709,-0.02543501928448677
0.1556962087184568,0.8917018552369709,-0.04016176983714104
0.15949367722378502,0.8917018552369709,-0.21419458091259003
0.16329114572911324,0.8917018552369709,-0.29218369722366333
0.16708861423444143,0.8917018552369709,-0.36612361669540405
0.17088608273976966,0.8917018552369709,-0.4349728226661682
0.17468355124509788,0.8917018552369709,-0.4977606534957886
0.1784810197504261,0.8917018552369709,-0.5536022782325745
0.1822784882557543,0.8917018552369709,-0.6017120480537415
0.18607595676108252,0.8917018552369709,-0.6414124965667725
0.18987342526641074,0.8917018552369709,-0.6721461415290833
0.19367089377173893,0.8917018552369709,-0.6934818625450134
0.19746836227706716,0.8917018552369709,-0.7051218748092651
0.20126583078239538,0.8917018552369709,-0.7069061398506165
0.2050632992877236,0.8917018552369709,-0.6988137364387512
0.2088607677930518,0.8917018552369709,-0.6809640526771545
0.21265823629838002,0.8917018552369709,-0.6536144018173218
0.21645570480370824,0.8917018552369709,-0.6171575784683228
0.22025317330903646,0.8917018552369709,-0.5721142292022705
0.22405064181436465,0.8917018552369709,-0.5191277861595154
0.22784811031969288,0.8917018552369709,-0.4589535593986511
0.2316455788250211,0.8917018552369709,-0.3924494981765747
0.23544304733034932,0.8917018552369709,-0.039326757192611694
0.23924051583567751,0.8917018552369709,-0.031766533851623535
0.24303798434100574,0.8917018552369709,-0.023750390857458115
0.24683545284633396,0.8917018552369709,-0.015370681881904602
0.25063292135166215,0.8917018552369709,-0.006724391132593155
0.2544303898569904,0.8917018552369709,0.0020880457013845444
0.2582278583623186,0.8917018552369709,0.010964110493659973
0.2620253268676468,0.8917018552369709,0.01980060711503029
0.26582279537297504,0.8917018552369709,0.02849489077925682
0.26962026387830323,0.8917018552369709,0.03694648668169975
0.27341773238363143,0.8917018552369709,0.0450582355260849
0.2772152008889597,0.8917018552369709,0.06212086230516434
0.2810126693942879,0.8917018552369709,0.06263048201799393
0.2848101378996161,0.8917018552369709,0.06268076598644257
0.2886076064049443,0.8917018552369709,0.06226315349340439
0.2924050749102725,0.8917018552369709,0.061374690383672714
0.29620254341560076,0.8917018552369709,0.060018062591552734
0.30000001192092896,0.8917018552369709,0.05820167809724808
0.0,0.9037518803077408,-0.015837106853723526
0.0037974685053282146,0.9037518803077408,-0.015628423541784286
0.007594937010656429,0.9037518803077408,-0.01533803902566433
0.011392405515984643,0.9037518803077408,-0.014970321208238602
0.015189874021312859,0.9037518803077408,-0.014530790969729424
0.018987342526641072,0.9037518803077408,-0.014026036486029625
0.022784811031969287,0.9037518803077408,-0.3209218680858612
0.026582279537297502,0.9037518803077408,-0.28262847661972046
0.030379748042625717,0.9037518803077408,-0.24016252160072327
0.03417721654795393,0.9037518803077408,-0.19413180649280548
0.037974685053282144,0.9037518803077408,-0.14519499242305756
0.04177215355861036,0.9037518803077408,-0.09405197948217392
0.045569622063938574,0.9037518803077408,-0.041433777660131454
0.04936709056926679,0.9037518803077408,-0.0141974538564682
0.053164559074595004,0.9037518803077408,0.000680794008076191
0.05696202757992322,0.9037518803077408,0.015455158427357674
0.060759496085251434,0.9037518803077408,0.250483900308609
0.06455696459057965,0.9037518803077408,0.32567912340164185
0.06835443309590786,0.9037518803077408,0.39644303917884827
0.07215190160123608,0.9037518803077408,0.461753785610199
0.07594937010656429,0.9037518803077408,0.5206674337387085
0.07974683861189251,0.9037518803077408,0.5723300576210022
0.08354430711722072,0.9037518803077408,0.6159910559654236
0.08734177562254894,0.9037518803077408,0.1444806456565857
0.09113924412787715,0.9037518803077408,0.1498977690935135
0.09493671263320537,0.9037518803077408,0.15320760011672974
0.09873418113853358,0.9037518803077408,0.1543748527765274
0.1025316496438618,0.9037518803077408,0.1533956229686737
0.10632911814919001,0.9037518803077408,0.15029756724834442
0.11012658665451823,0.9037518803077408,0.6602797508239746
0.11392405515984644,0.9037518803077408,0.6279883980751038
0.11772152366517466,0.9037518803077408,0.5867583751678467
0.12151899217050287,0.9037518803077408,0.5371608734130859
0.12531646067583108,0.9037518803077408,0.4798870086669922
0.1291139291811593,0.9037518803077408,0.415737122297287
0.13291139768648752,0.9037518803077408,0.3456098139286041
0.13670886619181571,0.9037518803077408,0.2704901397228241
0.14050633469714394,0.9037518803077408,0.1914336085319519
0.14430380320247216,0.9037518803077408,0.0030089402571320534
0.14810127170780038,0.9037518803077408,-0.011433974839746952
0.15189874021312857,0.9037518803077408,-0.058037735521793365
0.1556962087184568,0.9037518803077408,-0.14138539135456085
0.15949367722378502,0.9037518803077408,-0.2228611558675766
0.16329114572911324,0.9037518803077408,-0.30131518840789795
0.16708861423444143,0.9037518803077408,-0.3756375312805176
0.17088608273976966,0.9037518803077408,-0.4447776675224304
0.17468355124509788,0.9037518803077408,-0.5077568888664246
0.1784810197504261,0.9037518803077408,-0.5636835694313049
0.1822784882557543,0.9037518803077408,-0.6117664575576782
0.18607595676108252,0.9037518803077408,-0.6513236165046692
0.18987342526641074,0.9037518803077408,-0.6817947626113892
0.19367089377173893,0.9037518803077408,-0.7027471661567688
0.19746836227706716,0.9037518803077408,-0.13588088750839233
0.20126583078239538,0.9037518803077408,-0.1328059881925583
0.2050632992877236,0.9037518803077408,-0.12728361785411835
0.2088607677930518,0.9037518803077408,-0.11938058584928513
0.21265823629838002,0.9037518803077408,-0.6592077612876892
0.21645570480370824,0.9037518803077408,-0.6216975450515747
0.22025317330903646,0.9037518803077408,-0.5755120515823364
0.22405064181436465,0.9037518803077408,-0.5213048458099365
0.22784811031969288,0.9037518803077408,-0.4598424434661865
0.2316455788250211,0.9037518803077408,-0.3919951319694519
0.23544304733034932,0.9037518803077408,-0.3187229633331299
0.23924051583567751,0.9037518803077408,-0.2437971532344818
0.24303798434100574,0.9037518803077408,-0.16283652186393738
0.24683545284633396,0.9037518803077408,-0.07971575111150742
0.25063292135166215,0.9037518803077408,0.0043893661350011826
0.2544303898569904,0.9037518803077408,0.0882885754108429
0.2582278583623186,0.9037518803077408,0.17079459130764008
0.2620253268676468,0.9037518803077408,0.2507404386997223
0.26582279537297504,0.9037518803077408,0.32699352502822876
0.26962026387830323,0.9037518803077408,0.3984754979610443
0.27341773238363143,0.9037518803077408,0.4641748368740082
0.2772152008889597,0.9037518803077408,0.06608216464519501
0.2810126693942879,0.9037518803077408,0.06685252487659454
0.2848101378996161,0.9037518803077408,0.06715327501296997
0.2886076064049443,0.9037518803077408,0.06697380542755127
0.2924050749102725,0.9037518803077408,0.06630919873714447
0.29620254341560076,0.9037518803077408,0.06516028940677643
0.30000001192092896,0.9037518803077408,0.06353375315666199
0.0,0.9158019053785106,-0.017614051699638367
0.0037974685053282146,0.9158019053785106,-0.01742028258740902
0.007594937010656429,0.9158019053785106,-0.01714072935283184
0.011392405515984643,0.9158019053785106,-0.01677955500781536
0.015189874021312859,0.9158019053785106,-0.016342123970389366
0.018987342526641072,0.9158019053785106,-0.01583492010831833
0.022784811031969287,0.9158019053785106,-0.3238620460033417
0.026582279537297502,0.9158019053785106,-0.28544315695762634
0.030379748042625717,0.9158019053785106,-0.24282021820545197
0.03417721654795393,0.9158019053785106,-0.1966044157743454
0.037974685053282144,0.9158019053785106,-0.1474582701921463
0.04177215355861036,0.9158019053785106,-0.09608611464500427
0.045569622063938574,0.9158019053785106,-0.04322382062673569
0.04936709056926679,0.9158019053785106,-0.014732363633811474
0.053164559074595004,0.9158019053785106,0.0002318127080798149
0.05696202757992322,0.9158019053785106,0.015079274773597717
0.060759496085251434,0.9158019053785106,0.2513347864151001
0.06455696459057965,0.9158019053785106,0.32680416107177734
0.06835443309590786,0.9158019053785106,0.3977992832660675
0.07215190160123608,0.9158019053785106,0.4632921516895294
0.07594937010656429,0.9158019053785106,0.5223335027694702
0.07974683861189251,0.9158019053785106,0.5740649104118347
0.08354430711722072,0.9158019053785106,0.13609445095062256
0.08734177562254894,0.9158019053785106,0.1436302363872528
0.09113924412787715,0.9158019053785106,0.1491071879863739
0.09493671263320537,0.9158019053785106,0.15245696902275085
0.09873418113853358,0.9158019053785106,0.1536424607038498
0.1025316496438618,0.9158019053785106,0.15265820920467377
0.10632911814919001,0.9158019053785106,0.14953076839447021
0.11012658665451823,0.9158019053785106,0.14431798458099365
0.11392405515984644,0.9158019053785106,0.13710835576057434
0.11772152366517466,0.9158019053785106,0.5856550335884094
0.12151899217050287,0.9158019053785106,0.5354698300361633
0.12531646067583108,0.9158019053785106,0.4775754511356354
0.1291139291811593,0.9158019053785106,0.4127807915210724
0.13291139768648752,0.9158019053785106,0.3419935703277588
0.13670886619181571,0.9158019053785106,0.26620858907699585
0.14050633469714394,0.9158019053785106,0.1864914745092392
0.14430380320247216,0.9158019053785106,0.10396641492843628
0.14810127170780038,0.9158019053785106,0.019796237349510193
0.15189874021312857,0.9158019053785106,-0.06482935696840286
0.1556962087184568,0.9158019053785106,-0.1487148106098175
0.15949367722378502,0.9158019053785106,-0.230672225356102
0.16329114572911324,0.9158019053785106,-0.30954235792160034
0.16708861423444143,0.9158019053785106,-0.3842064440250397
0.17088608273976966,0.9158019053785106,-0.45360589027404785
0.17468355124509788,0.9158019053785106,-0.5167548060417175
0.1784810197504261,0.9158019053785106,-0.5727554559707642
0.1822784882557543,0.9158019053785106,-0.6208113431930542
0.18607595676108252,0.9158019053785106,-0.13567686080932617
0.18987342526641074,0.9158019053785106,-0.1400996297597885
0.19367089377173893,0.9158019053785106,-0.1420513242483139
0.19746836227706716,0.9158019053785106,-0.14148667454719543
0.20126583078239538,0.9158019053785106,-0.13839712738990784
0.2050632992877236,0.9158019053785106,-0.13281112909317017
0.2088607677930518,0.9158019053785106,-0.12479380518198013
0.21265823629838002,0.9158019053785106,-0.11444607377052307
0.21645570480370824,0.9158019053785106,-0.6257542967796326
0.22025317330903646,0.9158019053785106,-0.578538179397583
0.22405064181436465,0.9158019053785106,-0.5232295989990234
0.22784811031969288,0.9158019053785106,-0.4606052339076996
0.2316455788250211,0.9158019053785106,-0.39154648780822754
0.23544304733034932,0.9158019053785106,-0.31702521443367004
0.23924051583567751,0.9158019053785106,-0.24052411317825317
0.24303798434100574,0.9158019053785106,-0.15828321874141693
0.24683545284633396,0.9158019053785106,-0.07388544827699661
0.25063292135166215,0.9158019053785106,0.011479903012514114
0.2544303898569904,0.9158019053785106,0.09660913795232773
0.2582278583623186,0.9158019053785106,0.1803017407655716
0.2620253268676468,0.9158019053785106,0.26137781143188477
0.26582279537297504,0.9158019053785106,0.33869248628616333
0.26962026387830323,0.9158019053785106,0.4111555516719818
0.27341773238363143,0.9158019053785106,0.4777446389198303
0.2772152008889597,0.9158019053785106,0.0695105642080307
0.2810126693942879,0.9158019053785106,0.07054636627435684
0.2848101378996161,0.9158019053785106,0.07110444456338882
0.2886076064049443,0.9158019053785106,0.07117212563753128
0.2924050749102725,0.9158019053785106,0.07074246555566788
0.29620254341560076,0.9158019053785106,0.06981436908245087
0.30000001192092896,0.9158019053785106,0.06839265674352646
0.0,0.9278519304492805,-0.030381321907043457
0.0037974685053282146,0.9278519304492805,-0.03052353672683239
0.007594937010656429,0.9278519304492805,-0.03040354698896408
0.011392405515984643,0.9278519304492805,-0.03002307191491127
0.015189874021312859,0.9278519304492805,-0.029387641698122025
0.018987342526641072,0.9278519304492805,-0.028506554663181305
0.022784811031969287,0.9278519304492805,-0.027392713353037834
0.026582279537297502,0.9278519304492805,-0.44277915358543396
0.030379748042625717,0.9278519304492805,-0.3780680298805237
0.03417721654795393,0.9278519304492805,-0.30768272280693054
0.037974685053282144,0.9278519304492805,-0.2326367050409317
0.04177215355861036,0.9278519304492805,-0.1540105938911438
0.045569622063938574,0.9278519304492805,-0.07293708622455597
0.04936709056926679,0.9278519304492805,0.009414943866431713
0.053164559074595004,0.9278519304492805,0.0918579176068306
0.05696202757992322,0.9278519304492805,0.1732017695903778
0.060759496085251434,0.9278519304492805,0.252271443605423
0.06455696459057965,0.9278519304492805,0.32776954770088196
0.06835443309590786,0.9278519304492805,0.3989683985710144
0.07215190160123608,0.9278519304492805,0.4646218419075012
0.07594937010656429,0.9278519304492805,0.5237758159637451
0.07974683861189251,0.9278519304492805,0.5755679607391357
0.08354430711722072,0.9278519304492805,0.6192407011985779
0.08734177562254894,0.9278519304492805,0.654151976108551
0.09113924412787715,0.9278519304492805,0.14826279878616333
0.09493671263320537,0.9278519304492805,0.15165430307388306
0.09873418113853358,0.9278519304492805,0.15286120772361755
0.1025316496438618,0.9278519304492805,0.6978425979614258
0.10632911814919001,0.9278519304492805,0.6838973760604858
0.11012658665451823,0.9278519304492805,0.6601496338844299
0.11392405515984644,0.9278519304492805,0.6269186735153198
0.11772152366517466,0.9278519304492805,0.5846599340438843
0.12151899217050287,0.9278519304492805,0.5339573621749878
0.12531646067583108,0.9278519304492805,0.47551676630973816
0.1291139291811593,0.9278519304492805,0.41015464067459106
0.13291139768648752,0.9278519304492805,0.33878669142723083
0.13670886619181571,0.9278519304492805,0.2624163329601288
0.14050633469714394,0.9278519304492805,0.18211807310581207
0.14430380320247216,0.9278519304492805,0.09902527928352356
0.14810127170780038,0.9278519304492805,0.014309927821159363
0.15189874021312857,0.9278519304492805,-0.07082905620336533
0.1556962087184568,0.9278519304492805,-0.15518707036972046
0.15949367722378502,0.9278519304492805,-0.2375674545764923
0.16329114572911324,0.9278519304492805,-0.3168027400970459
0.16708861423444143,0.9278519304492805,-0.3917662501335144
0.17088608273976966,0.9278519304492805,-0.46139246225357056
0.17468355124509788,0.9278519304492805,-0.5246890783309937
0.1784810197504261,0.9278519304492805,-0.5807528495788574
0.1822784882557543,0.9278519304492805,-0.13419091701507568
0.18607595676108252,0.9278519304492805,-0.14118802547454834
0.18987342526641074,0.9278519304492805,-0.1457613706588745
0.19367089377173893,0.9278519304492805,-0.14782579243183136
0.19746836227706716,0.9278519304492805,-0.1473325788974762
0.20126583078239538,0.9278519304492805,-0.14427027106285095
0.2050632992877236,0.9278519304492805,-0.13866467773914337
0.2088607677930518,0.9278519304492805,-0.13057878613471985
0.21265823629838002,0.9278519304492805,-0.12011200934648514
0.21645570480370824,0.9278519304492805,-0.10739880800247192
0.22025317330903646,0.9278519304492805,-0.5811821222305298
0.22405064181436465,0.9278519304492805,-0.524900496006012
0.22784811031969288,0.9278519304492805,-0.46124961972236633
0.2316455788250211,0.9278519304492805,-0.3911208212375641
0.23544304733034932,0.9278519304492805,-0.31549641489982605
0.23924051583567751,0.9278519304492805,-0.23543721437454224
0.24303798434100574,0.9278519304492805,-0.1520669162273407
0.24683545284633396,0.9278519304492805,-0.062389131635427475
0.25063292135166215,0.9278519304492805,0.02375899627804756
0.2544303898569904,0.9278519304492805,0.10960070043802261
0.2582278583623186,0.9278519304492805,0.19392651319503784
0.2620253268676468,0.9278519304492805,0.27554851770401
0.26582279537297504,0.9278519304492805,0.3533143103122711
0.26962026387830323,0.9278519304492805,0.42612770199775696
0.27341773238363143,0.9278519304492805,0.4929608106613159
0.2772152008889597,0.9278519304492805,0.5528706312179565
0.2810126693942879,0.9278519304492805,0.06933330744504929
0.2848101378996161,0.9278519304492805,0.07414846867322922
0.2886076064049443,0.9278519304492805,0.0783800259232521
0.2924050749102725,0.9278519304492805,0.08198319375514984
0.29620254341560076,0.9278519304492805,0.08492108434438705
0.30000001192092896,0.9278519304492805,0.08716519176959991
0.0,0.9399019555200504,-0.03178628906607628
0.0037974685053282146,0.9399019555200504,-0.03188573196530342
0.007594937010656429,0.9399019555200504,-0.03171996772289276
0.011392405515984643,0.9399019555200504,-0.03129139915108681
0.015189874021312859,0.9399019555200504,-0.030606254935264587
0.018987342526641072,0.9399019555200504,-0.029674530029296875
0.022784811031969287,0.9399019555200504,-0.0285098347812891
0.026582279537297502,0.9399019555200504,-0.4446421265602112
0.030379748042625717,0.9399019555200504,-0.37968558073043823
0.03417721654795393,0.9399019555200504,-0.30903637409210205
0.037974685053282144,0.9399019555200504,-0.2337130606174469
0.04177215355861036,0.9399019555200504,-0.15480190515518188
0.045569622063938574,0.9399019555200504,-0.07344133406877518
0.04936709056926679,0.9399019555200504,0.009193900041282177
0.053164559074595004,0.9399019555200504,0.09191027283668518
0.05696202757992322,0.9399019555200504,0.173511803150177
0.060759496085251434,0.9399019555200504,0.2528178095817566
0.06455696459057965,0.9399019555200504,0.3285790681838989
0.06835443309590786,0.9399019555200504,0.39995282888412476
0.07215190160123608,0.9399019555200504,0.46574410796165466
0.07594937010656429,0.9399019555200504,0.5249947905540466
0.07974683861189251,0.9399019555200504,0.5768390893936157
0.08354430711722072,0.9399019555200504,0.620516836643219
0.08734177562254894,0.9399019555200504,0.6553836464881897
0.09113924412787715,0.9399019555200504,0.6809205412864685
0.09493671263320537,0.9399019555200504,0.6967419385910034
0.09873418113853358,0.9399019555200504,0.7026006579399109
0.1025316496438618,0.9399019555200504,0.6983916759490967
0.10632911814919001,0.9399019555200504,0.6841537356376648
0.11012658665451823,0.9399019555200504,0.6600691676139832
0.11392405515984644,0.9399019555200504,0.6264612078666687
0.11772152366517466,0.9399019555200504,0.5837894082069397
0.12151899217050287,0.9399019555200504,0.5326433777809143
0.12531646067583108,0.9399019555200504,0.4737345576286316
0.1291139291811593,0.9399019555200504,0.407885879278183
0.13291139768648752,0.9399019555200504,0.33602017164230347
0.13670886619181571,0.9399019555200504,0.25914812088012695
0.14050633469714394,0.9399019555200504,0.17835186421871185
0.14430380320247216,0.9399019555200504,0.09477260708808899
0.14810127170780038,0.9399019555200504,0.009590253233909607
0.15189874021312857,0.9399019555200504,-0.07598837465047836
0.1556962087184568,0.9399019555200504,-0.16075094044208527
0.15949367722378502,0.9399019555200504,-0.24349327385425568
0.16329114572911324,0.9399019555200504,-0.3230407238006592
0.16708861423444143,0.9399019555200504,-0.39826008677482605
0.17088608273976966,0.9399019555200504,-0.4680795967578888
0.17468355124509788,0.9399019555200504,-0.5315016508102417
0.1784810197504261,0.9399019555200504,-0.5876182317733765
0.1822784882557543,0.9399019555200504,-0.635624885559082
0.18607595676108252,0.9399019555200504,-0.674829363822937
0.18987342526641074,0.9399019555200504,-0.7046642303466797
0.19367089377173893,0.9399019555200504,-0.7246937155723572
0.19746836227706716,0.9399019555200504,-0.734620213508606
0.20126583078239538,0.9399019555200504,-0.7342888116836548
0.2050632992877236,0.9399019555200504,-0.7236893177032471
0.2088607677930518,0.9399019555200504,-0.7029567956924438
0.21265823629838002,0.9399019555200504,-0.6723693013191223
0.21645570480370824,0.9399019555200504,-0.6323449611663818
0.22025317330903646,0.9399019555200504,-0.5834346413612366
0.22405064181436465,0.9399019555200504,-0.5263160467147827
0.22784811031969288,0.9399019555200504,-0.4617825150489807
0.2316455788250211,0.9399019555200504,-0.39073362946510315
0.23544304733034932,0.9399019555200504,-0.31416067481040955
0.23924051583567751,0.9399019555200504,-0.23313409090042114
0.24303798434100574,0.9399019555200504,-0.1487872451543808
0.24683545284633396,0.9399019555200504,-0.05874539539217949
0.25063292135166215,0.9399019555200504,0.028386607766151428
0.2544303898569904,0.9399019555200504,0.1151951476931572
0.2582278583623186,0.9399019555200504,0.20046061277389526
0.2620253268676468,0.9399019555200504,0.28298506140708923
0.26582279537297504,0.9399019555200504,0.36160653829574585
0.26962026387830323,0.9399019555200504,0.4352194368839264
0.27341773238363143,0.9399019555200504,0.5027874112129211
0.2772152008889597,0.9399019555200504,0.5633594393730164
0.2810126693942879,0.9399019555200504,0.07448896765708923
0.2848101378996161,0.9399019555200504,0.07910583913326263
0.2886076064049443,0.9399019555200504,0.08311537653207779
0.2924050749102725,0.9399019555200504,0.08647460490465164
0.29620254341560076,0.9399019555200504,0.08914856612682343
0.30000001192092896,0.9399019555200504,0.09111093729734421
0.0,0.9519519805908203,-0.03296111151576042
0.0037974685053282146,0.9519519805908203,-0.033015646040439606
0.007594937010656429,0.9519519805908203,-0.032802604138851166
0.011392405515984643,0.9519519805908203,-0.03232504799962044
0.015189874021312859,0.9519519805908203,-0.03158992901444435
0.018987342526641072,0.9519519805908203,-0.03060794062912464
0.022784811031969287,0.9519519805908203,-0.02939337119460106
0.026582279537297502,0.9519519805908203,-0.44620734453201294
0.030379748042625717,0.9519519805908203,-0.38104867935180664
0.03417721654795393,0.9519519805908203,-0.3101819157600403
0.037974685053282144,0.9519519805908203,-0.23462983965873718
0.04177215355861036,0.9519519805908203,-0.15548332035541534
0.045569622063938574,0.9519519805908203,-0.07388553023338318
0.04936709056926679,0.9519519805908203,0.00898387748748064
0.053164559074595004,0.9519519805908203,0.0919264703989029
0.05696202757992322,0.9519519805908203,0.173741415143013
0.060759496085251434,0.9519519805908203,0.25324323773384094
0.06455696459057965,0.9519519805908203,0.32923614978790283
0.06835443309590786,0.9519519805908203,0.4007547199726105
0.07215190160123608,0.9519519805908203,0.46666014194488525
0.07594937010656429,0.9519519805908203,0.5259909629821777
0.07974683861189251,0.9519519805908203,0.5778785347938538
0.08354430711722072,0.9519519805908203,0.6215603947639465
0.08734177562254894,0.9519519805908203,0.6563906073570251
0.09113924412787715,0.9519519805908203,0.6818490028381348
0.09493671263320537,0.9519519805908203,0.6975498795509338
0.09873418113853358,0.9519519805908203,0.7032462954521179
0.1025316496438618,0.9519519805908203,0.6988341212272644
0.10632911814919001,0.9519519805908203,0.6843541860580444
0.11012658665451823,0.9519519805908203,0.6599911451339722
0.11392405515984644,0.9519519805908203,0.6260712146759033
0.11772152366517466,0.9519519805908203,0.5830579400062561
0.12151899217050287,0.9519519805908203,0.5315450429916382
0.12531646067583108,0.9519519805908203,0.47224903106689453
0.1291139291811593,0.9519519805908203,0.4059980809688568
0.13291139768648752,0.9519519805908203,0.3337208032608032
0.13670886619181571,0.9519519805908203,0.25643396377563477
0.14050633469714394,0.9519519805908203,0.17522597312927246
0.14430380320247216,0.9519519805908203,0.09124459326267242
0.14810127170780038,0.9519519805908203,0.005676299333572388
0.15189874021312857,0.9519519805908203,-0.08026561141014099
0.1556962087184568,0.9519519805908203,-0.16536232829093933
0.15949367722378502,0.9519519805908203,-0.24840351939201355
0.16329114572911324,0.9519519805908203,-0.3282086253166199
0.16708861423444143,0.9519519805908203,-0.40363889932632446
0.17088608273976966,0.9519519805908203,-0.4736175537109375
0.17468355124509788,0.9519519805908203,-0.5371425151824951
0.1784810197504261,0.9519519805908203,-0.5933019518852234
0.1822784882557543,0.9519519805908203,-0.6412880420684814
0.18607595676108252,0.9519519805908203,-0.6804062128067017
0.18987342526641074,0.9519519805908203,-0.7100875973701477
0.19367089377173893,0.9519519805908203,-0.7298953533172607
0.19746836227706716,0.9519519805908203,-0.7395319938659668
0.20126583078239538,0.9519519805908203,-0.7388436198234558
0.2050632992877236,0.9519519805908203,-0.7278215885162354
0.2088607677930518,0.9519519805908203,-0.7066037654876709
0.21265823629838002,0.9519519805908203,-0.6754716634750366
0.21645570480370824,0.9519519805908203,-0.6348477602005005
0.22025317330903646,0.9519519805908203,-0.5852876901626587
0.22405064181436465,0.9519519805908203,-0.5274751782417297
0.22784811031969288,0.9519519805908203,-0.4622098207473755
0.2316455788250211,0.9519519805908203,-0.39039817452430725
0.23544304733034932,0.9519519805908203,-0.31303903460502625
0.23924051583567751,0.9519519805908203,-0.23121052980422974
0.24303798434100574,0.9519519805908203,-0.14605432748794556
0.24683545284633396,0.9519519805908203,-0.05584503337740898
0.25063292135166215,0.9519519805908203,0.032107189297676086
0.2544303898569904,0.9519519805908203,0.11972277611494064
0.2582278583623186,0.9519519805908203,0.20577362179756165
0.2620253268676468,0.9519519805908203,0.28905344009399414
0.26582279537297504,0.9519519805908203,0.3683922588825226
0.26962026387830323,0.9519519805908203,0.4426769018173218
0.27341773238363143,0.9519519805908203,0.510863721370697
0.2772152008889597,0.9519519805908203,0.5719950199127197
0.2810126693942879,0.9519519805908203,0.07908804714679718
0.2848101378996161,0.9519519805908203,0.08348231017589569
0.2886076064049443,0.9519519805908203,0.0872475877404213
0.2924050749102725,0.9519519805908203,0.09034281969070435
0.29620254341560076,0.9519519805908203,0.0927351787686348
0.30000001192092896,0.9519519805908203,0.09440061450004578
