sample_id,sample_name,point_id,w_pred,w_true,w_diff,w_abs_error,w_sq_error
0,merged_z_m0p002_dedup_filtered,0,-0.0014748902758583426,-0.001447714283131063,-2.7175992727279663e-05,2.7175992727279663e-05,7.385345807131571e-10
0,merged_z_m0p002_dedup_filtered,1,-0.0014442747924476862,-0.001375006278976798,-6.926851347088814e-05,6.926851347088814e-05,4.7981269584666114e-09
0,merged_z_m0p002_dedup_filtered,2,-0.0013887800741940737,-0.0013246310409158468,-6.414903327822685e-05,6.414903327822685e-05,4.115098470531056e-09
0,merged_z_m0p002_dedup_filtered,3,-0.0015219204360619187,-0.0008837009663693607,-0.000638219469692558,0.000638219469692558,4.0732409149465e-07
0,merged_z_m0p002_dedup_filtered,4,-0.0013573069591075182,-0.0008428021101281047,-0.0005145048489794135,0.0005145048489794135,2.647152396233291e-07
0,merged_z_m0p002_dedup_filtered,5,-0.001305198878981173,-0.001263270853087306,-4.1928025893867016e-05,4.1928025893867016e-05,1.757959355356783e-09
0,merged_z_m0p002_dedup_filtered,6,-0.0011916105868294835,-0.0012019394198432565,1.0328833013772964e-05,1.0328833013772964e-05,1.066847914264063e-10
0,merged_z_m0p002_dedup_filtered,7,-0.0011759975459426641,-0.0008019231609068811,-0.00037407438503578305,0.00037407438503578305,1.3993164553989927e-07
0,merged_z_m0p002_dedup_filtered,8,-0.0009962853509932756,-0.0007610530010424554,-0.0002352323499508202,0.0002352323499508202,5.5334258463385144e-08
0,merged_z_m0p002_dedup_filtered,9,-0.001050744904205203,-0.0011406324338167906,8.988752961158752e-05,8.988752961158752e-05,8.079767979674024e-09
0,merged_z_m0p002_dedup_filtered,10,-0.0008913947967812419,-0.0010793345281854272,0.0001879397314041853,0.0001879397314041853,3.532134264027731e-08
0,merged_z_m0p002_dedup_filtered,11,-0.0008360192296095192,-0.0007201872649602592,-0.00011583196464926004,0.00011583196464926004,1.3417044034507429e-08
0,merged_z_m0p002_dedup_filtered,12,-0.0007107694400474429,-0.0006793235661461949,-3.144587390124798e-05,3.144587390124798e-05,9.888429854131887e-10
0,merged_z_m0p002_dedup_filtered,13,-0.000728700659237802,-0.0010180397657677531,0.0002893391065299511,0.0002893391065299511,8.371711856755039e-08
0,merged_z_m0p002_dedup_filtered,14,-0.0005828326684422791,-0.0009567463421262801,0.00037391367368400097,0.00037391367368400097,1.3981143536786556e-07
0,merged_z_m0p002_dedup_filtered,15,-0.000632291950751096,-0.000638460973277688,6.169022526592016e-06,6.169022526592016e-06,3.8056838933599743e-11
0,merged_z_m0p002_dedup_filtered,16,-0.0006074475822970271,-0.0005975988460704684,-9.848736226558685e-06,9.848736226558685e-06,9.699760526032941e-11
0,merged_z_m0p002_dedup_filtered,17,-0.0005344660021364689,-0.0006223798263818026,8.791382424533367e-05,8.791382424533367e-05,7.728840493439419e-09
0,merged_z_m0p002_dedup_filtered,18,9.441848669666797e-05,-4.381816864906796e-08,9.446230486531704e-05,9.446230486531704e-05,8.923127040468098e-09
0,merged_z_m0p002_dedup_filtered,19,4.6744382416363806e-05,-3.940547443903597e-08,4.678378789080284e-05,4.678378789080284e-05,2.1887228094116307e-09
0,merged_z_m0p002_dedup_filtered,20,-2.975576171593275e-05,-3.528859693346931e-08,-2.972047311899928e-05,2.972047311899928e-05,8.833065224171588e-10
0,merged_z_m0p002_dedup_filtered,21,-0.00013069888518657535,-3.133590809056841e-08,-0.00013066754927848478,0.00013066754927848478,1.707400843444525e-08
0,merged_z_m0p002_dedup_filtered,22,-0.00024897902039811015,-2.7436634297828277e-08,-0.0002489515837638123,0.0002489515837638123,6.197689105851047e-08
0,merged_z_m0p002_dedup_filtered,23,-0.0003753554483409971,-2.3607100274603e-08,-0.0003753318412407225,0.0003753318412407225,1.4087399104915093e-07
0,merged_z_m0p002_dedup_filtered,24,-0.0004993053153157234,-1.99208045614796e-08,-0.0004992853945111619,0.0004992853945111619,2.492859051721666e-07
0,merged_z_m0p002_dedup_filtered,25,-0.0006100608152337372,-1.6569588368042787e-08,-0.0006100442456453692,0.0006100442456453692,3.7215398164502755e-07
0,merged_z_m0p002_dedup_filtered,26,-0.0006977161392569542,-1.3542215349104936e-08,-0.0006977025970416051,0.0006977025970416051,4.867889139186004e-07
0,merged_z_m0p002_dedup_filtered,27,-0.0007542746607214212,-1.0667145389220423e-08,-0.000754263993576032,0.000754263993576032,5.689141720052644e-07
0,merged_z_m0p002_dedup_filtered,28,-0.0007745124166831374,-7.969680915209665e-09,-0.0007745044470022222,0.0007745044470022222,5.99857138426218e-07
0,merged_z_m0p002_dedup_filtered,29,-0.0003523460472933948,9.47217849898152e-05,-0.00044706783228321,0.00044706783228321,1.998696466624084e-07
0,merged_z_m0p002_dedup_filtered,30,3.138298052363098e-05,0.00021143874619156122,-0.00018005576566793025,0.00018005576566793025,3.242007875026461e-08
0,merged_z_m0p002_dedup_filtered,31,-9.793206118047237e-06,0.00025207229191437364,-0.0002618654980324209,0.0002618654980324209,6.857353905976782e-08
0,merged_z_m0p002_dedup_filtered,32,8.256215369328856e-05,0.00037894511478953063,-0.00029638296109624207,0.00029638296109624207,8.784285962817654e-08
0,merged_z_m0p002_dedup_filtered,33,-8.34110687719658e-05,-4.058691411046311e-05,-4.282415466150269e-05,4.282415466150269e-05,1.8339082224723025e-09
0,merged_z_m0p002_dedup_filtered,34,-0.0002955035597551614,0.0004891888820566237,-0.0007846924418117851,0.0007846924418117851,6.157422282365417e-07
0,merged_z_m0p002_dedup_filtered,35,-0.00015323763363994658,0.0003336321096867323,-0.00048686974332667887,0.00048686974332667887,2.3704214696698617e-07
0,merged_z_m0p002_dedup_filtered,36,-0.00021085544722154737,0.00037446481292136014,-0.0005853202601429075,0.0005853202601429075,3.425998069337609e-07
0,merged_z_m0p002_dedup_filtered,37,-0.00022885165526531637,0.0004153090703766793,-0.0006441607256419957,0.0006441607256419957,4.149430404596224e-07
0,merged_z_m0p002_dedup_filtered,38,-0.0006834800005890429,0.0006241575465537608,-0.0013076375471428037,0.0013076375471428037,1.709915954697648e-06
0,merged_z_m0p002_dedup_filtered,39,-0.00019251277262810618,0.0004561584210023284,-0.0006486711936304346,0.0006486711936304346,4.2077431744593274e-07
0,merged_z_m0p002_dedup_filtered,40,-9.839808626566082e-05,0.0004970102454535663,-0.0005954083317192271,0.0005954083317192271,3.545110814806732e-07
0,merged_z_m0p002_dedup_filtered,41,4.429179534781724e-05,0.0005378634086810052,-0.000493571613333188,0.000493571613333188,2.4361293748832604e-07
0,merged_z_m0p002_dedup_filtered,42,0.00021515860862564296,0.0005787170375697315,-0.0003635584289440885,0.0003635584289440885,1.3217473125629386e-07
0,merged_z_m0p002_dedup_filtered,43,0.0003865849575959146,0.0006195716559886932,-0.00023298669839277864,0.00023298669839277864,5.42828016279676e-08
0,merged_z_m0p002_dedup_filtered,44,0.0005294162547215819,0.0006604263326153159,-0.00013101007789373398,0.00013101007789373398,1.7163640509722244e-08
0,merged_z_m0p002_dedup_filtered,45,0.0006191215943545103,0.0007012812420725822,-8.215964771807194e-05,8.215964771807194e-05,6.750207713157683e-09
0,merged_z_m0p002_dedup_filtered,46,0.0006410969072021544,0.0007421369664371014,-0.00010104005923494697,0.00010104005923494697,1.0209093570201592e-08
0,merged_z_m0p002_dedup_filtered,47,0.0005939418915659189,0.0007829946698620915,-0.00018905277829617262,0.00018905277829617262,3.57409529815018e-08
0,merged_z_m0p002_dedup_filtered,48,0.0004899739287793636,0.0008238583686761558,-0.0003338844398967922,0.0003338844398967922,1.1147881920519463e-07
0,merged_z_m0p002_dedup_filtered,49,0.00035283243050798774,0.0008647360373288393,-0.0005119036068208516,0.0005119036068208516,2.62045302676197e-07
0,merged_z_m0p002_dedup_filtered,50,0.00021265608665999025,0.0009056436247192323,-0.0006929875380592421,0.0006929875380592421,4.802317279054095e-07
0,merged_z_m0p002_dedup_filtered,51,9.984119969885796e-05,0.0009466128540225327,-0.0008467716543236747,0.0008467716543236747,7.170222345660529e-07
0,merged_z_m0p002_dedup_filtered,52,3.87017207685858e-05,0.0009877001866698265,-0.0009489984659012407,0.0009489984659012407,9.005980882829083e-07
0,merged_z_m0p002_dedup_filtered,53,-0.0006340370746329427,0.0014846447156742215,-0.002118681790307164,0.002118681790307164,4.4888125285791705e-06
0,merged_z_m0p002_dedup_filtered,54,-0.00039378623478114605,0.0013856397708877921,-0.0017794260056689382,0.0017794260056689382,3.166356909650912e-06
0,merged_z_m0p002_dedup_filtered,55,0.0006388393812812865,0.00046105115325190127,0.0001777882280293852,0.0001777882280293852,3.160865402582867e-08
0,merged_z_m0p002_dedup_filtered,56,0.0006585061200894415,0.0004815375432372093,0.00017696857685223222,0.00017696857685223222,3.131787719310442e-08
0,merged_z_m0p002_dedup_filtered,57,0.0006660522776655853,0.0005020664539188147,0.00016398582374677062,0.00016398582374677062,2.689135038990692e-08
0,merged_z_m0p002_dedup_filtered,58,-0.0002704305516090244,-8.765365322460639e-08,-0.0002703428979557998,0.0002703428979557998,7.308528247513998e-08
0,merged_z_m0p002_dedup_filtered,59,-0.0002492426719982177,-8.278884422452393e-08,-0.0002491598831539932,0.0002491598831539932,6.208064737331154e-08
0,merged_z_m0p002_dedup_filtered,60,-0.00020834963652305305,-7.802069035278691e-08,-0.00020827161583270026,0.00020827161583270026,4.337706596156388e-08
0,merged_z_m0p002_dedup_filtered,61,-0.00015218131011351943,-7.334247698054241e-08,-0.0001521079676365389,0.0001521079676365389,2.313683381851836e-08
0,merged_z_m0p002_dedup_filtered,62,-8.696973964106292e-05,-6.88823433847574e-08,-8.690085729767816e-05,8.690085729767816e-05,7.551758999071423e-09
0,merged_z_m0p002_dedup_filtered,63,-2.022110675170552e-05,-6.451631406889646e-08,-2.0156590437636623e-05,2.0156590437636623e-05,4.0628813807062416e-10
0,merged_z_m0p002_dedup_filtered,64,3.9950216887518764e-05,-6.008493613762766e-08,4.001030182365639e-05,4.001030182365639e-05,1.600824252020082e-09
0,merged_z_m0p002_dedup_filtered,65,8.558218542020768e-05,-5.5533046605660275e-08,8.563771846681334e-05,8.563771846681334e-05,7.333818824201183e-09
0,merged_z_m0p002_dedup_filtered,66,0.00010966293484671041,-5.0840792908957155e-08,0.00010971377563961937,0.00010971377563961937,1.2037112565100737e-08
0,merged_z_m0p002_dedup_filtered,67,-0.0004565822600852698,-0.0003287561412435025,-0.0001278261188417673,0.0001278261188417673,1.633951665814962e-08
0,merged_z_m0p002_dedup_filtered,68,-0.00048286744276992977,-0.0003491897659841925,-0.00013367767678573728,0.00013367767678573728,1.7869721270832043e-08
0,merged_z_m0p002_dedup_filtered,69,-0.0005787301925010979,-0.00036962368176318705,-0.00020910651073791087,0.00020910651073791087,4.372553283298403e-08
0,merged_z_m0p002_dedup_filtered,70,-0.0007365299388766289,-0.00039005829603411257,-0.0003464716428425163,0.0003464716428425163,1.2004259929399218e-07
0,merged_z_m0p002_dedup_filtered,71,-0.0009375277440994978,-0.00041049456922337413,-0.0005270331748761237,0.0005270331748761237,2.7776396742000675e-07
0,merged_z_m0p002_dedup_filtered,72,-0.0011544297449290752,-0.00043093538261018693,-0.0007234943623188883,0.0007234943623188883,5.234440923072148e-07
0,merged_z_m0p002_dedup_filtered,73,-0.001355710788629949,-0.00045138722634874284,-0.0009043235622812063,0.0009043235622812063,8.178011052969707e-07
0,merged_z_m0p002_dedup_filtered,74,-0.0015109380474314094,-0.000471863808343187,-0.0010390742390882224,0.0010390742390882224,1.0796752743367683e-06
0,merged_z_m0p002_dedup_filtered,75,-0.0015960837481543422,-0.0004923840169794858,-0.0011036997311748564,0.0011036997311748564,1.2181530965954503e-06
0,merged_z_m0p002_dedup_filtered,76,-0.001758681726641953,-0.0009862297447398305,-0.0007724519819021225,0.0007724519819021225,5.96682064344517e-07
0,merged_z_m0p002_dedup_filtered,77,-0.0017016485799103975,-0.0009451392688788474,-0.0007565093110315502,0.0007565093110315502,5.723063376774307e-07
0,merged_z_m0p002_dedup_filtered,78,0.0006119008758105338,0.0004405994259286672,0.00017130144988186657,0.00017130144988186657,2.9344186731629646e-08
0,merged_z_m0p002_dedup_filtered,79,0.0005841855891048908,0.0004201637639198452,0.0001640218251850456,0.0001640218251850456,2.690315913703366e-08
0,merged_z_m0p002_dedup_filtered,80,0.0005620101583190262,0.0003997348539996892,0.000162275304319337,0.000162275304319337,2.6333274391933437e-08
0,merged_z_m0p002_dedup_filtered,81,0.0005496371304616332,0.00037930873804725707,0.00017032839241437614,0.00017032839241437614,2.9011761262465707e-08
0,merged_z_m0p002_dedup_filtered,82,0.0005478164530359209,0.00035888361162506044,0.00018893284141086042,0.00018893284141086042,3.5695618563581334e-08
0,merged_z_m0p002_dedup_filtered,83,0.0005531295319087803,0.0003384589799679816,0.00021467055194079876,0.00021467055194079876,4.608344587056718e-08
0,merged_z_m0p002_dedup_filtered,84,0.0005583437159657478,0.0003180345520377159,0.00024030916392803192,0.00024030916392803192,5.774849426778972e-08
0,merged_z_m0p002_dedup_filtered,85,0.0005537564284168184,0.00029760986217297614,0.00025614656624384224,0.00025614656624384224,6.561106339851106e-08
0,merged_z_m0p002_dedup_filtered,86,0.0005292798741720617,0.00027718511410057545,0.00025209476007148623,0.00025209476007148623,6.355176805550021e-08
0,merged_z_m0p002_dedup_filtered,87,0.000476835819426924,0.00025676030782051384,0.00022007551160641015,0.00022007551160641015,4.843323080882317e-08
0,merged_z_m0p002_dedup_filtered,88,0.00039254099829122424,0.00023633554519619793,0.00015620545309502631,0.00015620545309502631,2.4400143576622466e-08
0,merged_z_m0p002_dedup_filtered,89,0.0002781867515295744,0.0002159112336812541,6.22755178483203e-05,6.22755178483203e-05,3.878240123276461e-09
0,merged_z_m0p002_dedup_filtered,90,0.00014165023458190262,0.0001954879699042067,-5.383773532230407e-05,5.383773532230407e-05,2.8985017446344673e-09
0,merged_z_m0p002_dedup_filtered,91,-3.911369276465848e-06,0.0001750672236084938,-0.00017897859288495965,0.00017897859288495965,3.203333671108013e-08
0,merged_z_m0p002_dedup_filtered,92,-0.00014197757991496474,0.0001546525745652616,-0.00029663015448022634,0.00029663015448022634,8.798944854696294e-08
0,merged_z_m0p002_dedup_filtered,93,-0.0002553531958255917,0.00013425250654108822,-0.0003896057023666799,0.0003896057023666799,1.5179260331663397e-07
0,merged_z_m0p002_dedup_filtered,94,-0.0012275358894839883,-0.0001346870994893834,-0.0010928487899946049,0.0010928487899946049,1.194318477792672e-06
0,merged_z_m0p002_dedup_filtered,95,-0.0012320565292611718,-0.00011431432358222082,-0.001117742205678951,0.001117742205678951,1.2493476383560463e-06
0,merged_z_m0p002_dedup_filtered,96,-0.001671452890150249,-0.00023012967722024769,-0.0014413232129300013,0.0014413232129300013,2.0774126041308617e-06
0,merged_z_m0p002_dedup_filtered,97,-0.0018621257040649652,-0.00034439569571986794,-0.0015177300083450973,0.0015177300083450973,2.303504378231209e-06
0,merged_z_m0p002_dedup_filtered,98,-0.0017197338165715337,-0.00040538940811529756,-0.0013143444084562361,0.0013143444084562361,1.7275012240401733e-06
0,merged_z_m0p002_dedup_filtered,99,-0.0015961513854563236,-0.0002708356478251517,-0.001325315737631172,0.001325315737631172,1.7564618044128574e-06
0,merged_z_m0p002_dedup_filtered,100,-0.0014786954270675778,-0.000311625306494534,-0.0011670701205730438,0.0011670701205730438,1.362052666334379e-06
0,merged_z_m0p002_dedup_filtered,101,-0.0015048965578898787,-0.00046654770267196,-0.0010383488552179188,0.0010383488552179188,1.0781683451323624e-06
0,merged_z_m0p002_dedup_filtered,102,-0.0012478656135499477,-0.0005277741001918912,-0.0007200915133580565,0.0007200915133580565,5.185317876102961e-07
0,merged_z_m0p002_dedup_filtered,103,-0.0013299358543008566,-0.0003524541389197111,-0.0009774817153811455,0.0009774817153811455,9.554705039044667e-07
0,merged_z_m0p002_dedup_filtered,104,-0.0011637656716629863,-0.00039330110303126276,-0.0007704645686317235,0.0007704645686317235,5.936156515168678e-07
0,merged_z_m0p002_dedup_filtered,105,-0.000983722973614931,-0.0005890292231924832,-0.0003946937504224479,0.0003946937504224479,1.557831566225376e-07
0,merged_z_m0p002_dedup_filtered,106,-0.0007467441610060632,-0.0006503114709630609,-9.643269004300237e-05,9.643269004300237e-05,9.299263708929768e-09
0,merged_z_m0p002_dedup_filtered,107,-0.0009959281887859106,-0.000434155750554055,-0.0005617724382318556,0.0005617724382318556,3.1558827235696405e-07
0,merged_z_m0p002_dedup_filtered,108,-0.0010267447214573622,-0.00024187102098949254,-0.0007848737004678696,0.0007848737004678696,6.160267256861272e-07
0,merged_z_m0p002_dedup_filtered,109,-0.0011190093355253339,-0.000195943663129583,-0.0009230656723957509,0.0009230656723957509,8.520502355554197e-07
0,merged_z_m0p002_dedup_filtered,110,-0.0011790263233706355,-0.00017551530618220568,-0.0010035110171884298,0.0010035110171884298,1.0070343616185571e-06
0,merged_z_m0p002_dedup_filtered,111,-0.0012126954970881343,-0.0001550936867715791,-0.0010576018103165552,0.0010576018103165552,1.1185215891848548e-06
0,merged_z_m0p002_dedup_filtered,112,-0.0016976931365206838,-0.00018960496527142823,-0.0015080881712492555,0.0015080881712492555,2.274329932261924e-06
0,merged_z_m0p002_dedup_filtered,113,-0.0008426198619417846,-0.00047501467633992434,-0.0003676051856018603,0.0003676051856018603,1.3513357248137815e-07
0,merged_z_m0p002_dedup_filtered,114,-0.000565161753911525,-0.0007115888292901218,0.00014642707537859678,0.00014642707537859678,2.1440888403929264e-08
0,merged_z_m0p002_dedup_filtered,115,-0.00045724856317974627,-0.0007728756172582507,0.00031562705407850444,0.00031562705407850444,9.962043726627517e-08
0,merged_z_m0p002_dedup_filtered,116,-0.0007189909229055047,-0.0005158754647709429,-0.00020311545813456178,0.00020311545813456178,4.125588933321292e-08
0,merged_z_m0p002_dedup_filtered,117,-0.0006376683595590293,-0.0005567368352785707,-8.093152428045869e-05,8.093152428045869e-05,6.549911622358474e-09
0,merged_z_m0p002_dedup_filtered,118,-0.0004293586825951934,-0.0008341713109984994,0.000404812628403306,0.000404812628403306,1.6387326411479311e-07
0,merged_z_m0p002_dedup_filtered,119,-0.0004761577001772821,-0.0008954599034041166,0.00041930220322683454,0.00041930220322683454,1.7581433763087765e-07
0,merged_z_m0p002_dedup_filtered,120,-0.0006472527165897191,-0.00027767239953391254,-0.0003695803170558065,0.0003695803170558065,1.3658961075507047e-07
0,merged_z_m0p002_dedup_filtered,121,-0.000779626308940351,-0.00025723950238898396,-0.000522386806551367,0.000522386806551367,2.728879756589354e-07
0,merged_z_m0p002_dedup_filtered,122,-0.0005391536396928132,0.000771452090702951,-0.0013106057303957641,0.0013106057303957641,1.7176873805462143e-06
0,merged_z_m0p002_dedup_filtered,123,-0.00027157069416716695,0.0008390358416363597,-0.0011106065358035266,0.0011106065358035266,1.23344687736951e-06
0,merged_z_m0p002_dedup_filtered,124,0.0002945258456747979,0.0009618177427910268,-0.0006672918971162289,0.0006672918971162289,4.4527847595697587e-07
0,merged_z_m0p002_dedup_filtered,125,0.0005860298406332731,0.0010490822605788708,-0.00046305241994559765,0.00046305241994559765,2.1441754361747412e-07
0,merged_z_m0p002_dedup_filtered,126,0.0005544282612390816,-0.0011203712783753872,0.0016747995396144688,0.0016747995396144688,2.8049534978928367e-06
0,merged_z_m0p002_dedup_filtered,127,0.00039973296225070953,0.0011778248008340597,-0.0007780918385833502,0.0007780918385833502,6.054269092700183e-07
1,merged_z_m0p004_dedup_filtered,0,-0.0014555194647982717,-0.001447714283131063,-7.805181667208672e-06,7.805181667208672e-06,6.092086085813034e-11
1,merged_z_m0p004_dedup_filtered,1,-0.0014201309531927109,-0.001375006278976798,-4.512467421591282e-05,4.512467421591282e-05,2.036236223092267e-09
1,merged_z_m0p004_dedup_filtered,2,-0.001357687870040536,-0.0013246310409158468,-3.30568291246891e-05,3.30568291246891e-05,1.0927539517788937e-09
1,merged_z_m0p004_dedup_filtered,3,-0.0015181406633928418,-0.0008837009663693607,-0.0006344396970234811,0.0006344396970234811,4.0251372915924653e-07
1,merged_z_m0p004_dedup_filtered,4,-0.0013424369972199202,-0.0008428021101281047,-0.0004996348870918155,0.0004996348870918155,2.496350203992512e-07
1,merged_z_m0p004_dedup_filtered,5,-0.0012664339737966657,-0.001263270853087306,-3.163120709359646e-06,3.163120709359646e-06,1.0005332621979869e-11
1,merged_z_m0p004_dedup_filtered,6,-0.0011459303786978126,-0.0012019394198432565,5.6009041145443916e-05,5.6009041145443916e-05,3.1370126900320296e-09
1,merged_z_m0p004_dedup_filtered,7,-0.0011493852362036705,-0.0008019231609068811,-0.0003474620752967894,0.0003474620752967894,1.2072989376955175e-07
1,merged_z_m0p004_dedup_filtered,8,-0.0009587134700268507,-0.0007610530010424554,-0.00019766046898439527,0.00019766046898439527,3.906966099913108e-08
1,merged_z_m0p004_dedup_filtered,9,-0.0010002374183386564,-0.0011406324338167906,0.00014039501547813416,0.00014039501547813416,1.971076037110553e-08
1,merged_z_m0p004_dedup_filtered,10,-0.0008390321745537221,-0.0010793345281854272,0.00024030235363170505,0.00024030235363170505,5.774522116093703e-08
1,merged_z_m0p004_dedup_filtered,11,-0.0007895921007730067,-0.0007201872649602592,-6.940483581274748e-05,6.940483581274748e-05,4.817031234194435e-09
1,merged_z_m0p004_dedup_filtered,12,-0.0006586443050764501,-0.0006793235661461949,2.0679261069744825e-05,2.0679261069744825e-05,4.276318383906639e-10
1,merged_z_m0p004_dedup_filtered,13,-0.0006777215166948736,-0.0010180397657677531,0.00034031824907287955,0.00034031824907287955,1.1581651065203048e-07
1,merged_z_m0p004_dedup_filtered,14,-0.0005360852228477597,-0.0009567463421262801,0.00042066111927852035,0.00042066111927852035,1.7695577727265752e-07
1,merged_z_m0p004_dedup_filtered,15,-0.0005783003871329129,-0.000638460973277688,6.016058614477515e-05,6.016058614477515e-05,3.619296125282912e-09
1,merged_z_m0p004_dedup_filtered,16,-0.0005556617397814989,-0.0005975988460704684,4.193710628896952e-05,4.193710628896952e-05,1.7587208838923266e-09
1,merged_z_m0p004_dedup_filtered,17,-0.0004811394028365612,-0.0012447596527636051,0.0007636202499270439,0.0007636202499270439,5.83115886098641e-07
1,merged_z_m0p004_dedup_filtered,18,0.0001170042305602692,-4.381816864906796e-08,0.00011704804872891827,0.00011704804872891827,1.3700245711247227e-08
1,merged_z_m0p004_dedup_filtered,19,5.07446238771081e-05,-3.940547443903597e-08,5.078402935154713e-05,5.078402935154713e-05,2.5790176371788007e-09
1,merged_z_m0p004_dedup_filtered,20,-3.984249269706197e-05,-3.528859693346931e-08,-3.98072041001285e-05,3.98072041001285e-05,1.5846134982692874e-09
1,merged_z_m0p004_dedup_filtered,21,-0.00014781397476326674,-3.133590809056841e-08,-0.00014778263885517617,0.00014778263885517617,2.1839708346999427e-08
1,merged_z_m0p004_dedup_filtered,22,-0.00026488720322959125,-2.7436634297828277e-08,-0.0002648597665952934,0.0002648597665952934,7.015069596091331e-08
1,merged_z_m0p004_dedup_filtered,23,-0.0003823002043645829,-2.3607100274603e-08,-0.0003822765972643083,0.0003822765972643083,1.4613539681597816e-07
1,merged_z_m0p004_dedup_filtered,24,-0.000491585407871753,-1.99208045614796e-08,-0.0004915654870671915,0.0004915654870671915,2.416366280756052e-07
1,merged_z_m0p004_dedup_filtered,25,-0.00058519042795524,-1.6569588368042787e-08,-0.000585173858366872,0.000585173858366872,3.424284445159719e-07
1,merged_z_m0p004_dedup_filtered,26,-0.0006569172255694866,-1.3542215349104936e-08,-0.0006569036833541375,0.0006569036833541375,4.3152244920423296e-07
1,merged_z_m0p004_dedup_filtered,27,-0.0007021927740424871,-1.0667145389220423e-08,-0.0007021821068970979,0.0007021821068970979,4.930597112464475e-07
1,merged_z_m0p004_dedup_filtered,28,-0.0007182120461948216,-7.969680915209665e-09,-0.0007182040765139064,0.0007182040765139064,5.158170955211931e-07
1,merged_z_m0p004_dedup_filtered,29,-0.00023311444965656847,9.47217849898152e-05,-0.0003278362346463837,0.0003278362346463837,1.0747659674711873e-07
1,merged_z_m0p004_dedup_filtered,30,-5.341949872672558e-05,0.00021143874619156122,-0.0002648582449182868,0.0002648582449182868,7.01498899011952e-08
1,merged_z_m0p004_dedup_filtered,31,-7.398799061775208e-05,0.00025207229191437364,-0.0003260602825321257,0.0003260602825321257,1.0631530784492964e-07
1,merged_z_m0p004_dedup_filtered,32,-0.00011930451728403568,0.00037894511478953063,-0.0004982496320735663,0.0004982496320735663,2.482526958614442e-07
1,merged_z_m0p004_dedup_filtered,33,-0.00019486223754938692,-8.117382822092623e-05,-0.0001136884093284607,0.0001136884093284607,1.2925054415635628e-08
1,merged_z_m0p004_dedup_filtered,34,-0.0003565996594261378,0.0004891888820566237,-0.0008457885414827615,0.0008457885414827615,7.15358256903537e-07
1,merged_z_m0p004_dedup_filtered,35,-0.00013734550157096237,0.0003336321096867323,-0.00047097761125769466,0.00047097761125769466,2.2181991030600415e-07
1,merged_z_m0p004_dedup_filtered,36,-0.00015167231322266161,0.00037446481292136014,-0.0005261371261440217,0.0005261371261440217,2.7682027550709025e-07
1,merged_z_m0p004_dedup_filtered,37,-0.00013578754442278296,0.0004153090703766793,-0.0005510966147994623,0.0005510966147994623,3.037074788434269e-07
1,merged_z_m0p004_dedup_filtered,38,-0.0005654797423630953,0.0006241575465537608,-0.001189637288916856,0.001189637288916856,1.4152368791814472e-06
1,merged_z_m0p004_dedup_filtered,39,-8.154438546625897e-05,0.0004561584210023284,-0.0005377028064685874,0.0005377028064685874,2.891243080841951e-07
1,merged_z_m0p004_dedup_filtered,40,1.1304888175800443e-05,0.0004970102454535663,-0.00048570535727776587,0.00048570535727776587,2.359096940883222e-07
1,merged_z_m0p004_dedup_filtered,41,0.00013433884305413812,0.0005378634086810052,-0.0004035245656268671,0.0004035245656268671,1.6283207506435179e-07
1,merged_z_m0p004_dedup_filtered,42,0.0002716599847190082,0.0005787170375697315,-0.00030705705285072327,0.00030705705285072327,9.428403370537186e-08
1,merged_z_m0p004_dedup_filtered,43,0.00040283772978000343,0.0006195716559886932,-0.0002167339262086898,0.0002167339262086898,4.69735947698338e-08
1,merged_z_m0p004_dedup_filtered,44,0.000507000891957432,0.0006604263326153159,-0.00015342544065788388,0.00015342544065788388,2.353936584106585e-08
1,merged_z_m0p004_dedup_filtered,45,0.0005672059487551451,0.0007012812420725822,-0.00013407529331743717,0.00013407529331743717,1.7976184278156813e-08
1,merged_z_m0p004_dedup_filtered,46,0.0005741334753111005,0.0007421369664371014,-0.00016800349112600088,0.00016800349112600088,2.8225173030524257e-08
1,merged_z_m0p004_dedup_filtered,47,0.0005282923229970038,0.0007829946698620915,-0.00025470234686508775,0.00025470234686508775,6.487328549858347e-08
1,merged_z_m0p004_dedup_filtered,48,0.0004402205813676119,0.0008238583686761558,-0.0003836377873085439,0.0003836377873085439,1.4717795185099558e-07
1,merged_z_m0p004_dedup_filtered,49,0.0003285963030066341,0.0008647360373288393,-0.0005361397343222052,0.0005361397343222052,2.8744581471908476e-07
1,merged_z_m0p004_dedup_filtered,50,0.0002166184422094375,0.0009056436247192323,-0.0006890251825097948,0.0006890251825097948,4.747557021326561e-07
1,merged_z_m0p004_dedup_filtered,51,0.00012739333033096045,0.0009466128540225327,-0.0008192195236915722,0.0008192195236915722,6.711206279974465e-07
1,merged_z_m0p004_dedup_filtered,52,7.928060949780047e-05,0.0009877001866698265,-0.000908419577172026,0.000908419577172026,8.252261281894026e-07
1,merged_z_m0p004_dedup_filtered,53,-0.0006402460858225822,0.0014846447156742215,-0.0021248908014968038,0.0021248908014968038,4.515160918285729e-06
1,merged_z_m0p004_dedup_filtered,54,-0.0004365448548924178,0.0013856397708877921,-0.00182218462578021,0.00182218462578021,3.3203568104297636e-06
1,merged_z_m0p004_dedup_filtered,55,0.0007237315876409411,0.00046105115325190127,0.0002626804343890399,0.0002626804343890399,6.900101061081468e-08
1,merged_z_m0p004_dedup_filtered,56,0.0007464407826773822,0.0004815375432372093,0.0002649032394401729,0.0002649032394401729,7.017372626589758e-08
1,merged_z_m0p004_dedup_filtered,57,0.0007550265872851014,0.0005020664539188147,0.00025296013336628675,0.00025296013336628675,6.398882907268958e-08
1,merged_z_m0p004_dedup_filtered,58,-0.00023192926892079413,-8.765365322460639e-08,-0.00023184161526756952,0.00023184161526756952,5.3750534569875726e-08
1,merged_z_m0p004_dedup_filtered,59,-0.00020559210679493845,-8.278884422452393e-08,-0.00020550931795071392,0.00020550931795071392,4.223407976456763e-08
1,merged_z_m0p004_dedup_filtered,60,-0.000155582107254304,-7.802069035278691e-08,-0.0001555040865639512,0.0001555040865639512,2.418152093808883e-08
1,merged_z_m0p004_dedup_filtered,61,-8.88168069650419e-05,-7.334247698054241e-08,-8.874346448806136e-05,8.874346448806136e-05,7.875402489343808e-09
1,merged_z_m0p004_dedup_filtered,62,-1.4552454558725003e-05,-6.88823433847574e-08,-1.4483572215340246e-05,1.4483572215340246e-05,2.0977386411697595e-10
1,merged_z_m0p004_dedup_filtered,63,5.684907955583185e-05,-6.451631406889646e-08,5.6913595869900746e-05,5.6913595869900746e-05,3.239157394842383e-09
1,merged_z_m0p004_dedup_filtered,64,0.0001152636541519314,-6.008493613762766e-08,0.00011532373908806903,0.00011532373908806903,1.3299564797253021e-08
1,merged_z_m0p004_dedup_filtered,65,0.00015206277021206915,-5.5533046605660275e-08,0.00015211830325867481,0.00015211830325867481,2.3139978186298157e-08
1,merged_z_m0p004_dedup_filtered,66,0.00016111586592160165,-5.0840792908957155e-08,0.0001611667067145106,0.0001611667067145106,2.597470735320108e-08
1,merged_z_m0p004_dedup_filtered,67,-0.0003970630932599306,-0.0003287561412435025,-6.830695201642811e-05,6.830695201642811e-05,4.665839693774613e-09
1,merged_z_m0p004_dedup_filtered,68,-0.0004264980088919401,-0.0003491897659841925,-7.730824290774763e-05,7.730824290774763e-05,5.976564421483311e-09
1,merged_z_m0p004_dedup_filtered,69,-0.0005309603875502944,-0.00036962368176318705,-0.00016133670578710735,0.00016133670578710735,2.6029532634235638e-08
1,merged_z_m0p004_dedup_filtered,70,-0.0007016604067757726,-0.00039005829603411257,-0.00031160211074166,0.00031160211074166,9.709587541865774e-08
1,merged_z_m0p004_dedup_filtered,71,-0.0009181619971059263,-0.00041049456922337413,-0.0005076674278825521,0.0005076674278825521,2.577262173328863e-07
1,merged_z_m0p004_dedup_filtered,72,-0.0011511222692206502,-0.00043093538261018693,-0.0007201868866104633,0.0007201868866104633,5.186691516456723e-07
1,merged_z_m0p004_dedup_filtered,73,-0.001366876531392336,-0.00045138722634874284,-0.000915489305043593,0.000915489305043593,8.38120667649201e-07
1,merged_z_m0p004_dedup_filtered,74,-0.001533046830445528,-0.000471863808343187,-0.001061183022102341,0.001061183022102341,1.1261094063982577e-06
1,merged_z_m0p004_dedup_filtered,75,-0.0016241265693679452,-0.0004923840169794858,-0.0011317425523884594,0.0011317425523884594,1.2808412048867449e-06
1,merged_z_m0p004_dedup_filtered,76,-0.0017714017303660512,-0.0009862297447398305,-0.0007851719856262207,0.0007851719856262207,6.164950470122221e-07
1,merged_z_m0p004_dedup_filtered,77,-0.0017103420104831457,-0.0009451392688788474,-0.0007652027416042984,0.0007652027416042984,5.855352357587346e-07
1,merged_z_m0p004_dedup_filtered,78,0.0006915698759257793,0.0004405994259286672,0.00025097044999711215,0.00025097044999711215,6.298616677175297e-08
1,merged_z_m0p004_dedup_filtered,79,0.0006562962080352008,0.0004201637639198452,0.0002361324441153556,0.0002361324441153556,5.575853116389154e-08
1,merged_z_m0p004_dedup_filtered,80,0.0006242585950531065,0.0003997348539996892,0.00022452374105341733,0.00022452374105341733,5.0410910296621996e-08
1,merged_z_m0p004_dedup_filtered,81,0.0006000908906571567,0.00037930873804725707,0.00022078215260989964,0.00022078215260989964,4.8744758911061014e-08
1,merged_z_m0p004_dedup_filtered,82,0.0005853509646840394,0.00035888361162506044,0.00022646735305897892,0.00022646735305897892,5.1287462001540207e-08
1,merged_z_m0p004_dedup_filtered,83,0.0005778652848675847,0.0003384589799679816,0.00023940630489960313,0.00023940630489960313,5.731537882568174e-08
1,merged_z_m0p004_dedup_filtered,84,0.0005719699547626078,0.0003180345520377159,0.0002539354027248919,0.0002539354027248919,6.448318875705304e-08
1,merged_z_m0p004_dedup_filtered,85,0.0005596373812295496,0.00029760986217297614,0.0002620275190565735,0.0002620275190565735,6.8658420742943e-08
1,merged_z_m0p004_dedup_filtered,86,0.0005322741926647723,0.00027718511410057545,0.0002550890785641968,0.0002550890785641968,6.507043800273098e-08
1,merged_z_m0p004_dedup_filtered,87,0.00048281336785294116,0.00025676030782051384,0.0002260530600324273,0.0002260530600324273,5.1099985950024186e-08
1,merged_z_m0p004_dedup_filtered,88,0.0004076475743204355,0.00023633554519619793,0.0001713120291242376,0.0001713120291242376,2.934781132266363e-08
1,merged_z_m0p004_dedup_filtered,89,0.0003079625894315541,0.0002159112336812541,9.205135575029999e-05,9.205135575029999e-05,8.473452095468287e-09
1,merged_z_m0p004_dedup_filtered,90,0.0001901494397316128,0.0001954879699042067,-5.338530172593892e-06,5.338530172593892e-06,2.8499904403695366e-11
1,merged_z_m0p004_dedup_filtered,91,6.515937275253236e-05,0.0001750672236084938,-0.00010990785085596144,0.00010990785085596144,1.2079735679776264e-08
1,merged_z_m0p004_dedup_filtered,92,-5.311182758305222e-05,0.0001546525745652616,-0.00020776440214831382,0.00020776440214831382,4.316604680004627e-08
1,merged_z_m0p004_dedup_filtered,93,-0.00015011901268735528,0.00013425250654108822,-0.0002843715192284435,0.0002843715192284435,8.086716094829301e-08
1,merged_z_m0p004_dedup_filtered,94,-0.0013054209994152188,-0.0001346870994893834,-0.0011707338999258354,0.0011707338999258354,1.370617864435556e-06
1,merged_z_m0p004_dedup_filtered,95,-0.0013171848841011524,-0.00011431432358222082,-0.0012028705605189316,0.0012028705605189316,1.4468975853631286e-06
1,merged_z_m0p004_dedup_filtered,96,-0.0017111735651269555,-0.00023012967722024769,-0.0014810438879067078,0.0014810438879067078,2.1934909979058167e-06
1,merged_z_m0p004_dedup_filtered,97,-0.0018246868858113885,-0.00034439569571986794,-0.0014802911900915205,0.0014802911900915205,2.1912620074625702e-06
1,merged_z_m0p004_dedup_filtered,98,-0.0016853032866492867,-0.00040538940811529756,-0.0012799138785339892,0.0012799138785339892,1.6381795364639192e-06
1,merged_z_m0p004_dedup_filtered,99,-0.0016305606113746762,-0.0002708356478251517,-0.0013597249635495245,0.0013597249635495245,1.8488519764997559e-06
1,merged_z_m0p004_dedup_filtered,100,-0.0015046710614115,-0.000311625306494534,-0.001193045754916966,0.001193045754916966,1.4233581733253932e-06
1,merged_z_m0p004_dedup_filtered,101,-0.0014746107626706362,-0.00046654770267196,-0.0010080630599986762,0.0010080630599986762,1.0161911329338946e-06
1,merged_z_m0p004_dedup_filtered,102,-0.001221758546307683,-0.0005277741001918912,-0.0006939844461157918,0.0006939844461157918,4.816144114506423e-07
1,merged_z_m0p004_dedup_filtered,103,-0.0013449364341795444,-0.0003524541389197111,-0.0009924822952598333,0.0009924822952598333,9.85021106404227e-07
1,merged_z_m0p004_dedup_filtered,104,-0.0011660385644063354,-0.00039330110303126276,-0.0007727374613750726,0.0007727374613750726,5.971231842123918e-07
1,merged_z_m0p004_dedup_filtered,105,-0.0009606633684597909,-0.0005890292231924832,-0.00037163414526730776,0.00037163414526730776,1.381119379285624e-07
1,merged_z_m0p004_dedup_filtered,106,-0.0007246484165079892,-0.0006503114709630609,-7.433694554492831e-05,7.433694554492831e-05,5.525981472949637e-09
1,merged_z_m0p004_dedup_filtered,107,-0.0009846828179433942,-0.000434155750554055,-0.0005505270673893392,0.0005505270673893392,3.0308005192830603e-07
1,merged_z_m0p004_dedup_filtered,108,-0.0010386209469288588,-0.00048374204197898507,-0.0005548789049498737,0.0005548789049498737,3.0789059915837096e-07
1,merged_z_m0p004_dedup_filtered,109,-0.0011513091158121824,-0.000195943663129583,-0.0009553654526825994,0.0009553654526825994,9.127231481794281e-07
1,merged_z_m0p004_dedup_filtered,110,-0.0012296766508370638,-0.00017551530618220568,-0.0010541613446548581,0.0010541613446548581,1.1112561405645386e-06
1,merged_z_m0p004_dedup_filtered,111,-0.0012788624735549092,-0.0001550936867715791,-0.0011237687867833301,0.0011237687867833301,1.2628562861484777e-06
1,merged_z_m0p004_dedup_filtered,112,-0.0017392481677234173,-0.00018960496527142823,-0.001549643202451989,0.001549643202451989,2.4013940549056563e-06
1,merged_z_m0p004_dedup_filtered,113,-0.0008181428420357406,-0.00047501467633992434,-0.0003431281656958163,0.0003431281656958163,1.1773693809377555e-07
1,merged_z_m0p004_dedup_filtered,114,-0.0005414388724602759,-0.0007115888292901218,0.0001701499568298459,0.0001701499568298459,2.8951007809198425e-08
1,merged_z_m0p004_dedup_filtered,115,-0.000429380452260375,-0.0007728756172582507,0.0003434951649978757,0.0003434951649978757,1.1798892837691784e-07
1,merged_z_m0p004_dedup_filtered,116,-0.0006826806929893792,-0.0005158754647709429,-0.00016680522821843624,0.00016680522821843624,2.7823984161004598e-08
1,merged_z_m0p004_dedup_filtered,117,-0.0005919672548770905,-0.0005567368352785707,-3.52304195985198e-05,3.52304195985198e-05,1.2411824650877682e-09
1,merged_z_m0p004_dedup_filtered,118,-0.0003954865678679198,-0.0008341713109984994,0.0004386847431305796,0.0004386847431305796,1.924443038555426e-07
1,merged_z_m0p004_dedup_filtered,119,-0.0004355425771791488,-0.0008954599034041166,0.00045991732622496784,0.00045991732622496784,2.115239469619235e-07
1,merged_z_m0p004_dedup_filtered,120,-0.0006052959943190217,-0.00027767239953391254,-0.00032762359478510916,0.00032762359478510916,1.0733721985991741e-07
1,merged_z_m0p004_dedup_filtered,121,-0.0007532681338489056,-0.00025723950238898396,-0.0004960286314599216,0.0004960286314599216,2.460444032280027e-07
1,merged_z_m0p004_dedup_filtered,122,-0.00037396425614133477,0.000771452090702951,-0.0011454163468442857,0.0011454163468442857,1.311978607618109e-06
1,merged_z_m0p004_dedup_filtered,123,-0.00014924028073437512,0.0008390358416363597,-0.0009882761223707348,0.0009882761223707348,9.766896940481356e-07
1,merged_z_m0p004_dedup_filtered,124,0.0002839324879460037,0.0009618177427910268,-0.0006778852548450232,0.0006778852548450232,4.59528418736302e-07
1,merged_z_m0p004_dedup_filtered,125,0.0004676962271332741,0.0010490822605788708,-0.0005813860334455967,0.0005813860334455967,3.380097198856045e-07
1,merged_z_m0p004_dedup_filtered,126,0.00041169667383655906,-0.0022407425567507744,0.0026524392305873334,0.0026524392305873334,7.035433871958725e-06
1,merged_z_m0p004_dedup_filtered,127,0.00025952470605261624,0.0011778248008340597,-0.0009183000947814435,0.0009183000947814435,8.432750640756081e-07
2,merged_z_m0p006_dedup_filtered,0,-0.0014412386808544397,-0.001447714283131063,6.475602276623249e-06,6.475602276623249e-06,4.1933424845008206e-11
2,merged_z_m0p006_dedup_filtered,1,-0.001409361488185823,-0.001375006278976798,-3.4355209209024906e-05,3.4355209209024906e-05,1.1802803997958697e-09
2,merged_z_m0p006_dedup_filtered,2,-0.0013521190267056227,-0.0013246310409158468,-2.748798578977585e-05,2.748798578977585e-05,7.55589362778919e-10
2,merged_z_m0p006_dedup_filtered,3,-0.0015162784839048982,-0.0008837009663693607,-0.0006325775175355375,0.0006325775175355375,4.0015431569142323e-07
2,merged_z_m0p006_dedup_filtered,4,-0.00134057248942554,-0.0008428021101281047,-0.0004977703792974353,0.0004977703792974353,2.477753505059126e-07
2,merged_z_m0p006_dedup_filtered,5,-0.0012669245479628444,-0.001263270853087306,-3.653694875538349e-06,3.653694875538349e-06,1.3349486243535193e-11
2,merged_z_m0p006_dedup_filtered,6,-0.0011523563880473375,-0.0012019394198432565,4.958303179591894e-05,4.958303179591894e-05,2.4584770420751087e-09
2,merged_z_m0p006_dedup_filtered,7,-0.0011467577423900366,-0.0008019231609068811,-0.0003448345814831555,0.0003448345814831555,1.18910888586663e-07
2,merged_z_m0p006_dedup_filtered,8,-0.0009543336927890778,-0.0007610530010424554,-0.00019328069174662232,0.00019328069174662232,3.735742580205284e-08
2,merged_z_m0p006_dedup_filtered,9,-0.0010115208569914103,-0.0011406324338167906,0.00012911157682538033,0.00012911157682538033,1.6669799270336086e-08
2,merged_z_m0p006_dedup_filtered,10,-0.0008533131331205368,-0.0010793345281854272,0.00022602139506489038,0.00022602139506489038,5.1085671027079256e-08
2,merged_z_m0p006_dedup_filtered,11,-0.0007824667263776064,-0.0007201872649602592,-6.227946141734719e-05,6.227946141734719e-05,3.878731314434838e-09
2,merged_z_m0p006_dedup_filtered,12,-0.0006480433512479067,-0.0006793235661461949,3.128021489828825e-05,3.128021489828825e-05,9.784518440830942e-10
2,merged_z_m0p006_dedup_filtered,13,-0.0006926427013240755,-0.0010180397657677531,0.00032539706444367766,0.00032539706444367766,1.0588324954856291e-07
2,merged_z_m0p006_dedup_filtered,14,-0.0005491331685334444,-0.0009567463421262801,0.00040761317359283566,0.00040761317359283566,1.6614849928642318e-07
2,merged_z_m0p006_dedup_filtered,15,-0.0005640050512738526,-0.000638460973277688,7.445592200383544e-05,7.445592200383544e-05,5.543684321441226e-09
2,merged_z_m0p006_dedup_filtered,16,-0.0005381307564675808,-0.0005975988460704684,5.946808960288763e-05,5.946808960288763e-05,3.536453681017072e-09
2,merged_z_m0p006_dedup_filtered,17,-0.00044610723853111267,-0.0018671395955607295,0.0014210323570296168,0.0014210323570296168,2.0193329597251484e-06
2,merged_z_m0p006_dedup_filtered,18,0.00010824044147739187,-4.381816864906796e-08,0.00010828425964604094,0.00010828425964604094,1.172548088709121e-08
2,merged_z_m0p006_dedup_filtered,19,2.6202476874459535e-05,-3.940547443903597e-08,2.624188234889857e-05,2.624188234889857e-05,6.886363892134343e-10
2,merged_z_m0p006_dedup_filtered,20,-7.424615614581853e-05,-3.528859693346931e-08,-7.421086754888506e-05,7.421086754888506e-05,5.507252862358162e-09
2,merged_z_m0p006_dedup_filtered,21,-0.0001839430333347991,-3.133590809056841e-08,-0.00018391169742670854,0.00018391169742670854,3.382351245037319e-08
2,merged_z_m0p006_dedup_filtered,22,-0.00029386041569523513,-2.7436634297828277e-08,-0.0002938329790609373,0.0002938329790609373,8.633781958382522e-08
2,merged_z_m0p006_dedup_filtered,23,-0.00039619338349439204,-2.3607100274603e-08,-0.00039616977639411743,0.00039616977639411743,1.56950491728165e-07
2,merged_z_m0p006_dedup_filtered,24,-0.00048501085257157683,-1.99208045614796e-08,-0.00048499093176701535,0.00048499093176701535,2.3521620389623775e-07
2,merged_z_m0p006_dedup_filtered,25,-0.0005564210005104542,-1.6569588368042787e-08,-0.0005564044309220861,0.0005564044309220861,3.0958589074973054e-07
2,merged_z_m0p006_dedup_filtered,26,-0.000608311383984983,-1.3542215349104936e-08,-0.0006082978417696339,0.0006082978417696339,3.7002626430159454e-07
2,merged_z_m0p006_dedup_filtered,27,-0.0006398192490451038,-1.0667145389220423e-08,-0.0006398085818997146,0.0006398085818997146,4.093550214725238e-07
2,merged_z_m0p006_dedup_filtered,28,-0.0006507374346256256,-7.969680915209665e-09,-0.0006507294649447104,0.0006507294649447104,4.234488365472291e-07
2,merged_z_m0p006_dedup_filtered,29,-0.00012910086661577225,9.47217849898152e-05,-0.00022382265160558745,0.00022382265160558745,5.009657937175618e-08
2,merged_z_m0p006_dedup_filtered,30,-0.0001281577133340761,0.00021143874619156122,-0.00033959645952563733,0.00033959645952563733,1.1532575532234783e-07
2,merged_z_m0p006_dedup_filtered,31,-0.00013415233115665615,0.00025207229191437364,-0.0003862246230710298,0.0003862246230710298,1.4916945946635903e-07
2,merged_z_m0p006_dedup_filtered,32,-0.0002949973859358579,0.00037894511478953063,-0.0006739425007253885,0.0006739425007253885,4.541984942839903e-07
2,merged_z_m0p006_dedup_filtered,33,-0.00029886458651162684,-0.00012176075688330457,-0.00017710382962832227,0.00017710382962832227,3.13657664690178e-08
2,merged_z_m0p006_dedup_filtered,34,-0.00042262754868716,0.0004891888820566237,-0.0009118164307437837,0.0009118164307437837,8.314092033743333e-07
2,merged_z_m0p006_dedup_filtered,35,-0.00014080683467909694,0.0003336321096867323,-0.00047443894436582923,0.00047443894436582923,2.250923119309624e-07
2,merged_z_m0p006_dedup_filtered,36,-0.00012438978592399508,0.00037446481292136014,-0.0004988545988453552,0.0004988545988453552,2.488559107891603e-07
2,merged_z_m0p006_dedup_filtered,37,-8.429113950114697e-05,0.0004153090703766793,-0.0004996002098778263,0.0004996002098778263,2.4960036970996806e-07
2,merged_z_m0p006_dedup_filtered,38,-0.0004883689689449966,0.0006241575465537608,-0.0011125265154987574,0.0011125265154987574,1.2377152476878068e-06
2,merged_z_m0p006_dedup_filtered,39,-1.6951875295490026e-05,0.0004561584210023284,-0.0004731102962978184,0.0004731102962978184,2.2383335246300954e-07
2,merged_z_m0p006_dedup_filtered,40,7.567668217234313e-05,0.0004970102454535663,-0.0004213335632812232,0.0004213335632812232,1.775219715472525e-07
2,merged_z_m0p006_dedup_filtered,41,0.0001857784518506378,0.0005378634086810052,-0.00035208495683036745,0.00035208495683036745,1.239638168262417e-07
2,merged_z_m0p006_dedup_filtered,42,0.00030067985062487423,0.0005787170375697315,-0.00027803718694485724,0.00027803718694485724,7.730467732420949e-08
2,merged_z_m0p006_dedup_filtered,43,0.0004050506977364421,0.0006195716559886932,-0.00021452095825225115,0.00021452095825225115,4.601924152946408e-08
2,merged_z_m0p006_dedup_filtered,44,0.0004838643944822252,0.0006604263326153159,-0.00017656193813309073,0.00017656193813309073,3.117411799731336e-08
2,merged_z_m0p006_dedup_filtered,45,0.0005254924762994051,0.0007012812420725822,-0.00017578876577317715,0.00017578876577317715,3.090169017205694e-08
2,merged_z_m0p006_dedup_filtered,46,0.0005242633633315563,0.0007421369664371014,-0.00021787360310554504,0.00021787360310554504,4.746890693019257e-08
2,merged_z_m0p006_dedup_filtered,47,0.0004819112364202738,0.0007829946698620915,-0.00030108343344181776,0.00030108343344181776,9.06512338931135e-08
2,merged_z_m0p006_dedup_filtered,48,0.0004075646575074643,0.0008238583686761558,-0.0004162937111686915,0.0004162937111686915,1.7330045395860196e-07
2,merged_z_m0p006_dedup_filtered,49,0.00031622854294255376,0.0008647360373288393,-0.0005485074943862855,0.0005485074943862855,3.0086047139792107e-07
2,merged_z_m0p006_dedup_filtered,50,0.00022603348770644516,0.0009056436247192323,-0.0006796101370127872,0.0006796101370127872,4.6186993833053934e-07
2,merged_z_m0p006_dedup_filtered,51,0.0001547909778309986,0.0009466128540225327,-0.0007918218761915341,0.0007918218761915341,6.269818836154812e-07
2,merged_z_m0p006_dedup_filtered,52,0.0001165477151516825,0.0009877001866698265,-0.000871152471518144,0.000871152471518144,7.589066286321707e-07
2,merged_z_m0p006_dedup_filtered,53,-0.0006223773816600442,0.0014846447156742215,-0.0021070220973342657,0.0021070220973342657,4.439542118654888e-06
2,merged_z_m0p006_dedup_filtered,54,-0.00044532219180837274,0.0013856397708877921,-0.0018309619626961648,0.0018309619626961648,3.352421708840192e-06
2,merged_z_m0p006_dedup_filtered,55,0.0007756095146760345,0.00046105115325190127,0.0003145583614241332,0.0003145583614241332,9.89469627418356e-08
2,merged_z_m0p006_dedup_filtered,56,0.0008015019120648503,0.0004815375432372093,0.000319964368827641,0.000319964368827641,1.0237719731927069e-07
2,merged_z_m0p006_dedup_filtered,57,0.0008111646748147905,0.0005020664539188147,0.00030909822089597583,0.00030909822089597583,9.554171016105747e-08
2,merged_z_m0p006_dedup_filtered,58,-0.0002010091266129166,-8.765365322460639e-08,-0.00020092147295969198,0.00020092147295969198,4.0369438296292234e-08
2,merged_z_m0p006_dedup_filtered,59,-0.00017102790297940373,-8.278884422452393e-08,-0.0001709451141351792,0.0001709451141351792,2.922223204668945e-08
2,merged_z_m0p006_dedup_filtered,60,-0.00011477783846203238,-7.802069035278691e-08,-0.00011469981777167959,0.00011469981777167959,1.3156048196856505e-08
2,merged_z_m0p006_dedup_filtered,61,-4.130315574002452e-05,-7.334247698054241e-08,-4.122981326304398e-05,4.122981326304398e-05,1.6998975017054772e-09
2,merged_z_m0p006_dedup_filtered,62,3.7602974771289155e-05,-6.88823433847574e-08,3.767185711467391e-05,3.767185711467391e-05,1.4191688184684076e-09
2,merged_z_m0p006_dedup_filtered,63,0.00010927589028142393,-6.451631406889646e-08,0.00010934040659549282,0.00010934040659549282,1.1955324514467691e-08
2,merged_z_m0p006_dedup_filtered,64,0.00016213276830967516,-6.008493613762766e-08,0.00016219285324581278,0.00016219285324581278,2.6306521644017763e-08
2,merged_z_m0p006_dedup_filtered,65,0.00018736373749561608,-5.5533046605660275e-08,0.00018741927054222174,0.00018741927054222174,3.5125982970578507e-08
2,merged_z_m0p006_dedup_filtered,66,0.00018008454935625196,-5.0840792908957155e-08,0.0001801353901491609,0.0001801353901491609,3.244875878419042e-08
2,merged_z_m0p006_dedup_filtered,67,-0.00035471751471050084,-0.0003287561412435025,-2.596137346699834e-05,2.596137346699834e-05,6.739929122929653e-10
2,merged_z_m0p006_dedup_filtered,68,-0.0003835794050246477,-0.0003491897659841925,-3.438963904045522e-05,3.438963904045522e-05,1.182647273332802e-09
2,merged_z_m0p006_dedup_filtered,69,-0.0004910154966637492,-0.00036962368176318705,-0.00012139181490056217,0.00012139181490056217,1.4735972724852347e-08
2,merged_z_m0p006_dedup_filtered,70,-0.0006677162600681186,-0.00039005829603411257,-0.000277657964034006,0.000277657964034006,7.709394499150937e-08
2,merged_z_m0p006_dedup_filtered,71,-0.0008922928245738149,-0.00041049456922337413,-0.00048179825535044074,0.00048179825535044074,2.321295588587285e-07
2,merged_z_m0p006_dedup_filtered,72,-0.0011341397184878588,-0.00043093538261018693,-0.0007032043358776718,0.0007032043358776718,4.944963379971575e-07
2,merged_z_m0p006_dedup_filtered,73,-0.0013582013780251145,-0.00045138722634874284,-0.0009068141516763717,0.0009068141516763717,8.223119056805376e-07
2,merged_z_m0p006_dedup_filtered,74,-0.0015307953581213951,-0.000471863808343187,-0.0010589315497782081,0.0010589315497782081,1.1213360271156777e-06
2,merged_z_m0p006_dedup_filtered,75,-0.0016254013171419501,-0.0004923840169794858,-0.0011330173001624644,0.0011330173001624644,1.28372820246744e-06
2,merged_z_m0p006_dedup_filtered,76,-0.001768590067513287,-0.0009862297447398305,-0.0007823603227734566,0.0007823603227734566,6.120876746501872e-07
2,merged_z_m0p006_dedup_filtered,77,-0.0017078525852411985,-0.0009451392688788474,-0.0007627133163623512,0.0007627133163623512,5.81731602956456e-07
2,merged_z_m0p006_dedup_filtered,78,0.0007378958980552852,0.0004405994259286672,0.00029729647212661803,0.00029729647212661803,8.838519233893297e-08
2,merged_z_m0p006_dedup_filtered,79,0.0006944445194676518,0.0004201637639198452,0.0002742807555478066,0.0002742807555478066,7.522993286387565e-08
2,merged_z_m0p006_dedup_filtered,80,0.0006515584536828101,0.0003997348539996892,0.00025182359968312085,0.00025182359968312085,6.34151253573647e-08
2,merged_z_m0p006_dedup_filtered,81,0.0006142373895272613,0.00037930873804725707,0.0002349286514800042,0.0002349286514800042,5.5191471286213276e-08
2,merged_z_m0p006_dedup_filtered,82,0.0005849433364346623,0.00035888361162506044,0.0002260597248096019,0.0002260597248096019,5.110299918099294e-08
2,merged_z_m0p006_dedup_filtered,83,0.0005629542283713818,0.0003384589799679816,0.00022449524840340018,0.00022449524840340018,5.039811655570435e-08
2,merged_z_m0p006_dedup_filtered,84,0.0005444722482934594,0.0003180345520377159,0.0002264376962557435,0.0002264376962557435,5.1274030285608355e-08
2,merged_z_m0p006_dedup_filtered,85,0.000523487338796258,0.00029760986217297614,0.00022587747662328184,0.00022587747662328184,5.102063444570123e-08
2,merged_z_m0p006_dedup_filtered,86,0.0004932229057885706,0.00027718511410057545,0.0002160377916879952,0.0002160377916879952,4.6672327437425606e-08
2,merged_z_m0p006_dedup_filtered,87,0.0004478578339330852,0.00025676030782051384,0.00019109752611257136,0.00019109752611257136,3.651826448634489e-08
2,merged_z_m0p006_dedup_filtered,88,0.00038414448499679565,0.00023633554519619793,0.00014780893980059773,0.00014780893980059773,2.1847482684976723e-08
2,merged_z_m0p006_dedup_filtered,89,0.00030255893943831325,0.0002159112336812541,8.664770575705916e-05,8.664770575705916e-05,7.507824912961903e-09
2,merged_z_m0p006_dedup_filtered,90,0.00020770923583768308,0.0001954879699042067,1.2221265933476388e-05,1.2221265933476388e-05,1.493593410167505e-10
2,merged_z_m0p006_dedup_filtered,91,0.00010788220242829993,0.0001750672236084938,-6.718502118019387e-05,6.718502118019387e-05,4.513827070983099e-09
2,merged_z_m0p006_dedup_filtered,92,1.3792816389468499e-05,0.0001546525745652616,-0.0001408597581757931,0.0001408597581757931,1.9841471473342912e-08
2,merged_z_m0p006_dedup_filtered,93,-6.323143315967172e-05,0.00013425250654108822,-0.00019748393970075995,0.00019748393970075995,3.899990643973339e-08
2,merged_z_m0p006_dedup_filtered,94,-0.0013463398208841681,-0.0001346870994893834,-0.0012116527213947847,0.0012116527213947847,1.4681023172633879e-06
2,merged_z_m0p006_dedup_filtered,95,-0.0013613463379442692,-0.00011431432358222082,-0.0012470320143620484,0.0012470320143620484,1.555088844843868e-06
2,merged_z_m0p006_dedup_filtered,96,-0.0017257824074476957,-0.00023012967722024769,-0.001495652730227448,0.001495652730227448,2.2369770894368193e-06
2,merged_z_m0p006_dedup_filtered,97,-0.0017822764348238707,-0.00034439569571986794,-0.0014378807391040027,0.0014378807391040027,2.067501019886273e-06
2,merged_z_m0p006_dedup_filtered,98,-0.0016447990201413631,-0.00040538940811529756,-0.0012394096120260656,0.0012394096120260656,1.5361361863826024e-06
2,merged_z_m0p006_dedup_filtered,99,-0.0016412921249866486,-0.0002708356478251517,-0.0013704564771614969,0.0013704564771614969,1.8781509557939004e-06
2,merged_z_m0p006_dedup_filtered,100,-0.0015096509596332908,-0.000311625306494534,-0.0011980256531387568,0.0011980256531387568,1.4352654655785447e-06
2,merged_z_m0p006_dedup_filtered,101,-0.0014373345766216516,-0.00046654770267196,-0.0009707868739496917,0.0009707868739496917,9.424271546330145e-07
2,merged_z_m0p006_dedup_filtered,102,-0.0011890509631484747,-0.0005277741001918912,-0.0006612768629565835,0.0006612768629565835,4.372870894817001e-07
2,merged_z_m0p006_dedup_filtered,103,-0.0013431922998279333,-0.0003524541389197111,-0.0009907381609082222,0.0009907381609082222,9.815621034798064e-07
2,merged_z_m0p006_dedup_filtered,104,-0.0011576161487028003,-0.00039330110303126276,-0.0007643150456715375,0.0007643150456715375,5.841774890398845e-07
2,merged_z_m0p006_dedup_filtered,105,-0.0009338018135167658,-0.0005890292231924832,-0.00034477259032428265,0.00034477259032428265,1.1886813903891564e-07
2,merged_z_m0p006_dedup_filtered,106,-0.0007047110702842474,-0.0006503114709630609,-5.439959932118654e-05,5.439959932118654e-05,2.9593164063056393e-09
2,merged_z_m0p006_dedup_filtered,107,-0.0009705827105790377,-0.000434155750554055,-0.0005364269600249827,0.0005364269600249827,2.877538834416444e-07
2,merged_z_m0p006_dedup_filtered,108,-0.0010461307829245925,-0.000725613150279969,-0.0003205176326446235,0.0003205176326446235,1.0273155283611383e-07
2,merged_z_m0p006_dedup_filtered,109,-0.0011699206661432981,-0.000195943663129583,-0.0009739770030137151,0.0009739770030137151,9.486312023995785e-07
2,merged_z_m0p006_dedup_filtered,110,-0.0012576658045873046,-0.00017551530618220568,-0.001082150498405099,0.001082150498405099,1.171049701198404e-06
2,merged_z_m0p006_dedup_filtered,111,-0.0013143608812242746,-0.0001550936867715791,-0.0011592671944526955,0.0011592671944526955,1.3439004281342238e-06
2,merged_z_m0p006_dedup_filtered,112,-0.0017552418867126107,-0.00018960496527142823,-0.0015656369214411825,0.0015656369214411825,2.4512189697798234e-06
2,merged_z_m0p006_dedup_filtered,113,-0.0008000936941243708,-0.00047501467633992434,-0.0003250790177844465,0.0003250790177844465,1.0567636780370047e-07
2,merged_z_m0p006_dedup_filtered,114,-0.0005291321431286633,-0.0007115888292901218,0.0001824566861614585,0.0001824566861614585,3.329044232502096e-08
2,merged_z_m0p006_dedup_filtered,115,-0.0004248679615557194,-0.0007728756172582507,0.00034800765570253134,0.00034800765570253134,1.211093284275716e-07
2,merged_z_m0p006_dedup_filtered,116,-0.0006627990514971316,-0.0005158754647709429,-0.00014692358672618866,0.00014692358672618866,2.158654033648788e-08
2,merged_z_m0p006_dedup_filtered,117,-0.0005723739741370082,-0.0005567368352785707,-1.5637138858437538e-05,1.5637138858437538e-05,2.4452011167805723e-10
2,merged_z_m0p006_dedup_filtered,118,-0.0003982622001785785,-0.0008341713109984994,0.0004359091108199209,0.0004359091108199209,1.9001675289581408e-07
2,merged_z_m0p006_dedup_filtered,119,-0.00044438731856644154,-0.0008954599034041166,0.0004510725848376751,0.0004510725848376751,2.034664767921416e-07
2,merged_z_m0p006_dedup_filtered,120,-0.0005791081348434091,-0.00027767239953391254,-0.0003014357353094965,0.0003014357353094965,9.086350252157685e-08
2,merged_z_m0p006_dedup_filtered,121,-0.0007377400761470199,-0.00025723950238898396,-0.0004805005737580359,0.0004805005737580359,2.308808013818017e-07
2,merged_z_m0p006_dedup_filtered,122,-0.00024859135737642646,0.000771452090702951,-0.0010200434480793774,0.0010200434480793774,1.0404886359696655e-06
2,merged_z_m0p006_dedup_filtered,123,-4.99028101330623e-05,0.0008390358416363597,-0.000888938651769422,0.000888938651769422,7.902119266096377e-07
2,merged_z_m0p006_dedup_filtered,124,0.0002931711496785283,0.0009618177427910268,-0.0006686465931124985,0.0006686465931124985,4.4708826648095116e-07
2,merged_z_m0p006_dedup_filtered,125,0.00040169930434785783,0.0010490822605788708,-0.0006473829562310129,0.0006473829562310129,4.191046920184056e-07
2,merged_z_m0p006_dedup_filtered,126,0.00032906432170420885,-0.0033611140679568052,0.003690178389661014,0.003690178389661014,1.3617416547521155e-05
2,merged_z_m0p006_dedup_filtered,127,0.0001791921240510419,0.0011778248008340597,-0.0009986326767830178,0.0009986326767830178,9.972672231388153e-07
3,merged_z_m0p008_dedup_filtered,0,-0.0014333664439618587,-0.001447714283131063,1.4347839169204235e-05,1.4347839169204235e-05,2.0586048882535127e-10
3,merged_z_m0p008_dedup_filtered,1,-0.0014082761481404305,-0.001375006278976798,-3.326986916363239e-05,3.326986916363239e-05,1.1068841941652176e-09
3,merged_z_m0p008_dedup_filtered,2,-0.001361002796329558,-0.0013246310409158468,-3.637175541371107e-05,3.637175541371107e-05,1.3229045918748206e-09
3,merged_z_m0p008_dedup_filtered,3,-0.0015161680057644844,-0.0008837009663693607,-0.0006324670393951237,0.0006324670393951237,4.00014555921233e-07
3,merged_z_m0p008_dedup_filtered,4,-0.0013461164198815823,-0.0008428021101281047,-0.0005033143097534776,0.0005033143097534776,2.5332529440261957e-07
3,merged_z_m0p008_dedup_filtered,5,-0.0012871645158156753,-0.001263270853087306,-2.3893662728369236e-05,2.3893662728369236e-05,5.709071185770612e-10
3,merged_z_m0p008_dedup_filtered,6,-0.001183337182737887,-0.0012019394198432565,1.8602237105369568e-05,1.8602237105369568e-05,3.4604322532438836e-10
3,merged_z_m0p008_dedup_filtered,7,-0.0011571968207135797,-0.0008019231609068811,-0.00035527365980669856,0.00035527365980669856,1.2621937335244578e-07
3,merged_z_m0p008_dedup_filtered,8,-0.0009678471251390874,-0.0007610530010424554,-0.000206794124096632,0.000206794124096632,4.276380976089324e-08
3,merged_z_m0p008_dedup_filtered,9,-0.0010507445549592376,-0.0011406324338167906,8.9887878857553e-05,8.9887878857553e-05,8.079830765510125e-09
3,merged_z_m0p008_dedup_filtered,10,-0.0008968518814072013,-0.0010793345281854272,0.0001824826467782259,0.0001824826467782259,3.329991637518676e-08
3,merged_z_m0p008_dedup_filtered,11,-0.0007965500699356198,-0.0007201872649602592,-7.636280497536063e-05,7.636280497536063e-05,5.8312779837049625e-09
3,merged_z_m0p008_dedup_filtered,12,-0.0006600282504223287,-0.0006793235661461949,1.9295315723866224e-05,1.9295315723866224e-05,3.7230920888367916e-10
3,merged_z_m0p008_dedup_filtered,13,-0.000735821551643312,-0.0010180397657677531,0.00028221821412444115,0.00028221821412444115,7.964712038358891e-08
3,merged_z_m0p008_dedup_filtered,14,-0.0005873042973689735,-0.0009567463421262801,0.0003694420447573066,0.0003694420447573066,1.3648742443445972e-07
3,merged_z_m0p008_dedup_filtered,15,-0.0005716077284887433,-0.000638460973277688,6.685324478894472e-05,6.685324478894472e-05,4.4693563388105645e-09
3,merged_z_m0p008_dedup_filtered,16,-0.0005399120855145156,-0.0005975988460704684,5.768676055595279e-05,5.768676055595279e-05,3.3277623434398303e-09
3,merged_z_m0p008_dedup_filtered,17,-0.00042728055268526077,-0.0024895190726965666,0.002062238520011306,0.002062238520011306,4.252827713418421e-06
3,merged_z_m0p008_dedup_filtered,18,8.664876804687083e-05,-4.381816864906796e-08,8.66925862155199e-05,8.66925862155199e-05,7.51560450473535e-09
3,merged_z_m0p008_dedup_filtered,19,-7.199800165835768e-06,-3.940547443903597e-08,-7.160394691396732e-06,7.160394691396732e-06,5.12712521365825e-11
3,merged_z_m0p008_dedup_filtered,20,-0.00011388469283701852,-3.528859693346931e-08,-0.00011384940424008505,0.00011384940424008505,1.2961686845822295e-08
3,merged_z_m0p008_dedup_filtered,21,-0.00022259166871663183,-3.133590809056841e-08,-0.00022256033280854126,0.00022256033280854126,4.953310173984865e-08
3,merged_z_m0p008_dedup_filtered,22,-0.00032389507396146655,-2.7436634297828277e-08,-0.0003238676373271687,0.0003238676373271687,1.0489024650788249e-07
3,merged_z_m0p008_dedup_filtered,23,-0.0004110101144760847,-2.3607100274603e-08,-0.0004109865073758101,0.0004109865073758101,1.689099092449668e-07
3,merged_z_m0p008_dedup_filtered,24,-0.0004803217016160488,-1.99208045614796e-08,-0.00048030178081148733,0.00048030178081148733,2.3068980065068602e-07
3,merged_z_m0p008_dedup_filtered,25,-0.0005311573040671647,-1.6569588368042787e-08,-0.0005311407344787966,0.0005311407344787966,2.8211047982267553e-07
3,merged_z_m0p008_dedup_filtered,26,-0.0005649382364936173,-1.3542215349104936e-08,-0.0005649246942782682,0.0005649246942782682,3.1913991020539477e-07
3,merged_z_m0p008_dedup_filtered,27,-0.000583983026444912,-1.0667145389220423e-08,-0.0005839723592995227,0.0005839723592995227,3.410237164258509e-07
3,merged_z_m0p008_dedup_filtered,28,-0.000590301351621747,-7.969680915209665e-09,-0.0005902933819408318,0.0005902933819408318,3.4844627676314473e-07
3,merged_z_m0p008_dedup_filtered,29,-5.0043498049490154e-05,9.47217849898152e-05,-0.00014476528303930536,0.00014476528303930536,2.0956987173450192e-08
3,merged_z_m0p008_dedup_filtered,30,-0.00018538118456490338,0.00021143874619156122,-0.0003968199307564646,0.0003968199307564646,1.5746605744556536e-07
3,merged_z_m0p008_dedup_filtered,31,-0.00018226829706691206,0.00025207229191437364,-0.0004343405889812857,0.0004343405889812857,1.8865174723661015e-07
3,merged_z_m0p008_dedup_filtered,32,-0.0004287308838684112,0.00037894511478953063,-0.0008076759986579418,0.0008076759986579418,6.523405188081036e-07
3,merged_z_m0p008_dedup_filtered,33,-0.0003821329737547785,-0.00016234764188993722,-0.00021978533186484128,0.00021978533186484128,4.830559210293842e-08
3,merged_z_m0p008_dedup_filtered,34,-0.00048057647654786706,0.0004891888820566237,-0.0009697653586044908,0.0009697653586044908,9.404448507492966e-07
3,merged_z_m0p008_dedup_filtered,35,-0.00015333354531321675,0.0003336321096867323,-0.00048696565499994904,0.00048696565499994904,2.371355491495294e-07
3,merged_z_m0p008_dedup_filtered,36,-0.00011742515198420733,0.00037446481292136014,-0.0004918899649055675,0.0004918899649055675,2.419557375748004e-07
3,merged_z_m0p008_dedup_filtered,37,-6.169345579110086e-05,0.0004153090703766793,-0.00047700252616778016,0.00047700252616778016,2.275314099704438e-07
3,merged_z_m0p008_dedup_filtered,38,-0.0004448138643056154,0.0006241575465537608,-0.0010689714108593762,0.0010689714108593762,1.1426998772346853e-06
3,merged_z_m0p008_dedup_filtered,39,1.4601449947804213e-05,0.0004561584210023284,-0.0004415569710545242,0.0004415569710545242,1.949725586868459e-07
3,merged_z_m0p008_dedup_filtered,40,0.00010815313726197928,0.0004970102454535663,-0.00038885710819158703,0.00038885710819158703,1.5120985059112362e-07
3,merged_z_m0p008_dedup_filtered,41,0.00021150830434635282,0.0005378634086810052,-0.0003263551043346524,0.0003263551043346524,1.0650765412528187e-07
3,merged_z_m0p008_dedup_filtered,42,0.00031395809492096305,0.0005787170375697315,-0.0002647589426487684,0.0002647589426487684,7.009729771249385e-08
3,merged_z_m0p008_dedup_filtered,43,0.00040328240720555186,0.0006195716559886932,-0.00021628924878314137,0.00021628924878314137,4.678103913917562e-08
3,merged_z_m0p008_dedup_filtered,44,0.0004680133133661002,0.0006604263326153159,-0.00019241301924921572,0.00019241301924921572,3.702276997659906e-08
3,merged_z_m0p008_dedup_filtered,45,0.0004997472278773785,0.0007012812420725822,-0.00020153401419520378,0.00020153401419520378,4.06159588776326e-08
3,merged_z_m0p008_dedup_filtered,46,0.0004950060974806547,0.0007421369664371014,-0.00024713086895644665,0.00024713086895644665,6.10736663911684e-08
3,merged_z_m0p008_dedup_filtered,47,0.0004562236135825515,0.0007829946698620915,-0.00032677105627954006,0.00032677105627954006,1.0677932322204634e-07
3,merged_z_m0p008_dedup_filtered,48,0.00039160653250291944,0.0008238583686761558,-0.00043225183617323637,0.00043225183617323637,1.8684164987513437e-07
3,merged_z_m0p008_dedup_filtered,49,0.00031384837348014116,0.0008647360373288393,-0.0005508876638486981,0.0005508876638486981,3.0347721818067624e-07
3,merged_z_m0p008_dedup_filtered,50,0.00023791602870915085,0.0009056436247192323,-0.0006677275960100815,0.0006677275960100815,4.4586014247340257e-07
3,merged_z_m0p008_dedup_filtered,51,0.00017832673620432615,0.0009466128540225327,-0.0007682861178182065,0.0007682861178182065,5.902635588321712e-07
3,merged_z_m0p008_dedup_filtered,52,0.00014644816110376269,0.0009877001866698265,-0.0008412520255660638,0.0008412520255660638,7.077049705190053e-07
3,merged_z_m0p008_dedup_filtered,53,-0.00059552863240242,0.0014846447156742215,-0.0020801733480766416,0.0020801733480766416,4.3271211580483846e-06
3,merged_z_m0p008_dedup_filtered,54,-0.00043538183672353625,0.0013856397708877921,-0.0018210216076113284,0.0018210216076113284,3.3161196953873468e-06
3,merged_z_m0p008_dedup_filtered,55,0.0008048227755352855,0.00046105115325190127,0.0003437716222833842,0.0003437716222833842,1.1817892828734978e-07
3,merged_z_m0p008_dedup_filtered,56,0.0008330187993124127,0.0004815375432372093,0.0003514812560752034,0.0003514812560752034,1.2353907337220272e-07
3,merged_z_m0p008_dedup_filtered,57,0.0008434412884525955,0.0005020664539188147,0.0003413748345337808,0.0003413748345337808,1.1653677765296623e-07
3,merged_z_m0p008_dedup_filtered,58,-0.0001760123996064067,-8.765365322460639e-08,-0.00017592474595318208,0.00017592474595318208,3.0949516238691655e-08
3,merged_z_m0p008_dedup_filtered,59,-0.00014386004477273673,-8.278884422452393e-08,-0.0001437772559285122,0.0001437772559285122,2.0671899322332898e-08
3,merged_z_m0p008_dedup_filtered,60,-8.405877451878041e-05,-7.802069035278691e-08,-8.398075382842762e-05,8.398075382842762e-05,7.052767013590961e-09
3,merged_z_m0p008_dedup_filtered,61,-7.208483111753594e-06,-7.334247698054241e-08,-7.135140634773052e-06,7.135140634773052e-06,5.0910231877989587e-11
3,merged_z_m0p008_dedup_filtered,62,7.30713436496444e-05,-6.88823433847574e-08,7.314022599302916e-05,7.314022599302916e-05,5.349492658311379e-09
3,merged_z_m0p008_dedup_filtered,63,0.0001425156951881945,-6.451631406889646e-08,0.0001425802115022634,0.0001425802115022634,2.0329116712030166e-08
3,merged_z_m0p008_dedup_filtered,64,0.00018863301374949515,-6.008493613762766e-08,0.00018869309868563278,0.00018869309868563278,3.560508549158595e-08
3,merged_z_m0p008_dedup_filtered,65,0.0002027176960837096,-5.5533046605660275e-08,0.00020277322913031526,0.00020277322913031526,4.1116982451935333e-08
3,merged_z_m0p008_dedup_filtered,66,0.00018109884695149958,-5.0840792908957155e-08,0.00018114968774440854,0.00018114968774440854,3.281520936989672e-08
3,merged_z_m0p008_dedup_filtered,67,-0.00032983915298245847,-0.0003287561412435025,-1.0830117389559746e-06,1.0830117389559746e-06,1.172914426716444e-12
3,merged_z_m0p008_dedup_filtered,68,-0.00035649462370201945,-0.0003491897659841925,-7.3048577178269625e-06,7.3048577178269625e-06,5.336094627769614e-11
3,merged_z_m0p008_dedup_filtered,69,-0.0004634230863302946,-0.00036962368176318705,-9.379940456710756e-05,9.379940456710756e-05,8.798328297143918e-09
3,merged_z_m0p008_dedup_filtered,70,-0.0006411924259737134,-0.00039005829603411257,-0.0002511341299396008,0.0002511341299396008,6.306835122052031e-08
3,merged_z_m0p008_dedup_filtered,71,-0.0008680543978698552,-0.00041049456922337413,-0.00045755982864648104,0.00045755982864648104,2.093609967909971e-07
3,merged_z_m0p008_dedup_filtered,72,-0.0011128615587949753,-0.00043093538261018693,-0.0006819261761847883,0.0006819261761847883,4.65023309766007e-07
3,merged_z_m0p008_dedup_filtered,73,-0.0013399244053289294,-0.00045138722634874284,-0.0008885371789801866,0.0008885371789801866,7.894983184300681e-07
3,merged_z_m0p008_dedup_filtered,74,-0.0015149438986554742,-0.000471863808343187,-0.0010430800903122872,0.0010430800903122872,1.0880160748058892e-06
3,merged_z_m0p008_dedup_filtered,75,-0.001610912149772048,-0.0004923840169794858,-0.0011185281327925622,0.0011185281327925622,1.2511051838484158e-06
3,merged_z_m0p008_dedup_filtered,76,-0.001758700585924089,-0.0009862297447398305,-0.0007724708411842585,0.0007724708411842585,5.967112004799159e-07
3,merged_z_m0p008_dedup_filtered,77,-0.0017004790715873241,-0.0009451392688788474,-0.0007553398027084768,0.0007553398027084768,5.705382175556806e-07
3,merged_z_m0p008_dedup_filtered,78,0.0007629255997017026,0.0004405994259286672,0.0003223261737730354,0.0003223261737730354,1.0389416229916502e-07
3,merged_z_m0p008_dedup_filtered,79,0.0007130380836315453,0.0004201637639198452,0.0002928743197117001,0.0002928743197117001,8.577536714659112e-08
3,merged_z_m0p008_dedup_filtered,80,0.000661267782561481,0.0003997348539996892,0.0002615329285617918,0.0002615329285617918,6.839947272210728e-08
3,merged_z_m0p008_dedup_filtered,81,0.0006128035602159798,0.00037930873804725707,0.00023349482216872275,0.00023349482216872275,5.451983197960346e-08
3,merged_z_m0p008_dedup_filtered,82,0.000570823613088578,0.00035888361162506044,0.00021194000146351755,0.00021194000146351755,4.491856422035582e-08
3,merged_z_m0p008_dedup_filtered,83,0.0005358735797926784,0.0003384589799679816,0.00019741459982469678,0.00019741459982469678,3.897252422394517e-08
3,merged_z_m0p008_dedup_filtered,84,0.0005058601964265108,0.0003180345520377159,0.0001878256443887949,0.0001878256443887949,3.527847269006604e-08
3,merged_z_m0p008_dedup_filtered,85,0.0004766692582052201,0.00029760986217297614,0.00017905939603224397,0.00017905939603224397,3.2062267307431987e-08
3,merged_z_m0p008_dedup_filtered,86,0.00044327526120468974,0.00027718511410057545,0.0001660901471041143,0.0001660901471041143,2.7585936965066326e-08
3,merged_z_m0p008_dedup_filtered,87,0.0004011025303043425,0.00025676030782051384,0.00014434222248382866,0.00014434222248382866,2.0834677191571093e-08
3,merged_z_m0p008_dedup_filtered,88,0.0003473341348581016,0.00023633554519619793,0.00011099858966190368,0.00011099858966190368,1.232068690693167e-08
3,merged_z_m0p008_dedup_filtered,89,0.0002818745269905776,0.0002159112336812541,6.596329330932349e-05,6.596329330932349e-05,4.351156064211841e-09
3,merged_z_m0p008_dedup_filtered,90,0.00020774205040652305,0.0001954879699042067,1.2254080502316356e-05,1.2254080502316356e-05,1.5016248895724987e-10
3,merged_z_m0p008_dedup_filtered,91,0.00013078869960736483,0.0001750672236084938,-4.427852400112897e-05,4.427852400112897e-05,1.9605876877185544e-09
3,merged_z_m0p008_dedup_filtered,92,5.8789308241102844e-05,0.0001546525745652616,-9.586326632415876e-05,9.586326632415876e-05,9.18976583033659e-09
3,merged_z_m0p008_dedup_filtered,93,7.806011126376688e-08,0.00013425250654108822,-0.00013417444642982446,0.00013417444642982446,1.8002782074749833e-08
3,merged_z_m0p008_dedup_filtered,94,-0.0013635233044624329,-0.0001346870994893834,-0.0012288362049730495,0.0012288362049730495,1.5100384186525664e-06
3,merged_z_m0p008_dedup_filtered,95,-0.0013795661507174373,-0.00011431432358222082,-0.0012652518271352164,0.0012652518271352164,1.6008621860690036e-06
3,merged_z_m0p008_dedup_filtered,96,-0.0017259103478863835,-0.00023012967722024769,-0.0014957806706661358,0.0014957806706661358,2.237359814738435e-06
3,merged_z_m0p008_dedup_filtered,97,-0.0017438539071008563,-0.00034439569571986794,-0.0013994582113809884,0.0013994582113809884,1.958483285401675e-06
3,merged_z_m0p008_dedup_filtered,98,-0.0016072168946266174,-0.00040538940811529756,-0.0012018274865113199,0.0012018274865113199,1.4443893073341168e-06
3,merged_z_m0p008_dedup_filtered,99,-0.0016386370407417417,-0.0002708356478251517,-0.00136780139291659,0.00136780139291659,1.8708806504645638e-06
3,merged_z_m0p008_dedup_filtered,100,-0.0015031567309051752,-0.000311625306494534,-0.0011915314244106412,0.0011915314244106412,1.4197471353580515e-06
3,merged_z_m0p008_dedup_filtered,101,-0.0014016792410984635,-0.00046654770267196,-0.0009351315384265035,0.0009351315384265035,8.744709941599193e-07
3,merged_z_m0p008_dedup_filtered,102,-0.0011570185888558626,-0.0005277741001918912,-0.0006292444886639714,0.0006292444886639714,3.9594862651398286e-07
3,merged_z_m0p008_dedup_filtered,103,-0.001332787680439651,-0.0003524541389197111,-0.00098033354151994,0.00098033354151994,9.610538526290277e-07
3,merged_z_m0p008_dedup_filtered,104,-0.0011442762333899736,-0.00039330110303126276,-0.0007509751303587109,0.0007509751303587109,5.639636464172828e-07
3,merged_z_m0p008_dedup_filtered,105,-0.000907630892470479,-0.0005890292231924832,-0.0003186016692779958,0.0003186016692779958,1.0150702366672543e-07
3,merged_z_m0p008_dedup_filtered,106,-0.0006868970231153071,-0.0006503114709630609,-3.658555215224624e-05,3.658555215224624e-05,1.3385026262847292e-09
3,merged_z_m0p008_dedup_filtered,107,-0.0009561487822793424,-0.000434155750554055,-0.0005219930317252874,0.0005219930317252874,2.7247672516975694e-07
3,merged_z_m0p008_dedup_filtered,108,-0.0010501658543944359,-0.0009674840257503092,-8.268182864412665e-05,8.268182864412665e-05,6.836284787936723e-09
3,merged_z_m0p008_dedup_filtered,109,-0.0011787689290940762,-0.000195943663129583,-0.0009828252659644932,0.0009828252659644932,9.659455034181767e-07
3,merged_z_m0p008_dedup_filtered,110,-0.0012702520471066236,-0.00017551530618220568,-0.001094736740924418,0.001094736740924418,1.1984485319298162e-06
3,merged_z_m0p008_dedup_filtered,111,-0.0013297025579959154,-0.0001550936867715791,-0.0011746088712243363,0.0011746088712243363,1.3797060003589095e-06
3,merged_z_m0p008_dedup_filtered,112,-0.0017563959117978811,-0.00018960496527142823,-0.001566790946526453,0.001566790946526453,2.454833870117258e-06
3,merged_z_m0p008_dedup_filtered,113,-0.0007868902175687253,-0.00047501467633992434,-0.000311875541228801,0.000311875541228801,9.726635321675756e-08
3,merged_z_m0p008_dedup_filtered,114,-0.0005219759186729789,-0.0007115888292901218,0.00018961291061714292,0.00018961291061714292,3.595305587270463e-08
3,merged_z_m0p008_dedup_filtered,115,-0.00042995327385142446,-0.0007728756172582507,0.00034292234340682626,0.00034292234340682626,1.1759573360762928e-07
3,merged_z_m0p008_dedup_filtered,116,-0.0006531308754347265,-0.0005158754647709429,-0.00013725541066378355,0.00013725541066378355,1.8839047756483867e-08
3,merged_z_m0p008_dedup_filtered,117,-0.0005680142785422504,-0.0005567368352785707,-1.1277443263679743e-05,1.1277443263679743e-05,1.271807265655156e-10
3,merged_z_m0p008_dedup_filtered,118,-0.0004159832024015486,-0.0008341713109984994,0.00041818810859695077,0.00041818810859695077,1.748812941718951e-07
3,merged_z_m0p008_dedup_filtered,119,-0.00047364752390421927,-0.0008954599034041166,0.00042181237949989736,0.00042181237949989736,1.7792568349936543e-07
3,merged_z_m0p008_dedup_filtered,120,-0.0005658639711327851,-0.00027767239953391254,-0.00028819157159887254,0.00028819157159887254,8.305438194062808e-08
3,merged_z_m0p008_dedup_filtered,121,-0.0007304662722162902,-0.00025723950238898396,-0.00047322676982730627,0.00047322676982730627,2.239435756811863e-07
3,merged_z_m0p008_dedup_filtered,122,-0.0001635095977690071,0.000771452090702951,-0.000934961688471958,0.000934961688471958,8.741533589103347e-07
3,merged_z_m0p008_dedup_filtered,123,2.2370477381628007e-05,0.0008390358416363597,-0.0008166653642547317,0.0008166653642547317,6.669423171733135e-07
3,merged_z_m0p008_dedup_filtered,124,0.00031251891050487757,0.0009618177427910268,-0.0006492988322861493,0.0006492988322861493,4.21588973608157e-07
3,merged_z_m0p008_dedup_filtered,125,0.0003748323651961982,0.0010490822605788708,-0.0006742498953826725,0.0006742498953826725,4.546129214235449e-07
3,merged_z_m0p008_dedup_filtered,126,0.0002920498081948608,-0.004481485113501549,0.00477353492169641,0.00477353492169641,2.2786635648655146e-05
3,merged_z_m0p008_dedup_filtered,127,0.00014368491247296333,0.0011778248008340597,-0.0010341398883610964,0.0010341398883610964,1.0694453086995009e-06
4,merged_z_m0p010_dedup_filtered,0,-0.0014297699090093374,-0.001447714283131063,1.794437412172556e-05,1.794437412172556e-05,3.2200056262045394e-10
4,merged_z_m0p010_dedup_filtered,1,-0.0014122244901955128,-0.001375006278976798,-3.7218211218714714e-05,3.7218211218714714e-05,1.3851952463208618e-09
4,merged_z_m0p010_dedup_filtered,2,-0.0013760053552687168,-0.0013246310409158468,-5.137431435286999e-05,5.137431435286999e-05,2.639320175227503e-09
4,merged_z_m0p010_dedup_filtered,3,-0.0015168507816269994,-0.0008837009663693607,-0.0006331498152576387,0.0006331498152576387,4.00878688560782e-07
4,merged_z_m0p010_dedup_filtered,4,-0.0013546221889555454,-0.0008428021101281047,-0.0005118200788274407,0.0005118200788274407,2.6195979309092765e-07
4,merged_z_m0p010_dedup_filtered,5,-0.0013146765995770693,-0.001263270853087306,-5.140574648976326e-05,5.140574648976326e-05,2.6425507721698077e-09
4,merged_z_m0p010_dedup_filtered,6,-0.0012225527316331863,-0.0012019394198432565,-2.0613311789929867e-05,2.0613311789929867e-05,4.2490862294886165e-10
4,merged_z_m0p010_dedup_filtered,7,-0.0011728425743058324,-0.0008019231609068811,-0.0003709194133989513,0.0003709194133989513,1.3758121123622213e-07
4,merged_z_m0p010_dedup_filtered,8,-0.0009885908802971244,-0.0007610530010424554,-0.00022753787925466895,0.00022753787925466895,5.177348649571231e-08
4,merged_z_m0p010_dedup_filtered,9,-0.001098748529329896,-0.0011406324338167906,4.188390448689461e-05,4.188390448689461e-05,1.7542614550673102e-09
4,merged_z_m0p010_dedup_filtered,10,-0.0009491583914496005,-0.0010793345281854272,0.00013017613673582673,0.00013017613673582673,1.6945826575464658e-08
4,merged_z_m0p010_dedup_filtered,11,-0.0008194076362997293,-0.0007201872649602592,-9.922037133947015e-05,9.922037133947015e-05,9.84468208874235e-09
4,merged_z_m0p010_dedup_filtered,12,-0.0006816620007157326,-0.0006793235661461949,-2.3384345695376396e-06,2.3384345695376396e-06,5.468276236008686e-12
4,merged_z_m0p010_dedup_filtered,13,-0.0007871723501011729,-0.0010180397657677531,0.0002308674156665802,0.0002308674156665802,5.329976361656552e-08
4,merged_z_m0p010_dedup_filtered,14,-0.0006325647700577974,-0.0009567463421262801,0.00032418157206848264,0.00032418157206848264,1.050936916687928e-07
4,merged_z_m0p010_dedup_filtered,15,-0.0005889662425033748,-0.000638460973277688,4.949473077431321e-05,4.949473077431321e-05,2.4497283744217473e-09
4,merged_z_m0p010_dedup_filtered,16,-0.0005507860332727432,-0.0005975988460704684,4.68128127977252e-05,4.68128127977252e-05,2.1914394420348643e-09
4,merged_z_m0p010_dedup_filtered,17,-0.00041902903467416763,-0.003111898899078369,0.0026928698644042015,0.0026928698644042015,7.251548106616303e-06
4,merged_z_m0p010_dedup_filtered,18,6.18655831203796e-05,-4.381816864906796e-08,6.190940128902866e-05,6.190940128902866e-05,3.832773967965984e-09
4,merged_z_m0p010_dedup_filtered,19,-4.055918907397427e-05,-3.940547443903597e-08,-4.051978359953523e-05,4.051978359953523e-05,1.6418528629531642e-09
4,merged_z_m0p010_dedup_filtered,20,-0.00015112184337340295,-3.528859693346931e-08,-0.00015108655477646948,0.00015108655477646948,2.2827147034223113e-08
4,merged_z_m0p010_dedup_filtered,21,-0.00025783193996176124,-3.133590809056841e-08,-0.00025780060405367067,0.00025780060405367067,6.646115145043748e-08
4,merged_z_m0p010_dedup_filtered,22,-0.00035107656731270254,-2.7436634297828277e-08,-0.0003510491306784047,0.0003510491306784047,1.2323549215006366e-07
4,merged_z_m0p010_dedup_filtered,23,-0.0004249860648997128,-2.3607100274603e-08,-0.0004249624577994382,0.0004249624577994382,1.805930905389393e-07
4,merged_z_m0p010_dedup_filtered,24,-0.00047785643255338073,-1.99208045614796e-08,-0.00047783651174881925,0.00047783651174881925,2.283277319602795e-07
4,merged_z_m0p010_dedup_filtered,25,-0.0005116097745485604,-1.6569588368042787e-08,-0.0005115932049601923,0.0005115932049601923,2.6172760736144135e-07
4,merged_z_m0p010_dedup_filtered,26,-0.0005304847727529705,-1.3542215349104936e-08,-0.0005304712305376214,0.0005304712305376214,2.813997264280982e-07
4,merged_z_m0p010_dedup_filtered,27,-0.0005393211613409221,-1.0667145389220423e-08,-0.0005393104941955329,0.0005393104941955329,2.9085580914942994e-07
4,merged_z_m0p010_dedup_filtered,28,-0.0005418804357759655,-7.969680915209665e-09,-0.0005418724660950502,0.0005418724660950502,2.936257695119314e-07
4,merged_z_m0p010_dedup_filtered,29,6.957765435799956e-06,9.47217849898152e-05,-8.776401955401525e-05,8.776401955401525e-05,7.702523128277571e-09
4,merged_z_m0p010_dedup_filtered,30,-0.0002277235616929829,0.00021143874619156122,-0.00043916230788454413,0.00043916230788454413,1.9286353266647913e-07
4,merged_z_m0p010_dedup_filtered,31,-0.00021916434343438596,0.00025207229191437364,-0.0004712366353487596,0.0004712366353487596,2.2206396649481982e-07
4,merged_z_m0p010_dedup_filtered,32,-0.0005267715314403176,0.00037894511478953063,-0.0009057166462298483,0.0009057166462298483,8.203226432578441e-07
4,merged_z_m0p010_dedup_filtered,33,-0.00044582574628293514,-0.00020293456327635795,-0.0002428911830065772,0.0002428911830065772,5.8996126782334574e-08
4,merged_z_m0p010_dedup_filtered,34,-0.0005280174082145095,0.0004891888820566237,-0.0010172062902711332,0.0010172062902711332,1.0347086369671609e-06
4,merged_z_m0p010_dedup_filtered,35,-0.0001687949988991022,0.0003336321096867323,-0.0005024271085858345,0.0005024271085858345,2.5243299944192193e-07
4,merged_z_m0p010_dedup_filtered,36,-0.00012095848069293424,0.00037446481292136014,-0.0004954232936142944,0.0004954232936142944,2.4544423985563534e-07
4,merged_z_m0p010_dedup_filtered,37,-5.5394200899172574e-05,0.0004153090703766793,-0.0004707032712758519,0.0004707032712758519,2.215615695897882e-07
4,merged_z_m0p010_dedup_filtered,38,-0.0004226193414069712,0.0006241575465537608,-0.001046776887960732,0.001046776887960732,1.0957418531687548e-06
4,merged_z_m0p010_dedup_filtered,39,2.6990353944711387e-05,0.0004561584210023284,-0.000429168067057617,0.000429168067057617,1.8418522978197125e-07
4,merged_z_m0p010_dedup_filtered,40,0.00012208506814204156,0.0004970102454535663,-0.00037492517731152475,0.00037492517731152475,1.4056888858207827e-07
4,merged_z_m0p010_dedup_filtered,41,0.00022262352285906672,0.0005378634086810052,-0.0003152398858219385,0.0003152398858219385,9.937618561302883e-08
4,merged_z_m0p010_dedup_filtered,42,0.00031900801695883274,0.0005787170375697315,-0.00025970902061089873,0.00025970902061089873,6.744877538667222e-08
4,merged_z_m0p010_dedup_filtered,43,0.00040078963502310216,0.0006195716559886932,-0.00021878202096559107,0.00021878202096559107,4.786557269778833e-08
4,merged_z_m0p010_dedup_filtered,44,0.0004585300921462476,0.0006604263326153159,-0.0002018962404690683,0.0002018962404690683,4.076209191554385e-08
4,merged_z_m0p010_dedup_filtered,45,0.0004856616142205894,0.0007012812420725822,-0.00021561962785199285,0.00021561962785199285,4.649182391503189e-08
4,merged_z_m0p010_dedup_filtered,46,0.0004799455055035651,0.0007421369664371014,-0.0002621914609335363,0.0002621914609335363,6.874436218646209e-08
4,merged_z_m0p010_dedup_filtered,47,0.00044419203186407685,0.0007829946698620915,-0.0003388026379980147,0.0003388026379980147,1.1478722751441379e-07
4,merged_z_m0p010_dedup_filtered,48,0.0003860486322082579,0.0008238583686761558,-0.0004378097364678979,0.0004378097364678979,1.916773653460902e-07
4,merged_z_m0p010_dedup_filtered,49,0.0003168487164657563,0.0008647360373288393,-0.000547887320863083,0.000547887320863083,3.0018051636252687e-07
4,merged_z_m0p010_dedup_filtered,50,0.0002497097011655569,0.0009056436247192323,-0.0006559339235536754,0.0006559339235536754,4.302493120685189e-07
4,merged_z_m0p010_dedup_filtered,51,0.00019722821889445186,0.0009466128540225327,-0.0007493846351280808,0.0007493846351280808,5.615773313660469e-07
4,merged_z_m0p010_dedup_filtered,52,0.00016921204223763198,0.0009877001866698265,-0.0008184881444321945,0.0008184881444321945,6.699228425760569e-07
4,merged_z_m0p010_dedup_filtered,53,-0.0005675246939063072,0.0014846447156742215,-0.0020521694095805287,0.0020521694095805287,4.211399285618096e-06
4,merged_z_m0p010_dedup_filtered,54,-0.00041754546691663563,0.0013856397708877921,-0.0018031852378044277,0.0018031852378044277,3.2514770018358106e-06
4,merged_z_m0p010_dedup_filtered,55,0.0008199751609936357,0.00046105115325190127,0.0003589240077417344,0.0003589240077417344,1.288264433333886e-07
4,merged_z_m0p010_dedup_filtered,56,0.0008496658992953598,0.0004815375432372093,0.00036812835605815053,0.00036812835605815053,1.3551848653407645e-07
4,merged_z_m0p010_dedup_filtered,57,0.0008605639450252056,0.0005020664539188147,0.00035849749110639095,0.00035849749110639095,1.2852045112957686e-07
4,merged_z_m0p010_dedup_filtered,58,-0.00015602560597471893,-8.765365322460639e-08,-0.00015593795232149432,0.00015593795232149432,2.4316644974220636e-08
4,merged_z_m0p010_dedup_filtered,59,-0.0001226957538165152,-8.278884422452393e-08,-0.00012261296497229068,0.00012261296497229068,1.5033939179296183e-08
4,merged_z_m0p010_dedup_filtered,60,-6.110819958848879e-05,-7.802069035278691e-08,-6.1030178898136e-05,6.1030178898136e-05,3.724682736338485e-09
4,merged_z_m0p010_dedup_filtered,61,1.705100294202566e-05,-7.334247698054241e-08,1.7124345419006204e-05,1.7124345419006204e-05,2.9324320602943875e-10
4,merged_z_m0p010_dedup_filtered,62,9.690660226624459e-05,-6.88823433847574e-08,9.697548460962935e-05,9.697548460962935e-05,9.404244615272459e-09
4,merged_z_m0p010_dedup_filtered,63,0.00016313134983647615,-6.451631406889646e-08,0.00016319586615054504,0.00016319586615054504,2.6632890728626614e-08
4,merged_z_m0p010_dedup_filtered,64,0.00020270259119570255,-6.008493613762766e-08,0.00020276267613184018,0.00020276267613184018,4.111270283214551e-08
4,merged_z_m0p010_dedup_filtered,65,0.00020714261336252093,-5.5533046605660275e-08,0.0002071981464091266,0.0002071981464091266,4.293107187537786e-08
4,merged_z_m0p010_dedup_filtered,66,0.00017382518853992224,-5.0840792908957155e-08,0.0001738760293328312,0.0001738760293328312,3.0232873576551577e-08
4,merged_z_m0p010_dedup_filtered,67,-0.0003168598923366517,-0.0003287561412435025,1.1896248906850815e-05,1.1896248906850815e-05,1.415207380537492e-10
4,merged_z_m0p010_dedup_filtered,68,-0.00034071889240294695,-0.0003491897659841925,8.470873581245542e-06,8.470873581245542e-06,7.175569922944367e-11
4,merged_z_m0p010_dedup_filtered,69,-0.0004453876172192395,-0.00036962368176318705,-7.576393545605242e-05,7.576393545605242e-05,5.740173915788877e-09
4,merged_z_m0p010_dedup_filtered,70,-0.0006215182947926223,-0.00039005829603411257,-0.00023145999875850976,0.00023145999875850976,5.357373102528934e-08
4,merged_z_m0p010_dedup_filtered,71,-0.0008473495254293084,-0.00041049456922337413,-0.0004368549562059343,0.0004368549562059343,1.9084225276168876e-07
4,merged_z_m0p010_dedup_filtered,72,-0.0010916346218436956,-0.00043093538261018693,-0.0006606992392335087,0.0006606992392335087,4.3652348472373717e-07
4,merged_z_m0p010_dedup_filtered,73,-0.0013185280840843916,-0.00045138722634874284,-0.0008671408577356488,0.0008671408577356488,7.519332671545166e-07
4,merged_z_m0p010_dedup_filtered,74,-0.0014935596846044064,-0.000471863808343187,-0.0010216958762612194,0.0010216958762612194,1.043862463569181e-06
4,merged_z_m0p010_dedup_filtered,75,-0.0015895763644948602,-0.0004923840169794858,-0.0010971923475153744,0.0010971923475153744,1.2038310474462982e-06
4,merged_z_m0p010_dedup_filtered,76,-0.0017463128315284848,-0.0009862297447398305,-0.0007600830867886543,0.0007600830867886543,5.77726298822169e-07
4,merged_z_m0p010_dedup_filtered,77,-0.0016914168372750282,-0.0009451392688788474,-0.0007462775683961809,0.0007462775683961809,5.569302090913164e-07
4,merged_z_m0p010_dedup_filtered,78,0.0007752203964628279,0.0004405994259286672,0.00033462097053416073,0.00033462097053416073,1.1197119392122367e-07
4,merged_z_m0p010_dedup_filtered,79,0.0007207083981484175,0.0004201637639198452,0.00030054463422857225,0.00030054463422857225,9.032707716358628e-08
4,merged_z_m0p010_dedup_filtered,80,0.0006622764631174505,0.0003997348539996892,0.00026254160911776125,0.00026254160911776125,6.892809651814334e-08
4,merged_z_m0p010_dedup_filtered,81,0.0006051695090718567,0.00037930873804725707,0.00022586077102459967,0.00022586077102459967,5.101308788782664e-08
4,merged_z_m0p010_dedup_filtered,82,0.0005530809285119176,0.00035888361162506044,0.00019419731688685715,0.00019419731688685715,3.7712597886054414e-08
4,merged_z_m0p010_dedup_filtered,83,0.0005075642256997526,0.0003384589799679816,0.000169105245731771,0.000169105245731771,2.859658413400265e-08
4,merged_z_m0p010_dedup_filtered,84,0.00046793546061962843,0.0003180345520377159,0.00014990090858191252,0.00014990090858191252,2.2470282393682894e-08
4,merged_z_m0p010_dedup_filtered,85,0.00043168477714061737,0.00029760986217297614,0.00013407491496764123,0.00013407491496764123,1.7976082823580228e-08
4,merged_z_m0p010_dedup_filtered,86,0.0003952987608499825,0.00027718511410057545,0.00011811364674940705,0.00011811364674940705,1.3950833548443715e-08
4,merged_z_m0p010_dedup_filtered,87,0.0003553078568074852,0.00025676030782051384,9.854754898697138e-05,9.854754898697138e-05,9.711619411339524e-09
4,merged_z_m0p010_dedup_filtered,88,0.00030932429945096374,0.00023633554519619793,7.298875425476581e-05,7.298875425476581e-05,5.327358247662594e-09
4,merged_z_m0p010_dedup_filtered,89,0.00025683589046821,0.0002159112336812541,4.092465678695589e-05,4.092465678695589e-05,1.674827533130135e-09
4,merged_z_m0p010_dedup_filtered,90,0.00019957714539486915,0.0001954879699042067,4.0891754906624556e-06,4.0891754906624556e-06,1.6721356193434534e-11
4,merged_z_m0p010_dedup_filtered,91,0.000141389828058891,0.0001750672236084938,-3.3677395549602807e-05,3.3677395549602807e-05,1.134166971004407e-09
4,merged_z_m0p010_dedup_filtered,92,8.759751653997228e-05,0.0001546525745652616,-6.705505802528933e-05,6.705505802528933e-05,4.4963808067749186e-09
4,merged_z_m0p010_dedup_filtered,93,4.4025211536791176e-05,0.00013425250654108822,-9.022729500429705e-05,9.022729500429705e-05,8.140964763792447e-09
4,merged_z_m0p010_dedup_filtered,94,-0.0013685334706678987,-0.0001346870994893834,-0.0012338463711785153,0.0012338463711785153,1.5223768676703904e-06
4,merged_z_m0p010_dedup_filtered,95,-0.001384538714773953,-0.00011431432358222082,-0.0012702243911917321,0.0012702243911917321,1.6134700039784065e-06
4,merged_z_m0p010_dedup_filtered,96,-0.001719168620184064,-0.00023012967722024769,-0.0014890389429638162,0.0014890389429638162,2.217236973662799e-06
4,merged_z_m0p010_dedup_filtered,97,-0.0017111666966229677,-0.00034439569571986794,-0.0013667710009030998,0.0013667710009030998,1.8680629689096612e-06
4,merged_z_m0p010_dedup_filtered,98,-0.0015747130382806063,-0.00040538940811529756,-0.0011693236301653087,0.0011693236301653087,1.3673177520629757e-06
4,merged_z_m0p010_dedup_filtered,99,-0.0016299044946208596,-0.0002708356478251517,-0.001359068846795708,0.001359068846795708,1.8470681303306155e-06
4,merged_z_m0p010_dedup_filtered,100,-0.001491868868470192,-0.000311625306494534,-0.001180243561975658,0.001180243561975658,1.3929748655849887e-06
4,merged_z_m0p010_dedup_filtered,101,-0.001370185287669301,-0.00046654770267196,-0.000903637584997341,0.000903637584997341,8.165608850198267e-07
4,merged_z_m0p010_dedup_filtered,102,-0.0011281986953690648,-0.0005277741001918912,-0.0006004245951771736,0.0006004245951771736,3.605096944936728e-07
4,merged_z_m0p010_dedup_filtered,103,-0.0013193110935389996,-0.0003524541389197111,-0.0009668569546192884,0.0009668569546192884,9.348123706956848e-07
4,merged_z_m0p010_dedup_filtered,104,-0.001129935379140079,-0.00039330110303126276,-0.0007366342761088163,0.0007366342761088163,5.426300567383598e-07
4,merged_z_m0p010_dedup_filtered,105,-0.0008839346701279283,-0.0005890292231924832,-0.00029490544693544507,0.00029490544693544507,8.696922263219461e-08
4,merged_z_m0p010_dedup_filtered,106,-0.0006712365429848433,-0.0006503114709630609,-2.0925072021782398e-05,2.0925072021782398e-05,4.378586391167805e-10
4,merged_z_m0p010_dedup_filtered,107,-0.0009430081117898226,-0.000434155750554055,-0.0005088523612357676,0.0005088523612357676,2.589307255352161e-07
4,merged_z_m0p010_dedup_filtered,108,-0.001052674138918519,-0.0012093550758436322,0.0001566809369251132,0.0001566809369251132,2.45489159957313e-08
4,merged_z_m0p010_dedup_filtered,109,-0.0011826342670246959,-0.000195943663129583,-0.0009866906038951129,0.0009866906038951129,9.735583478149025e-07
4,merged_z_m0p010_dedup_filtered,110,-0.0012748731533065438,-0.00017551530618220568,-0.0010993578471243382,0.0010993578471243382,1.2085876760338597e-06
4,merged_z_m0p010_dedup_filtered,111,-0.0013346493942663074,-0.0001550936867715791,-0.0011795557074947283,0.0011795557074947283,1.391351667083389e-06
4,merged_z_m0p010_dedup_filtered,112,-0.001750409952364862,-0.00018960496527142823,-0.0015608049870934337,0.0015608049870934337,2.436112207735734e-06
4,merged_z_m0p010_dedup_filtered,113,-0.0007773330435156822,-0.00047501467633992434,-0.0003023183671757579,0.0003023183671757579,9.139639513181636e-08
4,merged_z_m0p010_dedup_filtered,114,-0.0005171878729015589,-0.0007115888292901218,0.00019440095638856292,0.00019440095638856292,3.779173184478794e-08
4,merged_z_m0p010_dedup_filtered,115,-0.0004381620674394071,-0.0007728756172582507,0.0003347135498188436,0.0003347135498188436,1.120331604323315e-07
4,merged_z_m0p010_dedup_filtered,116,-0.0006493281107395887,-0.0005158754647709429,-0.0001334526459686458,0.0001334526459686458,1.7809608716032717e-08
4,merged_z_m0p010_dedup_filtered,117,-0.000571399403270334,-0.0005567368352785707,-1.4662567991763353e-05,1.4662567991763353e-05,2.1499090011308322e-10
4,merged_z_m0p010_dedup_filtered,118,-0.00043801285210065544,-0.0008341713109984994,0.00039615845889784396,0.00039615845889784396,1.5694152455631472e-07
4,merged_z_m0p010_dedup_filtered,119,-0.0005086243618279696,-0.0008954599034041166,0.0003868355415761471,0.0003868355415761471,1.4964173622651102e-07
4,merged_z_m0p010_dedup_filtered,120,-0.0005609378567896783,-0.00027767239953391254,-0.0002832654572557658,0.0002832654572557658,8.023931927431808e-08
4,merged_z_m0p010_dedup_filtered,121,-0.000728536513634026,-0.00025723950238898396,-0.0004712970112450421,0.0004712970112450421,2.2212087280850933e-07
4,merged_z_m0p010_dedup_filtered,122,-0.00010771013330668211,0.000771452090702951,-0.0008791622240096331,0.0008791622240096331,7.729262161255642e-07
4,merged_z_m0p010_dedup_filtered,123,7.333720714086667e-05,0.0008390358416363597,-0.000765698634495493,0.000765698634495493,5.862943988682626e-07
4,merged_z_m0p010_dedup_filtered,124,0.0003348206228110939,0.0009618177427910268,-0.0006269971199799329,0.0006269971199799329,3.931253884631304e-07
4,merged_z_m0p010_dedup_filtered,125,0.0003703563124872744,0.0010490822605788708,-0.0006787259480915964,0.0006787259480915964,4.6066891261283636e-07
4,merged_z_m0p010_dedup_filtered,126,0.00028170301811769605,-0.005601856391876936,0.005883559409994632,0.005883559409994632,3.461627133093638e-05
4,merged_z_m0p010_dedup_filtered,127,0.00013422493066173047,0.0011778248008340597,-0.0010435998701723292,0.0010435998701723292,1.0891006890237025e-06
5,merged_z_m0p012_dedup_filtered,0,-0.0014287165831774473,-0.001447714283131063,1.8997699953615665e-05,1.8997699953615665e-05,3.6091260352760866e-10
5,merged_z_m0p012_dedup_filtered,1,-0.0014184132451191545,-0.001375006278976798,-4.3406966142356396e-05,4.3406966142356396e-05,1.8841647096836745e-09
5,merged_z_m0p012_dedup_filtered,2,-0.001392788952216506,-0.0013246310409158468,-6.815791130065918e-05,6.815791130065918e-05,4.645500872868524e-09
5,merged_z_m0p012_dedup_filtered,3,-0.0015178198227658868,-0.0008837009663693607,-0.0006341188563965261,0.0006341188563965261,4.021067240376381e-07
5,merged_z_m0p012_dedup_filtered,4,-0.0013638169039040804,-0.0008428021101281047,-0.0005210147937759757,0.0005210147937759757,2.714564153334225e-07
5,merged_z_m0p012_dedup_filtered,5,-0.0013434060383588076,-0.001263270853087306,-8.013518527150154e-05,8.013518527150154e-05,6.4216479184978775e-09
5,merged_z_m0p012_dedup_filtered,6,-0.0012623885413631797,-0.0012019394198432565,-6.044912151992321e-05,6.044912151992321e-05,3.6540962925304434e-09
5,merged_z_m0p012_dedup_filtered,7,-0.0011896762298420072,-0.0008019231609068811,-0.00038775306893512607,0.00038775306893512607,1.5035244246860863e-07
5,merged_z_m0p012_dedup_filtered,8,-0.0010110890725627542,-0.0007610530010424554,-0.0002500360715202987,0.0002500360715202987,6.251803706130394e-08
5,merged_z_m0p012_dedup_filtered,9,-0.001146816648542881,-0.0011406324338167906,-6.184214726090431e-06,6.184214726090431e-06,3.824451177839375e-11
5,merged_z_m0p012_dedup_filtered,10,-0.001001083990558982,-0.0010793345281854272,7.82505376264453e-05,7.82505376264453e-05,6.123146638827731e-09
5,merged_z_m0p012_dedup_filtered,11,-0.000844606023747474,-0.0007201872649602592,-0.00012441875878721476,0.00012441875878721476,1.548002753815113e-08
5,merged_z_m0p012_dedup_filtered,12,-0.000706180464476347,-0.0006793235661461949,-2.6856898330152035e-05,2.6856898330152035e-05,7.212929879161232e-10
5,merged_z_m0p012_dedup_filtered,13,-0.0008378672646358609,-0.0010180397657677531,0.0001801725011318922,0.0001801725011318922,3.24621301641217e-08
5,merged_z_m0p012_dedup_filtered,14,-0.0006771052721887827,-0.0009567463421262801,0.0002796410699374974,0.0002796410699374974,7.81991279957883e-08
5,merged_z_m0p012_dedup_filtered,15,-0.0006096381694078445,-0.000638460973277688,2.8822803869843483e-05,2.8822803869843483e-05,8.307540229194645e-10
5,merged_z_m0p012_dedup_filtered,16,-0.0005652147810906172,-0.0005975988460704684,3.2384064979851246e-05,3.2384064979851246e-05,1.0487276646192279e-09
5,merged_z_m0p012_dedup_filtered,17,-0.00041691819205880165,-0.0037342789582908154,0.0033173607662320137,0.0033173607662320137,1.1004882453335453e-05
5,merged_z_m0p012_dedup_filtered,18,3.8142035919008777e-05,-4.381816864906796e-08,3.8185854087657845e-05,3.8185854087657845e-05,1.4581594524038953e-09
5,merged_z_m0p012_dedup_filtered,19,-7.052897854009643e-05,-3.940547443903597e-08,-7.04895730656574e-05,7.04895730656574e-05,4.968779910978653e-09
5,merged_z_m0p012_dedup_filtered,20,-0.00018353310588281602,-3.528859693346931e-08,-0.00018349781728588255,0.00018349781728588255,3.3671448948683136e-08
5,merged_z_m0p012_dedup_filtered,21,-0.0002880475949496031,-3.133590809056841e-08,-0.0002880162590415125,0.0002880162590415125,8.295336547226764e-08
5,merged_z_m0p012_dedup_filtered,22,-0.00037438972503878176,-2.7436634297828277e-08,-0.00037436228840448393,0.00037436228840448393,1.40147122979442e-07
5,merged_z_m0p012_dedup_filtered,23,-0.0004374599375296384,-2.3607100274603e-08,-0.0004374363304293638,0.0004374363304293638,1.9135054317950755e-07
5,merged_z_m0p012_dedup_filtered,24,-0.0004770763625856489,-1.99208045614796e-08,-0.0004770564417810874,0.0004770564417810874,2.2758284864483203e-07
5,merged_z_m0p012_dedup_filtered,25,-0.000497192784678191,-1.6569588368042787e-08,-0.0004971762150898229,0.0004971762150898229,2.4718418885104187e-07
5,merged_z_m0p012_dedup_filtered,26,-0.0005042365519329906,-1.3542215349104936e-08,-0.0005042230097176414,0.0005042230097176414,2.542408435287167e-07
5,merged_z_m0p012_dedup_filtered,27,-0.0005049972096458077,-1.0667145389220423e-08,-0.0005049865425004185,0.0005049865425004185,2.55011408106527e-07
5,merged_z_m0p012_dedup_filtered,28,-0.0005045873112976551,-7.969680915209665e-09,-0.0005045793416167399,0.0005045793416167399,2.546003119863827e-07
5,merged_z_m0p012_dedup_filtered,29,4.755960253532976e-05,9.47217849898152e-05,-4.7162182454485446e-05,4.7162182454485446e-05,2.224271453870175e-09
5,merged_z_m0p012_dedup_filtered,30,-0.00025933992583304644,0.00021143874619156122,-0.00047077867202460766,0.00047077867202460766,2.216325580332531e-07
5,merged_z_m0p012_dedup_filtered,31,-0.00024756387574598193,0.00025207229191437364,-0.0004996361676603556,0.0004996361676603556,2.4963630003432694e-07
5,merged_z_m0p012_dedup_filtered,32,-0.0005989499040879309,0.00037894511478953063,-0.0009778950188774616,0.0009778950188774616,9.562786679453509e-07
5,merged_z_m0p012_dedup_filtered,33,-0.0004945548716932535,-0.00024352151376660913,-0.0002510333579266444,0.0002510333579266444,6.301774679192675e-08
5,merged_z_m0p012_dedup_filtered,34,-0.0005663998890668154,0.0004891888820566237,-0.001055588771123439,0.001055588771123439,1.1142676537218922e-06
5,merged_z_m0p012_dedup_filtered,35,-0.00018440175335854292,0.0003336321096867323,-0.0005180338630452752,0.0005180338630452752,2.6835908326161095e-07
5,merged_z_m0p012_dedup_filtered,36,-0.00012928337673656642,0.00037446481292136014,-0.0005037481896579266,0.0005037481896579266,2.5376223858363835e-07
5,merged_z_m0p012_dedup_filtered,37,-5.749231786467135e-05,0.0004153090703766793,-0.00047280138824135065,0.00047280138824135065,2.235411527229484e-07
5,merged_z_m0p012_dedup_filtered,38,-0.0004131296300329268,0.0006241575465537608,-0.0010372871765866876,0.0010372871765866876,1.075964686711182e-06
5,merged_z_m0p012_dedup_filtered,39,2.9122267733328044e-05,0.0004561584210023284,-0.00042703615326900035,0.00042703615326900035,1.8235987619878516e-07
5,merged_z_m0p012_dedup_filtered,40,0.00012597820023074746,0.0004970102454535663,-0.00037103204522281885,0.00037103204522281885,1.376647785822279e-07
5,merged_z_m0p012_dedup_filtered,41,0.00022588970023207366,0.0005378634086810052,-0.0003119737084489316,0.0003119737084489316,9.732759476337896e-08
5,merged_z_m0p012_dedup_filtered,42,0.0003198557533323765,0.0005787170375697315,-0.000258861284237355,0.000258861284237355,6.700916447701269e-08
5,merged_z_m0p012_dedup_filtered,43,0.00039839366218075156,0.0006195716559886932,-0.00022117799380794168,0.00022117799380794168,4.8919704944905886e-08
5,merged_z_m0p012_dedup_filtered,44,0.0004531762679107487,0.0006604263326153159,-0.0002072500647045672,0.0002072500647045672,4.295258932004729e-08
5,merged_z_m0p012_dedup_filtered,45,0.0004786400531884283,0.0007012812420725822,-0.00022264118888415396,0.00022264118888415396,4.956909898774952e-08
5,merged_z_m0p012_dedup_filtered,46,0.00047321850433945656,0.0007421369664371014,-0.0002689184620976448,0.0002689184620976448,7.231713925696243e-08
5,merged_z_m0p012_dedup_filtered,47,0.000439913768786937,0.0007829946698620915,-0.00034308090107515454,0.00034308090107515454,1.1770450468253998e-07
5,merged_z_m0p012_dedup_filtered,48,0.00038604403380304575,0.0008238583686761558,-0.00043781433487311006,0.00043781433487311006,1.9168139182038375e-07
5,merged_z_m0p012_dedup_filtered,49,0.0003221681690774858,0.0008647360373288393,-0.0005425678682513535,0.0005425678682513535,2.943798916588181e-07
5,merged_z_m0p012_dedup_filtered,50,0.0002603580942377448,0.0009056436247192323,-0.0006452855304814875,0.0006452855304814875,4.1639341584877475e-07
5,merged_z_m0p012_dedup_filtered,51,0.00021212779392953962,0.0009466128540225327,-0.0007344850600929931,0.0007344850600929931,5.394683034998077e-07
5,merged_z_m0p012_dedup_filtered,52,0.0001864071818999946,0.0009877001866698265,-0.0008012930047698319,0.0008012930047698319,6.420704794930658e-07
5,merged_z_m0p012_dedup_filtered,53,-0.0005414996994659305,0.0014846447156742215,-0.002026144415140152,0.002026144415140152,4.1052611910036285e-06
5,merged_z_m0p012_dedup_filtered,54,-0.00039751073927618563,0.0013856397708877921,-0.0017831505101639777,0.0017831505101639777,3.179625741898054e-06
5,merged_z_m0p012_dedup_filtered,55,0.0008270027465187013,0.00046105115325190127,0.00036595159326680005,0.00036595159326680005,1.3392056861450945e-07
5,merged_z_m0p012_dedup_filtered,56,0.000857646344229579,0.0004815375432372093,0.00037610880099236965,0.00037610880099236965,1.4145783018391792e-07
5,merged_z_m0p012_dedup_filtered,57,0.0008688350790180266,0.0005020664539188147,0.00036676862509921193,0.00036676862509921193,1.3451922435716627e-07
5,merged_z_m0p012_dedup_filtered,58,-0.00013989258150104433,-8.765365322460639e-08,-0.00013980492784781973,0.00013980492784781973,1.954541785053408e-08
5,merged_z_m0p012_dedup_filtered,59,-0.00010598984226817265,-8.278884422452393e-08,-0.00010590705342394813,0.00010590705342394813,1.1216303964943002e-08
5,merged_z_m0p012_dedup_filtered,60,-4.366178472992033e-05,-7.802069035278691e-08,-4.358376403956754e-05,4.358376403956754e-05,1.8995444878567008e-09
5,merged_z_m0p012_dedup_filtered,61,3.4654021874303e-05,-7.334247698054241e-08,3.472736435128354e-05,3.472736435128354e-05,1.2059898347867988e-09
5,merged_z_m0p012_dedup_filtered,62,0.00011322658247081563,-6.88823433847574e-08,0.00011329546481420039,0.00011329546481420039,1.2835862347465717e-08
5,merged_z_m0p012_dedup_filtered,63,0.00017603166634216905,-6.451631406889646e-08,0.00017609618265623794,0.00017609618265623794,3.100986554609912e-08
5,merged_z_m0p012_dedup_filtered,64,0.00020975057850591838,-6.008493613762766e-08,0.000209810663442056,0.000209810663442056,4.40205144939957e-08
5,merged_z_m0p012_dedup_filtered,65,0.00020617057452909648,-5.5533046605660275e-08,0.00020622610757570214,0.00020622610757570214,4.252920744582507e-08
5,merged_z_m0p012_dedup_filtered,66,0.0001635251974221319,-5.0840792908957155e-08,0.00016357603821504085,0.00016357603821504085,2.6757120278128507e-08
5,merged_z_m0p012_dedup_filtered,67,-0.000311008479911834,-0.0003287561412435025,1.7747661331668496e-05,1.7747661331668496e-05,3.149794827436012e-10
5,merged_z_m0p012_dedup_filtered,68,-0.00033196667209267616,-0.0003491897659841925,1.7223093891516328e-05,1.7223093891516328e-05,2.9663496319598705e-10
5,merged_z_m0p012_dedup_filtered,69,-0.0004336435522418469,-0.00036962368176318705,-6.401987047865987e-05,6.401987047865987e-05,4.098543816104385e-09
5,merged_z_m0p012_dedup_filtered,70,-0.0006068708025850356,-0.00039005829603411257,-0.000216812506550923,0.000216812506550923,4.7007662996894024e-08
5,merged_z_m0p012_dedup_filtered,71,-0.0008300485205836594,-0.00041049456922337413,-0.0004195539513602853,0.0004195539513602853,1.7602551810202863e-07
5,merged_z_m0p012_dedup_filtered,72,-0.0010720635764300823,-0.00043093538261018693,-0.0006411281938198954,0.0006411281938198954,4.1104536091076135e-07
5,merged_z_m0p012_dedup_filtered,73,-0.001297171926125884,-0.00045138722634874284,-0.0008457846997771412,0.0008457846997771412,7.153517583771089e-07
5,merged_z_m0p012_dedup_filtered,74,-0.001470973831601441,-0.000471863808343187,-0.000999110023258254,0.000999110023258254,9.982208385751087e-07
5,merged_z_m0p012_dedup_filtered,75,-0.0015663591912016273,-0.0004923840169794858,-0.0010739751742221415,0.0010739751742221415,1.1534226748454792e-06
5,merged_z_m0p012_dedup_filtered,76,-0.0017337038880214095,-0.0009862297447398305,-0.000747474143281579,0.000747474143281579,5.587175948745305e-07
5,merged_z_m0p012_dedup_filtered,77,-0.0016822484321892262,-0.0009451392688788474,-0.0007371091633103788,0.0007371091633103788,5.433299186361267e-07
5,merged_z_m0p012_dedup_filtered,78,0.0007803211337886751,0.0004405994259286672,0.0003397217078600079,0.0003397217078600079,1.1541083879132054e-07
5,merged_z_m0p012_dedup_filtered,79,0.0007225318695418537,0.0004201637639198452,0.00030236810562200844,0.00030236810562200844,9.142647129744205e-08
5,merged_z_m0p012_dedup_filtered,80,0.0006591955316253006,0.0003997348539996892,0.0002594606776256114,0.0002594606776256114,6.731984323394146e-08
5,merged_z_m0p012_dedup_filtered,81,0.0005955433589406312,0.00037930873804725707,0.00021623462089337409,0.00021623462089337409,4.675741127290121e-08
5,merged_z_m0p012_dedup_filtered,82,0.0005356345791369677,0.00035888361162506044,0.00017675096751190722,0.00017675096751190722,3.124090451639528e-08
5,merged_z_m0p012_dedup_filtered,83,0.00048180011799558997,0.0003384589799679816,0.0001433411380276084,0.0001433411380276084,2.054668185104988e-08
5,merged_z_m0p012_dedup_filtered,84,0.0004344766784925014,0.0003180345520377159,0.00011644212645478547,0.00011644212645478547,1.355876881331225e-08
5,merged_z_m0p012_dedup_filtered,85,0.00039245127118192613,0.00029760986217297614,9.484140900895e-05,9.484140900895e-05,8.994892862802941e-09
5,merged_z_m0p012_dedup_filtered,86,0.00035344931529834867,0.00027718511410057545,7.626420119777322e-05,7.626420119777322e-05,5.816228384334434e-09
5,merged_z_m0p012_dedup_filtered,87,0.0003149246913380921,0.00025676030782051384,5.8164383517578244e-05,5.8164383517578244e-05,3.3830955099799277e-09
5,merged_z_m0p012_dedup_filtered,88,0.0002748728438746184,0.00023633554519619793,3.8537298678420484e-05,3.8537298678420484e-05,1.4851233894297892e-09
5,merged_z_m0p012_dedup_filtered,89,0.00023248285287991166,0.0002159112336812541,1.6571619198657572e-05,1.6571619198657572e-05,2.7461856286531624e-10
5,merged_z_m0p012_dedup_filtered,90,0.00018848646141123027,0.0001954879699042067,-7.001508492976427e-06,7.001508492976427e-06,4.902112117722104e-11
5,merged_z_m0p012_dedup_filtered,91,0.00014512913185171783,0.0001750672236084938,-2.9938091756775975e-05,2.9938091756775975e-05,8.962893380371376e-10
5,merged_z_m0p012_dedup_filtered,92,0.00010577432112768292,0.0001546525745652616,-4.887825343757868e-05,4.887825343757868e-05,2.389083659108172e-09
5,merged_z_m0p012_dedup_filtered,93,7.423289207508788e-05,0.00013425250654108822,-6.001961446600035e-05,6.001961446600035e-05,3.6023541206473183e-09
5,merged_z_m0p012_dedup_filtered,94,-0.0013679548865184188,-0.0001346870994893834,-0.0012332677870290354,0.0012332677870290354,1.5209494345234942e-06
5,merged_z_m0p012_dedup_filtered,95,-0.001383443595841527,-0.00011431432358222082,-0.0012691292722593062,0.0012691292722593062,1.610689109705436e-06
5,merged_z_m0p012_dedup_filtered,96,-0.0017097939271479845,-0.00023012967722024769,-0.0014796642499277368,0.0014796642499277368,2.189406292514212e-06
5,merged_z_m0p012_dedup_filtered,97,-0.001683845417574048,-0.00034439569571986794,-0.00133944972185418,0.00133944972185418,1.7941255573752404e-06
5,merged_z_m0p012_dedup_filtered,98,-0.0015472208615392447,-0.00040538940811529756,-0.001141831453423947,0.001141831453423947,1.3037790680282435e-06
5,merged_z_m0p012_dedup_filtered,99,-0.001619089161977172,-0.0002708356478251517,-0.0013482535141520202,0.0013482535141520202,1.8177875384232718e-06
5,merged_z_m0p012_dedup_filtered,100,-0.0014793345471844077,-0.000311625306494534,-0.0011677092406898737,0.0011677092406898737,1.3635448707925214e-06
5,merged_z_m0p012_dedup_filtered,101,-0.001343142008408904,-0.00046654770267196,-0.0008765943057369441,0.0008765943057369441,7.68417576850435e-07
5,merged_z_m0p012_dedup_filtered,102,-0.0011031049070879817,-0.0005277741001918912,-0.0005753308068960905,0.0005753308068960905,3.310055373637066e-07
5,merged_z_m0p012_dedup_filtered,103,-0.0013056041207164526,-0.0003524541389197111,-0.0009531499817967415,0.0009531499817967415,9.084948877991286e-07
5,merged_z_m0p012_dedup_filtered,104,-0.001116436324082315,-0.00039330110303126276,-0.0007231352210510522,0.0007231352210510522,5.229245479245541e-07
5,merged_z_m0p012_dedup_filtered,105,-0.0008631336968392134,-0.0005890292231924832,-0.0002741044736467302,0.0002741044736467302,7.5133262473151e-08
5,merged_z_m0p012_dedup_filtered,106,-0.0006575991865247488,-0.0006503114709630609,-7.287715561687946e-06,7.287715561687946e-06,5.311079810806866e-11
5,merged_z_m0p012_dedup_filtered,107,-0.0009317131480202079,-0.000434155750554055,-0.0004975573974661529,0.0004975573974661529,2.4756336377329126e-07
5,merged_z_m0p012_dedup_filtered,108,-0.0010547005804255605,-0.0014512261841446161,0.00039652560371905565,0.00039652560371905565,1.5723255440476156e-07
5,merged_z_m0p012_dedup_filtered,109,-0.0011842940002679825,-0.000195943663129583,-0.0009883503371383995,0.0009883503371383995,9.76836388921588e-07
5,merged_z_m0p012_dedup_filtered,110,-0.0012758503435179591,-0.00017551530618220568,-0.0011003350373357534,0.0011003350373357534,1.210737194388674e-06
5,merged_z_m0p012_dedup_filtered,111,-0.0013348163338378072,-0.0001550936867715791,-0.001179722647066228,0.001179722647066228,1.3917455240009482e-06
5,merged_z_m0p012_dedup_filtered,112,-0.0017415961483493447,-0.00018960496527142823,-0.0015519911830779165,0.0015519911830779165,2.408676632351591e-06
5,merged_z_m0p012_dedup_filtered,113,-0.0007704515592195094,-0.00047501467633992434,-0.00029543688287958503,0.00029543688287958503,8.728295176560564e-08
5,merged_z_m0p012_dedup_filtered,114,-0.0005135791725479066,-0.0007115888292901218,0.00019800965674221516,0.00019800965674221516,3.920782416316987e-08
5,merged_z_m0p012_dedup_filtered,115,-0.0004468028782866895,-0.0007728756172582507,0.0003260727389715612,0.0003260727389715612,1.0632343110041588e-07
5,merged_z_m0p012_dedup_filtered,116,-0.0006487805512733757,-0.0005158754647709429,-0.00013290508650243282,0.00013290508650243282,1.766376201821915e-08
5,merged_z_m0p012_dedup_filtered,117,-0.0005783322267234325,-0.0005567368352785707,-2.159539144486189e-05,2.159539144486189e-05,4.663609316568141e-10
5,merged_z_m0p012_dedup_filtered,118,-0.0004598816158249974,-0.0008341713109984994,0.00037428969517350197,0.00037428969517350197,1.4009277591307302e-07
5,merged_z_m0p012_dedup_filtered,119,-0.0005430477322079241,-0.0008954599034041166,0.0003524121711961925,0.0003524121711961925,1.241943384072145e-07
5,merged_z_m0p012_dedup_filtered,120,-0.0005608063074760139,-0.00027767239953391254,-0.00028313390794210136,0.00028313390794210136,8.016480982656633e-08
5,merged_z_m0p012_dedup_filtered,121,-0.0007297378033399582,-0.00025723950238898396,-0.0004724983009509742,0.0004724983009509742,2.232546444015574e-07
5,merged_z_m0p012_dedup_filtered,122,-7.147295400500298e-05,0.000771452090702951,-0.0008429250447079539,0.0008429250447079539,7.105226309959061e-07
5,merged_z_m0p012_dedup_filtered,123,0.00010907282558036968,0.0008390358416363597,-0.00072996301605599,0.00072996301605599,5.328460048095575e-07
5,merged_z_m0p012_dedup_filtered,124,0.000356315984390676,0.0009618177427910268,-0.0006055017584003508,0.0006055017584003508,3.666323794259168e-07
5,merged_z_m0p012_dedup_filtered,125,0.00037699745735153556,0.0010490822605788708,-0.0006720848032273352,0.0006720848032273352,4.516979827291259e-07
5,merged_z_m0p012_dedup_filtered,126,0.0002851124154403806,-0.0067222281359136105,0.007007340551353991,0.007007340551353991,4.9102821602650055e-05
5,merged_z_m0p012_dedup_filtered,127,0.0001381726178806275,0.0011778248008340597,-0.0010396521829534322,0.0010396521829534322,1.0808766615198369e-06
6,merged_z_m0p014_dedup_filtered,0,-0.0014289900427684188,-0.001447714283131063,1.8724240362644196e-05,1.8724240362644196e-05,3.5059717715807404e-10
6,merged_z_m0p014_dedup_filtered,1,-0.0014252879191190004,-0.001375006278976798,-5.028164014220238e-05,5.028164014220238e-05,2.5282433353899375e-09
6,merged_z_m0p014_dedup_filtered,2,-0.0014093121280893683,-0.0013246310409158468,-8.468108717352152e-05,8.468108717352152e-05,7.170886524889551e-09
6,merged_z_m0p014_dedup_filtered,3,-0.0015188225079327822,-0.0008837009663693607,-0.0006351215415634215,0.0006351215415634215,4.0337937255789693e-07
6,merged_z_m0p014_dedup_filtered,4,-0.0013726979959756136,-0.0008428021101281047,-0.0005298958858475089,0.0005298958858475089,2.807896498381162e-07
6,merged_z_m0p014_dedup_filtered,5,-0.0013707837788388133,-0.001263270853087306,-0.00010751292575150728,0.00010751292575150728,1.1559029203649118e-08
6,merged_z_m0p014_dedup_filtered,6,-0.0012998196762055159,-0.0012019394198432565,-9.788025636225939e-05,9.788025636225939e-05,9.58054458554162e-09
6,merged_z_m0p014_dedup_filtered,7,-0.001205941429361701,-0.0008019231609068811,-0.0004040182684548199,0.0004040182684548199,1.6323076124523093e-07
6,merged_z_m0p014_dedup_filtered,8,-0.0010329349897801876,-0.0007610530010424554,-0.00027188198873773217,0.00027188198873773217,7.391981579998432e-08
6,merged_z_m0p014_dedup_filtered,9,-0.001191639224998653,-0.0011406324338167906,-5.1006791181862354e-05,5.1006791181862354e-05,2.6016927466701112e-09
6,merged_z_m0p014_dedup_filtered,10,-0.0010492728324607015,-0.0010793345281854272,3.0061695724725723e-05,3.0061695724725723e-05,9.037055498459928e-10
6,merged_z_m0p014_dedup_filtered,11,-0.0008692833944223821,-0.0007201872649602592,-0.00014909612946212292,0.00014909612946212292,2.2229655820586117e-08
6,merged_z_m0p014_dedup_filtered,12,-0.0007305204635486007,-0.0006793235661461949,-5.119689740240574e-05,5.119689740240574e-05,2.6211223036324595e-09
6,merged_z_m0p014_dedup_filtered,13,-0.0008847618591971695,-0.0010180397657677531,0.00013327790657058358,0.00013327790657058358,1.7763000379837206e-08
6,merged_z_m0p014_dedup_filtered,14,-0.000718220544513315,-0.0009567463421262801,0.0002385257976129651,0.0002385257976129651,5.689455612690119e-08
6,merged_z_m0p014_dedup_filtered,15,-0.0006306329159997404,-0.000638460973277688,7.828057277947664e-06,7.828057277947664e-06,6.12784807468294e-11
6,merged_z_m0p014_dedup_filtered,16,-0.0005805362015962601,-0.0005975988460704684,1.7062644474208355e-05,1.7062644474208355e-05,2.911338364532329e-10
6,merged_z_m0p014_dedup_filtered,17,-0.0004181801341474056,-0.004356659483164549,0.003938479349017143,0.003938479349017143,1.55116195826345e-05
6,merged_z_m0p014_dedup_filtered,18,1.6722071450203657e-05,-4.381816864906796e-08,1.6765889618852725e-05,1.6765889618852725e-05,2.810950547115536e-10
6,merged_z_m0p014_dedup_filtered,19,-9.659930947236717e-05,-3.940547443903597e-08,-9.655990399792813e-05,9.655990399792813e-05,9.323815060089097e-09
6,merged_z_m0p014_dedup_filtered,20,-0.0002111904032062739,-3.528859693346931e-08,-0.00021115511460934044,0.00021115511460934044,4.45864824256837e-08
6,merged_z_m0p014_dedup_filtered,21,-0.000313629861921072,-3.133590809056841e-08,-0.00031359852601298144,0.00031359852601298144,9.83440355175146e-08
6,merged_z_m0p014_dedup_filtered,22,-0.00039422677946276963,-2.7436634297828277e-08,-0.0003941993428284718,0.0003941993428284718,1.5539312188639905e-07
6,merged_z_m0p014_dedup_filtered,23,-0.0004485179379116744,-2.3607100274603e-08,-0.0004484943308113998,0.0004484943308113998,2.011471647699653e-07
6,merged_z_m0p014_dedup_filtered,24,-0.00047753058606758714,-1.99208045614796e-08,-0.00047751066526302566,0.00047751066526302566,2.2801643543993733e-07
6,merged_z_m0p014_dedup_filtered,25,-0.00048681156476959586,-1.6569588368042787e-08,-0.0004867949951812278,0.0004867949951812278,2.369693673334916e-07
6,merged_z_m0p014_dedup_filtered,26,-0.0004844930663239211,-1.3542215349104936e-08,-0.000484479524108572,0.000484479524108572,2.3472040928046839e-07
6,merged_z_m0p014_dedup_filtered,27,-0.0004788784426636994,-1.0667145389220423e-08,-0.00047886777551831017,0.00047886777551831017,2.293143464298547e-07
6,merged_z_m0p014_dedup_filtered,28,-0.00047612719936296344,-7.969680915209665e-09,-0.00047611922968204823,0.00047611922968204823,2.26689520873027e-07
6,merged_z_m0p014_dedup_filtered,29,7.6711927249562e-05,9.47217849898152e-05,-1.800985774025321e-05,1.800985774025321e-05,3.2435497582415846e-10
6,merged_z_m0p014_dedup_filtered,30,-0.0002833391772583127,0.00021143874619156122,-0.0004947779234498739,0.0004947779234498739,2.448051935333693e-07
6,merged_z_m0p014_dedup_filtered,31,-0.0002696763549465686,0.00025207229191437364,-0.0005217486468609422,0.0005217486468609422,2.722216505012242e-07
6,merged_z_m0p014_dedup_filtered,32,-0.0006529142847284675,0.00037894511478953063,-0.001031859399517998,0.001031859399517998,1.0647338203736436e-06
6,merged_z_m0p014_dedup_filtered,33,-0.000532230653334409,-0.00028410847880877554,-0.00024812217452563345,0.00024812217452563345,6.156461349132891e-08
6,merged_z_m0p014_dedup_filtered,34,-0.000597434293013066,0.0004891888820566237,-0.0010866231750696898,0.0010866231750696898,1.1807499245985336e-06
6,merged_z_m0p014_dedup_filtered,35,-0.0001989021839108318,0.0003336321096867323,-0.0005325342935975641,0.0005325342935975641,2.835927738574566e-07
6,merged_z_m0p014_dedup_filtered,36,-0.00013931871217209846,0.00037446481292136014,-0.0005137835250934586,0.0005137835250934586,2.639735106574606e-07
6,merged_z_m0p014_dedup_filtered,37,-6.353173375828192e-05,0.0004153090703766793,-0.0004788408041349612,0.0004788408041349612,2.292885157046163e-07
6,merged_z_m0p014_dedup_filtered,38,-0.00041068525752052665,0.0006241575465537608,-0.0010348428040742874,0.0010348428040742874,1.070899629144334e-06
6,merged_z_m0p014_dedup_filtered,39,2.6082801923621446e-05,0.0004561584210023284,-0.00043007561907870695,0.00043007561907870695,1.8496503812593304e-07
6,merged_z_m0p014_dedup_filtered,40,0.00012466777116060257,0.0004970102454535663,-0.00037234247429296374,0.00037234247429296374,1.3863891816260637e-07
6,merged_z_m0p014_dedup_filtered,41,0.00022505977540276945,0.0005378634086810052,-0.0003128036332782358,0.0003128036332782358,9.784611299206502e-08
6,merged_z_m0p014_dedup_filtered,42,0.0003185588284395635,0.0005787170375697315,-0.00026015820913016796,0.00026015820913016796,6.768229377781621e-08
6,merged_z_m0p014_dedup_filtered,43,0.0003961827023886144,0.0006195716559886932,-0.00022338895360007882,0.00022338895360007882,4.990262459053817e-08
6,merged_z_m0p014_dedup_filtered,44,0.000450184044893831,0.0006604263326153159,-0.0002102422877214849,0.0002102422877214849,4.420181954636364e-08
6,merged_z_m0p014_dedup_filtered,45,0.0004755227128043771,0.0007012812420725822,-0.00022575852926820517,0.00022575852926820517,5.096691353734305e-08
6,merged_z_m0p014_dedup_filtered,46,0.0004709776258096099,0.0007421369664371014,-0.0002711593406274915,0.0002711593406274915,7.352738800953595e-08
6,merged_z_m0p014_dedup_filtered,47,0.000439638999523595,0.0007829946698620915,-0.00034335567033849657,0.00034335567033849657,1.1789311635359833e-07
6,merged_z_m0p014_dedup_filtered,48,0.000388633634429425,0.0008238583686761558,-0.0004352247342467308,0.0004352247342467308,1.8942056930013745e-07
6,merged_z_m0p014_dedup_filtered,49,0.0003280905948486179,0.0008647360373288393,-0.0005366454424802214,0.0005366454424802214,2.879883309347926e-07
6,merged_z_m0p014_dedup_filtered,50,0.0002695079892873764,0.0009056436247192323,-0.0006361356354318559,0.0006361356354318559,4.046685466662911e-07
6,merged_z_m0p014_dedup_filtered,51,0.00022380815062206239,0.0009466128540225327,-0.0007228047034004703,0.0007228047034004703,5.224466392578419e-07
6,merged_z_m0p014_dedup_filtered,52,0.00019944232190027833,0.0009877001866698265,-0.0007882578647695482,0.0007882578647695482,6.213504613710473e-07
6,merged_z_m0p014_dedup_filtered,53,-0.0005184386973269284,0.0014846447156742215,-0.00200308341300115,0.00200308341300115,4.012343159440335e-06
6,merged_z_m0p014_dedup_filtered,54,-0.00037793698720633984,0.0013856397708877921,-0.001763576758094132,0.001763576758094132,3.1102029816898084e-06
6,merged_z_m0p014_dedup_filtered,55,0.00082933041267097,0.00046105115325190127,0.0003682792594190687,0.0003682792594190687,1.356296129182577e-07
6,merged_z_m0p014_dedup_filtered,56,0.0008605947950854897,0.0004815375432372093,0.00037905725184828043,0.00037905725184828043,1.436844001787707e-07
6,merged_z_m0p014_dedup_filtered,57,0.0008719640900380909,0.0005020664539188147,0.0003698976361192763,0.0003698976361192763,1.3682426120662853e-07
6,merged_z_m0p014_dedup_filtered,58,-0.00012680272629950196,-8.765365322460639e-08,-0.00012671507264627735,0.00012671507264627735,1.6056709635751344e-08
6,merged_z_m0p014_dedup_filtered,59,-9.267379937227815e-05,-8.278884422452393e-08,-9.259101052805363e-05,9.259101052805363e-05,8.573095230606138e-09
6,merged_z_m0p014_dedup_filtered,60,-3.018640200025402e-05,-7.802069035278691e-08,-3.0108381309901233e-05,3.0108381309901233e-05,9.065146251024099e-10
6,merged_z_m0p014_dedup_filtered,61,4.769412043970078e-05,-7.334247698054241e-08,4.7767462916681325e-05,4.7767462916681325e-05,2.2817305134965257e-09
6,merged_z_m0p014_dedup_filtered,62,0.00012464527389965951,-6.88823433847574e-08,0.00012471415624304427,0.00012471415624304427,1.5553620767414457e-08
6,merged_z_m0p014_dedup_filtered,63,0.00018418040417600423,-6.451631406889646e-08,0.00018424492049007313,0.00018424492049007313,3.3946190726393366e-08
6,merged_z_m0p014_dedup_filtered,64,0.00021282379748299718,-6.008493613762766e-08,0.0002128838824191348,0.0002128838824191348,4.531954739384401e-08
6,merged_z_m0p014_dedup_filtered,65,0.00020262511679902673,-5.5533046605660275e-08,0.0002026806498456324,0.0002026806498456324,4.1079445821847845e-08
6,merged_z_m0p014_dedup_filtered,66,0.00015251897275447845,-5.0840792908957155e-08,0.0001525698135473874,0.0001525698135473874,2.327754800588456e-08
6,merged_z_m0p014_dedup_filtered,67,-0.00030921344296075404,-0.0003287561412435025,1.954269828274846e-05,1.954269828274846e-05,3.8191705617053964e-10
6,merged_z_m0p014_dedup_filtered,68,-0.00032737699802964926,-0.0003491897659841925,2.1812767954543233e-05,2.1812767954543233e-05,4.757968458387482e-10
6,merged_z_m0p014_dedup_filtered,69,-0.00042586546624079347,-0.00036962368176318705,-5.6241784477606416e-05,5.6241784477606416e-05,3.16313832122553e-09
6,merged_z_m0p014_dedup_filtered,70,-0.000595725083258003,-0.00039005829603411257,-0.00020566678722389042,0.00020566678722389042,4.229882736699702e-08
6,merged_z_m0p014_dedup_filtered,71,-0.0008155942196026444,-0.00041049456922337413,-0.0004050996503792703,0.0004050996503792703,1.6410572673740704e-07
6,merged_z_m0p014_dedup_filtered,72,-0.0010546004632487893,-0.00043093538261018693,-0.0006236650806386024,0.0006236650806386024,3.889581328079544e-07
6,merged_z_m0p014_dedup_filtered,73,-0.0012772232294082642,-0.00045138722634874284,-0.0008258360030595213,0.0008258360030595213,6.820051039493257e-07
6,merged_z_m0p014_dedup_filtered,74,-0.0014492489863187075,-0.000471863808343187,-0.0009773851779755205,0.0009773851779755205,9.552817861262399e-07
6,merged_z_m0p014_dedup_filtered,75,-0.0015437017427757382,-0.0004923840169794858,-0.0010513177257962525,0.0010513177257962525,1.1052689605734043e-06
6,merged_z_m0p014_dedup_filtered,76,-0.0017217856366187334,-0.0009862297447398305,-0.0007355558918789029,0.0007355558918789029,5.410424700777683e-07
6,merged_z_m0p014_dedup_filtered,77,-0.0016735970275476575,-0.0009451392688788474,-0.0007284577586688101,0.0007284577586688101,5.306507061647864e-07
6,merged_z_m0p014_dedup_filtered,78,0.0007813198608346283,0.0004405994259286672,0.00034072043490596116,0.00034072043490596116,1.1609041476250731e-07
6,merged_z_m0p014_dedup_filtered,79,0.0007211650954559445,0.0004201637639198452,0.0003010013315360993,0.0003010013315360993,9.060180158650478e-08
6,merged_z_m0p014_dedup_filtered,80,0.0006541732582263649,0.0003997348539996892,0.00025443840422667563,0.00025443840422667563,6.473890154541719e-08
6,merged_z_m0p014_dedup_filtered,81,0.0005855325143784285,0.00037930873804725707,0.0002062237763311714,0.0002062237763311714,4.2528245924289007e-08
6,merged_z_m0p014_dedup_filtered,82,0.0005195664125494659,0.00035888361162506044,0.00016068280092440546,0.00016068280092440546,2.5818962512912115e-08
6,merged_z_m0p014_dedup_filtered,83,0.00045920771663077176,0.0003384589799679816,0.00012074873666279018,0.00012074873666279018,1.458025740565985e-08
6,merged_z_m0p014_dedup_filtered,84,0.00040577907930128276,0.0003180345520377159,8.774452726356685e-05,8.774452726356685e-05,7.699102064706827e-09
6,merged_z_m0p014_dedup_filtered,85,0.00035910485894419253,0.00029760986217297614,6.149499677121639e-05,6.149499677121639e-05,3.7816346278919145e-09
6,merged_z_m0p014_dedup_filtered,86,0.0003179103950969875,0.00027718511410057545,4.072528099641204e-05,4.072528099641204e-05,1.6585485122367195e-09
6,merged_z_m0p014_dedup_filtered,87,0.0002804043469950557,0.00025676030782051384,2.364403917454183e-05,2.364403917454183e-05,5.590405884872687e-10
6,merged_z_m0p014_dedup_filtered,88,0.0002449082676321268,0.00023633554519619793,8.572722435928881e-06,8.572722435928881e-06,7.349156996347841e-11
6,merged_z_m0p014_dedup_filtered,89,0.00021039276907686144,0.0002159112336812541,-5.518464604392648e-06,5.518464604392648e-06,3.04534515899345e-11
6,merged_z_m0p014_dedup_filtered,90,0.00017680638120509684,0.0001954879699042067,-1.8681588699109852e-05,1.8681588699109852e-05,3.4900175632270894e-10
6,merged_z_m0p014_dedup_filtered,91,0.00014513313362840563,0.0001750672236084938,-2.9934089980088174e-05,2.9934089980088174e-05,8.960497429360152e-10
6,merged_z_m0p014_dedup_filtered,92,0.000117179770313669,0.0001546525745652616,-3.7472804251592606e-05,3.7472804251592606e-05,1.404211058478177e-09
6,merged_z_m0p014_dedup_filtered,93,9.515332931187004e-05,0.00013425250654108822,-3.9099177229218185e-05,3.9099177229218185e-05,1.5287456600018138e-09
6,merged_z_m0p014_dedup_filtered,94,-0.0013651081826537848,-0.0001346870994893834,-0.0012304210831644014,0.0012304210831644014,1.5139360418954587e-06
6,merged_z_m0p014_dedup_filtered,95,-0.0013798903673887253,-0.00011431432358222082,-0.0012655760438065045,0.0012655760438065045,1.6016827226569232e-06
6,merged_z_m0p014_dedup_filtered,96,-0.0016998989740386605,-0.00023012967722024769,-0.0014697692968184128,0.0014697692968184128,2.1602217858700915e-06
6,merged_z_m0p014_dedup_filtered,97,-0.0016610723687335849,-0.00034439569571986794,-0.001316676673013717,0.001316676673013717,1.7336374612584705e-06
6,merged_z_m0p014_dedup_filtered,98,-0.0015241021756082773,-0.00040538940811529756,-0.0011187127674929798,0.0011187127674929798,1.2515182561518018e-06
6,merged_z_m0p014_dedup_filtered,99,-0.0016081294743344188,-0.0002708356478251517,-0.001337293826509267,0.001337293826509267,1.7883547784197978e-06
6,merged_z_m0p014_dedup_filtered,100,-0.001467193360440433,-0.000311625306494534,-0.001155568053945899,0.001155568053945899,1.3353375273003122e-06
6,merged_z_m0p014_dedup_filtered,101,-0.0013201474212110043,-0.00046654770267196,-0.0008535997185390443,0.0008535997185390443,7.286324794899356e-07
6,merged_z_m0p014_dedup_filtered,102,-0.0010815495625138283,-0.0005277741001918912,-0.0005537754623219371,0.0005537754623219371,3.0666726266987516e-07
6,merged_z_m0p014_dedup_filtered,103,-0.001292879693210125,-0.0003524541389197111,-0.0009404255542904139,0.0009404255542904139,8.844002231624321e-07
6,merged_z_m0p014_dedup_filtered,104,-0.0011044407729059458,-0.00039330110303126276,-0.000711139669874683,0.000711139669874683,5.057196300694732e-07
6,merged_z_m0p014_dedup_filtered,105,-0.0008451490430161357,-0.0005890292231924832,-0.0002561198198236525,0.0002561198198236525,6.559736210650022e-08
6,merged_z_m0p014_dedup_filtered,106,-0.0006458439165726304,-0.0006503114709630609,4.4675543904304504e-06,4.4675543904304504e-06,1.9959042231454394e-11
6,merged_z_m0p014_dedup_filtered,107,-0.0009222700027748942,-0.000434155750554055,-0.00048811425222083926,0.00048811425222083926,2.3825552322110909e-07
6,merged_z_m0p014_dedup_filtered,108,-0.001056698034517467,-0.0016930975252762437,0.0006363994907587767,0.0006363994907587767,4.0500431183803027e-07
6,merged_z_m0p014_dedup_filtered,109,-0.0011851319577544928,-0.000195943663129583,-0.0009891882946249098,0.0009891882946249098,9.784934822229373e-07
6,merged_z_m0p014_dedup_filtered,110,-0.0012753710616379976,-0.00017551530618220568,-0.001099855755455792,0.001099855755455792,1.2096826828092308e-06
6,merged_z_m0p014_dedup_filtered,111,-0.001333045307546854,-0.0001550936867715791,-0.001177951620775275,0.001177951620775275,1.3875700208870971e-06
6,merged_z_m0p014_dedup_filtered,112,-0.0017321259947493672,-0.00018960496527142823,-0.001542521029477939,0.001542521029477939,2.3793711263816808e-06
6,merged_z_m0p014_dedup_filtered,113,-0.0007655274239368737,-0.00047501467633992434,-0.00029051274759694934,0.00029051274759694934,8.43976565163288e-08
6,merged_z_m0p014_dedup_filtered,114,-0.0005107428878545761,-0.0007115888292901218,0.00020084594143554568,0.00020084594143554568,4.0339092191130646e-08
6,merged_z_m0p014_dedup_filtered,115,-0.0004550088196992874,-0.0007728756172582507,0.0003178667975589633,0.0003178667975589633,1.0103930099039096e-07
6,merged_z_m0p014_dedup_filtered,116,-0.0006500354502350092,-0.0005158754647709429,-0.00013415998546406627,0.00013415998546406627,1.7998901699718472e-08
6,merged_z_m0p014_dedup_filtered,117,-0.0005866860738024116,-0.0005567368352785707,-2.9949238523840904e-05,2.9949238523840904e-05,8.969568881579161e-10
6,merged_z_m0p014_dedup_filtered,118,-0.0004801250761374831,-0.0008341713109984994,0.0003540462348610163,0.0003540462348610163,1.253487364192619e-07
6,merged_z_m0p014_dedup_filtered,119,-0.000574805133510381,-0.0008954599034041166,0.00032065476989373565,0.00032065476989373565,1.0281948145560456e-07
6,merged_z_m0p014_dedup_filtered,120,-0.0005632881075143814,-0.00027767239953391254,-0.00028561570798046887,0.00028561570798046887,8.157633264518447e-08
6,merged_z_m0p014_dedup_filtered,121,-0.0007326786871999502,-0.00025723950238898396,-0.00047543918481096625,0.00047543918481096625,2.2604241845371612e-07
6,merged_z_m0p014_dedup_filtered,122,-4.772642569150776e-05,0.000771452090702951,-0.0008191785163944587,0.0008191785163944587,6.710534417222265e-07
6,merged_z_m0p014_dedup_filtered,123,0.00013448006939142942,0.0008390358416363597,-0.0007045557722449303,0.0007045557722449303,4.9639883620365e-07
6,merged_z_m0p014_dedup_filtered,124,0.00037566901301033795,0.0009618177427910268,-0.0005861487297806889,0.0005861487297806889,3.4357033342351503e-07
6,merged_z_m0p014_dedup_filtered,125,0.00038851515273563564,0.0010490822605788708,-0.0006605671078432351,0.0006605671078432351,4.3634890396437624e-07
6,merged_z_m0p014_dedup_filtered,126,0.00029495818307623267,-0.007842599414288998,0.00813755759736523,0.00813755759736523,6.621984365043658e-05
6,merged_z_m0p014_dedup_filtered,127,0.00014835975889582187,0.0011778248008340597,-0.0010294650419382378,0.0010294650419382378,1.0597982725728978e-06
7,merged_z_m0p016_dedup_filtered,0,-0.0014298955211415887,-0.001447714283131063,1.7818761989474297e-05,1.7818761989474297e-05,3.17508278837534e-10
7,merged_z_m0p016_dedup_filtered,1,-0.0014320564223453403,-0.001375006278976798,-5.7050143368542194e-05,5.7050143368542194e-05,3.254718858371219e-09
7,merged_z_m0p016_dedup_filtered,2,-0.0014246443752199411,-0.0013246310409158468,-0.00010001333430409431,0.00010001333430409431,1.0002667038622529e-08
7,merged_z_m0p016_dedup_filtered,3,-0.0015196938766166568,-0.0008837009663693607,-0.0006359929102472961,0.0006359929102472961,4.044869818848252e-07
7,merged_z_m0p016_dedup_filtered,4,-0.0013807999202981591,-0.0008428021101281047,-0.0005379978101700544,0.0005379978101700544,2.8944164374777393e-07
7,merged_z_m0p016_dedup_filtered,5,-0.001395734609104693,-0.001263270853087306,-0.0001324637560173869,0.0001324637560173869,1.7546646658233808e-08
7,merged_z_m0p016_dedup_filtered,6,-0.0013336545089259744,-0.0012019394198432565,-0.0001317150890827179,0.0001317150890827179,1.734886469206831e-08
7,merged_z_m0p016_dedup_filtered,7,-0.001220859121531248,-0.0008019231609068811,-0.000418935960624367,0.000418935960624367,1.7550733910426118e-07
7,merged_z_m0p016_dedup_filtered,8,-0.0010530658764764667,-0.0007610530010424554,-0.0002920128754340112,0.0002920128754340112,8.527151941923935e-08
7,merged_z_m0p016_dedup_filtered,9,-0.0012319666566327214,-0.0011406324338167906,-9.133422281593084e-05,9.133422281593084e-05,8.341940257390102e-09
7,merged_z_m0p016_dedup_filtered,10,-0.0010924928355962038,-0.0010793345281854272,-1.3158307410776615e-05,1.3158307410776615e-05,1.731410539164988e-10
7,merged_z_m0p016_dedup_filtered,11,-0.0008921572589315474,-0.0007201872649602592,-0.0001719699939712882,0.0001719699939712882,2.95736788264849e-08
7,merged_z_m0p016_dedup_filtered,12,-0.0007532699382863939,-0.0006793235661461949,-7.394637214019895e-05,7.394637214019895e-05,5.468065952696791e-09
7,merged_z_m0p016_dedup_filtered,13,-0.0009267190471291542,-0.0010180397657677531,9.132071863859892e-05,9.132071863859892e-05,8.339473652670148e-09
7,merged_z_m0p016_dedup_filtered,14,-0.0007549307774752378,-0.0009567463421262801,0.00020181556465104222,0.00020181556465104222,4.0729522135419e-08
7,merged_z_m0p016_dedup_filtered,15,-0.0006505142664536834,-0.000638460973277688,-1.205329317599535e-05,1.205329317599535e-05,1.4528187638649607e-10
7,merged_z_m0p016_dedup_filtered,16,-0.0005953959189355373,-0.0005975988460704684,2.2029271349310875e-06,2.2029271349310875e-06,4.85288796181569e-12
7,merged_z_m0p016_dedup_filtered,17,-0.00042123813182115555,-0.0049790386110544205,0.004557800479233265,0.004557800479233265,2.077354520849898e-05
7,merged_z_m0p016_dedup_filtered,18,-2.111301228069351e-06,-4.381816864906796e-08,-2.067483059420283e-06,2.067483059420283e-06,4.274486200989854e-12
7,merged_z_m0p016_dedup_filtered,19,-0.00011895690840901807,-3.940547443903597e-08,-0.00011891750293457903,0.00011891750293457903,1.4141372504195613e-08
7,merged_z_m0p016_dedup_filtered,20,-0.00023459995281882584,-3.528859693346931e-08,-0.00023456466422189237,0.00023456466422189237,5.5020581701529114e-08
7,merged_z_m0p016_dedup_filtered,21,-0.00033518276177346706,-3.133590809056841e-08,-0.0003351514258653765,0.0003351514258653765,1.1232647825959496e-07
7,merged_z_m0p016_dedup_filtered,22,-0.0004110393056180328,-2.7436634297828277e-08,-0.000411011868983735,0.000411011868983735,1.6893075644550294e-07
7,merged_z_m0p016_dedup_filtered,23,-0.0004582300898618996,-2.3607100274603e-08,-0.000458206482761625,0.000458206482761625,2.0995318084477936e-07
7,merged_z_m0p016_dedup_filtered,24,-0.0004787466023117304,-1.99208045614796e-08,-0.0004787266815071689,0.0004787266815071689,2.2917923558686632e-07
7,merged_z_m0p016_dedup_filtered,25,-0.0004793922998942435,-1.6569588368042787e-08,-0.00047937573030587544,0.00047937573030587544,2.2980109080629142e-07
7,merged_z_m0p016_dedup_filtered,26,-0.00046963689965195954,-1.3542215349104936e-08,-0.00046962335743661043,0.00046962335743661043,2.2054609785003436e-07
7,merged_z_m0p016_dedup_filtered,27,-0.0004589678137563169,-1.0667145389220423e-08,-0.0004589571466109277,0.0004589571466109277,2.1064166242524456e-07
7,merged_z_m0p016_dedup_filtered,28,-0.00045436189975589514,-7.969680915209665e-09,-0.00045435393007497993,0.00045435393007497993,2.0643749377457976e-07
7,merged_z_m0p016_dedup_filtered,29,9.7879848908633e-05,9.47217849898152e-05,3.1580639188177884e-06,3.1580639188177884e-06,9.973367715338767e-12
7,merged_z_m0p016_dedup_filtered,30,-0.0003019495343323797,0.00021143874619156122,-0.0005133882805239409,0.0005133882805239409,2.6356752657932866e-07
7,merged_z_m0p016_dedup_filtered,31,-0.0002871933684218675,0.00025207229191437364,-0.0005392656603362411,0.0005392656603362411,2.908074524178822e-07
7,merged_z_m0p016_dedup_filtered,32,-0.0006940612802281976,0.00037894511478953063,-0.0010730063950177282,0.0010730063950177282,1.151342723748941e-06
7,merged_z_m0p016_dedup_filtered,33,-0.0005618308787234128,-0.0003246953128837049,-0.00023713556583970785,0.00023713556583970785,5.623327658611842e-08
7,merged_z_m0p016_dedup_filtered,34,-0.0006227383855730295,0.0004891888820566237,-0.0011119272676296532,0.0011119272676296532,1.2363822484983464e-06
7,merged_z_m0p016_dedup_filtered,35,-0.0002119124837918207,0.0003336321096867323,-0.000545544593478553,0.000545544593478553,2.9761890347367965e-07
7,merged_z_m0p016_dedup_filtered,36,-0.00014957172970753163,0.00037446481292136014,-0.0005240365426288918,0.0005240365426288918,2.746142980104423e-07
7,merged_z_m0p016_dedup_filtered,37,-7.116880442481488e-05,0.0004153090703766793,-0.0004864778748014942,0.0004864778748014942,2.3666072267137825e-07
7,merged_z_m0p016_dedup_filtered,38,-0.0004121016536373645,0.0006241575465537608,-0.0010362592001911253,0.0010362592001911253,1.0738331299807506e-06
7,merged_z_m0p016_dedup_filtered,39,2.0636995031964034e-05,0.0004561584210023284,-0.00043552142597036436,0.00043552142597036436,1.8967891247925957e-07
7,merged_z_m0p016_dedup_filtered,40,0.00012083037290722132,0.0004970102454535663,-0.000376179872546345,0.000376179872546345,1.4151129650898437e-07
7,merged_z_m0p016_dedup_filtered,41,0.00022223869746085256,0.0005378634086810052,-0.0003156247112201527,0.0003156247112201527,9.961895833280477e-08
7,merged_z_m0p016_dedup_filtered,42,0.0003162926877848804,0.0005787170375697315,-0.0002624243497848511,0.0002624243497848511,6.886653936000187e-08
7,merged_z_m0p016_dedup_filtered,43,0.00039424223359674215,0.0006195716559886932,-0.00022532942239195108,0.00022532942239195108,5.0773348595490307e-08
7,merged_z_m0p016_dedup_filtered,44,0.0004486128455027938,0.0006604263326153159,-0.00021181348711252213,0.00021181348711252213,4.4864953322766576e-08
7,merged_z_m0p016_dedup_filtered,45,0.00047461004578508437,0.0007012812420725822,-0.00022667119628749788,0.00022667119628749788,5.137983122640539e-08
7,merged_z_m0p016_dedup_filtered,46,0.0004711711953859776,0.0007421369664371014,-0.00027096577105112374,0.00027096577105112374,7.342244908133001e-08
7,merged_z_m0p016_dedup_filtered,47,0.000441416836110875,0.0007829946698620915,-0.00034157783375121653,0.00034157783375121653,1.1667541651017372e-07
7,merged_z_m0p016_dedup_filtered,48,0.00039236561860889196,0.0008238583686761558,-0.00043149275006726384,0.00043149275006726384,1.8618599336061022e-07
7,merged_z_m0p016_dedup_filtered,49,0.00033392049954272807,0.0008647360373288393,-0.0005308155377861112,0.0005308155377861112,2.817651351551585e-07
7,merged_z_m0p016_dedup_filtered,50,0.00027728272834792733,0.0009056436247192323,-0.000628360896371305,0.000628360896371305,3.948374160885499e-07
7,merged_z_m0p016_dedup_filtered,51,0.0002330713759874925,0.0009466128540225327,-0.0007135414780350402,0.0007135414780350402,5.091414408764298e-07
7,merged_z_m0p016_dedup_filtered,52,0.0002094926603604108,0.0009877001866698265,-0.0007782075263094157,0.0007782075263094157,6.056069540046199e-07
7,merged_z_m0p016_dedup_filtered,53,-0.0004982943646609783,0.0014846447156742215,-0.0019829390803352,0.0019829390803352,3.932047396320608e-06
7,merged_z_m0p016_dedup_filtered,54,-0.0003597793111111969,0.0013856397708877921,-0.001745419081998989,0.001745419081998989,3.0464877718061934e-06
7,merged_z_m0p016_dedup_filtered,55,0.0008290043915621936,0.00046105115325190127,0.00036795323831029236,0.00036795323831029236,1.353895855830308e-07
7,merged_z_m0p016_dedup_filtered,56,0.0008606829796917737,0.0004815375432372093,0.00037914543645456433,0.00037914543645456433,1.4375126198432208e-07
7,merged_z_m0p016_dedup_filtered,57,0.0008721664780750871,0.0005020664539188147,0.0003701000241562724,0.0003701000241562724,1.3697402788047342e-07
7,merged_z_m0p016_dedup_filtered,58,-0.00011604244355112314,-8.765365322460639e-08,-0.00011595478989789854,0.00011595478989789854,1.3445513300265792e-08
7,merged_z_m0p016_dedup_filtered,59,-8.189026266336441e-05,-8.278884422452393e-08,-8.180747381913989e-05,8.180747381913989e-05,6.692462772669258e-09
7,merged_z_m0p016_dedup_filtered,60,-1.9570765289245173e-05,-7.802069035278691e-08,-1.9492744598892386e-05,1.9492744598892386e-05,3.799670919976483e-10
7,merged_z_m0p016_dedup_filtered,61,5.75762678636238e-05,-7.334247698054241e-08,5.764961034060434e-05,5.764961034060434e-05,3.323477572423515e-09
7,merged_z_m0p016_dedup_filtered,62,0.00013281588326208293,-6.88823433847574e-08,0.0001328847656054677,0.0001328847656054677,1.7658360930020088e-08
7,merged_z_m0p016_dedup_filtered,63,0.00018935413390863687,-6.451631406889646e-08,0.00018941865022270576,0.00018941865022270576,3.587942505219175e-08
7,merged_z_m0p016_dedup_filtered,64,0.00021364280837588012,-6.008493613762766e-08,0.00021370289331201775,0.00021370289331201775,4.566892660992764e-08
7,merged_z_m0p016_dedup_filtered,65,0.00019797624554485083,-5.5533046605660275e-08,0.0001980317785914565,0.0001980317785914565,3.921658533209564e-08
7,merged_z_m0p016_dedup_filtered,66,0.00014186123735271394,-5.0840792908957155e-08,0.0001419120781456229,0.0001419120781456229,2.0139037923609382e-08
7,merged_z_m0p016_dedup_filtered,67,-0.00030972063541412354,-0.0003287561412435025,1.9035505829378963e-05,1.9035505829378963e-05,3.6235048218032046e-10
7,merged_z_m0p016_dedup_filtered,68,-0.00032528542215004563,-0.0003491897659841925,2.3904343834146857e-05,2.3904343834146857e-05,5.714176541411149e-10
7,merged_z_m0p016_dedup_filtered,69,-0.000420643511461094,-0.00036962368176318705,-5.101982969790697e-05,5.101982969790697e-05,2.60302302240343e-09
7,merged_z_m0p016_dedup_filtered,70,-0.000587062444537878,-0.00039005829603411257,-0.00019700414850376546,0.00019700414850376546,3.8810634527693676e-08
7,merged_z_m0p016_dedup_filtered,71,-0.000803446164354682,-0.00041049456922337413,-0.00039295159513130784,0.00039295159513130784,1.5441095611623928e-07
7,merged_z_m0p016_dedup_filtered,72,-0.001039207330904901,-0.00043093538261018693,-0.0006082719482947141,0.0006082719482947141,3.6999476308224734e-07
7,merged_z_m0p016_dedup_filtered,73,-0.0012591012055054307,-0.00045138722634874284,-0.0008077139791566879,0.0008077139791566879,6.524018721251304e-07
7,merged_z_m0p016_dedup_filtered,74,-0.0014291523257270455,-0.000471863808343187,-0.0009572885173838586,0.0009572885173838586,9.164013055149861e-07
7,merged_z_m0p016_dedup_filtered,75,-0.0015225604875013232,-0.0004923840169794858,-0.0010301764705218375,0.0010301764705218375,1.0612635604168303e-06
7,merged_z_m0p016_dedup_filtered,76,-0.001710847718641162,-0.0009862297447398305,-0.0007246179739013314,0.0007246179739013314,5.250712081008706e-07
7,merged_z_m0p016_dedup_filtered,77,-0.0016656406223773956,-0.0009451392688788474,-0.0007205013534985483,0.0007205013534985483,5.1912220039324e-07
7,merged_z_m0p016_dedup_filtered,78,0.000780055474024266,0.0004405994259286672,0.0003394560480955988,0.0003394560480955988,1.152304085886815e-07
7,merged_z_m0p016_dedup_filtered,79,0.000718160648830235,0.0004201637639198452,0.0002979968849103898,0.0002979968849103898,8.880214341629609e-08
7,merged_z_m0p016_dedup_filtered,80,0.0006484066252596676,0.0003997348539996892,0.0002486717712599784,0.0002486717712599784,6.183764982157503e-08
7,merged_z_m0p016_dedup_filtered,81,0.0005759287741966546,0.00037930873804725707,0.0001966200361493975,0.0001966200361493975,3.865943861539038e-08
7,merged_z_m0p016_dedup_filtered,82,0.0005052459891885519,0.00035888361162506044,0.00014636237756349146,0.00014636237756349146,2.142194556603803e-08
7,merged_z_m0p016_dedup_filtered,83,0.00043975995504297316,0.0003384589799679816,0.00010130097507499158,0.00010130097507499158,1.0261887551144066e-08
7,merged_z_m0p016_dedup_filtered,84,0.000381494261091575,0.0003180345520377159,6.345970905385911e-05,6.345970905385911e-05,4.0271346732004485e-09
7,merged_z_m0p016_dedup_filtered,85,0.0003311010077595711,0.00029760986217297614,3.349114558659494e-05,3.349114558659494e-05,1.1216568327024977e-09
7,merged_z_m0p016_dedup_filtered,86,0.0002881087129935622,0.00027718511410057545,1.0923598892986774e-05,1.0923598892986774e-05,1.1932501277486188e-10
7,merged_z_m0p016_dedup_filtered,87,0.00025133686722256243,0.00025676030782051384,-5.423440597951412e-06,5.423440597951412e-06,2.941370791950757e-11
7,merged_z_m0p016_dedup_filtered,88,0.00021937840210739523,0.00023633554519619793,-1.6957143088802695e-05,1.6957143088802695e-05,2.87544701734129e-10
7,merged_z_m0p016_dedup_filtered,89,0.00019104100647382438,0.0002159112336812541,-2.4870227207429707e-05,2.4870227207429707e-05,6.185282013491768e-10
7,merged_z_m0p016_dedup_filtered,90,0.00016565823170822114,0.0001954879699042067,-2.9829738195985556e-05,2.9829738195985556e-05,8.898132808410396e-10
7,merged_z_m0p016_dedup_filtered,91,0.00014321584603749216,0.0001750672236084938,-3.185137757100165e-05,3.185137757100165e-05,1.014510253170507e-09
7,merged_z_m0p016_dedup_filtered,92,0.00012428429909050465,0.0001546525745652616,-3.0368275474756956e-05,3.0368275474756956e-05,9.222321553107248e-10
7,merged_z_m0p016_dedup_filtered,93,0.00010979465150739998,0.00013425250654108822,-2.4457855033688247e-05,2.4457855033688247e-05,5.981866728489095e-10
7,merged_z_m0p016_dedup_filtered,94,-0.0013614905765280128,-0.0001346870994893834,-0.0012268034770386294,0.0012268034770386294,1.5050467712740708e-06
7,merged_z_m0p016_dedup_filtered,95,-0.0013755169929936528,-0.00011431432358222082,-0.001261202669411432,0.001261202669411432,1.5906321733305218e-06
7,merged_z_m0p016_dedup_filtered,96,-0.0016903255600482225,-0.00023012967722024769,-0.0014601958828279749,0.0014601958828279749,2.1321720162277687e-06
7,merged_z_m0p016_dedup_filtered,97,-0.0016419084277004004,-0.00034439569571986794,-0.0012975127319805324,0.0012975127319805324,1.683539289651585e-06
7,merged_z_m0p016_dedup_filtered,98,-0.0015045194886624813,-0.00040538940811529756,-0.0010991300805471838,0.0010991300805471838,1.2080869339636586e-06
7,merged_z_m0p016_dedup_filtered,99,-0.0015977550065144897,-0.0002708356478251517,-0.001326919358689338,0.001326919358689338,1.760714984464524e-06
7,merged_z_m0p016_dedup_filtered,100,-0.0014559938572347164,-0.000311625306494534,-0.0011443685507401824,0.0011443685507401824,1.3095793799231854e-06
7,merged_z_m0p016_dedup_filtered,101,-0.0013005082728341222,-0.00046654770267196,-0.0008339605701621622,0.0008339605701621622,6.954902325851986e-07
7,merged_z_m0p016_dedup_filtered,102,-0.0010629923781380057,-0.0005277741001918912,-0.0005352182779461145,0.0005352182779461145,2.864586050476043e-07
7,merged_z_m0p016_dedup_filtered,103,-0.0012814451474696398,-0.0003524541389197111,-0.0009289910085499287,0.0009289910085499287,8.630242939666136e-07
7,merged_z_m0p016_dedup_filtered,104,-0.0010939680505543947,-0.00039330110303126276,-0.000700666947523132,0.000700666947523132,4.909341713513834e-07
7,merged_z_m0p016_dedup_filtered,105,-0.0008295663865283132,-0.0005890292231924832,-0.00024053716333582997,0.00024053716333582997,5.785812694564775e-08
7,merged_z_m0p016_dedup_filtered,106,-0.0006356240483000875,-0.0006503114709630609,1.4687422662973404e-05,1.4687422662973404e-05,2.1572038448082476e-10
7,merged_z_m0p016_dedup_filtered,107,-0.0009143795468844473,-0.000434155750554055,-0.00048022379633039236,0.00048022379633039236,2.3061489456197416e-07
7,merged_z_m0p016_dedup_filtered,108,-0.0010587434517219663,-0.0019349680515006185,0.0008762245997786522,0.0008762245997786522,7.677695492572592e-07
7,merged_z_m0p016_dedup_filtered,109,-0.0011856909841299057,-0.000195943663129583,-0.0009897473210003227,0.0009897473210003227,9.795997594273158e-07
7,merged_z_m0p016_dedup_filtered,110,-0.0012743767583742738,-0.00017551530618220568,-0.001098861452192068,0.001098861452192068,1.2074964911136608e-06
7,merged_z_m0p016_dedup_filtered,111,-0.0013305996544659138,-0.0001550936867715791,-0.0011755059676943347,0.0011755059676943347,1.3818142800849942e-06
7,merged_z_m0p016_dedup_filtered,112,-0.0017228794749826193,-0.00018960496527142823,-0.001533274509711191,0.001533274509711191,2.3509307221300933e-06
7,merged_z_m0p016_dedup_filtered,113,-0.0007619386306032538,-0.00047501467633992434,-0.0002869239542633295,0.0002869239542633295,8.23253555301052e-08
7,merged_z_m0p016_dedup_filtered,114,-0.0005083231953904033,-0.0007115888292901218,0.00020326563389971852,0.00020326563389971852,4.13169179246544e-08
7,merged_z_m0p016_dedup_filtered,115,-0.00046233623288571835,-0.0007728756172582507,0.00031053938437253237,0.00031053938437253237,9.64347092464714e-08
7,merged_z_m0p016_dedup_filtered,116,-0.000652168586384505,-0.0005158754647709429,-0.0001362931216135621,0.0001362931216135621,1.857581499916923e-08
7,merged_z_m0p016_dedup_filtered,117,-0.0005952842766419053,-0.0005567368352785707,-3.8547441363334656e-05,3.8547441363334656e-05,1.4859052356597235e-09
7,merged_z_m0p016_dedup_filtered,118,-0.0004981461097486317,-0.0008341713109984994,0.0003360252012498677,0.0003360252012498677,1.1291293587501407e-07
7,merged_z_m0p016_dedup_filtered,119,-0.0006031091324985027,-0.0008954599034041166,0.0002923507709056139,0.0002923507709056139,8.546897324910674e-08
7,merged_z_m0p016_dedup_filtered,120,-0.0005671163671649992,-0.00027767239953391254,-0.0002894439676310867,0.0002894439676310867,8.377781039802557e-08
7,merged_z_m0p016_dedup_filtered,121,-0.0007365003693848848,-0.00025723950238898396,-0.00047926086699590087,0.00047926086699590087,2.2969097863366258e-07
7,merged_z_m0p016_dedup_filtered,122,-3.2029362046159804e-05,0.000771452090702951,-0.0008034814527491108,0.0008034814527491108,6.455824449118215e-07
7,merged_z_m0p016_dedup_filtered,123,0.00015284717665053904,0.0008390358416363597,-0.0006861886649858207,0.0006861886649858207,4.708548839550228e-07
7,merged_z_m0p016_dedup_filtered,124,0.000392609101254493,0.0009618177427910268,-0.0005692086415365338,0.0005692086415365338,3.2399847759986627e-07
7,merged_z_m0p016_dedup_filtered,125,0.0004017772153019905,0.0010490822605788708,-0.0006473050452768803,0.0006473050452768803,4.19003821640904e-07
7,merged_z_m0p016_dedup_filtered,126,0.00030748313292860985,-0.008962970227003098,0.009270453359931707,0.009270453359931707,8.594130549866908e-05
7,merged_z_m0p016_dedup_filtered,127,0.00016112672165036201,0.0011778248008340597,-0.0010166980791836977,0.0010166980791836977,1.0336749842158204e-06
8,merged_z_m0p018_dedup_filtered,0,-0.0014312227722257376,-0.001447714283131063,1.6491510905325413e-05,1.6491510905325413e-05,2.71969931940467e-10
8,merged_z_m0p018_dedup_filtered,1,-0.00143854646012187,-0.001375006278976798,-6.354018114507198e-05,6.354018114507198e-05,4.037354619948561e-09
8,merged_z_m0p018_dedup_filtered,2,-0.0014386717230081558,-0.0013246310409158468,-0.000114040682092309,0.000114040682092309,1.3005277172079086e-08
8,merged_z_m0p018_dedup_filtered,3,-0.001520511694252491,-0.0008837009663693607,-0.0006368107278831303,0.0006368107278831303,4.0552790314704224e-07
8,merged_z_m0p018_dedup_filtered,4,-0.0013881298946216702,-0.0008428021101281047,-0.0005453277844935656,0.0005453277844935656,2.973823925406607e-07
8,merged_z_m0p018_dedup_filtered,5,-0.0014182168524712324,-0.001263270853087306,-0.0001549459993839264,0.0001549459993839264,2.4008262725083718e-08
8,merged_z_m0p018_dedup_filtered,6,-0.0013639277312904596,-0.0012019394198432565,-0.00016198831144720316,0.00016198831144720316,2.624021304551609e-08
8,merged_z_m0p018_dedup_filtered,7,-0.0012343516573309898,-0.0008019231609068811,-0.00043242849642410874,0.00043242849642410874,1.8699440451961543e-07
8,merged_z_m0p018_dedup_filtered,8,-0.00107130769174546,-0.0007610530010424554,-0.0003102546907030046,0.0003102546907030046,9.625797310321705e-08
8,merged_z_m0p018_dedup_filtered,9,-0.00126790557987988,-0.0011406324338167906,-0.00012727314606308937,0.00012727314606308937,1.619845370879648e-08
8,merged_z_m0p018_dedup_filtered,10,-0.001130908029153943,-0.0010793345281854272,-5.157350096851587e-05,5.157350096851587e-05,2.6598260021495077e-09
8,merged_z_m0p018_dedup_filtered,11,-0.0009129548561759293,-0.0007201872649602592,-0.0001927675912156701,0.0001927675912156701,3.7159344223091696e-08
8,merged_z_m0p018_dedup_filtered,12,-0.0007740654982626438,-0.0006793235661461949,-9.474193211644888e-05,9.474193211644888e-05,8.976033701157808e-09
8,merged_z_m0p018_dedup_filtered,13,-0.0009639393538236618,-0.0010180397657677531,5.410041194409132e-05,5.410041194409132e-05,2.9268545725203788e-09
8,merged_z_m0p018_dedup_filtered,14,-0.0007874453440308571,-0.0009567463421262801,0.00016930099809542298,0.00016930099809542298,2.8662827956106417e-08
8,merged_z_m0p018_dedup_filtered,15,-0.0006688463618047535,-0.000638460973277688,-3.0385388527065516e-05,3.0385388527065516e-05,9.232718359407247e-10
8,merged_z_m0p018_dedup_filtered,16,-0.0006093152333050966,-0.0005975988460704684,-1.17163872346282e-05,1.17163872346282e-05,1.3727372983175865e-10
8,merged_z_m0p018_dedup_filtered,17,-0.0004251576028764248,-0.005601417738944292,0.005176260136067867,0.005176260136067867,2.6793668996245336e-05
8,merged_z_m0p018_dedup_filtered,18,-1.8522223399486393e-05,-4.381816864906796e-08,-1.8478405230837325e-05,1.8478405230837325e-05,3.414514598750362e-10
8,merged_z_m0p018_dedup_filtered,19,-0.00013811596727464348,-3.940547443903597e-08,-0.00013807656180020444,0.00013807656180020444,1.9065136918565676e-08
8,merged_z_m0p018_dedup_filtered,20,-0.0002544877934269607,-3.528859693346931e-08,-0.00025445250483002724,0.00025445250483002724,6.474607721427504e-08
8,merged_z_m0p018_dedup_filtered,21,-0.0003534530696924776,-3.133590809056841e-08,-0.000353421733784387,0.000353421733784387,1.2490692191116213e-07
8,merged_z_m0p018_dedup_filtered,22,-0.0004253853112459183,-2.7436634297828277e-08,-0.00042535787461162045,0.00042535787461162045,1.8092932149411502e-07
8,merged_z_m0p018_dedup_filtered,23,-0.00046677913633175194,-2.3607100274603e-08,-0.00046675552923147734,0.00046675552923147734,2.178607240681565e-07
8,merged_z_m0p018_dedup_filtered,24,-0.0004804057243745774,-1.99208045614796e-08,-0.0004803858035700159,0.0004803858035700159,2.3077052027160993e-07
8,merged_z_m0p018_dedup_filtered,25,-0.0004740761360153556,-1.6569588368042787e-08,-0.00047405956642698754,0.00047405956642698754,2.2473247252094342e-07
8,merged_z_m0p018_dedup_filtered,26,-0.0004583282570820302,-1.3542215349104936e-08,-0.00045831471486668107,0.00045831471486668107,2.1005237786332716e-07
8,merged_z_m0p018_dedup_filtered,27,-0.00044359220191836357,-1.0667145389220423e-08,-0.00044358153477297435,0.00044358153477297435,1.9676457799154746e-07
8,merged_z_m0p018_dedup_filtered,28,-0.00043749509495683014,-7.969680915209665e-09,-0.00043748712527591493,0.00043748712527591493,1.913949847821841e-07
8,merged_z_m0p018_dedup_filtered,29,0.0001135309794335626,9.47217849898152e-05,1.88091944437474e-05,1.88091944437474e-05,3.537857956226981e-10
8,merged_z_m0p018_dedup_filtered,30,-0.00031673567718826234,0.00021143874619156122,-0.0005281744233798236,0.0005281744233798236,2.789682215126091e-07
8,merged_z_m0p018_dedup_filtered,31,-0.00030136809800751507,0.00025207229191437364,-0.0005534403899218887,0.0005534403899218887,3.062962651968922e-07
8,merged_z_m0p018_dedup_filtered,32,-0.0007261860882863402,0.00037894511478953063,-0.0011051312030758709,0.0011051312030758709,1.2213149760119217e-06
8,merged_z_m0p018_dedup_filtered,33,-0.0005855744821019471,-0.0003652821760624647,-0.00022029230603948236,0.00022029230603948236,4.8528700100192954e-08
8,merged_z_m0p018_dedup_filtered,34,-0.0006436839466914535,0.0004891888820566237,-0.0011328728287480772,0.0011328728287480772,1.2834008461156701e-06
8,merged_z_m0p018_dedup_filtered,35,-0.00022347999038174748,0.0003336321096867323,-0.0005571121000684798,0.0005571121000684798,3.103738920427118e-07
8,merged_z_m0p018_dedup_filtered,36,-0.00015944195911288261,0.00037446481292136014,-0.0005339067720342427,0.0005339067720342427,2.8505644122402486e-07
8,merged_z_m0p018_dedup_filtered,37,-7.930109859444201e-05,0.0004153090703766793,-0.0004946101689711213,0.0004946101689711213,2.446392192496412e-07
8,merged_z_m0p018_dedup_filtered,38,-0.00041560898534953594,0.0006241575465537608,-0.0010397665319032967,0.0010397665319032967,1.0811144408662093e-06
8,merged_z_m0p018_dedup_filtered,39,1.414494909113273e-05,0.0004561584210023284,-0.00044201347191119567,0.00044201347191119567,1.9537590935098936e-07
8,merged_z_m0p018_dedup_filtered,40,0.00011579354759305716,0.0004970102454535663,-0.00038121669786050916,0.00038121669786050916,1.4532617072767073e-07
8,merged_z_m0p018_dedup_filtered,41,0.0002184464392485097,0.0005378634086810052,-0.00031941696943249553,0.00031941696943249553,1.0202720036143979e-07
8,merged_z_m0p018_dedup_filtered,42,0.0003135676379315555,0.0005787170375697315,-0.00026514939963817596,0.00026514939963817596,7.030420412848515e-08
8,merged_z_m0p018_dedup_filtered,43,0.00039248319808393717,0.0006195716559886932,-0.00022708845790475607,0.00022708845790475607,5.156916771356017e-08
8,merged_z_m0p018_dedup_filtered,44,0.00044781339238397777,0.0006604263326153159,-0.00021261294023133814,0.00021261294023133814,4.5204262353814566e-08
8,merged_z_m0p018_dedup_filtered,45,0.0004748486971948296,0.0007012812420725822,-0.00022643254487775266,0.00022643254487775266,5.127169737981547e-08
8,merged_z_m0p018_dedup_filtered,46,0.00047257632832042873,0.0007421369664371014,-0.00026956063811667264,0.00026956063811667264,7.266293762186774e-08
8,merged_z_m0p018_dedup_filtered,47,0.0004441150522325188,0.0007829946698620915,-0.00033887961762957275,0.00033887961762957275,1.1483939524476543e-07
8,merged_z_m0p018_dedup_filtered,48,0.00039642551564611495,0.0008238583686761558,-0.00042743285303004086,0.00042743285303004086,1.826988438494005e-07
8,merged_z_m0p018_dedup_filtered,49,0.00033930534846149385,0.0008647360373288393,-0.0005254306888673455,0.0005254306888673455,2.760774088036132e-07
8,merged_z_m0p018_dedup_filtered,50,0.00028382294112816453,0.0009056436247192323,-0.0006218206835910678,0.0006218206835910678,3.8666096254166284e-07
8,merged_z_m0p018_dedup_filtered,51,0.0002404635597486049,0.0009466128540225327,-0.0007061492942739278,0.0007061492942739278,4.986468258035663e-07
8,merged_z_m0p018_dedup_filtered,52,0.0002173266257159412,0.0009877001866698265,-0.0007703735609538853,0.0007703735609538853,5.934754234167697e-07
8,merged_z_m0p018_dedup_filtered,53,-0.000480828108265996,0.0014846447156742215,-0.0019654728239402175,0.0019654728239402175,3.863083421647533e-06
8,merged_z_m0p018_dedup_filtered,54,-0.00034339926787652075,0.0013856397708877921,-0.0017290390387643129,0.0017290390387643129,2.989575997571019e-06
8,merged_z_m0p018_dedup_filtered,55,0.0008271922124549747,0.00046105115325190127,0.0003661410592030734,0.0003661410592030734,1.340592752343485e-07
8,merged_z_m0p018_dedup_filtered,56,0.0008591446676291525,0.0004815375432372093,0.0003776071243919432,0.0003776071243919432,1.4258714039155248e-07
8,merged_z_m0p018_dedup_filtered,57,0.0008706981316208839,0.0005020664539188147,0.0003686316777020693,0.0003686316777020693,1.3588931380544228e-07
8,merged_z_m0p018_dedup_filtered,58,-0.00010709096386563033,-8.765365322460639e-08,-0.00010700331021240572,0.00010700331021240572,1.144970839641233e-08
8,merged_z_m0p018_dedup_filtered,59,-7.302267476916313e-05,-8.278884422452393e-08,-7.293988592493861e-05,7.293988592493861e-05,5.320226958743057e-09
8,merged_z_m0p018_dedup_filtered,60,-1.1032137990696356e-05,-7.802069035278691e-08,-1.0954117300343569e-05,1.0954117300343569e-05,1.1999268582968628e-10
8,merged_z_m0p018_dedup_filtered,61,6.526767538161948e-05,-7.334247698054241e-08,6.534101785860003e-05,6.534101785860003e-05,4.269448614797887e-09
8,merged_z_m0p018_dedup_filtered,62,0.00013884628424420953,-6.88823433847574e-08,0.00013891516658759429,0.00013891516658759429,1.929742350805907e-08
8,merged_z_m0p018_dedup_filtered,63,0.0001927005359902978,-6.451631406889646e-08,0.0001927650523043667,0.0001927650523043667,3.715836538990523e-08
8,merged_z_m0p018_dedup_filtered,64,0.00021325761917978525,-6.008493613762766e-08,0.00021331770411592288,0.00021331770411592288,4.550444288928842e-08
8,merged_z_m0p018_dedup_filtered,65,0.0001930327562149614,-5.5533046605660275e-08,0.00019308828926156707,0.00019308828926156707,3.7283087449958594e-08
8,merged_z_m0p018_dedup_filtered,66,0.00013200435205362737,-5.0840792908957155e-08,0.00013205519284653633,0.00013205519284653633,1.74385739577359e-08
8,merged_z_m0p018_dedup_filtered,67,-0.0003114690480288118,-0.0003287561412435025,1.7287093214690685e-05,1.7287093214690685e-05,2.9884359181340473e-10
8,merged_z_m0p018_dedup_filtered,68,-0.000324659253237769,-0.0003491897659841925,2.4530512746423483e-05,2.4530512746423483e-05,6.01746055602445e-10
8,merged_z_m0p018_dedup_filtered,69,-0.00041706630145199597,-0.00036962368176318705,-4.744261968880892e-05,4.744261968880892e-05,2.2508021629369596e-09
8,merged_z_m0p018_dedup_filtered,70,-0.0005801714723929763,-0.00039005829603411257,-0.0001901131763588637,0.0001901131763588637,3.6143019825256416e-08
8,merged_z_m0p018_dedup_filtered,71,-0.0007931456784717739,-0.00041049456922337413,-0.00038265110924839973,0.00038265110924839973,1.4642187140903075e-07
8,merged_z_m0p018_dedup_filtered,72,-0.0010256953537464142,-0.00043093538261018693,-0.0005947599711362273,0.0005947599711362273,3.5373942326596587e-07
8,merged_z_m0p018_dedup_filtered,73,-0.0012428655754774809,-0.00045138722634874284,-0.000791478349128738,0.000791478349128738,6.264379771395526e-07
8,merged_z_m0p018_dedup_filtered,74,-0.0014109346084296703,-0.000471863808343187,-0.0009390708000864834,0.0009390708000864834,8.81853967575068e-07
8,merged_z_m0p018_dedup_filtered,75,-0.0015032906085252762,-0.0004923840169794858,-0.0010109065915457904,0.0010109065915457904,1.0219321368307276e-06
8,merged_z_m0p018_dedup_filtered,76,-0.0017010580049827695,-0.0009862297447398305,-0.000714828260242939,0.000714828260242939,5.109794416419469e-07
8,merged_z_m0p018_dedup_filtered,77,-0.0016585267148911953,-0.0009451392688788474,-0.0007133874460123479,0.0007133874460123479,5.089216481280206e-07
8,merged_z_m0p018_dedup_filtered,78,0.0007775763515383005,0.0004405994259286672,0.0003369769256096333,0.0003369769256096333,1.1355344839332035e-07
8,merged_z_m0p018_dedup_filtered,79,0.0007143852999433875,0.0004201637639198452,0.0002942215360235423,0.0002942215360235423,8.656631226005259e-08
8,merged_z_m0p018_dedup_filtered,80,0.0006425141473300755,0.0003997348539996892,0.00024277929333038628,0.00024277929333038628,5.8941785270001745e-08
8,merged_z_m0p018_dedup_filtered,81,0.0005670418031513691,0.00037930873804725707,0.00018773306510411203,0.00018773306510411203,3.5243703733384766e-08
8,merged_z_m0p018_dedup_filtered,82,0.0004926332621835172,0.00035888361162506044,0.00013374965055845678,0.00013374965055845678,1.7888969024509298e-08
8,merged_z_m0p018_dedup_filtered,83,0.0004230607592035085,0.0003384589799679816,8.460177923552692e-05,8.460177923552692e-05,7.157461049816834e-09
8,merged_z_m0p018_dedup_filtered,84,0.00036091043148189783,0.0003180345520377159,4.287587944418192e-05,4.287587944418192e-05,1.8383410381120216e-09
8,merged_z_m0p018_dedup_filtered,85,0.0003075038257520646,0.00029760986217297614,9.89396357908845e-06,9.89396357908845e-06,9.789051530432872e-11
8,merged_z_m0p018_dedup_filtered,86,0.0002630225499160588,0.00027718511410057545,-1.4162564184516668e-05,1.4162564184516668e-05,2.0057822428055428e-10
8,merged_z_m0p018_dedup_filtered,87,0.00022678685490973294,0.00025676030782051384,-2.9973452910780907e-05,2.9973452910780907e-05,8.984078793948004e-10
8,merged_z_m0p018_dedup_filtered,88,0.00019761724979616702,0.00023633554519619793,-3.871829540003091e-05,3.871829540003091e-05,1.4991063986840548e-09
8,merged_z_m0p018_dedup_filtered,89,0.000174198008608073,0.0002159112336812541,-4.171322507318109e-05,4.171322507318109e-05,1.7399931460058638e-09
8,merged_z_m0p018_dedup_filtered,90,0.00015537315630353987,0.0001954879699042067,-4.011481360066682e-05,4.011481360066682e-05,1.6091982702162438e-09
8,merged_z_m0p018_dedup_filtered,91,0.00014032718900125474,0.0001750672236084938,-3.474003460723907e-05,3.474003460723907e-05,1.206870004512168e-09
8,merged_z_m0p018_dedup_filtered,92,0.00012863523443229496,0.0001546525745652616,-2.6017340132966638e-05,2.6017340132966638e-05,6.769019875944765e-10
8,merged_z_m0p018_dedup_filtered,93,0.00012019908899674192,0.00013425250654108822,-1.4053417544346303e-05,1.4053417544346303e-05,1.9749854467574047e-10
8,merged_z_m0p018_dedup_filtered,94,-0.0013577801873907447,-0.0001346870994893834,-0.0012230930879013613,0.0012230930879013613,1.495956701672087e-06
8,merged_z_m0p018_dedup_filtered,95,-0.001371065154671669,-0.00011431432358222082,-0.0012567508310894482,0.0012567508310894482,1.5794226514440187e-06
8,merged_z_m0p018_dedup_filtered,96,-0.0016814901027828455,-0.00023012967722024769,-0.0014513604255625978,0.0014513604255625978,2.106447084889245e-06
8,merged_z_m0p018_dedup_filtered,97,-0.0016257130773738027,-0.00034439569571986794,-0.0012813173816539347,0.0012813173816539347,1.641774232528495e-06
8,merged_z_m0p018_dedup_filtered,98,-0.0014878835063427687,-0.00040538940811529756,-0.0010824940982274711,0.0010824940982274711,1.1717934726973059e-06
8,merged_z_m0p018_dedup_filtered,99,-0.0015883009182289243,-0.0002708356478251517,-0.0013174652704037726,0.0013174652704037726,1.7357147387200856e-06
8,merged_z_m0p018_dedup_filtered,100,-0.0014459487283602357,-0.000311625306494534,-0.0011343234218657017,0.0011343234218657017,1.2866896253931146e-06
8,merged_z_m0p018_dedup_filtered,101,-0.0012837155954912305,-0.00046654770267196,-0.0008171678928192705,0.0008171678928192705,6.677633650546867e-07
8,merged_z_m0p018_dedup_filtered,102,-0.0010470274137333035,-0.0005277741001918912,-0.0005192533135414124,0.0005192533135414124,2.696240036237363e-07
8,merged_z_m0p018_dedup_filtered,103,-0.0012713635805994272,-0.0003524541389197111,-0.0009189094416797161,0.0009189094416797161,8.443945620081276e-07
8,merged_z_m0p018_dedup_filtered,104,-0.0010849235113710165,-0.00039330110303126276,-0.0006916224083397537,0.0006916224083397537,4.783415557176811e-07
8,merged_z_m0p018_dedup_filtered,105,-0.0008160969591699541,-0.0005890292231924832,-0.00022706773597747087,0.00022706773597747087,5.155975672193442e-08
8,merged_z_m0p018_dedup_filtered,106,-0.0006267731660045683,-0.0006503114709630609,2.3538304958492517e-05,2.3538304958492517e-05,5.540518003189934e-10
8,merged_z_m0p018_dedup_filtered,107,-0.0009078009170480072,-0.000434155750554055,-0.0004736451664939523,0.0004736451664939523,2.2433974374308377e-07
8,merged_z_m0p018_dedup_filtered,108,-0.0010608199518173933,-0.0021768389269709587,0.0011160189751535654,0.0011160189751535654,1.2454983529028144e-06
8,merged_z_m0p018_dedup_filtered,109,-0.0011861915700137615,-0.000195943663129583,-0.0009902479068841785,0.0009902479068841785,9.805909170884967e-07
8,merged_z_m0p018_dedup_filtered,110,-0.0012732839677482843,-0.00017551530618220568,-0.0010977686615660787,0.0010977686615660787,1.2050960343165798e-06
8,merged_z_m0p018_dedup_filtered,111,-0.0013280498096719384,-0.0001550936867715791,-0.0011729561229003593,0.0011729561229003593,1.3758260662494429e-06
8,merged_z_m0p018_dedup_filtered,112,-0.0017143015284091234,-0.00018960496527142823,-0.0015246965631376952,0.0015246965631376952,2.3246996096438997e-06
8,merged_z_m0p018_dedup_filtered,113,-0.0007593235350213945,-0.00047501467633992434,-0.00028430885868147016,0.00028430885868147016,8.083152712476017e-08
8,merged_z_m0p018_dedup_filtered,114,-0.0005062711425125599,-0.0007115888292901218,0.0002053176867775619,0.0002053176867775619,4.215535250368902e-08
8,merged_z_m0p018_dedup_filtered,115,-0.00046883898903615773,-0.0007728756172582507,0.000304036628222093,0.000304036628222093,9.243827130065919e-08
8,merged_z_m0p018_dedup_filtered,116,-0.0006547358352690935,-0.0005158754647709429,-0.0001388603704981506,0.0001388603704981506,1.928220249488365e-08
8,merged_z_m0p018_dedup_filtered,117,-0.0006036436534486711,-0.0005567368352785707,-4.690681817010045e-05,4.690681817010045e-05,2.2002495908428658e-09
8,merged_z_m0p018_dedup_filtered,118,-0.0005140792927704751,-0.0008341713109984994,0.00032009201822802424,0.00032009201822802424,1.024589001332898e-07
8,merged_z_m0p018_dedup_filtered,119,-0.000628146983217448,-0.0008954599034041166,0.00026731292018666863,0.00026731292018666863,7.145619729872428e-08
8,merged_z_m0p018_dedup_filtered,120,-0.000571541371755302,-0.00027767239953391254,-0.0002938689722213894,0.0002938689722213894,8.635897283445574e-08
8,merged_z_m0p018_dedup_filtered,121,-0.0007406841032207012,-0.00025723950238898396,-0.00048344460083171725,0.00048344460083171725,2.3371868207333843e-07
8,merged_z_m0p018_dedup_filtered,122,-2.1615123841911554e-05,0.000771452090702951,-0.0007930672145448625,0.0007930672145448625,6.28955606785947e-07
8,merged_z_m0p018_dedup_filtered,123,0.0001663209986872971,0.0008390358416363597,-0.0006727148429490626,0.0006727148429490626,4.5254525992398194e-07
8,merged_z_m0p018_dedup_filtered,124,0.0004072110168635845,0.0009618177427910268,-0.0005546067259274423,0.0005546067259274423,3.075886204439571e-07
8,merged_z_m0p018_dedup_filtered,125,0.00041514323675073683,0.0010490822605788708,-0.0006339390238281339,0.0006339390238281339,4.0187868593216737e-07
8,merged_z_m0p018_dedup_filtered,126,0.0003206662368029356,-0.010083341039717197,0.010404007276520133,0.010404007276520133,0.00010824336740988388
8,merged_z_m0p018_dedup_filtered,127,0.00017450207087676972,0.0011778248008340597,-0.00100332272995729,0.00100332272995729,1.006656500448949e-06
9,merged_z_m0p020_dedup_filtered,0,-0.0014325479278340936,-0.001447714283131063,1.5166355296969414e-05,1.5166355296969414e-05,2.300183329939122e-10
9,merged_z_m0p020_dedup_filtered,1,-0.0014444227563217282,-0.001375006278976798,-6.941647734493017e-05,6.941647734493017e-05,4.818647326979204e-09
9,merged_z_m0p020_dedup_filtered,2,-0.001451189978979528,-0.0013246310409158468,-0.00012655893806368113,0.00012655893806368113,1.6017164803806675e-08
9,merged_z_m0p020_dedup_filtered,3,-0.0015211926074698567,-0.0008837009663693607,-0.000637491641100496,0.000637491641100496,4.0639559247300367e-07
9,merged_z_m0p020_dedup_filtered,4,-0.0013946332037448883,-0.0008428021101281047,-0.0005518310936167836,0.0005518310936167836,3.045175558822954e-07
9,merged_z_m0p020_dedup_filtered,5,-0.0014381806831806898,-0.001263270853087306,-0.0001749098300933838,0.0001749098300933838,3.0593448663296385e-08
9,merged_z_m0p020_dedup_filtered,6,-0.0013907451648265123,-0.0012019394198432565,-0.00018880574498325586,0.00018880574498325586,3.5647609338682247e-08
9,merged_z_m0p020_dedup_filtered,7,-0.001246380852535367,-0.0008019231609068811,-0.0004444576916284859,0.0004444576916284859,1.9754263964772228e-07
9,merged_z_m0p020_dedup_filtered,8,-0.0010876214364543557,-0.0007610530010424554,-0.0003265684354119003,0.0003265684354119003,1.0664694300737649e-07
9,merged_z_m0p020_dedup_filtered,9,-0.0012996946461498737,-0.0011406324338167906,-0.00015906221233308315,0.00015906221233308315,2.530078739229483e-08
9,merged_z_m0p020_dedup_filtered,10,-0.0011648512445390224,-0.0010793345281854272,-8.551671635359526e-05,8.551671635359526e-05,7.3131087759012664e-09
9,merged_z_m0p020_dedup_filtered,11,-0.0009316154173575342,-0.0007201872649602592,-0.00021142815239727497,0.00021142815239727497,4.470186362612533e-08
9,merged_z_m0p020_dedup_filtered,12,-0.0007928039995022118,-0.0006793235661461949,-0.00011348043335601687,0.00011348043335601687,1.2877808754669387e-08
9,merged_z_m0p020_dedup_filtered,13,-0.0009967965306714177,-0.0010180397657677531,2.124323509633541e-05,2.124323509633541e-05,4.5127503735817656e-10
9,merged_z_m0p020_dedup_filtered,14,-0.0008161242585629225,-0.0009567463421262801,0.0001406220835633576,0.0001406220835633576,1.9774570385699925e-08
9,merged_z_m0p020_dedup_filtered,15,-0.0006854711682535708,-0.000638460973277688,-4.701019497588277e-05,4.701019497588277e-05,2.2099584316705135e-09
9,merged_z_m0p020_dedup_filtered,16,-0.0006220791256055236,-0.0005975988460704684,-2.448027953505516e-05,2.448027953505516e-05,5.992840861144405e-10
9,merged_z_m0p020_dedup_filtered,17,-0.00042938394472002983,-0.006223797798156738,0.0057944138534367085,0.0057944138534367085,3.3575231904899245e-05
9,merged_z_m0p020_dedup_filtered,18,-3.280311284470372e-05,-4.381816864906796e-08,-3.275929467605465e-05,3.275929467605465e-05,1.0731713876725825e-09
9,merged_z_m0p020_dedup_filtered,19,-0.00015456482651643455,-3.940547443903597e-08,-0.00015452542104199551,0.00015452542104199551,2.387810574820599e-08
9,merged_z_m0p020_dedup_filtered,20,-0.00027144060004502535,-3.528859693346931e-08,-0.0002714053114480919,0.0002714053114480919,7.366084308223576e-08
9,merged_z_m0p020_dedup_filtered,21,-0.00036899809492751956,-3.133590809056841e-08,-0.000368966759019429,0.000368966759019429,1.3613646926130138e-07
9,merged_z_m0p020_dedup_filtered,22,-0.00043765801819972694,-2.7436634297828277e-08,-0.0004376305815654291,0.0004376305815654291,1.915205259212957e-07
9,merged_z_m0p020_dedup_filtered,23,-0.00047427695244550705,-2.3607100274603e-08,-0.00047425334534523245,0.00047425334534523245,2.2491623557114432e-07
9,merged_z_m0p020_dedup_filtered,24,-0.0004822631017304957,-1.99208045614796e-08,-0.0004822431809259342,0.0004822431809259342,2.325584855495633e-07
9,merged_z_m0p020_dedup_filtered,25,-0.00047024377272464335,-1.6569588368042787e-08,-0.0004702272031362753,0.0004702272031362753,2.211136225693639e-07
9,merged_z_m0p020_dedup_filtered,26,-0.0004496187320910394,-1.3542215349104936e-08,-0.0004496051898756903,0.0004496051898756903,2.0214482676315553e-07
9,merged_z_m0p020_dedup_filtered,27,-0.00043157703476026654,-1.0667145389220423e-08,-0.0004315663676148773,0.0004315663676148773,1.8624952965629942e-07
9,merged_z_m0p020_dedup_filtered,28,-0.00042426850995980203,-7.969680915209665e-09,-0.0004242605402788868,0.0004242605402788868,1.7999700603773295e-07
9,merged_z_m0p020_dedup_filtered,29,0.00012534679262898862,9.47217849898152e-05,3.062500763917342e-05,3.062500763917342e-05,9.378910928994302e-10
9,merged_z_m0p020_dedup_filtered,30,-0.00032865229877643287,0.00021143874619156122,-0.0005400910449679941,0.0005400910449679941,2.916983368546198e-07
9,merged_z_m0p020_dedup_filtered,31,-0.00031296504312194884,0.00025207229191437364,-0.0005650373350363225,0.0005650373350363225,3.1926718998494933e-07
9,merged_z_m0p020_dedup_filtered,32,-0.0007517163758166134,0.00037894511478953063,-0.001130661490606144,0.001130661490606144,1.2783954063397076e-06
9,merged_z_m0p020_dedup_filtered,33,-0.0006048835348337889,-0.0004058691265527159,-0.00019901440828107297,0.00019901440828107297,3.960673470346561e-08
9,merged_z_m0p020_dedup_filtered,34,-0.0006611681892536581,0.0004891888820566237,-0.0011503570713102818,0.0011503570713102818,1.3233213915135687e-06
9,merged_z_m0p020_dedup_filtered,35,-0.00023363072250504047,0.0003336321096867323,-0.0005672628321917728,0.0005672628321917728,3.2178712078623134e-07
9,merged_z_m0p020_dedup_filtered,36,-0.0001685570168774575,0.00037446481292136014,-0.0005430218297988176,0.0005430218297988176,2.9487270763805607e-07
9,merged_z_m0p020_dedup_filtered,37,-8.724503277335316e-05,0.0004153090703766793,-0.0005025541031500325,0.0005025541031500325,2.5256062659293347e-07
9,merged_z_m0p020_dedup_filtered,38,-0.000420082185883075,0.0006241575465537608,-0.0010442397324368358,0.0010442397324368358,1.0904366187997544e-06
9,merged_z_m0p020_dedup_filtered,39,7.454571459675208e-06,0.0004561584210023284,-0.0004487038495426532,0.0004487038495426532,2.0133514459439594e-07
9,merged_z_m0p020_dedup_filtered,40,0.00011039462697226554,0.0004970102454535663,-0.00038661561848130077,0.00038661561848130077,1.4947163645367871e-07
9,merged_z_m0p020_dedup_filtered,41,0.00021434407972265035,0.0005378634086810052,-0.0003235193289583549,0.0003235193289583549,1.0466475620966425e-07
9,merged_z_m0p020_dedup_filtered,42,0.0003107463417109102,0.0005787170375697315,-0.00026797069585882127,0.00026797069585882127,7.180829383906089e-08
9,merged_z_m0p020_dedup_filtered,43,0.0003909165970981121,0.0006195716559886932,-0.00022865505889058113,0.00022865505889058113,5.2283135956255125e-08
9,merged_z_m0p020_dedup_filtered,44,0.0004474693851079792,0.0006604263326153159,-0.00021295694750733674,0.00021295694750733674,4.5350661491642574e-08
9,merged_z_m0p020_dedup_filtered,45,0.0004756894486490637,0.0007012812420725822,-0.00022559179342351854,0.00022559179342351854,5.089165726003946e-08
9,merged_z_m0p020_dedup_filtered,46,0.0004745531769003719,0.0007421369664371014,-0.00026758378953672945,0.00026758378953672945,7.160108442283672e-08
9,merged_z_m0p020_dedup_filtered,47,0.00044716018601320684,0.0007829946698620915,-0.0003358344838488847,0.0003358344838488847,1.127848005420468e-07
9,merged_z_m0p020_dedup_filtered,48,0.0004004431248176843,0.0008238583686761558,-0.0004234152438584715,0.0004234152438584715,1.792804687317289e-07
9,merged_z_m0p020_dedup_filtered,49,0.000344164262060076,0.0008647360373288393,-0.0005205717752687633,0.0005205717752687633,2.709949732064718e-07
9,merged_z_m0p020_dedup_filtered,50,0.00028935360023751855,0.0009056436247192323,-0.0006162900244817138,0.0006162900244817138,3.7981339427567136e-07
9,merged_z_m0p020_dedup_filtered,51,0.000246460665948689,0.0009466128540225327,-0.0007001521880738437,0.0007001521880738437,4.90213086464591e-07
9,merged_z_m0p020_dedup_filtered,52,0.0002235573629150167,0.0009877001866698265,-0.0007641428237548098,0.0007641428237548098,5.839142550959743e-07
9,merged_z_m0p020_dedup_filtered,53,-0.0004657184472307563,0.0014846447156742215,-0.0019503631629049778,0.0019503631629049778,3.803916467216709e-06
9,merged_z_m0p020_dedup_filtered,54,-0.0003288171428721398,0.0013856397708877921,-0.001714456913759932,0.001714456913759932,2.9393625091392306e-06
9,merged_z_m0p020_dedup_filtered,55,0.0008246442303061485,0.00046105115325190127,0.00036359307705424726,0.00036359307705424726,1.3219992568177579e-07
9,merged_z_m0p020_dedup_filtered,56,0.0008568000630475581,0.0004815375432372093,0.00037526251981034875,0.00037526251981034875,1.408219587744124e-07
9,merged_z_m0p020_dedup_filtered,57,0.0008684032363817096,0.0005020664539188147,0.0003663367824628949,0.0003663367824628949,1.342026381852664e-07
9,merged_z_m0p020_dedup_filtered,58,-9.958804002963006e-05,-8.765365322460639e-08,-9.950038637640546e-05,9.950038637640546e-05,9.900326889053973e-09
9,merged_z_m0p020_dedup_filtered,59,-6.56652482575737e-05,-8.278884422452393e-08,-6.558245941334917e-05,6.558245941334917e-05,4.301058982703591e-09
9,merged_z_m0p020_dedup_filtered,60,-4.088200512342155e-06,-7.802069035278691e-08,-4.010179821989368e-06,4.010179821989368e-06,1.608154220469068e-11
9,merged_z_m0p020_dedup_filtered,61,7.1329326601699e-05,-7.334247698054241e-08,7.140266907867954e-05,7.140266907867954e-05,5.098341151559419e-09
9,merged_z_m0p020_dedup_filtered,62,0.00014334393199533224,-6.88823433847574e-08,0.000143412814338717,0.000143412814338717,2.056723531655131e-08
9,merged_z_m0p020_dedup_filtered,63,0.0001948111312231049,-6.451631406889646e-08,0.0001948756475371738,0.0001948756475371738,3.797651800303279e-08
9,merged_z_m0p020_dedup_filtered,64,0.00021216351888142526,-6.008493613762766e-08,0.0002122236038175629,0.0002122236038175629,4.5038858017313894e-08
9,merged_z_m0p020_dedup_filtered,65,0.0001881139469332993,-5.5533046605660275e-08,0.00018816947997990496,0.00018816947997990496,3.5407753195907854e-08
9,merged_z_m0p020_dedup_filtered,66,0.00012303260155022144,-5.0840792908957155e-08,0.0001230834423431304,0.0001230834423431304,1.5149533779034704e-08
9,merged_z_m0p020_dedup_filtered,67,-0.0003138291649520397,-0.0003287561412435025,1.4926976291462779e-05,1.4926976291462779e-05,2.228146212058919e-10
9,merged_z_m0p020_dedup_filtered,68,-0.0003248797729611397,-0.0003491897659841925,2.430999302305281e-05,2.430999302305281e-05,5.909757607808764e-10
9,merged_z_m0p020_dedup_filtered,69,-0.00041457577026449144,-0.00036962368176318705,-4.495208850130439e-05,4.495208850130439e-05,2.020690260629102e-09
9,merged_z_m0p020_dedup_filtered,70,-0.0005745975067839026,-0.00039005829603411257,-0.00018453921074979007,0.00018453921074979007,3.4054720304155436e-08
9,merged_z_m0p020_dedup_filtered,71,-0.0007843700586818159,-0.00041049456922337413,-0.00037387548945844173,0.00037387548945844173,1.3978288161778938e-07
9,merged_z_m0p020_dedup_filtered,72,-0.0010138839716091752,-0.00043093538261018693,-0.0005829485889989883,0.0005829485889989883,3.3982905741591135e-07
9,merged_z_m0p020_dedup_filtered,73,-0.001228467095643282,-0.00045138722634874284,-0.0007770798692945391,0.0007770798692945391,6.03853123262818e-07
9,merged_z_m0p020_dedup_filtered,74,-0.0013946471735835075,-0.000471863808343187,-0.0009227833652403206,0.0009227833652403206,8.515291391642509e-07
9,merged_z_m0p020_dedup_filtered,75,-0.0014859986258670688,-0.0004923840169794858,-0.000993614608887583,0.000993614608887583,9.872699909948246e-07
9,merged_z_m0p020_dedup_filtered,76,-0.0016922758659347892,-0.0009862297447398305,-0.0007060461211949587,0.0007060461211949587,4.985011252544463e-07
9,merged_z_m0p020_dedup_filtered,77,-0.001652129809372127,-0.0009451392688788474,-0.0007069905404932797,0.0007069905404932797,4.998356243469798e-07
9,merged_z_m0p020_dedup_filtered,78,0.0007745156763121486,0.0004405994259286672,0.0003339162503834814,0.0003339162503834814,1.1150006227016383e-07
9,merged_z_m0p020_dedup_filtered,79,0.0007103077950887382,0.0004201637639198452,0.000290144031168893,0.000290144031168893,8.418355882293554e-08
9,merged_z_m0p020_dedup_filtered,80,0.0006367560126818717,0.0003997348539996892,0.00023702115868218243,0.00023702115868218243,5.6179029663044304e-08
9,merged_z_m0p020_dedup_filtered,81,0.0005588897038251162,0.00037930873804725707,0.0001795809657778591,0.0001795809657778591,3.22493232697086e-08
9,merged_z_m0p020_dedup_filtered,82,0.00048148914356715977,0.00035888361162506044,0.00012260553194209933,0.00012260553194209933,1.503211646280514e-08
9,merged_z_m0p020_dedup_filtered,83,0.00040862514288164675,0.0003384589799679816,7.016616291366518e-05,7.016616291366518e-05,4.923290418027002e-09
9,merged_z_m0p020_dedup_filtered,84,0.00034333913936279714,0.0003180345520377159,2.530458732508123e-05,2.530458732508123e-05,6.403221396926616e-10
9,merged_z_m0p020_dedup_filtered,85,0.0002874961937777698,0.00029760986217297614,-1.0113668395206332e-05,1.0113668395206332e-05,1.0228628840819543e-10
9,merged_z_m0p020_dedup_filtered,86,0.00024180897162295878,0.00027718511410057545,-3.537614247761667e-05,3.537614247761667e-05,1.2514714565966343e-09
9,merged_z_m0p020_dedup_filtered,87,0.00020600594871211797,0.00025676030782051384,-5.0754359108395875e-05,5.0754359108395875e-05,2.5760049685040073e-09
9,merged_z_m0p020_dedup_filtered,88,0.0001790942915249616,0.00023633554519619793,-5.7241253671236336e-05,5.7241253671236336e-05,3.2765611218548273e-09
9,merged_z_m0p020_dedup_filtered,89,0.00015965996135491878,0.0002159112336812541,-5.625127232633531e-05,5.625127232633531e-05,3.1642056383315368e-09
9,merged_z_m0p020_dedup_filtered,90,0.0001461510983062908,0.0001954879699042067,-4.933687159791589e-05,4.933687159791589e-05,2.4341268990692394e-09
9,merged_z_m0p020_dedup_filtered,91,0.00013710280472878367,0.0001750672236084938,-3.796441887971014e-05,3.796441887971014e-05,1.4412971008740916e-09
9,merged_z_m0p020_dedup_filtered,92,0.00013128272257745266,0.0001546525745652616,-2.3369851987808943e-05,2.3369851987808943e-05,5.461499819320976e-10
9,merged_z_m0p020_dedup_filtered,93,0.00012775736104231328,0.00013425250654108822,-6.495145498774946e-06,6.495145498774946e-06,4.218691505025644e-11
9,merged_z_m0p020_dedup_filtered,94,-0.0013543085660785437,-0.0001346870994893834,-0.0012196214665891603,0.0012196214665891603,1.4874765217650942e-06
9,merged_z_m0p020_dedup_filtered,95,-0.0013669005129486322,-0.00011431432358222082,-0.0012525861893664114,0.0012525861893664114,1.5689721617914674e-06
9,merged_z_m0p020_dedup_filtered,96,-0.0016735006356611848,-0.00023012967722024769,-0.001443370958440937,0.001443370958440937,2.083319723670709e-06
9,merged_z_m0p020_dedup_filtered,97,-0.0016118832863867283,-0.00034439569571986794,-0.0012674875906668603,0.0012674875906668603,1.6065247924944825e-06
9,merged_z_m0p020_dedup_filtered,98,-0.0014736211160197854,-0.00040538940811529756,-0.0010682317079044878,0.0010682317079044878,1.141118981772539e-06
9,merged_z_m0p020_dedup_filtered,99,-0.0015798235544934869,-0.0002708356478251517,-0.0013089879066683352,0.0013089879066683352,1.7134493398039502e-06
9,merged_z_m0p020_dedup_filtered,100,-0.001437038416042924,-0.000311625306494534,-0.00112541310954839,0.00112541310954839,1.2665546671433763e-06
9,merged_z_m0p020_dedup_filtered,101,-0.0012692483142018318,-0.00046654770267196,-0.0008027006115298718,0.0008027006115298718,6.443282717504302e-07
9,merged_z_m0p020_dedup_filtered,102,-0.001033209846355021,-0.0005277741001918912,-0.0005054357461631298,0.0005054357461631298,2.554652934994798e-07
9,merged_z_m0p020_dedup_filtered,103,-0.0012625298695638776,-0.0003524541389197111,-0.0009100757306441665,0.0009100757306441665,8.282378355075134e-07
9,merged_z_m0p020_dedup_filtered,104,-0.001077120890840888,-0.00039330110303126276,-0.0006838197878096253,0.0006838197878096253,4.676095022000009e-07
9,merged_z_m0p020_dedup_filtered,105,-0.0008043969282880425,-0.0005890292231924832,-0.00021536770509555936,0.00021536770509555936,4.6383248398127825e-08
9,merged_z_m0p020_dedup_filtered,106,-0.0006190697895362973,-0.0006503114709630609,3.1241681426763535e-05,3.1241681426763535e-05,9.760426583713816e-10
9,merged_z_m0p020_dedup_filtered,107,-0.0009022844024002552,-0.000434155750554055,-0.00046812865184620023,0.00046812865184620023,2.1914443467934094e-07
9,merged_z_m0p020_dedup_filtered,108,-0.001062879920937121,-0.0024187101516872644,0.0013558302307501435,0.0013558302307501435,1.8382756146159874e-06
9,merged_z_m0p020_dedup_filtered,109,-0.0011867155553773046,-0.000195943663129583,-0.0009907718922477216,0.0009907718922477216,9.816289424681308e-07
9,merged_z_m0p020_dedup_filtered,110,-0.001272281864657998,-0.00017551530618220568,-0.0010967665584757924,0.0010967665584757924,1.2028968837908338e-06
9,merged_z_m0p020_dedup_filtered,111,-0.0013256680686026812,-0.0001550936867715791,-0.001170574381831102,0.001170574381831102,1.3702443833992668e-06
9,merged_z_m0p020_dedup_filtered,112,-0.0017065189313143492,-0.00018960496527142823,-0.001516913966042921,0.001516913966042921,2.301027980376064e-06
9,merged_z_m0p020_dedup_filtered,113,-0.0007573976181447506,-0.00047501467633992434,-0.00028238294180482626,0.00028238294180482626,7.97401258223479e-08
9,merged_z_m0p020_dedup_filtered,114,-0.0005045029101893306,-0.0007115888292901218,0.00020708591910079122,0.00020708591910079122,4.2884577889819444e-08
9,merged_z_m0p020_dedup_filtered,115,-0.000474574975669384,-0.0007728756172582507,0.0002983006415888667,0.0002983006415888667,8.898327277232952e-08
9,merged_z_m0p020_dedup_filtered,116,-0.000657449068967253,-0.0005158754647709429,-0.00014157360419631004,0.00014157360419631004,2.0043085405133457e-08
9,merged_z_m0p020_dedup_filtered,117,-0.0006115016876719892,-0.0005567368352785707,-5.476485239341855e-05,5.476485239341855e-05,2.9991890576729215e-09
9,merged_z_m0p020_dedup_filtered,118,-0.0005281140329316258,-0.0008341713109984994,0.00030605727806687355,0.00030605727806687355,9.367105745770356e-08
9,merged_z_m0p020_dedup_filtered,119,-0.0006502136238850653,-0.0008954599034041166,0.0002452462795190513,0.0002452462795190513,6.014573761793665e-08
9,merged_z_m0p020_dedup_filtered,120,-0.000576112128328532,-0.00027767239953391254,-0.00029843972879461944,0.00029843972879461944,8.9066271723006e-08
9,merged_z_m0p020_dedup_filtered,121,-0.0007449067197740078,-0.00025723950238898396,-0.00048766721738502383,0.00048766721738502383,2.378193149120521e-07
9,merged_z_m0p020_dedup_filtered,122,-1.4610806829296052e-05,0.000771452090702951,-0.000786062897532247,0.000786062897532247,6.178948788767919e-07
9,merged_z_m0p020_dedup_filtered,123,0.0001764546032063663,0.0008390358416363597,-0.0006625812384299934,0.0006625812384299934,4.3901389751942375e-07
9,merged_z_m0p020_dedup_filtered,124,0.0004198367823846638,0.0009618177427910268,-0.000541980960406363,0.000541980960406363,2.9374336144300363e-07
9,merged_z_m0p020_dedup_filtered,125,0.00042794147157110274,0.0010490822605788708,-0.000621140789007768,0.000621140789007768,3.858158797691926e-07
9,merged_z_m0p020_dedup_filtered,126,0.0003335920628160238,-0.011203712783753872,0.011537304846569896,0.011537304846569896,0.0001331094031226852
9,merged_z_m0p020_dedup_filtered,127,0.00018757465295493603,0.0011778248008340597,-0.0009902501478791237,0.0009902501478791237,9.805953553746263e-07
10,merged_z_m0p022_dedup_filtered,0,-0.0014338928740471601,-0.001447714283131063,1.3821409083902836e-05,1.3821409083902836e-05,1.9103134906459183e-10
10,merged_z_m0p022_dedup_filtered,1,-0.0014497722731903195,-0.001375006278976798,-7.476599421352148e-05,7.476599421352148e-05,5.5899538907363275e-09
10,merged_z_m0p022_dedup_filtered,2,-0.001462381798774004,-0.0013246310409158468,-0.00013775075785815716,0.00013775075785815716,1.8975271290496646e-08
10,merged_z_m0p022_dedup_filtered,3,-0.0015217490727081895,-0.0008837009663693607,-0.0006380481063388288,0.0006380481063388288,4.071053860025654e-07
10,merged_z_m0p022_dedup_filtered,4,-0.0014003824908286333,-0.0008428021101281047,-0.0005575803807005286,0.0005575803807005286,3.1089588094214643e-07
10,merged_z_m0p022_dedup_filtered,5,-0.0014559152768924832,-0.001263270853087306,-0.0001926444238051772,0.0001926444238051772,3.711187402322873e-08
10,merged_z_m0p022_dedup_filtered,6,-0.0014144914457574487,-0.0012019394198432565,-0.0002125520259141922,0.0002125520259141922,4.517836372022743e-08
10,merged_z_m0p022_dedup_filtered,7,-0.0012570691760629416,-0.0008019231609068811,-0.00045514601515606046,0.00045514601515606046,2.0715789511244082e-07
10,merged_z_m0p022_dedup_filtered,8,-0.0011021551908925176,-0.0007610530010424554,-0.00034110218985006213,0.00034110218985006213,1.1635070392050783e-07
10,merged_z_m0p022_dedup_filtered,9,-0.0013277853140607476,-0.0011406324338167906,-0.00018715288024395704,0.00018715288024395704,3.5026200583608926e-08
10,merged_z_m0p022_dedup_filtered,10,-0.001194795360788703,-0.0010793345281854272,-0.00011546083260327578,0.00011546083260327578,1.333120386544167e-08
10,merged_z_m0p022_dedup_filtered,11,-0.0009482804453000426,-0.0007201872649602592,-0.00022809318033978343,0.00022809318033978343,5.2026498917516966e-08
10,merged_z_m0p022_dedup_filtered,12,-0.0008095880621112883,-0.0006793235661461949,-0.00013026449596509337,0.00013026449596509337,1.6968838909039828e-08
10,merged_z_m0p022_dedup_filtered,13,-0.0010257350513711572,-0.0010180397657677531,-7.695285603404045e-06,7.695285603404045e-06,5.921742051795756e-11
10,merged_z_m0p022_dedup_filtered,14,-0.0008413334144279361,-0.0009567463421262801,0.00011541292769834399,0.00011541292769834399,1.3320143879903178e-08
10,merged_z_m0p022_dedup_filtered,15,-0.0007004240760579705,-0.000638460973277688,-6.19631027802825e-05,6.19631027802825e-05,3.8394261061598526e-09
10,merged_z_m0p022_dedup_filtered,16,-0.0006336387596093118,-0.0005975988460704684,-3.603991353884339e-05,3.603991353884339e-05,1.2988753678873073e-09
10,merged_z_m0p022_dedup_filtered,17,-0.0004337020218372345,-0.0068461778573691845,0.00641247583553195,0.00641247583553195,4.111984634128118e-05
10,merged_z_m0p022_dedup_filtered,18,-4.529189391178079e-05,-4.381816864906796e-08,-4.524807574313172e-05,4.524807574313172e-05,2.0473883584561853e-09
10,merged_z_m0p022_dedup_filtered,19,-0.00016881813644431531,-3.940547443903597e-08,-0.00016877873096987628,0.00016877873096987628,2.8486260027801873e-08
10,merged_z_m0p022_dedup_filtered,20,-0.0002860665845219046,-3.528859693346931e-08,-0.0002860312959249711,0.0002860312959249711,8.18139022485184e-08
10,merged_z_m0p022_dedup_filtered,21,-0.0003824105369858444,-3.133590809056841e-08,-0.0003823792010777538,0.0003823792010777538,1.4621385341686127e-07
10,merged_z_m0p022_dedup_filtered,22,-0.00044831872219219804,-2.7436634297828277e-08,-0.0004482912855579002,0.0004482912855579002,2.0096507670715484e-07
10,merged_z_m0p022_dedup_filtered,23,-0.0004809529345948249,-2.3607100274603e-08,-0.0004809293274945503,0.0004809293274945503,2.3129301804436043e-07
10,merged_z_m0p022_dedup_filtered,24,-0.0004842503694817424,-1.99208045614796e-08,-0.0004842304486771809,0.0004842304486771809,2.3447912742610392e-07
10,merged_z_m0p022_dedup_filtered,25,-0.0004675125819630921,-1.6569588368042787e-08,-0.00046749601237472405,0.00046749601237472405,2.1855252158626813e-07
10,merged_z_m0p022_dedup_filtered,26,-0.0004428488900884986,-1.3542215349104936e-08,-0.0004428353478731495,0.0004428353478731495,1.9610314532593332e-07
10,merged_z_m0p022_dedup_filtered,27,-0.00042207245132885873,-1.0667145389220423e-08,-0.0004220617841834695,0.0004220617841834695,1.781361496681336e-07
10,merged_z_m0p022_dedup_filtered,28,-0.00041376223089173436,-7.969680915209665e-09,-0.00041375426121081915,0.00041375426121081915,1.7119258867011077e-07
10,merged_z_m0p022_dedup_filtered,29,0.00013435952132567763,9.47217849898152e-05,3.963773633586243e-05,3.963773633586243e-05,1.5711501418313486e-09
10,merged_z_m0p022_dedup_filtered,30,-0.00033846352016553283,0.00021143874619156122,-0.000549902266357094,0.000549902266357094,3.023925025446684e-07
10,merged_z_m0p022_dedup_filtered,31,-0.00032263767207041383,0.00025207229191437364,-0.0005747099639847875,0.0005747099639847875,3.302915427033957e-07
10,merged_z_m0p022_dedup_filtered,32,-0.0007723887101747096,0.00037894511478953063,-0.0011513338249642402,0.0011513338249642402,1.3255695765067877e-06
10,merged_z_m0p022_dedup_filtered,33,-0.0006208512932062149,-0.00044645601883530617,-0.00017439527437090874,0.00017439527437090874,3.041371172290454e-08
10,merged_z_m0p022_dedup_filtered,34,-0.000675946706905961,0.0004891888820566237,-0.0011651355889625847,0.0011651355889625847,1.3575409406671892e-06
10,merged_z_m0p022_dedup_filtered,35,-0.00024258332268800586,0.0003336321096867323,-0.0005762154323747382,0.0005762154323747382,3.3202422450680644e-07
10,merged_z_m0p022_dedup_filtered,36,-0.00017689524975139648,0.00037446481292136014,-0.0005513600626727566,0.0005513600626727566,3.039979187105061e-07
10,merged_z_m0p022_dedup_filtered,37,-9.478295396547765e-05,0.0004153090703766793,-0.000510092024342157,0.000510092024342157,2.6019387329747964e-07
10,merged_z_m0p022_dedup_filtered,38,-0.00042496476089581847,0.0006241575465537608,-0.0010491223074495792,0.0010491223074495792,1.1006576159883295e-06
10,merged_z_m0p022_dedup_filtered,39,9.012583177536726e-07,0.0004561584210023284,-0.0004552571626845747,0.0004552571626845747,2.0725908417560934e-07
10,merged_z_m0p022_dedup_filtered,40,0.0001049919956130907,0.0004970102454535663,-0.0003920182498404756,0.0003920182498404756,1.5367830820798956e-07
10,merged_z_m0p022_dedup_filtered,41,0.00021022232249379158,0.0005378634086810052,-0.00032764108618721366,0.00032764108618721366,1.0734868135793717e-07
10,merged_z_m0p022_dedup_filtered,42,0.000307984184473753,0.0005787170375697315,-0.0002707328530959785,0.0002707328530959785,7.329627774548867e-08
10,merged_z_m0p022_dedup_filtered,43,0.0003895314584951848,0.0006195716559886932,-0.00023004019749350846,0.00023004019749350846,5.2918492462852375e-08
10,merged_z_m0p022_dedup_filtered,44,0.00044741458259522915,0.0006604263326153159,-0.00021301175002008677,0.00021301175002008677,4.5374005646619934e-08
10,merged_z_m0p022_dedup_filtered,45,0.0004768599465023726,0.0007012812420725822,-0.00022442129557020962,0.00022442129557020962,5.036491790541139e-08
10,merged_z_m0p022_dedup_filtered,46,0.0004767983627971262,0.0007421369664371014,-0.0002653386036399752,0.0002653386036399752,7.040457458161186e-08
10,merged_z_m0p022_dedup_filtered,47,0.0004503011587075889,0.0007829946698620915,-0.00033269351115450263,0.00033269351115450263,1.1068497236431117e-07
10,merged_z_m0p022_dedup_filtered,48,0.0004042914661113173,0.0008238583686761558,-0.00041956690256483853,0.00041956690256483853,1.760363857278527e-07
10,merged_z_m0p022_dedup_filtered,49,0.000348538625985384,0.0008647360373288393,-0.0005161974113434553,0.0005161974113434553,2.664597674776844e-07
10,merged_z_m0p022_dedup_filtered,50,0.0002940911799669266,0.0009056436247192323,-0.0006115524447523057,0.0006115524447523057,3.7399639268252197e-07
10,merged_z_m0p022_dedup_filtered,51,0.0002514214429538697,0.0009466128540225327,-0.000695191411068663,0.000695191411068663,4.832910980236388e-07
10,merged_z_m0p022_dedup_filtered,52,0.00022862116748001426,0.0009877001866698265,-0.0007590790191898122,0.0007590790191898122,5.762009573741673e-07
10,merged_z_m0p022_dedup_filtered,53,-0.000452426727861166,0.0014846447156742215,-0.0019370714435353875,0.0019370714435353875,3.75224577736027e-06
10,merged_z_m0p022_dedup_filtered,54,-0.00031573051819577813,0.0013856397708877921,-0.0017013702890835702,0.0017013702890835702,2.8946608605763114e-06
10,merged_z_m0p022_dedup_filtered,55,0.00082165322965011,0.00046105115325190127,0.00036060207639820874,0.00036060207639820874,1.3003385750269957e-07
10,merged_z_m0p022_dedup_filtered,56,0.0008539405534975231,0.0004815375432372093,0.00037240301026031375,0.00037240301026031375,1.3868400205094335e-07
10,merged_z_m0p022_dedup_filtered,57,0.0008655715500935912,0.0005020664539188147,0.00036350509617477655,0.00036350509617477655,1.3213595494503355e-07
10,merged_z_m0p022_dedup_filtered,58,-9.326831786893308e-05,-8.765365322460639e-08,-9.318066421570848e-05,9.318066421570848e-05,8.682636183680614e-09
10,merged_z_m0p022_dedup_filtered,59,-5.951445928076282e-05,-8.278884422452393e-08,-5.94316704365383e-05,5.94316704365383e-05,3.5321234508773e-09
10,merged_z_m0p022_dedup_filtered,60,1.62841024575755e-06,-7.802069035278691e-08,1.706430936110337e-06,1.706430936110337e-06,2.9119065397144007e-12
10,merged_z_m0p022_dedup_filtered,61,7.619327516295016e-05,-7.334247698054241e-08,7.62666176399307e-05,7.62666176399307e-05,5.816596966235389e-09
10,merged_z_m0p022_dedup_filtered,62,0.00014677713625133038,-6.88823433847574e-08,0.00014684601859471513,0.00014684601859471513,2.156375317711942e-08
10,merged_z_m0p022_dedup_filtered,63,0.00019613612676039338,-6.451631406889646e-08,0.00019620064307446228,0.00019620064307446228,3.8494692342832545e-08
10,merged_z_m0p022_dedup_filtered,64,0.00021072287927381694,-6.008493613762766e-08,0.00021078296420995457,0.00021078296420995457,4.442945800113499e-08
10,merged_z_m0p022_dedup_filtered,65,0.00018342518887948245,-5.5533046605660275e-08,0.0001834807219260881,0.0001834807219260881,3.366517531851847e-08
10,merged_z_m0p022_dedup_filtered,66,0.00011494288628455251,-5.0840792908957155e-08,0.00011499372707746147,0.00011499372707746147,1.3223557267165695e-08
10,merged_z_m0p022_dedup_filtered,67,-0.0003165094822179526,-0.0003287561412435025,1.2246659025549889e-05,1.2246659025549889e-05,1.4998065728808255e-10
10,merged_z_m0p022_dedup_filtered,68,-0.00032562014530412853,-0.0003491897659841925,2.3569620680063963e-05,2.3569620680063963e-05,5.555270190020988e-10
10,merged_z_m0p022_dedup_filtered,69,-0.00041282729944214225,-0.00036962368176318705,-4.32036176789552e-05,4.32036176789552e-05,1.86655258054933e-09
10,merged_z_m0p022_dedup_filtered,70,-0.0005699958419427276,-0.00039005829603411257,-0.000179937545908615,0.000179937545908615,3.237752042761493e-08
10,merged_z_m0p022_dedup_filtered,71,-0.000776789675001055,-0.00041049456922337413,-0.0003662951057776809,0.0003662951057776809,1.3417210451668242e-07
10,merged_z_m0p022_dedup_filtered,72,-0.0010034680599346757,-0.00043093538261018693,-0.0005725326773244888,0.0005725326773244888,3.2779366660434716e-07
10,merged_z_m0p022_dedup_filtered,73,-0.0012156279990449548,-0.00045138722634874284,-0.0007642407726962119,0.0007642407726962119,5.840639586513031e-07
10,merged_z_m0p022_dedup_filtered,74,-0.0013800355372950435,-0.000471863808343187,-0.0009081717289518565,0.0009081717289518565,8.247758892674043e-07
10,merged_z_m0p022_dedup_filtered,75,-0.0014704432105645537,-0.0004923840169794858,-0.000978059193585068,0.000978059193585068,9.565997861562735e-07
10,merged_z_m0p022_dedup_filtered,76,-0.0016844052588567138,-0.0009862297447398305,-0.0006981755141168833,0.0006981755141168833,4.874490485123743e-07
10,merged_z_m0p022_dedup_filtered,77,-0.0016463822685182095,-0.0009451392688788474,-0.0007012429996393621,0.0007012429996393621,4.917417445432104e-07
10,merged_z_m0p022_dedup_filtered,78,0.0007711560465395451,0.0004405994259286672,0.00033055662061087787,0.00033055662061087787,1.0926767942968385e-07
10,merged_z_m0p022_dedup_filtered,79,0.0007061742944642901,0.0004201637639198452,0.0002860105305444449,0.0002860105305444449,8.180202358231486e-08
10,merged_z_m0p022_dedup_filtered,80,0.0006313034682534635,0.0003997348539996892,0.00023156861425377429,0.00023156861425377429,5.3624023107413315e-08
10,merged_z_m0p022_dedup_filtered,81,0.0005515238735824823,0.00037930873804725707,0.00017221513553522527,0.00017221513553522527,2.965805290741601e-08
10,merged_z_m0p022_dedup_filtered,82,0.00047170426114462316,0.00035888361162506044,0.00011282064951956272,0.00011282064951956272,1.2728498958016008e-08
10,merged_z_m0p022_dedup_filtered,83,0.00039615717832930386,0.0003384589799679816,5.7698198361322284e-05,5.7698198361322284e-05,3.3290820941424935e-09
10,merged_z_m0p022_dedup_filtered,84,0.000328298396198079,0.0003180345520377159,1.0263844160363078e-05,1.0263844160363078e-05,1.0534649694821926e-10
10,merged_z_m0p022_dedup_filtered,85,0.00027044216403737664,0.00029760986217297614,-2.7167698135599494e-05,2.7167698135599494e-05,7.380838219870562e-10
10,merged_z_m0p022_dedup_filtered,86,0.00022374281252268702,0.00027718511410057545,-5.344230157788843e-05,5.344230157788843e-05,2.856079597941976e-09
10,merged_z_m0p022_dedup_filtered,87,0.00018827011808753014,0.00025676030782051384,-6.849018973298371e-05,6.849018973298371e-05,4.690906089660107e-09
10,merged_z_m0p022_dedup_filtered,88,0.0001631902705412358,0.00023633554519619793,-7.314527465496212e-05,7.314527465496212e-05,5.350231204349844e-09
10,merged_z_m0p022_dedup_filtered,89,0.0001470126589993015,0.0002159112336812541,-6.88985746819526e-05,6.88985746819526e-05,4.747013593204599e-09
10,merged_z_m0p022_dedup_filtered,90,0.0001378621527692303,0.0001954879699042067,-5.762581713497639e-05,5.762581713497639e-05,3.320734800473738e-09
10,merged_z_m0p022_dedup_filtered,91,0.00013374013360589743,0.0001750672236084938,-4.132709000259638e-05,4.132709000259638e-05,1.7079283680827015e-09
10,merged_z_m0p022_dedup_filtered,92,0.0001327485078945756,0.0001546525745652616,-2.1904066670686007e-05,2.1904066670686007e-05,4.797881367138576e-10
10,merged_z_m0p022_dedup_filtered,93,0.00013326419866643846,0.00013425250654108822,-9.883078746497631e-07,9.883078746497631e-07,9.767524550947319e-13
10,merged_z_m0p022_dedup_filtered,94,-0.0013511120341718197,-0.0001346870994893834,-0.0012164249346824363,0.0012164249346824363,1.4796896217171694e-06
10,merged_z_m0p022_dedup_filtered,95,-0.0013630569446831942,-0.00011431432358222082,-0.0012487426211009733,0.0012487426211009733,1.559358133754129e-06
10,merged_z_m0p022_dedup_filtered,96,-0.0016662386478856206,-0.00023012967722024769,-0.001436108970665373,0.001436108970665373,2.0624089756255567e-06
10,merged_z_m0p022_dedup_filtered,97,-0.0015998752787709236,-0.00034439569571986794,-0.0012554795830510557,0.0012554795830510557,1.5762289834580526e-06
10,merged_z_m0p022_dedup_filtered,98,-0.0014611966907978058,-0.00040538940811529756,-0.0010558072826825082,0.0010558072826825082,1.1147290181654218e-06
10,merged_z_m0p022_dedup_filtered,99,-0.0015721707604825497,-0.0002708356478251517,-0.001301335112657398,0.001301335112657398,1.6934730754350427e-06
10,merged_z_m0p022_dedup_filtered,100,-0.0014290650142356753,-0.000311625306494534,-0.0011174397077411413,0.0011174397077411413,1.2486715004366073e-06
10,merged_z_m0p022_dedup_filtered,101,-0.0012565907090902328,-0.00046654770267196,-0.0007900430064182729,0.0007900430064182729,6.241679519904231e-07
10,merged_z_m0p022_dedup_filtered,102,-0.0010210633045062423,-0.0005277741001918912,-0.0004932892043143511,0.0004932892043143511,2.433342390930856e-07
10,merged_z_m0p022_dedup_filtered,103,-0.001254700357094407,-0.0003524541389197111,-0.000902246218174696,0.000902246218174696,8.140482382105411e-07
10,merged_z_m0p022_dedup_filtered,104,-0.0010702844010666013,-0.00039330110303126276,-0.0006769832980353385,0.0006769832980353385,4.58306385818804e-07
10,merged_z_m0p022_dedup_filtered,105,-0.0007940548239275813,-0.0005890292231924832,-0.00020502560073509812,0.00020502560073509812,4.203549695678787e-08
10,merged_z_m0p022_dedup_filtered,106,-0.0006121977930888534,-0.0006503114709630609,3.81136778742075e-05,3.81136778742075e-05,1.452652441098854e-09
10,merged_z_m0p022_dedup_filtered,107,-0.0008975461823865771,-0.000434155750554055,-0.00046339043183252215,0.00046339043183252215,2.1473069231393136e-07
10,merged_z_m0p022_dedup_filtered,108,-0.0010649169562384486,-0.0026605811435729265,0.001595664187334478,0.001595664187334478,2.5461441987417998e-06
10,merged_z_m0p022_dedup_filtered,109,-0.0011872833129018545,-0.000195943663129583,-0.0009913396497722715,0.0009913396497722715,9.8275430121061e-07
10,merged_z_m0p022_dedup_filtered,110,-0.0012714042095467448,-0.00017551530618220568,-0.0010958889033645391,0.0010958889033645391,1.2009724885175322e-06
10,merged_z_m0p022_dedup_filtered,111,-0.0013234923826530576,-0.0001550936867715791,-0.0011683986958814785,0.0011683986958814785,1.3651555125375397e-06
10,merged_z_m0p022_dedup_filtered,112,-0.0016994252800941467,-0.00018960496527142823,-0.0015098203148227185,0.0015098203148227185,2.279557383051373e-06
10,merged_z_m0p022_dedup_filtered,113,-0.0007558985380455852,-0.00047501467633992434,-0.0002808838617056608,0.0002808838617056608,7.889574376668479e-08
10,merged_z_m0p022_dedup_filtered,114,-0.0005028251325711608,-0.0007115888292901218,0.000208763696718961,0.000208763696718961,4.358228106776633e-08
10,merged_z_m0p022_dedup_filtered,115,-0.00047949497820809484,-0.0007728756172582507,0.0002933806390501559,0.0002933806390501559,8.607219936947785e-08
10,merged_z_m0p022_dedup_filtered,116,-0.0006600979249924421,-0.0005158754647709429,-0.0001442224602214992,0.0001442224602214992,2.080011803234192e-08
10,merged_z_m0p022_dedup_filtered,117,-0.0006187230465002358,-0.0005567368352785707,-6.198621122166514e-05,6.198621122166514e-05,3.842290381616886e-09
10,merged_z_m0p022_dedup_filtered,118,-0.0005403534742072225,-0.0008341713109984994,0.00029381783679127693,0.00029381783679127693,8.632892121670545e-08
10,merged_z_m0p022_dedup_filtered,119,-0.000669556378852576,-0.0008954599034041166,0.0002259035245515406,0.0002259035245515406,5.103240240480851e-08
10,merged_z_m0p022_dedup_filtered,120,-0.0005806746194139123,-0.00027767239953391254,-0.00030300221987999976,0.00030300221987999976,9.181034525220772e-08
10,merged_z_m0p022_dedup_filtered,121,-0.0007490728166885674,-0.00025723950238898396,-0.0004918333142995834,0.0004918333142995834,2.419000090549128e-07
10,merged_z_m0p022_dedup_filtered,122,-9.924246114678681e-06,0.000771452090702951,-0.0007813763368176296,0.0007813763368176296,6.105489797385378e-07
10,merged_z_m0p022_dedup_filtered,123,0.0001841769553720951,0.0008390358416363597,-0.0006548588862642646,0.0006548588862642646,4.28840160919273e-07
10,merged_z_m0p022_dedup_filtered,124,0.0004307475464884192,0.0009618177427910268,-0.0005310701963026077,0.0005310701963026077,2.8203555340089023e-07
10,merged_z_m0p022_dedup_filtered,125,0.00043987075332552195,0.0010490822605788708,-0.0006092115072533488,0.0006092115072533488,3.711386605698971e-07
10,merged_z_m0p022_dedup_filtered,126,0.0003458528080955148,-0.012324083596467972,0.012669936404563487,0.012669936404563487,0.00016052728849568312
10,merged_z_m0p022_dedup_filtered,127,0.00019998403149656951,0.0011778248008340597,-0.0009778407693374902,0.0009778407693374902,9.561725701785347e-07
11,merged_z_m0p024_dedup_filtered,0,-0.0014353280421346426,-0.001447714283131063,1.2386240996420383e-05,1.2386240996420383e-05,1.5341896602140501e-10
11,merged_z_m0p024_dedup_filtered,1,-0.001454751007258892,-0.001375006278976798,-7.9744728282094e-05,7.9744728282094e-05,6.359221688785003e-09
11,merged_z_m0p024_dedup_filtered,2,-0.0014725286746397614,-0.0013246310409158468,-0.00014789763372391462,0.00014789763372391462,2.1873710061133208e-08
11,merged_z_m0p024_dedup_filtered,3,-0.00152231112588197,-0.0008837009663693607,-0.0006386101595126092,0.0006386101595126092,4.078229358327202e-07
11,merged_z_m0p024_dedup_filtered,4,-0.0014055775245651603,-0.0008428021101281047,-0.0005627754144370556,0.0005627754144370556,3.167161670947997e-07
11,merged_z_m0p024_dedup_filtered,5,-0.0014718464808538556,-0.001263270853087306,-0.0002085756277665496,0.0002085756277665496,4.350379249821025e-08
11,merged_z_m0p024_dedup_filtered,6,-0.0014357317704707384,-0.0012019394198432565,-0.00023379235062748194,0.00023379235062748194,5.4658863211923454e-08
11,merged_z_m0p024_dedup_filtered,7,-0.0012666761176660657,-0.0008019231609068811,-0.0004647529567591846,0.0004647529567591846,2.159953108164045e-07
11,merged_z_m0p024_dedup_filtered,8,-0.001115205348469317,-0.0007610530010424554,-0.0003541523474268615,0.0003541523474268615,1.2542388518795643e-07
11,merged_z_m0p024_dedup_filtered,9,-0.0013528523268178105,-0.0011406324338167906,-0.00021221989300101995,0.00021221989300101995,4.503728298536436e-08
11,merged_z_m0p024_dedup_filtered,10,-0.0012214789167046547,-0.0010793345281854272,-0.0001421443885192275,0.0001421443885192275,2.0205027187505096e-08
11,merged_z_m0p024_dedup_filtered,11,-0.0009632518049329519,-0.0007201872649602592,-0.00024306453997269273,0.00024306453997269273,5.908037059213674e-08
11,merged_z_m0p024_dedup_filtered,12,-0.0008246913785114884,-0.0006793235661461949,-0.0001453678123652935,0.0001453678123652935,2.113180087187118e-08
11,merged_z_m0p024_dedup_filtered,13,-0.0010515011381357908,-0.0010180397657677531,-3.34613723680377e-05,3.34613723680377e-05,1.119663440752477e-09
11,merged_z_m0p024_dedup_filtered,14,-0.0008637713617645204,-0.0009567463421262801,9.297498036175966e-05,9.297498036175966e-05,8.644346973269595e-09
11,merged_z_m0p024_dedup_filtered,15,-0.0007139227236621082,-0.000638460973277688,-7.546175038442016e-05,7.546175038442016e-05,5.694475771080536e-09
11,merged_z_m0p024_dedup_filtered,16,-0.0006441377918235958,-0.0005975988460704684,-4.6538945753127337e-05,4.6538945753127337e-05,2.165873471812529e-09
11,merged_z_m0p024_dedup_filtered,17,-0.0004378114826977253,-0.007468557916581631,0.007030746433883905,0.007030746433883905,4.943139541757125e-05
11,merged_z_m0p024_dedup_filtered,18,-5.617409260594286e-05,-4.381816864906796e-08,-5.613027443729379e-05,5.613027443729379e-05,3.1506077084059167e-09
11,merged_z_m0p024_dedup_filtered,19,-0.0001811505208024755,-3.940547443903597e-08,-0.00018111111532803648,0.00018111111532803648,3.280123609536533e-08
11,merged_z_m0p024_dedup_filtered,20,-0.000298675789963454,-3.528859693346931e-08,-0.00029864050136652054,0.00029864050136652054,8.918614905644675e-08
11,merged_z_m0p024_dedup_filtered,21,-0.00039396979263983667,-3.133590809056841e-08,-0.0003939384567317461,0.0003939384567317461,1.551875076921898e-07
11,merged_z_m0p024_dedup_filtered,22,-0.000457548419944942,-2.7436634297828277e-08,-0.00045752098331064417,0.00045752098331064417,2.0932545016953875e-07
11,merged_z_m0p024_dedup_filtered,23,-0.00048683283966965973,-2.3607100274603e-08,-0.00048680923256938513,0.00048680923256938513,2.369832289147937e-07
11,merged_z_m0p024_dedup_filtered,24,-0.000486203032778576,-1.99208045614796e-08,-0.00048618311197401454,0.00048618311197401454,2.3637401836873717e-07
11,merged_z_m0p024_dedup_filtered,25,-0.00046552199637517333,-1.6569588368042787e-08,-0.0004655054267868053,0.0004655054267868053,2.1669530236796573e-07
11,merged_z_m0p024_dedup_filtered,26,-0.00043748796451836824,-1.3542215349104936e-08,-0.00043747442230301914,0.00043747442230301914,1.9138387016936034e-07
11,merged_z_m0p024_dedup_filtered,27,-0.00041443112422712147,-1.0667145389220423e-08,-0.00041442045708173225,0.00041442045708173225,1.7174431524783187e-07
11,merged_z_m0p024_dedup_filtered,28,-0.0004052860604133457,-7.969680915209665e-09,-0.0004052780907324305,0.0004052780907324305,1.6425033082772415e-07
11,merged_z_m0p024_dedup_filtered,29,0.00014137837570160627,9.47217849898152e-05,4.665659071179107e-05,4.665659071179107e-05,2.1768374568475886e-09
11,merged_z_m0p024_dedup_filtered,30,-0.00034669190063141286,0.00021143874619156122,-0.0005581306468229741,0.0005581306468229741,3.1150981892303143e-07
11,merged_z_m0p024_dedup_filtered,31,-0.0003308386367280036,0.00025207229191437364,-0.0005829109286423773,0.0005829109286423773,3.3978515073071863e-07
11,merged_z_m0p024_dedup_filtered,32,-0.0007894673035480082,0.00037894511478953063,-0.0011684124183375388,0.0011684124183375388,1.3651875793253759e-06
11,merged_z_m0p024_dedup_filtered,33,-0.0006342891720123589,-0.0004870429984293878,-0.0001472461735829711,0.0001472461735829711,2.1681435634826455e-08
11,merged_z_m0p024_dedup_filtered,34,-0.0006886161281727254,0.0004891888820566237,-0.0011778050102293491,0.0011778050102293491,1.3872246421213572e-06
11,merged_z_m0p024_dedup_filtered,35,-0.0002505181764718145,0.0003336321096867323,-0.0005841502861585468,0.0005841502861585468,3.412315568191121e-07
11,merged_z_m0p024_dedup_filtered,36,-0.00018448759510647506,0.00037446481292136014,-0.0005589524080278352,0.0005589524080278352,3.1242779444011556e-07
11,merged_z_m0p024_dedup_filtered,37,-0.00010182586265727878,0.0004153090703766793,-0.0005171349330339581,0.0005171349330339581,2.674285389640363e-07
11,merged_z_m0p024_dedup_filtered,38,-0.00042993747047148645,0.0006241575465537608,-0.0010540950170252472,0.0010540950170252472,1.1111163049174562e-06
11,merged_z_m0p024_dedup_filtered,39,-5.356923793442547e-06,0.0004561584210023284,-0.00046151534479577094,0.00046151534479577094,2.1299641348195934e-07
11,merged_z_m0p024_dedup_filtered,40,9.975182911148295e-05,0.0004970102454535663,-0.00039725841634208336,0.00039725841634208336,1.5781424935462005e-07
11,merged_z_m0p024_dedup_filtered,41,0.00020619723363779485,0.0005378634086810052,-0.0003316661750432104,0.0003316661750432104,1.1000245166779347e-07
11,merged_z_m0p024_dedup_filtered,42,0.0003053043910767883,0.0005787170375697315,-0.00027341264649294317,0.00027341264649294317,7.475447526227511e-08
11,merged_z_m0p024_dedup_filtered,43,0.00038823895738460124,0.0006195716559886932,-0.000231332698604092,0.000231332698604092,5.351481744345167e-08
11,merged_z_m0p024_dedup_filtered,44,0.00044745655031874776,0.0006604263326153159,-0.00021296978229656816,0.00021296978229656816,4.5356128171447635e-08
11,merged_z_m0p024_dedup_filtered,45,0.00047809715033508837,0.0007012812420725822,-0.00022318409173749387,0.00022318409173749387,4.981113880469008e-08
11,merged_z_m0p024_dedup_filtered,46,0.00047902759979479015,0.0007421369664371014,-0.0002631093666423112,0.0002631093666423112,6.922653881491815e-08
11,merged_z_m0p024_dedup_filtered,47,0.0004532870079856366,0.0007829946698620915,-0.00032970766187645495,0.00032970766187645495,1.0870714230003874e-07
11,merged_z_m0p024_dedup_filtered,48,0.00040780019480735064,0.0008238583686761558,-0.00041605817386880517,0.00041605817386880517,1.7310440404304491e-07
11,merged_z_m0p024_dedup_filtered,49,0.00035236772964708507,0.0008647360373288393,-0.0005123683076817542,0.0005123683076817542,2.6252128271666477e-07
11,merged_z_m0p024_dedup_filtered,50,0.0002980887657031417,0.0009056436247192323,-0.0006075548590160906,0.0006075548590160906,3.6912290671406176e-07
11,merged_z_m0p024_dedup_filtered,51,0.0002554913517087698,0.0009466128540225327,-0.0006911215023137629,0.0006911215023137629,4.776489309604326e-07
11,merged_z_m0p024_dedup_filtered,52,0.0002327138790860772,0.0009877001866698265,-0.0007549863075837493,0.0007549863075837493,5.700043246389437e-07
11,merged_z_m0p024_dedup_filtered,53,-0.0004408753593452275,0.0014846447156742215,-0.001925520075019449,0.001925520075019449,3.7076275593029045e-06
11,merged_z_m0p024_dedup_filtered,54,-0.00030417516245506704,0.0013856397708877921,-0.0016898149333428591,0.0016898149333428591,2.8554745089485315e-06
11,merged_z_m0p024_dedup_filtered,55,0.0008185384212993085,0.00046105115325190127,0.00035748726804740727,0.00035748726804740727,1.2779714681599881e-07
11,merged_z_m0p024_dedup_filtered,56,0.0008509227191098034,0.0004815375432372093,0.0003693851758725941,0.0003693851758725941,1.364454081544273e-07
11,merged_z_m0p024_dedup_filtered,57,0.0008625722257420421,0.0005020664539188147,0.0003605057718232274,0.0003605057718232274,1.299644115178609e-07
11,merged_z_m0p024_dedup_filtered,58,-8.780160715105012e-05,-8.765365322460639e-08,-8.771395349782551e-05,8.771395349782551e-05,7.693737638218697e-09
11,merged_z_m0p024_dedup_filtered,59,-5.4228999943006784e-05,-8.278884422452393e-08,-5.414621109878226e-05,5.414621109878226e-05,2.931812176353891e-09
11,merged_z_m0p024_dedup_filtered,60,6.47532579023391e-06,-7.802069035278691e-08,6.553346480586697e-06,6.553346480586697e-06,4.294635009461805e-11
11,merged_z_m0p024_dedup_filtered,61,8.022706606425345e-05,-7.334247698054241e-08,8.030040854123399e-05,8.030040854123399e-05,6.448155611889085e-09
11,merged_z_m0p024_dedup_filtered,62,0.00014950372860766947,-6.88823433847574e-08,0.00014957261095105423,0.00014957261095105423,2.2371965946715426e-08
11,merged_z_m0p024_dedup_filtered,63,0.00019699304539244622,-6.451631406889646e-08,0.00019705756170651512,0.00019705756170651512,3.8831682625717013e-08
11,merged_z_m0p024_dedup_filtered,64,0.00020917727670166641,-6.008493613762766e-08,0.00020923736163780404,0.00020923736163780404,4.378027350514919e-08
11,merged_z_m0p024_dedup_filtered,65,0.00017909938469529152,-5.5533046605660275e-08,0.00017915491774189718,0.00017915491774189718,3.209648455110595e-08
11,merged_z_m0p024_dedup_filtered,66,0.00010773889516713098,-5.0840792908957155e-08,0.00010778973596003993,0.00010778973596003993,1.1618627178335126e-08
11,merged_z_m0p024_dedup_filtered,67,-0.000319196202326566,-0.0003287561412435025,9.559938916936517e-06,9.559938916936517e-06,9.139243209555734e-11
11,merged_z_m0p024_dedup_filtered,68,-0.0003265741979703307,-0.0003491897659841925,2.2615568013861775e-05,2.2615568013861775e-05,5.114639165896078e-10
11,merged_z_m0p024_dedup_filtered,69,-0.0004115338670089841,-0.00036962368176318705,-4.191018524579704e-05,4.191018524579704e-05,1.7564636273370237e-09
11,merged_z_m0p024_dedup_filtered,70,-0.000566106871701777,-0.00039005829603411257,-0.0001760485756676644,0.0001760485756676644,3.099310099461336e-08
11,merged_z_m0p024_dedup_filtered,71,-0.0007701764698140323,-0.00041049456922337413,-0.0003596819005906582,0.0003596819005906582,1.2937106961250812e-07
11,merged_z_m0p024_dedup_filtered,72,-0.0009942513424903154,-0.00043093538261018693,-0.0005633159598801285,0.0005633159598801285,3.1732487065567055e-07
11,merged_z_m0p024_dedup_filtered,73,-0.0012041800655424595,-0.00045138722634874284,-0.0007527928391937166,0.0007527928391937166,5.666970587413369e-07
11,merged_z_m0p024_dedup_filtered,74,-0.001366952434182167,-0.000471863808343187,-0.0008950886258389801,0.0008950886258389801,8.011836481063137e-07
11,merged_z_m0p024_dedup_filtered,75,-0.0014564882731065154,-0.0004923840169794858,-0.0009641042561270297,0.0009641042561270297,9.294970166822532e-07
11,merged_z_m0p024_dedup_filtered,76,-0.001677455147728324,-0.0009862297447398305,-0.0006912254029884934,0.0006912254029884934,4.777925577366052e-07
11,merged_z_m0p024_dedup_filtered,77,-0.001641324139200151,-0.0009451392688788474,-0.0006961848703213036,0.0006961848703213036,4.846733736642903e-07
11,merged_z_m0p024_dedup_filtered,78,0.0007677528192289174,0.0004405994259286672,0.00032715339330025017,0.00032715339330025017,1.0702934274786817e-07
11,merged_z_m0p024_dedup_filtered,79,0.0007021485944278538,0.0004201637639198452,0.0002819848305080086,0.0002819848305080086,7.951544463663034e-08
11,merged_z_m0p024_dedup_filtered,80,0.0006262017413973808,0.0003997348539996892,0.0002264668873976916,0.0002264668873976916,5.128725108759873e-08
11,merged_z_m0p024_dedup_filtered,81,0.0005448489100672305,0.00037930873804725707,0.0001655401720199734,0.0001655401720199734,2.7403548552402383e-08
11,merged_z_m0p024_dedup_filtered,82,0.0004630304465536028,0.00035888361162506044,0.00010414683492854238,0.00010414683492854238,1.0846563225633054e-08
11,merged_z_m0p024_dedup_filtered,83,0.0003852592781186104,0.0003384589799679816,4.6800298150628805e-05,4.6800298150628805e-05,2.19026790698775e-09
11,merged_z_m0p024_dedup_filtered,84,0.0003152628196403384,0.0003180345520377159,-2.771732397377491e-06,2.771732397377491e-06,7.682500482671974e-12
11,merged_z_m0p024_dedup_filtered,85,0.0002557305560912937,0.00029760986217297614,-4.1879306081682444e-05,4.1879306081682444e-05,1.7538762778832441e-09
11,merged_z_m0p024_dedup_filtered,86,0.00020818633493036032,0.00027718511410057545,-6.899877917021513e-05,6.899877917021513e-05,4.760831526980113e-09
11,merged_z_m0p024_dedup_filtered,87,0.00017298608145210892,0.00025676030782051384,-8.377422636840492e-05,8.377422636840492e-05,7.018121003624751e-09
11,merged_z_m0p024_dedup_filtered,88,0.0001494301832281053,0.00023633554519619793,-8.690536196809262e-05,8.690536196809262e-05,7.5525419388052e-09
11,merged_z_m0p024_dedup_filtered,89,0.0001359654706902802,0.0002159112336812541,-7.994576299097389e-05,7.994576299097389e-05,6.3913250202089705e-09
11,merged_z_m0p024_dedup_filtered,90,0.00013044798106420785,0.0001954879699042067,-6.503998883999884e-05,6.503998883999884e-05,4.230200148307174e-09
11,merged_z_m0p024_dedup_filtered,91,0.0001304339966736734,0.0001750672236084938,-4.4633226934820414e-05,4.4633226934820414e-05,1.9921249466151785e-09
11,merged_z_m0p024_dedup_filtered,92,0.0001334700355073437,0.0001546525745652616,-2.1182539057917893e-05,2.1182539057917893e-05,4.4869996094021706e-10
11,merged_z_m0p024_dedup_filtered,93,0.00013735724496655166,0.00013425250654108822,3.104738425463438e-06,3.104738425463438e-06,9.639400690549188e-12
11,merged_z_m0p024_dedup_filtered,94,-0.00134827452711761,-0.0001346870994893834,-0.0012135874276282266,0.0012135874276282266,1.472794444497296e-06
11,merged_z_m0p024_dedup_filtered,95,-0.0013596431817859411,-0.00011431432358222082,-0.0012453288582037203,0.0012453288582037203,1.5508439650749817e-06
11,merged_z_m0p024_dedup_filtered,96,-0.0016598361544311047,-0.00023012967722024769,-0.001429706477210857,0.001429706477210857,2.0440606109786785e-06
11,merged_z_m0p024_dedup_filtered,97,-0.0015895739197731018,-0.00034439569571986794,-0.0012451782240532339,0.0012451782240532339,1.5504688096563655e-06
11,merged_z_m0p024_dedup_filtered,98,-0.0014505008002743125,-0.00040538940811529756,-0.001045111392159015,0.001045111392159015,1.0922578220205543e-06
11,merged_z_m0p024_dedup_filtered,99,-0.001565439160913229,-0.0002708356478251517,-0.0012946035130880773,0.0012946035130880773,1.6759982560999916e-06
11,merged_z_m0p024_dedup_filtered,100,-0.001422075554728508,-0.000311625306494534,-0.001110450248233974,0.001110450248233974,1.2330997538028944e-06
11,merged_z_m0p024_dedup_filtered,101,-0.0012456498807296157,-0.00046654770267196,-0.0007791021780576557,0.0007791021780576557,6.07000203854183e-07
11,merged_z_m0p024_dedup_filtered,102,-0.0010105289984494448,-0.0005277741001918912,-0.0004827548982575536,0.0004827548982575536,2.330522917916609e-07
11,merged_z_m0p024_dedup_filtered,103,-0.0012478712014853954,-0.0003524541389197111,-0.0008954170625656843,0.0008954170625656843,8.017717159337586e-07
11,merged_z_m0p024_dedup_filtered,104,-0.0010643708519637585,-0.00039330110303126276,-0.0006710697489324957,0.0006710697489324957,4.5033460793232283e-07
11,merged_z_m0p024_dedup_filtered,105,-0.0007850721012800932,-0.0005890292231924832,-0.00019604287808761,0.00019604287808761,3.843281004887352e-08
11,merged_z_m0p024_dedup_filtered,106,-0.0006062465836293995,-0.0006503114709630609,4.406488733366132e-05,4.406488733366132e-05,1.9417142957282656e-09
11,merged_z_m0p024_dedup_filtered,107,-0.0008935279329307377,-0.000434155750554055,-0.00045937218237668276,0.00045937218237668276,2.1102280194151629e-07
11,merged_z_m0p024_dedup_filtered,108,-0.0010668053291738033,-0.0029024523682892323,0.001835647039115429,0.001835647039115429,3.369600052213241e-06
11,merged_z_m0p024_dedup_filtered,109,-0.0011878306977450848,-0.000195943663129583,-0.0009918870346155018,0.0009918870346155018,9.838398894383336e-07
11,merged_z_m0p024_dedup_filtered,110,-0.0012706444831565022,-0.00017551530618220568,-0.0010951291769742966,0.0010951291769742966,1.1993079142604002e-06
11,merged_z_m0p024_dedup_filtered,111,-0.001321566989645362,-0.0001550936867715791,-0.0011664733028737828,0.0011664733028737828,1.3606599663172719e-06
11,merged_z_m0p024_dedup_filtered,112,-0.0016931662103161216,-0.00018960496527142823,-0.0015035612450446934,0.0015035612450446934,2.2606964176003484e-06
11,merged_z_m0p024_dedup_filtered,113,-0.0007547822315245867,-0.00047501467633992434,-0.00027976755518466234,0.00027976755518466234,7.826988493400309e-08
11,merged_z_m0p024_dedup_filtered,114,-0.0005014430498704314,-0.0007115888292901218,0.00021014577941969037,0.00021014577941969037,4.416124860790916e-08
11,merged_z_m0p024_dedup_filtered,115,-0.0004839386965613812,-0.0007728756172582507,0.0002889369206968695,0.0002889369206968695,8.348454414178905e-08
11,merged_z_m0p024_dedup_filtered,116,-0.0006626816466450691,-0.0005158754647709429,-0.0001468061818741262,0.0001468061818741262,2.155205503645902e-08
11,merged_z_m0p024_dedup_filtered,117,-0.0006253736210055649,-0.0005567368352785707,-6.863678572699428e-05,6.863678572699428e-05,4.711008354933325e-09
11,merged_z_m0p024_dedup_filtered,118,-0.000551275908946991,-0.0008341713109984994,0.0002828954020515084,0.0002828954020515084,8.00298085018846e-08
11,merged_z_m0p024_dedup_filtered,119,-0.0006867795018479228,-0.0008954599034041166,0.00020868040155619383,0.00020868040155619383,4.3547509993654304e-08
11,merged_z_m0p024_dedup_filtered,120,-0.0005849561421200633,-0.00027767239953391254,-0.00030728374258615077,0.00030728374258615077,9.442329845775177e-08
11,merged_z_m0p024_dedup_filtered,121,-0.0007529496215283871,-0.00025723950238898396,-0.0004957101191394031,0.0004957101191394031,2.457285222172012e-07
11,merged_z_m0p024_dedup_filtered,122,-6.806818419136107e-06,0.000771452090702951,-0.0007782589091220871,0.0007782589091220871,6.05686929627901e-07
11,merged_z_m0p024_dedup_filtered,123,0.00019015904399566352,0.0008390358416363597,-0.0006488767976406962,0.0006488767976406962,4.2104109851644496e-07
11,merged_z_m0p024_dedup_filtered,124,0.0004401942132972181,0.0009618177427910268,-0.0005216235294938087,0.0005216235294938087,2.7209110652157836e-07
11,merged_z_m0p024_dedup_filtered,125,0.0004507687408477068,0.0010490822605788708,-0.000598313519731164,0.000598313519731164,3.5797906789309395e-07
11,merged_z_m0p024_dedup_filtered,126,0.00035717213177122176,-0.013444455340504646,0.013801627472275868,0.013801627472275868,0.00019048492088347997
11,merged_z_m0p024_dedup_filtered,127,0.00021142791956663132,0.0011778248008340597,-0.0009663968812674284,0.0009663968812674284,9.339229321234121e-07
12,merged_z_m0p026_dedup_filtered,0,-0.0014366080285981297,-0.001447714283131063,1.1106254532933235e-05,1.1106254532933235e-05,1.2334888975030003e-10
12,merged_z_m0p026_dedup_filtered,1,-0.0014591710641980171,-0.001375006278976798,-8.416478522121906e-05,8.416478522121906e-05,7.083711071333935e-09
12,merged_z_m0p026_dedup_filtered,2,-0.001481527928262949,-0.0013246310409158468,-0.00015689688734710217,0.00015689688734710217,2.4616633259209268e-08
12,merged_z_m0p026_dedup_filtered,3,-0.0015227703843265772,-0.0008837009663693607,-0.0006390694179572165,0.0006390694179572165,4.0840972096817547e-07
12,merged_z_m0p026_dedup_filtered,4,-0.0014101635897532105,-0.0008428021101281047,-0.0005673614796251059,0.0005673614796251059,3.218990485623894e-07
12,merged_z_m0p026_dedup_filtered,5,-0.0014859699876978993,-0.001263270853087306,-0.00022269913461059332,0.00022269913461059332,4.959490455630716e-08
12,merged_z_m0p026_dedup_filtered,6,-0.0014545564772561193,-0.0012019394198432565,-0.0002526170574128628,0.0002526170574128628,6.381537769593361e-08
12,merged_z_m0p026_dedup_filtered,7,-0.0012751984177157283,-0.0008019231609068811,-0.0004732752568088472,0.0004732752568088472,2.2398946870748026e-07
12,merged_z_m0p026_dedup_filtered,8,-0.0011268105590716004,-0.0007610530010424554,-0.000365757558029145,0.000365757558029145,1.3377859125544337e-07
12,merged_z_m0p026_dedup_filtered,9,-0.001375062856823206,-0.0011406324338167906,-0.00023443042300641537,0.00023443042300641537,5.4957623230966843e-08
12,merged_z_m0p026_dedup_filtered,10,-0.001245114835910499,-0.0010793345281854272,-0.0001657803077250719,0.0001657803077250719,2.7483110429419536e-08
12,merged_z_m0p026_dedup_filtered,11,-0.0009765936993062496,-0.0007201872649602592,-0.0002564064343459904,0.0002564064343459904,6.57442595740247e-08
12,merged_z_m0p026_dedup_filtered,12,-0.0008381834486499429,-0.0006793235661461949,-0.00015885988250374794,0.00015885988250374794,2.52364622691046e-08
12,merged_z_m0p026_dedup_filtered,13,-0.0010743155144155025,-0.0010180397657677531,-5.6275748647749424e-05,5.6275748647749424e-05,3.166959885864671e-09
12,merged_z_m0p026_dedup_filtered,14,-0.0008836273336783051,-0.0009567463421262801,7.311900844797492e-05,7.311900844797492e-05,5.346389396415028e-09
12,merged_z_m0p026_dedup_filtered,15,-0.0007260213606059551,-0.000638460973277688,-8.75603873282671e-05,8.75603873282671e-05,7.666821429076157e-09
12,merged_z_m0p026_dedup_filtered,16,-0.0006535982247442007,-0.0005975988460704684,-5.599937867373228e-05,5.599937867373228e-05,3.1359304118440618e-09
12,merged_z_m0p026_dedup_filtered,17,-0.0004417356103658676,-0.008090938441455364,0.007649202831089497,0.007649202831089497,5.851030395114757e-05
12,merged_z_m0p026_dedup_filtered,18,-6.576427404070273e-05,-4.381816864906796e-08,-6.572045587205366e-05,6.572045587205366e-05,4.319178320030553e-09
12,merged_z_m0p026_dedup_filtered,19,-0.00019195119966752827,-3.940547443903597e-08,-0.00019191179419308924,0.00019191179419308924,3.683013675041064e-08
12,merged_z_m0p026_dedup_filtered,20,-0.0003096854779869318,-3.528859693346931e-08,-0.00030965018938999833,0.00030965018938999833,9.588323978926184e-08
12,merged_z_m0p026_dedup_filtered,21,-0.00040406372863799334,-3.133590809056841e-08,-0.00040403239272990277,0.00040403239272990277,1.6324217437505038e-07
12,merged_z_m0p026_dedup_filtered,22,-0.00046564708463847637,-2.7436634297828277e-08,-0.00046561964800417854,0.00046561964800417854,2.1680165660753513e-07
12,merged_z_m0p026_dedup_filtered,23,-0.0004920794162899256,-2.3607100274603e-08,-0.000492055809189651,0.000492055809189651,2.421189193572822e-07
12,merged_z_m0p026_dedup_filtered,24,-0.0004881164350081235,-1.99208045614796e-08,-0.00048809651420356204,0.00048809651420356204,2.3823820717766805e-07
12,merged_z_m0p026_dedup_filtered,25,-0.00046409512287937105,-1.6569588368042787e-08,-0.000464078553291003,0.000464078553291003,2.1536890362467033e-07
12,merged_z_m0p026_dedup_filtered,26,-0.0004332096432335675,-1.3542215349104936e-08,-0.00043319610101821837,0.00043319610101821837,1.8765886193738645e-07
12,merged_z_m0p026_dedup_filtered,27,-0.00040822505252435803,-1.0667145389220423e-08,-0.0004082143853789688,0.0004082143853789688,1.6663898443032927e-07
12,merged_z_m0p026_dedup_filtered,28,-0.00039837442454881966,-7.969680915209665e-09,-0.00039836645486790445,0.00039836645486790445,1.5869583236402216e-07
12,merged_z_m0p026_dedup_filtered,29,0.0001469901471864432,9.47217849898152e-05,5.2268362196628004e-05,5.2268362196628004e-05,2.7319816867178915e-09
12,merged_z_m0p026_dedup_filtered,30,-0.00035360740730538964,0.00021143874619156122,-0.0005650461534969509,0.0005650461534969509,3.1927715558169976e-07
12,merged_z_m0p026_dedup_filtered,31,-0.00033780219382606447,0.00025207229191437364,-0.0005898744857404381,0.0005898744857404381,3.479519089275463e-07
12,merged_z_m0p026_dedup_filtered,32,-0.0008037359220907092,0.00037894511478953063,-0.0011826810368802398,0.0011826810368802398,1.3987344349961192e-06
12,merged_z_m0p026_dedup_filtered,33,-0.0006457006675191224,-0.0005276299780234694,-0.00011807068949565291,0.00011807068949565291,1.3940687717978883e-08
12,merged_z_m0p026_dedup_filtered,34,-0.000699575524777174,0.0004891888820566237,-0.0011887644068337977,0.0011887644068337977,1.4131608149549109e-06
12,merged_z_m0p026_dedup_filtered,35,-0.0002575265825726092,0.0003336321096867323,-0.0005911586922593415,0.0005911586922593415,3.494685994337748e-07
12,merged_z_m0p026_dedup_filtered,36,-0.0001913440937642008,0.00037446481292136014,-0.0005658089066855609,0.0005658089066855609,3.201397188847098e-07
12,merged_z_m0p026_dedup_filtered,37,-0.00010831397958099842,0.0004153090703766793,-0.0005236230499576777,0.0005236230499576777,2.7418109844698066e-07
12,merged_z_m0p026_dedup_filtered,38,-0.000434849935118109,0.0006241575465537608,-0.0010590074816718698,0.0010590074816718698,1.1214968462369956e-06
12,merged_z_m0p026_dedup_filtered,39,-1.1212359822820872e-05,0.0004561584210023284,-0.00046737078082514927,0.00046737078082514927,2.1843544676910971e-07
12,merged_z_m0p026_dedup_filtered,40,9.480227890890092e-05,0.0004970102454535663,-0.0004022079665446654,0.0004022079665446654,1.6177124835199468e-07
12,merged_z_m0p026_dedup_filtered,41,0.00020239139848854393,0.0005378634086810052,-0.0003354720101924613,0.0003354720101924613,1.1254146962257087e-07
12,merged_z_m0p026_dedup_filtered,42,0.0003028042847290635,0.0005787170375697315,-0.00027591275284066796,0.00027591275284066796,7.612784718011553e-08
12,merged_z_m0p026_dedup_filtered,43,0.0003871027729474008,0.0006195716559886932,-0.00023246888304129243,0.00023246888304129243,5.40417815824661e-08
12,merged_z_m0p026_dedup_filtered,44,0.0004476287867873907,0.0006604263326153159,-0.0002127975458279252,0.0002127975458279252,4.528279551038793e-08
12,merged_z_m0p026_dedup_filtered,45,0.0004794191918335855,0.0007012812420725822,-0.00022186205023899674,0.00022186205023899674,4.9222769336251115e-08
12,merged_z_m0p026_dedup_filtered,46,0.00048126603360287845,0.0007421369664371014,-0.0002608709328342229,0.0002608709328342229,6.805364359779764e-08
12,merged_z_m0p026_dedup_filtered,47,0.0004561739042401314,0.0007829946698620915,-0.00032682076562196016,0.00032682076562196016,1.0681181284172422e-07
12,merged_z_m0p026_dedup_filtered,48,0.0004110766458325088,0.0008238583686761558,-0.000412781722843647,0.000412781722843647,1.703887507137694e-07
12,merged_z_m0p026_dedup_filtered,49,0.0003558215976227075,0.0008647360373288393,-0.0005089144397061318,0.0005089144397061318,2.589939069414061e-07
12,merged_z_m0p026_dedup_filtered,50,0.00030157857690937817,0.0009056436247192323,-0.0006040650478098541,0.0006040650478098541,3.648945819855214e-07
12,merged_z_m0p026_dedup_filtered,51,0.00025895208818838,0.0009466128540225327,-0.0006876607658341527,0.0006876607658341527,4.728773288676134e-07
12,merged_z_m0p026_dedup_filtered,52,0.0002361437218496576,0.0009877001866698265,-0.0007515564648201689,0.0007515564648201689,5.648371198129898e-07
12,merged_z_m0p026_dedup_filtered,53,-0.00043072912376374006,0.0014846447156742215,-0.0019153738394379616,0.0019153738394379616,3.6686569448033182e-06
12,merged_z_m0p026_dedup_filtered,54,-0.0002938783436547965,0.0013856397708877921,-0.0016795181145425886,0.0016795181145425886,2.8207810970766917e-06
12,merged_z_m0p026_dedup_filtered,55,0.0008155001560226083,0.00046105115325190127,0.000354449002770707,0.000354449002770707,1.2563409556514867e-07
12,merged_z_m0p026_dedup_filtered,56,0.0008479622774757445,0.0004815375432372093,0.00036642473423853517,0.00036642473423853517,1.3426708586178113e-07
12,merged_z_m0p026_dedup_filtered,57,0.000859625986777246,0.0005020664539188147,0.00035755953285843134,0.00035755953285843134,1.2784881953793964e-07
12,merged_z_m0p026_dedup_filtered,58,-8.307678945129737e-05,-8.765365322460639e-08,-8.298913579807277e-05,8.298913579807277e-05,6.887196660510963e-09
12,merged_z_m0p026_dedup_filtered,59,-4.9687238060869277e-05,-8.278884422452393e-08,-4.960444921664475e-05,4.960444921664475e-05,2.4606013820866883e-09
12,merged_z_m0p026_dedup_filtered,60,1.0589654266368598e-05,-7.802069035278691e-08,1.0667674956721385e-05,1.0667674956721385e-05,1.137992889822606e-10
12,merged_z_m0p026_dedup_filtered,61,8.357828482985497e-05,-7.334247698054241e-08,8.365162730683551e-05,8.365162730683551e-05,6.997594751081708e-09
12,merged_z_m0p026_dedup_filtered,62,0.00015166527009569108,-6.88823433847574e-08,0.00015173415243907584,0.00015173415243907584,2.3023253016404704e-08
12,merged_z_m0p026_dedup_filtered,63,0.000197491142898798,-6.451631406889646e-08,0.00019755565921286689,0.00019755565921286689,3.90282384870304e-08
12,merged_z_m0p026_dedup_filtered,64,0.00020757270976901054,-6.008493613762766e-08,0.00020763279470514817,0.00020763279470514817,4.3111377437070204e-08
12,merged_z_m0p026_dedup_filtered,65,0.0001750911760609597,-5.5533046605660275e-08,0.00017514670910756536,0.00017514670910756536,3.067636971121012e-08
12,merged_z_m0p026_dedup_filtered,66,0.00010126593406312168,-5.0840792908957155e-08,0.00010131677485603063,0.00010131677485603063,1.0265088867227602e-08
12,merged_z_m0p026_dedup_filtered,67,-0.00032184377778321505,-0.0003287561412435025,6.912363460287452e-06,6.912363460287452e-06,4.7780768607117113e-11
12,merged_z_m0p026_dedup_filtered,68,-0.0003276562783867121,-0.0003491897659841925,2.1533487597480416e-05,2.1533487597480416e-05,4.636910881108429e-10
12,merged_z_m0p026_dedup_filtered,69,-0.0004105803673155606,-0.00036962368176318705,-4.095668555237353e-05,4.095668555237353e-05,1.6774500914360025e-09
12,merged_z_m0p026_dedup_filtered,70,-0.0005627993959933519,-0.00039005829603411257,-0.00017274109995923936,0.00017274109995923936,2.9839487615127926e-08
12,merged_z_m0p026_dedup_filtered,71,-0.0007643960998393595,-0.00041049456922337413,-0.0003539015306159854,0.0003539015306159854,1.2524629337233725e-07
12,merged_z_m0p026_dedup_filtered,72,-0.0009861064609140158,-0.00043093538261018693,-0.0005551710783038288,0.0005551710783038288,3.0821492618503605e-07
12,merged_z_m0p026_dedup_filtered,73,-0.0011940081603825092,-0.00045138722634874284,-0.0007426209340337664,0.0007426209340337664,5.514858516651836e-07
12,merged_z_m0p026_dedup_filtered,74,-0.0013552943710237741,-0.000471863808343187,-0.0008834305626805872,0.0008834305626805872,7.804495590781389e-07
12,merged_z_m0p026_dedup_filtered,75,-0.001444038120098412,-0.0004923840169794858,-0.0009516541031189263,0.0009516541031189263,9.05645531983088e-07
12,merged_z_m0p026_dedup_filtered,76,-0.0016712318174540997,-0.0009862297447398305,-0.0006850020727142692,0.0006850020727142692,4.692278396228449e-07
12,merged_z_m0p026_dedup_filtered,77,-0.001636783010326326,-0.0009451392688788474,-0.0006916437414474785,0.0006916437414474785,4.783710650834665e-07
12,merged_z_m0p026_dedup_filtered,78,0.0007644773577339947,0.0004405994259286672,0.00032387793180532753,0.00032387793180532753,1.0489691471049639e-07
12,merged_z_m0p026_dedup_filtered,79,0.000698355957865715,0.0004201637639198452,0.0002781921939458698,0.0002781921939458698,7.739089677241644e-08
12,merged_z_m0p026_dedup_filtered,80,0.0006215104949660599,0.0003997348539996892,0.0002217756409663707,0.0002217756409663707,4.918443492604456e-08
12,merged_z_m0p026_dedup_filtered,81,0.0005388404242694378,0.00037930873804725707,0.00015953168622218072,0.00015953168622218072,2.5450358908892327e-08
12,merged_z_m0p026_dedup_filtered,82,0.00045534581295214593,0.00035888361162506044,9.64622013270855e-05,9.64622013270855e-05,9.304956284867175e-09
12,merged_z_m0p026_dedup_filtered,83,0.00037570809945464134,0.0003384589799679816,3.7249119486659765e-05,3.7249119486659765e-05,1.3874969025314563e-09
12,merged_z_m0p026_dedup_filtered,84,0.0003039173607248813,0.0003180345520377159,-1.411719131283462e-05,1.411719131283462e-05,1.9929509056317328e-10
12,merged_z_m0p026_dedup_filtered,85,0.0002429793239571154,0.00029760986217297614,-5.4630538215860724e-05,5.4630538215860724e-05,2.984495705754619e-09
12,merged_z_m0p026_dedup_filtered,86,0.00019472932035569102,0.00027718511410057545,-8.245579374488443e-05,8.245579374488443e-05,6.7989579220989225e-09
12,merged_z_m0p026_dedup_filtered,87,0.00015976480790413916,0.00025676030782051384,-9.699549991637468e-05,9.699549991637468e-05,9.408127004027441e-09
12,merged_z_m0p026_dedup_filtered,88,0.00013749932986684144,0.00023633554519619793,-9.883621532935649e-05,9.883621532935649e-05,9.768597460630923e-09
12,merged_z_m0p026_dedup_filtered,89,0.00012632709695026278,0.0002159112336812541,-8.95841367309913e-05,8.95841367309913e-05,8.025317553836945e-09
12,merged_z_m0p026_dedup_filtered,90,0.00012387741298880428,0.0001954879699042067,-7.161055691540241e-05,7.161055691540241e-05,5.128071861734088e-09
12,merged_z_m0p026_dedup_filtered,91,0.00012733131006825715,0.0001750672236084938,-4.773591354023665e-05,4.773591354023665e-05,2.278717441520949e-09
12,merged_z_m0p026_dedup_filtered,92,0.0001337668509222567,0.0001546525745652616,-2.0885723643004894e-05,2.0885723643004894e-05,4.3621345209197363e-10
12,merged_z_m0p026_dedup_filtered,93,0.00014049946912564337,0.00013425250654108822,6.246962584555149e-06,6.246962584555149e-06,3.902454153283195e-11
12,merged_z_m0p026_dedup_filtered,94,-0.001345802447758615,-0.0001346870994893834,-0.0012111153482692316,0.0012111153482692316,1.4668003868133022e-06
12,merged_z_m0p026_dedup_filtered,95,-0.0013566442066803575,-0.00011431432358222082,-0.0012423298830981366,0.0012423298830981366,1.5433835384386298e-06
12,merged_z_m0p026_dedup_filtered,96,-0.001654051593504846,-0.00023012967722024769,-0.0014239219162845984,0.0014239219162845984,2.0275536236756027e-06
12,merged_z_m0p026_dedup_filtered,97,-0.0015804307768121362,-0.00034439569571986794,-0.0012360350810922682,0.0012360350810922682,1.52778272169077e-06
12,merged_z_m0p026_dedup_filtered,98,-0.0014410035219043493,-0.00040538940811529756,-0.0010356141137890518,0.0010356141137890518,1.072496592679083e-06
12,merged_z_m0p026_dedup_filtered,99,-0.001559389871545136,-0.0002708356478251517,-0.0012885542237199843,0.0012885542237199843,1.6603719874666113e-06
12,merged_z_m0p026_dedup_filtered,100,-0.0014158380217850208,-0.000311625306494534,-0.0011042127152904868,0.0011042127152904868,1.2192857206091897e-06
12,merged_z_m0p026_dedup_filtered,101,-0.0012359285028651357,-0.00046654770267196,-0.0007693808001931757,0.0007693808001931757,5.919468157058913e-07
12,merged_z_m0p026_dedup_filtered,102,-0.0010011600097641349,-0.0005277741001918912,-0.0004733859095722437,0.0004733859095722437,2.2409421938154048e-07
12,merged_z_m0p026_dedup_filtered,103,-0.0012418241240084171,-0.0003524541389197111,-0.000889369985088706,0.000889369985088706,7.909789703766852e-07
12,merged_z_m0p026_dedup_filtered,104,-0.0010591857135295868,-0.00039330110303126276,-0.000665884610498324,0.000665884610498324,4.434023144985047e-07
12,merged_z_m0p026_dedup_filtered,105,-0.0007770707597956061,-0.0005890292231924832,-0.00018804153660312295,0.00018804153660312295,3.535961948806363e-08
12,merged_z_m0p026_dedup_filtered,106,-0.0006009265780448914,-0.0006503114709630609,4.93848929181695e-05,4.93848929181695e-05,2.438867648539068e-09
12,merged_z_m0p026_dedup_filtered,107,-0.0008900676039047539,-0.000434155750554055,-0.00045591185335069895,0.00045591185335069895,2.0785561802566922e-07
12,merged_z_m0p026_dedup_filtered,108,-0.0010686602909117937,-0.003144323593005538,0.0020756633020937443,0.0020756633020937443,4.308378143658706e-06
12,merged_z_m0p026_dedup_filtered,109,-0.0011884559644386172,-0.000195943663129583,-0.0009925123013090342,0.0009925123013090342,9.850806682497551e-07
12,merged_z_m0p026_dedup_filtered,110,-0.0012700726510956883,-0.00017551530618220568,-0.0010945573449134827,0.0010945573449134827,1.1980557813040527e-06
12,merged_z_m0p026_dedup_filtered,111,-0.0013199286768212914,-0.0001550936867715791,-0.0011648349900497124,0.0011648349900497124,1.3568405540441135e-06
12,merged_z_m0p026_dedup_filtered,112,-0.00168749934528023,-0.00018960496527142823,-0.0014978943800088018,0.0014978943800088018,2.2436875736619528e-06
12,merged_z_m0p026_dedup_filtered,113,-0.000753929081838578,-0.00047501467633992434,-0.00027891440549865365,0.00027891440549865365,7.77932455946674e-08
12,merged_z_m0p026_dedup_filtered,114,-0.0005001698154956102,-0.0007115888292901218,0.00021141901379451156,0.00021141901379451156,4.469799939384387e-08
12,merged_z_m0p026_dedup_filtered,115,-0.0004878287436440587,-0.0007728756172582507,0.000285046873614192,0.000285046873614192,8.125172015722515e-08
12,merged_z_m0p026_dedup_filtered,116,-0.0006651291041634977,-0.0005158754647709429,-0.00014925363939255476,0.00014925363939255476,2.2276648871922774e-08
12,merged_z_m0p026_dedup_filtered,117,-0.0006314317579381168,-0.0005567368352785707,-7.469492265954614e-05,7.469492265954614e-05,5.579331471115579e-09
12,merged_z_m0p026_dedup_filtered,118,-0.0005609118961729109,-0.0008341713109984994,0.00027325941482558846,0.00027325941482558846,7.467070779082304e-08
12,merged_z_m0p026_dedup_filtered,119,-0.0007020056364126503,-0.0008954599034041166,0.00019345426699146628,0.00019345426699146628,3.742455341720552e-08
12,merged_z_m0p026_dedup_filtered,120,-0.0005890237516723573,-0.00027767239953391254,-0.0003113513521384448,0.0003113513521384448,9.693966447843784e-08
12,merged_z_m0p026_dedup_filtered,121,-0.0007566363201476634,-0.00025723950238898396,-0.0004993968177586794,0.0004993968177586794,2.4939718158749563e-07
12,merged_z_m0p026_dedup_filtered,122,-4.791188985109329e-06,0.000771452090702951,-0.0007762432796880603,0.0007762432796880603,6.025536292608762e-07
12,merged_z_m0p026_dedup_filtered,123,0.0001948696153704077,0.0008390358416363597,-0.000644166226265952,0.000644166226265952,4.1495012706171766e-07
12,merged_z_m0p026_dedup_filtered,124,0.0004484938981477171,0.0009618177427910268,-0.0005133238446433097,0.0005133238446433097,2.6350136947938877e-07
12,merged_z_m0p026_dedup_filtered,125,0.0004607854934874922,0.0010490822605788708,-0.0005882967670913786,0.0005882967670913786,3.460930861701677e-07
12,merged_z_m0p026_dedup_filtered,126,0.0003676597261801362,-0.01456482708454132,0.014932486810721457,0.014932486810721457,0.00022297916235237026
12,merged_z_m0p026_dedup_filtered,127,0.00022201702813617885,0.0011778248008340597,-0.0009558077726978809,0.0009558077726978809,9.135684983496839e-07
13,merged_z_m0p028_dedup_filtered,0,-0.0014378541382029653,-0.001447714283131063,9.860144928097725e-06,9.860144928097725e-06,9.722245800309129e-11
13,merged_z_m0p028_dedup_filtered,1,-0.0014632170787081122,-0.001375006278976798,-8.821079973131418e-05,8.821079973131418e-05,7.781145189238018e-09
13,merged_z_m0p028_dedup_filtered,2,-0.001489656395278871,-0.0013246310409158468,-0.00016502535436302423,0.00016502535436302423,2.7233367582641722e-08
13,merged_z_m0p028_dedup_filtered,3,-0.0015231800498440862,-0.0008837009663693607,-0.0006394790834747255,0.0006394790834747255,4.089334982016749e-07
13,merged_z_m0p028_dedup_filtered,4,-0.0014142945874482393,-0.0008428021101281047,-0.0005714924773201346,0.0005714924773201346,3.266036516335046e-07
13,merged_z_m0p028_dedup_filtered,5,-0.0014986630994826555,-0.001263270853087306,-0.0002353922463953495,0.0002353922463953495,5.540950966304893e-08
13,merged_z_m0p028_dedup_filtered,6,-0.0014714329736307263,-0.0012019394198432565,-0.00026949355378746986,0.00026949355378746986,7.262677553299991e-08
13,merged_z_m0p028_dedup_filtered,7,-0.0012828834587708116,-0.0008019231609068811,-0.00048096029786393046,0.00048096029786393046,2.3132280812136071e-07
13,merged_z_m0p028_dedup_filtered,8,-0.001137285027652979,-0.0007610530010424554,-0.00037623202661052346,0.00037623202661052346,1.4155053784746163e-07
13,merged_z_m0p028_dedup_filtered,9,-0.0013949447311460972,-0.0011406324338167906,-0.0002543122973293066,0.0002543122973293066,6.467474457290965e-08
13,merged_z_m0p028_dedup_filtered,10,-0.0012662488734349608,-0.0010793345281854272,-0.00018691434524953365,0.00018691434524953365,3.4936972460061864e-08
13,merged_z_m0p028_dedup_filtered,11,-0.0009886492043733597,-0.0007201872649602592,-0.0002684619394131005,0.0002684619394131005,7.207181291344323e-08
13,merged_z_m0p028_dedup_filtered,12,-0.0008503943681716919,-0.0006793235661461949,-0.00017107080202549696,0.00017107080202549696,2.9265219305646775e-08
13,merged_z_m0p028_dedup_filtered,13,-0.001094694947823882,-0.0010180397657677531,-7.665518205612898e-05,7.665518205612898e-05,5.876016936058278e-09
13,merged_z_m0p028_dedup_filtered,14,-0.0009013462113216519,-0.0009567463421262801,5.5400130804628134e-05,5.5400130804628134e-05,3.069174493169907e-09
13,merged_z_m0p028_dedup_filtered,15,-0.0007369981613010168,-0.000638460973277688,-9.853718802332878e-05,9.853718802332878e-05,9.709577423544849e-09
13,merged_z_m0p028_dedup_filtered,16,-0.000662218255456537,-0.0005975988460704684,-6.461940938606858e-05,6.461940938606858e-05,4.1756680694043284e-09
13,merged_z_m0p028_dedup_filtered,17,-0.00044554565101861954,-0.008713317103683949,0.008267771452665329,0.008267771452665329,6.835604479350776e-05
13,merged_z_m0p028_dedup_filtered,18,-7.430170808220282e-05,-4.381816864906796e-08,-7.425788991355375e-05,7.425788991355375e-05,5.514234214413468e-09
13,merged_z_m0p028_dedup_filtered,19,-0.00020150671480223536,-3.940547443903597e-08,-0.00020146730932779633,0.00020146730932779633,4.058907672778197e-08
13,merged_z_m0p028_dedup_filtered,20,-0.00031939666951075196,-3.528859693346931e-08,-0.0003193613809138185,0.0003193613809138185,1.0199169161918107e-07
13,merged_z_m0p028_dedup_filtered,21,-0.0004129684530198574,-3.133590809056841e-08,-0.00041293711711176684,0.00041293711711176684,1.7051706268857704e-07
13,merged_z_m0p028_dedup_filtered,22,-0.00047282653395086527,-2.7436634297828277e-08,-0.00047279909731656744,0.00047279909731656744,2.2353898642336102e-07
13,merged_z_m0p028_dedup_filtered,23,-0.0004968076827935874,-2.3607100274603e-08,-0.0004967840756933128,0.0004967840756933128,2.467944178624592e-07
13,merged_z_m0p028_dedup_filtered,24,-0.0004899895284324884,-1.99208045614796e-08,-0.000489969607627927,0.000489969607627927,2.400702163990647e-07
13,merged_z_m0p028_dedup_filtered,25,-0.0004631125193554908,-1.6569588368042787e-08,-0.00046309594976712276,0.00046309594976712276,2.1445785869071348e-07
13,merged_z_m0p028_dedup_filtered,26,-0.00042979238787665963,-1.3542215349104936e-08,-0.0004297788456613105,0.0004297788456613105,1.8470985617796858e-07
13,merged_z_m0p028_dedup_filtered,27,-0.00040316302329301834,-1.0667145389220423e-08,-0.0004031523561476291,0.0004031523561476291,1.625318222673848e-07
13,merged_z_m0p028_dedup_filtered,28,-0.00039271058631129563,-7.969680915209665e-09,-0.0003927026166303804,0.0003927026166303804,1.5421534510834755e-07
13,merged_z_m0p028_dedup_filtered,29,0.00015138793969526887,9.47217849898152e-05,5.6666154705453664e-05,5.6666154705453664e-05,3.2110530891024084e-09
13,merged_z_m0p028_dedup_filtered,30,-0.00035954450140707195,0.00021143874619156122,-0.0005709832475986332,0.0005709832475986332,3.2602186903828203e-07
13,merged_z_m0p028_dedup_filtered,31,-0.0003438276762608439,0.00025207229191437364,-0.0005958999681752175,0.0005958999681752175,3.5509677207122524e-07
13,merged_z_m0p028_dedup_filtered,32,-0.0008157578413374722,0.00037894511478953063,-0.0011947029561270028,0.0011947029561270028,1.4273151533785993e-06
13,merged_z_m0p028_dedup_filtered,33,-0.0006554645951837301,-0.0005682167829945683,-8.724781218916178e-05,8.724781218916178e-05,7.612180731795246e-09
13,merged_z_m0p028_dedup_filtered,34,-0.0007090723374858499,0.0004891888820566237,-0.0011982612195424736,0.0011982612195424736,1.435829950259416e-06
13,merged_z_m0p028_dedup_filtered,35,-0.00026376915047876537,0.0003336321096867323,-0.0005974012601654977,0.0005974012601654977,3.568882656473246e-07
13,merged_z_m0p028_dedup_filtered,36,-0.0001975473714992404,0.00037446481292136014,-0.0005720121844206005,0.0005720121844206005,3.271979391256271e-07
13,merged_z_m0p028_dedup_filtered,37,-0.00011426472337916493,0.0004153090703766793,-0.0005295737937558442,0.0005295737937558442,2.8044840303295745e-07
13,merged_z_m0p028_dedup_filtered,38,-0.00043953050044365227,0.0006241575465537608,-0.001063688046997413,0.001063688046997413,1.1314322613251708e-06
13,merged_z_m0p028_dedup_filtered,39,-1.6640588000882417e-05,0.0004561584210023284,-0.0004727990090032108,0.0004727990090032108,2.2353890291441822e-07
13,merged_z_m0p028_dedup_filtered,40,9.018112905323505e-05,0.0004970102454535663,-0.00040682911640033126,0.00040682911640033126,1.6550992995107428e-07
13,merged_z_m0p028_dedup_filtered,41,0.00019882823107764125,0.0005378634086810052,-0.000339035177603364,0.000339035177603364,1.1494485165254456e-07
13,merged_z_m0p028_dedup_filtered,42,0.0003004719619639218,0.0005787170375697315,-0.0002782450756058097,0.0002782450756058097,7.742032209888275e-08
13,merged_z_m0p028_dedup_filtered,43,0.0003860655415337533,0.0006195716559886932,-0.00023350611445493996,0.00023350611445493996,5.452510548784352e-08
13,merged_z_m0p028_dedup_filtered,44,0.00044783117482438684,0.0006604263326153159,-0.00021259515779092908,0.00021259515779092908,4.519670111615003e-08
13,merged_z_m0p028_dedup_filtered,45,0.0004806971992366016,0.0007012812420725822,-0.00022058404283598065,0.00022058404283598065,4.865731995386575e-08
13,merged_z_m0p028_dedup_filtered,46,0.00048337786574847996,0.0007421369664371014,-0.0002587591006886214,0.0002587591006886214,6.695627218918411e-08
13,merged_z_m0p028_dedup_filtered,47,0.0004588436568155885,0.0007829946698620915,-0.00032415101304650307,0.00032415101304650307,1.050738792590742e-07
13,merged_z_m0p028_dedup_filtered,48,0.00041404145304113626,0.0008238583686761558,-0.00040981691563501954,0.00040981691563501954,1.6794990434060072e-07
13,merged_z_m0p028_dedup_filtered,49,0.0003588724066503346,0.0008647360373288393,-0.0005058636306785047,0.0005058636306785047,2.558980128432386e-07
13,merged_z_m0p028_dedup_filtered,50,0.0003045860503334552,0.0009056436247192323,-0.0006010575743857771,0.0006010575743857771,3.61270207726514e-07
13,merged_z_m0p028_dedup_filtered,51,0.0002618721919134259,0.0009466128540225327,-0.0006847406621091068,0.0006847406621091068,4.6886977434561794e-07
13,merged_z_m0p028_dedup_filtered,52,0.00023900283849798143,0.0009877001866698265,-0.0007486973481718451,0.0007486973481718451,5.60547719159553e-07
13,merged_z_m0p028_dedup_filtered,53,-0.0004216773377265781,0.0014846447156742215,-0.0019063220534007996,0.0019063220534007996,3.634063771282241e-06
13,merged_z_m0p028_dedup_filtered,54,-0.00028462029877118766,0.0013856397708877921,-0.0016702600696589798,0.0016702600696589798,2.78976870029722e-06
13,merged_z_m0p028_dedup_filtered,55,0.0008124338928610086,0.00046105115325190127,0.0003513827396091074,0.0003513827396091074,1.2346982969520176e-07
13,merged_z_m0p028_dedup_filtered,56,0.0008449419401586056,0.0004815375432372093,0.00036340439692139626,0.00036340439692139626,1.3206275570180372e-07
13,merged_z_m0p028_dedup_filtered,57,0.0008566103642806411,0.0005020664539188147,0.0003545439103618264,0.0003545439103618264,1.257013843746548e-07
13,merged_z_m0p028_dedup_filtered,58,-7.898718467913568e-05,-8.765365322460639e-08,-7.889953102591107e-05,7.889953102591107e-05,6.225135996108704e-09
13,merged_z_m0p028_dedup_filtered,59,-4.577927757054567e-05,-8.278884422452393e-08,-4.569648872632115e-05,4.569648872632115e-05,2.088169081914796e-09
13,merged_z_m0p028_dedup_filtered,60,1.4084747817832977e-05,-7.802069035278691e-08,1.4162768508185763e-05,1.4162768508185763e-05,2.005840118164584e-10
13,merged_z_m0p028_dedup_filtered,61,8.635803533252329e-05,-7.334247698054241e-08,8.643137780950383e-05,8.643137780950383e-05,7.470383070049191e-09
13,merged_z_m0p028_dedup_filtered,62,0.00015335832722485065,-6.88823433847574e-08,0.0001534272095682354,0.0001534272095682354,2.3539908635895226e-08
13,merged_z_m0p028_dedup_filtered,63,0.0001976950152311474,-6.451631406889646e-08,0.0001977595315452163,0.0001977595315452163,3.91088323169834e-08
13,merged_z_m0p028_dedup_filtered,64,0.00020592253713402897,-6.008493613762766e-08,0.0002059826220701666,0.0002059826220701666,4.242884059490108e-08
13,merged_z_m0p028_dedup_filtered,65,0.00017134596419055015,-5.5533046605660275e-08,0.0001714014972371558,0.0001714014972371558,2.937847325513873e-08
13,merged_z_m0p028_dedup_filtered,66,9.53923663473688e-05,-5.0840792908957155e-08,9.544320714027776e-05,9.544320714027776e-05,9.109405789221968e-09
13,merged_z_m0p028_dedup_filtered,67,-0.00032453075982630253,-0.0003287561412435025,4.225381417199969e-06,4.225381417199969e-06,1.785384812081882e-11
13,merged_z_m0p028_dedup_filtered,68,-0.00032892479794099927,-0.0003491897659841925,2.026496804319322e-05,2.026496804319322e-05,4.106689297916425e-10
13,merged_z_m0p028_dedup_filtered,69,-0.0004099843790754676,-0.00036962368176318705,-4.0360697312280536e-05,4.0360697312280536e-05,1.6289858875335293e-09
13,merged_z_m0p028_dedup_filtered,70,-0.0005600322037935257,-0.00039005829603411257,-0.00016997390775941312,0.00016997390775941312,2.889112931900548e-08
13,merged_z_m0p028_dedup_filtered,71,-0.0007593370391987264,-0.00041049456922337413,-0.0003488424699753523,0.0003488424699753523,1.2169106885850456e-07
13,merged_z_m0p028_dedup_filtered,72,-0.00097884819842875,-0.00043093538261018693,-0.0005479128158185631,0.0005479128158185631,3.0020845373822665e-07
13,merged_z_m0p028_dedup_filtered,73,-0.0011848595459014177,-0.00045138722634874284,-0.0007334723195526749,0.0007334723195526749,5.379816435499812e-07
13,merged_z_m0p028_dedup_filtered,74,-0.0013447573874145746,-0.000471863808343187,-0.0008728935790713876,0.0008728935790713876,7.619432003840569e-07
13,merged_z_m0p028_dedup_filtered,75,-0.001432760269381106,-0.0004923840169794858,-0.0009403762524016201,0.0009403762524016201,8.843074960809156e-07
13,merged_z_m0p028_dedup_filtered,76,-0.0016656199004501104,-0.0009862297447398305,-0.0006793901557102799,0.0006793901557102799,4.615709836760384e-07
13,merged_z_m0p028_dedup_filtered,77,-0.0016326864715665579,-0.0009451392688788474,-0.0006875472026877105,0.0006875472026877105,4.727211559236957e-07
13,merged_z_m0p028_dedup_filtered,78,0.0007612399058416486,0.0004405994259286672,0.0003206404799129814,0.0003206404799129814,1.0281031735882702e-07
13,merged_z_m0p028_dedup_filtered,79,0.000694715534336865,0.0004201637639198452,0.0002745517704170197,0.0002745517704170197,7.537867463911991e-08
13,merged_z_m0p028_dedup_filtered,80,0.0006171445711515844,0.0003997348539996892,0.00021740971715189517,0.00021740971715189517,4.726698511206706e-08
13,merged_z_m0p028_dedup_filtered,81,0.0005333904991857708,0.00037930873804725707,0.00015408176113851368,0.00015408176113851368,2.3741189115545986e-08
13,merged_z_m0p028_dedup_filtered,82,0.00044850047561340034,0.00035888361162506044,8.96168639883399e-05,8.96168639883399e-05,8.031182311104613e-09
13,merged_z_m0p028_dedup_filtered,83,0.0003672967723105103,0.0003384589799679816,2.88377923425287e-05,2.88377923425287e-05,8.31618267190807e-10
13,merged_z_m0p028_dedup_filtered,84,0.00029399144113995135,0.0003180345520377159,-2.4043110897764564e-05,2.4043110897764564e-05,5.780711816422051e-10
13,merged_z_m0p028_dedup_filtered,85,0.00023185975442174822,0.00029760986217297614,-6.575010775122792e-05,6.575010775122792e-05,4.323076669298081e-09
13,merged_z_m0p028_dedup_filtered,86,0.00018300329975318164,0.00027718511410057545,-9.418181434739381e-05,9.418181434739381e-05,8.870214153766955e-09
13,merged_z_m0p028_dedup_filtered,87,0.00014822714729234576,0.00025676030782051384,-0.00010853316052816808,0.00010853316052816808,1.1779446934233102e-08
13,merged_z_m0p028_dedup_filtered,88,0.00012704379332717508,0.00023633554519619793,-0.00010929175186902285,0.00010929175186902285,1.1944687026600059e-08
13,merged_z_m0p028_dedup_filtered,89,0.00011780492059187964,0.0002159112336812541,-9.810631308937445e-05,9.810631308937445e-05,9.624848667990365e-09
13,merged_z_m0p028_dedup_filtered,90,0.00011794909369200468,0.0001954879699042067,-7.753887621220201e-05,7.753887621220201e-05,6.012277324251187e-09
13,merged_z_m0p028_dedup_filtered,91,0.00012433943629730493,0.0001750672236084938,-5.072778731118888e-05,5.072778731118888e-05,2.573308405489215e-09
13,merged_z_m0p028_dedup_filtered,92,0.0001336561981588602,0.0001546525745652616,-2.0996376406401396e-05,2.0996376406401396e-05,4.408478221992892e-10
13,merged_z_m0p028_dedup_filtered,93,0.0001428018877049908,0.00013425250654108822,8.54938116390258e-06,8.54938116390258e-06,7.309191828569225e-11
13,merged_z_m0p028_dedup_filtered,94,-0.001343578682281077,-0.0001346870994893834,-0.0012088915827916935,0.0012088915827916935,1.461418858944606e-06
13,merged_z_m0p028_dedup_filtered,95,-0.0013539409264922142,-0.00011431432358222082,-0.0012396266029099934,0.0012396266029099934,1.5366741146421704e-06
13,merged_z_m0p028_dedup_filtered,96,-0.0016488610999658704,-0.00023012967722024769,-0.0014187314227456227,0.0014187314227456227,2.0127988498858186e-06
13,merged_z_m0p028_dedup_filtered,97,-0.0015724156983196735,-0.00034439569571986794,-0.0012280200025998056,0.0012280200025998056,1.5080331267852265e-06
13,merged_z_m0p028_dedup_filtered,98,-0.001432653865776956,-0.00040538940811529756,-0.0010272644576616585,0.0010272644576616585,1.0552722659749014e-06
13,merged_z_m0p028_dedup_filtered,99,-0.0015539738815277815,-0.0002708356478251517,-0.0012831382337026298,0.0012831382337026298,1.6464437267895046e-06
13,merged_z_m0p028_dedup_filtered,100,-0.001410271623171866,-0.000311625306494534,-0.001098646316677332,0.001098646316677332,1.2070237291486683e-06
13,merged_z_m0p028_dedup_filtered,101,-0.0012273516040295362,-0.00046654770267196,-0.0007608039013575763,0.0007608039013575763,5.788225763209086e-07
13,merged_z_m0p028_dedup_filtered,102,-0.000992865301668644,-0.0005277741001918912,-0.00046509120147675276,0.00046509120147675276,2.1630982569108943e-07
13,merged_z_m0p028_dedup_filtered,103,-0.0012364514404907823,-0.0003524541389197111,-0.0008839973015710711,0.0008839973015710711,7.814512291849353e-07
13,merged_z_m0p028_dedup_filtered,104,-0.0010546098928898573,-0.00039330110303126276,-0.0006613087898585945,0.0006613087898585945,4.3732931554423875e-07
13,merged_z_m0p028_dedup_filtered,105,-0.0007699637208133936,-0.0005890292231924832,-0.0001809344976209104,0.0001809344976209104,3.2737292429331233e-08
13,merged_z_m0p028_dedup_filtered,106,-0.000596183817833662,-0.0006503114709630609,5.412765312939882e-05,5.412765312939882e-05,2.929802833296518e-09
13,merged_z_m0p028_dedup_filtered,107,-0.0008870618185028434,-0.000434155750554055,-0.0004529060679487884,0.0004529060679487884,2.0512390638483254e-07
13,merged_z_m0p028_dedup_filtered,108,-0.0010704288724809885,-0.0033861941192299128,0.0023157652467489243,0.0023157652467489243,5.362768678050106e-06
13,merged_z_m0p028_dedup_filtered,109,-0.001189079019241035,-0.000195943663129583,-0.000993135356111452,0.000993135356111452,9.863178355586205e-07
13,merged_z_m0p028_dedup_filtered,110,-0.0012695902260020375,-0.00017551530618220568,-0.0010940749198198318,0.0010940749198198318,1.1969999301787715e-06
13,merged_z_m0p028_dedup_filtered,111,-0.001318467198871076,-0.0001550936867715791,-0.001163373512099497,0.001163373512099497,1.3534379286547185e-06
13,merged_z_m0p028_dedup_filtered,112,-0.0016824097838252783,-0.00018960496527142823,-0.00149280481855385,0.00149280481855385,2.228466226297593e-06
13,merged_z_m0p028_dedup_filtered,113,-0.0007532808231189847,-0.00047501467633992434,-0.00027826614677906036,0.00027826614677906036,7.743204844326557e-08
13,merged_z_m0p028_dedup_filtered,114,-0.0004990176530554891,-0.0007115888292901218,0.00021257117623463273,0.00021257117623463273,4.518650496577529e-08
13,merged_z_m0p028_dedup_filtered,115,-0.0004912739968858659,-0.0007728756172582507,0.0002816016203723848,0.0002816016203723848,7.929947259635272e-08
13,merged_z_m0p028_dedup_filtered,116,-0.0006674546166323125,-0.0005158754647709429,-0.0001515791518613696,0.0001515791518613696,2.297623927901215e-08
13,merged_z_m0p028_dedup_filtered,117,-0.0006370018236339092,-0.0005567368352785707,-8.026498835533857e-05,8.026498835533857e-05,6.442468355682637e-09
13,merged_z_m0p028_dedup_filtered,118,-0.0005694844294339418,-0.0008341713109984994,0.00026468688156455755,0.00026468688156455755,7.005914527237012e-08
13,merged_z_m0p028_dedup_filtered,119,-0.000715576228685677,-0.0008954599034041166,0.00017988367471843958,0.00017988367471843958,3.235813643020938e-08
13,merged_z_m0p028_dedup_filtered,120,-0.0005929239559918642,-0.00027767239953391254,-0.00031525155645795166,0.00031525155645795166,9.938354384916109e-08
13,merged_z_m0p028_dedup_filtered,121,-0.0007601466495543718,-0.00025723950238898396,-0.0005029071471653879,0.0005029071471653879,2.529155986700291e-07
13,merged_z_m0p028_dedup_filtered,122,-3.539083991199732e-06,0.000771452090702951,-0.0007749911746941507,0.0007749911746941507,6.006113208538196e-07
13,merged_z_m0p028_dedup_filtered,123,0.0001985937124118209,0.0008390358416363597,-0.0006404421292245388,0.0006404421292245388,4.1016612088566086e-07
13,merged_z_m0p028_dedup_filtered,124,0.00045572512317448854,0.0009618177427910268,-0.0005060926196165383,0.0005060926196165383,2.561297396303301e-07
13,merged_z_m0p028_dedup_filtered,125,0.0004698430420830846,0.0010490822605788708,-0.0005792392184957862,0.0005792392184957862,3.3551807224360913e-07
13,merged_z_m0p028_dedup_filtered,126,0.0003772230993490666,-0.015685198828577995,0.016062421927927062,0.016062421927927062,0.0002580013981907521
13,merged_z_m0p028_dedup_filtered,127,0.00023169562336988747,0.0011778248008340597,-0.0009461291774641722,0.0009461291774641722,8.951604204490311e-07
14,merged_z_m0p030_dedup_filtered,0,-0.0014389505377039313,-0.001447714283131063,8.763745427131653e-06,8.763745427131653e-06,7.680323391157096e-11
14,merged_z_m0p030_dedup_filtered,1,-0.0014668313087895513,-0.001375006278976798,-9.18250298127532e-05,9.18250298127532e-05,8.431836100113014e-09
14,merged_z_m0p030_dedup_filtered,2,-0.0014969415497034788,-0.0013246310409158468,-0.000172310508787632,0.000172310508787632,2.96909114386526e-08
14,merged_z_m0p030_dedup_filtered,3,-0.0015234873862937093,-0.0008837009663693607,-0.0006397864199243486,0.0006397864199243486,4.093266631196149e-07
14,merged_z_m0p030_dedup_filtered,4,-0.0014179598074406385,-0.0008428021101281047,-0.0005751576973125339,0.0005751576973125339,3.308063767778563e-07
14,merged_z_m0p030_dedup_filtered,5,-0.0015100527089089155,-0.001263270853087306,-0.0002467818558216095,0.0002467818558216095,6.090128436275766e-08
14,merged_z_m0p030_dedup_filtered,6,-0.00148658303078264,-0.0012019394198432565,-0.0002846436109393835,0.0002846436109393835,8.102198524861113e-08
14,merged_z_m0p030_dedup_filtered,7,-0.0012897580163553357,-0.0008019231609068811,-0.0004878348554484546,0.0004878348554484546,2.379828461904146e-07
14,merged_z_m0p030_dedup_filtered,8,-0.0011466824216768146,-0.0007610530010424554,-0.0003856294206343591,0.0003856294206343591,1.4871005005879148e-07
14,merged_z_m0p030_dedup_filtered,9,-0.0014127950416877866,-0.0011406324338167906,-0.000272162607870996,0.000272162607870996,7.407248512314153e-08
14,merged_z_m0p030_dedup_filtered,10,-0.0012852218933403492,-0.0010793345281854272,-0.000205887365154922,0.000205887365154922,4.238960713043619e-08
14,merged_z_m0p030_dedup_filtered,11,-0.0009994826978072524,-0.0007201872649602592,-0.0002792954328469932,0.0002792954328469932,7.800593880918929e-08
14,merged_z_m0p030_dedup_filtered,12,-0.000861380947753787,-0.0006793235661461949,-0.0001820573816075921,0.0001820573816075921,3.3144890197812416e-08
14,merged_z_m0p030_dedup_filtered,13,-0.0011129856575280428,-0.0010180397657677531,-9.494589176028967e-05,9.494589176028967e-05,9.014722362156642e-09
14,merged_z_m0p030_dedup_filtered,14,-0.0009172411519102752,-0.0009567463421262801,3.950519021600485e-05,3.950519021600485e-05,1.5606600540027252e-09
14,merged_z_m0p030_dedup_filtered,15,-0.0007468864205293357,-0.000638460973277688,-0.00010842544725164771,0.00010842544725164771,1.175607761171984e-08
14,merged_z_m0p030_dedup_filtered,16,-0.0006699954392388463,-0.0005975988460704684,-7.239659316837788e-05,7.239659316837788e-05,5.241266702387618e-09
14,merged_z_m0p030_dedup_filtered,17,-0.0004490218125283718,-0.009335696697235107,0.008886674884706736,0.008886674884706736,7.897299050647747e-05
14,merged_z_m0p030_dedup_filtered,18,-8.188025822164491e-05,-4.381816864906796e-08,-8.183644005299584e-05,8.183644005299584e-05,6.697202920547582e-09
14,merged_z_m0p030_dedup_filtered,19,-0.0002099640987580642,-3.940547443903597e-08,-0.00020992469328362517,0.00020992469328362517,4.4068376850224106e-08
14,merged_z_m0p030_dedup_filtered,20,-0.00032797997118905187,-3.528859693346931e-08,-0.0003279446825921184,0.0003279446825921184,1.0754771484044528e-07
14,merged_z_m0p030_dedup_filtered,21,-0.0004208411555737257,-3.133590809056841e-08,-0.00042080981966563513,0.00042080981966563513,1.7708090432702435e-07
14,merged_z_m0p030_dedup_filtered,22,-0.00047919206554070115,-2.7436634297828277e-08,-0.0004791646289064033,0.0004791646289064033,2.2959874159501121e-07
14,merged_z_m0p030_dedup_filtered,23,-0.0005010387976653874,-2.3607100274603e-08,-0.0005010151905651128,0.0005010151905651128,2.510162211769963e-07
14,merged_z_m0p030_dedup_filtered,24,-0.0004917384358122945,-1.99208045614796e-08,-0.000491718515007733,0.000491718515007733,2.4178709800141016e-07
14,merged_z_m0p030_dedup_filtered,25,-0.0004623816057574004,-1.6569588368042787e-08,-0.00046236503616903235,0.00046236503616903235,2.137814266715906e-07
14,merged_z_m0p030_dedup_filtered,26,-0.000426948769018054,-1.3542215349104936e-08,-0.0004269352268027049,0.0004269352268027049,1.8227368788507707e-07
14,merged_z_m0p030_dedup_filtered,27,-0.0003988927637692541,-1.0667145389220423e-08,-0.00039888209662386487,0.00039888209662386487,1.5910692700705028e-07
14,merged_z_m0p030_dedup_filtered,28,-0.00038791849510744214,-7.969680915209665e-09,-0.00038791052542652693,0.00038791052542652693,1.504745757366842e-07
14,merged_z_m0p030_dedup_filtered,29,0.00015508339856751263,9.47217849898152e-05,6.0361613577697426e-05,6.0361613577697426e-05,3.6435243937032663e-09
14,merged_z_m0p030_dedup_filtered,30,-0.00036464311415329576,0.00021143874619156122,-0.000576081860344857,0.000576081860344857,3.318703098183913e-07
14,merged_z_m0p030_dedup_filtered,31,-0.00034904031781479716,0.00025207229191437364,-0.0006011126097291708,0.0006011126097291708,3.613363695754144e-07
14,merged_z_m0p030_dedup_filtered,32,-0.0008260852773673832,0.00037894511478953063,-0.0012050303921569139,0.0012050303921569139,1.4520982460218456e-06
14,merged_z_m0p030_dedup_filtered,33,-0.0006639391067437828,-0.0006088036461733282,-5.51354605704546e-05,5.51354605704546e-05,3.0399190123161536e-09
14,merged_z_m0p030_dedup_filtered,34,-0.0007174133788794279,0.0004891888820566237,-0.0012066022609360516,0.0012066022609360516,1.4558890160959916e-06
14,merged_z_m0p030_dedup_filtered,35,-0.00026931322645395994,0.0003336321096867323,-0.0006029453361406922,0.0006029453361406922,3.6354307837381235e-07
14,merged_z_m0p030_dedup_filtered,36,-0.00020313207642175257,0.00037446481292136014,-0.0005775968893431127,0.0005775968893431127,3.3361816657884e-07
14,merged_z_m0p030_dedup_filtered,37,-0.00011968520993832499,0.0004153090703766793,-0.0005349942803150043,0.0005349942803150043,2.862188799697694e-07
14,merged_z_m0p030_dedup_filtered,38,-0.0004439199692569673,0.0006241575465537608,-0.001068077515810728,0.001068077515810728,1.140789579780416e-06
14,merged_z_m0p030_dedup_filtered,39,-2.1630185074172914e-05,0.0004561584210023284,-0.0004777886060765013,0.0004777886060765013,2.2828195209652614e-07
14,merged_z_m0p030_dedup_filtered,40,8.590758079662919e-05,0.0004970102454535663,-0.0004111026646569371,0.0004111026646569371,1.690054008880341e-07
14,merged_z_m0p030_dedup_filtered,41,0.00019552477169781923,0.0005378634086810052,-0.000342338636983186,0.000342338636983186,1.1719574237150561e-07
14,merged_z_m0p030_dedup_filtered,42,0.0002983160666190088,0.0005787170375697315,-0.0002804009709507227,0.0002804009709507227,7.862470451010803e-08
14,merged_z_m0p030_dedup_filtered,43,0.00038512604078277946,0.0006195716559886932,-0.00023444561520591378,0.00023444561520591378,5.496474648927939e-08
14,merged_z_m0p030_dedup_filtered,44,0.00044805678771808743,0.0006604263326153159,-0.00021236954489722848,0.00021236954489722848,4.510082359985594e-08
14,merged_z_m0p030_dedup_filtered,45,0.0004819274472538382,0.0007012812420725822,-0.00021935379481874406,0.00021935379481874406,4.811608730138367e-08
14,merged_z_m0p030_dedup_filtered,46,0.0004853742429986596,0.0007421369664371014,-0.00025676272343844175,0.00025676272343844175,6.592709614752573e-08
14,merged_z_m0p030_dedup_filtered,47,0.0004613339260686189,0.0007829946698620915,-0.00032166074379347265,0.00032166074379347265,1.0346563409777005e-07
14,merged_z_m0p030_dedup_filtered,48,0.000416767958085984,0.0008238583686761558,-0.0004070904105901718,0.0004070904105901718,1.6572260239447467e-07
14,merged_z_m0p030_dedup_filtered,49,0.00036163339973427355,0.0008647360373288393,-0.0005031026375945657,0.0005031026375945657,2.5311226395460896e-07
14,merged_z_m0p030_dedup_filtered,50,0.0003072620020247996,0.0009056436247192323,-0.0005983816226944327,0.0005983816226944327,3.5806056637842246e-07
14,merged_z_m0p030_dedup_filtered,51,0.00026443155365996063,0.0009466128540225327,-0.0006821813003625721,0.0006821813003625721,4.653713265643698e-07
14,merged_z_m0p030_dedup_filtered,52,0.00024148642842192203,0.0009877001866698265,-0.0007462137582479045,0.0007462137582479045,5.56834972998462e-07
14,merged_z_m0p030_dedup_filtered,53,-0.0004135449999012053,0.0014846447156742215,-0.0018981897155754268,0.0018981897155754268,3.6031241963163198e-06
14,merged_z_m0p030_dedup_filtered,54,-0.00027624593349173665,0.0013856397708877921,-0.0016618857043795288,0.0016618857043795288,2.7618640944210425e-06
14,merged_z_m0p030_dedup_filtered,55,0.0008095242083072662,0.00046105115325190127,0.00034847305505536497,0.00034847305505536497,1.2143347009961942e-07
14,merged_z_m0p030_dedup_filtered,56,0.0008420671802014112,0.0004815375432372093,0.00036052963696420193,0.00036052963696420193,1.2998161912953924e-07
14,merged_z_m0p030_dedup_filtered,57,0.0008537376997992396,0.0005020664539188147,0.000351671245880425,0.000351671245880425,1.2367266517909032e-07
14,merged_z_m0p030_dedup_filtered,58,-7.535862823715433e-05,-8.765365322460639e-08,-7.527097458392973e-05,7.527097458392973e-05,5.6657196148145955e-09
14,merged_z_m0p030_dedup_filtered,59,-4.2322812078054994e-05,-8.278884422452393e-08,-4.224002323383047e-05,4.224002323383047e-05,1.7842195627945379e-09
14,merged_z_m0p030_dedup_filtered,60,1.7155398381873965e-05,-7.802069035278691e-08,1.7233419072226752e-05,1.7233419072226752e-05,2.969907329189888e-10
14,merged_z_m0p030_dedup_filtered,61,8.877107757143676e-05,-7.334247698054241e-08,8.88444200484173e-05,8.88444200484173e-05,7.893330973739614e-09
14,merged_z_m0p030_dedup_filtered,62,0.00015478688874281943,-6.88823433847574e-08,0.00015485577108620419,0.00015485577108620419,2.398030983870287e-08
14,merged_z_m0p030_dedup_filtered,63,0.00019779034482780844,-6.451631406889646e-08,0.00019785486114187734,0.00019785486114187734,3.914654607747156e-08
14,merged_z_m0p030_dedup_filtered,64,0.00020437310740817338,-6.008493613762766e-08,0.000204433192344311,0.000204433192344311,4.179293013208606e-08
14,merged_z_m0p030_dedup_filtered,65,0.0001679510169196874,-5.5533046605660275e-08,0.00016800654996629305,0.00016800654996629305,2.8226200831576523e-08
14,merged_z_m0p030_dedup_filtered,66,9.013306407723576e-05,-5.0840792908957155e-08,9.018390487014472e-05,9.018390487014472e-05,8.133136697627311e-09
14,merged_z_m0p030_dedup_filtered,67,-0.0003269982407800853,-0.0003287561412435025,1.7579004634171724e-06,1.7579004634171724e-06,3.0902140392823096e-12
14,merged_z_m0p030_dedup_filtered,68,-0.0003301101678516716,-0.0003491897659841925,1.9079598132520914e-05,1.9079598132520914e-05,3.6403106489849555e-10
14,merged_z_m0p030_dedup_filtered,69,-0.0004094796604476869,-0.00036962368176318705,-3.985597868449986e-05,3.985597868449986e-05,1.5884990368993072e-09
14,merged_z_m0p030_dedup_filtered,70,-0.0005575551767833531,-0.00039005829603411257,-0.00016749688074924052,0.00016749688074924052,2.80552050607253e-08
14,merged_z_m0p030_dedup_filtered,71,-0.0007547745481133461,-0.00041049456922337413,-0.00034427997888997197,0.00034427997888997197,1.1852870386447955e-07
14,merged_z_m0p030_dedup_filtered,72,-0.0009722819086164236,-0.00043093538261018693,-0.0005413465260062367,0.0005413465260062367,2.930560612190211e-07
14,merged_z_m0p030_dedup_filtered,73,-0.0011765696108341217,-0.00045138722634874284,-0.0007251823844853789,0.0007251823844853789,5.258894907678999e-07
14,merged_z_m0p030_dedup_filtered,74,-0.0013352009700611234,-0.000471863808343187,-0.0008633371617179364,0.0008633371617179364,7.453510548031823e-07
14,merged_z_m0p030_dedup_filtered,75,-0.0014225274790078402,-0.0004923840169794858,-0.0009301434620283544,0.0009301434620283544,8.651668599540928e-07
14,merged_z_m0p030_dedup_filtered,76,-0.001660497160628438,-0.0009862297447398305,-0.0006742674158886075,0.0006742674158886075,4.546365481291004e-07
14,merged_z_m0p030_dedup_filtered,77,-0.00162893021479249,-0.0009451392688788474,-0.0006837909459136426,0.0006837909459136426,4.6757005771347416e-07
14,merged_z_m0p030_dedup_filtered,78,0.0007581892423331738,0.0004405994259286672,0.00031758981640450656,0.00031758981640450656,1.0086329148384819e-07
14,merged_z_m0p030_dedup_filtered,79,0.0006913242978043854,0.0004201637639198452,0.0002711605338845402,0.0002711605338845402,7.352803513654887e-08
14,merged_z_m0p030_dedup_filtered,80,0.0006131336558610201,0.0003997348539996892,0.00021339880186133087,0.00021339880186133087,4.553904863585155e-08
14,merged_z_m0p030_dedup_filtered,81,0.0005284484359435737,0.00037930873804725707,0.00014913969789631665,0.00014913969789631665,2.2242649488604596e-08
14,merged_z_m0p030_dedup_filtered,82,0.0004423559585120529,0.00035888361162506044,8.347234688699245e-05,8.347234688699245e-05,6.967632694822399e-09
14,merged_z_m0p030_dedup_filtered,83,0.0003598005569074303,0.0003384589799679816,2.1341576939448714e-05,2.1341576939448714e-05,4.5546290626240915e-10
14,merged_z_m0p030_dedup_filtered,84,0.00028518709586933255,0.0003180345520377159,-3.284745616838336e-05,3.284745616838336e-05,1.078955376733866e-09
14,merged_z_m0p030_dedup_filtered,85,0.0002220249589299783,0.00029760986217297614,-7.558490324299783e-05,7.558490324299783e-05,5.713077598253343e-09
14,merged_z_m0p030_dedup_filtered,86,0.0001726475456962362,0.00027718511410057545,-0.00010453756840433925,0.00010453756840433925,1.0928103207891909e-08
14,merged_z_m0p030_dedup_filtered,87,0.00013804064656142145,0.00025676030782051384,-0.00011871966125909239,0.00011871966125909239,1.4094357969473643e-08
14,merged_z_m0p030_dedup_filtered,88,0.0001178030579467304,0.00023633554519619793,-0.00011853248724946752,0.00011853248724946752,1.404995053354518e-08
14,merged_z_m0p030_dedup_filtered,89,0.00011024978448403999,0.0002159112336812541,-0.0001056614491972141,0.0001056614491972141,1.1164341846455455e-08
14,merged_z_m0p030_dedup_filtered,90,0.00011265357170486823,0.0001954879699042067,-8.283439819933847e-05,8.283439819933847e-05,6.861537525046568e-09
14,merged_z_m0p030_dedup_filtered,91,0.00012160102050984278,0.0001750672236084938,-5.346620309865102e-05,5.346620309865102e-05,2.8586348737862e-09
14,merged_z_m0p030_dedup_filtered,92,0.00013342639431357384,0.0001546525745652616,-2.1226180251687765e-05,2.1226180251687765e-05,4.505507280771397e-10
14,merged_z_m0p030_dedup_filtered,93,0.00014467290020547807,0.00013425250654108822,1.0420393664389849e-05,1.0420393664389849e-05,1.085846041208561e-10
14,merged_z_m0p030_dedup_filtered,94,-0.0013416288420557976,-0.0001346870994893834,-0.0012069417425664142,0.0012069417425664142,1.4567083699492524e-06
14,merged_z_m0p030_dedup_filtered,95,-0.0013515641912817955,-0.00011431432358222082,-0.0012372498676995747,0.0012372498676995747,1.530787235122615e-06
14,merged_z_m0p030_dedup_filtered,96,-0.0016441835323348641,-0.00023012967722024769,-0.0014140538551146165,0.0014140538551146165,1.9995483051645085e-06
14,merged_z_m0p030_dedup_filtered,97,-0.0015652391593903303,-0.00034439569571986794,-0.0012208434636704624,0.0012208434636704624,1.4904587627868916e-06
14,merged_z_m0p030_dedup_filtered,98,-0.0014251699903979897,-0.00040538940811529756,-0.0010197805822826922,0.0010197805822826922,1.0399524360008267e-06
14,merged_z_m0p030_dedup_filtered,99,-0.001549098058603704,-0.0002708356478251517,-0.0012782624107785523,0.0012782624107785523,1.6339547908093964e-06
14,merged_z_m0p030_dedup_filtered,100,-0.0014052673941478133,-0.000311625306494534,-0.0010936420876532793,0.0010936420876532793,1.196053015886623e-06
14,merged_z_m0p030_dedup_filtered,101,-0.0012196532916277647,-0.00046654770267196,-0.0007531055889558047,0.0007531055889558047,5.671680281164695e-07
14,merged_z_m0p030_dedup_filtered,102,-0.0009854086674749851,-0.0005277741001918912,-0.00045763456728309393,0.00045763456728309393,2.0942939717238462e-07
14,merged_z_m0p030_dedup_filtered,103,-0.001231629285030067,-0.0003524541389197111,-0.0008791751461103559,0.0008791751461103559,7.729489375381656e-07
14,merged_z_m0p030_dedup_filtered,104,-0.0010505127720534801,-0.00039330110303126276,-0.0006572116690222174,0.0006572116690222174,4.319271778989686e-07
14,merged_z_m0p030_dedup_filtered,105,-0.0007635627407580614,-0.0005890292231924832,-0.00017453351756557822,0.00017453351756557822,3.0461948753814e-08
14,merged_z_m0p030_dedup_filtered,106,-0.0005918972892686725,-0.0006503114709630609,5.841418169438839e-05,5.841418169438839e-05,3.4122166230250196e-09
14,merged_z_m0p030_dedup_filtered,107,-0.0008843838586471975,-0.000434155750554055,-0.0004502281080931425,0.0004502281080931425,2.0270534931713042e-07
14,merged_z_m0p030_dedup_filtered,108,-0.001072050305083394,-0.003628064878284931,0.002556014573201537,0.002556014573201537,6.533210498418636e-06
14,merged_z_m0p030_dedup_filtered,109,-0.0011896720388904214,-0.000195943663129583,-0.0009937283757608384,0.0009937283757608384,9.87496084792274e-07
14,merged_z_m0p030_dedup_filtered,110,-0.0012691935990005732,-0.00017551530618220568,-0.0010936782928183675,0.0010936782928183675,1.1961322081820988e-06
14,merged_z_m0p030_dedup_filtered,111,-0.0013171964092180133,-0.0001550936867715791,-0.0011621027224464342,0.0011621027224464342,1.350482737517414e-06
14,merged_z_m0p030_dedup_filtered,112,-0.001677821739576757,-0.00018960496527142823,-0.0014882167743053287,0.0014882167743053287,2.2147891673237577e-06
14,merged_z_m0p030_dedup_filtered,113,-0.0007527278503403068,-0.00047501467633992434,-0.0002777131740003824,0.0002777131740003824,7.712460701336668e-08
14,merged_z_m0p030_dedup_filtered,114,-0.000497950823046267,-0.0007115888292901218,0.00021363800624385476,0.00021363800624385476,4.5641197711849326e-08
14,merged_z_m0p030_dedup_filtered,115,-0.0004943348467350006,-0.0007728756172582507,0.0002785407705232501,0.0002785407705232501,7.758496084368587e-08
14,merged_z_m0p030_dedup_filtered,116,-0.0006695778574794531,-0.0005158754647709429,-0.00015370239270851016,0.00015370239270851016,2.3624425524321077e-08
14,merged_z_m0p030_dedup_filtered,117,-0.0006420413847081363,-0.0005567368352785707,-8.530454942956567e-05,8.530454942956567e-05,7.276866153381212e-09
14,merged_z_m0p030_dedup_filtered,118,-0.0005771529395133257,-0.0008341713109984994,0.0002570183714851737,0.0002570183714851737,6.605844328089075e-08
14,merged_z_m0p030_dedup_filtered,119,-0.0007277391268871725,-0.0008954599034041166,0.00016772077651694417,0.00016772077651694417,2.813025887544673e-08
14,merged_z_m0p030_dedup_filtered,120,-0.0005964757292531431,-0.00027767239953391254,-0.00031880332971923053,0.00031880332971923053,1.0163556304006842e-07
14,merged_z_m0p030_dedup_filtered,121,-0.0007633415516465902,-0.00025723950238898396,-0.0005061020492576063,0.0005061020492576063,2.561392842627485e-07
14,merged_z_m0p030_dedup_filtered,122,-2.743719960562885e-06,0.000771452090702951,-0.0007741958106635138,0.0007741958106635138,5.993791532489354e-07
14,merged_z_m0p030_dedup_filtered,123,0.00020166533067822456,0.0008390358416363597,-0.0006373705109581351,0.0006373705109581351,4.0624116823903425e-07
14,merged_z_m0p030_dedup_filtered,124,0.0004621640546247363,0.0009618177427910268,-0.0004996536881662905,0.0004996536881662905,2.496538080981767e-07
14,merged_z_m0p030_dedup_filtered,125,0.00047811801778152585,0.0010490822605788708,-0.0005709642427973449,0.0005709642427973449,3.2600016655314544e-07
14,merged_z_m0p030_dedup_filtered,126,0.0003860040451399982,-0.01680556870996952,0.01719157275510952,0.01719157275510952,0.0002955501737942239
14,merged_z_m0p030_dedup_filtered,127,0.00024058706185314804,0.0011778248008340597,-0.0009372377389809117,0.0009372377389809117,8.784145793700515e-07
15,merged_z_m0p032_dedup_filtered,0,-0.0014400472864508629,-0.001447714283131063,7.6669966802001e-06,7.6669966802001e-06,5.878283809419935e-11
15,merged_z_m0p032_dedup_filtered,1,-0.0014701836043968797,-0.001375006278976798,-9.517732542008162e-05,9.517732542008162e-05,9.058723274120114e-09
15,merged_z_m0p032_dedup_filtered,2,-0.0015035811811685562,-0.0013246310409158468,-0.0001789501402527094,0.0001789501402527094,3.202315269646436e-08
15,merged_z_m0p032_dedup_filtered,3,-0.0015238235937431455,-0.0008837009663693607,-0.0006401226273737848,0.0006401226273737848,4.097569780759173e-07
15,merged_z_m0p032_dedup_filtered,4,-0.0014213203685358167,-0.0008428021101281047,-0.000578518258407712,0.000578518258407712,3.346833753110922e-07
15,merged_z_m0p032_dedup_filtered,5,-0.00152036570943892,-0.001263270853087306,-0.000257094856351614,0.000257094856351614,6.609776516245704e-08
15,merged_z_m0p032_dedup_filtered,6,-0.0015002582222223282,-0.0012019394198432565,-0.0002983188023790717,0.0002983188023790717,8.899410785288364e-08
15,merged_z_m0p032_dedup_filtered,7,-0.0012960101012140512,-0.0008019231609068811,-0.0004940869403071702,0.0004940869403071702,2.441219045821011e-07
15,merged_z_m0p032_dedup_filtered,8,-0.0011552096111699939,-0.0007610530010424554,-0.00039415661012753844,0.00039415661012753844,1.5535943330723234e-07
15,merged_z_m0p032_dedup_filtered,9,-0.001428878284059465,-0.0011406324338167906,-0.00028824585024267435,0.00028824585024267435,8.308567018212225e-08
15,merged_z_m0p032_dedup_filtered,10,-0.0013022966450080276,-0.0010793345281854272,-0.00022296211682260036,0.00022296211682260036,4.971210553801489e-08
15,merged_z_m0p032_dedup_filtered,11,-0.001009307918138802,-0.0007201872649602592,-0.00028912065317854285,0.00028912065317854285,8.359075209438726e-08
15,merged_z_m0p032_dedup_filtered,12,-0.0008713497081771493,-0.0006793235661461949,-0.00019202614203095436,0.00019202614203095436,3.687403922329226e-08
15,merged_z_m0p032_dedup_filtered,13,-0.001129431533627212,-0.0010180397657677531,-0.00011139176785945892,0.00011139176785945892,1.2408125946855586e-08
15,merged_z_m0p032_dedup_filtered,14,-0.0009315215866081417,-0.0009567463421262801,2.522475551813841e-05,2.522475551813841e-05,6.362882909498541e-10
15,merged_z_m0p032_dedup_filtered,15,-0.0007558713550679386,-0.000638460973277688,-0.00011741038179025054,0.00011741038179025054,1.3785197752132396e-08
15,merged_z_m0p032_dedup_filtered,16,-0.0006770835025236011,-0.0005975988460704684,-7.948465645313263e-05,7.948465645313263e-05,6.3178106114725185e-09
15,merged_z_m0p032_dedup_filtered,17,-0.00045231403782963753,-0.009958076290786266,0.009505762252956629,0.009505762252956629,9.035951600973508e-05
15,merged_z_m0p032_dedup_filtered,18,-8.866228745318949e-05,-4.381816864906796e-08,-8.861846928454042e-05,8.861846928454042e-05,7.853233098335035e-09
15,merged_z_m0p032_dedup_filtered,19,-0.00021749900770373642,-3.940547443903597e-08,-0.0002174596022292974,0.0002174596022292974,4.728867860172424e-08
15,merged_z_m0p032_dedup_filtered,20,-0.0003356113447807729,-3.528859693346931e-08,-0.00033557605618383946,0.00033557605618383946,1.1261128948389938e-07
15,merged_z_m0p032_dedup_filtered,21,-0.00042784365359693766,-3.133590809056841e-08,-0.0004278123176888471,0.0004278123176888471,1.8302337916630302e-07
15,merged_z_m0p032_dedup_filtered,22,-0.0004848776734434068,-2.7436634297828277e-08,-0.000484850236809109,0.000484850236809109,2.3507975213384906e-07
15,merged_z_m0p032_dedup_filtered,23,-0.0005048676393926144,-2.3607100274603e-08,-0.0005048440322923398,0.0005048440322923398,2.54867496941189e-07
15,merged_z_m0p032_dedup_filtered,24,-0.0004934132448397577,-1.99208045614796e-08,-0.0004933933240351962,0.0004933933240351962,2.434369722025001e-07
15,merged_z_m0p032_dedup_filtered,25,-0.00046190759167075157,-1.6569588368042787e-08,-0.00046189102208238353,0.00046189102208238353,2.1334331628030892e-07
15,merged_z_m0p032_dedup_filtered,26,-0.0004246458993293345,-1.3542215349104936e-08,-0.0004246323571139854,0.0004246323571139854,1.8031263870817923e-07
15,merged_z_m0p032_dedup_filtered,27,-0.00039535562973469496,-1.0667145389220423e-08,-0.00039534496258930574,0.00039534496258930574,1.5629763944473955e-07
15,merged_z_m0p032_dedup_filtered,28,-0.0003839299897663295,-7.969680915209665e-09,-0.0003839220200854143,0.0003839220200854143,1.4739611750646528e-07
15,merged_z_m0p032_dedup_filtered,29,0.00015803991118445992,9.47217849898152e-05,6.331812619464472e-05,6.331812619464472e-05,4.009185104800954e-09
15,merged_z_m0p032_dedup_filtered,30,-0.0003691131714731455,0.00021143874619156122,-0.0005805519176647067,0.0005805519176647067,3.370405291041684e-07
15,merged_z_m0p032_dedup_filtered,31,-0.0003536403237376362,0.00025207229191437364,-0.0006057126156520098,0.0006057126156520098,3.668877727599994e-07
15,merged_z_m0p032_dedup_filtered,32,-0.0008349950658157468,0.00037894511478953063,-0.0012139401806052774,0.0012139401806052774,1.4736507620879736e-06
15,merged_z_m0p032_dedup_filtered,33,-0.0006713525508530438,-0.0006493905675597489,-2.1961983293294907e-05,2.1961983293294907e-05,4.823287101749646e-10
15,merged_z_m0p032_dedup_filtered,34,-0.0007247957400977612,0.0004891888820566237,-0.0012139846221543849,0.0012139846221543849,1.4737586628273246e-06
15,merged_z_m0p032_dedup_filtered,35,-0.0002743174263741821,0.0003336321096867323,-0.0006079495360609144,0.0006079495360609144,3.6960263839668106e-07
15,merged_z_m0p032_dedup_filtered,36,-0.00020822951046284288,0.00037446481292136014,-0.000582694323384203,0.000582694323384203,3.3953267450417416e-07
15,merged_z_m0p032_dedup_filtered,37,-0.00012467843771446496,0.0004153090703766793,-0.0005399875080911443,0.0005399875080911443,2.915865088944836e-07
15,merged_z_m0p032_dedup_filtered,38,-0.0004480924690142274,0.0006241575465537608,-0.0010722500155679882,0.0010722500155679882,1.1497200958855508e-06
15,merged_z_m0p032_dedup_filtered,39,-2.6257715944666415e-05,0.0004561584210023284,-0.0004824161369469948,0.0004824161369469948,2.3272532918686165e-07
15,merged_z_m0p032_dedup_filtered,40,8.192778477678075e-05,0.0004970102454535663,-0.00041508246067678556,0.00041508246067678556,1.7229344916149523e-07
15,merged_z_m0p032_dedup_filtered,41,0.00019244510622229427,0.0005378634086810052,-0.00034541830245871097,0.00034541830245871097,1.1931380367345753e-07
15,merged_z_m0p032_dedup_filtered,42,0.0002963132574222982,0.0005787170375697315,-0.0002824037801474333,0.0002824037801474333,7.975189504155983e-08
15,merged_z_m0p032_dedup_filtered,43,0.0003842688165605068,0.0006195716559886932,-0.00023530283942818642,0.00023530283942818642,5.536742624296688e-08
15,merged_z_m0p032_dedup_filtered,44,0.00044829410035163164,0.0006604263326153159,-0.00021213223226368427,0.00021213223226368427,4.500008396517369e-08
15,merged_z_m0p032_dedup_filtered,45,0.0004830996913369745,0.0007012812420725822,-0.00021818155073560774,0.00021818155073560774,4.7603189081394576e-08
15,merged_z_m0p032_dedup_filtered,46,0.0004872447461821139,0.0007421369664371014,-0.0002548922202549875,0.0002548922202549875,6.497004394651705e-08
15,merged_z_m0p032_dedup_filtered,47,0.0004636338562704623,0.0007829946698620915,-0.00031936081359162927,0.00031936081359162927,1.0199132925790738e-07
15,merged_z_m0p032_dedup_filtered,48,0.0004192449268884957,0.0008238583686761558,-0.0004046134417876601,0.0004046134417876601,1.6371203727525623e-07
15,merged_z_m0p032_dedup_filtered,49,0.00036409340100362897,0.0008647360373288393,-0.0005006426363252103,0.0005006426363252103,2.506430493066568e-07
15,merged_z_m0p032_dedup_filtered,50,0.0003095958090852946,0.0009056436247192323,-0.0005960478156339377,0.0005960478156339377,3.552729985219886e-07
15,merged_z_m0p032_dedup_filtered,51,0.000266620161710307,0.0009466128540225327,-0.0006799926923122257,0.0006799926923122257,4.6239006159802925e-07
15,merged_z_m0p032_dedup_filtered,52,0.00024358494556508958,0.0009877001866698265,-0.0007441152411047369,0.0007441152411047369,5.537074920443608e-07
15,merged_z_m0p032_dedup_filtered,53,-0.00040630996227264404,0.0014846447156742215,-0.0018909546779468656,0.0018909546779468656,3.575709594049134e-06
15,merged_z_m0p032_dedup_filtered,54,-0.0002687383384909481,0.0013856397708877921,-0.0016543781093787402,0.0016543781093787402,2.736966928791575e-06
15,merged_z_m0p032_dedup_filtered,55,0.0008067403687164187,0.00046105115325190127,0.0003456892154645175,0.0003456892154645175,1.195010336884736e-07
15,merged_z_m0p032_dedup_filtered,56,0.0008393044699914753,0.0004815375432372093,0.000357766926754266,0.000357766926754266,1.2799717387919235e-07
15,merged_z_m0p032_dedup_filtered,57,0.0008509735343977809,0.0005020664539188147,0.00034890708047896624,0.00034890708047896624,1.2173615080835582e-07
15,merged_z_m0p032_dedup_filtered,58,-7.218664541142061e-05,-8.765365322460639e-08,-7.209899175819601e-05,7.209899175819601e-05,5.1982646125484155e-09
15,merged_z_m0p032_dedup_filtered,59,-3.931520041078329e-05,-8.278884422452393e-08,-3.923241156655877e-05,3.923241156655877e-05,1.539182117327854e-09
15,merged_z_m0p032_dedup_filtered,60,1.979985972866416e-05,-7.802069035278691e-08,1.9877880419016947e-05,1.9877880419016947e-05,3.9513012995273735e-10
15,merged_z_m0p032_dedup_filtered,61,9.080731979338452e-05,-7.334247698054241e-08,9.088066227036506e-05,9.088066227036506e-05,8.259294774700156e-09
15,merged_z_m0p032_dedup_filtered,62,0.00015592749696224928,-6.88823433847574e-08,0.00015599637930563404,0.00015599637930563404,2.4334870356467246e-08
15,merged_z_m0p032_dedup_filtered,63,0.0001977344072656706,-6.451631406889646e-08,0.0001977989235797395,0.0001977989235797395,3.912441416930362e-08
15,merged_z_m0p032_dedup_filtered,64,0.000202856826945208,-6.008493613762766e-08,0.00020291691188134564,0.00020291691188134564,4.117527312746179e-08
15,merged_z_m0p032_dedup_filtered,65,0.00016481007332913578,-5.5533046605660275e-08,0.00016486560637574144,0.00016486560637574144,2.7180668165640916e-08
15,merged_z_m0p032_dedup_filtered,66,8.536236418876797e-05,-5.0840792908957155e-08,8.541320498167693e-05,8.541320498167693e-05,7.29541558524196e-09
15,merged_z_m0p032_dedup_filtered,67,-0.0003293947083875537,-0.0003287561412435025,-6.385671440511942e-07,6.385671440511942e-07,4.077679974616986e-13
15,merged_z_m0p032_dedup_filtered,68,-0.0003313488559797406,-0.0003491897659841925,1.784091000445187e-05,1.784091000445187e-05,3.1829806978695086e-10
15,merged_z_m0p032_dedup_filtered,69,-0.00040918306331150234,-0.00036962368176318705,-3.955938154831529e-05,3.955938154831529e-05,1.564944668485188e-09
15,merged_z_m0p032_dedup_filtered,70,-0.0005554603994823992,-0.00039005829603411257,-0.00016540210344828665,0.00016540210344828665,2.735785582511772e-08
15,merged_z_m0p032_dedup_filtered,71,-0.0007507739355787635,-0.00041049456922337413,-0.00034027936635538936,0.00034027936635538936,1.1579004716722529e-07
15,merged_z_m0p032_dedup_filtered,72,-0.0009664469980634749,-0.00043093538261018693,-0.000535511615453288,0.000535511615453288,2.8677269028539016e-07
15,merged_z_m0p032_dedup_filtered,73,-0.0011691547697409987,-0.00045138722634874284,-0.0007177675433922559,0.0007177675433922559,5.15190246347354e-07
15,merged_z_m0p032_dedup_filtered,74,-0.001326624071225524,-0.000471863808343187,-0.000854760262882337,0.000854760262882337,7.306151070026818e-07
15,merged_z_m0p032_dedup_filtered,75,-0.0014133300865069032,-0.0004923840169794858,-0.0009209460695274174,0.0009209460695274174,8.481416629779988e-07
15,merged_z_m0p032_dedup_filtered,76,-0.0016559442738071084,-0.0009862297447398305,-0.0006697145290672779,0.0006697145290672779,4.485175504438058e-07
15,merged_z_m0p032_dedup_filtered,77,-0.0016256076050922275,-0.0009451392688788474,-0.0006804683362133801,0.0006804683362133801,4.630371565890057e-07
15,merged_z_m0p032_dedup_filtered,78,0.0007552970200777054,0.0004405994259286672,0.0003146975941490382,0.0003146975941490382,9.903457576319276e-08
15,merged_z_m0p032_dedup_filtered,79,0.000688154308591038,0.0004201637639198452,0.00026799054467119277,0.00026799054467119277,7.181893203316257e-08
15,merged_z_m0p032_dedup_filtered,80,0.000609445502050221,0.0003997348539996892,0.00020971064805053174,0.00020971064805053174,4.3978555905773994e-08
15,merged_z_m0p032_dedup_filtered,81,0.0005239718011580408,0.00037930873804725707,0.0001446630631107837,0.0001446630631107837,2.0927401828594587e-08
15,merged_z_m0p032_dedup_filtered,82,0.00043685390846803784,0.00035888361162506044,7.79702968429774e-05,7.79702968429774e-05,6.079367189782012e-09
15,merged_z_m0p032_dedup_filtered,83,0.0003531400579959154,0.0003384589799679816,1.4681078027933836e-05,1.4681078027933836e-05,2.1553405206228165e-10
15,merged_z_m0p032_dedup_filtered,84,0.00027740129735320807,0.0003180345520377159,-4.063325468450785e-05,4.063325468450785e-05,1.6510613862560789e-09
15,merged_z_m0p032_dedup_filtered,85,0.00021334922348614782,0.00029760986217297614,-8.426063868682832e-05,8.426063868682832e-05,7.0998552319122286e-09
15,merged_z_m0p032_dedup_filtered,86,0.00016351813974324614,0.00027718511410057545,-0.00011366697435732931,0.00011366697435732931,1.2920181059549759e-08
15,merged_z_m0p032_dedup_filtered,87,0.00012905101175419986,0.00025676030782051384,-0.00012770929606631398,0.00012770929606631398,1.630966430175344e-08
15,merged_z_m0p032_dedup_filtered,88,0.00010962218220811337,0.00023633554519619793,-0.00012671336298808455,0.00012671336298808455,1.6056276359750077e-08
15,merged_z_m0p032_dedup_filtered,89,0.00010351623495807871,0.0002159112336812541,-0.00011239499872317538,0.00011239499872317538,1.2632635737982595e-08
15,merged_z_m0p032_dedup_filtered,90,0.0001078635614248924,0.0001954879699042067,-8.76244084793143e-05,8.76244084793143e-05,7.678036961349727e-09
15,merged_z_m0p032_dedup_filtered,91,0.00011901267862413079,0.0001750672236084938,-5.605454498436302e-05,5.605454498436302e-05,3.1421120134039773e-09
15,merged_z_m0p032_dedup_filtered,92,0.0001329992082901299,0.0001546525745652616,-2.1653366275131702e-05,2.1653366275131702e-05,4.68868271045011e-10
15,merged_z_m0p032_dedup_filtered,93,0.00014605637989006937,0.00013425250654108822,1.1803873348981142e-05,1.1803873348981142e-05,1.3933142603878728e-10
15,merged_z_m0p032_dedup_filtered,94,-0.0013398989103734493,-0.0001346870994893834,-0.001205211810884066,0.001205211810884066,1.4525355090944495e-06
15,merged_z_m0p032_dedup_filtered,95,-0.0013494460145011544,-0.00011431432358222082,-0.0012351316909189336,0.0012351316909189336,1.525550293912264e-06
15,merged_z_m0p032_dedup_filtered,96,-0.0016399709274992347,-0.00023012967722024769,-0.001409841250278987,0.001409841250278987,1.987652350988217e-06
15,merged_z_m0p032_dedup_filtered,97,-0.001558860531076789,-0.00034439569571986794,-0.001214464835356921,0.001214464835356921,1.4749248363185131e-06
15,merged_z_m0p032_dedup_filtered,98,-0.0014185075415298343,-0.00040538940811529756,-0.0010131181334145367,0.0010131181334145367,1.026408352253355e-06
15,merged_z_m0p032_dedup_filtered,99,-0.0015447154873982072,-0.0002708356478251517,-0.0012738798395730555,0.0012738798395730555,1.6227698456706736e-06
15,merged_z_m0p032_dedup_filtered,100,-0.0014007820282131433,-0.000311625306494534,-0.0010891567217186093,0.0010891567217186093,1.1862623644648282e-06
15,merged_z_m0p032_dedup_filtered,101,-0.0012127864174544811,-0.00046654770267196,-0.0007462387147825211,0.0007462387147825211,5.568722194402689e-07
15,merged_z_m0p032_dedup_filtered,102,-0.000978744705207646,-0.0005277741001918912,-0.0004509706050157547,0.0004509706050157547,2.0337448658827584e-07
15,merged_z_m0p032_dedup_filtered,103,-0.0012273230822756886,-0.0003524541389197111,-0.0008748689433559775,0.0008748689433559775,7.653956680488046e-07
15,merged_z_m0p032_dedup_filtered,104,-0.001046875142492354,-0.00039330110303126276,-0.0006535740394610912,0.0006535740394610912,4.2715902505748795e-07
15,merged_z_m0p032_dedup_filtered,105,-0.0007578321383334696,-0.0005890292231924832,-0.00016880291514098644,0.00016880291514098644,2.849442416009507e-08
15,merged_z_m0p032_dedup_filtered,106,-0.0005880527896806598,-0.0006503114709630609,6.225868128240108e-05,6.225868128240108e-05,3.876143395023599e-09
15,merged_z_m0p032_dedup_filtered,107,-0.0008820379734970629,-0.000434155750554055,-0.00044788222294300795,0.00044788222294300795,2.0059848562837027e-07
15,merged_z_m0p032_dedup_filtered,108,-0.0010735876858234406,-0.0038699358701705933,0.0027963481843471527,0.0027963481843471527,7.819563168101618e-06
15,merged_z_m0p032_dedup_filtered,109,-0.0011902638943865895,-0.000195943663129583,-0.0009943202312570065,0.0009943202312570065,9.88672722286987e-07
15,merged_z_m0p032_dedup_filtered,110,-0.0012688793940469623,-0.00017551530618220568,-0.0010933640878647566,0.0010933640878647566,1.1954450286323312e-06
15,merged_z_m0p032_dedup_filtered,111,-0.001316084642894566,-0.0001550936867715791,-0.001160990956122987,0.001160990956122987,1.3479000001993675e-06
15,merged_z_m0p032_dedup_filtered,112,-0.0016736866673454642,-0.00018960496527142823,-0.001484081702074036,0.001484081702074036,2.2024984984309678e-06
15,merged_z_m0p032_dedup_filtered,113,-0.000752306601498276,-0.00047501467633992434,-0.00027729192515835166,0.00027729192515835166,7.68908117580249e-08
15,merged_z_m0p032_dedup_filtered,114,-0.0004969879519194365,-0.0007115888292901218,0.00021460087737068534,0.00021460087737068534,4.605353656826793e-08
15,merged_z_m0p032_dedup_filtered,115,-0.0004970738664269447,-0.0007728756172582507,0.000275801750831306,0.000275801750831306,7.606660576161379e-08
15,merged_z_m0p032_dedup_filtered,116,-0.0006715733325108886,-0.0005158754647709429,-0.00015569786773994565,0.00015569786773994565,2.424182601876561e-08
15,merged_z_m0p032_dedup_filtered,117,-0.0006466653430834413,-0.0005567368352785707,-8.99285078048706e-05,8.99285078048706e-05,8.087136516010673e-09
15,merged_z_m0p032_dedup_filtered,118,-0.0005840300000272691,-0.0008341713109984994,0.00025014131097123027,0.00025014131097123027,6.257067545440572e-08
15,merged_z_m0p032_dedup_filtered,119,-0.0007386577199213207,-0.0008954599034041166,0.00015680218348279595,0.00015680218348279595,2.4586924744972408e-08
15,merged_z_m0p032_dedup_filtered,120,-0.0005998178385198116,-0.00027767239953391254,-0.0003221454389858991,0.0003221454389858991,1.0377768385941763e-07
15,merged_z_m0p032_dedup_filtered,121,-0.0007663404103368521,-0.00025723950238898396,-0.0005091009079478681,0.0005091009079478681,2.591837344733437e-07
15,merged_z_m0p032_dedup_filtered,122,-2.384549588896334e-06,0.000771452090702951,-0.0007738366402918473,0.0007738366402918473,5.988231458581739e-07
15,merged_z_m0p032_dedup_filtered,123,0.00020412322191987187,0.0008390358416363597,-0.0006349126197164878,0.0006349126197164878,4.031140346752535e-07
15,merged_z_m0p032_dedup_filtered,124,0.0004678487603086978,0.0009618177427910268,-0.000493968982482329,0.000493968982482329,2.4400535565462747e-07
15,merged_z_m0p032_dedup_filtered,125,0.000485629920149222,0.0010490822605788708,-0.0005634523404296488,0.0005634523404296488,3.174785399356488e-07
15,merged_z_m0p032_dedup_filtered,126,0.0003940144961234182,-0.017925940454006195,0.018319954950129613,0.018319954950129613,0.0003356207493747785
15,merged_z_m0p032_dedup_filtered,127,0.0002486994781065732,0.0011778248008340597,-0.0009291253227274865,0.0009291253227274865,8.632738653334559e-07
16,merged_z_m0p034_dedup_filtered,0,-0.001441031345166266,-0.001447714283131063,6.68293796479702e-06,6.68293796479702e-06,4.4661659841325335e-11
16,merged_z_m0p034_dedup_filtered,1,-0.00147321168333292,-0.001375006278976798,-9.820540435612202e-05,9.820540435612202e-05,9.64430144474943e-09
16,merged_z_m0p034_dedup_filtered,2,-0.0015095883281901479,-0.0013246310409158468,-0.00018495728727430105,0.00018495728727430105,3.4209198115868326e-08
16,merged_z_m0p034_dedup_filtered,3,-0.0015240913489833474,-0.0008837009663693607,-0.0006403903826139867,0.0006403903826139867,4.100998421444883e-07
16,merged_z_m0p034_dedup_filtered,4,-0.001424328307621181,-0.0008428021101281047,-0.0005815261974930763,0.0005815261974930763,3.381727183707564e-07
16,merged_z_m0p034_dedup_filtered,5,-0.0015297019854187965,-0.001263270853087306,-0.0002664311323314905,0.0002664311323314905,7.098554827544021e-08
16,merged_z_m0p034_dedup_filtered,6,-0.0015126412035897374,-0.0012019394198432565,-0.00031070178374648094,0.00031070178374648094,9.653559842324501e-08
16,merged_z_m0p034_dedup_filtered,7,-0.0013016404118388891,-0.0008019231609068811,-0.000499717250932008,0.000499717250932008,2.497173308790435e-07
16,merged_z_m0p034_dedup_filtered,8,-0.0011629058280959725,-0.0007610530010424554,-0.0004018528270535171,0.0004018528270535171,1.6148569461090393e-07
16,merged_z_m0p034_dedup_filtered,9,-0.0014434438198804855,-0.0011406324338167906,-0.00030281138606369495,0.00030281138606369495,9.169473552981611e-08
16,merged_z_m0p034_dedup_filtered,10,-0.0013177604414522648,-0.0010793345281854272,-0.0002384259132668376,0.0002384259132668376,5.6846916117125564e-08
16,merged_z_m0p034_dedup_filtered,11,-0.0010181873803958297,-0.0007201872649602592,-0.0002980001154355705,0.0002980001154355705,8.880406879961333e-08
16,merged_z_m0p034_dedup_filtered,12,-0.0008803685195744038,-0.0006793235661461949,-0.00020104495342820883,0.00020104495342820883,4.0419073298950657e-08
16,merged_z_m0p034_dedup_filtered,13,-0.0011443255934864283,-0.0010180397657677531,-0.00012628582771867514,0.00012628582771867514,1.5948110282590897e-08
16,merged_z_m0p034_dedup_filtered,14,-0.0009444539318792522,-0.0009567463421262801,1.2292410247027874e-05,1.2292410247027874e-05,1.5110334968123588e-10
16,merged_z_m0p034_dedup_filtered,15,-0.000764009659178555,-0.000638460973277688,-0.00012554868590086699,0.00012554868590086699,1.5762472531434557e-08
16,merged_z_m0p034_dedup_filtered,16,-0.0006835137610323727,-0.0005975988460704684,-8.591491496190429e-05,8.591491496190429e-05,7.381372612911245e-09
16,merged_z_m0p034_dedup_filtered,17,-0.0004552900791168213,-0.01058045681566,0.010125166736543179,0.010125166736543179,0.00010251900144280044
16,merged_z_m0p034_dedup_filtered,18,-9.47285516303964e-05,-4.381816864906796e-08,-9.468473346174733e-05,9.468473346174733e-05,8.965198750722134e-09
16,merged_z_m0p034_dedup_filtered,19,-0.00022422318579629064,-3.940547443903597e-08,-0.0002241837803218516,0.0002241837803218516,5.025836735939622e-08
16,merged_z_m0p034_dedup_filtered,20,-0.00034241698449477553,-3.528859693346931e-08,-0.00034238169589784206,0.00034238169589784206,1.172252256858824e-07
16,merged_z_m0p034_dedup_filtered,21,-0.000434095854870975,-3.133590809056841e-08,-0.00043406451896288445,0.00043406451896288445,1.8841200662248028e-07
16,merged_z_m0p034_dedup_filtered,22,-0.0004899758496321738,-2.7436634297828277e-08,-0.000489948412997876,0.000489948412997876,2.400494473991372e-07
16,merged_z_m0p034_dedup_filtered,23,-0.0005083414143882692,-2.3607100274603e-08,-0.0005083178072879946,0.0005083178072879946,2.583869932060748e-07
16,merged_z_m0p034_dedup_filtered,24,-0.0004950047587044537,-1.99208045614796e-08,-0.0004949848378998922,0.0004949848378998922,2.450099897507826e-07
16,merged_z_m0p034_dedup_filtered,25,-0.0004616228980012238,-1.6569588368042787e-08,-0.00046160632841285576,0.00046160632841285576,2.1308040243079725e-07
16,merged_z_m0p034_dedup_filtered,26,-0.0004227649769745767,-1.3542215349104936e-08,-0.0004227514347592276,0.0004227514347592276,1.7871877559098548e-07
16,merged_z_m0p034_dedup_filtered,27,-0.0003923978947568685,-1.0667145389220423e-08,-0.00039238722761147926,0.00039238722761147926,1.5396773639262284e-07
16,merged_z_m0p034_dedup_filtered,28,-0.00038057853817008436,-7.969680915209665e-09,-0.00038057056848916915,0.00038057056848916915,1.448339576001694e-07
16,merged_z_m0p034_dedup_filtered,29,0.00016046376549638808,9.47217849898152e-05,6.574198050657287e-05,6.574198050657287e-05,4.3220080009266075e-09
16,merged_z_m0p034_dedup_filtered,30,-0.0003730623866431415,0.00021143874619156122,-0.0005845011328347027,0.0005845011328347027,3.416415742850508e-07
16,merged_z_m0p034_dedup_filtered,31,-0.0003577234747353941,0.00025207229191437364,-0.0006097957666497678,0.0006097957666497678,3.71850877023978e-07
16,merged_z_m0p034_dedup_filtered,32,-0.0008427801658399403,0.00037894511478953063,-0.001221725280629471,0.001221725280629471,1.4926126613291595e-06
16,merged_z_m0p034_dedup_filtered,33,-0.0006778949173167348,-0.0006899775471538305,1.2082629837095737e-05,1.2082629837095737e-05,1.4598994378027617e-10
16,merged_z_m0p034_dedup_filtered,34,-0.0007313650567084551,0.0004891888820566237,-0.0012205539387650788,0.0012205539387650788,1.4897519174349477e-06
16,merged_z_m0p034_dedup_filtered,35,-0.0002788296260405332,0.0003336321096867323,-0.0006124617357272655,0.0006124617357272655,3.751093777300548e-07
16,merged_z_m0p034_dedup_filtered,36,-0.00021286061382852495,0.00037446481292136014,-0.0005873254267498851,0.0005873254267498851,3.4495115690693463e-07
16,merged_z_m0p034_dedup_filtered,37,-0.0001292428351007402,0.0004153090703766793,-0.0005445519054774195,0.0005445519054774195,2.965367777590884e-07
16,merged_z_m0p034_dedup_filtered,38,-0.0004519747453741729,0.0006241575465537608,-0.0010761322919279337,0.0010761322919279337,1.1580607097300675e-06
16,merged_z_m0p034_dedup_filtered,39,-3.0506824259646237e-05,0.0004561584210023284,-0.00048666524526197463,0.00048666524526197463,2.3684306094589792e-07
16,merged_z_m0p034_dedup_filtered,40,7.826332148397341e-05,0.0004970102454535663,-0.0004187469239695929,0.0004187469239695929,1.7534898633399602e-07
16,merged_z_m0p034_dedup_filtered,41,0.00018960694433189929,0.0005378634086810052,-0.00034825646434910595,0.00034825646434910595,1.212825649609401e-07
16,merged_z_m0p034_dedup_filtered,42,0.0002944707521237433,0.0005787170375697315,-0.0002842462854459882,0.0002842462854459882,8.079595078984219e-08
16,merged_z_m0p034_dedup_filtered,43,0.00038348775706253946,0.0006195716559886932,-0.00023608389892615378,0.00023608389892615378,5.5735607332174393e-08
16,merged_z_m0p034_dedup_filtered,44,0.00044852535938844085,0.0006604263326153159,-0.00021190097322687507,0.00021190097322687507,4.4902022454496824e-08
16,merged_z_m0p034_dedup_filtered,45,0.0004841900954488665,0.0007012812420725822,-0.00021709114662371576,0.00021709114662371576,4.7128565942399654e-08
16,merged_z_m0p034_dedup_filtered,46,0.0004889675765298307,0.0007421369664371014,-0.00025316938990727067,0.00025316938990727067,6.409473998601964e-08
16,merged_z_m0p034_dedup_filtered,47,0.00046573238796554506,0.0007829946698620915,-0.0003172622818965465,0.0003172622818965465,1.0065535551420373e-07
16,merged_z_m0p034_dedup_filtered,48,0.0004214794607833028,0.0008238583686761558,-0.000402378907892853,0.000402378907892853,1.619087855170451e-07
16,merged_z_m0p034_dedup_filtered,49,0.0003662818344309926,0.0008647360373288393,-0.0004984542028978467,0.0004984542028978467,2.484565923865277e-07
16,merged_z_m0p034_dedup_filtered,50,0.0003116389852948487,0.0009056436247192323,-0.0005940046394243836,0.0005940046394243836,3.52841511657692e-07
16,merged_z_m0p034_dedup_filtered,51,0.0002685069921426475,0.0009466128540225327,-0.0006781058618798852,0.0006781058618798852,4.5982755991586194e-07
16,merged_z_m0p034_dedup_filtered,52,0.0002453768393024802,0.0009877001866698265,-0.0007423233473673463,0.0007423233473673463,5.510439520466619e-07
16,merged_z_m0p034_dedup_filtered,53,-0.0003998266765847802,0.0014846447156742215,-0.0018844713922590017,0.0018844713922590017,3.5512324282425804e-06
16,merged_z_m0p034_dedup_filtered,54,-0.0002619647711981088,0.0013856397708877921,-0.001647604542085901,0.001647604542085901,2.714600727102091e-06
16,merged_z_m0p034_dedup_filtered,55,0.000804081850219518,0.00046105115325190127,0.0003430306969676167,0.0003430306969676167,1.1767005906208886e-07
16,merged_z_m0p034_dedup_filtered,56,0.0008366661495529115,0.0004815375432372093,0.0003551286063157022,0.0003551286063157022,1.26116327023733e-07
16,merged_z_m0p034_dedup_filtered,57,0.0008483346900902689,0.0005020664539188147,0.0003462682361714542,0.0003462682361714542,1.1990169138128998e-07
16,merged_z_m0p034_dedup_filtered,58,-6.93693509674631e-05,-8.765365322460639e-08,-6.92816973142385e-05,6.92816973142385e-05,4.7999535827417625e-09
16,merged_z_m0p034_dedup_filtered,59,-3.665171971078962e-05,-8.278884422452393e-08,-3.65689308665651e-05,3.65689308665651e-05,1.3372867047236174e-09
16,merged_z_m0p034_dedup_filtered,60,2.2126638214103878e-05,-7.802069035278691e-08,2.2204658904456664e-05,2.2204658904456664e-05,4.930468770632666e-10
16,merged_z_m0p034_dedup_filtered,61,9.257662168238312e-05,-7.334247698054241e-08,9.264996415936366e-05,9.264996415936366e-05,8.584015858731371e-09
16,merged_z_m0p034_dedup_filtered,62,0.0001568846928421408,-6.88823433847574e-08,0.00015695357518552555,0.00015695357518552555,2.463442476351842e-08
16,merged_z_m0p034_dedup_filtered,63,0.00019761660951189697,-6.451631406889646e-08,0.00019768112582596586,0.00019768112582596586,3.907782750782135e-08
16,merged_z_m0p034_dedup_filtered,64,0.00020143663277849555,-6.008493613762766e-08,0.00020149671771463318,0.00020149671771463318,4.060092724977057e-08
16,merged_z_m0p034_dedup_filtered,65,0.00016194931231439114,-5.5533046605660275e-08,0.0001620048453609968,0.0001620048453609968,2.6245569920440486e-08
16,merged_z_m0p034_dedup_filtered,66,8.106312452582642e-05,-5.0840792908957155e-08,8.111396531873538e-05,8.111396531873538e-05,6.579475369729006e-09
16,merged_z_m0p034_dedup_filtered,67,-0.00033155170967802405,-0.0003287561412435025,-2.795568434521556e-06,2.795568434521556e-06,7.815202872093303e-12
16,merged_z_m0p034_dedup_filtered,68,-0.0003324526478536427,-0.0003491897659841925,1.673711813054979e-05,1.673711813054979e-05,2.8013112331597845e-10
16,merged_z_m0p034_dedup_filtered,69,-0.0004088921705260873,-0.00036962368176318705,-3.926848876290023e-05,3.926848876290023e-05,1.5420142097220219e-09
16,merged_z_m0p034_dedup_filtered,70,-0.0005535372183658183,-0.00039005829603411257,-0.0001634789223317057,0.0001634789223317057,2.672535804673586e-08
16,merged_z_m0p034_dedup_filtered,71,-0.0007471211720257998,-0.00041049456922337413,-0.0003366266028024256,0.0003366266028024256,1.1331746971430203e-07
16,merged_z_m0p034_dedup_filtered,72,-0.0009611299028620124,-0.00043093538261018693,-0.0005301945202518255,0.0005301945202518255,2.8110622930506335e-07
16,merged_z_m0p034_dedup_filtered,73,-0.001162404310889542,-0.00045138722634874284,-0.0007110170845407993,0.0007110170845407993,5.055452945088981e-07
16,merged_z_m0p034_dedup_filtered,74,-0.0013188194716349244,-0.000471863808343187,-0.0008469556632917374,0.0008469556632917374,7.173338955819469e-07
16,merged_z_m0p034_dedup_filtered,75,-0.0014049625024199486,-0.0004923840169794858,-0.0009125784854404628,0.0009125784854404628,8.32799492088809e-07
16,merged_z_m0p034_dedup_filtered,76,-0.0016517841722816229,-0.0009862297447398305,-0.0006655544275417924,0.0006655544275417924,4.42962696020483e-07
16,merged_z_m0p034_dedup_filtered,77,-0.0016225611325353384,-0.0009451392688788474,-0.000677421863656491,0.000677421863656491,4.5890038135983354e-07
16,merged_z_m0p034_dedup_filtered,78,0.0007525419350713491,0.0004405994259286672,0.00031194250914268196,0.00031194250914268196,9.730812901023222e-08
16,merged_z_m0p034_dedup_filtered,79,0.0006851552170701325,0.0004201637639198452,0.00026499145315028727,0.00026499145315028727,7.02204702427009e-08
16,merged_z_m0p034_dedup_filtered,80,0.000605994020588696,0.0003997348539996892,0.00020625916658900678,0.00020625916658900678,4.254284380199165e-08
16,merged_z_m0p034_dedup_filtered,81,0.0005198345752432942,0.00037930873804725707,0.00014052583719603717,0.00014052583719603717,1.9747510919647145e-08
16,merged_z_m0p034_dedup_filtered,82,0.0004318265710026026,0.00035888361162506044,7.294295937754214e-05,7.294295937754214e-05,5.3206753227537625e-09
16,merged_z_m0p034_dedup_filtered,83,0.0003471093368716538,0.0003384589799679816,8.650356903672218e-06,8.650356903672218e-06,7.482867456090961e-11
16,merged_z_m0p034_dedup_filtered,84,0.0002703983336687088,0.0003180345520377159,-4.763621836900711e-05,4.763621836900711e-05,2.2692093004997305e-09
16,merged_z_m0p034_dedup_filtered,85,0.0002055807417491451,0.00029760986217297614,-9.202912042383105e-05,9.202912042383105e-05,8.469359005983996e-09
16,merged_z_m0p034_dedup_filtered,86,0.00015536515275016427,0.00027718511410057545,-0.00012181996135041118,0.00012181996135041118,1.4840102983415673e-08
16,merged_z_m0p034_dedup_filtered,87,0.00012103047629352659,0.00025676030782051384,-0.00013572983152698725,0.00013572983152698725,1.8422587166344343e-08
16,merged_z_m0p034_dedup_filtered,88,0.0001023162403726019,0.00023633554519619793,-0.00013401930482359603,0.00013401930482359603,1.796117406539995e-08
16,merged_z_m0p034_dedup_filtered,89,9.747973672347143e-05,0.0002159112336812541,-0.00011843149695778266,0.00011843149695778266,1.4026019471661282e-08
16,merged_z_m0p034_dedup_filtered,90,0.00010352703975513577,0.0001954879699042067,-9.196093014907092e-05,9.196093014907092e-05,8.4568126738823e-09
16,merged_z_m0p034_dedup_filtered,91,0.00011659916344797239,0.0001750672236084938,-5.846806016052142e-05,5.846806016052142e-05,3.418514058934352e-09
16,merged_z_m0p034_dedup_filtered,92,0.00013247189053799957,0.0001546525745652616,-2.2180684027262032e-05,2.2180684027262032e-05,4.91982743917237e-10
16,merged_z_m0p034_dedup_filtered,93,0.00014710846880916506,0.00013425250654108822,1.2855962268076837e-05,1.2855962268076837e-05,1.6527576583821533e-10
16,merged_z_m0p034_dedup_filtered,94,-0.0013383835321292281,-0.0001346870994893834,-0.0012036964326398447,0.0012036964326398447,1.4488851019498882e-06
16,merged_z_m0p034_dedup_filtered,95,-0.001347582321614027,-0.00011431432358222082,-0.0012332679980318062,0.0012332679980318062,1.520949954969379e-06
16,merged_z_m0p034_dedup_filtered,96,-0.0016361464513465762,-0.00023012967722024769,-0.0014060167741263285,0.0014060167741263285,1.976883169124607e-06
16,merged_z_m0p034_dedup_filtered,97,-0.0015530980890616775,-0.00034439569571986794,-0.0012087023933418095,0.0012087023933418095,1.4609614756702184e-06
16,merged_z_m0p034_dedup_filtered,98,-0.0014124861918389797,-0.00040538940811529756,-0.0010070967837236822,0.0010070967837236822,1.014243931786585e-06
16,merged_z_m0p034_dedup_filtered,99,-0.0015407419996336102,-0.0002708356478251517,-0.0012699063518084586,0.0012699063518084586,1.6126621423634685e-06
16,merged_z_m0p034_dedup_filtered,100,-0.00139672274235636,-0.000311625306494534,-0.001085097435861826,0.001085097435861826,1.1774364453139095e-06
16,merged_z_m0p034_dedup_filtered,101,-0.0012065769406035542,-0.00046654770267196,-0.0007400292379315943,0.0007400292379315943,5.476432729936161e-07
16,merged_z_m0p034_dedup_filtered,102,-0.0009727156138978899,-0.0005277741001918912,-0.00044494151370599866,0.00044494151370599866,1.979729506189854e-07
16,merged_z_m0p034_dedup_filtered,103,-0.0012234345776960254,-0.0003524541389197111,-0.0008709804387763143,0.0008709804387763143,7.586069247309809e-07
16,merged_z_m0p034_dedup_filtered,104,-0.0010435996809974313,-0.00039330110303126276,-0.0006502985779661685,0.0006502985779661685,4.2288824050482096e-07
16,merged_z_m0p034_dedup_filtered,105,-0.0007526450790464878,-0.0005890292231924832,-0.00016361585585400462,0.00016361585585400462,2.677014828683842e-08
16,merged_z_m0p034_dedup_filtered,106,-0.0005845710402354598,-0.0006503114709630609,6.574043072760105e-05,6.574043072760105e-05,4.3218042322505125e-09
16,merged_z_m0p034_dedup_filtered,107,-0.0008799377828836441,-0.000434155750554055,-0.00044578203232958913,0.00044578203232958913,1.9872162034789885e-07
16,merged_z_m0p034_dedup_filtered,108,-0.0010750030633062124,-0.004111807327717543,0.0030368042644113302,0.0030368042644113302,9.22218014034684e-06
16,merged_z_m0p034_dedup_filtered,109,-0.0011908314190804958,-0.000195943663129583,-0.0009948877559509128,0.0009948877559509128,9.89801646941043e-07
16,merged_z_m0p034_dedup_filtered,110,-0.0012686343397945166,-0.00017551530618220568,-0.0010931190336123109,0.0010931190336123109,1.1949092216455125e-06
16,merged_z_m0p034_dedup_filtered,111,-0.0013151237508282065,-0.0001550936867715791,-0.0011600300640566275,0.0011600300640566275,1.3456697495152232e-06
16,merged_z_m0p034_dedup_filtered,112,-0.0016699302941560745,-0.00018960496527142823,-0.0014803253288846463,0.0014803253288846463,2.1913630793374362e-06
16,merged_z_m0p034_dedup_filtered,113,-0.0007519513601437211,-0.00047501467633992434,-0.00027693668380379677,0.00027693668380379677,7.669392683624411e-08
16,merged_z_m0p034_dedup_filtered,114,-0.0004961140220984817,-0.0007115888292901218,0.00021547480719164014,0.00021547480719164014,4.642939253427449e-08
16,merged_z_m0p034_dedup_filtered,115,-0.0004995517083443701,-0.0007728756172582507,0.0002733239089138806,0.0002733239089138806,7.470595918396329e-08
16,merged_z_m0p034_dedup_filtered,116,-0.0006734050693921745,-0.0005158754647709429,-0.00015752960462123156,0.00015752960462123156,2.481557633212154e-08
16,merged_z_m0p034_dedup_filtered,117,-0.0006508724181912839,-0.0005567368352785707,-9.413558291271329e-05,9.413558291271329e-05,8.861507970316318e-09
16,merged_z_m0p034_dedup_filtered,118,-0.0005902557168155909,-0.0008341713109984994,0.00024391559418290854,0.00024391559418290854,5.9494817085601324e-08
16,merged_z_m0p034_dedup_filtered,119,-0.0007485444075427949,-0.0008954599034041166,0.0001469154958613217,0.0001469154958613217,2.158416292417803e-08
16,merged_z_m0p034_dedup_filtered,120,-0.0006028453935869038,-0.00027767239953391254,-0.00032517299405299127,0.00032517299405299127,1.057374760613867e-07
16,merged_z_m0p034_dedup_filtered,121,-0.0007690640049986541,-0.00025723950238898396,-0.0005118245026096702,0.0005118245026096702,2.6196432147163626e-07
16,merged_z_m0p034_dedup_filtered,122,-2.2411259124055505e-06,0.000771452090702951,-0.0007736932166153565,0.0007736932166153565,5.98601193436617e-07
16,merged_z_m0p034_dedup_filtered,123,0.00020620334544219077,0.0008390358416363597,-0.0006328324961941689,0.0006328324961941689,4.0047696823934283e-07
16,merged_z_m0p034_dedup_filtered,124,0.00047297959099523723,0.0009618177427910268,-0.0004888381517957896,0.0004888381517957896,2.3896273865112343e-07
16,merged_z_m0p034_dedup_filtered,125,0.0004925193497911096,0.0010490822605788708,-0.0005565629107877612,0.0005565629107877612,3.0976227366454545e-07
16,merged_z_m0p034_dedup_filtered,126,0.00040137500036507845,-0.01904631219804287,0.019447687198407948,0.019447687198407948,0.00037821253736712037
16,merged_z_m0p034_dedup_filtered,127,0.00025614287005737424,0.0011778248008340597,-0.0009216819307766855,0.0009216819307766855,8.494975815202388e-07
17,merged_z_m0p036_dedup_filtered,0,-0.0014419383369386196,-0.001447714283131063,5.775946192443371e-06,5.775946192443371e-06,3.336155441800107e-11
17,merged_z_m0p036_dedup_filtered,1,-0.0014759754994884133,-0.001375006278976798,-0.00010096922051161528,0.00010096922051161528,1.0194783490723191e-08
17,merged_z_m0p036_dedup_filtered,2,-0.0015150585677474737,-0.0013246310409158468,-0.0001904275268316269,0.0001904275268316269,3.626264297520998e-08
17,merged_z_m0p036_dedup_filtered,3,-0.0015243332600221038,-0.0008837009663693607,-0.0006406322936527431,0.0006406322936527431,4.1040973567077447e-07
17,merged_z_m0p036_dedup_filtered,4,-0.001427080831490457,-0.0008428021101281047,-0.0005842787213623524,0.0005842787213623524,3.413816242368254e-07
17,merged_z_m0p036_dedup_filtered,5,-0.0015381964622065425,-0.001263270853087306,-0.00027492560911923647,0.00027492560911923647,7.55840905495832e-08
17,merged_z_m0p036_dedup_filtered,6,-0.001523903338238597,-0.0012019394198432565,-0.00032196391839534044,0.00032196391839534044,1.0366076474848144e-07
17,merged_z_m0p036_dedup_filtered,7,-0.0013067979598417878,-0.0008019231609068811,-0.0005048747989349067,0.0005048747989349067,2.548985625995625e-07
17,merged_z_m0p036_dedup_filtered,8,-0.0011699636233970523,-0.0007610530010424554,-0.00040891062235459685,0.00040891062235459685,1.6720789707442372e-07
17,merged_z_m0p036_dedup_filtered,9,-0.0014566879253834486,-0.0011406324338167906,-0.000316055491566658,0.000316055491566658,9.989107374944184e-08
17,merged_z_m0p036_dedup_filtered,10,-0.0013318199198693037,-0.0010793345281854272,-0.0002524853916838765,0.0002524853916838765,6.374887301376054e-08
17,merged_z_m0p036_dedup_filtered,11,-0.0010263409931212664,-0.0007201872649602592,-0.00030615372816100717,0.00030615372816100717,9.373010526688387e-08
17,merged_z_m0p036_dedup_filtered,12,-0.0008886652649380267,-0.0006793235661461949,-0.00020934169879183173,0.00020934169879183173,4.382394685305e-08
17,merged_z_m0p036_dedup_filtered,13,-0.0011578664416447282,-0.0010180397657677531,-0.00013982667587697506,0.00013982667587697506,1.955149928680464e-08
17,merged_z_m0p036_dedup_filtered,14,-0.000956210948061198,-0.0009567463421262801,5.353940650820732e-07,5.353940650820732e-07,2.8664680492510725e-13
17,merged_z_m0p036_dedup_filtered,15,-0.0007715168176218867,-0.000638460973277688,-0.0001330558443441987,0.0001330558443441987,1.7703857714147634e-08
17,merged_z_m0p036_dedup_filtered,16,-0.0006894724210724235,-0.0005975988460704684,-9.187357500195503e-05,9.187357500195503e-05,8.440753783639857e-09
17,merged_z_m0p036_dedup_filtered,17,-0.0004581972025334835,-0.011202836409211159,0.010744639206677675,0.010744639206677675,0.00011544727168167506
17,merged_z_m0p036_dedup_filtered,18,-0.000100279416074045,-4.381816864906796e-08,-0.00010023559790539593,0.00010023559790539593,1.0047175087452215e-08
17,merged_z_m0p036_dedup_filtered,19,-0.00023035166668705642,-3.940547443903597e-08,-0.00023031226121261739,0.00023031226121261739,5.3043737664868904e-08
17,merged_z_m0p036_dedup_filtered,20,-0.0003486025962047279,-3.528859693346931e-08,-0.0003485673076077944,0.0003485673076077944,1.2149916793294678e-07
17,merged_z_m0p036_dedup_filtered,21,-0.0004397685406729579,-3.133590809056841e-08,-0.00043973720476486733,0.00043973720476486733,1.9336880925441885e-07
17,merged_z_m0p036_dedup_filtered,22,-0.0004945985856465995,-2.7436634297828277e-08,-0.0004945711490123017,0.0004945711490123017,2.4460062143534834e-07
17,merged_z_m0p036_dedup_filtered,23,-0.0005114956293255091,-2.3607100274603e-08,-0.0005114720222252345,0.0005114720222252345,2.6160362951917074e-07
17,merged_z_m0p036_dedup_filtered,24,-0.0004964628606103361,-1.99208045614796e-08,-0.0004964429398057746,0.0004964429398057746,2.4645559248299994e-07
17,merged_z_m0p036_dedup_filtered,25,-0.0004613935889210552,-1.6569588368042787e-08,-0.00046137701933268715,0.00046137701933268715,2.1286875396831478e-07
17,merged_z_m0p036_dedup_filtered,26,-0.00042110204230993986,-1.3542215349104936e-08,-0.00042108850009459076,0.00042108850009459076,1.7731552491191217e-07
17,merged_z_m0p036_dedup_filtered,27,-0.00038976845098659396,-1.0667145389220423e-08,-0.00038975778384120474,0.00038975778384120474,1.5191113006480727e-07
17,merged_z_m0p036_dedup_filtered,28,-0.0003775957738980651,-7.969680915209665e-09,-0.0003775878042171499,0.0003775878042171499,1.425725498935287e-07
17,merged_z_m0p036_dedup_filtered,29,0.0001626269513508305,9.47217849898152e-05,6.790516636101529e-05,6.790516636101529e-05,4.6111116185171625e-09
17,merged_z_m0p036_dedup_filtered,30,-0.0003765198343899101,0.00021143874619156122,-0.0005879585805814713,0.0005879585805814713,3.456952924793785e-07
17,merged_z_m0p036_dedup_filtered,31,-0.0003613221342675388,0.00025207229191437364,-0.0006133944261819124,0.0006133944261819124,3.762527220710376e-07
17,merged_z_m0p036_dedup_filtered,32,-0.0008496568189002573,0.00037894511478953063,-0.001228601933689788,0.001228601933689788,1.5094627114662862e-06
17,merged_z_m0p036_dedup_filtered,33,-0.0006837205146439373,-0.0007305645267479122,4.684401210397482e-05,4.684401210397482e-05,2.1943614699973394e-09
17,merged_z_m0p036_dedup_filtered,34,-0.0007372848922386765,0.0004891888820566237,-0.0012264737742953002,0.0012264737742953002,1.504237919034159e-06
17,merged_z_m0p036_dedup_filtered,35,-0.0002828972938004881,0.0003336321096867323,-0.0006165294034872204,0.0006165294034872204,3.801085053643078e-07
17,merged_z_m0p036_dedup_filtered,36,-0.00021708251733798534,0.00037446481292136014,-0.0005915473302593455,0.0005915473302593455,3.4992824393695914e-07
17,merged_z_m0p036_dedup_filtered,37,-0.00013344496255740523,0.0004153090703766793,-0.0005487540329340845,0.0005487540329340845,3.0113098866142233e-07
17,merged_z_m0p036_dedup_filtered,38,-0.00045566147309727967,0.0006241575465537608,-0.0010798190196510404,0.0010798190196510404,1.166009115200134e-06
17,merged_z_m0p036_dedup_filtered,39,-3.44519576174207e-05,0.0004561584210023284,-0.0004906103786197491,0.0004906103786197491,2.4069854360941356e-07
17,merged_z_m0p036_dedup_filtered,40,7.483488298021257e-05,0.0004970102454535663,-0.00042217536247335374,0.00042217536247335374,1.7823203667950762e-07
17,merged_z_m0p036_dedup_filtered,41,0.00018693036690820009,0.0005378634086810052,-0.00035093304177280515,0.00035093304177280515,1.231539998079134e-07
17,merged_z_m0p036_dedup_filtered,42,0.000292713288217783,0.0005787170375697315,-0.0002860037493519485,0.0002860037493519485,8.179814464337218e-08
17,merged_z_m0p036_dedup_filtered,43,0.0003827179898507893,0.0006195716559886932,-0.00023685366613790393,0.00023685366613790393,5.609965916296566e-08
17,merged_z_m0p036_dedup_filtered,44,0.0004487019614316523,0.0006604263326153159,-0.0002117243711836636,0.0002117243711836636,4.4827209353117764e-08
17,merged_z_m0p036_dedup_filtered,45,0.000485171505715698,0.0007012812420725822,-0.00021610973635688424,0.00021610973635688424,4.6703418148242014e-08
17,merged_z_m0p036_dedup_filtered,46,0.0004905410460196435,0.0007421369664371014,-0.0002515959204174578,0.0002515959204174578,6.330050717070777e-08
17,merged_z_m0p036_dedup_filtered,47,0.0004676555108744651,0.0007829946698620915,-0.00031533915898762643,0.00031533915898762643,9.943878519102354e-08
17,merged_z_m0p036_dedup_filtered,48,0.00042352540185675025,0.0008238583686761558,-0.00040033296681940556,0.00040033296681940556,1.6026648432242727e-07
17,merged_z_m0p036_dedup_filtered,49,0.0003682782989926636,0.0008647360373288393,-0.0004964577383361757,0.0004964577383361757,2.464702859538707e-07
17,merged_z_m0p036_dedup_filtered,50,0.0003134926373604685,0.0009056436247192323,-0.0005921509873587638,0.0005921509873587638,3.5064279182995886e-07
17,merged_z_m0p036_dedup_filtered,51,0.0002702086349017918,0.0009466128540225327,-0.0006764042191207409,0.0006764042191207409,4.5752266764433926e-07
17,merged_z_m0p036_dedup_filtered,52,0.0002469863393343985,0.0009877001866698265,-0.000740713847335428,0.000740713847335428,5.486570036344517e-07
17,merged_z_m0p036_dedup_filtered,53,-0.00039392069447785616,0.0014846447156742215,-0.0018785654101520777,0.0018785654101520777,3.529008000219844e-06
17,merged_z_m0p036_dedup_filtered,54,-0.0002557861735112965,0.0013856397708877921,-0.0016414259443990886,0.0016414259443990886,2.69427913094644e-06
17,merged_z_m0p036_dedup_filtered,55,0.0008016300853341818,0.00046105115325190127,0.0003405789320822805,0.0003405789320822805,1.1599400897830664e-07
17,merged_z_m0p036_dedup_filtered,56,0.0008342291112057865,0.0004815375432372093,0.00035269156796857715,0.00035269156796857715,1.2439134211613347e-07
17,merged_z_m0p036_dedup_filtered,57,0.0008458959637209773,0.0005020664539188147,0.00034382950980216265,0.00034382950980216265,1.1821873181079546e-07
17,merged_z_m0p036_dedup_filtered,58,-6.678821227978915e-05,-8.765365322460639e-08,-6.670055862656454e-05,6.670055862656454e-05,4.448964521095773e-09
17,merged_z_m0p036_dedup_filtered,59,-3.421997826080769e-05,-8.278884422452393e-08,-3.413718941658317e-05,3.413718941658317e-05,1.1653477012636778e-09
17,merged_z_m0p036_dedup_filtered,60,2.423470141366124e-05,-7.802069035278691e-08,2.431272210401403e-05,2.431272210401403e-05,5.911084561070123e-10
17,merged_z_m0p036_dedup_filtered,61,9.415603562956676e-05,-7.334247698054241e-08,9.42293781065473e-05,9.42293781065473e-05,8.879175698346656e-09
17,merged_z_m0p036_dedup_filtered,62,0.00015770431491546333,-6.88823433847574e-08,0.00015777319725884809,0.00015777319725884809,2.4892381773279388e-08
17,merged_z_m0p036_dedup_filtered,63,0.000197442204807885,-6.451631406889646e-08,0.0001975067211219539,0.0001975067211219539,3.900890488834526e-08
17,merged_z_m0p036_dedup_filtered,64,0.00020006968406960368,-6.008493613762766e-08,0.0002001297690057413,0.0002001297690057413,4.005192444229137e-08
17,merged_z_m0p036_dedup_filtered,65,0.0001592740445630625,-5.5533046605660275e-08,0.00015932957760966815,0.00015932957760966815,2.5385914301275265e-08
17,merged_z_m0p036_dedup_filtered,66,7.70908227423206e-05,-5.0840792908957155e-08,7.714166353522955e-05,7.714166353522955e-05,5.950836252982565e-09
17,merged_z_m0p036_dedup_filtered,67,-0.00033370923483744264,-0.0003287561412435025,-4.953093593940139e-06,4.953093593940139e-06,2.453313615033084e-11
17,merged_z_m0p036_dedup_filtered,68,-0.0003336333902552724,-0.0003491897659841925,1.5556375728920102e-05,1.5556375728920102e-05,2.4200082581933444e-10
17,merged_z_m0p036_dedup_filtered,69,-0.0004087740380782634,-0.00036962368176318705,-3.915035631507635e-05,3.915035631507635e-05,1.5327503995974387e-09
17,merged_z_m0p036_dedup_filtered,70,-0.0005518951220437884,-0.00039005829603411257,-0.00016183682600967586,0.00016183682600967586,2.6191158252886097e-08
17,merged_z_m0p036_dedup_filtered,71,-0.0007438617176376283,-0.00041049456922337413,-0.0003333671484142542,0.0003333671484142542,1.1113365564185138e-07
17,merged_z_m0p036_dedup_filtered,72,-0.0009563126368448138,-0.00043093538261018693,-0.0005253772542346269,0.0005253772542346269,2.760212592671158e-07
17,merged_z_m0p036_dedup_filtered,73,-0.0011562441941350698,-0.00045138722634874284,-0.000704856967786327,0.000704856967786327,4.968233450369352e-07
17,merged_z_m0p036_dedup_filtered,74,-0.0013116715708747506,-0.000471863808343187,-0.0008398077625315636,0.0008398077625315636,7.052770780082712e-07
17,merged_z_m0p036_dedup_filtered,75,-0.0013972867745906115,-0.0004923840169794858,-0.0009049027576111257,0.0009049027576111257,8.188490007322197e-07
17,merged_z_m0p036_dedup_filtered,76,-0.00164797343313694,-0.0009862297447398305,-0.0006617436883971095,0.0006617436883971095,4.3790470913341077e-07
17,merged_z_m0p036_dedup_filtered,77,-0.0016197694931179285,-0.0009451392688788474,-0.0006746302242390811,0.0006746302242390811,4.551259394568729e-07
17,merged_z_m0p036_dedup_filtered,78,0.000750008795876056,0.0004405994259286672,0.00030940936994738877,0.00030940936994738877,9.573415821124008e-08
17,merged_z_m0p036_dedup_filtered,79,0.0006824100855737925,0.0004201637639198452,0.00026224632165394723,0.00026224632165394723,6.877313322102555e-08
17,merged_z_m0p036_dedup_filtered,80,0.0006028517382219434,0.0003997348539996892,0.00020311688422225416,0.00020311688422225416,4.12564686561566e-08
17,merged_z_m0p036_dedup_filtered,81,0.0005160865839570761,0.00037930873804725707,0.000136777845909819,0.000136777845909819,1.8708179131730192e-08
17,merged_z_m0p036_dedup_filtered,82,0.0004272900987416506,0.00035888361162506044,6.840648711659014e-05,6.840648711659014e-05,4.679447479632213e-09
17,merged_z_m0p036_dedup_filtered,83,0.0003416825784370303,0.0003384589799679816,3.2235984690487385e-06,3.2235984690487385e-06,1.039158708965337e-11
17,merged_z_m0p036_dedup_filtered,84,0.00026410832651890814,0.0003180345520377159,-5.392622551880777e-05,5.392622551880777e-05,2.9080377987053142e-09
17,merged_z_m0p036_dedup_filtered,85,0.00019861148030031472,0.00029760986217297614,-9.899838187266141e-05,9.899838187266141e-05,9.800679613405296e-09
17,merged_z_m0p036_dedup_filtered,86,0.00014805642422288656,0.00027718511410057545,-0.00012912868987768888,0.00012912868987768888,1.6674218549528352e-08
17,merged_z_m0p036_dedup_filtered,87,0.00011384370736777782,0.00025676030782051384,-0.00014291660045273602,0.00014291660045273602,2.0425154684966986e-08
17,merged_z_m0p036_dedup_filtered,88,9.577121818438172e-05,0.00023633554519619793,-0.0001405643270118162,0.0001405643270118162,1.9758330028284802e-08
17,merged_z_m0p036_dedup_filtered,89,9.207204857375473e-05,0.0002159112336812541,-0.00012383918510749936,0.00012383918510749936,1.533614376808949e-08
17,merged_z_m0p036_dedup_filtered,90,9.964122727978975e-05,0.0001954879699042067,-9.584674262441695e-05,9.584674262441695e-05,9.186598071711224e-09
17,merged_z_m0p036_dedup_filtered,91,0.00011443430412327871,0.0001750672236084938,-6.06329194852151e-05,6.06329194852151e-05,3.6763509253005767e-09
17,merged_z_m0p036_dedup_filtered,92,0.00013199468958191574,0.0001546525745652616,-2.2657884983345866e-05,2.2657884983345866e-05,5.133797519185301e-10
17,merged_z_m0p036_dedup_filtered,93,0.00014804431702941656,0.00013425250654108822,1.3791810488328338e-05,1.3791810488328338e-05,1.9021403654596354e-10
17,merged_z_m0p036_dedup_filtered,94,-0.0013370087835937738,-0.0001346870994893834,-0.0012023216841043904,0.0012023216841043904,1.4455774320676176e-06
17,merged_z_m0p036_dedup_filtered,95,-0.001345879747532308,-0.00011431432358222082,-0.0012315654239500873,0.0012315654239500873,1.5167533934693582e-06
17,merged_z_m0p036_dedup_filtered,96,-0.0016326375771313906,-0.00023012967722024769,-0.0014025078999111429,0.0014025078999111429,1.967028409313164e-06
17,merged_z_m0p036_dedup_filtered,97,-0.00154783739708364,-0.00034439569571986794,-0.0012034417013637722,0.0012034417013637722,1.4482719285813306e-06
17,merged_z_m0p036_dedup_filtered,98,-0.0014069919707253575,-0.00040538940811529756,-0.00100160256261006,0.00100160256261006,1.0032076934270391e-06
17,merged_z_m0p036_dedup_filtered,99,-0.0015371089102700353,-0.0002708356478251517,-0.0012662732624448836,0.0012662732624448836,1.603447975182809e-06
17,merged_z_m0p036_dedup_filtered,100,-0.0013930290006101131,-0.000311625306494534,-0.0010814036941155791,0.0010814036941155791,1.169433949646821e-06
17,merged_z_m0p036_dedup_filtered,101,-0.0012009148485958576,-0.00046654770267196,-0.0007343671459238976,0.0007343671459238976,5.392951050124111e-07
17,merged_z_m0p036_dedup_filtered,102,-0.0009672209853306413,-0.0005277741001918912,-0.0004394468851387501,0.0004394468851387501,1.931135648581498e-07
17,merged_z_m0p036_dedup_filtered,103,-0.0012199172051623464,-0.0003524541389197111,-0.0008674630662426353,0.0008674630662426353,7.524921712950746e-07
17,merged_z_m0p036_dedup_filtered,104,-0.001040662988089025,-0.00039330110303126276,-0.0006473618850577623,0.0006473618850577623,4.190774102255394e-07
17,merged_z_m0p036_dedup_filtered,105,-0.0007479196065105498,-0.0005890292231924832,-0.0001588903833180666,0.0001588903833180666,2.5246153910962136e-08
17,merged_z_m0p036_dedup_filtered,106,-0.0005813991301693022,-0.0006503114709630609,6.891234079375863e-05,6.891234079375863e-05,4.74891071367513e-09
17,merged_z_m0p036_dedup_filtered,107,-0.0008780928910709918,-0.000434155750554055,-0.0004439371405169368,0.0004439371405169368,1.9708018473035447e-07
17,merged_z_m0p036_dedup_filtered,108,-0.0010763988830149174,-0.004353678319603205,0.0032772794365882874,0.0032772794365882874,1.0740560505484442e-05
17,merged_z_m0p036_dedup_filtered,109,-0.0011914236238226295,-0.000195943663129583,-0.0009954799606930465,0.0009954799606930465,9.909803521414293e-07
17,merged_z_m0p036_dedup_filtered,110,-0.0012684579705819488,-0.00017551530618220568,-0.001092942664399743,0.001092942664399743,1.1945236676652094e-06
17,merged_z_m0p036_dedup_filtered,111,-0.0013142720563337207,-0.0001550936867715791,-0.0011591783695621416,0.0011591783695621416,1.343694492460745e-06
17,merged_z_m0p036_dedup_filtered,112,-0.001666479860432446,-0.00018960496527142823,-0.0014768748951610178,0.0014768748951610178,2.1811594559568672e-06
17,merged_z_m0p036_dedup_filtered,113,-0.0007517131743952632,-0.00047501467633992434,-0.00027669849805533886,0.00027669849805533886,7.656205882608036e-08
17,merged_z_m0p036_dedup_filtered,114,-0.0004953158204443753,-0.0007115888292901218,0.00021627300884574652,0.00021627300884574652,4.677401435519235e-08
17,merged_z_m0p036_dedup_filtered,115,-0.0005018024821765721,-0.0007728756172582507,0.00027107313508167863,0.00027107313508167863,7.348064456300999e-08
17,merged_z_m0p036_dedup_filtered,116,-0.0006751710316166282,-0.0005158754647709429,-0.00015929556684568524,0.00015929556684568524,2.5375077616688176e-08
17,merged_z_m0p036_dedup_filtered,117,-0.0006548072560690343,-0.0005567368352785707,-9.807042079046369e-05,9.807042079046369e-05,9.617807434018612e-09
17,merged_z_m0p036_dedup_filtered,118,-0.0005959147238172591,-0.0008341713109984994,0.00023825658718124032,0.00023825658718124032,5.676620133525197e-08
17,merged_z_m0p036_dedup_filtered,119,-0.0007575321942567825,-0.0008954599034041166,0.0001379277091473341,0.0001379277091473341,1.902405295063159e-08
17,merged_z_m0p036_dedup_filtered,120,-0.0006057873251847923,-0.00027767239953391254,-0.00032811492565087974,0.00032811492565087974,1.0765940443488234e-07
17,merged_z_m0p036_dedup_filtered,121,-0.0007717080297879875,-0.00025723950238898396,-0.0005144685273990035,0.0005144685273990035,2.646778656840992e-07
17,merged_z_m0p036_dedup_filtered,122,-2.379034413024783e-06,0.000771452090702951,-0.0007738311251159757,0.0007738311251159757,5.988146101982569e-07
17,merged_z_m0p036_dedup_filtered,123,0.000207836419576779,0.0008390358416363597,-0.0006311994220595807,0.0006311994220595807,3.9841271040834867e-07
17,merged_z_m0p036_dedup_filtered,124,0.0004774767439812422,0.0009618177427910268,-0.00048434099880978465,0.00048434099880978465,2.3458620312805982e-07
17,merged_z_m0p036_dedup_filtered,125,0.000498725101351738,0.0010490822605788708,-0.0005503571592271328,0.0005503571592271328,3.028930027125596e-07
17,merged_z_m0p036_dedup_filtered,126,0.0004080521175637841,-0.020166683942079544,0.020574736059643328,0.020574736059643328,0.00042331976392398745
17,merged_z_m0p036_dedup_filtered,127,0.0002629233058542013,0.0011778248008340597,-0.0009149014949798584,0.0009149014949798584,8.370447455163799e-07
18,merged_z_m0p038_dedup_filtered,0,-0.0014428191352635622,-0.001447714283131063,4.895147867500782e-06,4.895147867500782e-06,2.3962472644697454e-11
18,merged_z_m0p038_dedup_filtered,1,-0.0014785511884838343,-0.001375006278976798,-0.00010354490950703621,0.00010354490950703621,1.0721548284820318e-08
18,merged_z_m0p038_dedup_filtered,2,-0.001520103425718844,-0.0013246310409158468,-0.0001954723848029971,0.0001954723848029971,3.8209453220570976e-08
18,merged_z_m0p038_dedup_filtered,3,-0.001524592051282525,-0.0008837009663693607,-0.0006408910849131644,0.0006408910849131644,4.1074138272117287e-07
18,merged_z_m0p038_dedup_filtered,4,-0.0014296245062723756,-0.0008428021101281047,-0.0005868223961442709,0.0005868223961442709,3.443605246165036e-07
18,merged_z_m0p038_dedup_filtered,5,-0.00154599838424474,-0.001263270853087306,-0.000282727531157434,0.000282727531157434,7.99348568743778e-08
18,merged_z_m0p038_dedup_filtered,6,-0.0015342251863330603,-0.0012019394198432565,-0.0003322857664898038,0.0003322857664898038,1.1041383061171641e-07
18,merged_z_m0p038_dedup_filtered,7,-0.001311528729274869,-0.0008019231609068811,-0.0005096055683679879,0.0005096055683679879,2.5969783531165996e-07
18,merged_z_m0p038_dedup_filtered,8,-0.001176418736577034,-0.0007610530010424554,-0.00041536573553457856,0.00041536573553457856,1.7252869425618146e-07
18,merged_z_m0p038_dedup_filtered,9,-0.0014688093215227127,-0.0011406324338167906,-0.0003281768877059221,0.0003281768877059221,1.0770006962434542e-07
18,merged_z_m0p038_dedup_filtered,10,-0.0013446727534756064,-0.0010793345281854272,-0.00026533822529017925,0.00026533822529017925,7.040437380014192e-08
18,merged_z_m0p038_dedup_filtered,11,-0.0010337858693674207,-0.0007201872649602592,-0.0003135986044071615,0.0003135986044071615,9.834408468611936e-08
18,merged_z_m0p038_dedup_filtered,12,-0.0008962305728346109,-0.0006793235661461949,-0.000216907006688416,0.000216907006688416,4.7048649550528545e-08
18,merged_z_m0p038_dedup_filtered,13,-0.001170231611467898,-0.0010180397657677531,-0.00015219184570014477,0.00015219184570014477,2.3162357897616673e-08
18,merged_z_m0p038_dedup_filtered,14,-0.0009669345454312861,-0.0009567463421262801,-1.0188203305006027e-05,1.0188203305006027e-05,1.0379948658413574e-10
18,merged_z_m0p038_dedup_filtered,15,-0.0007783534238114953,-0.000638460973277688,-0.00013989245053380728,0.00013989245053380728,1.9569897716353716e-08
18,merged_z_m0p038_dedup_filtered,16,-0.0006948904483579099,-0.0005975988460704684,-9.729160228744149e-05,9.729160228744149e-05,9.46565587565769e-09
18,merged_z_m0p038_dedup_filtered,17,-0.0004607955925166607,-0.011825216002762318,0.011364420410245657,0.011364420410245657,0.00012915005126080807
18,merged_z_m0p038_dedup_filtered,18,-0.00010523603850742802,-4.381816864906796e-08,-0.00010519222033877895,0.00010519222033877895,1.106540321980222e-08
18,merged_z_m0p038_dedup_filtered,19,-0.0002358272613491863,-3.940547443903597e-08,-0.00023578785587474727,0.00023578785587474727,5.559591297801059e-08
18,merged_z_m0p038_dedup_filtered,20,-0.00035413738805800676,-3.528859693346931e-08,-0.0003541020994610733,0.0003541020994610733,1.2538829684273984e-07
18,merged_z_m0p038_dedup_filtered,21,-0.00044485839316621423,-3.133590809056841e-08,-0.00044482705725812366,0.00044482705725812366,1.97871110868922e-07
18,merged_z_m0p038_dedup_filtered,22,-0.0004987682914361358,-2.7436634297828277e-08,-0.0004987408548018379,0.0004987408548018379,2.48742440248468e-07
18,merged_z_m0p038_dedup_filtered,23,-0.0005143741727806628,-2.3607100274603e-08,-0.0005143505656803882,0.0005143505656803882,2.645565044157353e-07
18,merged_z_m0p038_dedup_filtered,24,-0.0004978478536941111,-1.99208045614796e-08,-0.0004978279328895496,0.0004978279328895496,2.478326507650819e-07
18,merged_z_m0p038_dedup_filtered,25,-0.00046129157999530435,-1.6569588368042787e-08,-0.0004612750104069363,0.0004612750104069363,2.127746352259192e-07
18,merged_z_m0p038_dedup_filtered,26,-0.0004197359085083008,-1.3542215349104936e-08,-0.0004197223662929517,0.0004197223662929517,1.761668647665547e-07
18,merged_z_m0p038_dedup_filtered,27,-0.00038754992419853806,-1.0667145389220423e-08,-0.00038753925705314884,0.00038753925705314884,1.5018667575730657e-07
18,merged_z_m0p038_dedup_filtered,28,-0.0003750656615011394,-7.969680915209665e-09,-0.0003750576918202242,0.0003750576918202242,1.4066827219351427e-07
18,merged_z_m0p038_dedup_filtered,29,0.00016434928693342954,9.47217849898152e-05,6.962750194361433e-05,6.962750194361433e-05,4.847989026908018e-09
18,merged_z_m0p038_dedup_filtered,30,-0.00037967762909829617,0.00021143874619156122,-0.0005911163752898574,0.0005911163752898574,3.494185691358195e-07
18,merged_z_m0p038_dedup_filtered,31,-0.000364617706509307,0.00025207229191437364,-0.0006166899984236807,0.0006166899984236807,3.8030655415579926e-07
18,merged_z_m0p038_dedup_filtered,32,-0.0008557784603908658,0.00037894511478953063,-0.0012347235751803964,0.0012347235751803964,1.52454230710626e-06
18,merged_z_m0p038_dedup_filtered,33,-0.0006889636279083788,-0.0007711512735113502,8.218764560297132e-05,8.218764560297132e-05,6.75480908975961e-09
18,merged_z_m0p038_dedup_filtered,34,-0.0007426390657201409,0.0004891888820566237,-0.0012318279477767646,0.0012318279477767646,1.5174000929239156e-06
18,merged_z_m0p038_dedup_filtered,35,-0.0002866530849132687,0.0003336321096867323,-0.000620285194600001,0.000620285194600001,3.847537226399611e-07
18,merged_z_m0p038_dedup_filtered,36,-0.0002209939411841333,0.00037446481292136014,-0.0005954587541054934,0.0005954587541054934,3.545711278408665e-07
18,merged_z_m0p038_dedup_filtered,37,-0.0001373465493088588,0.0004153090703766793,-0.0005526556196855381,0.0005526556196855381,3.0542823397000614e-07
18,merged_z_m0p038_dedup_filtered,38,-0.0004591126926243305,0.0006241575465537608,-0.0010832702391780913,0.0010832702391780913,1.173474411088959e-06
18,merged_z_m0p038_dedup_filtered,39,-3.8117796066217124e-05,0.0004561584210023284,-0.0004942762170685455,0.0004942762170685455,2.4430897875959193e-07
18,merged_z_m0p038_dedup_filtered,40,7.165190618252382e-05,0.0004970102454535663,-0.0004253583392710425,0.0004253583392710425,1.809297167874193e-07
18,merged_z_m0p038_dedup_filtered,41,0.00018445328169036657,0.0005378634086810052,-0.0003534101269906387,0.0003534101269906387,1.2489871785953935e-07
18,merged_z_m0p038_dedup_filtered,42,0.00029109924798831344,0.0005787170375697315,-0.00028761778958141804,0.00028761778958141804,8.272399288370086e-08
18,merged_z_m0p038_dedup_filtered,43,0.0003820291312877089,0.0006195716559886932,-0.00023754252470098436,0.00023754252470098436,5.6426451041317764e-08
18,merged_z_m0p038_dedup_filtered,44,0.00044889445416629314,0.0006604263326153159,-0.00021153187844902277,0.00021153187844902277,4.4745735600172144e-08
18,merged_z_m0p038_dedup_filtered,45,0.0004861057677771896,0.0007012812420725822,-0.00021517547429539263,0.00021517547429539263,4.6300484738247176e-08
18,merged_z_m0p038_dedup_filtered,46,0.0004920099745504558,0.0007421369664371014,-0.00025012699188664556,0.00025012699188664556,6.256351207026205e-08
18,merged_z_m0p038_dedup_filtered,47,0.00046942514018155634,0.0007829946698620915,-0.0003135695296805352,0.0003135695296805352,9.832584994407204e-08
18,merged_z_m0p038_dedup_filtered,48,0.0004253786464687437,0.0008238583686761558,-0.0003984797222074121,0.0003984797222074121,1.5878608901049633e-07
18,merged_z_m0p038_dedup_filtered,49,0.00037005270132794976,0.0008647360373288393,-0.0004946833360008895,0.0004946833360008895,2.44711602916969e-07
18,merged_z_m0p038_dedup_filtered,50,0.0003151039418298751,0.0009056436247192323,-0.0005905396828893572,0.0005905396828893572,3.4873711706706257e-07
18,merged_z_m0p038_dedup_filtered,51,0.0002716556191444397,0.0009466128540225327,-0.000674957234878093,0.000674957234878093,4.555672689142812e-07
18,merged_z_m0p038_dedup_filtered,52,0.0002483355638105422,0.0009877001866698265,-0.0007393646228592843,0.0007393646228592843,5.466600455358517e-07
18,merged_z_m0p038_dedup_filtered,53,-0.0003886343911290169,0.0014846447156742215,-0.0018732791068032384,0.0018732791068032384,3.5091746119855386e-06
18,merged_z_m0p038_dedup_filtered,54,-0.000250216166023165,0.0013856397708877921,-0.001635855936910957,0.001635855936910957,2.6760246463268252e-06
18,merged_z_m0p038_dedup_filtered,55,0.0007992761093191803,0.00046105115325190127,0.000338224956067279,0.000338224956067279,1.143961209067128e-07
18,merged_z_m0p038_dedup_filtered,56,0.0008318774634972215,0.0004815375432372093,0.00035033992026001215,0.00035033992026001215,1.2273805972779167e-07
18,merged_z_m0p038_dedup_filtered,57,0.0008435387862846255,0.0005020664539188147,0.00034147233236581087,0.00034147233236581087,1.166033537713468e-07
18,merged_z_m0p038_dedup_filtered,58,-6.452924571931362e-05,-8.765365322460639e-08,-6.444159206608902e-05,6.444159206608902e-05,4.152718788012227e-09
18,merged_z_m0p038_dedup_filtered,59,-3.209299757145345e-05,-8.278884422452393e-08,-3.201020872722893e-05,3.201020872722893e-05,1.024653462760763e-09
18,merged_z_m0p038_dedup_filtered,60,2.6075707864947617e-05,-7.802069035278691e-08,2.6153728555300404e-05,2.6153728555300404e-05,6.840175173443357e-10
18,merged_z_m0p038_dedup_filtered,61,9.552956908009946e-05,-7.334247698054241e-08,9.560291155708e-05,9.560291155708e-05,9.139916698190861e-09
18,merged_z_m0p038_dedup_filtered,62,0.0001584054552949965,-6.88823433847574e-08,0.00015847433763838126,0.00015847433763838126,2.511411568992366e-08
18,merged_z_m0p038_dedup_filtered,63,0.00019726285245269537,-6.451631406889646e-08,0.00019732736876676427,0.00019732736876676427,3.8938090464414576e-08
18,merged_z_m0p038_dedup_filtered,64,0.00019883310596924275,-6.008493613762766e-08,0.00019889319090538038,0.00019889319090538038,3.955850138852409e-08
18,merged_z_m0p038_dedup_filtered,65,0.00015687641280237585,-5.5533046605660275e-08,0.0001569319458489815,0.0001569319458489815,2.4627635627947667e-08
18,merged_z_m0p038_dedup_filtered,66,7.354073750320822e-05,-5.0840792908957155e-08,7.359157829611718e-05,7.359157829611718e-05,5.4157203961135445e-09
18,merged_z_m0p038_dedup_filtered,67,-0.00033563474426046014,-0.0003287561412435025,-6.878603016957641e-06,6.878603016957641e-06,4.7315179464898756e-11
18,merged_z_m0p038_dedup_filtered,68,-0.0003346797311678529,-0.0003491897659841925,1.4510034816339612e-05,1.4510034816339612e-05,2.1054111037138772e-10
18,merged_z_m0p038_dedup_filtered,69,-0.00040864961920306087,-0.00036962368176318705,-3.9025937439873815e-05,3.9025937439873815e-05,1.5230237930609447e-09
18,merged_z_m0p038_dedup_filtered,70,-0.0005503957509063184,-0.00039005829603411257,-0.00016033745487220585,0.00016033745487220585,2.570809943489665e-08
18,merged_z_m0p038_dedup_filtered,71,-0.0007409020909108222,-0.00041049456922337413,-0.000330407521687448,0.000330407521687448,1.0916913038764144e-07
18,merged_z_m0p038_dedup_filtered,72,-0.0009519451996311545,-0.00043093538261018693,-0.0005210098170209676,0.0005210098170209676,2.7145122943222214e-07
18,merged_z_m0p038_dedup_filtered,73,-0.0011506628943607211,-0.00045138722634874284,-0.0006992756680119783,0.0006992756680119783,4.889864598735984e-07
18,merged_z_m0p038_dedup_filtered,74,-0.001305196899920702,-0.000471863808343187,-0.000833333091577515,0.000833333091577515,6.94444041518139e-07
18,merged_z_m0p038_dedup_filtered,75,-0.0013903346844017506,-0.0004923840169794858,-0.0008979506674222648,0.0008979506674222648,8.063154011240908e-07
18,merged_z_m0p038_dedup_filtered,76,-0.001644541509449482,-0.0009862297447398305,-0.0006583117647096515,0.0006583117647096515,4.333743795551355e-07
18,merged_z_m0p038_dedup_filtered,77,-0.0016172658652067184,-0.0009451392688788474,-0.0006721265963278711,0.0006721265963278711,4.5175416149128897e-07
18,merged_z_m0p038_dedup_filtered,78,0.0007475988240912557,0.0004405994259286672,0.0003069993981625885,0.0003069993981625885,9.424863047219153e-08
18,merged_z_m0p038_dedup_filtered,79,0.0006798319518566132,0.0004201637639198452,0.00025966818793676794,0.00025966818793676794,6.742756782636463e-08
18,merged_z_m0p038_dedup_filtered,80,0.0005999416462145746,0.0003997348539996892,0.00020020679221488535,0.00020020679221488535,4.008275964897428e-08
18,merged_z_m0p038_dedup_filtered,81,0.000512658036313951,0.00037930873804725707,0.00013334929826669395,0.00013334929826669395,1.7782035348219706e-08
18,merged_z_m0p038_dedup_filtered,82,0.0004231770581100136,0.00035888361162506044,6.429344648495317e-05,6.429344648495317e-05,4.1336472609135365e-09
18,merged_z_m0p038_dedup_filtered,83,0.0003367893223185092,0.0003384589799679816,-1.6696576494723558e-06,1.6696576494723558e-06,2.7877566664415523e-12
18,merged_z_m0p038_dedup_filtered,84,0.0002584524918347597,0.0003180345520377159,-5.95820602029562e-05,5.95820602029562e-05,3.550021898028697e-09
18,merged_z_m0p038_dedup_filtered,85,0.00019235003856010735,0.00029760986217297614,-0.00010525982361286879,0.00010525982361286879,1.107963046701225e-08
18,merged_z_m0p038_dedup_filtered,86,0.0001414850848959759,0.00027718511410057545,-0.00013570002920459956,0.00013570002920459956,1.8414497926129173e-08
18,merged_z_m0p038_dedup_filtered,87,0.00010736738477135077,0.00025676030782051384,-0.00014939292304916307,0.00014939292304916307,2.231824545717316e-08
18,merged_z_m0p038_dedup_filtered,88,8.984810847323388e-05,0.00023633554519619793,-0.00014648743672296405,0.00014648743672296405,2.1458569117664396e-08
18,merged_z_m0p038_dedup_filtered,89,8.714053547009826e-05,0.0002159112336812541,-0.00012877069821115583,0.00012877069821115583,1.6581892717788572e-08
18,merged_z_m0p038_dedup_filtered,90,9.604274237062782e-05,0.0001954879699042067,-9.944522753357887e-05,9.944522753357887e-05,9.889353279205274e-09
18,merged_z_m0p038_dedup_filtered,91,0.00011234702833462507,0.0001750672236084938,-6.272019527386874e-05,6.272019527386874e-05,3.9338228951922266e-09
18,merged_z_m0p038_dedup_filtered,92,0.00013139174552634358,0.0001546525745652616,-2.326082903891802e-05,2.326082903891802e-05,5.410661675777717e-10
18,merged_z_m0p038_dedup_filtered,93,0.00014868540165480226,0.00013425250654108822,1.443289511371404e-05,1.443289511371404e-05,2.083084613634706e-10
18,merged_z_m0p038_dedup_filtered,94,-0.0013357782736420631,-0.0001346870994893834,-0.0012010911741526797,0.0012010911741526797,1.4426200086274629e-06
18,merged_z_m0p038_dedup_filtered,95,-0.0013443573843687773,-0.00011431432358222082,-0.0012300430607865565,0.0012300430607865565,1.5130059313891602e-06
18,merged_z_m0p038_dedup_filtered,96,-0.0016295216046273708,-0.00023012967722024769,-0.0013993919274071231,0.0013993919274071231,1.958297766492223e-06
18,merged_z_m0p038_dedup_filtered,97,-0.0015432120999321342,-0.00034439569571986794,-0.0011988164042122662,0.0011988164042122662,1.4371607710084276e-06
18,merged_z_m0p038_dedup_filtered,98,-0.0014021345414221287,-0.00040538940811529756,-0.0009967451333068311,0.0009967451333068311,9.935008607708525e-07
18,merged_z_m0p038_dedup_filtered,99,-0.001533869537524879,-0.0002708356478251517,-0.0012630338896997273,0.0012630338896997273,1.595254606530023e-06
18,merged_z_m0p038_dedup_filtered,100,-0.0013897190801799297,-0.000311625306494534,-0.0010780937736853957,0.0010780937736853957,1.1622861848592172e-06
18,merged_z_m0p038_dedup_filtered,101,-0.0011958753457292914,-0.00046654770267196,-0.0007293276430573314,0.0007293276430573314,5.319188109275623e-07
18,merged_z_m0p038_dedup_filtered,102,-0.0009622999932616949,-0.0005277741001918912,-0.0004345258930698037,0.0004345258930698037,1.888127517481105e-07
18,merged_z_m0p038_dedup_filtered,103,-0.0012167503591626883,-0.0003524541389197111,-0.0008642962202429771,0.0008642962202429771,7.470079563262969e-07
18,merged_z_m0p038_dedup_filtered,104,-0.0010380069725215435,-0.00039330110303126276,-0.0006447058694902807,0.0006447058694902807,4.156456581552189e-07
18,merged_z_m0p038_dedup_filtered,105,-0.0007436652085743845,-0.0005890292231924832,-0.00015463598538190126,0.00015463598538190126,2.391228797503158e-08
18,merged_z_m0p038_dedup_filtered,106,-0.0005785308894701302,-0.0006503114709630609,7.178058149293065e-05,7.178058149293065e-05,5.152451879463258e-09
18,merged_z_m0p038_dedup_filtered,107,-0.0008764155209064484,-0.000434155750554055,-0.0004422597703523934,0.0004422597703523934,1.9559370447215174e-07
18,merged_z_m0p038_dedup_filtered,108,-0.0010776396375149488,-0.0045955488458275795,0.0035179092083126307,0.0035179092083126307,1.23756851979308e-05
18,merged_z_m0p038_dedup_filtered,109,-0.001191945862956345,-0.000195943663129583,-0.000996002199826762,0.000996002199826762,9.920203820597493e-07
18,merged_z_m0p038_dedup_filtered,110,-0.0012682946398854256,-0.00017551530618220568,-0.0010927793337032199,0.0010927793337032199,1.1941666721688532e-06
18,merged_z_m0p038_dedup_filtered,111,-0.0013135068584233522,-0.0001550936867715791,-0.0011584131716517732,0.0011584131716517732,1.3419210762563205e-06
18,merged_z_m0p038_dedup_filtered,112,-0.0016634204657748342,-0.00018960496527142823,-0.001473815500503406,0.001473815500503406,2.172132129524105e-06
18,merged_z_m0p038_dedup_filtered,113,-0.0007514882017858326,-0.00047501467633992434,-0.0002764735254459083,0.0002764735254459083,7.643761027248931e-08
18,merged_z_m0p038_dedup_filtered,114,-0.0004945889813825488,-0.0007115888292901218,0.00021699984790757298,0.00021699984790757298,4.708893399190981e-08
18,merged_z_m0p038_dedup_filtered,115,-0.0005038430099375546,-0.0007728756172582507,0.0002690326073206961,0.0002690326073206961,7.237854380177187e-08
18,merged_z_m0p038_dedup_filtered,116,-0.0006767654558643699,-0.0005158754647709429,-0.00016088999109342694,0.00016088999109342694,2.5885589234043e-08
18,merged_z_m0p038_dedup_filtered,117,-0.0006583771901205182,-0.0005567368352785707,-0.00010164035484194756,0.00010164035484194756,1.0330761732397012e-08
18,merged_z_m0p038_dedup_filtered,118,-0.0006010602228343487,-0.0008341713109984994,0.00023311108816415071,0.00023311108816415071,5.434077942507445e-08
18,merged_z_m0p038_dedup_filtered,119,-0.0007657188689336181,-0.0008954599034041166,0.00012974103447049856,0.00012974103447049856,1.6832736025475096e-08
18,merged_z_m0p038_dedup_filtered,120,-0.0006084158667363226,-0.00027767239953391254,-0.0003307434672024101,0.0003307434672024101,1.0939124109707173e-07
18,merged_z_m0p038_dedup_filtered,121,-0.000774068059399724,-0.00025723950238898396,-0.00051682855701074,0.00051682855701074,2.6711175734180377e-07
18,merged_z_m0p038_dedup_filtered,122,-2.6310881366953254e-06,0.000771452090702951,-0.0007740831788396463,0.0007740831788396463,5.992047677624918e-07
18,merged_z_m0p038_dedup_filtered,123,0.00020922845578752458,0.0008390358416363597,-0.0006298073858488351,0.0006298073858488351,3.9665734326974347e-07
18,merged_z_m0p038_dedup_filtered,124,0.0004815685097128153,0.0009618177427910268,-0.00048024923307821155,0.00048024923307821155,2.3063932587221036e-07
18,merged_z_m0p038_dedup_filtered,125,0.000504436728078872,0.0010490822605788708,-0.0005446455324999988,0.0005446455324999988,2.9663875607220726e-07
18,merged_z_m0p038_dedup_filtered,126,0.00041419907938688993,-0.02128705382347107,0.02170125290285796,0.02170125290285796,0.000470944377553801
18,merged_z_m0p038_dedup_filtered,127,0.0002691493427846581,0.0011778248008340597,-0.0009086754580494016,0.0009086754580494016,8.256910880612899e-07
19,merged_z_m0p040_dedup_filtered,0,-0.001443621818907559,-0.001447714283131063,4.0924642235040665e-06,4.0924642235040665e-06,1.6748263420660742e-11
19,merged_z_m0p040_dedup_filtered,1,-0.0014808948617428541,-0.001375006278976798,-0.00010588858276605606,0.00010588858276605606,1.1212391960203905e-08
19,merged_z_m0p040_dedup_filtered,2,-0.0015246928669512272,-0.0013246310409158468,-0.00020006182603538036,0.00020006182603538036,4.0024734236610796e-08
19,merged_z_m0p040_dedup_filtered,3,-0.001524788560345769,-0.0008837009663693607,-0.0006410875939764082,0.0006410875939764082,4.1099330315046007e-07
19,merged_z_m0p040_dedup_filtered,4,-0.0014319070614874363,-0.0008428021101281047,-0.0005891049513593316,0.0005891049513593316,3.4704464371608046e-07
19,merged_z_m0p040_dedup_filtered,5,-0.001553095760755241,-0.001263270853087306,-0.0002898249076679349,0.0002898249076679349,8.399847710472699e-08
19,merged_z_m0p040_dedup_filtered,6,-0.0015436155954375863,-0.0012019394198432565,-0.00034167617559432983,0.00034167617559432983,1.1674260896876731e-07
19,merged_z_m0p040_dedup_filtered,7,-0.0013158107176423073,-0.0008019231609068811,-0.0005138875567354262,0.0005138875567354262,2.6408042096750587e-07
19,merged_z_m0p040_dedup_filtered,8,-0.0011822819942608476,-0.0007610530010424554,-0.00042122899321839213,0.00042122899321839213,1.7743386472778025e-07
19,merged_z_m0p040_dedup_filtered,9,-0.0014798387419432402,-0.0011406324338167906,-0.0003392063081264496,0.0003392063081264496,1.1506091947277586e-07
19,merged_z_m0p040_dedup_filtered,10,-0.0013563705142587423,-0.0010793345281854272,-0.00027703598607331514,0.00027703598607331514,7.674893757961406e-08
19,merged_z_m0p040_dedup_filtered,11,-0.001040563452988863,-0.0007201872649602592,-0.0003203761880286038,0.0003203761880286038,1.0264090185573929e-07
19,merged_z_m0p040_dedup_filtered,12,-0.0009031323716044426,-0.0006793235661461949,-0.00022380880545824766,0.00022380880545824766,5.009038140064775e-08
19,merged_z_m0p040_dedup_filtered,13,-0.0011814890895038843,-0.0010180397657677531,-0.0001634493237361312,0.0001634493237361312,2.671568142979862e-08
19,merged_z_m0p040_dedup_filtered,14,-0.0009767013834789395,-0.0009567463421262801,-1.9955041352659464e-05,1.9955041352659464e-05,3.9820367538634925e-10
19,merged_z_m0p040_dedup_filtered,15,-0.0007846049848012626,-0.000638460973277688,-0.0001461440115235746,0.0001461440115235746,2.1358072104202703e-08
19,merged_z_m0p040_dedup_filtered,16,-0.00069986138259992,-0.0005975988460704684,-0.00010226253652945161,0.00010226253652945161,1.0457626377437425e-08
19,merged_z_m0p040_dedup_filtered,17,-0.000463227741420269,-0.012447596527636051,0.011984368786215782,0.011984368786215782,0.00014362509520402314
19,merged_z_m0p040_dedup_filtered,18,-0.00010977022611768916,-4.381816864906796e-08,-0.0001097264079490401,0.0001097264079490401,1.203988460139917e-08
19,merged_z_m0p040_dedup_filtered,19,-0.00024083018070086837,-3.940547443903597e-08,-0.00024079077522642933,0.00024079077522642933,5.798019743414481e-08
19,merged_z_m0p040_dedup_filtered,20,-0.0003591944696381688,-3.528859693346931e-08,-0.00035915918104123534,0.00035915918104123534,1.2899531732621087e-07
19,merged_z_m0p040_dedup_filtered,21,-0.00044951605377718806,-3.133590809056841e-08,-0.0004494847178690975,0.0004494847178690975,2.0203651159786216e-07
19,merged_z_m0p040_dedup_filtered,22,-0.0005025992868468165,-2.7436634297828277e-08,-0.0005025718502125187,0.0005025718502125187,2.5257846462603436e-07
19,merged_z_m0p040_dedup_filtered,23,-0.0005170456133782864,-2.3607100274603e-08,-0.0005170220062780118,0.0005170220062780118,2.6731175497574044e-07
19,merged_z_m0p040_dedup_filtered,24,-0.0004991783061996102,-1.99208045614796e-08,-0.0004991583853950488,0.0004991583853950488,2.49159093710192e-07
19,merged_z_m0p040_dedup_filtered,25,-0.000461287098005414,-1.6569588368042787e-08,-0.00046127052841704597,0.00046127052841704597,2.127705003861408e-07
19,merged_z_m0p040_dedup_filtered,26,-0.00041859684279188514,-1.3542215349104936e-08,-0.00041858330057653603,0.00041858330057653603,1.7521197952154672e-07
19,merged_z_m0p040_dedup_filtered,27,-0.00038564589340239763,-1.0667145389220423e-08,-0.0003856352262570084,0.0003856352262570084,1.4871452773029407e-07
19,merged_z_m0p040_dedup_filtered,28,-0.0003728819719981402,-7.969680915209665e-09,-0.000372874002317225,0.000372874002317225,1.390350216040659e-07
19,merged_z_m0p040_dedup_filtered,29,0.0001658299588598311,9.47217849898152e-05,7.110817387001589e-05,7.110817387001589e-05,5.0563723911284105e-09
19,merged_z_m0p040_dedup_filtered,30,-0.0003824382438324392,0.00021143874619156122,-0.0005938769900240004,0.0005938769900240004,3.526898792799667e-07
19,merged_z_m0p040_dedup_filtered,31,-0.000367512897355482,0.00025207229191437364,-0.0006195851892698556,0.0006195851892698556,3.838858067625628e-07
19,merged_z_m0p040_dedup_filtered,32,-0.0008611362427473068,0.00037894511478953063,-0.0012400813575368375,0.0012400813575368375,1.5378017733104057e-06
19,merged_z_m0p040_dedup_filtered,33,-0.0006935789715498686,-0.0008117383113130927,0.00011815933976322412,0.00011815933976322412,1.3961629573281038e-08
19,merged_z_m0p040_dedup_filtered,34,-0.0007473778096027672,0.0004891888820566237,-0.001236566691659391,0.001236566691659391,1.5290971829214512e-06
19,merged_z_m0p040_dedup_filtered,35,-0.00029000334325246513,0.0003336321096867323,-0.0006236354529391974,0.0006236354529391974,3.889211781626779e-07
19,merged_z_m0p040_dedup_filtered,36,-0.00022450595861300826,0.00037446481292136014,-0.0005989707715343684,0.0005989707715343684,3.5876598515247654e-07
19,merged_z_m0p040_dedup_filtered,37,-0.00014086635201238096,0.0004153090703766793,-0.0005561754223890603,0.0005561754223890603,3.093311004696496e-07
19,merged_z_m0p040_dedup_filtered,38,-0.0004622262786142528,0.0006241575465537608,-0.0010863838251680136,0.0010863838251680136,1.180229815586685e-06
19,merged_z_m0p040_dedup_filtered,39,-4.143350088270381e-05,0.0004561584210023284,-0.0004975919218850322,0.0004975919218850322,2.4759772072524e-07
19,merged_z_m0p040_dedup_filtered,40,6.877294072182849e-05,0.0004970102454535663,-0.0004282373047317378,0.0004282373047317378,1.8338718916390328e-07
19,merged_z_m0p040_dedup_filtered,41,0.00018222149810753763,0.0005378634086810052,-0.0003556419105734676,0.0003556419105734676,1.2648116855634633e-07
19,merged_z_m0p040_dedup_filtered,42,0.0002896634687203914,0.0005787170375697315,-0.0002890535688493401,0.0002890535688493401,8.355196566454019e-08
19,merged_z_m0p040_dedup_filtered,43,0.00038144871359691024,0.0006195716559886932,-0.000238122942391783,0.000238122942391783,5.6702535693320405e-08
19,merged_z_m0p040_dedup_filtered,44,0.0004491291183512658,0.0006604263326153159,-0.00021129721426405013,0.00021129721426405013,4.464651275574791e-08
19,merged_z_m0p040_dedup_filtered,45,0.0004870249249506742,0.0007012812420725822,-0.00021425631712190807,0.00021425631712190807,4.5905769426643637e-08
19,merged_z_m0p040_dedup_filtered,46,0.0004934195312671363,0.0007421369664371014,-0.00024871743516996503,0.00024871743516996503,6.186036255752576e-08
19,merged_z_m0p040_dedup_filtered,47,0.0004711056826636195,0.0007829946698620915,-0.000311888987198472,0.000311888987198472,9.727474033568865e-08
19,merged_z_m0p040_dedup_filtered,48,0.00042712694266811013,0.0008238583686761558,-0.0003967314260080457,0.0003967314260080457,1.5739582438237742e-07
19,merged_z_m0p040_dedup_filtered,49,0.0003717172658070922,0.0008647360373288393,-0.0004930187715217471,0.0004930187715217471,2.430675090728127e-07
19,merged_z_m0p040_dedup_filtered,50,0.0003166075039189309,0.0009056436247192323,-0.0005890361208003014,0.0005890361208003014,3.469635516074673e-07
19,merged_z_m0p040_dedup_filtered,51,0.00027299911016598344,0.0009466128540225327,-0.0006736137438565493,0.0006736137438565493,4.5375547591243676e-07
19,merged_z_m0p040_dedup_filtered,52,0.0002495844382792711,0.0009877001866698265,-0.0007381157483905554,0.0007381157483905554,5.448148580221497e-07
19,merged_z_m0p040_dedup_filtered,53,-0.000383722159313038,0.0014846447156742215,-0.0018683668749872595,0.0018683668749872595,3.490794779549658e-06
19,merged_z_m0p040_dedup_filtered,54,-0.0002450326574034989,0.0013856397708877921,-0.001630672428291291,0.001630672428291291,2.6590925683894156e-06
19,merged_z_m0p040_dedup_filtered,55,0.0007970655569806695,0.00046105115325190127,0.00033601440372876823,0.00033601440372876823,1.1290567951319965e-07
19,merged_z_m0p040_dedup_filtered,56,0.0008296656305901706,0.0004815375432372093,0.0003481280873529613,0.0003481280873529613,1.2119316520403105e-07
19,merged_z_m0p040_dedup_filtered,57,0.0008413208415731788,0.0005020664539188147,0.0003392543876543641,0.0003392543876543641,1.1509353954273756e-07
19,merged_z_m0p040_dedup_filtered,58,-6.248913996387273e-05,-8.765365322460639e-08,-6.240148631064812e-05,6.240148631064812e-05,3.893945493778005e-09
19,merged_z_m0p040_dedup_filtered,59,-3.017590643139556e-05,-8.278884422452393e-08,-3.0093117587171037e-05,3.0093117587171037e-05,9.055957261153028e-10
19,merged_z_m0p040_dedup_filtered,60,2.7727277483791113e-05,-7.802069035278691e-08,2.78052981741439e-05,2.78052981741439e-05,7.7313460655305e-10
19,merged_z_m0p040_dedup_filtered,61,9.674949251348153e-05,-7.334247698054241e-08,9.682283499046207e-05,9.682283499046207e-05,9.374661375590247e-09
19,merged_z_m0p040_dedup_filtered,62,0.00015900783182587475,-6.88823433847574e-08,0.0001590767141692595,0.0001590767141692595,2.5305400990888287e-08
19,merged_z_m0p040_dedup_filtered,63,0.00019706042075995356,-6.451631406889646e-08,0.00019712493707402245,0.00019712493707402245,3.885824081643731e-08
19,merged_z_m0p040_dedup_filtered,64,0.00019766800687648356,-6.008493613762766e-08,0.0001977280918126212,0.0001977280918126212,3.909639829186035e-08
19,merged_z_m0p040_dedup_filtered,65,0.00015465736214537174,-5.5533046605660275e-08,0.0001547128951919774,0.0001547128951919774,2.3936079938683784e-08
19,merged_z_m0p040_dedup_filtered,66,7.027792889857665e-05,-5.0840792908957155e-08,7.03287696914856e-05,7.03287696914856e-05,4.946135846318024e-09
19,merged_z_m0p040_dedup_filtered,67,-0.00033743400126695633,-0.0003287561412435025,-8.677860023453832e-06,8.677860023453832e-06,7.530525458665814e-11
19,merged_z_m0p040_dedup_filtered,68,-0.000335660733981058,-0.0003491897659841925,1.3529032003134489e-05,1.3529032003134489e-05,1.830347069418372e-10
19,merged_z_m0p040_dedup_filtered,69,-0.00040854531107470393,-0.00036962368176318705,-3.892162931151688e-05,3.892162931151688e-05,1.51489322826313e-09
19,merged_z_m0p040_dedup_filtered,70,-0.0005490199546329677,-0.00039005829603411257,-0.00015896165859885514,0.00015896165859885514,2.5268808904498976e-08
19,merged_z_m0p040_dedup_filtered,71,-0.0007381781470030546,-0.00041049456922337413,-0.0003276835777796805,0.0003276835777796805,1.0737652714649191e-07
19,merged_z_m0p040_dedup_filtered,72,-0.0009479238069616258,-0.00043093538261018693,-0.0005169884243514389,0.0005169884243514389,2.6727703091338344e-07
19,merged_z_m0p040_dedup_filtered,73,-0.001145523739978671,-0.00045138722634874284,-0.0006941365136299282,0.0006941365136299282,4.818254995543115e-07
19,merged_z_m0p040_dedup_filtered,74,-0.0012992352712899446,-0.000471863808343187,-0.0008273714629467577,0.0008273714629467577,6.84543537698658e-07
19,merged_z_m0p040_dedup_filtered,75,-0.0013839340535923839,-0.0004923840169794858,-0.0008915500366128981,0.0008915500366128981,7.9486146778446e-07
19,merged_z_m0p040_dedup_filtered,76,-0.0016413718694821,-0.0009862297447398305,-0.0006551421247422695,0.0006551421247422695,4.2921120361181543e-07
19,merged_z_m0p040_dedup_filtered,77,-0.0016149426810443401,-0.0009451392688788474,-0.0006698034121654928,0.0006698034121654928,4.48636610948537e-07
19,merged_z_m0p040_dedup_filtered,78,0.0007453433354385197,0.0004405994259286672,0.00030474390950985253,0.00030474390950985253,9.286885038334919e-08
19,merged_z_m0p040_dedup_filtered,79,0.0006774321082048118,0.0004201637639198452,0.0002572683442849666,0.0002572683442849666,6.61870009711281e-08
19,merged_z_m0p040_dedup_filtered,80,0.0005972519866190851,0.0003997348539996892,0.00019751713261939585,0.00019751713261939585,3.901301767818801e-08
19,merged_z_m0p040_dedup_filtered,81,0.000509511330164969,0.00037930873804725707,0.0001302025921177119,0.0001302025921177119,1.6952714994171253e-08
19,merged_z_m0p040_dedup_filtered,82,0.00041942455573007464,0.00035888361162506044,6.0540944105014205e-05,6.0540944105014205e-05,3.6652059131264542e-09
19,merged_z_m0p040_dedup_filtered,83,0.0003323442651890218,0.0003384589799679816,-6.114714778959751e-06,6.114714778959751e-06,3.73897368280288e-11
19,merged_z_m0p040_dedup_filtered,84,0.0002533295482862741,0.0003180345520377159,-6.470500375144184e-05,6.470500375144184e-05,4.186737510474102e-09
19,merged_z_m0p040_dedup_filtered,85,0.00018668832490220666,0.00029760986217297614,-0.00011092153727076948,0.00011092153727076948,1.2303587430510702e-08
19,merged_z_m0p040_dedup_filtered,86,0.00013554797624237835,0.00027718511410057545,-0.0001416371378581971,0.0001416371378581971,2.0061078820661928e-08
19,merged_z_m0p040_dedup_filtered,87,0.00010151606693398207,0.00025676030782051384,-0.00015524424088653177,0.00015524424088653177,2.4100774328435503e-08
19,merged_z_m0p040_dedup_filtered,88,8.449179586023092e-05,0.00023633554519619793,-0.000151843749335967,0.000151843749335967,2.305652421240398e-08
19,merged_z_m0p040_dedup_filtered,89,8.267093653557822e-05,0.0002159112336812541,-0.00013324029714567587,0.00013324029714567587,1.7752976783468e-08
19,merged_z_m0p040_dedup_filtered,90,9.276507626054808e-05,0.0001954879699042067,-0.00010272289364365861,0.00010272289364365861,1.0551992878526398e-08
19,merged_z_m0p040_dedup_filtered,91,0.00011042070400435477,0.0001750672236084938,-6.464651960413903e-05,6.464651960413903e-05,4.179172496928332e-09
19,merged_z_m0p040_dedup_filtered,92,0.00013079270138405263,0.0001546525745652616,-2.3859873181208968e-05,2.3859873181208968e-05,5.69293548223375e-10
19,merged_z_m0p040_dedup_filtered,93,0.0001491988659836352,0.00013425250654108822,1.4946359442546964e-05,1.4946359442546964e-05,2.2339366058581278e-10
19,merged_z_m0p040_dedup_filtered,94,-0.0013346747728064656,-0.0001346870994893834,-0.0011999876733170822,0.0011999876733170822,1.4399704161129445e-06
19,merged_z_m0p040_dedup_filtered,95,-0.0013429810060188174,-0.00011431432358222082,-0.0012286666824365966,0.0012286666824365966,1.5096218165297525e-06
19,merged_z_m0p040_dedup_filtered,96,-0.0016266105230897665,-0.00023012967722024769,-0.0013964808458695188,0.0013964808458695188,1.9501587528804466e-06
19,merged_z_m0p040_dedup_filtered,97,-0.0015389074105769396,-0.00034439569571986794,-0.0011945117148570716,0.0011945117148570716,1.426858236930782e-06
19,merged_z_m0p040_dedup_filtered,98,-0.0013976279878988862,-0.00040538940811529756,-0.0009922385797835886,0.0009922385797835886,9.84537399210953e-07
19,merged_z_m0p040_dedup_filtered,99,-0.0015308588044717908,-0.0002708356478251517,-0.0012600231566466391,0.0012600231566466391,1.5876583552857608e-06
19,merged_z_m0p040_dedup_filtered,100,-0.0013866627123206854,-0.000311625306494534,-0.0010750374058261514,0.0010750374058261514,1.1557054239254213e-06
19,merged_z_m0p040_dedup_filtered,101,-0.0011912176851183176,-0.00046654770267196,-0.0007246699824463576,0.0007246699824463576,5.251465834588042e-07
19,merged_z_m0p040_dedup_filtered,102,-0.0009577675373293459,-0.0005277741001918912,-0.00042999343713745475,0.00042999343713745475,1.8489435598128225e-07
19,merged_z_m0p040_dedup_filtered,103,-0.0012138460297137499,-0.0003524541389197111,-0.0008613918907940388,0.0008613918907940388,7.419959895257292e-07
19,merged_z_m0p040_dedup_filtered,104,-0.00103559042327106,-0.00039330110303126276,-0.0006422893202397972,0.0006422893202397972,4.125355708941008e-07
19,merged_z_m0p040_dedup_filtered,105,-0.0007397575536742806,-0.0005890292231924832,-0.00015072833048179746,0.00015072833048179746,2.2719029609829952e-08
19,merged_z_m0p040_dedup_filtered,106,-0.0005759011837653816,-0.0006503114709630609,7.441028719767928e-05,7.441028719767928e-05,5.536890840841113e-09
19,merged_z_m0p040_dedup_filtered,107,-0.0008749094558879733,-0.000434155750554055,-0.00044075370533391833,0.00044075370533391833,1.942638287655785e-07
19,merged_z_m0p040_dedup_filtered,108,-0.0010788354557007551,-0.004837420303374529,0.0037585848476737738,0.0037585848476737738,1.4126960057162885e-05
19,merged_z_m0p040_dedup_filtered,109,-0.0011924759019166231,-0.000195943663129583,-0.0009965322387870401,0.0009965322387870401,9.930765029419103e-07
19,merged_z_m0p040_dedup_filtered,110,-0.0012681873049587011,-0.00017551530618220568,-0.0010926719987764955,0.0010926719987764955,1.1939320969102217e-06
19,merged_z_m0p040_dedup_filtered,111,-0.0013128381688147783,-0.0001550936867715791,-0.0011577444820431992,0.0011577444820431992,1.3403722857014757e-06
19,merged_z_m0p040_dedup_filtered,112,-0.0016605566488578916,-0.00018960496527142823,-0.0014709516835864633,0.0014709516835864633,2.163698855445851e-06
19,merged_z_m0p040_dedup_filtered,113,-0.0007513187592849135,-0.00047501467633992434,-0.0002763040829449892,0.0002763040829449892,7.634394625207147e-08
19,merged_z_m0p040_dedup_filtered,114,-0.0004939218051731586,-0.0007115888292901218,0.00021766702411696315,0.00021766702411696315,4.737893338793462e-08
19,merged_z_m0p040_dedup_filtered,115,-0.0005057035014033318,-0.0007728756172582507,0.00026717211585491896,0.00026717211585491896,7.138093949039424e-08
19,merged_z_m0p040_dedup_filtered,116,-0.0006782604614272714,-0.0005158754647709429,-0.00016238499665632844,0.00016238499665632844,2.63688871390758e-08
19,merged_z_m0p040_dedup_filtered,117,-0.0006616713362745941,-0.0005567368352785707,-0.00010493450099602342,0.00010493450099602342,1.101124949928444e-08
19,merged_z_m0p040_dedup_filtered,118,-0.0006057514110580087,-0.0008341713109984994,0.00022841989994049072,0.00022841989994049072,5.2175650688823794e-08
19,merged_z_m0p040_dedup_filtered,119,-0.0007731787045486271,-0.0008954599034041166,0.0001222811988554895,0.0001222811988554895,1.4952691593535765e-08
19,merged_z_m0p040_dedup_filtered,120,-0.0006108833476901054,-0.00027767239953391254,-0.0003332109481561929,0.0003332109481561929,1.1102953597114907e-07
19,merged_z_m0p040_dedup_filtered,121,-0.0007762936875224113,-0.00025723950238898396,-0.0005190541851334274,0.0005190541851334274,2.694172471045263e-07
19,merged_z_m0p040_dedup_filtered,122,-2.876331564038992e-06,0.000771452090702951,-0.00077432842226699,0.00077432842226699,5.995845055304859e-07
19,merged_z_m0p040_dedup_filtered,123,0.0002104940649587661,0.0008390358416363597,-0.0006285417766775936,0.0006285417766775936,3.9506476502902593e-07
19,merged_z_m0p040_dedup_filtered,124,0.0004853522405028343,0.0009618177427910268,-0.0004764655022881925,0.0004764655022881925,2.2701937487073958e-07
19,merged_z_m0p040_dedup_filtered,125,0.0005097530083730817,0.0010490822605788708,-0.0005393292522057891,0.0005393292522057891,2.9087604228485566e-07
19,merged_z_m0p040_dedup_filtered,126,0.00041992953629232943,-0.022407425567507744,0.022827355103800073,0.022827355103800073,0.0005210881410349872
19,merged_z_m0p040_dedup_filtered,127,0.0002749575360212475,0.0011778248008340597,-0.0009028672648128122,0.0009028672648128122,8.151692978705688e-07
20,merged_z_m0p042_dedup_filtered,0,-0.0014443545369431376,-0.001447714283131063,3.3597461879253387e-06,3.3597461879253387e-06,1.1287894447278846e-11
20,merged_z_m0p042_dedup_filtered,1,-0.001483045518398285,-0.001375006278976798,-0.00010803923942148685,0.00010803923942148685,1.167247725477336e-08
20,merged_z_m0p042_dedup_filtered,2,-0.0015289094299077988,-0.0013246310409158468,-0.00020427838899195194,0.00020427838899195194,4.172966020914723e-08
20,merged_z_m0p042_dedup_filtered,3,-0.0015249713324010372,-0.0008837009663693607,-0.0006412703660316765,0.0006412703660316765,4.112276823504004e-07
20,merged_z_m0p042_dedup_filtered,4,-0.0014340148773044348,-0.0008428021101281047,-0.0005912127671763301,0.0005912127671763301,3.495325360722935e-07
20,merged_z_m0p042_dedup_filtered,5,-0.001559619209729135,-0.001263270853087306,-0.000296348356641829,0.000296348356641829,8.782234848431268e-08
20,merged_z_m0p042_dedup_filtered,6,-0.001552247442305088,-0.0012019394198432565,-0.00035030802246183157,0.00035030802246183157,1.227157106011191e-07
20,merged_z_m0p042_dedup_filtered,7,-0.0013197635998949409,-0.0008019231609068811,-0.0005178404389880598,0.0005178404389880598,2.6815872025134644e-07
20,merged_z_m0p042_dedup_filtered,8,-0.001187693327665329,-0.0007610530010424554,-0.00042664032662287354,0.00042664032662287354,1.8202196830087222e-07
20,merged_z_m0p042_dedup_filtered,9,-0.0014899758389219642,-0.0011406324338167906,-0.0003493434051051736,0.0003493434051051736,1.2204081469047742e-07
20,merged_z_m0p042_dedup_filtered,10,-0.0013671189080923796,-0.0010793345281854272,-0.0002877843799069524,0.0002877843799069524,8.28198493184291e-08
20,merged_z_m0p042_dedup_filtered,11,-0.0010468177497386932,-0.0007201872649602592,-0.00032663048477843404,0.00032663048477843404,1.0668747358659483e-07
20,merged_z_m0p042_dedup_filtered,12,-0.0009094994165934622,-0.0006793235661461949,-0.0002301758504472673,0.0002301758504472673,5.298092212912276e-08
20,merged_z_m0p042_dedup_filtered,13,-0.001191827584989369,-0.0010180397657677531,-0.0001737878192216158,0.0001737878192216158,3.020220610980501e-08
20,merged_z_m0p042_dedup_filtered,14,-0.0009856631513684988,-0.0009567463421262801,-2.8916809242218733e-05,2.8916809242218733e-05,8.361818567508667e-10
20,merged_z_m0p042_dedup_filtered,15,-0.0007903696387074888,-0.000638460973277688,-0.00015190866542980075,0.00015190866542980075,2.307624263266314e-08
20,merged_z_m0p042_dedup_filtered,16,-0.0007044412195682526,-0.0005975988460704684,-0.00010684237349778414,0.00010684237349778414,1.1415292774640006e-08
20,merged_z_m0p042_dedup_filtered,17,-0.0004655076190829277,-0.013069975189864635,0.012604467570781708,0.012604467570781708,0.00015887260274288773
20,merged_z_m0p042_dedup_filtered,18,-0.0001139503438025713,-4.381816864906796e-08,-0.00011390652563392223,0.00011390652563392223,1.2974696581991381e-08
20,merged_z_m0p042_dedup_filtered,19,-0.00024541342281736434,-3.940547443903597e-08,-0.0002453740173429253,0.0002453740173429253,6.020840838700621e-08
20,merged_z_m0p042_dedup_filtered,20,-0.0003638064081314951,-3.528859693346931e-08,-0.00036377111953456165,0.00036377111953456165,1.3232942740742833e-07
20,merged_z_m0p042_dedup_filtered,21,-0.0004537510103546083,-3.133590809056841e-08,-0.00045371967444651773,0.00045371967444651773,2.0586154297985404e-07
20,merged_z_m0p042_dedup_filtered,22,-0.000506078009493649,-2.7436634297828277e-08,-0.0005060505728593512,0.0005060505728593512,2.560871822912775e-07
20,merged_z_m0p042_dedup_filtered,23,-0.0005194749101065099,-2.3607100274603e-08,-0.0005194513030062353,0.0005194513030062353,2.698296561948757e-07
20,merged_z_m0p042_dedup_filtered,24,-0.0005004008999094367,-1.99208045614796e-08,-0.0005003809791048752,0.0005003809791048752,2.503811242499536e-07
20,merged_z_m0p042_dedup_filtered,25,-0.00046131262206472456,-1.6569588368042787e-08,-0.0004612960524763565,0.0004612960524763565,2.1279404803026947e-07
20,merged_z_m0p042_dedup_filtered,26,-0.0004176072252448648,-1.3542215349104936e-08,-0.0004175936830295157,0.0004175936830295157,1.7438448410615564e-07
20,merged_z_m0p042_dedup_filtered,27,-0.00038397262687794864,-1.0667145389220423e-08,-0.0003839619597325594,0.0003839619597325594,1.4742678652166759e-07
20,merged_z_m0p042_dedup_filtered,28,-0.00037095899460837245,-7.969680915209665e-09,-0.00037095102492745724,0.00037095102492745724,1.37604662894731e-07
20,merged_z_m0p042_dedup_filtered,29,0.00016710403724573553,9.47217849898152e-05,7.238225225592032e-05,7.238225225592032e-05,5.239190441639682e-09
20,merged_z_m0p042_dedup_filtered,30,-0.0003849299973808229,0.00021143874619156122,-0.0005963687435723841,0.0005963687435723841,3.5565567831010404e-07
20,merged_z_m0p042_dedup_filtered,31,-0.00037013745168223977,0.00025207229191437364,-0.0006222097435966134,0.0006222097435966134,3.871449650265634e-07
20,merged_z_m0p042_dedup_filtered,32,-0.0008659503655508161,0.00037894511478953063,-0.0012448954803403467,0.0012448954803403467,1.5497647569718225e-06
20,merged_z_m0p042_dedup_filtered,33,-0.0006977602024562657,-0.0008523251162841916,0.00015456491382792592,0.00015456491382792592,2.3890312586634165e-08
20,merged_z_m0p042_dedup_filtered,34,-0.0007517055491916835,0.0004891888820566237,-0.0012408944312483072,0.0012408944312483072,1.5398189895030599e-06
20,merged_z_m0p042_dedup_filtered,35,-0.0002930824994109571,0.0003336321096867323,-0.0006267146090976894,0.0006267146090976894,3.927712012564696e-07
20,merged_z_m0p042_dedup_filtered,36,-0.00022775473189540207,0.00037446481292136014,-0.0006022195448167622,0.0006022195448167622,3.6266838015930827e-07
20,merged_z_m0p042_dedup_filtered,37,-0.00014414014003705233,0.0004153090703766793,-0.0005594492104137316,0.0005594492104137316,3.1298341903254777e-07
20,merged_z_m0p042_dedup_filtered,38,-0.0004651699564419687,0.0006241575465537608,-0.0010893275029957294,0.0010893275029957294,1.186634408782911e-06
20,merged_z_m0p042_dedup_filtered,39,-4.453174187801778e-05,0.0004561584210023284,-0.0005006901628803462,0.0005006901628803462,2.506906392051476e-07
20,merged_z_m0p042_dedup_filtered,40,6.607144314330071e-05,0.0004970102454535663,-0.0004309388023102656,0.0004309388023102656,1.8570825133660618e-07
20,merged_z_m0p042_dedup_filtered,41,0.00018011772772297263,0.0005378634086810052,-0.0003577456809580326,0.0003577456809580326,1.2798197224412645e-07
20,merged_z_m0p042_dedup_filtered,42,0.00028830039082095027,0.0005787170375697315,-0.0002904166467487812,0.0002904166467487812,8.434182870880637e-08
20,merged_z_m0p042_dedup_filtered,43,0.00038088479777798057,0.0006195716559886932,-0.00023868685821071267,0.00023868685821071267,5.6971416282500855e-08
20,merged_z_m0p042_dedup_filtered,44,0.00044932824675925076,0.0006604263326153159,-0.00021109808585606515,0.00021109808585606515,4.4562401852094655e-08
20,merged_z_m0p042_dedup_filtered,45,0.00048786509432829916,0.0007012812420725822,-0.00021341614774428308,0.00021341614774428308,4.5546452118009664e-08
20,merged_z_m0p042_dedup_filtered,46,0.0004947184352204204,0.0007421369664371014,-0.000247418531216681,0.000247418531216681,6.121592958941975e-08
20,merged_z_m0p042_dedup_filtered,47,0.0004726565384771675,0.0007829946698620915,-0.00031033813138492405,0.00031033813138492405,9.630975579148638e-08
20,merged_z_m0p042_dedup_filtered,48,0.0004287381889298558,0.0008238583686761558,-0.0003951201797463,0.0003951201797463,1.561199564427484e-07
20,merged_z_m0p042_dedup_filtered,49,0.0003732461773324758,0.0008647360373288393,-0.0004914898599963635,0.0004914898599963635,2.41562282479245e-07
20,merged_z_m0p042_dedup_filtered,50,0.0003179814084433019,0.0009056436247192323,-0.0005876622162759304,0.0005876622162759304,3.453468804383384e-07
20,merged_z_m0p042_dedup_filtered,51,0.00027421992854215205,0.0009466128540225327,-0.0006723929254803807,0.0006723929254803807,4.5211224623606473e-07
20,merged_z_m0p042_dedup_filtered,52,0.00025071477284654975,0.0009877001866698265,-0.0007369854138232768,0.0007369854138232768,5.431475001882665e-07
20,merged_z_m0p042_dedup_filtered,53,-0.00037923851050436497,0.0014846447156742215,-0.0018638832261785865,0.0018638832261785865,3.4740606808298958e-06
20,merged_z_m0p042_dedup_filtered,54,-0.00024028235930018127,0.0013856397708877921,-0.0016259221301879734,0.0016259221301879734,2.643622773434997e-06
20,merged_z_m0p042_dedup_filtered,55,0.0007950299186632037,0.00046105115325190127,0.00033397876541130245,0.00033397876541130245,1.1154181574565779e-07
20,merged_z_m0p042_dedup_filtered,56,0.0008276388980448246,0.0004815375432372093,0.0003461013548076153,0.0003461013548076153,1.197861477996668e-07
20,merged_z_m0p042_dedup_filtered,57,0.0008392924210056663,0.0005020664539188147,0.0003372259670868516,0.0003372259670868516,1.1372135287766232e-07
20,merged_z_m0p042_dedup_filtered,58,-6.058897270122543e-05,-8.765365322460639e-08,-6.050131904800082e-05,6.050131904800082e-05,3.6604096065479874e-09
20,merged_z_m0p042_dedup_filtered,59,-2.840021625161171e-05,-8.278884422452393e-08,-2.8317427407387186e-05,2.8317427407387186e-05,8.01876694972643e-10
20,merged_z_m0p042_dedup_filtered,60,2.9238341085147113e-05,-7.802069035278691e-08,2.93163617754999e-05,2.93163617754999e-05,8.594490677519916e-10
20,merged_z_m0p042_dedup_filtered,61,9.783872519619763e-05,-7.334247698054241e-08,9.791206767317817e-05,9.791206767317817e-05,9.586772996037021e-09
20,merged_z_m0p042_dedup_filtered,62,0.00015950563829392195,-6.88823433847574e-08,0.0001595745206373067,0.0001595745206373067,2.5464027636626222e-08
20,merged_z_m0p042_dedup_filtered,63,0.00019680160039570183,-6.451631406889646e-08,0.00019686611670977072,0.00019686611670977072,3.875626790838507e-08
20,merged_z_m0p042_dedup_filtered,64,0.00019651849288493395,-6.008493613762766e-08,0.00019657857782107158,0.00019657857782107158,3.864313725815509e-08
20,merged_z_m0p042_dedup_filtered,65,0.0001525459229014814,-5.5533046605660275e-08,0.00015260145594808705,0.00015260145594808705,2.3287204357475953e-08
20,merged_z_m0p042_dedup_filtered,66,6.722554826410487e-05,-5.0840792908957155e-08,6.727638905701383e-05,6.727638905701383e-05,4.5261125245506906e-09
20,merged_z_m0p042_dedup_filtered,67,-0.000339152873493731,-0.0003287561412435025,-1.0396732250228524e-05,1.0396732250228524e-05,1.0809204148294187e-10
20,merged_z_m0p042_dedup_filtered,68,-0.0003366335295140743,-0.0003491897659841925,1.2556236470118165e-05,1.2556236470118165e-05,1.5765907429352548e-10
20,merged_z_m0p042_dedup_filtered,69,-0.0004085184773430228,-0.00036962368176318705,-3.889479557983577e-05,3.889479557983577e-05,1.5128051231972123e-09
20,merged_z_m0p042_dedup_filtered,70,-0.0005478142993524671,-0.00039005829603411257,-0.0001577560033183545,0.0001577560033183545,2.4886956582980672e-08
20,merged_z_m0p042_dedup_filtered,71,-0.0007357170688919723,-0.00041049456922337413,-0.0003252224996685982,0.0003252224996685982,1.0576967429069134e-07
20,merged_z_m0p042_dedup_filtered,72,-0.0009442501468583941,-0.00043093538261018693,-0.0005133147642482072,0.0005133147642482072,2.6349204719519255e-07
20,merged_z_m0p042_dedup_filtered,73,-0.001140802982263267,-0.00045138722634874284,-0.0006894157559145242,0.0006894157559145242,4.752940845031948e-07
20,merged_z_m0p042_dedup_filtered,74,-0.0012937431456521153,-0.000471863808343187,-0.0008218793373089284,0.0008218793373089284,6.754856450953633e-07
20,merged_z_m0p042_dedup_filtered,75,-0.0013780294684693217,-0.0004923840169794858,-0.000885645451489836,0.000885645451489836,7.843678657446354e-07
20,merged_z_m0p042_dedup_filtered,76,-0.0016384479822590947,-0.0009862297447398305,-0.0006522182375192642,0.0006522182375192642,4.2538862935273536e-07
20,merged_z_m0p042_dedup_filtered,77,-0.0016127998242154717,-0.0009451392688788474,-0.0006676605553366244,0.0006676605553366244,4.4577061715240967e-07
20,merged_z_m0p042_dedup_filtered,78,0.0007432526326738298,0.0004405994259286672,0.0003026532067451626,0.0003026532067451626,9.159896355313014e-08
20,merged_z_m0p042_dedup_filtered,79,0.0006751951877959073,0.0004201637639198452,0.00025503142387606204,0.00025503142387606204,6.504102716425162e-08
20,merged_z_m0p042_dedup_filtered,80,0.0005947384634055197,0.0003997348539996892,0.0001950036094058305,0.0001950036094058305,3.8026407681301706e-08
20,merged_z_m0p042_dedup_filtered,81,0.0005065748118795455,0.00037930873804725707,0.00012726607383228838,0.00012726607383228838,1.6196653548685478e-08
20,merged_z_m0p042_dedup_filtered,82,0.00041593649075366557,0.00035888361162506044,5.705287912860513e-05,5.705287912860513e-05,3.2550310168632266e-09
20,merged_z_m0p042_dedup_filtered,83,0.0003282327961642295,0.0003384589799679816,-1.0226183803752065e-05,1.0226183803752065e-05,1.0457483518812105e-10
20,merged_z_m0p042_dedup_filtered,84,0.00024861376732587814,0.0003180345520377159,-6.942078471183777e-05,6.942078471183777e-05,4.8192453500073285e-09
20,merged_z_m0p042_dedup_filtered,85,0.00018149787501897663,0.00029760986217297614,-0.00011611198715399951,0.00011611198715399951,1.3481993560850547e-08
20,merged_z_m0p042_dedup_filtered,86,0.00013012222188990563,0.00027718511410057545,-0.00014706289221066982,0.00014706289221066982,2.162749426536709e-08
20,merged_z_m0p042_dedup_filtered,87,9.618018520995975e-05,0.00025676030782051384,-0.0001605801226105541,0.0001605801226105541,2.5785975777620588e-08
20,merged_z_m0p042_dedup_filtered,88,7.961200026329607e-05,0.00023633554519619793,-0.00015672354493290186,0.00015672354493290186,2.4562269536335308e-08
20,merged_z_m0p042_dedup_filtered,89,7.85963493399322e-05,0.0002159112336812541,-0.00013731488434132189,0.00013731488434132189,1.8855377461670606e-08
20,merged_z_m0p042_dedup_filtered,90,8.976649405667558e-05,0.0001954879699042067,-0.00010572147584753111,0.00010572147584753111,1.1177030455380104e-08
20,merged_z_m0p042_dedup_filtered,91,0.00010863808711292222,0.0001750672236084938,-6.642913649557158e-05,6.642913649557158e-05,4.4128301755472805e-09
20,merged_z_m0p042_dedup_filtered,92,0.00013020211190450937,0.0001546525745652616,-2.4450462660752237e-05,2.4450462660752237e-05,5.978251243248394e-10
20,merged_z_m0p042_dedup_filtered,93,0.0001496061304351315,0.00013425250654108822,1.5353623894043267e-05,1.5353623894043267e-05,2.3573376667973633e-10
20,merged_z_m0p042_dedup_filtered,94,-0.0013336504343897104,-0.0001346870994893834,-0.001198963334900327,0.001198963334900327,1.4375130784353137e-06
20,merged_z_m0p042_dedup_filtered,95,-0.0013417102163657546,-0.00011431432358222082,-0.0012273958927835338,0.0012273958927835338,1.506500677621888e-06
20,merged_z_m0p042_dedup_filtered,96,-0.0016238929238170385,-0.00023012967722024769,-0.0013937632465967909,0.0013937632465967909,1.9425759875640266e-06
20,merged_z_m0p042_dedup_filtered,97,-0.0015349127352237701,-0.00034439569571986794,-0.0011905170395039022,0.0011905170395039022,1.4173308213491358e-06
20,merged_z_m0p042_dedup_filtered,98,-0.0013934460002928972,-0.00040538940811529756,-0.0009880565921775997,0.0009880565921775997,9.762558293456115e-07
20,merged_z_m0p042_dedup_filtered,99,-0.0015280499355867505,-0.0002708356478251517,-0.0012572142877615988,0.0012572142877615988,1.5805877653519042e-06
20,merged_z_m0p042_dedup_filtered,100,-0.0013838134473189712,-0.000311625306494534,-0.0010721881408244371,0.0010721881408244371,1.149587409324563e-06
20,merged_z_m0p042_dedup_filtered,101,-0.0011868943693116307,-0.00046654770267196,-0.0007203466666396707,0.0007203466666396707,5.188993201388849e-07
20,merged_z_m0p042_dedup_filtered,102,-0.0009535572025924921,-0.0005277741001918912,-0.0004257831024006009,0.0004257831024006009,1.812912502898806e-07
20,merged_z_m0p042_dedup_filtered,103,-0.0012111392570659518,-0.0003524541389197111,-0.0008586851181462407,0.0008586851181462407,7.373401321258234e-07
20,merged_z_m0p042_dedup_filtered,104,-0.0010333360405638814,-0.00039330110303126276,-0.0006400349375326186,0.0006400349375326186,4.0964472126238305e-07
20,merged_z_m0p042_dedup_filtered,105,-0.0007361203897744417,-0.0005890292231924832,-0.00014709116658195853,0.00014709116658195853,2.1635811286441475e-08
20,merged_z_m0p042_dedup_filtered,106,-0.0005734395235776901,-0.0006503114709630609,7.687194738537073e-05,7.687194738537073e-05,5.909296294819206e-09
20,merged_z_m0p042_dedup_filtered,107,-0.0008734986186027527,-0.000434155750554055,-0.0004393428680486977,0.0004393428680486977,1.930221557052554e-07
20,merged_z_m0p042_dedup_filtered,108,-0.001079918467439711,-0.005079291295260191,0.00399937282782048,0.00399937282782048,1.5994983015908782e-05
20,merged_z_m0p042_dedup_filtered,109,-0.0011929429601877928,-0.000195943663129583,-0.0009969992970582098,0.0009969992970582098,9.940075983345644e-07
20,merged_z_m0p042_dedup_filtered,110,-0.001268069026991725,-0.00017551530618220568,-0.0010925537208095193,0.0010925537208095193,1.193673632854725e-06
20,merged_z_m0p042_dedup_filtered,111,-0.0013122082455083728,-0.0001550936867715791,-0.0011571145587367937,0.0011571145587367937,1.3389141020406448e-06
20,merged_z_m0p042_dedup_filtered,112,-0.0016578821232542396,-0.00018960496527142823,-0.0014682771579828113,0.0014682771579828113,2.1558378126540815e-06
20,merged_z_m0p042_dedup_filtered,113,-0.0007511448347941041,-0.00047501467633992434,-0.00027613015845417976,0.00027613015845417976,7.624786440793042e-08
20,merged_z_m0p042_dedup_filtered,114,-0.0004932665033265948,-0.0007115888292901218,0.00021832232596352696,0.00021832232596352696,4.766463801412452e-08
20,merged_z_m0p042_dedup_filtered,115,-0.0005073764477856457,-0.0007728756172582507,0.000265499169472605,0.000265499169472605,7.048980899064303e-08
20,merged_z_m0p042_dedup_filtered,116,-0.0006796257803216577,-0.0005158754647709429,-0.00016375031555071473,0.00016375031555071473,2.6814165842958647e-08
20,merged_z_m0p042_dedup_filtered,117,-0.00066470040474087,-0.0005567368352785707,-0.00010796356946229935,0.00010796356946229935,1.1656132331040736e-08
20,merged_z_m0p042_dedup_filtered,118,-0.0006100326427258551,-0.0008341713109984994,0.00022413866827264428,0.00022413866827264428,5.0238142615034476e-08
20,merged_z_m0p042_dedup_filtered,119,-0.00078001240035519,-0.0008954599034041166,0.00011544750304892659,0.00011544750304892659,1.3328125960231915e-08
20,merged_z_m0p042_dedup_filtered,120,-0.0006131773116067052,-0.00027767239953391254,-0.00033550491207279265,0.00033550491207279265,1.1256354602497233e-07
20,merged_z_m0p042_dedup_filtered,121,-0.0007783473702147603,-0.00025723950238898396,-0.0005211078678257763,0.0005211078678257763,2.715534099099268e-07
20,merged_z_m0p042_dedup_filtered,122,-3.2251846278086305e-06,0.000771452090702951,-0.0007746772753307596,0.0007746772753307596,6.001248809138895e-07
20,merged_z_m0p042_dedup_filtered,123,0.0002115506213158369,0.0008390358416363597,-0.0006274852203205228,0.0006274852203205228,3.93737701720695e-07
20,merged_z_m0p042_dedup_filtered,124,0.000488787074573338,0.0009618177427910268,-0.0004730306682176888,0.0004730306682176888,2.2375801307447318e-07
20,merged_z_m0p042_dedup_filtered,125,0.0005146531038917601,0.0010490822605788708,-0.0005344291566871107,0.0005344291566871107,2.856145235172963e-07
20,merged_z_m0p042_dedup_filtered,126,0.00042522477451711893,-0.02352779731154442,0.023953022086061537,0.023953022086061537,0.0005737472670553518
20,merged_z_m0p042_dedup_filtered,127,0.00028032538830302656,0.0011778248008340597,-0.0008974994125310332,0.0008974994125310332,8.055051954935496e-07
21,merged_z_m0p044_dedup_filtered,0,-0.0014450412709265947,-0.001447714283131063,2.6730122044682503e-06,2.6730122044682503e-06,7.144994245236215e-12
21,merged_z_m0p044_dedup_filtered,1,-0.0014850394800305367,-0.001375006278976798,-0.0001100332010537386,0.0001100332010537386,1.210730533413246e-08
21,merged_z_m0p044_dedup_filtered,2,-0.0015328075969591737,-0.0013246310409158468,-0.00020817655604332685,0.00020817655604332685,4.333747848606041e-08
21,merged_z_m0p044_dedup_filtered,3,-0.0015251321019604802,-0.0008837009663693607,-0.0006414311355911195,0.0006414311355911195,4.1143390170571316e-07
21,merged_z_m0p044_dedup_filtered,4,-0.0014359557535499334,-0.0008428021101281047,-0.0005931536434218287,0.0005931536434218287,3.5183124470458996e-07
21,merged_z_m0p044_dedup_filtered,5,-0.0015656426548957825,-0.001263270853087306,-0.00030237180180847645,0.00030237180180847645,9.142870652890456e-08
21,merged_z_m0p044_dedup_filtered,6,-0.001560211880132556,-0.0012019394198432565,-0.0003582724602892995,0.0003582724602892995,1.2835915580174768e-07
21,merged_z_m0p044_dedup_filtered,7,-0.0013234125217422843,-0.0008019231609068811,-0.0005214893608354032,0.0005214893608354032,2.7195115346451737e-07
21,merged_z_m0p044_dedup_filtered,8,-0.0011926942970603704,-0.0007610530010424554,-0.000431641296017915,0.000431641296017915,1.8631420842802533e-07
21,merged_z_m0p044_dedup_filtered,9,-0.0014993237564340234,-0.0011406324338167906,-0.0003586913226172328,0.0003586913226172328,1.2865946492089978e-07
21,merged_z_m0p044_dedup_filtered,10,-0.001377024920657277,-0.0010793345281854272,-0.0002976903924718499,0.0002976903924718499,8.861956977004404e-08
21,merged_z_m0p044_dedup_filtered,11,-0.001052603591233492,-0.0007201872649602592,-0.0003324163262732327,0.0003324163262732327,1.105006139729923e-07
21,merged_z_m0p044_dedup_filtered,12,-0.0009153971914201975,-0.0006793235661461949,-0.00023607362527400255,0.00023607362527400255,5.5730756550010177e-08
21,merged_z_m0p044_dedup_filtered,13,-0.001201349776238203,-0.0010180397657677531,-0.00018331001047044992,0.00018331001047044992,3.360255993867646e-08
21,merged_z_m0p044_dedup_filtered,14,-0.000993910594843328,-0.0009567463421262801,-3.716425271704793e-05,3.716425271704793e-05,1.3811816800166044e-09
21,merged_z_m0p044_dedup_filtered,15,-0.0007957201451063156,-0.000638460973277688,-0.00015725917182862759,0.00015725917182862759,2.4730447124225816e-08
21,merged_z_m0p044_dedup_filtered,16,-0.0007087070844136178,-0.0005975988460704684,-0.00011110823834314942,0.00011110823834314942,1.23450406277181e-08
21,merged_z_m0p044_dedup_filtered,17,-0.0004676929675042629,-0.013692357577383518,0.013224664609879255,0.013224664609879255,0.00017489175404379284
21,merged_z_m0p044_dedup_filtered,18,-0.00011777905456256121,-4.381816864906796e-08,-0.00011773523639391215,0.00011773523639391215,1.3861585888730375e-08
21,merged_z_m0p044_dedup_filtered,19,-0.00024961214512586594,-3.940547443903597e-08,-0.0002495727396514269,0.0002495727396514269,6.228655237711892e-08
21,merged_z_m0p044_dedup_filtered,20,-0.0003680356894619763,-3.528859693346931e-08,-0.0003680004008650428,0.0003680004008650428,1.3542429503683222e-07
21,merged_z_m0p044_dedup_filtered,21,-0.00045764268725179136,-3.133590809056841e-08,-0.0004576113513437008,0.0004576113513437008,2.0940814887860798e-07
21,merged_z_m0p044_dedup_filtered,22,-0.0005092877545394003,-2.7436634297828277e-08,-0.0005092603179051025,0.0005092603179051025,2.5934607139280607e-07
21,merged_z_m0p044_dedup_filtered,23,-0.0005217360449023545,-2.3607100274603e-08,-0.0005217124378020799,0.0005217124378020799,2.7218386775738906e-07
21,merged_z_m0p044_dedup_filtered,24,-0.0005015700007788837,-1.99208045614796e-08,-0.0005015500799743222,0.0005015500799743222,2.51552482722249e-07
21,merged_z_m0p044_dedup_filtered,25,-0.00046139786718413234,-1.6569588368042787e-08,-0.0004613812975957643,0.0004613812975957643,2.128727017711512e-07
21,merged_z_m0p044_dedup_filtered,26,-0.00041677290573716164,-1.3542215349104936e-08,-0.00041675936352181253,0.00041675936352181253,1.736883670831063e-07
21,merged_z_m0p044_dedup_filtered,27,-0.00038251886144280434,-1.0667145389220423e-08,-0.0003825081942974151,0.0003825081942974151,1.4631251870466907e-07
21,merged_z_m0p044_dedup_filtered,28,-0.0003692790924105793,-7.969680915209665e-09,-0.0003692711227296641,0.0003692711227296641,1.3636116208202666e-07
21,merged_z_m0p044_dedup_filtered,29,0.0001682311703916639,9.47217849898152e-05,7.35093854018487e-05,7.35093854018487e-05,5.403629742157527e-09
21,merged_z_m0p044_dedup_filtered,30,-0.00038719677831977606,0.00021143874619156122,-0.0005986355245113373,0.0005986355245113373,3.583644912069639e-07
21,merged_z_m0p044_dedup_filtered,31,-0.0003725329297594726,0.00025207229191437364,-0.0006246052216738462,0.0006246052216738462,3.901316829422346e-07
21,merged_z_m0p044_dedup_filtered,32,-0.0008703380590304732,0.00037894511478953063,-0.0012492831738200039,0.0012492831738200039,1.560708448389782e-06
21,merged_z_m0p044_dedup_filtered,33,-0.0007015956216491759,-0.0008929123869165778,0.00019131676526740193,0.00019131676526740193,3.660210467238217e-08
21,merged_z_m0p044_dedup_filtered,34,-0.0007557122735306621,0.0004891888820566237,-0.0012449011555872858,0.0012449011555872858,1.5497788871825595e-06
21,merged_z_m0p044_dedup_filtered,35,-0.00029592172359116375,0.0003336321096867323,-0.000629553833277896,0.000629553833277896,3.9633802899489293e-07
21,merged_z_m0p044_dedup_filtered,36,-0.00023076367506291717,0.00037446481292136014,-0.0006052284879842773,0.0006052284879842773,3.663015226677345e-07
21,merged_z_m0p044_dedup_filtered,37,-0.00014718285819981247,0.0004153090703766793,-0.0005624919285764918,0.0005624919285764918,3.163971697137011e-07
21,merged_z_m0p044_dedup_filtered,38,-0.00046799215488135815,0.0006241575465537608,-0.001092149701435119,0.001092149701435119,1.1927909703448194e-06
21,merged_z_m0p044_dedup_filtered,39,-4.7418820031452924e-05,0.0004561584210023284,-0.0005035772410337813,0.0005035772410337813,2.535900376871951e-07
21,merged_z_m0p044_dedup_filtered,40,6.354918150464073e-05,0.0004970102454535663,-0.0004334610639489256,0.0004334610639489256,1.8788849395973456e-07
21,merged_z_m0p044_dedup_filtered,41,0.00017815027968026698,0.0005378634086810052,-0.00035971312900073826,0.00035971312900073826,1.2939353517550177e-07
21,merged_z_m0p044_dedup_filtered,42,0.00028702267445623875,0.0005787170375697315,-0.00029169436311349273,0.00029169436311349273,8.508560147218615e-08
21,merged_z_m0p044_dedup_filtered,43,0.00038035117904655635,0.0006195716559886932,-0.00023922047694213688,0.00023922047694213688,5.7226436588423444e-08
21,merged_z_m0p044_dedup_filtered,44,0.00044950342271476984,0.0006604263326153159,-0.00021092290990054607,0.00021092290990054607,4.448847392091388e-08
21,merged_z_m0p044_dedup_filtered,45,0.00048863235861063,0.0007012812420725822,-0.0002126488834619522,0.0002126488834619522,4.521954763761493e-08
21,merged_z_m0p044_dedup_filtered,46,0.000495903892442584,0.0007421369664371014,-0.0002462330739945173,0.0002462330739945173,6.063072672878944e-08
21,merged_z_m0p044_dedup_filtered,47,0.00047406397061422467,0.0007829946698620915,-0.00030893069924786687,0.00030893069924786687,9.543817693777597e-08
21,merged_z_m0p044_dedup_filtered,48,0.0004301863082218915,0.0008238583686761558,-0.0003936720604542643,0.0003936720604542643,1.549776911823059e-07
21,merged_z_m0p044_dedup_filtered,49,0.00037460128078237176,0.0008647360373288393,-0.0004901347565464675,0.0004901347565464675,2.40232079574865e-07
21,merged_z_m0p044_dedup_filtered,50,0.00031917725573293865,0.0009056436247192323,-0.0005864663689862937,0.0005864663689862937,3.4394280195196756e-07
21,merged_z_m0p044_dedup_filtered,51,0.00027526161284185946,0.0009466128540225327,-0.0006713512411806732,0.0006713512411806732,4.507124890348305e-07
21,merged_z_m0p044_dedup_filtered,52,0.0002516661770641804,0.0009877001866698265,-0.0007360340096056461,0.0007360340096056461,5.417460632961644e-07
21,merged_z_m0p044_dedup_filtered,53,-0.0003751549229491502,0.0014846447156742215,-0.0018597996386233717,0.0018597996386233717,3.458854695823624e-06
21,merged_z_m0p044_dedup_filtered,54,-0.00023594245431013405,0.0013856397708877921,-0.0016215822251979262,0.0016215822251979262,2.6295289130778577e-06
21,merged_z_m0p044_dedup_filtered,55,0.000793043349403888,0.00046105115325190127,0.0003319921961519867,0.0003319921961519867,1.1021881830581922e-07
21,merged_z_m0p044_dedup_filtered,56,0.0008256491273641586,0.0004815375432372093,0.0003441115841269493,0.0003441115841269493,1.1841278233035851e-07
21,merged_z_m0p044_dedup_filtered,57,0.0008372971205972135,0.0005020664539188147,0.00033523066667839885,0.00033523066667839885,1.1237959988164375e-07
21,merged_z_m0p044_dedup_filtered,58,-5.889699968975037e-05,-8.765365322460639e-08,-5.880934603652577e-05,5.880934603652577e-05,3.458539181243829e-09
21,merged_z_m0p044_dedup_filtered,59,-2.682057674974203e-05,-8.278884422452393e-08,-2.6737787905517507e-05,2.6737787905517507e-05,7.149093020804383e-10
21,merged_z_m0p044_dedup_filtered,60,3.0578928999602795e-05,-7.802069035278691e-08,3.065694968995558e-05,3.065694968995558e-05,9.398485642924677e-10
21,merged_z_m0p044_dedup_filtered,61,9.879783465294167e-05,-7.334247698054241e-08,9.887117712992222e-05,9.887117712992222e-05,9.775509667056454e-09
21,merged_z_m0p044_dedup_filtered,62,0.00015992933185771108,-6.88823433847574e-08,0.00015999821420109583,0.00015999821420109583,2.5599428547539743e-08
21,merged_z_m0p044_dedup_filtered,63,0.00019653941853903234,-6.451631406889646e-08,0.00019660393485310124,0.00019660393485310124,3.8653107199722474e-08
21,merged_z_m0p044_dedup_filtered,64,0.0001954479666892439,-6.008493613762766e-08,0.00019550805162538154,0.00019550805162538154,3.8223398250352855e-08
21,merged_z_m0p044_dedup_filtered,65,0.00015060146688483655,-5.5533046605660275e-08,0.00015065699993144221,0.00015065699993144221,2.2697531628342578e-08
21,merged_z_m0p044_dedup_filtered,66,6.44251485937275e-05,-5.0840792908957155e-08,6.447598938663646e-05,6.447598938663646e-05,4.157153207385657e-09
21,merged_z_m0p044_dedup_filtered,67,-0.00034079927718266845,-0.0003287561412435025,-1.204313593916595e-05,1.204313593916595e-05,1.4503712324923052e-10
21,merged_z_m0p044_dedup_filtered,68,-0.00033757646451704204,-0.0003491897659841925,1.161330146715045e-05,1.161330146715045e-05,1.348687709669188e-10
21,merged_z_m0p044_dedup_filtered,69,-0.0004085243563167751,-0.00036962368176318705,-3.890067455358803e-05,3.890067455358803e-05,1.5132624807241715e-09
21,merged_z_m0p044_dedup_filtered,70,-0.0005467194132506847,-0.00039005829603411257,-0.00015666111721657217,0.00015666111721657217,2.4542705647544564e-08
21,merged_z_m0p044_dedup_filtered,71,-0.0007334526744671166,-0.00041049456922337413,-0.00032295810524374247,0.00032295810524374247,1.0430193774262823e-07
21,merged_z_m0p044_dedup_filtered,72,-0.0009408580372110009,-0.00043093538261018693,-0.000509922654600814,0.000509922654600814,2.6002111367514104e-07
21,merged_z_m0p044_dedup_filtered,73,-0.0011364384554326534,-0.00045138722634874284,-0.0006850512290839106,0.0006850512290839106,4.6929518646937654e-07
21,merged_z_m0p044_dedup_filtered,74,-0.001288662781007588,-0.000471863808343187,-0.0008167989726644009,0.0008167989726644009,6.671605617456208e-07
21,merged_z_m0p044_dedup_filtered,75,-0.0013725664466619492,-0.0004923840169794858,-0.0008801824296824634,0.0008801824296824634,7.747211095217246e-07
21,merged_z_m0p044_dedup_filtered,76,-0.0016357371350750327,-0.0009862297447398305,-0.0006495073903352022,0.0006495073903352022,4.2185985010004473e-07
21,merged_z_m0p044_dedup_filtered,77,-0.0016108109848573804,-0.0009451392688788474,-0.000665671715978533,0.000665671715978533,4.4311883345380475e-07
21,merged_z_m0p044_dedup_filtered,78,0.0007412335835397243,0.0004405994259286672,0.00030063415761105716,0.00030063415761105716,9.038089672250996e-08
21,merged_z_m0p044_dedup_filtered,79,0.0006730653694830835,0.0004201637639198452,0.00025290160556323826,0.00025290160556323826,6.395922209646375e-08
21,merged_z_m0p044_dedup_filtered,80,0.000592382566537708,0.0003997348539996892,0.00019264771253801882,0.00019264771253801882,3.7113141146131135e-08
21,merged_z_m0p044_dedup_filtered,81,0.0005038604140281677,0.00037930873804725707,0.00012455167598091066,0.00012455167598091066,1.5513119989653757e-08
21,merged_z_m0p044_dedup_filtered,82,0.00041274531395174563,0.00035888361162506044,5.386170232668519e-05,5.386170232668519e-05,2.901082977528445e-09
21,merged_z_m0p044_dedup_filtered,83,0.0003244967374484986,0.0003384589799679816,-1.396224251948297e-05,1.396224251948297e-05,1.9494421617285816e-10
21,merged_z_m0p044_dedup_filtered,84,0.00024434554507024586,0.0003180345520377159,-7.368900696747005e-05,7.368900696747005e-05,5.4300697478518496e-09
21,merged_z_m0p044_dedup_filtered,85,0.0001768098445609212,0.00029760986217297614,-0.00012080001761205494,0.00012080001761205494,1.4592644255072785e-08
21,merged_z_m0p044_dedup_filtered,86,0.00012522601173259318,0.00027718511410057545,-0.00015195910236798227,0.00015195910236798227,2.3091568792482914e-08
21,merged_z_m0p044_dedup_filtered,87,9.136562584899366e-05,0.00025676030782051384,-0.00016539468197152019,0.00016539468197152019,2.7355400824460304e-08
21,merged_z_m0p044_dedup_filtered,88,7.520690996898338e-05,0.00023633554519619793,-0.00016112863522721455,0.00016112863522721455,2.5962437090184764e-08
21,merged_z_m0p044_dedup_filtered,89,7.491418364224955e-05,0.0002159112336812541,-0.00014099705003900453,0.00014099705003900453,1.988016811970155e-08
21,merged_z_m0p044_dedup_filtered,90,8.705091022420675e-05,0.0001954879699042067,-0.00010843705967999995,0.00010843705967999995,1.175859591204387e-08
21,merged_z_m0p044_dedup_filtered,91,0.0001070154394255951,0.0001750672236084938,-6.80517841828987e-05,6.80517841828987e-05,4.631045330475822e-09
21,merged_z_m0p044_dedup_filtered,92,0.0001296514383284375,0.0001546525745652616,-2.5001136236824095e-05,2.5001136236824095e-05,6.250568131322389e-10
21,merged_z_m0p044_dedup_filtered,93,0.00014995316450949758,0.00013425250654108822,1.570065796840936e-05,1.570065796840936e-05,2.465106606409763e-10
21,merged_z_m0p044_dedup_filtered,94,-0.0013328029308468103,-0.0001346870994893834,-0.001198115831357427,0.001198115831357427,1.4354815453492983e-06
21,merged_z_m0p044_dedup_filtered,95,-0.0013406318612396717,-0.00011431432358222082,-0.0012263175376574509,0.0012263175376574509,1.5038547031662334e-06
21,merged_z_m0p044_dedup_filtered,96,-0.0016214670613408089,-0.00023012967722024769,-0.0013913373841205612,0.0013913373841205612,1.935819716451446e-06
21,merged_z_m0p044_dedup_filtered,97,-0.0015313021140173078,-0.00034439569571986794,-0.0011869064182974398,0.0011869064182974398,1.4087468457956572e-06
21,merged_z_m0p044_dedup_filtered,98,-0.0013896542368456721,-0.00040538940811529756,-0.0009842648287303746,0.0009842648287303746,9.687772530756336e-07
21,merged_z_m0p044_dedup_filtered,99,-0.0015255389735102654,-0.0002708356478251517,-0.0012547033256851137,0.0012547033256851137,1.5742804354852844e-06
21,merged_z_m0p044_dedup_filtered,100,-0.0013812633696943521,-0.000311625306494534,-0.0010696380631998181,0.0010696380631998181,1.1441255862458581e-06
21,merged_z_m0p044_dedup_filtered,101,-0.0011829591821879148,-0.00046654770267196,-0.0007164114795159549,0.0007164114795159549,5.132454079822394e-07
21,merged_z_m0p044_dedup_filtered,102,-0.0009497105493210256,-0.0005277741001918912,-0.0004219364491291344,0.0004219364491291344,1.7803036710370264e-07
21,merged_z_m0p044_dedup_filtered,103,-0.001208718167617917,-0.0003524541389197111,-0.000856264028698206,0.000856264028698206,7.331880868424821e-07
21,merged_z_m0p044_dedup_filtered,104,-0.0010313291568309069,-0.00039330110303126276,-0.0006380280537996441,0.0006380280537996441,4.0707979743536156e-07
21,merged_z_m0p044_dedup_filtered,105,-0.000732785789296031,-0.0005890292231924832,-0.0001437565661035478,0.0001437565661035478,2.066595029788371e-08
21,merged_z_m0p044_dedup_filtered,106,-0.0005711734993383288,-0.0006503114709630609,7.913797162473202e-05,7.913797162473202e-05,6.26281855287689e-09
21,merged_z_m0p044_dedup_filtered,107,-0.0008722653146833181,-0.000434155750554055,-0.00043810956412926316,0.00043810956412926316,1.9193999018153295e-07
21,merged_z_m0p044_dedup_filtered,108,-0.0010810282547026873,-0.005321163684129715,0.004240135429427028,0.004240135429427028,1.7978748459882325e-05
21,merged_z_m0p044_dedup_filtered,109,-0.0011934831272810698,-0.000195943663129583,-0.0009975394641514868,0.0009975394641514868,9.950849825396353e-07
21,merged_z_m0p044_dedup_filtered,110,-0.0012680658837780356,-0.00017551530618220568,-0.00109255057759583,0.00109255057759583,1.1936667646049817e-06
21,merged_z_m0p044_dedup_filtered,111,-0.0013117287307977676,-0.0001550936867715791,-0.0011566350440261886,0.0011566350440261886,1.3378046250694631e-06
21,merged_z_m0p044_dedup_filtered,112,-0.0016554963076487184,-0.00018960496527142823,-0.0014658913423772901,0.0014658913423772901,2.1488374276566936e-06
21,merged_z_m0p044_dedup_filtered,113,-0.0007510470459237695,-0.00047501467633992434,-0.00027603236958384514,0.00027603236958384514,7.619386905807247e-08
21,merged_z_m0p044_dedup_filtered,114,-0.0004926543915644288,-0.0007115888292901218,0.000218934437725693,0.000218934437725693,4.793228802226534e-08
21,merged_z_m0p044_dedup_filtered,115,-0.0005089030019007623,-0.0007728756172582507,0.0002639726153574884,0.0002639726153574884,6.968154165867252e-08
21,merged_z_m0p044_dedup_filtered,116,-0.0006809415644966066,-0.0005158754647709429,-0.00016506609972566366,0.00016506609972566366,2.724681727864274e-08
21,merged_z_m0p044_dedup_filtered,117,-0.0006675437325611711,-0.0005567368352785707,-0.0001108068972826004,0.0001108068972826004,1.2278168485396757e-08
21,merged_z_m0p044_dedup_filtered,118,-0.0006139606120996177,-0.0008341713109984994,0.00022021069889888167,0.00022021069889888167,4.8492751909533926e-08
21,merged_z_m0p044_dedup_filtered,119,-0.0007862942875362933,-0.0008954599034041166,0.00010916561586782336,0.00010916561586782336,1.1917131687801168e-08
21,merged_z_m0p044_dedup_filtered,120,-0.0006153877475298941,-0.00027767239953391254,-0.0003377153479959816,0.0003377153479959816,1.1405165627204694e-07
21,merged_z_m0p044_dedup_filtered,121,-0.0007803452317602932,-0.00025723950238898396,-0.0005231057293713093,0.0005231057293713093,2.7363960410108946e-07
21,merged_z_m0p044_dedup_filtered,122,-3.6943238228559494e-06,0.000771452090702951,-0.0007751464145258069,0.0007751464145258069,6.008519639522141e-07
21,merged_z_m0p044_dedup_filtered,123,0.00021238805493339896,0.0008390358416363597,-0.0006266477867029607,0.0006266477867029607,3.9268744857971937e-07
21,merged_z_m0p044_dedup_filtered,124,0.0004918664344586432,0.0009618177427910268,-0.00046995130833238363,0.00046995130833238363,2.208542322033191e-07
21,merged_z_m0p044_dedup_filtered,125,0.0005191322416067123,0.0010490822605788708,-0.0005299500189721584,0.0005299500189721584,2.808470226085911e-07
21,merged_z_m0p044_dedup_filtered,126,0.00043008284410461783,-0.024648170918226242,0.02507825376233086,0.02507825376233086,0.0006289188117678619
21,merged_z_m0p044_dedup_filtered,127,0.00028525598463602364,0.0011778248008340597,-0.0008925688161980361,0.0008925688161980361,7.966790916491635e-07
22,merged_z_m0p046_dedup_filtered,0,-0.0014457193901762366,-0.001447714283131063,1.994892954826355e-06,1.994892954826355e-06,3.9795979012158256e-12
22,merged_z_m0p046_dedup_filtered,1,-0.0014869226142764091,-0.001375006278976798,-0.00011191633529961109,0.00011191633529961109,1.2525266106894976e-08
22,merged_z_m0p046_dedup_filtered,2,-0.00153644650708884,-0.0013246310409158468,-0.00021181546617299318,0.00021181546617299318,4.486579171008242e-08
22,merged_z_m0p046_dedup_filtered,3,-0.0015252931043505669,-0.0008837009663693607,-0.0006415921379812062,0.0006415921379812062,4.116404715192951e-07
22,merged_z_m0p046_dedup_filtered,4,-0.001437764149159193,-0.0008428021101281047,-0.0005949620390310884,0.0005949620390310884,3.539798278880303e-07
22,merged_z_m0p046_dedup_filtered,5,-0.0015712419990450144,-0.001263270853087306,-0.00030797114595770836,0.00030797114595770836,9.48462267425041e-08
22,merged_z_m0p046_dedup_filtered,6,-0.001567602506838739,-0.0012019394198432565,-0.00036566308699548244,0.00036566308699548244,1.3370949319106576e-07
22,merged_z_m0p046_dedup_filtered,7,-0.0013268005568534136,-0.0008019231609068811,-0.0005248773959465325,0.0005248773959465325,2.7549628077561304e-07
22,merged_z_m0p046_dedup_filtered,8,-0.001197333331219852,-0.0007610530010424554,-0.00043628033017739654,0.00043628033017739654,1.9034052649969814e-07
22,merged_z_m0p046_dedup_filtered,9,-0.0015079929726198316,-0.0011406324338167906,-0.000367360538803041,0.000367360538803041,1.3495376546966058e-07
22,merged_z_m0p046_dedup_filtered,10,-0.001386212301440537,-0.0010793345281854272,-0.0003068777732551098,0.0003068777732551098,9.417396771801458e-08
22,merged_z_m0p046_dedup_filtered,11,-0.0010579683585092425,-0.0007201872649602592,-0.00033778109354898334,0.00033778109354898334,1.1409606715914703e-07
22,merged_z_m0p046_dedup_filtered,12,-0.0009208647534251213,-0.0006793235661461949,-0.00024154118727892637,0.00024154118727892637,5.834214515211338e-08
22,merged_z_m0p046_dedup_filtered,13,-0.0012101874453946948,-0.0010180397657677531,-0.00019214767962694168,0.00019214767962694168,3.692073078601782e-08
22,merged_z_m0p046_dedup_filtered,14,-0.0010015765437856317,-0.0009567463421262801,-4.483020165935159e-05,4.483020165935159e-05,2.00974698081813e-09
22,merged_z_m0p046_dedup_filtered,15,-0.0008006796706467867,-0.000638460973277688,-0.00016221869736909866,0.00016221869736909866,2.6314905776127218e-08
22,merged_z_m0p046_dedup_filtered,16,-0.0007126605487428606,-0.0005975988460704684,-0.00011506170267239213,0.00011506170267239213,1.323919542186997e-08
22,merged_z_m0p046_dedup_filtered,17,-0.00046966783702373505,-0.014314736239612103,0.013845068402588367,0.013845068402588367,0.0001916859190723508
22,merged_z_m0p046_dedup_filtered,18,-0.00012128228991059586,-4.381816864906796e-08,-0.0001212384717419468,0.0001212384717419468,1.4698767030322832e-08
22,merged_z_m0p046_dedup_filtered,19,-0.00025345399626530707,-3.940547443903597e-08,-0.00025341459079086803,0.00025341459079086803,6.42189548257031e-08
22,merged_z_m0p046_dedup_filtered,20,-0.000371906062355265,-3.528859693346931e-08,-0.00037187077375833155,0.00037187077375833155,1.3828787237562021e-07
22,merged_z_m0p046_dedup_filtered,21,-0.000461205723695457,-3.133590809056841e-08,-0.0004611743877873664,0.0004611743877873664,2.126818159510522e-07
22,merged_z_m0p046_dedup_filtered,22,-0.0005122296861372888,-2.7436634297828277e-08,-0.000512202249502991,0.000512202249502991,2.623511443959242e-07
22,merged_z_m0p046_dedup_filtered,23,-0.0005238141748122871,-2.3607100274603e-08,-0.0005237905677120125,0.0005237905677120125,2.7435655882407236e-07
22,merged_z_m0p046_dedup_filtered,24,-0.0005026538856327534,-1.99208045614796e-08,-0.0005026339648281919,0.0005026339648281919,2.5264090259890805e-07
22,merged_z_m0p046_dedup_filtered,25,-0.0004614950157701969,-1.6569588368042787e-08,-0.00046147844618182887,0.00046147844618182887,2.1296235629039513e-07
22,merged_z_m0p046_dedup_filtered,26,-0.00041603302815929055,-1.3542215349104936e-08,-0.00041601948594394145,0.00041601948594394145,1.730722126850613e-07
22,merged_z_m0p046_dedup_filtered,27,-0.0003812153881881386,-1.0667145389220423e-08,-0.0003812047210427494,0.0003812047210427494,1.4531703934528037e-07
22,merged_z_m0p046_dedup_filtered,28,-0.00036776962224394083,-7.969680915209665e-09,-0.0003677616525630256,0.0003677616525630256,1.3524863309588756e-07
22,merged_z_m0p046_dedup_filtered,29,0.00016918641631491482,9.47217849898152e-05,7.446463132509962e-05,7.446463132509962e-05,5.544981318383007e-09
22,merged_z_m0p046_dedup_filtered,30,-0.00038927249261178076,0.00021143874619156122,-0.000600711238803342,0.000600711238803342,3.6085399242464576e-07
22,merged_z_m0p046_dedup_filtered,31,-0.0003747327718883753,0.00025207229191437364,-0.0006268050638027489,0.0006268050638027489,3.9288458800876814e-07
22,merged_z_m0p046_dedup_filtered,32,-0.0008742979844100773,0.00037894511478953063,-0.001253243099199608,0.001253243099199608,1.5706182656914384e-06
22,merged_z_m0p046_dedup_filtered,33,-0.0007050777785480022,-0.0009334990754723549,0.00022842129692435265,0.00022842129692435265,5.2176288888603276e-08
22,merged_z_m0p046_dedup_filtered,34,-0.0007593509508296847,0.0004891888820566237,-0.0012485398328863084,0.0012485398328863084,1.558851714303771e-06
22,merged_z_m0p046_dedup_filtered,35,-0.00029855253524146974,0.0003336321096867323,-0.000632184644928202,0.000632184644928202,3.996574252829969e-07
22,merged_z_m0p046_dedup_filtered,36,-0.0002335639437660575,0.00037446481292136014,-0.0006080287566874176,0.0006080287566874176,3.696989689588469e-07
22,merged_z_m0p046_dedup_filtered,37,-0.0001500259095337242,0.0004153090703766793,-0.0005653349799104035,0.0005653349799104035,3.196036395102963e-07
22,merged_z_m0p046_dedup_filtered,38,-0.00047058623749762774,0.0006241575465537608,-0.0010947437840513885,0.0010947437840513885,1.1984639527191531e-06
22,merged_z_m0p046_dedup_filtered,39,-5.012696055928245e-05,0.0004561584210023284,-0.0005062853815616108,0.0005062853815616108,2.563248875829859e-07
22,merged_z_m0p046_dedup_filtered,40,6.117310840636492e-05,0.0004970102454535663,-0.0004358371370472014,0.0004358371370472014,1.89954010029501e-07
22,merged_z_m0p046_dedup_filtered,41,0.00017628625209908932,0.0005378634086810052,-0.0003615771565819159,0.0003615771565819159,1.3073804016186334e-07
22,merged_z_m0p046_dedup_filtered,42,0.0002857995859812945,0.0005787170375697315,-0.00029291745158843696,0.00029291745158843696,8.580063344506431e-08
22,merged_z_m0p046_dedup_filtered,43,0.00037982300273142755,0.0006195716559886932,-0.0002397486532572657,0.0002397486532572657,5.747941673867261e-08
22,merged_z_m0p046_dedup_filtered,44,0.00044963989057578146,0.0006604263326153159,-0.00021078644203953445,0.00021078644203953445,4.4430924147686016e-08
22,merged_z_m0p046_dedup_filtered,45,0.0004893268924206495,0.0007012812420725822,-0.00021195434965193272,0.00021195434965193272,4.492464633637375e-08
22,merged_z_m0p046_dedup_filtered,46,0.0004969958099536598,0.0007421369664371014,-0.0002451411564834416,0.0002451411564834416,6.00941866020392e-08
22,merged_z_m0p046_dedup_filtered,47,0.00047537090722471476,0.0007829946698620915,-0.0003076237626373768,0.0003076237626373768,9.463237933917713e-08
22,merged_z_m0p046_dedup_filtered,48,0.0004315391124691814,0.0008238583686761558,-0.0003923192562069744,0.0003923192562069744,1.539143987907936e-07
22,merged_z_m0p046_dedup_filtered,49,0.0003758742823265493,0.0008647360373288393,-0.00048886175500229,0.00048886175500229,2.38985815503919e-07
22,merged_z_m0p046_dedup_filtered,50,0.000320307444781065,0.0009056436247192323,-0.0005853361799381673,0.0005853361799381673,3.426184435446066e-07
22,merged_z_m0p046_dedup_filtered,51,0.00027625219081528485,0.0009466128540225327,-0.0006703606632072479,0.0006703606632072479,4.493834187756612e-07
22,merged_z_m0p046_dedup_filtered,52,0.00025257456582039595,0.0009877001866698265,-0.0007351256208494306,0.0007351256208494306,5.404096784292607e-07
22,merged_z_m0p046_dedup_filtered,53,-0.00037132209399715066,0.0014846447156742215,-0.0018559668096713722,0.0018559668096713722,3.4446127986017314e-06
22,merged_z_m0p046_dedup_filtered,54,-0.00023188063642010093,0.0013856397708877921,-0.001617520407307893,0.001617520407307893,2.616372268057492e-06
22,merged_z_m0p046_dedup_filtered,55,0.0007912070723250508,0.00046105115325190127,0.00033015591907314956,0.00033015591907314956,1.0900293089903608e-07
22,merged_z_m0p046_dedup_filtered,56,0.0008238079026341438,0.0004815375432372093,0.0003422703593969345,0.0003422703593969345,1.1714899892170672e-07
22,merged_z_m0p046_dedup_filtered,57,0.0008354498422704637,0.0005020664539188147,0.00033338338835164905,0.00033338338835164905,1.1114448362882644e-07
22,merged_z_m0p046_dedup_filtered,58,-5.731507553718984e-05,-8.765365322460639e-08,-5.7227421883965235e-05,5.7227421883965235e-05,3.274977815485343e-09
22,merged_z_m0p046_dedup_filtered,59,-2.5343717425130308e-05,-8.278884422452393e-08,-2.5260928580905784e-05,2.5260928580905784e-05,6.381145127696227e-10
22,merged_z_m0p046_dedup_filtered,60,3.183280932717025e-05,-7.802069035278691e-08,3.191083001752304e-05,3.191083001752304e-05,1.0183010724072495e-09
22,merged_z_m0p046_dedup_filtered,61,9.969715756596997e-05,-7.334247698054241e-08,9.977050004295052e-05,9.977050004295052e-05,9.95415267882039e-09
22,merged_z_m0p046_dedup_filtered,62,0.00016033268184401095,-6.88823433847574e-08,0.0001604015641873957,0.0001604015641873957,2.5728661793763223e-08
22,merged_z_m0p046_dedup_filtered,63,0.00019630958558991551,-6.451631406889646e-08,0.0001963741019039844,0.0001963741019039844,3.8562787898596456e-08
22,merged_z_m0p046_dedup_filtered,64,0.0001944739487953484,-6.008493613762766e-08,0.00019453403373148603,0.00019453403373148603,3.7843490279842944e-08
22,merged_z_m0p046_dedup_filtered,65,0.00014882466348353773,-5.5533046605660275e-08,0.0001488801965301434,0.0001488801965301434,2.2165312918854122e-08
22,merged_z_m0p046_dedup_filtered,66,6.186346581671387e-05,-5.0840792908957155e-08,6.191430660962283e-05,6.191430660962283e-05,3.833381362950385e-09
22,merged_z_m0p046_dedup_filtered,67,-0.0003422973968554288,-0.0003287561412435025,-1.3541255611926317e-05,1.3541255611926317e-05,1.8336560354752598e-10
22,merged_z_m0p046_dedup_filtered,68,-0.0003384353476576507,-0.0003491897659841925,1.0754418326541781e-05,1.0754418326541781e-05,1.1565751354225773e-10
22,merged_z_m0p046_dedup_filtered,69,-0.0004085234540980309,-0.00036962368176318705,-3.8899772334843874e-05,3.8899772334843874e-05,1.5131922877026848e-09
22,merged_z_m0p046_dedup_filtered,70,-0.0005457022343762219,-0.00039005829603411257,-0.00015564393834210932,0.00015564393834210932,2.422503554264233e-08
22,merged_z_m0p046_dedup_filtered,71,-0.0007313512032851577,-0.00041049456922337413,-0.00032085663406178355,0.00032085663406178355,1.0294897962145728e-07
22,merged_z_m0p046_dedup_filtered,72,-0.0009377077803947031,-0.00043093538261018693,-0.0005067723977845162,0.0005067723977845162,2.5681826315626794e-07
22,merged_z_m0p046_dedup_filtered,73,-0.0011323814978823066,-0.00045138722634874284,-0.0006809942715335637,0.0006809942715335637,4.6375319786152913e-07
22,merged_z_m0p046_dedup_filtered,74,-0.0012839374830946326,-0.000471863808343187,-0.0008120736747514457,0.0008120736747514457,6.594636532243167e-07
22,merged_z_m0p046_dedup_filtered,75,-0.0013674837537109852,-0.0004923840169794858,-0.0008750997367314994,0.0008750997367314994,7.657995492275396e-07
22,merged_z_m0p046_dedup_filtered,76,-0.001633241306990385,-0.0009862297447398305,-0.0006470115622505546,0.0006470115622505546,4.1862396168590324e-07
22,merged_z_m0p046_dedup_filtered,77,-0.0016089831478893757,-0.0009451392688788474,-0.0006638438790105283,0.0006638438790105283,4.4068869569974497e-07
22,merged_z_m0p046_dedup_filtered,78,0.0007393701234832406,0.0004405994259286672,0.0002987706975545734,0.0002987706975545734,8.926392971724638e-08
22,merged_z_m0p046_dedup_filtered,79,0.0006711023743264377,0.0004201637639198452,0.0002509386104065925,0.0002509386104065925,6.297018619279161e-08
22,merged_z_m0p046_dedup_filtered,80,0.000590212584938854,0.0003997348539996892,0.00019047773093916476,0.00019047773093916476,3.628176598373284e-08
22,merged_z_m0p046_dedup_filtered,81,0.0005013593472540379,0.00037930873804725707,0.00012205060920678079,0.00012205060920678079,1.4896351207746324e-08
22,merged_z_m0p046_dedup_filtered,82,0.0004098018107470125,0.00035888361162506044,5.091819912195206e-05,5.091819912195206e-05,2.5926630018227592e-09
22,merged_z_m0p046_dedup_filtered,83,0.00032104511046782136,0.0003384589799679816,-1.7413869500160217e-05,1.7413869500160217e-05,3.0324285096861026e-10
22,merged_z_m0p046_dedup_filtered,84,0.00024039516574703157,0.0003180345520377159,-7.763938629068434e-05,7.763938629068434e-05,6.027874303594104e-09
22,merged_z_m0p046_dedup_filtered,85,0.00017246240167878568,0.00029760986217297614,-0.00012514746049419045,0.00012514746049419045,1.566188686814496e-08
22,merged_z_m0p046_dedup_filtered,86,0.00012067567877238616,0.00027718511410057545,-0.00015650943532818928,0.00015650943532818928,2.4495203346748664e-08
22,merged_z_m0p046_dedup_filtered,87,8.687951049068943e-05,0.00025676030782051384,-0.00016988079732982442,0.00016988079732982442,2.885948530141688e-08
22,merged_z_m0p046_dedup_filtered,88,7.108813588274643e-05,0.00023633554519619793,-0.0001652474093134515,0.0001652474093134515,2.7306706284807377e-08
22,merged_z_m0p046_dedup_filtered,89,7.145323615986854e-05,0.0002159112336812541,-0.00014445799752138555,0.00014445799752138555,2.0868113047888634e-08
22,merged_z_m0p046_dedup_filtered,90,8.447431173408404e-05,0.0001954879699042067,-0.00011101365817012265,0.00011101365817012265,1.232403230031284e-08
22,merged_z_m0p046_dedup_filtered,91,0.00010544165706960484,0.0001750672236084938,-6.962556653888896e-05,6.962556653888896e-05,4.847719515861254e-09
22,merged_z_m0p046_dedup_filtered,92,0.00012906276970170438,0.0001546525745652616,-2.558980486355722e-05,2.558980486355722e-05,6.548381129549367e-10
22,merged_z_m0p046_dedup_filtered,93,0.00015019031707197428,0.00013425250654108822,1.5937810530886054e-05,1.5937810530886054e-05,2.540138045184224e-10
22,merged_z_m0p046_dedup_filtered,94,-0.0013319614809006453,-0.0001346870994893834,-0.0011972743814112619,0.0011972743814112619,1.4334659443837197e-06
22,merged_z_m0p046_dedup_filtered,95,-0.0013395830756053329,-0.00011431432358222082,-0.001225268752023112,0.001225268752023112,1.5012835146842743e-06
22,merged_z_m0p046_dedup_filtered,96,-0.0016191822942346334,-0.00023012967722024769,-0.0013890526170143858,0.0013890526170143858,1.9294671728345136e-06
22,merged_z_m0p046_dedup_filtered,97,-0.0015279590152204037,-0.00034439569571986794,-0.0011835633195005357,0.0011835633195005357,1.4008221312671272e-06
22,merged_z_m0p046_dedup_filtered,98,-0.0013861511833965778,-0.00040538940811529756,-0.0009807617752812803,0.0009807617752812803,9.618936598528885e-07
22,merged_z_m0p046_dedup_filtered,99,-0.0015231786528602242,-0.0002708356478251517,-0.0012523430050350726,0.0012523430050350726,1.5683630022602758e-06
22,merged_z_m0p046_dedup_filtered,100,-0.0013788716169074178,-0.000311625306494534,-0.0010672463104128838,0.0010672463104128838,1.1390146870899134e-06
22,merged_z_m0p046_dedup_filtered,101,-0.0011793348239734769,-0.00046654770267196,-0.0007127871213015169,0.0007127871213015169,5.080654802933034e-07
22,merged_z_m0p046_dedup_filtered,102,-0.0009461806621402502,-0.0005277741001918912,-0.000418406561948359,0.000418406561948359,1.75064051081446e-07
22,merged_z_m0p046_dedup_filtered,103,-0.0012064515613019466,-0.0003524541389197111,-0.0008539974223822355,0.0008539974223822355,7.293115974355024e-07
22,merged_z_m0p046_dedup_filtered,104,-0.0010294521925970912,-0.00039330110303126276,-0.0006361510895658284,0.0006361510895658284,4.046882087557907e-07
22,merged_z_m0p046_dedup_filtered,105,-0.0007297416450455785,-0.0005890292231924832,-0.0001407124218530953,0.0001407124218530953,1.979998566376345e-08
22,merged_z_m0p046_dedup_filtered,106,-0.0005691275000572205,-0.0006503114709630609,8.11839709058404e-05,8.11839709058404e-05,6.59083713204034e-09
22,merged_z_m0p046_dedup_filtered,107,-0.0008711107075214386,-0.000434155750554055,-0.0004369549569673836,0.0004369549569673836,1.9092963441836807e-07
22,merged_z_m0p046_dedup_filtered,108,-0.0010819711023941636,-0.005563033744692802,0.004481062642298639,0.004481062642298639,2.007992240420446e-05
22,merged_z_m0p046_dedup_filtered,109,-0.0011939018731936812,-0.000195943663129583,-0.0009979582100640982,0.0009979582100640982,9.959205890343388e-07
22,merged_z_m0p046_dedup_filtered,110,-0.001267988933250308,-0.00017551530618220568,-0.0010924736270681024,0.0010924736270681024,1.1934986258393352e-06
22,merged_z_m0p046_dedup_filtered,111,-0.0013112196465954185,-0.0001550936867715791,-0.0011561259598238394,0.0011561259598238394,1.3366272349785938e-06
22,merged_z_m0p046_dedup_filtered,112,-0.001653247862122953,-0.00018960496527142823,-0.0014636428968515247,0.0014636428968515247,2.142250529503923e-06
22,merged_z_m0p046_dedup_filtered,113,-0.0007509494316764176,-0.00047501467633992434,-0.00027593475533649325,0.00027593475533649325,7.613998920261039e-08
22,merged_z_m0p046_dedup_filtered,114,-0.0004921431536786258,-0.0007115888292901218,0.00021944567561149597,0.00021944567561149597,4.815640454458592e-08
22,merged_z_m0p046_dedup_filtered,115,-0.0005103706498630345,-0.0007728756172582507,0.0002625049673952162,0.0002625049673952162,6.890885790716353e-08
22,merged_z_m0p046_dedup_filtered,116,-0.000682157464325428,-0.0005158754647709429,-0.00016628199955448508,0.00016628199955448508,2.7649703375837777e-08
22,merged_z_m0p046_dedup_filtered,117,-0.0006701774545945227,-0.0005567368352785707,-0.00011344061931595206,0.00011344061931595206,1.2868774110786756e-08
22,merged_z_m0p046_dedup_filtered,118,-0.0006176457973197103,-0.0008341713109984994,0.00021652551367878914,0.00021652551367878914,4.68832980738635e-08
22,merged_z_m0p046_dedup_filtered,119,-0.0007921499200165272,-0.0008954599034041166,0.00010330998338758945,0.00010330998338758945,1.0672952667544009e-08
22,merged_z_m0p046_dedup_filtered,120,-0.0006173709407448769,-0.00027767239953391254,-0.0003396985412109643,0.0003396985412109643,1.1539509890085723e-07
22,merged_z_m0p046_dedup_filtered,121,-0.0007821195758879185,-0.00025723950238898396,-0.0005248800734989345,0.0005248800734989345,2.754990915562469e-07
22,merged_z_m0p046_dedup_filtered,122,-4.156929207965732e-06,0.000771452090702951,-0.0007756090199109167,0.0007756090199109167,6.015693517671728e-07
22,merged_z_m0p046_dedup_filtered,123,0.00021312353783287108,0.0008390358416363597,-0.0006259123038034886,0.0006259123038034886,3.917662120525906e-07
22,merged_z_m0p046_dedup_filtered,124,0.0004946760018356144,0.0009618177427910268,-0.0004671417409554124,0.0004671417409554124,2.182214061428536e-07
22,merged_z_m0p046_dedup_filtered,125,0.000523255905136466,0.0010490822605788708,-0.0005258263554424047,0.0005258263554424047,2.764933560778422e-07
22,merged_z_m0p046_dedup_filtered,126,0.00043457146966829896,-0.025768540799617767,0.026203112269286066,0.026203112269286066,0.00068660309259681
22,merged_z_m0p046_dedup_filtered,127,0.00028982694493606687,0.0011778248008340597,-0.0008879978558979928,0.0008879978558979928,7.885401920794325e-07
23,merged_z_m0p048_dedup_filtered,0,-0.0014463026309385896,-0.001447714283131063,1.4116521924734116e-06,1.4116521924734116e-06,1.9927619125149898e-12
23,merged_z_m0p048_dedup_filtered,1,-0.0014886200660839677,-0.001375006278976798,-0.00011361378710716963,0.00011361378710716963,1.2908092620833264e-08
23,merged_z_m0p048_dedup_filtered,2,-0.0015397671377286315,-0.0013246310409158468,-0.00021513609681278467,0.00021513609681278467,4.628354015183986e-08
23,merged_z_m0p048_dedup_filtered,3,-0.0015254338504746556,-0.0008837009663693607,-0.0006417328841052949,0.0006417328841052949,4.118210945420999e-07
23,merged_z_m0p048_dedup_filtered,4,-0.0014394192257896066,-0.0008428021101281047,-0.0005966171156615019,0.0005966171156615019,3.559519827002499e-07
23,merged_z_m0p048_dedup_filtered,5,-0.0015763739356771111,-0.001263270853087306,-0.0003131030825898051,0.0003131030825898051,9.803354032723833e-08
23,merged_z_m0p048_dedup_filtered,6,-0.0015743884723633528,-0.0012019394198432565,-0.0003724490525200963,0.0003724490525200963,1.3871829672311745e-07
23,merged_z_m0p048_dedup_filtered,7,-0.0013299079146236181,-0.0008019231609068811,-0.000527984753716737,0.000527984753716737,2.7876790015732346e-07
23,merged_z_m0p048_dedup_filtered,8,-0.0012015898246318102,-0.0007610530010424554,-0.00044053682358935475,0.00044053682358935475,1.9407269293819827e-07
23,merged_z_m0p048_dedup_filtered,9,-0.0015159574104472995,-0.0011406324338167906,-0.0003753249766305089,0.0003753249766305089,1.4086883808269205e-07
23,merged_z_m0p048_dedup_filtered,10,-0.0013946513645350933,-0.0010793345281854272,-0.0003153168363496661,0.0003153168363496661,9.942470728556212e-08
23,merged_z_m0p048_dedup_filtered,11,-0.0010628907475620508,-0.0007201872649602592,-0.0003427034826017916,0.0003427034826017916,1.1744567698739649e-07
23,merged_z_m0p048_dedup_filtered,12,-0.0009258801583200693,-0.0006793235661461949,-0.0002465565921738744,0.0002465565921738744,6.079015314439421e-08
23,merged_z_m0p048_dedup_filtered,13,-0.00121829763520509,-0.0010180397657677531,-0.00020025786943733692,0.00020025786943733692,4.010321427158148e-08
23,merged_z_m0p048_dedup_filtered,14,-0.0010085981339216232,-0.0009567463421262801,-5.185179179534316e-05,5.185179179534316e-05,2.6886083123876163e-09
23,merged_z_m0p048_dedup_filtered,15,-0.0008052265620790422,-0.000638460973277688,-0.00016676558880135417,0.00016676558880135417,2.7810761608262343e-08
23,merged_z_m0p048_dedup_filtered,16,-0.000716281239874661,-0.0005975988460704684,-0.00011868239380419254,0.00011868239380419254,1.408551059909344e-08
23,merged_z_m0p048_dedup_filtered,17,-0.00047150207683444023,-0.014937114901840687,0.014465612825006247,0.014465612825006247,0.0002092539544029852
23,merged_z_m0p048_dedup_filtered,18,-0.00012450755457393825,-4.381816864906796e-08,-0.00012446373640528918,0.00012446373640528918,1.5491221679965307e-08
23,merged_z_m0p048_dedup_filtered,19,-0.0002569853968452662,-3.940547443903597e-08,-0.0002569459913708272,0.0002569459913708272,6.60212424815372e-08
23,merged_z_m0p048_dedup_filtered,20,-0.00037546182284131646,-3.528859693346931e-08,-0.000375426534244383,0.000375426534244383,1.4094508261474888e-07
23,merged_z_m0p048_dedup_filtered,21,-0.0004644809232559055,-3.133590809056841e-08,-0.00046444958734781494,0.00046444958734781494,2.1571341918755557e-07
23,merged_z_m0p048_dedup_filtered,22,-0.0005149397766217589,-2.7436634297828277e-08,-0.0005149123399874611,0.0005149123399874611,2.6513471787136275e-07
23,merged_z_m0p048_dedup_filtered,23,-0.0005257392767816782,-2.3607100274603e-08,-0.0005257156696814036,0.0005257156696814036,2.7637696534856665e-07
23,merged_z_m0p048_dedup_filtered,24,-0.0005036760703660548,-1.99208045614796e-08,-0.0005036561495614933,0.0005036561495614933,2.536695169911093e-07
23,merged_z_m0p048_dedup_filtered,25,-0.0004616214137058705,-1.6569588368042787e-08,-0.00046160484411750247,0.00046160484411750247,2.1307903211274375e-07
23,merged_z_m0p048_dedup_filtered,26,-0.0004153997579123825,-1.3542215349104936e-08,-0.0004153862156970334,0.0004153862156970334,1.7254570819110235e-07
23,merged_z_m0p048_dedup_filtered,27,-0.00038007053080946207,-1.0667145389220423e-08,-0.00038005986366407285,0.00038005986366407285,1.4444549996835364e-07
23,merged_z_m0p048_dedup_filtered,28,-0.0003664379473775625,-7.969680915209665e-09,-0.0003664299776966473,0.0003664299776966473,1.3427092855476545e-07
23,merged_z_m0p048_dedup_filtered,29,0.0001700434077065438,9.47217849898152e-05,7.53216227167286e-05,7.53216227167286e-05,5.6733468486812056e-09
23,merged_z_m0p048_dedup_filtered,30,-0.00039117553387768567,0.00021143874619156122,-0.0006026142800692469,0.0006026142800692469,3.6314397054337673e-07
23,merged_z_m0p048_dedup_filtered,31,-0.0003767500747926533,0.00025207229191437364,-0.000628822366707027,0.000628822366707027,3.954175688710267e-07
23,merged_z_m0p048_dedup_filtered,32,-0.0008779349154792726,0.00037894511478953063,-0.0012568800302688032,0.0012568800302688032,1.5797474104885077e-06
23,merged_z_m0p048_dedup_filtered,33,-0.0007082822849042714,-0.0009740858804434538,0.0002658035955391824,0.0002658035955391824,7.065155140155728e-08
23,merged_z_m0p048_dedup_filtered,34,-0.0007627138984389603,0.0004891888820566237,-0.001251902780495584,0.001251902780495584,1.5672605718125744e-06
23,merged_z_m0p048_dedup_filtered,35,-0.00030096533009782434,0.0003336321096867323,-0.0006345974397845566,0.0006345974397845566,4.02713910581114e-07
23,merged_z_m0p048_dedup_filtered,36,-0.00023613034863956273,0.00037446481292136014,-0.0006105951615609229,0.0006105951615609229,3.728264513216095e-07
23,merged_z_m0p048_dedup_filtered,37,-0.00015262761735357344,0.0004153090703766793,-0.0005679366877302527,0.0005679366877302527,3.225520812700106e-07
23,merged_z_m0p048_dedup_filtered,38,-0.0004730047076009214,0.0006241575465537608,-0.0010971622541546822,0.0010971622541546822,1.2037650119417834e-06
23,merged_z_m0p048_dedup_filtered,39,-5.259863974060863e-05,0.0004561584210023284,-0.000508757060742937,0.000508757060742937,2.588337468557925e-07
23,merged_z_m0p048_dedup_filtered,40,5.9014069847762585e-05,0.0004970102454535663,-0.00043799617560580373,0.00043799617560580373,1.9184064984531006e-07
23,merged_z_m0p048_dedup_filtered,41,0.00017460563685745,0.0005378634086810052,-0.00036325777182355523,0.00036325777182355523,1.3195620879021412e-07
23,merged_z_m0p048_dedup_filtered,42,0.0002847147698048502,0.0005787170375697315,-0.00029400226776488125,0.00029400226776488125,8.643733345089293e-08
23,merged_z_m0p048_dedup_filtered,43,0.00037938079913146794,0.0006195716559886932,-0.0002401908568572253,0.0002401908568572253,5.7691647717808093e-08
23,merged_z_m0p048_dedup_filtered,44,0.00044980845996178687,0.0006604263326153159,-0.00021061787265352905,0.00021061787265352905,4.435988828109818e-08
23,merged_z_m0p048_dedup_filtered,45,0.0004900032072328031,0.0007012812420725822,-0.00021127803483977914,0.00021127803483977914,4.463840800575893e-08
23,merged_z_m0p048_dedup_filtered,46,0.0004980269004590809,0.0007421369664371014,-0.00024411006597802043,0.00024411006597802043,5.958972431179349e-08
23,merged_z_m0p048_dedup_filtered,47,0.0004765846533700824,0.0007829946698620915,-0.00030641001649200916,0.00030641001649200916,9.388709820663333e-08
23,merged_z_m0p048_dedup_filtered,48,0.0004327772476244718,0.0008238583686761558,-0.000391081121051684,0.000391081121051684,1.5294444324304193e-07
23,merged_z_m0p048_dedup_filtered,49,0.0003770207113120705,0.0008647360373288393,-0.0004877153260167688,0.0004877153260167688,2.378662392316431e-07
23,merged_z_m0p048_dedup_filtered,50,0.0003213058807887137,0.0009056436247192323,-0.0005843377439305186,0.0005843377439305186,3.4145059898180836e-07
23,merged_z_m0p048_dedup_filtered,51,0.00027710964786820114,0.0009466128540225327,-0.0006695032061543316,0.0006695032061543316,4.482345430509294e-07
23,merged_z_m0p048_dedup_filtered,52,0.0002533500373829156,0.0009877001866698265,-0.0007343501492869109,0.0007343501492869109,5.392701417577083e-07
23,merged_z_m0p048_dedup_filtered,53,-0.0003678811772260815,0.0014846447156742215,-0.001852525892900303,0.001852525892900303,3.431852183866065e-06
23,merged_z_m0p048_dedup_filtered,54,-0.00022820354206487536,0.0013856397708877921,-0.0016138433129526675,0.0016138433129526675,2.6044902387620414e-06
23,merged_z_m0p048_dedup_filtered,55,0.0007894816808402538,0.00046105115325190127,0.00032843052758835256,0.00032843052758835256,1.0786661145196361e-07
23,merged_z_m0p048_dedup_filtered,56,0.0008220805320888758,0.0004815375432372093,0.00034054298885166645,0.00034054298885166645,1.1596952725602622e-07
23,merged_z_m0p048_dedup_filtered,57,0.0008337180479429662,0.0005020664539188147,0.00033165159402415156,0.00033165159402415156,1.0999277981876065e-07
23,merged_z_m0p048_dedup_filtered,58,-5.5904543842189014e-05,-8.765365322460639e-08,-5.581689018896441e-05,5.581689018896441e-05,3.115525230366911e-09
23,merged_z_m0p048_dedup_filtered,59,-2.402991958661005e-05,-8.278884422452393e-08,-2.3947130742385525e-05,2.3947130742385525e-05,5.734650707929059e-10
23,merged_z_m0p048_dedup_filtered,60,3.294165799161419e-05,-7.802069035278691e-08,3.301967868196698e-05,3.301967868196698e-05,1.0902991802603447e-09
23,merged_z_m0p048_dedup_filtered,61,0.00010048069088952616,-7.334247698054241e-08,0.0001005540333665067,0.0001005540333665067,1.0111113626272544e-08
23,merged_z_m0p048_dedup_filtered,62,0.00016066231182776392,-6.88823433847574e-08,0.00016073119417114867,0.00016073119417114867,2.5834516779683495e-08
23,merged_z_m0p048_dedup_filtered,63,0.00019606090791057795,-6.451631406889646e-08,0.00019612542422464685,0.00019612542422464685,3.8465182027297694e-08
23,merged_z_m0p048_dedup_filtered,64,0.00019354684627614915,-6.008493613762766e-08,0.00019360693121228678,0.00019360693121228678,3.7483643813439146e-08
23,merged_z_m0p048_dedup_filtered,65,0.00014716688019689173,-5.5533046605660275e-08,0.00014722241324349739,0.00014722241324349739,2.1674438961239114e-08
23,merged_z_m0p048_dedup_filtered,66,5.949231126578525e-05,-5.0840792908957155e-08,5.9543152058694204e-05,5.9543152058694204e-05,3.5453869570847798e-09
23,merged_z_m0p048_dedup_filtered,67,-0.00034368110937066376,-0.0003287561412435025,-1.4924968127161264e-05,1.4924968127161264e-05,2.2275467359677962e-10
23,merged_z_m0p048_dedup_filtered,68,-0.00033922685543075204,-0.0003491897659841925,9.962910553440452e-06,9.962910553440452e-06,9.925958669585513e-11
23,merged_z_m0p048_dedup_filtered,69,-0.00040852444362826645,-0.00036962368176318705,-3.89007618650794e-05,3.89007618650794e-05,1.513269273683616e-09
23,merged_z_m0p048_dedup_filtered,70,-0.0005447727162390947,-0.00039005829603411257,-0.00015471442020498216,0.00015471442020498216,2.3936551819363793e-08
23,merged_z_m0p048_dedup_filtered,71,-0.000729431863874197,-0.00041049456922337413,-0.0003189372946508229,0.0003189372946508229,1.0172099791918581e-07
23,merged_z_m0p048_dedup_filtered,72,-0.0009348332532681525,-0.00043093538261018693,-0.0005038978706579655,0.0005038978706579655,2.5391306405363177e-07
23,merged_z_m0p048_dedup_filtered,73,-0.0011286825174465775,-0.00045138722634874284,-0.0006772952910978347,0.0006772952910978347,4.5872891134330065e-07
23,merged_z_m0p048_dedup_filtered,74,-0.0012796312803402543,-0.000471863808343187,-0.0008077674719970673,0.0008077674719970673,6.52488288816533e-07
23,merged_z_m0p048_dedup_filtered,75,-0.0013628529850393534,-0.0004923840169794858,-0.0008704689680598676,0.0008704689680598676,7.577162243552108e-07
23,merged_z_m0p048_dedup_filtered,76,-0.001630939426831901,-0.0009862297447398305,-0.0006447096820920706,0.0006447096820920706,4.156505741832587e-07
23,merged_z_m0p048_dedup_filtered,77,-0.0016072953585535288,-0.0009451392688788474,-0.0006621560896746814,0.0006621560896746814,4.3845068709326475e-07
23,merged_z_m0p048_dedup_filtered,78,0.0007376167923212051,0.0004405994259286672,0.00029701736639253795,0.00029701736639253795,8.821931593875913e-08
23,merged_z_m0p048_dedup_filtered,79,0.0006692564347758889,0.0004201637639198452,0.0002490926708560437,0.0002490926708560437,6.204715867419732e-08
23,merged_z_m0p048_dedup_filtered,80,0.000588178401812911,0.0003997348539996892,0.0001884435478132218,0.0001884435478132218,3.5510970712434015e-08
23,merged_z_m0p048_dedup_filtered,81,0.0004990275483578444,0.00037930873804725707,0.00011971881031058729,0.00011971881031058729,1.4332593542182381e-08
23,merged_z_m0p048_dedup_filtered,82,0.00040707498556002975,0.00035888361162506044,4.8191373934969306e-05,4.8191373934969306e-05,2.322408521740039e-09
23,merged_z_m0p048_dedup_filtered,83,0.0003178672050125897,0.0003384589799679816,-2.0591774955391884e-05,2.0591774955391884e-05,4.240211958135044e-10
23,merged_z_m0p048_dedup_filtered,84,0.0002367771667195484,0.0003180345520377159,-8.125738531816751e-05,8.125738531816751e-05,6.6027626687451444e-09
23,merged_z_m0p048_dedup_filtered,85,0.00016849770327098668,0.00029760986217297614,-0.00012911215890198946,0.00012911215890198946,1.6669949576332576e-08
23,merged_z_m0p048_dedup_filtered,86,0.00011653976980596781,0.00027718511410057545,-0.00016064534429460764,0.00016064534429460764,2.5806926643533027e-08
23,merged_z_m0p048_dedup_filtered,87,8.28124611871317e-05,0.00025676030782051384,-0.00017394784663338214,0.00017394784663338214,3.0257853348390635e-08
23,merged_z_m0p048_dedup_filtered,88,6.736133218510076e-05,0.00023633554519619793,-0.00016897421301109716,0.00016897421301109716,2.8552284662719638e-08
23,merged_z_m0p048_dedup_filtered,89,6.832603685325012e-05,0.0002159112336812541,-0.00014758519682800397,0.00014758519682800397,2.1781390322760674e-08
23,merged_z_m0p048_dedup_filtered,90,8.214828267227858e-05,0.0001954879699042067,-0.00011333968723192811,0.00011333968723192811,1.2845884701831288e-08
23,merged_z_m0p048_dedup_filtered,91,0.00010402115003671497,0.0001750672236084938,-7.104607357177883e-05,7.104607357177883e-05,5.047544569966611e-09
23,merged_z_m0p048_dedup_filtered,92,0.00012853022781200707,0.0001546525745652616,-2.6122346753254533e-05,2.6122346753254533e-05,6.823769998972676e-10
23,merged_z_m0p048_dedup_filtered,93,0.00015040124708320946,0.00013425250654108822,1.614874054212123e-05,1.614874054212123e-05,2.6078182109674993e-10
23,merged_z_m0p048_dedup_filtered,94,-0.0013312418013811111,-0.0001346870994893834,-0.0011965547018917277,0.0011965547018917277,1.4317431546192015e-06
23,merged_z_m0p048_dedup_filtered,95,-0.001338670845143497,-0.00011431432358222082,-0.0012243565215612762,0.0012243565215612762,1.4990488918896277e-06
23,merged_z_m0p048_dedup_filtered,96,-0.0016170806484296918,-0.00023012967722024769,-0.001386950971209444,0.001386950971209444,1.92363299653882e-06
23,merged_z_m0p048_dedup_filtered,97,-0.001524848979897797,-0.00034439569571986794,-0.0011804532841779292,0.0011804532841779292,1.3934699561264588e-06
23,merged_z_m0p048_dedup_filtered,98,-0.0013828877126798034,-0.00040538940811529756,-0.0009774983045645058,0.0009774983045645058,9.555029354264834e-07
23,merged_z_m0p048_dedup_filtered,99,-0.0015210056444630027,-0.0002708356478251517,-0.001250169996637851,0.001250169996637851,1.5629250204934844e-06
23,merged_z_m0p048_dedup_filtered,100,-0.0013766674092039466,-0.000311625306494534,-0.0010650421027094126,0.0010650421027094126,1.134314680543687e-06
23,merged_z_m0p048_dedup_filtered,101,-0.0011759507469832897,-0.00046654770267196,-0.0007094030443113297,0.0007094030443113297,5.032526792781824e-07
23,merged_z_m0p048_dedup_filtered,102,-0.0009428741177543998,-0.0005277741001918912,-0.0004151000175625086,0.0004151000175625086,1.7230802458039493e-07
23,merged_z_m0p048_dedup_filtered,103,-0.001204359927214682,-0.0003524541389197111,-0.000851905788294971,0.000851905788294971,7.257434721304759e-07
23,merged_z_m0p048_dedup_filtered,104,-0.001027716207318008,-0.00039330110303126276,-0.0006344151042867452,0.0006344151042867452,4.024825245471618e-07
23,merged_z_m0p048_dedup_filtered,105,-0.0007268741610459983,-0.0005890292231924832,-0.00013784493785351515,0.00013784493785351515,1.9001226891839453e-08
23,merged_z_m0p048_dedup_filtered,106,-0.0005671739345416427,-0.0006503114709630609,8.313753642141819e-05,8.313753642141819e-05,6.911849962222636e-09
23,merged_z_m0p048_dedup_filtered,107,-0.0008700366597622633,-0.000434155750554055,-0.0004358809092082083,0.0004358809092082083,1.8999216701217435e-07
23,merged_z_m0p048_dedup_filtered,108,-0.0010828913655132055,-0.005804904270917177,0.004722012905403972,0.004722012905403972,2.2297405878801658e-05
23,merged_z_m0p048_dedup_filtered,109,-0.0011943434365093708,-0.000195943663129583,-0.0009983997733797878,0.0009983997733797878,9.968021074848116e-07
23,merged_z_m0p048_dedup_filtered,110,-0.0012679750798270106,-0.00017551530618220568,-0.001092459773644805,0.001092459773644805,1.1934683570320585e-06
23,merged_z_m0p048_dedup_filtered,111,-0.0013108073035255075,-0.0001550936867715791,-0.0011557136167539284,0.0011557136167539284,1.335673963950446e-06
23,merged_z_m0p048_dedup_filtered,112,-0.0016511797439306974,-0.00018960496527142823,-0.0014615747786592692,0.0014615747786592692,2.136200833612892e-06
23,merged_z_m0p048_dedup_filtered,113,-0.000750845531001687,-0.00047501467633992434,-0.0002758308546617627,0.0002758308546617627,7.608266038343847e-08
23,merged_z_m0p048_dedup_filtered,114,-0.0004916021134704351,-0.0007115888292901218,0.00021998671581968665,0.00021998671581968665,4.839415513713157e-08
23,merged_z_m0p048_dedup_filtered,115,-0.0005116558168083429,-0.0007728756172582507,0.0002612198004499078,0.0002612198004499078,6.823578414708964e-08
23,merged_z_m0p048_dedup_filtered,116,-0.0006832603248767555,-0.0005158754647709429,-0.00016738486010581255,0.00016738486010581255,2.8017691392642438e-08
23,merged_z_m0p048_dedup_filtered,117,-0.0006725841085426509,-0.0005567368352785707,-0.00011584727326408029,0.00011584727326408029,1.3420590722722491e-08
23,merged_z_m0p048_dedup_filtered,118,-0.0006209806306287646,-0.0008341713109984994,0.00021319068036973476,0.00021319068036973476,4.545026619651041e-08
23,merged_z_m0p048_dedup_filtered,119,-0.0007974937907420099,-0.0008954599034041166,9.796611266210675e-05,9.796611266210675e-05,9.597359230124593e-09
23,merged_z_m0p048_dedup_filtered,120,-0.0006192232831381261,-0.00027767239953391254,-0.0003415508836042136,0.0003415508836042136,1.1665700609081906e-07
23,merged_z_m0p048_dedup_filtered,121,-0.000783790135756135,-0.00025723950238898396,-0.000526550633367151,0.000526550633367151,2.772555694993479e-07
23,merged_z_m0p048_dedup_filtered,122,-4.5903288992121816e-06,0.000771452090702951,-0.0007760424196021631,0.0007760424196021631,6.022418370219798e-07
23,merged_z_m0p048_dedup_filtered,123,0.00021381594706326723,0.0008390358416363597,-0.0006252198945730925,0.0006252198945730925,3.9089991656998885e-07
23,merged_z_m0p048_dedup_filtered,124,0.0004973175236955285,0.0009618177427910268,-0.0004645002190954983,0.0004645002190954983,2.1576045353976595e-07
23,merged_z_m0p048_dedup_filtered,125,0.0005271157715469599,0.0010490822605788708,-0.0005219664890319109,0.0005219664890319109,2.7244901567229996e-07
23,merged_z_m0p048_dedup_filtered,126,0.0004387550870887935,-0.026888910681009293,0.027327665768098086,0.027327665768098086,0.00074680131633288
23,merged_z_m0p048_dedup_filtered,127,0.0002940630365628749,0.0011778248008340597,-0.0008837617642711848,0.0008837617642711848,7.810348559877172e-07
24,merged_z_m0p050_dedup_filtered,0,-0.0014468785375356674,-0.001447714283131063,8.35745595395565e-07,8.35745595395565e-07,6.984707002230875e-13
24,merged_z_m0p050_dedup_filtered,1,-0.001490232185460627,-0.001375006278976798,-0.00011522590648382902,0.00011522590648382902,1.3277009525020111e-08
24,merged_z_m0p050_dedup_filtered,2,-0.0015428882325068116,-0.0013246310409158468,-0.0002182571915909648,0.0002182571915909648,4.763620168117511e-08
24,merged_z_m0p050_dedup_filtered,3,-0.001525562023743987,-0.0008837009663693607,-0.0006418610573746264,0.0006418610573746264,4.1198561697407344e-07
24,merged_z_m0p050_dedup_filtered,4,-0.0014409702271223068,-0.0008428021101281047,-0.0005981681169942021,0.0005981681169942021,3.578050961883895e-07
24,merged_z_m0p050_dedup_filtered,5,-0.0015811785124242306,-0.001263270853087306,-0.00031790765933692455,0.00031790765933692455,1.0106527986508207e-07
24,merged_z_m0p050_dedup_filtered,6,-0.0015807286836206913,-0.0012019394198432565,-0.0003787892637774348,0.0003787892637774348,1.434813063530511e-07
24,merged_z_m0p050_dedup_filtered,7,-0.001332824002020061,-0.0008019231609068811,-0.0005309008411131799,0.0005309008411131799,2.818557030946819e-07
24,merged_z_m0p050_dedup_filtered,8,-0.0012055865954607725,-0.0007610530010424554,-0.0004445335944183171,0.0004445335944183171,1.9761011656646883e-07
24,merged_z_m0p050_dedup_filtered,9,-0.0015233899466693401,-0.0011406324338167906,-0.00038275751285254955,0.00038275751285254955,1.4650331364506964e-07
24,merged_z_m0p050_dedup_filtered,10,-0.0014025198761373758,-0.0010793345281854272,-0.00032318534795194864,0.00032318534795194864,1.0444876913082211e-07
24,merged_z_m0p050_dedup_filtered,11,-0.001067515229806304,-0.0007201872649602592,-0.0003473279648460448,0.0003473279648460448,1.2063671516409532e-07
24,merged_z_m0p050_dedup_filtered,12,-0.000930594396777451,-0.0006793235661461949,-0.0002512708306312561,0.0002512708306312561,6.313703032612139e-08
24,merged_z_m0p050_dedup_filtered,13,-0.0012258545029908419,-0.0010180397657677531,-0.00020781473722308874,0.00020781473722308874,4.3186965007101425e-08
24,merged_z_m0p050_dedup_filtered,14,-0.0010151363676413894,-0.0009567463421262801,-5.83900255151093e-05,5.83900255151093e-05,3.409395079655115e-09
24,merged_z_m0p050_dedup_filtered,15,-0.0008095036610029638,-0.000638460973277688,-0.00017104268772527575,0.00017104268772527575,2.9255601024286197e-08
24,merged_z_m0p050_dedup_filtered,16,-0.0007196916849352419,-0.0005975988460704684,-0.0001220928388647735,0.0001220928388647735,1.490666130205955e-08
24,merged_z_m0p050_dedup_filtered,17,-0.00047328369691967964,-0.015559494495391846,0.015086210798472166,0.015086210798472166,0.0002275937562559382
24,merged_z_m0p050_dedup_filtered,18,-0.00012752451584674418,-4.381816864906796e-08,-0.0001274806976780951,0.0001274806976780951,1.6251328280493885e-08
24,merged_z_m0p050_dedup_filtered,19,-0.00026028096908703446,-3.940547443903597e-08,-0.00026024156361259543,0.00026024156361259543,6.772567143152855e-08
24,merged_z_m0p050_dedup_filtered,20,-0.00037877686554566026,-3.528859693346931e-08,-0.0003787415769487268,0.0003787415769487268,1.4344518210960834e-07
24,merged_z_m0p050_dedup_filtered,21,-0.0004675363306887448,-3.133590809056841e-08,-0.0004675049947806542,0.0004675049947806542,2.1856092014485952e-07
24,merged_z_m0p050_dedup_filtered,22,-0.0005174757679924369,-2.7436634297828277e-08,-0.0005174483313581391,0.0005174483313581391,2.6775277562532245e-07
24,merged_z_m0p050_dedup_filtered,23,-0.0005275557050481439,-2.3607100274603e-08,-0.0005275320979478693,0.0005275320979478693,2.7829011436528034e-07
24,merged_z_m0p050_dedup_filtered,24,-0.0005046662408858538,-1.99208045614796e-08,-0.0005046463200812923,0.0005046463200812923,2.546679083715901e-07
24,merged_z_m0p050_dedup_filtered,25,-0.0004617926897481084,-1.6569588368042787e-08,-0.00046177612015974034,0.00046177612015974034,2.1323718514978296e-07
24,merged_z_m0p050_dedup_filtered,26,-0.00041487711132504046,-1.3542215349104936e-08,-0.00041486356910969135,0.00041486356910969135,1.7211178097443165e-07
24,merged_z_m0p050_dedup_filtered,27,-0.0003790808841586113,-1.0667145389220423e-08,-0.0003790702170132221,0.0003790702170132221,1.4369422942645128e-07
24,merged_z_m0p050_dedup_filtered,28,-0.00036527763586491346,-7.969680915209665e-09,-0.00036526966618399825,0.00036526966618399825,1.3342192903416952e-07
24,merged_z_m0p050_dedup_filtered,29,0.000170764367794618,9.47217849898152e-05,7.60425828048028e-05,7.60425828048028e-05,5.782474399625291e-09
24,merged_z_m0p050_dedup_filtered,30,-0.00039289845153689384,0.00021143874619156122,-0.0006043371977284551,0.0006043371977284551,3.652234485582818e-07
24,merged_z_m0p050_dedup_filtered,31,-0.0003785882145166397,0.00025207229191437364,-0.0006306605064310133,0.0006306605064310133,3.977326743718222e-07
24,merged_z_m0p050_dedup_filtered,32,-0.0008812049054540694,0.00037894511478953063,-0.0012601500202436,0.0012601500202436,1.5879780735199455e-06
24,merged_z_m0p050_dedup_filtered,33,-0.0007111937156878412,-0.0010146728018298745,0.00030347908614203334,0.00030347908614203334,9.209955572560369e-08
24,merged_z_m0p050_dedup_filtered,34,-0.0007657937239855528,0.0004891888820566237,-0.0012549826060421765,0.0012549826060421765,1.5749813414684127e-06
24,merged_z_m0p050_dedup_filtered,35,-0.0003032068780157715,0.0003336321096867323,-0.0006368389877025038,0.0006368389877025038,4.055638962579498e-07
24,merged_z_m0p050_dedup_filtered,36,-0.0002385348198004067,0.00037446481292136014,-0.0006129996327217668,0.0006129996327217668,3.75768549717021e-07
24,merged_z_m0p050_dedup_filtered,37,-0.0001550818415125832,0.0004153090703766793,-0.0005703909118892625,0.0005703909118892625,3.253457923658644e-07
24,merged_z_m0p050_dedup_filtered,38,-0.0004752990207634866,0.0006241575465537608,-0.0010994565673172474,0.0010994565673172474,1.208804743417025e-06
24,merged_z_m0p050_dedup_filtered,39,-5.494290962815285e-05,0.0004561584210023284,-0.0005111013306304812,0.0005111013306304812,2.612245701722485e-07
24,merged_z_m0p050_dedup_filtered,40,5.695722938980907e-05,0.0004970102454535663,-0.00044005301606375724,0.00044005301606375724,1.936466569468094e-07
24,merged_z_m0p050_dedup_filtered,41,0.00017299810133408755,0.0005378634086810052,-0.0003648653073469177,0.0003648653073469177,1.331266925053607e-07
24,merged_z_m0p050_dedup_filtered,42,0.0002836720959749073,0.0005787170375697315,-0.0002950449415948242,0.0002950449415948242,8.705151756069322e-08
24,merged_z_m0p050_dedup_filtered,43,0.0003789504407905042,0.0006195716559886932,-0.00024062121519818902,0.00024062121519818902,5.789856920345319e-08
24,merged_z_m0p050_dedup_filtered,44,0.00044996183714829385,0.0006604263326153159,-0.00021046449546702206,0.00021046449546702206,4.429530385218815e-08
24,merged_z_m0p050_dedup_filtered,45,0.0004906425019726157,0.0007012812420725822,-0.00021063874009996653,0.00021063874009996653,4.4368678830901246e-08
24,merged_z_m0p050_dedup_filtered,46,0.0004990057786926627,0.0007421369664371014,-0.00024313118774443865,0.00024313118774443865,5.9112774454021474e-08
24,merged_z_m0p050_dedup_filtered,47,0.00047773789265193045,0.0007829946698620915,-0.0003052567772101611,0.0003052567772101611,9.318170003273392e-08
24,merged_z_m0p050_dedup_filtered,48,0.0004339525185059756,0.0008238583686761558,-0.0003899058501701802,0.0003899058501701802,1.52026571996931e-07
24,merged_z_m0p050_dedup_filtered,49,0.0003781063132919371,0.0008647360373288393,-0.0004866297240369022,0.0004866297240369022,2.3680848831623158e-07
24,merged_z_m0p050_dedup_filtered,50,0.00032224785536527634,0.0009056436247192323,-0.000583395769353956,0.000583395769353956,3.403506237000942e-07
24,merged_z_m0p050_dedup_filtered,51,0.00027791509637609124,0.0009466128540225327,-0.0006686977576464415,0.0006686977576464415,4.4715669108137896e-07
24,merged_z_m0p050_dedup_filtered,52,0.00025407582870684564,0.0009877001866698265,-0.0007336243579629809,0.0007336243579629809,5.382046985965959e-07
24,merged_z_m0p050_dedup_filtered,53,-0.00036460679257288575,0.0014846447156742215,-0.0018492515082471073,0.0018492515082471073,3.419731140754201e-06
24,merged_z_m0p050_dedup_filtered,54,-0.00022471140255220234,0.0013856397708877921,-0.0016103511734399945,0.0016103511734399945,2.593230901799567e-06
24,merged_z_m0p050_dedup_filtered,55,0.0007878204924054444,0.00046105115325190127,0.0003267693391535431,0.0003267693391535431,1.0677820101084329e-07
24,merged_z_m0p050_dedup_filtered,56,0.0008204093901440501,0.0004815375432372093,0.0003388718469068408,0.0003388718469068408,1.1483412862605335e-07
24,merged_z_m0p050_dedup_filtered,57,0.00083203986287117,0.0005020664539188147,0.0003299734089523554,0.0003299734089523554,1.0888245061563837e-07
24,merged_z_m0p050_dedup_filtered,58,-5.459237581817433e-05,-8.765365322460639e-08,-5.4504722164949726e-05,5.4504722164949726e-05,2.970764738278362e-09
24,merged_z_m0p050_dedup_filtered,59,-2.281142951687798e-05,-8.278884422452393e-08,-2.2728640672653455e-05,2.2728640672653455e-05,5.165911068265969e-10
24,merged_z_m0p050_dedup_filtered,60,3.396278043510392e-05,-7.802069035278691e-08,3.404080112545671e-05,3.404080112545671e-05,1.1587761412628949e-09
24,merged_z_m0p050_dedup_filtered,61,0.00010119115904672071,-7.334247698054241e-08,0.00010126450152370126,0.00010126450152370126,1.0254499268843694e-08
24,merged_z_m0p050_dedup_filtered,62,0.00016094281454570591,-6.88823433847574e-08,0.00016101169688909067,0.00016101169688909067,2.592476653510441e-08
24,merged_z_m0p050_dedup_filtered,63,0.00019579794025048614,-6.451631406889646e-08,0.00019586245656455503,0.00019586245656455503,3.836210189150221e-08
24,merged_z_m0p050_dedup_filtered,64,0.0001926506229210645,-6.008493613762766e-08,0.00019271070785720212,0.00019271070785720212,3.7137416922823904e-08
24,merged_z_m0p050_dedup_filtered,65,0.00014559262490365654,-5.5533046605660275e-08,0.0001456481579502622,0.0001456481579502622,2.1213385914304525e-08
24,merged_z_m0p050_dedup_filtered,66,5.7259454479208216e-05,-5.0840792908957155e-08,5.731029527211717e-05,5.731029527211717e-05,3.284469944177256e-09
24,merged_z_m0p050_dedup_filtered,67,-0.0003450504154898226,-0.0003287561412435025,-1.629427424632013e-05,1.629427424632013e-05,2.655033732142914e-10
24,merged_z_m0p050_dedup_filtered,68,-0.0003400402201805264,-0.0003491897659841925,9.149545803666115e-06,9.149545803666115e-06,8.371418841338421e-11
24,merged_z_m0p050_dedup_filtered,69,-0.00040858815191313624,-0.00036962368176318705,-3.896447014994919e-05,3.896447014994919e-05,1.5182299340662817e-09
24,merged_z_m0p050_dedup_filtered,70,-0.0005439487867988646,-0.00039005829603411257,-0.00015389049076475203,0.00015389049076475203,2.368228314781623e-08
24,merged_z_m0p050_dedup_filtered,71,-0.0007276595570147038,-0.00041049456922337413,-0.0003171649877913296,0.0003171649877913296,1.0059362948067427e-07
24,merged_z_m0p050_dedup_filtered,72,-0.0009321427205577493,-0.00043093538261018693,-0.0005012073379475623,0.0005012073379475623,2.5120879561248196e-07
24,merged_z_m0p050_dedup_filtered,73,-0.00112519774120301,-0.00045138722634874284,-0.0006738105148542672,0.0006738105148542672,4.540206099281727e-07
24,merged_z_m0p050_dedup_filtered,74,-0.0012755605857819319,-0.000471863808343187,-0.0008036967774387449,0.0008036967774387449,6.459285100654235e-07
24,merged_z_m0p050_dedup_filtered,75,-0.001358468784019351,-0.0004923840169794858,-0.0008660847670398653,0.0008660847670398653,7.501028236984977e-07
24,merged_z_m0p050_dedup_filtered,76,-0.0016287724720314145,-0.0009862297447398305,-0.000642542727291584,0.000642542727291584,4.128611563953069e-07
24,merged_z_m0p050_dedup_filtered,77,-0.0016057053580880165,-0.0009451392688788474,-0.0006605660892091691,0.0006605660892091691,4.36347558213096e-07
24,merged_z_m0p050_dedup_filtered,78,0.0007359421579167247,0.0004405994259286672,0.0002953427319880575,0.0002953427319880575,8.722732933816956e-08
24,merged_z_m0p050_dedup_filtered,79,0.0006675107288174331,0.0004201637639198452,0.0002473469648975879,0.0002473469648975879,6.118052104404858e-08
24,merged_z_m0p050_dedup_filtered,80,0.0005862738471478224,0.0003997348539996892,0.00018653899314813316,0.00018653899314813316,3.479679596471927e-08
24,merged_z_m0p050_dedup_filtered,81,0.0004968616995029151,0.00037930873804725707,0.00011755296145565808,0.00011755296145565808,1.3818698746995434e-08
24,merged_z_m0p050_dedup_filtered,82,0.0004045547975692898,0.00035888361162506044,4.5671185944229364e-05,4.5671185944229364e-05,2.085857225552374e-09
24,merged_z_m0p050_dedup_filtered,83,0.0003149367985315621,0.0003384589799679816,-2.3522181436419487e-05,2.3522181436419487e-05,5.532930195278375e-10
24,merged_z_m0p050_dedup_filtered,84,0.00023344207147601992,0.0003180345520377159,-8.459248056169599e-05,8.459248056169599e-05,7.1558877675809144e-09
24,merged_z_m0p050_dedup_filtered,85,0.00016483961371704936,0.00029760986217297614,-0.00013277024845592678,0.00013277024845592678,1.7627938875048526e-08
24,merged_z_m0p050_dedup_filtered,86,0.00011271701077930629,0.00027718511410057545,-0.00016446810332126915,0.00016446810332126915,2.7049757010095666e-08
24,merged_z_m0p050_dedup_filtered,87,7.904394442448393e-05,0.00025676030782051384,-0.00017771636339602992,0.00017771636339602992,3.158310581870976e-08
24,merged_z_m0p050_dedup_filtered,88,6.389620102709159e-05,0.00023633554519619793,-0.00017243934416910633,0.00017243934416910633,2.9735327417471507e-08
24,merged_z_m0p050_dedup_filtered,89,6.540348113048822e-05,0.0002159112336812541,-0.00015050775255076587,0.00015050775255076587,2.265258357788257e-08
24,merged_z_m0p050_dedup_filtered,90,7.995508349267766e-05,0.0001954879699042067,-0.00011553288641152903,0.00011553288641152903,1.334784784257927e-08
24,merged_z_m0p050_dedup_filtered,91,0.00010265513992635533,0.0001750672236084938,-7.241208368213847e-05,7.241208368213847e-05,5.243509863189025e-09
24,merged_z_m0p050_dedup_filtered,92,0.00012797700765077025,0.0001546525745652616,-2.6675566914491355e-05,2.6675566914491355e-05,7.115858702095059e-10
24,merged_z_m0p050_dedup_filtered,93,0.00015052943490445614,0.00013425250654108822,1.6276928363367915e-05,1.6276928363367915e-05,2.649383969462109e-10
24,merged_z_m0p050_dedup_filtered,94,-0.0013305898755788803,-0.0001346870994893834,-0.001195902776089497,0.001195902776089497,1.4301834498585654e-06
24,merged_z_m0p050_dedup_filtered,95,-0.0013378417352214456,-0.00011431432358222082,-0.0012235274116392247,0.0012235274116392247,1.4970193270325808e-06
24,merged_z_m0p050_dedup_filtered,96,-0.0016151483869180083,-0.00023012967722024769,-0.0013850187096977606,0.0013850187096977606,1.9182768262128496e-06
24,merged_z_m0p050_dedup_filtered,97,-0.0015220027416944504,-0.00034439569571986794,-0.0011776070459745824,0.0011776070459745824,1.3867583547289823e-06
24,merged_z_m0p050_dedup_filtered,98,-0.0013798931613564491,-0.00040538940811529756,-0.0009745037532411516,0.0009745037532411516,9.496575650810912e-07
24,merged_z_m0p050_dedup_filtered,99,-0.0015190051635727286,-0.0002708356478251517,-0.001248169515747577,0.001248169515747577,1.5579271400415407e-06
24,merged_z_m0p050_dedup_filtered,100,-0.0013746352633461356,-0.000311625306494534,-0.0010630099568516016,0.0010630099568516016,1.129990168365644e-06
24,merged_z_m0p050_dedup_filtered,101,-0.00117283605504781,-0.00046654770267196,-0.0007062883523758501,0.0007062883523758501,4.98843236701793e-07
24,merged_z_m0p050_dedup_filtered,102,-0.0009398221736773849,-0.0005277741001918912,-0.00041204807348549366,0.00041204807348549366,1.6978361486310678e-07
24,merged_z_m0p050_dedup_filtered,103,-0.001202430110424757,-0.0003524541389197111,-0.0008499759715050459,0.0008499759715050459,7.224591521359466e-07
24,merged_z_m0p050_dedup_filtered,104,-0.001026116544380784,-0.00039330110303126276,-0.0006328154413495213,0.0006328154413495213,4.004553828103894e-07
24,merged_z_m0p050_dedup_filtered,105,-0.0007242213468998671,-0.0005890292231924832,-0.00013519212370738387,0.00013519212370738387,1.8276910312512584e-08
24,merged_z_m0p050_dedup_filtered,106,-0.0005653630360029638,-0.0006503114709630609,8.494843496009707e-05,8.494843496009707e-05,7.216236602169843e-09
24,merged_z_m0p050_dedup_filtered,107,-0.0008690546383149922,-0.000434155750554055,-0.0004348988877609372,0.0004348988877609372,1.8913704257570026e-07
24,merged_z_m0p050_dedup_filtered,108,-0.0010837740264832973,-0.006046775262802839,0.004963001236319542,0.004963001236319542,2.4631381271709302e-05
24,merged_z_m0p050_dedup_filtered,109,-0.0011947739403694868,-0.000195943663129583,-0.0009988302772399038,0.0009988302772399038,9.97661922731143e-07
24,merged_z_m0p050_dedup_filtered,110,-0.001267978805117309,-0.00017551530618220568,-0.0010924634989351034,0.0010924634989351034,1.1934764965055287e-06
24,merged_z_m0p050_dedup_filtered,111,-0.0013104400131851435,-0.0001550936867715791,-0.0011553463264135644,0.0011553463264135644,1.3348251339573185e-06
24,merged_z_m0p050_dedup_filtered,112,-0.0016492798458784819,-0.00018960496527142823,-0.0014596748806070536,0.0014596748806070536,2.1306507570752163e-06
24,merged_z_m0p050_dedup_filtered,113,-0.000750770210288465,-0.00047501467633992434,-0.0002757555339485407,0.0002757555339485407,7.604111450324478e-08
24,merged_z_m0p050_dedup_filtered,114,-0.0004910996649414301,-0.0007115888292901218,0.0002204891643486917,0.0002204891643486917,4.861547159518438e-08
24,merged_z_m0p050_dedup_filtered,115,-0.0005128491902723908,-0.0007728756172582507,0.00026002642698585987,0.00026002642698585987,6.761374273103271e-08
24,merged_z_m0p050_dedup_filtered,116,-0.0006843141163699329,-0.0005158754647709429,-0.00016843865159898996,0.00016843865159898996,2.8371579352485924e-08
24,merged_z_m0p050_dedup_filtered,117,-0.0006748581072315574,-0.0005567368352785707,-0.00011812127195298672,0.00011812127195298672,1.3952634887791446e-08
24,merged_z_m0p050_dedup_filtered,118,-0.000624081352725625,-0.0008341713109984994,0.00021008995827287436,0.00021008995827287436,4.413779056709809e-08
24,merged_z_m0p050_dedup_filtered,119,-0.0008024664130061865,-0.0008954599034041166,9.299349039793015e-05,9.299349039793015e-05,8.647789256389926e-09
24,merged_z_m0p050_dedup_filtered,120,-0.0006210100254975259,-0.00027767239953391254,-0.0003433376259636134,0.0003433376259636134,1.1788072540233009e-07
24,merged_z_m0p050_dedup_filtered,121,-0.0007853940478526056,-0.00025723950238898396,-0.0005281545454636216,0.0005281545454636216,2.7894722389388475e-07
24,merged_z_m0p050_dedup_filtered,122,-5.090652848593891e-06,0.000771452090702951,-0.0007765427435515448,0.0007765427435515448,6.030186325625603e-07
24,merged_z_m0p050_dedup_filtered,123,0.0002143656020052731,0.0008390358416363597,-0.0006246702396310866,0.0006246702396310866,3.9021290828075914e-07
24,merged_z_m0p050_dedup_filtered,124,0.000499719986692071,0.0009618177427910268,-0.00046209775609895587,0.00046209775609895587,2.135343361916901e-07
24,merged_z_m0p050_dedup_filtered,125,0.0005307064857333899,0.0010490822605788708,-0.0005183757748454809,0.0005183757748454809,2.6871344394665273e-07
24,merged_z_m0p050_dedup_filtered,126,0.0004426721134223044,-0.028009282425045967,0.02845195453846827,0.02845195453846827,0.0008095137170590653
24,merged_z_m0p050_dedup_filtered,127,0.0002980489516630769,0.0011778248008340597,-0.0008797758491709828,0.0008797758491709828,7.740055447845239e-07
25,merged_z_p0p000_dedup_filtered,0,-0.0014879859518259764,-0.001447714283131063,-4.027166869491339e-05,4.027166869491339e-05,1.621807299472867e-09
25,merged_z_p0p000_dedup_filtered,1,-0.001476595876738429,-0.001375006278976798,-0.00010158959776163101,0.00010158959776163101,1.0320446373369985e-08
25,merged_z_p0p000_dedup_filtered,2,-0.00144940335303545,-0.0013246310409158468,-0.00012477231211960316,0.00012477231211960316,1.556812987167167e-08
25,merged_z_p0p000_dedup_filtered,3,-0.0015236964682117105,-0.0008837009663693607,-0.0006399955018423498,0.0006399955018423498,4.095942423784411e-07
25,merged_z_p0p000_dedup_filtered,4,-0.0013856719015166163,-0.0008428021101281047,-0.0005428697913885117,0.0005428697913885117,2.9470761040220617e-07
25,merged_z_p0p000_dedup_filtered,5,-0.0013980116927996278,-0.001263270853087306,-0.00013474083971232176,0.00013474083971232176,1.8155093886381584e-08
25,merged_z_p0p000_dedup_filtered,6,-0.0013149012811481953,-0.0012019394198432565,-0.00011296186130493879,0.00011296186130493879,1.2760382109476228e-08
25,merged_z_p0p000_dedup_filtered,7,-0.0012314291670918465,-0.0008019231609068811,-0.00042950600618496537,0.00042950600618496537,1.844754093489595e-07
25,merged_z_p0p000_dedup_filtered,8,-0.0010755055118352175,-0.0007610530010424554,-0.00031445251079276204,0.00031445251079276204,9.888038154387213e-08
25,merged_z_p0p000_dedup_filtered,9,-0.001197590259835124,-0.0011406324338167906,-5.6957826018333435e-05,5.6957826018333435e-05,3.2441939447347412e-09
25,merged_z_p0p000_dedup_filtered,10,-0.0010510347783565521,-0.0010793345281854272,2.8299749828875065e-05,2.8299749828875065e-05,8.008758403769143e-10
25,merged_z_p0p000_dedup_filtered,11,-0.0009325980790890753,-0.0007201872649602592,-0.00021241081412881613,0.00021241081412881613,4.511835395886647e-08
25,merged_z_p0p000_dedup_filtered,12,-0.0008161601144820452,-0.0006793235661461949,-0.00013683654833585024,0.00013683654833585024,1.872424096046948e-08
25,merged_z_p0p000_dedup_filtered,13,-0.0008885575225576758,-0.0010180397657677531,0.00012948224321007729,0.00012948224321007729,1.6765651306713605e-08
25,merged_z_p0p000_dedup_filtered,14,-0.0007307547493837774,-0.0009567463421262801,0.0002259915927425027,0.0002259915927425027,5.1072199990293194e-08
25,merged_z_p0p000_dedup_filtered,15,-0.0007370992098003626,-0.000638460973277688,-9.863823652267456e-05,9.863823652267456e-05,9.72950170430309e-09
25,merged_z_p0p000_dedup_filtered,16,-0.0007027070969343185,-0.0005975988460704684,-0.00010510825086385012,0.00010510825086385012,1.1047744399658049e-08
25,merged_z_p0p000_dedup_filtered,17,-0.0005908305756747723,-3.9534403528662665e-11,-0.0005908305361403687,0.0005908305361403687,3.490807224359156e-07
25,merged_z_p0p000_dedup_filtered,18,2.337051773793064e-05,-4.381816864906796e-08,2.341433590657971e-05,2.341433590657971e-05,5.482311259461478e-10
25,merged_z_p0p000_dedup_filtered,19,-8.819230970402714e-06,-3.940547443903597e-08,-8.779825495963678e-06,8.779825495963678e-06,7.708533573957384e-11
25,merged_z_p0p000_dedup_filtered,20,-6.99999145581387e-05,-3.528859693346931e-08,-6.996462596120523e-05,6.996462596120523e-05,4.895048885891353e-09
25,merged_z_p0p000_dedup_filtered,21,-0.00015771879407111555,-3.133590809056841e-08,-0.00015768745816302498,0.00015768745816302498,2.4865334461915755e-08
25,merged_z_p0p000_dedup_filtered,22,-0.0002662079350557178,-2.7436634297828277e-08,-0.00026618049842142,0.00026618049842142,7.085205773987558e-08
25,merged_z_p0p000_dedup_filtered,23,-0.00038675611722283065,-2.3607100274603e-08,-0.00038673251012255605,0.00038673251012255605,1.4956203438569292e-07
25,merged_z_p0p000_dedup_filtered,24,-0.00050853390712291,-1.99208045614796e-08,-0.0005085139863183485,0.0005085139863183485,2.585864742813776e-07
25,merged_z_p0p000_dedup_filtered,25,-0.0006197899347171187,-1.6569588368042787e-08,-0.0006197733651287507,0.0006197733651287507,3.8411902412301574e-07
25,merged_z_p0p000_dedup_filtered,26,-0.0007092618616297841,-1.3542215349104936e-08,-0.000709248319414435,0.000709248319414435,5.030331785922004e-07
25,merged_z_p0p000_dedup_filtered,27,-0.0007675986853428185,-1.0667145389220423e-08,-0.0007675880181974293,0.0007675880181974293,5.891913656802571e-07
25,merged_z_p0p000_dedup_filtered,28,-0.0007885821396484971,-7.969680915209665e-09,-0.0007885741699675819,0.0007885741699675819,6.218492215400607e-07
25,merged_z_p0p000_dedup_filtered,29,-0.00045059609692543745,9.47217849898152e-05,-0.0005453178819152527,0.0005453178819152527,2.9737159233653744e-07
25,merged_z_p0p000_dedup_filtered,30,9.079431765712798e-05,0.00021143874619156122,-0.00012064442853443325,0.00012064442853443325,1.455507813639997e-08
25,merged_z_p0p000_dedup_filtered,31,2.8162423404864967e-05,0.00025207229191437364,-0.00022390986850950867,0.00022390986850950867,5.013562921594546e-08
25,merged_z_p0p000_dedup_filtered,32,0.00023640788276679814,0.00037894511478953063,-0.0001425372320227325,0.0001425372320227325,2.0316862512702278e-08
25,merged_z_p0p000_dedup_filtered,33,-1.1930911568924785e-05,-6.285565384150926e-12,-1.19309052833594e-05,1.19309052833594e-05,1.4234650088049326e-10
25,merged_z_p0p000_dedup_filtered,34,-0.00027260277420282364,0.0004891888820566237,-0.0007617916562594473,0.0007617916562594473,5.80326527546512e-07
25,merged_z_p0p000_dedup_filtered,35,-0.0001989581505768001,0.0003336321096867323,-0.0005325902602635324,0.0005325902602635324,2.836523853275772e-07
25,merged_z_p0p000_dedup_filtered,36,-0.0003021305601578206,0.00037446481292136014,-0.0006765953730791807,0.0006765953730791807,4.5778129887215574e-07
25,merged_z_p0p000_dedup_filtered,37,-0.000356168020516634,0.0004153090703766793,-0.0007714770908933133,0.0007714770908933133,5.951769017732096e-07
25,merged_z_p0p000_dedup_filtered,38,-0.0008219124283641577,0.0006241575465537608,-0.0014460699749179184,0.0014460699749179184,2.0911183723591093e-06
25,merged_z_p0p000_dedup_filtered,39,-0.00033944970346055925,0.0004561584210023284,-0.0007956081244628876,0.0007956081244628876,6.329922877113537e-07
25,merged_z_p0p000_dedup_filtered,40,-0.00024501990992575884,0.0004970102454535663,-0.0007420301553793252,0.0007420301553793252,5.506087514922654e-07
25,merged_z_p0p000_dedup_filtered,41,-8.258907473646104e-05,0.0005378634086810052,-0.0006204524834174663,0.0006204524834174663,3.8496128417890127e-07
25,merged_z_p0p000_dedup_filtered,42,0.00012312890612520278,0.0005787170375697315,-0.0004555881314445287,0.0004555881314445287,2.0756054551311716e-07
25,merged_z_p0p000_dedup_filtered,43,0.00033740652725100517,0.0006195716559886932,-0.00028216512873768806,0.00028216512873768806,7.961715987555608e-08
25,merged_z_p0p000_dedup_filtered,44,0.0005227584624662995,0.0006604263326153159,-0.00013766787014901638,0.00013766787014901638,1.8952442471366435e-08
25,merged_z_p0p000_dedup_filtered,45,0.0006468932842835784,0.0007012812420725822,-5.438795778900385e-05,5.438795778900385e-05,2.9580499524584645e-09
25,merged_z_p0p000_dedup_filtered,46,0.0006896310951560736,0.0007421369664371014,-5.2505871281027794e-05,5.2505871281027794e-05,2.7568665189798593e-09
25,merged_z_p0p000_dedup_filtered,47,0.0006472768727689981,0.0007829946698620915,-0.0001357177970930934,0.0001357177970930934,1.841932044780207e-08
25,merged_z_p0p000_dedup_filtered,48,0.0005334800807759166,0.0008238583686761558,-0.00029037828790023923,0.00029037828790023923,8.431955008387422e-08
25,merged_z_p0p000_dedup_filtered,49,0.0003763734130188823,0.0008647360373288393,-0.000488362624309957,0.000488362624309957,2.3849805282290823e-07
25,merged_z_p0p000_dedup_filtered,50,0.0002125912142219022,0.0009056436247192323,-0.0006930524104973301,0.0006930524104973301,4.803216436961598e-07
25,merged_z_p0p000_dedup_filtered,51,7.944309618324041e-05,0.0009466128540225327,-0.0008671697578392923,0.0008671697578392923,7.519833889110568e-07
25,merged_z_p0p000_dedup_filtered,52,6.925809429958463e-06,0.0009877001866698265,-0.000980774377239868,0.000980774377239868,9.61918379050251e-07
25,merged_z_p0p000_dedup_filtered,53,-0.0005840870435349643,0.0014846447156742215,-0.002068731759209186,0.002068731759209186,4.279651091560733e-06
25,merged_z_p0p000_dedup_filtered,54,-0.00030856835655868053,0.0013856397708877921,-0.0016942081274464726,0.0016942081274464726,2.8703411791056833e-06
25,merged_z_p0p000_dedup_filtered,55,0.0005168344359844923,0.00046105115325190127,5.578328273259103e-05,5.578328273259103e-05,3.111774632424189e-09
25,merged_z_p0p000_dedup_filtered,56,0.0005365560646168888,0.0004815375432372093,5.501852137967944e-05,5.501852137967944e-05,3.0270376948062438e-09
25,merged_z_p0p000_dedup_filtered,57,0.000544159731362015,0.0005020664539188147,4.209327744320035e-05,4.209327744320035e-05,1.7718440059102394e-09
25,merged_z_p0p000_dedup_filtered,58,-0.00031937306630425155,-8.765365322460639e-08,-0.00031928541265102695,0.00031928541265102695,1.0194317473173655e-07
25,merged_z_p0p000_dedup_filtered,59,-0.0003031438391190022,-8.278884422452393e-08,-0.0003030610502747777,0.0003030610502747777,9.184600019365133e-08
25,merged_z_p0p000_dedup_filtered,60,-0.00027132578543387353,-7.802069035278691e-08,-0.00027124776474352075,0.00027124776474352075,7.357534987835638e-08
25,merged_z_p0p000_dedup_filtered,61,-0.0002264602080686018,-7.334247698054241e-08,-0.00022638686559162124,0.00022638686559162124,5.125101291239878e-08
25,merged_z_p0p000_dedup_filtered,62,-0.0001724090107018128,-6.88823433847574e-08,-0.00017234012835842805,0.00017234012835842805,2.9701119842599455e-08
25,merged_z_p0p000_dedup_filtered,63,-0.00011429726873757318,-6.451631406889646e-08,-0.00011423275242350428,0.00011423275242350428,1.3049121726249623e-08
25,merged_z_p0p000_dedup_filtered,64,-5.83142063987907e-05,-6.008493613762766e-08,-5.8254121462653075e-05,5.8254121462653075e-05,3.3935426673855376e-09
25,merged_z_p0p000_dedup_filtered,65,-1.1319105396978557e-05,-5.5533046605660275e-08,-1.1263572350372897e-05,1.1263572350372897e-05,1.2686806209208482e-10
25,merged_z_p0p000_dedup_filtered,66,1.976290877792053e-05,-5.0840792908957155e-08,1.9813749570829486e-05,1.9813749570829486e-05,3.9258467205554566e-10
25,merged_z_p0p000_dedup_filtered,67,-0.0005115545936860144,-0.0003287561412435025,-0.00018279845244251192,0.00018279845244251192,3.341527421537729e-08
25,merged_z_p0p000_dedup_filtered,68,-0.0005286605446599424,-0.0003491897659841925,-0.0001794707786757499,0.0001794707786757499,3.2209760398480004e-08
25,merged_z_p0p000_dedup_filtered,69,-0.0006100956816226244,-0.00036962368176318705,-0.00024047199985943735,0.00024047199985943735,5.7826782716397235e-08
25,merged_z_p0p000_dedup_filtered,70,-0.0007499642670154572,-0.00039005829603411257,-0.0003599059709813446,0.0003599059709813446,1.2953230794802445e-07
25,merged_z_p0p000_dedup_filtered,71,-0.0009315568022429943,-0.00041049456922337413,-0.0005210622330196202,0.0005210622330196202,2.7150585067939296e-07
25,merged_z_p0p000_dedup_filtered,72,-0.0011296909069642425,-0.00043093538261018693,-0.0006987555243540555,0.0006987555243540555,4.882592828153111e-07
25,merged_z_p0p000_dedup_filtered,73,-0.0013148320140317082,-0.00045138722634874284,-0.0008634447876829654,0.0008634447876829654,7.455369013768812e-07
25,merged_z_p0p000_dedup_filtered,74,-0.0014582294970750809,-0.000471863808343187,-0.000986365688731894,0.000986365688731894,9.729172719075434e-07
25,merged_z_p0p000_dedup_filtered,75,-0.0015370749169960618,-0.0004923840169794858,-0.001044690900016576,0.001044690900016576,1.0913790765774437e-06
25,merged_z_p0p000_dedup_filtered,76,-0.001719529740512371,-0.0009862297447398305,-0.0007332999957725406,0.0007332999957725406,5.37728883800008e-07
25,merged_z_p0p000_dedup_filtered,77,-0.0016726144822314382,-0.0009451392688788474,-0.0007274752133525908,0.0007274752133525908,5.292201860423975e-07
25,merged_z_p0p000_dedup_filtered,78,0.0004901282372884452,0.0004405994259286672,4.9528811359778047e-05,4.9528811359778047e-05,2.453103154712479e-09
25,merged_z_p0p000_dedup_filtered,79,0.0004633123753592372,0.0004201637639198452,4.314861143939197e-05,4.314861143939197e-05,1.8618026691476276e-09
25,merged_z_p0p000_dedup_filtered,80,0.00044306900235824287,0.0003997348539996892,4.333414835855365e-05,4.333414835855365e-05,1.877848413961138e-09
25,merged_z_p0p000_dedup_filtered,81,0.0004338980943430215,0.00037930873804725707,5.4589356295764446e-05,5.4589356295764446e-05,2.9799978207859174e-09
25,merged_z_p0p000_dedup_filtered,82,0.00043656904017552733,0.00035888361162506044,7.76854285504669e-05,7.76854285504669e-05,6.035025809069697e-09
25,merged_z_p0p000_dedup_filtered,83,0.0004474204615689814,0.0003384589799679816,0.00010896148160099983,0.00010896148160099983,1.1872604472685025e-08
25,merged_z_p0p000_dedup_filtered,84,0.0004587295698001981,0.0003180345520377159,0.00014069501776248217,0.00014069501776248217,1.9795088023185172e-08
25,merged_z_p0p000_dedup_filtered,85,0.0004601301334332675,0.00029760986217297614,0.00016252027126029134,0.00016252027126029134,2.641283857051868e-08
25,merged_z_p0p000_dedup_filtered,86,0.00044081572559662163,0.00027718511410057545,0.00016363061149604619,0.00016363061149604619,2.6774977018570002e-08
25,merged_z_p0p000_dedup_filtered,87,0.0003920730378013104,0.00025676030782051384,0.00013531272998079658,0.00013531272998079658,1.8309534894855964e-08
25,merged_z_p0p000_dedup_filtered,88,0.0003095979045610875,0.00023633554519619793,7.326235936488956e-05,7.326235936488956e-05,5.367373299710221e-09
25,merged_z_p0p000_dedup_filtered,89,0.0001950677251443267,0.0002159112336812541,-2.0843508536927402e-05,2.0843508536927402e-05,4.344518481289655e-10
25,merged_z_p0p000_dedup_filtered,90,5.658629015670158e-05,0.0001954879699042067,-0.0001389016797475051,0.0001389016797475051,1.9293676636678472e-08
25,merged_z_p0p000_dedup_filtered,91,-9.21557511901483e-05,0.0001750672236084938,-0.0002672229747986421,0.0002672229747986421,7.140811826023571e-08
25,merged_z_p0p000_dedup_filtered,92,-0.00023389457783196121,0.0001546525745652616,-0.0003885471523972228,0.0003885471523972228,1.509688896359907e-07
25,merged_z_p0p000_dedup_filtered,93,-0.0003506229550112039,0.00013425250654108822,-0.0004848754615522921,0.0004848754615522921,2.351042132155483e-07
25,merged_z_p0p000_dedup_filtered,94,-0.0011186052579432726,-0.0001346870994893834,-0.0009839181584538892,0.0009839181584538892,9.680949425352926e-07
25,merged_z_p0p000_dedup_filtered,95,-0.001111258054152131,-0.00011431432358222082,-0.0009969437305699103,0.0009969437305699103,9.938968019226498e-07
25,merged_z_p0p000_dedup_filtered,96,-0.0016008812235668302,-0.00023012967722024769,-0.0013707515463465825,0.0013707515463465825,1.878959801811547e-06
25,merged_z_p0p000_dedup_filtered,97,-0.00186888687312603,-0.00034439569571986794,-0.001524491177406162,0.001524491177406162,2.324073349989226e-06
25,merged_z_p0p000_dedup_filtered,98,-0.0017241808818653226,-0.00040538940811529756,-0.001318791473750025,0.001318791473750025,1.739210951235763e-06
25,merged_z_p0p000_dedup_filtered,99,-0.0015322662657126784,-0.0002708356478251517,-0.0012614306178875268,0.0012614306178875268,1.5912072037441075e-06
25,merged_z_p0p000_dedup_filtered,100,-0.0014260286698117852,-0.000311625306494534,-0.0011144033633172512,0.0011144033633172512,1.2418948561728014e-06
25,merged_z_p0p000_dedup_filtered,101,-0.0015074998373165727,-0.00046654770267196,-0.0010409521346446127,0.0010409521346446127,1.0835813466211758e-06
25,merged_z_p0p000_dedup_filtered,102,-0.0012515417765825987,-0.0005277741001918912,-0.0007237676763907075,0.0007237676763907075,5.238396493880039e-07
25,merged_z_p0p000_dedup_filtered,103,-0.0012929919175803661,-0.0003524541389197111,-0.000940537778660655,0.000940537778660655,8.846113130879193e-07
25,merged_z_p0p000_dedup_filtered,104,-0.00114670570474118,-0.00039330110303126276,-0.0007534046017099172,0.0007534046017099172,5.67618493877679e-07
25,merged_z_p0p000_dedup_filtered,105,-0.0009937810245901346,-0.0005890292231924832,-0.00040475180139765143,0.00040475180139765143,1.6382402073464387e-07
25,merged_z_p0p000_dedup_filtered,106,-0.000770098005887121,-0.0006503114709630609,-0.0001197865349240601,0.0001197865349240601,1.4348813949113072e-08
25,merged_z_p0p000_dedup_filtered,107,-0.001002066070213914,-0.000434155750554055,-0.0005679103196598589,0.0005679103196598589,3.2252213117616317e-07
25,merged_z_p0p000_dedup_filtered,108,-0.0010144200641661882,-2.5343274354105993e-11,-0.0010144200388229139,0.0010144200388229139,1.029048015165482e-06
25,merged_z_p0p000_dedup_filtered,109,-0.0010790560627356172,-0.000195943663129583,-0.0008831123996060342,0.0008831123996060342,7.798875103379278e-07
25,merged_z_p0p000_dedup_filtered,110,-0.0011124933371320367,-0.00017551530618220568,-0.000936978030949831,0.000936978030949831,8.779278304826225e-07
25,merged_z_p0p000_dedup_filtered,111,-0.0011224367190152407,-0.0001550936867715791,-0.0009673430322436616,0.0009673430322436616,9.357525420303617e-07
25,merged_z_p0p000_dedup_filtered,112,-0.0016248794272542,-0.00018960496527142823,-0.0014352744619827718,0.0014352744619827718,2.060012781219935e-06
25,merged_z_p0p000_dedup_filtered,113,-0.000873810553457588,-0.00047501467633992434,-0.0003987958771176636,0.0003987958771176636,1.5903815160604666e-07
25,merged_z_p0p000_dedup_filtered,114,-0.0006089572561904788,-0.0007115888292901218,0.00010263157309964299,0.00010263157309964299,1.0533239796907363e-08
25,merged_z_p0p000_dedup_filtered,115,-0.0005271995905786753,-0.0007728756172582507,0.00024567602667957544,0.00024567602667957544,6.035671008506347e-08
25,merged_z_p0p000_dedup_filtered,116,-0.0007750419317744672,-0.0005158754647709429,-0.0002591664670035243,0.0002591664670035243,6.716725761908885e-08
25,merged_z_p0p000_dedup_filtered,117,-0.0007159276283346117,-0.0005567368352785707,-0.000159190793056041,0.000159190793056041,2.5341708593811272e-08
25,merged_z_p0p000_dedup_filtered,118,-0.0005281745106913149,-0.0008341713109984994,0.00030599680030718446,0.00030599680030718446,9.363404179823492e-08
25,merged_z_p0p000_dedup_filtered,119,-0.0006024432950653136,-0.0008954599034041166,0.00029301660833880305,0.00029301660833880305,8.585873276237551e-08
25,merged_z_p0p000_dedup_filtered,120,-0.0006953297415748239,-0.00027767239953391254,-0.0004176573420409113,0.0004176573420409113,1.744376553606788e-07
25,merged_z_p0p000_dedup_filtered,121,-0.0008126178290694952,-0.00025723950238898396,-0.0005553783266805112,0.0005553783266805112,3.0844508574644466e-07
25,merged_z_p0p000_dedup_filtered,122,-0.0007043876685202122,0.000771452090702951,-0.0014758397592231631,0.0014758397592231631,2.178102994903884e-06
25,merged_z_p0p000_dedup_filtered,123,-0.0003857031697407365,0.0008390358416363597,-0.0012247390113770962,0.0012247390113770962,1.499985645988947e-06
25,merged_z_p0p000_dedup_filtered,124,0.00032561368425376713,0.0009618177427910268,-0.0006362040585372597,0.0006362040585372597,4.0475560409928096e-07
25,merged_z_p0p000_dedup_filtered,125,0.0007331875385716558,0.0010490822605788708,-0.000315894722007215,0.000315894722007215,9.978947539201566e-08
25,merged_z_p0p000_dedup_filtered,126,0.0007300834986381233,-3.5798863873282016e-11,0.0007300835344369871,0.0007300835344369871,5.330219672560034e-07
25,merged_z_p0p000_dedup_filtered,127,0.0005758001352660358,0.0011778248008340597,-0.0006020246655680239,0.0006020246655680239,3.6243369795229105e-07
26,merged_z_p0p002_dedup_filtered,0,-0.001479306141845882,-0.001447714283131063,-3.1591858714818954e-05,3.1591858714818954e-05,9.980455370570823e-10
26,merged_z_p0p002_dedup_filtered,1,-0.0015005746390670538,-0.001375006278976798,-0.00012556836009025574,0.00012556836009025574,1.576741305575613e-08
26,merged_z_p0p002_dedup_filtered,2,-0.0015217196196317673,-0.0013246310409158468,-0.00019708857871592045,0.00019708857871592045,3.884390786026157e-08
26,merged_z_p0p002_dedup_filtered,3,-0.0015150735853239894,-0.0008837009663693607,-0.0006313726189546287,0.0006313726189546287,3.986313839656268e-07
26,merged_z_p0p002_dedup_filtered,4,-0.0014158468693494797,-0.0008428021101281047,-0.000573044759221375,0.000573044759221375,3.2838029607108363e-07
26,merged_z_p0p002_dedup_filtered,5,-0.0015259309438988566,-0.001263270853087306,-0.0002626600908115506,0.0002626600908115506,6.899032330513202e-08
26,merged_z_p0p002_dedup_filtered,6,-0.0014964594738557935,-0.0012019394198432565,-0.000294520054012537,0.000294520054012537,8.674206221554771e-08
26,merged_z_p0p002_dedup_filtered,7,-0.0013004285283386707,-0.0008019231609068811,-0.0004985053674317896,0.0004985053674317896,2.485076013583036e-07
26,merged_z_p0p002_dedup_filtered,8,-0.0011776883620768785,-0.0007610530010424554,-0.0004166353610344231,0.0004166353610344231,1.735850240642841e-07
26,merged_z_p0p002_dedup_filtered,9,-0.0014220820739865303,-0.0011406324338167906,-0.0002814496401697397,0.0002814496401697397,7.921389995167597e-08
26,merged_z_p0p002_dedup_filtered,10,-0.0013010711409151554,-0.0010793345281854272,-0.00022173661272972822,0.00022173661272972822,4.916712542485347e-08
26,merged_z_p0p002_dedup_filtered,11,-0.001057748799212277,-0.0007201872649602592,-0.00033756153425201774,0.00033756153425201774,1.1394778940657614e-07
26,merged_z_p0p002_dedup_filtered,12,-0.0009512468823231757,-0.0006793235661461949,-0.00027192331617698073,0.00027192331617698073,7.394228988068623e-08
26,merged_z_p0p002_dedup_filtered,13,-0.0011431773891672492,-0.0010180397657677531,-0.00012513762339949608,0.00012513762339949608,1.565942479007411e-08
26,merged_z_p0p002_dedup_filtered,14,-0.0009689650614745915,-0.0009567463421262801,-1.2218719348311424e-05,1.2218719348311424e-05,1.4929710251279996e-10
26,merged_z_p0p002_dedup_filtered,15,-0.0008683513151481748,-0.000638460973277688,-0.00022989034187048674,0.00022989034187048674,5.284956928532927e-08
26,merged_z_p0p002_dedup_filtered,16,-0.0008176274714060128,-0.0005975988460704684,-0.00022002862533554435,0.00022002862533554435,4.841259596704935e-08
26,merged_z_p0p002_dedup_filtered,17,-0.0006119017489254475,0.0006223798263818026,-0.00123428157530725,0.00123428157530725,1.5234510071429467e-06
26,merged_z_p0p002_dedup_filtered,18,-7.757533603580669e-05,-4.381816864906796e-08,-7.753151786715762e-05,7.753151786715762e-05,6.011136262785381e-09
26,merged_z_p0p002_dedup_filtered,19,-0.00010572368773864582,-3.940547443903597e-08,-0.00010568428226420679,0.00010568428226420679,1.1169167517700533e-08
26,merged_z_p0p002_dedup_filtered,20,-0.00015768900630064309,-3.528859693346931e-08,-0.00015765371770370962,0.00015765371770370962,2.485469470580096e-08
26,merged_z_p0p002_dedup_filtered,21,-0.00023105097352527082,-3.133590809056841e-08,-0.00023101963761718025,0.00023101963761718025,5.3370072964773284e-08
26,merged_z_p0p002_dedup_filtered,22,-0.0003208027919754386,-2.7436634297828277e-08,-0.00032077535534114077,0.00032077535534114077,1.0289682859423513e-07
26,merged_z_p0p002_dedup_filtered,23,-0.00041970654274336994,-2.3607100274603e-08,-0.00041968293564309533,0.00041968293564309533,1.761337664700065e-07
26,merged_z_p0p002_dedup_filtered,24,-0.0005189760122448206,-1.99208045614796e-08,-0.0005189560914402591,0.0005189560914402591,2.6931542484295057e-07
26,merged_z_p0p002_dedup_filtered,25,-0.0006092211697250605,-1.6569588368042787e-08,-0.0006092046001366924,0.0006092046001366924,3.711302448277073e-07
26,merged_z_p0p002_dedup_filtered,26,-0.0006815348751842976,-1.3542215349104936e-08,-0.0006815213329689485,0.0006815213329689485,4.6447132729177233e-07
26,merged_z_p0p002_dedup_filtered,27,-0.0007285727770067751,-1.0667145389220423e-08,-0.0007285621098613859,0.0007285621098613859,5.308027479256742e-07
26,merged_z_p0p002_dedup_filtered,28,-0.0007454719743691385,-7.969680915209665e-09,-0.0007454640046882233,0.0007454640046882233,5.557165822858034e-07
26,merged_z_p0p002_dedup_filtered,29,-0.00047160813119262457,9.47217849898152e-05,-0.0005663299161824398,0.0005663299161824398,3.2072957396320926e-07
26,merged_z_p0p002_dedup_filtered,30,7.615904905833304e-05,0.00021143874619156122,-0.00013527969713322818,0.00013527969713322818,1.8300596456457945e-08
26,merged_z_p0p002_dedup_filtered,31,2.4778128135949373e-06,0.00025207229191437364,-0.0002495944791007787,0.0002495944791007787,6.229740399758905e-08
26,merged_z_p0p002_dedup_filtered,32,0.00023121965932659805,0.00037894511478953063,-0.0001477254554629326,0.0001477254554629326,2.182281019173088e-08
26,merged_z_p0p002_dedup_filtered,33,-4.254767554812133e-05,4.058691411046311e-05,-8.313458965858445e-05,8.313458965858445e-05,6.911359997701216e-09
26,merged_z_p0p002_dedup_filtered,34,-0.00032262952299788594,0.0004891888820566237,-0.0008118184050545096,0.0008118184050545096,6.590491227852479e-07
26,merged_z_p0p002_dedup_filtered,35,-0.0002684913924895227,0.0003336321096867323,-0.000602123502176255,0.000602123502176255,3.6255271187299854e-07
26,merged_z_p0p002_dedup_filtered,36,-0.00039639751776121557,0.00037446481292136014,-0.0007708623306825757,0.0007708623306825757,5.942287328653727e-07
26,merged_z_p0p002_dedup_filtered,37,-0.00047109060687944293,0.0004153090703766793,-0.0008863996772561222,0.0008863996772561222,7.857043878397577e-07
26,merged_z_p0p002_dedup_filtered,38,-0.0009200869826599956,0.0006241575465537608,-0.0015442445292137563,0.0015442445292137563,2.384691166006616e-06
26,merged_z_p0p002_dedup_filtered,39,-0.0004673158982768655,0.0004561584210023284,-0.0009234743192791939,0.0009234743192791939,8.528048183681705e-07
26,merged_z_p0p002_dedup_filtered,40,-0.0003759624669328332,0.0004970102454535663,-0.0008729727123863995,0.0008729727123863995,7.620813565712674e-07
26,merged_z_p0p002_dedup_filtered,41,-0.00020640224101953208,0.0005378634086810052,-0.0007442656497005373,0.0007442656497005373,5.539313573241629e-07
26,merged_z_p0p002_dedup_filtered,42,1.5204845112748444e-05,0.0005787170375697315,-0.000563512192456983,0.000563512192456983,3.175459910476759e-07
26,merged_z_p0p002_dedup_filtered,43,0.000251283694524318,0.0006195716559886932,-0.00036828796146437526,0.00036828796146437526,1.3563602255958515e-07
26,merged_z_p0p002_dedup_filtered,44,0.0004607416922226548,0.0006604263326153159,-0.0001996846403926611,0.0001996846403926611,3.987395560874638e-08
26,merged_z_p0p002_dedup_filtered,45,0.0006076765130273998,0.0007012812420725822,-9.360472904518247e-05,9.360472904518247e-05,8.761845299622026e-09
26,merged_z_p0p002_dedup_filtered,46,0.0006690014852210879,0.0007421369664371014,-7.313548121601343e-05,7.313548121601343e-05,5.3487986126978535e-09
26,merged_z_p0p002_dedup_filtered,47,0.0006393279181793332,0.0007829946698620915,-0.00014366675168275833,0.00014366675168275833,2.0640135539075344e-08
26,merged_z_p0p002_dedup_filtered,48,0.0005320360651239753,0.0008238583686761558,-0.00029182230355218053,0.00029182230355218053,8.5160256850501e-08
26,merged_z_p0p002_dedup_filtered,49,0.00037629413418471813,0.0008647360373288393,-0.0004884419031441212,0.0004884419031441212,2.3857549274705105e-07
26,merged_z_p0p002_dedup_filtered,50,0.00021066787303425372,0.0009056436247192323,-0.0006949757516849786,0.0006949757516849786,4.82991295430101e-07
26,merged_z_p0p002_dedup_filtered,51,7.470243144780397e-05,0.0009466128540225327,-0.0008719104225747287,0.0008719104225747287,7.60227784994442e-07
26,merged_z_p0p002_dedup_filtered,52,3.039604052901268e-07,0.0009877001866698265,-0.0009873962262645364,0.0009873962262645364,9.749513076414475e-07
26,merged_z_p0p002_dedup_filtered,53,-0.000480322923976928,0.0014846447156742215,-0.0019649676396511495,0.0019649676396511495,3.86109782487621e-06
26,merged_z_p0p002_dedup_filtered,54,-0.00019400037126615644,0.0013856397708877921,-0.0015796401421539485,0.0015796401421539485,2.4952629787041468e-06
26,merged_z_p0p002_dedup_filtered,55,0.00037540149060077965,0.00046105115325190127,-8.564966265112162e-05,8.564966265112162e-05,7.335864712250937e-09
26,merged_z_p0p002_dedup_filtered,56,0.00039900984847918153,0.0004815375432372093,-8.252769475802779e-05,8.252769475802779e-05,6.810820402074208e-09
26,merged_z_p0p002_dedup_filtered,57,0.0004080114304088056,0.0005020664539188147,-9.405502351000905e-05,9.405502351000905e-05,8.846347447468355e-09
26,merged_z_p0p002_dedup_filtered,58,-0.0003763816202990711,-8.765365322460639e-08,-0.00037629396664584647,0.00037629396664584647,1.415971493340654e-07
26,merged_z_p0p002_dedup_filtered,59,-0.00036160153103992343,-8.278884422452393e-08,-0.0003615187421956989,0.0003615187421956989,1.306958009587602e-07
26,merged_z_p0p002_dedup_filtered,60,-0.00033276109024882317,-7.802069035278691e-08,-0.0003326830695584704,0.0003326830695584704,1.1067802477084604e-07
26,merged_z_p0p002_dedup_filtered,61,-0.00029240414733067155,-7.334247698054241e-08,-0.000292330804853691,0.000292330804853691,8.545729946640678e-08
26,merged_z_p0p002_dedup_filtered,62,-0.0002442786644678563,-6.88823433847574e-08,-0.00024420978212447153,0.00024420978212447153,5.963841768528185e-08
26,merged_z_p0p002_dedup_filtered,63,-0.00019317903206683695,-6.451631406889646e-08,-0.00019311451575276806,0.00019311451575276806,3.72932161944261e-08
26,merged_z_p0p002_dedup_filtered,64,-0.00014467253640759736,-6.008493613762766e-08,-0.00014461245147145974,0.00014461245147145974,2.0912761120585298e-08
26,merged_z_p0p002_dedup_filtered,65,-0.00010468894470250234,-5.5533046605660275e-08,-0.00010463341165589668,0.00010463341165589668,1.0948150834752336e-08
26,merged_z_p0p002_dedup_filtered,66,-7.897816249169409e-05,-5.0840792908957155e-08,-7.892732169878514e-05,7.892732169878514e-05,6.229522110543519e-09
26,merged_z_p0p002_dedup_filtered,67,-0.0005228069494478405,-0.0003287561412435025,-0.00019405080820433795,0.00019405080820433795,3.7655716164756754e-08
26,merged_z_p0p002_dedup_filtered,68,-0.0005280736368149519,-0.0003491897659841925,-0.0001788838708307594,0.0001788838708307594,3.1999439243395816e-08
26,merged_z_p0p002_dedup_filtered,69,-0.0005951217608526349,-0.00036962368176318705,-0.00022549807908944786,0.00022549807908944786,5.084938367303088e-08
26,merged_z_p0p002_dedup_filtered,70,-0.0007195741636678576,-0.00039005829603411257,-0.0003295158676337451,0.0003295158676337451,1.085807070224198e-07
26,merged_z_p0p002_dedup_filtered,71,-0.0008861453970894217,-0.00041049456922337413,-0.0004756508278660476,0.0004756508278660476,2.2624371004965646e-07
26,merged_z_p0p002_dedup_filtered,72,-0.0010708693880587816,-0.00043093538261018693,-0.0006399340054485947,0.0006399340054485947,4.09515531329482e-07
26,merged_z_p0p002_dedup_filtered,73,-0.0012451623333618045,-0.00045138722634874284,-0.0007937751070130616,0.0007937751070130616,6.300789205135975e-07
26,merged_z_p0p002_dedup_filtered,74,-0.0013809505617246032,-0.000471863808343187,-0.0009090867533814162,0.0009090867533814162,8.264387251735638e-07
26,merged_z_p0p002_dedup_filtered,75,-0.0014558505499735475,-0.0004923840169794858,-0.0009634665329940617,0.0009634665329940617,9.282677601995974e-07
26,merged_z_p0p002_dedup_filtered,76,-0.0016503350343555212,-0.0009862297447398305,-0.0006641052896156907,0.0006641052896156907,4.4103583569554043e-07
26,merged_z_p0p002_dedup_filtered,77,-0.0016184725100174546,-0.0009451392688788474,-0.0006733332411386073,0.0006733332411386073,4.5337765362222184e-07
26,merged_z_p0p002_dedup_filtered,78,0.00034261454129591584,0.0004405994259286672,-9.798488463275135e-05,9.798488463275135e-05,9.60103761649359e-09
26,merged_z_p0p002_dedup_filtered,79,0.00030803013942204416,0.0004201637639198452,-0.00011213362449780107,0.00011213362449780107,1.2573949743013851e-08
26,merged_z_p0p002_dedup_filtered,80,0.0002790626895148307,0.0003997348539996892,-0.00012067216448485851,0.00012067216448485851,1.4561771281460748e-08
26,merged_z_p0p002_dedup_filtered,81,0.00026116514345631003,0.00037930873804725707,-0.00011814359459094703,0.00011814359459094703,1.3957908942870049e-08
26,merged_z_p0p002_dedup_filtered,82,0.00025624094996601343,0.00035888361162506044,-0.00010264266165904701,0.00010264266165904701,1.0535515992453599e-08
26,merged_z_p0p002_dedup_filtered,83,0.00026185953174717724,0.0003384589799679816,-7.659944822080433e-05,7.659944822080433e-05,5.867475467731684e-09
26,merged_z_p0p002_dedup_filtered,84,0.00027149677043780684,0.0003180345520377159,-4.653778159990907e-05,4.653778159990907e-05,2.165765116240835e-09
26,merged_z_p0p002_dedup_filtered,85,0.000275792321190238,0.00029760986217297614,-2.1817540982738137e-05,2.1817540982738137e-05,4.760050945334582e-10
26,merged_z_p0p002_dedup_filtered,86,0.0002645821077749133,0.00027718511410057545,-1.2603006325662136e-05,1.2603006325662136e-05,1.5883576844467982e-10
26,merged_z_p0p002_dedup_filtered,87,0.00022928128601051867,0.00025676030782051384,-2.7479021809995174e-05,2.7479021809995174e-05,7.550966396341905e-10
26,merged_z_p0p002_dedup_filtered,88,0.00016510057321283966,0.00023633554519619793,-7.123497198335826e-05,7.123497198335826e-05,5.074421233469837e-09
26,merged_z_p0p002_dedup_filtered,89,7.259618723765016e-05,0.0002159112336812541,-0.00014331504644360393,0.00014331504644360393,2.0539202537132352e-08
26,merged_z_p0p002_dedup_filtered,90,-4.181611438980326e-05,0.0001954879699042067,-0.00023730408429400995,0.00023730408429400995,5.631322842261858e-08
26,merged_z_p0p002_dedup_filtered,91,-0.0001665402960497886,0.0001750672236084938,-0.0003416075196582824,0.0003416075196582824,1.166956974870838e-07
26,merged_z_p0p002_dedup_filtered,92,-0.0002865793358068913,0.0001546525745652616,-0.0004412319103721529,0.0004412319103721529,1.946855987306596e-07
26,merged_z_p0p002_dedup_filtered,93,-0.0003860876604449004,0.00013425250654108822,-0.0005203401669859886,0.0005203401669859886,2.707538893790065e-07
26,merged_z_p0p002_dedup_filtered,94,-0.0010279814014211297,-0.0001346870994893834,-0.0008932943019317463,0.0008932943019317463,7.979747098637259e-07
26,merged_z_p0p002_dedup_filtered,95,-0.0010103132808580995,-0.00011431432358222082,-0.0008959989572758786,0.0008959989572758786,8.028141314394617e-07
26,merged_z_p0p002_dedup_filtered,96,-0.0015117884613573551,-0.00023012967722024769,-0.0012816587841371074,0.0012816587841371074,1.6426492389558085e-06
26,merged_z_p0p002_dedup_filtered,97,-0.0018044976750388741,-0.00034439569571986794,-0.0014601019793190062,0.0014601019793190062,2.1318977900112796e-06
26,merged_z_p0p002_dedup_filtered,98,-0.001662112190388143,-0.00040538940811529756,-0.0012567227822728455,0.0012567227822728455,1.5793521514836019e-06
26,merged_z_p0p002_dedup_filtered,99,-0.0014488711021840572,-0.0002708356478251517,-0.0011780354543589056,0.0011780354543589056,1.387767531726593e-06
26,merged_z_p0p002_dedup_filtered,100,-0.0013529416173696518,-0.000311625306494534,-0.0010413163108751178,0.0010413163108751178,1.084339659294565e-06
26,merged_z_p0p002_dedup_filtered,101,-0.001451746211387217,-0.00046654770267196,-0.000985198508715257,0.000985198508715257,9.706161015747664e-07
26,merged_z_p0p002_dedup_filtered,102,-0.0012089518131688237,-0.0005277741001918912,-0.0006811777129769325,0.0006811777129769325,4.6400307665648427e-07
26,merged_z_p0p002_dedup_filtered,103,-0.0012356776278465986,-0.0003524541389197111,-0.0008832234889268875,0.0008832234889268875,7.800837313921838e-07
26,merged_z_p0p002_dedup_filtered,104,-0.001111143152229488,-0.00039330110303126276,-0.0007178420491982251,0.0007178420491982251,5.152972075971071e-07
26,merged_z_p0p002_dedup_filtered,105,-0.0009737685322761536,-0.0005890292231924832,-0.0003847393090836704,0.0003847393090836704,1.4802433595418005e-07
26,merged_z_p0p002_dedup_filtered,106,-0.000783356896135956,-0.0006503114709630609,-0.0001330454251728952,0.0001330454251728952,1.7701085159436454e-08
26,merged_z_p0p002_dedup_filtered,107,-0.0009939593728631735,-0.000434155750554055,-0.0005598036223091185,0.0005598036223091185,3.133800955504102e-07
26,merged_z_p0p002_dedup_filtered,108,-0.001000664196908474,0.00024187103554140776,-0.0012425352324498817,0.0012425352324498817,1.5438938038792816e-06
26,merged_z_p0p002_dedup_filtered,109,-0.0010449032997712493,-0.000195943663129583,-0.0008489596366416663,0.0008489596366416663,7.207324646467501e-07
26,merged_z_p0p002_dedup_filtered,110,-0.0010573776671662927,-0.00017551530618220568,-0.000881862360984087,0.000881862360984087,7.776812237204282e-07
26,merged_z_p0p002_dedup_filtered,111,-0.0010477290488779545,-0.0001550936867715791,-0.0008926353621063754,0.0008926353621063754,7.967978896827799e-07
26,merged_z_p0p002_dedup_filtered,112,-0.0015339602250605822,-0.00018960496527142823,-0.001344355259789154,0.001344355259789154,1.8072910645227636e-06
26,merged_z_p0p002_dedup_filtered,113,-0.0008974829688668251,-0.00047501467633992434,-0.00042246829252690077,0.00042246829252690077,1.78479458190595e-07
26,merged_z_p0p002_dedup_filtered,114,-0.0006654085591435432,-0.0007115888292901218,4.618027014657855e-05,4.618027014657855e-05,2.132617350810974e-09
26,merged_z_p0p002_dedup_filtered,115,-0.0006336118094623089,-0.0007728756172582507,0.00013926380779594183,0.00013926380779594183,1.9394408161825028e-08
26,merged_z_p0p002_dedup_filtered,116,-0.0008322510402649641,-0.0005158754647709429,-0.0003163755754940212,0.0003163755754940212,1.0009350476917309e-07
26,merged_z_p0p002_dedup_filtered,117,-0.0008048931485973299,-0.0005567368352785707,-0.0002481563133187592,0.0002481563133187592,6.158155583995819e-08
26,merged_z_p0p002_dedup_filtered,118,-0.0006860137800686061,-0.0008341713109984994,0.00014815753092989326,0.00014815753092989326,2.1950653971242277e-08
26,merged_z_p0p002_dedup_filtered,119,-0.0008065009023994207,-0.0008954599034041166,8.895900100469589e-05,8.895900100469589e-05,7.913703859753485e-09
26,merged_z_p0p002_dedup_filtered,120,-0.0007162340334616601,-0.00027767239953391254,-0.0004385616339277476,0.0004385616339277476,1.923363067533757e-07
26,merged_z_p0p002_dedup_filtered,121,-0.0008272650302387774,-0.00025723950238898396,-0.0005700255278497934,0.0005700255278497934,3.2492910240043563e-07
26,merged_z_p0p002_dedup_filtered,122,-0.0007879132172092795,0.000771452090702951,-0.0015593653079122305,0.0015593653079122305,2.4316201635202054e-06
26,merged_z_p0p002_dedup_filtered,123,-0.0004354313714429736,0.0008390358416363597,-0.0012744672130793333,0.0012744672130793333,1.6242666772142028e-06
26,merged_z_p0p002_dedup_filtered,124,0.00035900200600735843,0.0009618177427910268,-0.0006028157367836684,0.0006028157367836684,3.63386812514037e-07
26,merged_z_p0p002_dedup_filtered,125,0.0008346966351382434,0.0010490822605788708,-0.00021438562544062734,0.00021438562544062734,4.596119639556896e-08
26,merged_z_p0p002_dedup_filtered,126,0.000854088575579226,0.0011203712783753872,-0.0002662827027961612,0.0002662827027961612,7.09064778084287e-08
26,merged_z_p0p002_dedup_filtered,127,0.0007086017285473645,0.0011778248008340597,-0.00046922307228669524,0.00046922307228669524,2.2017029156616523e-07
27,merged_z_p0p004_dedup_filtered,0,-0.001456495258025825,-0.001447714283131063,-8.78097489476204e-06,8.78097489476204e-06,7.71055201024412e-11
27,merged_z_p0p004_dedup_filtered,1,-0.0015121148899197578,-0.001375006278976798,-0.00013710861094295979,0.00013710861094295979,1.8798771194707912e-08
27,merged_z_p0p004_dedup_filtered,2,-0.0015842635184526443,-0.0013246310409158468,-0.0002596324775367975,0.0002596324775367975,6.740902339189567e-08
27,merged_z_p0p004_dedup_filtered,3,-0.001497021527029574,-0.0008837009663693607,-0.0006133205606602132,0.0006133205606602132,3.761621101285583e-07
27,merged_z_p0p004_dedup_filtered,4,-0.0014388995477929711,-0.0008428021101281047,-0.0005960974376648664,0.0005960974376648664,3.5533215519061934e-07
27,merged_z_p0p004_dedup_filtered,5,-0.0016474762232974172,-0.001263270853087306,-0.00038420537021011114,0.00038420537021011114,1.4761376649828856e-07
27,merged_z_p0p004_dedup_filtered,6,-0.001675426959991455,-0.0012019394198432565,-0.0004734875401481986,0.0004734875401481986,2.2419045067559199e-07
27,merged_z_p0p004_dedup_filtered,7,-0.0013635755749419332,-0.0008019231609068811,-0.0005616524140350521,0.0005616524140350521,3.1545343419140155e-07
27,merged_z_p0p004_dedup_filtered,8,-0.0012735954951494932,-0.0007610530010424554,-0.0005125424941070378,0.0005125424941070378,2.6269980826546286e-07
27,merged_z_p0p004_dedup_filtered,9,-0.001647701719775796,-0.0011406324338167906,-0.0005070692859590054,0.0005070692859590054,2.5711926076297555e-07
27,merged_z_p0p004_dedup_filtered,10,-0.0015553557313978672,-0.0010793345281854272,-0.00047602120321244,0.00047602120321244,2.265961859078191e-07
27,merged_z_p0p004_dedup_filtered,11,-0.0011742159258574247,-0.0007201872649602592,-0.00045402866089716554,0.00045402866089716554,2.0614202491607333e-07
27,merged_z_p0p004_dedup_filtered,12,-0.0010734294774010777,-0.0006793235661461949,-0.0003941059112548828,0.0003941059112548828,1.5531946928604157e-07
27,merged_z_p0p004_dedup_filtered,13,-0.0014039927627891302,-0.0010180397657677531,-0.0003859529970213771,0.0003859529970213771,1.489597159097831e-07
27,merged_z_p0p004_dedup_filtered,14,-0.001213587704114616,-0.0009567463421262801,-0.00025684136198833585,0.00025684136198833585,6.596748522802337e-08
27,merged_z_p0p004_dedup_filtered,15,-0.000981297460384667,-0.000638460973277688,-0.0003428364871069789,0.0003428364871069789,1.175368568918537e-07
27,merged_z_p0p004_dedup_filtered,16,-0.0009086364880204201,-0.0005975988460704684,-0.00031103764194995165,0.00031103764194995165,9.674441470978632e-08
27,merged_z_p0p004_dedup_filtered,17,-0.0005836454220116138,0.0012447596527636051,-0.001828405074775219,0.001828405074775219,3.343065117463774e-06
27,merged_z_p0p004_dedup_filtered,18,-0.0001648858597036451,-4.381816864906796e-08,-0.00016484204153499604,0.00016484204153499604,2.717289865742536e-08
27,merged_z_p0p004_dedup_filtered,19,-0.00020023807883262634,-3.940547443903597e-08,-0.0002001986733581873,0.0002001986733581873,4.0079508814378174e-08
27,merged_z_p0p004_dedup_filtered,20,-0.0002515048545319587,-3.528859693346931e-08,-0.00025146956593502523,0.00025146956593502523,6.323694259155e-08
27,merged_z_p0p004_dedup_filtered,21,-0.00031461543403565884,-3.133590809056841e-08,-0.00031458409812756827,0.00031458409812756827,9.89631547947355e-08
27,merged_z_p0p004_dedup_filtered,22,-0.0003845312457997352,-2.7436634297828277e-08,-0.00038450380916543736,0.00038450380916543736,1.4784317926273106e-07
27,merged_z_p0p004_dedup_filtered,23,-0.00045576627599075437,-2.3607100274603e-08,-0.00045574266889047976,0.00045574266889047976,2.0770138024741747e-07
27,merged_z_p0p004_dedup_filtered,24,-0.0005228813388384879,-1.99208045614796e-08,-0.0005228614180339264,0.0005228614180339264,2.7338406246844834e-07
27,merged_z_p0p004_dedup_filtered,25,-0.0005809093709103763,-1.6569588368042787e-08,-0.0005808928013220083,0.0005808928013220083,3.374364466277302e-07
27,merged_z_p0p004_dedup_filtered,26,-0.0006256858468987048,-1.3542215349104936e-08,-0.0006256723046833557,0.0006256723046833557,3.9146583284778185e-07
27,merged_z_p0p004_dedup_filtered,27,-0.0006540819886140525,-1.0667145389220423e-08,-0.0006540713214686633,0.0006540713214686633,4.2780929356776353e-07
27,merged_z_p0p004_dedup_filtered,28,-0.0006641529034823179,-7.969680915209665e-09,-0.0006641449338014027,0.0006641449338014027,4.410884930940696e-07
27,merged_z_p0p004_dedup_filtered,29,-0.00039287787512876093,9.47217849898152e-05,-0.00048759966011857614,0.00048759966011857614,2.3775342854775097e-07
27,merged_z_p0p004_dedup_filtered,30,8.780625648796558e-07,0.00021143874619156122,-0.00021056068362668157,0.00021056068362668157,4.4335801489335487e-08
27,merged_z_p0p004_dedup_filtered,31,-7.071765139698982e-05,0.00025207229191437364,-0.00032278994331136346,0.00032278994331136346,1.0419334750295324e-07
27,merged_z_p0p004_dedup_filtered,32,6.701127858832479e-05,0.00037894511478953063,-0.00031193383620120585,0.00031193383620120585,9.730271816720072e-08
27,merged_z_p0p004_dedup_filtered,33,-0.00016393704572692513,8.117382822092623e-05,-0.00024511087394785136,0.00024511087394785136,6.007934052747948e-08
27,merged_z_p0p004_dedup_filtered,34,-0.0004284292517695576,0.0004891888820566237,-0.0009176181338261813,0.0009176181338261813,8.420230395266436e-07
27,merged_z_p0p004_dedup_filtered,35,-0.00033488619374111295,0.0003336321096867323,-0.0006685183034278452,0.0006685183034278452,4.4691672201804456e-07
27,merged_z_p0p004_dedup_filtered,36,-0.00046060903696343303,0.00037446481292136014,-0.0008350738498847932,0.0008350738498847932,6.973483347614101e-07
27,merged_z_p0p004_dedup_filtered,37,-0.0005354933673515916,0.0004153090703766793,-0.0009508024377282709,0.0009508024377282709,9.040252755900224e-07
27,merged_z_p0p004_dedup_filtered,38,-0.0009431667858734727,0.0006241575465537608,-0.0015673243324272335,0.0015673243324272335,2.456505563018473e-06
27,merged_z_p0p004_dedup_filtered,39,-0.000534823804628104,0.0004561584210023284,-0.0009909822256304324,0.0009909822256304324,9.820457715154452e-07
27,merged_z_p0p004_dedup_filtered,40,-0.00044922856613993645,0.0004970102454535663,-0.0009462388115935028,0.0009462388115935028,8.953678885658844e-07
27,merged_z_p0p004_dedup_filtered,41,-0.00028697733068838716,0.0005378634086810052,-0.0008248407393693924,0.0008248407393693924,6.803622453234459e-07
27,merged_z_p0p004_dedup_filtered,42,-7.244884182000533e-05,0.0005787170375697315,-0.0006511658793897368,0.0006511658793897368,4.2401700248140925e-07
27,merged_z_p0p004_dedup_filtered,43,0.000158901879331097,0.0006195716559886932,-0.00046066977665759623,0.00046066977665759623,2.122166431257596e-07
27,merged_z_p0p004_dedup_filtered,44,0.00036799185909330845,0.0006604263326153159,-0.00029243447352200747,0.00029243447352200747,8.551792130409369e-08
27,merged_z_p0p004_dedup_filtered,45,0.0005203541950322688,0.0007012812420725822,-0.00018092704704031348,0.00018092704704031348,3.273459635072781e-08
27,merged_z_p0p004_dedup_filtered,46,0.0005933866486884654,0.0007421369664371014,-0.000148750317748636,0.000148750317748636,2.2126657030320176e-08
27,merged_z_p0p004_dedup_filtered,47,0.0005810317234136164,0.0007829946698620915,-0.00020196294644847512,0.00020196294644847512,4.078903173814963e-08
27,merged_z_p0p004_dedup_filtered,48,0.0004948711721226573,0.0008238583686761558,-0.0003289871965534985,0.0003289871965534985,1.0823257549613026e-07
27,merged_z_p0p004_dedup_filtered,49,0.00036139972507953644,0.0008647360373288393,-0.0005033363122493029,0.0005033363122493029,2.533474432287277e-07
27,merged_z_p0p004_dedup_filtered,50,0.0002160778094548732,0.0009056436247192323,-0.0006895658152643591,0.0006895658152643591,4.7550101358120024e-07
27,merged_z_p0p004_dedup_filtered,51,9.545960347168148e-05,0.0009466128540225327,-0.0008511532505508512,0.0008511532505508512,7.244618559232801e-07
27,merged_z_p0p004_dedup_filtered,52,2.9117421945556998e-05,0.0009877001866698265,-0.0009585827647242695,0.0009585827647242695,9.188809168264242e-07
27,merged_z_p0p004_dedup_filtered,53,-0.0003332708147354424,0.0014846447156742215,-0.001817915530409664,0.001817915530409664,3.3048168757046497e-06
27,merged_z_p0p004_dedup_filtered,54,-6.80985685903579e-05,0.0013856397708877921,-0.00145373833947815,0.00145373833947815,2.113355159668689e-06
27,merged_z_p0p004_dedup_filtered,55,0.0002564426395110786,0.00046105115325190127,-0.00020460851374082267,0.00020460851374082267,4.186464389522842e-08
27,merged_z_p0p004_dedup_filtered,56,0.00028301868587732315,0.0004815375432372093,-0.00019851885735988617,0.00019851885735988617,3.940973672747483e-08
27,merged_z_p0p004_dedup_filtered,57,0.0002929916372522712,0.0005020664539188147,-0.00020907481666654348,0.00020907481666654348,4.371227896414877e-08
27,merged_z_p0p004_dedup_filtered,58,-0.00042010139441117644,-8.765365322460639e-08,-0.00042001374075795184,0.00042001374075795184,1.7641154242548798e-07
27,merged_z_p0p004_dedup_filtered,59,-0.00040303898276761174,-8.278884422452393e-08,-0.0004029561939233872,0.0004029561939233872,1.6237369422122245e-07
27,merged_z_p0p004_dedup_filtered,60,-0.0003704984555952251,-7.802069035278691e-08,-0.0003704204349048723,0.0003704204349048723,1.3721129859511475e-07
27,merged_z_p0p004_dedup_filtered,61,-0.0003267026331741363,-7.334247698054241e-08,-0.00032662929069715574,0.00032662929069715574,1.0668669354132706e-07
27,merged_z_p0p004_dedup_filtered,62,-0.00027733249589800835,-6.88823433847574e-08,-0.0002772636135546236,0.0002772636135546236,7.687511140136764e-08
27,merged_z_p0p004_dedup_filtered,63,-0.00022880065080244094,-6.451631406889646e-08,-0.00022873613448837204,0.00022873613448837204,5.2320219220682624e-08
27,merged_z_p0p004_dedup_filtered,64,-0.00018745308625511825,-6.008493613762766e-08,-0.00018739300131898062,0.00018739300131898062,3.5116136943335477e-08
27,merged_z_p0p004_dedup_filtered,65,-0.00015880954742897302,-5.5533046605660275e-08,-0.00015875401438236736,0.00015875401438236736,2.5202837082516903e-08
27,merged_z_p0p004_dedup_filtered,66,-0.0001469421840738505,-5.0840792908957155e-08,-0.00014689134328094156,0.00014689134328094156,2.1577066730879415e-08
27,merged_z_p0p004_dedup_filtered,67,-0.0004897940088994801,-0.0003287561412435025,-0.0001610378676559776,0.0001610378676559776,2.593319481918416e-08
27,merged_z_p0p004_dedup_filtered,68,-0.0004892790457233787,-0.0003491897659841925,-0.00014008927973918617,0.00014008927973918617,1.9625006297843956e-08
27,merged_z_p0p004_dedup_filtered,69,-0.0005485722213052213,-0.00036962368176318705,-0.00017894853954203427,0.00017894853954203427,3.2022579804227e-08
27,merged_z_p0p004_dedup_filtered,70,-0.0006637430051341653,-0.00039005829603411257,-0.0002736847091000527,0.0002736847091000527,7.490331999518048e-08
27,merged_z_p0p004_dedup_filtered,71,-0.0008202539174817502,-0.00041049456922337413,-0.0004097593482583761,0.0004097593482583761,1.6790272348512917e-07
27,merged_z_p0p004_dedup_filtered,72,-0.0009951023384928703,-0.00043093538261018693,-0.0005641669558826834,0.0005641669558826834,3.1828435410993363e-07
27,merged_z_p0p004_dedup_filtered,73,-0.0011607531923800707,-0.00045138722634874284,-0.0007093659660313278,0.0007093659660313278,5.03200073763559e-07
27,merged_z_p0p004_dedup_filtered,74,-0.0012901125010102987,-0.000471863808343187,-0.0008182486926671118,0.0008182486926671118,6.695309230514375e-07
27,merged_z_p0p004_dedup_filtered,75,-0.001361554954200983,-0.0004923840169794858,-0.0008691709372214973,0.0008691709372214973,7.55458118110496e-07
27,merged_z_p0p004_dedup_filtered,76,-0.0015668136766180396,-0.0009862297447398305,-0.0005805839318782091,0.0005805839318782091,3.3707770195516096e-07
27,merged_z_p0p004_dedup_filtered,77,-0.0015513378893956542,-0.0009451392688788474,-0.0006061986205168068,0.0006061986205168068,3.674767675164796e-07
27,merged_z_p0p004_dedup_filtered,78,0.00021821793052367866,0.0004405994259286672,-0.00022238149540498853,0.00022238149540498853,4.9453529498558933e-08
27,merged_z_p0p004_dedup_filtered,79,0.00017522915732115507,0.0004201637639198452,-0.00024493460659869015,0.00024493460659869015,5.999296150965511e-08
27,merged_z_p0p004_dedup_filtered,80,0.00013470591511577368,0.0003997348539996892,-0.00026502893888391554,0.00026502893888391554,7.024033844593424e-08
27,merged_z_p0p004_dedup_filtered,81,0.00010254981316393241,0.00037930873804725707,-0.00027675892488332465,0.00027675892488332465,7.659550250257374e-08
27,merged_z_p0p004_dedup_filtered,82,8.195496775442734e-05,0.00035888361162506044,-0.0002769286438706331,0.0002769286438706331,7.668947379602793e-08
27,merged_z_p0p004_dedup_filtered,83,7.264130545081571e-05,0.0003384589799679816,-0.00026581767451716587,0.00026581767451716587,7.065903608571393e-08
27,merged_z_p0p004_dedup_filtered,84,7.088601705618203e-05,0.0003180345520377159,-0.0002471485349815339,0.0002471485349815339,6.108239834351848e-08
27,merged_z_p0p004_dedup_filtered,85,7.036086753942072e-05,0.00029760986217297614,-0.0002272489946335554,0.0002272489946335554,5.1642105561961697e-08
27,merged_z_p0p004_dedup_filtered,86,6.360439874697477e-05,0.00027718511410057545,-0.00021358071535360068,0.00021358071535360068,4.56167219709558e-08
27,merged_z_p0p004_dedup_filtered,87,4.3811684008687735e-05,0.00025676030782051384,-0.0002129486238118261,0.0002129486238118261,4.5347116383350634e-08
27,merged_z_p0p004_dedup_filtered,88,6.550922989845276e-06,0.00023633554519619793,-0.00022978462220635265,0.00022978462220635265,5.2800972602516216e-08
27,merged_z_p0p004_dedup_filtered,89,-4.8977140977513045e-05,0.0002159112336812541,-0.00026488837465876713,0.00026488837465876713,7.016585102936339e-08
27,merged_z_p0p004_dedup_filtered,90,-0.00011942564742639661,0.0001954879699042067,-0.0003149136173306033,0.0003149136173306033,9.917058638024565e-08
27,merged_z_p0p004_dedup_filtered,91,-0.0001976663916138932,0.0001750672236084938,-0.000372733615222387,0.000372733615222387,1.3893034791675046e-07
27,merged_z_p0p004_dedup_filtered,92,-0.0002739765332080424,0.0001546525745652616,-0.000428629107773304,0.000428629107773304,1.8372291203053864e-07
27,merged_z_p0p004_dedup_filtered,93,-0.0003378146211616695,0.00013425250654108822,-0.0004720671277027577,0.0004720671277027577,2.2284737305753176e-07
27,merged_z_p0p004_dedup_filtered,94,-0.0009951249230653048,-0.0001346870994893834,-0.0008604378235759214,0.0008604378235759214,7.403532482400684e-07
27,merged_z_p0p004_dedup_filtered,95,-0.0009773580823093653,-0.00011431432358222082,-0.0008630437587271444,0.0008630437587271444,7.448445294778775e-07
27,merged_z_p0p004_dedup_filtered,96,-0.00142592191696167,-0.00023012967722024769,-0.0011957922397414222,0.0011957922397414222,1.429919080625807e-06
27,merged_z_p0p004_dedup_filtered,97,-0.0016641059191897511,-0.00034439569571986794,-0.0013197102234698832,0.0013197102234698832,1.741635073930929e-06
27,merged_z_p0p004_dedup_filtered,98,-0.0015295420307666063,-0.00040538940811529756,-0.0011241526226513088,0.0011241526226513088,1.2637191190138158e-06
27,merged_z_p0p004_dedup_filtered,99,-0.0013640535762533545,-0.0002708356478251517,-0.0010932179284282029,0.0010932179284282029,1.1951254390368513e-06
27,merged_z_p0p004_dedup_filtered,100,-0.00127166707534343,-0.000311625306494534,-0.000960041768848896,0.000960041768848896,9.216801979345171e-07
27,merged_z_p0p004_dedup_filtered,101,-0.0013340425211936235,-0.00046654770267196,-0.0008674948185216635,0.0008674948185216635,7.52547260161934e-07
27,merged_z_p0p004_dedup_filtered,102,-0.0011151559883728623,-0.0005277741001918912,-0.0005873818881809711,0.0005873818881809711,3.450174825630429e-07
27,merged_z_p0p004_dedup_filtered,103,-0.0011625273618847132,-0.0003524541389197111,-0.0008100732229650021,0.0008100732229650021,6.562186265649059e-07
27,merged_z_p0p004_dedup_filtered,104,-0.0010525782126933336,-0.00039330110303126276,-0.0006592771096620709,0.0006592771096620709,4.346463073243742e-07
27,merged_z_p0p004_dedup_filtered,105,-0.0009144486975856125,-0.0005890292231924832,-0.00032541947439312935,0.00032541947439312935,1.0589783431430057e-07
27,merged_z_p0p004_dedup_filtered,106,-0.0007692754734307528,-0.0006503114709630609,-0.0001189640024676919,0.0001189640024676919,1.4152433883133004e-08
27,merged_z_p0p004_dedup_filtered,107,-0.0009573962306603789,-0.000434155750554055,-0.000523240480106324,0.000523240480106324,2.737806000218964e-07
27,merged_z_p0p004_dedup_filtered,108,-0.0009707834688015282,0.00048374204197898507,-0.0014545255107805133,0.0014545255107805133,2.115644461511313e-06
27,merged_z_p0p004_dedup_filtered,109,-0.001013786531984806,-0.000195943663129583,-0.0008178428688552231,0.0008178428688552231,6.688669581373416e-07
27,merged_z_p0p004_dedup_filtered,110,-0.0010253542568534613,-0.00017551530618220568,-0.0008498389506712556,0.0008498389506712556,7.222262420780208e-07
27,merged_z_p0p004_dedup_filtered,111,-0.0010151463793590665,-0.0001550936867715791,-0.0008600526925874874,0.0008600526925874874,7.396906340269871e-07
27,merged_z_p0p004_dedup_filtered,112,-0.0014479421079158783,-0.00018960496527142823,-0.00125833714264445,0.00125833714264445,1.583412364558599e-06
27,merged_z_p0p004_dedup_filtered,113,-0.000889818009454757,-0.00047501467633992434,-0.00041480333311483264,0.00041480333311483264,1.720618051631748e-07
27,merged_z_p0p004_dedup_filtered,114,-0.0007055510068312287,-0.0007115888292901218,6.037822458893061e-06,6.037822458893061e-06,3.6455300045113445e-11
27,merged_z_p0p004_dedup_filtered,115,-0.0007330001099035144,-0.0007728756172582507,3.987550735473633e-05,3.987550735473633e-05,1.590056086797631e-09
27,merged_z_p0p004_dedup_filtered,116,-0.0008581536239944398,-0.0005158754647709429,-0.0003422781592234969,0.0003422781592234969,1.171543382814255e-07
27,merged_z_p0p004_dedup_filtered,117,-0.0008652675314806402,-0.0005567368352785707,-0.0003085306962020695,0.0003085306962020695,9.519119049893372e-08
27,merged_z_p0p004_dedup_filtered,118,-0.0008438244112767279,-0.0008341713109984994,-9.653100278228521e-06,9.653100278228521e-06,9.318234498153556e-11
27,merged_z_p0p004_dedup_filtered,119,-0.0010149930603802204,-0.0008954599034041166,-0.00011953315697610378,0.00011953315697610378,1.4288175616673868e-08
27,merged_z_p0p004_dedup_filtered,120,-0.0006889780052006245,-0.00027767239953391254,-0.0004113056056667119,0.0004113056056667119,1.6917230125286073e-07
27,merged_z_p0p004_dedup_filtered,121,-0.0007997031789273024,-0.00025723950238898396,-0.0005424636765383184,0.0005424636765383184,2.9426684036346933e-07
27,merged_z_p0p004_dedup_filtered,122,-0.0007620147662237287,0.000771452090702951,-0.0015334668569266796,0.0015334668569266796,2.3515206012925897e-06
27,merged_z_p0p004_dedup_filtered,123,-0.00040627652197144926,0.0008390358416363597,-0.001245312363607809,0.001245312363607809,1.5508028829544678e-06
27,merged_z_p0p004_dedup_filtered,124,0.00037901662290096283,0.0009618177427910268,-0.000582801119890064,0.000582801119890064,3.3965714534511275e-07
27,merged_z_p0p004_dedup_filtered,125,0.0008542956202290952,0.0010490822605788708,-0.00019478664034977555,0.00019478664034977555,3.794183525875281e-08
27,merged_z_p0p004_dedup_filtered,126,0.0008858708897605538,0.0022407425567507744,-0.0013548716669902205,0.0013548716669902205,1.835677234012859e-06
27,merged_z_p0p004_dedup_filtered,127,0.0007591649191454053,0.0011778248008340597,-0.0004186598816886544,0.0004186598816886544,1.7527609653555812e-07
28,merged_z_p0p006_dedup_filtered,0,-0.0014374909223988652,-0.001447714283131063,1.0223360732197762e-05,1.0223360732197762e-05,1.0451710466064315e-10
28,merged_z_p0p006_dedup_filtered,1,-0.0015209312550723553,-0.001375006278976798,-0.0001459249760955572,0.0001459249760955572,2.1294098648488944e-08
28,merged_z_p0p006_dedup_filtered,2,-0.0016343799652531743,-0.0013246310409158468,-0.0003097489243373275,0.0003097489243373275,9.594439612813142e-08
28,merged_z_p0p006_dedup_filtered,3,-0.0014794742455706,-0.0008837009663693607,-0.0005957732792012393,0.0005957732792012393,3.549458002101979e-07
28,merged_z_p0p006_dedup_filtered,4,-0.0014581815339624882,-0.0008428021101281047,-0.0006153794238343835,0.0006153794238343835,3.786918352787378e-07
28,merged_z_p0p006_dedup_filtered,5,-0.0017453156178817153,-0.001263270853087306,-0.0004820447647944093,0.0004820447647944093,2.3236715526569736e-07
28,merged_z_p0p006_dedup_filtered,6,-0.0018195968586951494,-0.0012019394198432565,-0.000617657438851893,0.000617657438851893,3.815007117690799e-07
28,merged_z_p0p006_dedup_filtered,7,-0.001417734893038869,-0.0008019231609068811,-0.0006158117321319878,0.0006158117321319878,3.792240894313991e-07
28,merged_z_p0p006_dedup_filtered,8,-0.0013546759728342295,-0.0007610530010424554,-0.000593622971791774,0.000593622971791774,3.5238823263889735e-07
28,merged_z_p0p006_dedup_filtered,9,-0.0018292689928784966,-0.0011406324338167906,-0.0006886365590617061,0.0006886365590617061,4.742203104763466e-07
28,merged_z_p0p006_dedup_filtered,10,-0.0017594110686331987,-0.0010793345281854272,-0.0006800765404477715,0.0006800765404477715,4.6250410086740945e-07
28,merged_z_p0p006_dedup_filtered,11,-0.0012698494829237461,-0.0007201872649602592,-0.0005496622179634869,0.0005496622179634869,3.021285538565398e-07
28,merged_z_p0p006_dedup_filtered,12,-0.0011691751424223185,-0.0006793235661461949,-0.0004898515762761235,0.0004898515762761235,2.3995456678020286e-07
28,merged_z_p0p006_dedup_filtered,13,-0.0016121132066473365,-0.0010180397657677531,-0.0005940734408795834,0.0005940734408795834,3.529232531585078e-07
28,merged_z_p0p006_dedup_filtered,14,-0.0014067128067836165,-0.0009567463421262801,-0.0004499664646573365,0.0004499664646573365,2.0246981931622203e-07
28,merged_z_p0p006_dedup_filtered,15,-0.0010632427874952555,-0.000638460973277688,-0.00042478181421756744,0.00042478181421756744,1.8043958968996798e-07
28,merged_z_p0p006_dedup_filtered,16,-0.0009657413465902209,-0.0005975988460704684,-0.0003681425005197525,0.0003681425005197525,1.3552890068893597e-07
28,merged_z_p0p006_dedup_filtered,17,-0.0005378695204854012,0.0018671393627300858,-0.002405008883215487,0.002405008883215487,5.784067728345404e-06
28,merged_z_p0p006_dedup_filtered,18,-0.0002280979388160631,-4.381816864906796e-08,-0.00022805412064741404,0.00022805412064741404,5.2008681944265276e-08
28,merged_z_p0p006_dedup_filtered,19,-0.00027487793704494834,-3.940547443903597e-08,-0.0002748385315705093,0.0002748385315705093,7.553621843583383e-08
28,merged_z_p0p006_dedup_filtered,20,-0.0003295005008112639,-3.528859693346931e-08,-0.00032946521221433045,0.00032946521221433045,1.085473260594338e-07
28,merged_z_p0p006_dedup_filtered,21,-0.00038578949170187116,-3.133590809056841e-08,-0.0003857581557937806,0.0003857581557937806,1.488093547614187e-07
28,merged_z_p0p006_dedup_filtered,22,-0.0004383702762424946,-2.7436634297828277e-08,-0.00043834283960819675,0.00043834283960819675,1.921444450357773e-07
28,merged_z_p0p006_dedup_filtered,23,-0.0004834040009882301,-2.3607100274603e-08,-0.0004833803938879555,0.0004833803938879555,2.33656605195275e-07
28,merged_z_p0p006_dedup_filtered,24,-0.0005188971990719438,-1.99208045614796e-08,-0.0005188772782673823,0.0005188772782673823,2.6923362990216645e-07
28,merged_z_p0p006_dedup_filtered,25,-0.0005445660790428519,-1.6569588368042787e-08,-0.0005445495094544839,0.0005445495094544839,2.96534168247119e-07
28,merged_z_p0p006_dedup_filtered,26,-0.0005613361136056483,-1.3542215349104936e-08,-0.0005613225713902992,0.0005613225713902992,3.150830291522175e-07
28,merged_z_p0p006_dedup_filtered,27,-0.0005706364754587412,-1.0667145389220423e-08,-0.000570625808313352,0.000570625808313352,3.256138131132663e-07
28,merged_z_p0p006_dedup_filtered,28,-0.0005736893508583307,-7.969680915209665e-09,-0.0005736813811774155,0.0005736813811774155,3.291103271096271e-07
28,merged_z_p0p006_dedup_filtered,29,-0.000264105387032032,9.47217849898152e-05,-0.0003588271720218472,0.0003588271720218472,1.2875693938119634e-07
28,merged_z_p0p006_dedup_filtered,30,-8.0323894508183e-05,0.00021143874619156122,-0.0002917626406997442,0.0002917626406997442,8.512543850808805e-08
28,merged_z_p0p006_dedup_filtered,31,-0.00014497144729830325,0.00025207229191437364,-0.0003970437392126769,0.0003970437392126769,1.5764373084798417e-07
28,merged_z_p0p006_dedup_filtered,32,-0.00014135550009086728,0.00037894511478953063,-0.0005203006148803979,0.0005203006148803979,2.7071272984492015e-07
28,merged_z_p0p006_dedup_filtered,33,-0.00030276115285232663,0.00012176073505543172,-0.00042452188790775836,0.00042452188790775836,1.8021883331276735e-07
28,merged_z_p0p006_dedup_filtered,34,-0.0005377728957682848,0.0004891888820566237,-0.0010269617778249085,0.0010269617778249085,1.0546504931132967e-06
28,merged_z_p0p006_dedup_filtered,35,-0.0003833952359855175,0.0003336321096867323,-0.0007170273456722498,0.0007170273456722498,5.14128214441792e-07
28,merged_z_p0p006_dedup_filtered,36,-0.0004966382402926683,0.00037446481292136014,-0.0008711030532140285,0.0008711030532140285,7.588205293188025e-07
28,merged_z_p0p006_dedup_filtered,37,-0.000563578330911696,0.0004153090703766793,-0.0009788874012883753,0.0009788874012883753,9.582205444011086e-07
28,merged_z_p0p006_dedup_filtered,38,-0.0009207322727888823,0.0006241575465537608,-0.001544889819342643,0.001544889819342643,2.386684553908544e-06
28,merged_z_p0p006_dedup_filtered,39,-0.0005615839618258178,0.0004561584210023284,-0.0010177423828281462,0.0010177423828281462,1.035799557804713e-06
28,merged_z_p0p006_dedup_filtered,40,-0.0004817831504624337,0.0004970102454535663,-0.000978793395916,0.000978793395916,9.580365118887755e-07
28,merged_z_p0p006_dedup_filtered,41,-0.0003311798791401088,0.0005378634086810052,-0.0008690432878211141,0.0008690432878211141,7.552362361069317e-07
28,merged_z_p0p006_dedup_filtered,42,-0.00013134090113453567,0.0005787170375697315,-0.0007100579387042671,0.0007100579387042671,5.041822763169528e-07
28,merged_z_p0p006_dedup_filtered,43,8.605828043073416e-05,0.0006195716559886932,-0.0005335133755579591,0.0005335133755579591,2.846365218992479e-07
28,merged_z_p0p006_dedup_filtered,44,0.0002858639636542648,0.0006604263326153159,-0.0003745623689610511,0.0003745623689610511,1.4029696824171458e-07
28,merged_z_p0p006_dedup_filtered,45,0.00043680815724655986,0.0007012812420725822,-0.0002644730848260224,0.0002644730848260224,6.994601259739243e-08
28,merged_z_p0p006_dedup_filtered,46,0.0005180078442208469,0.0007421369664371014,-0.00022412912221625447,0.00022412912221625447,5.0233863425428734e-08
28,merged_z_p0p006_dedup_filtered,47,0.0005231922259554267,0.0007829946698620915,-0.00025980244390666485,0.00025980244390666485,6.749730985987573e-08
28,merged_z_p0p006_dedup_filtered,48,0.00046174676390364766,0.0008238583686761558,-0.00036211160477250814,0.00036211160477250814,1.3112481431092114e-07
28,merged_z_p0p006_dedup_filtered,49,0.00035635815584100783,0.0008647360373288393,-0.0005083778814878315,0.0005083778814878315,2.584480703860556e-07
28,merged_z_p0p006_dedup_filtered,50,0.00023778664763085544,0.0009056436247192323,-0.0006678569770883769,0.0006678569770883769,4.4603294184562476e-07
28,merged_z_p0p006_dedup_filtered,51,0.00013791723176836967,0.0009466128540225327,-0.000808695622254163,0.000808695622254163,6.539886094530479e-07
28,merged_z_p0p006_dedup_filtered,52,8.26167524792254e-05,0.0009877001866698265,-0.0009050834341906011,0.0009050834341906011,8.191760228462522e-07
28,merged_z_p0p006_dedup_filtered,53,-0.00017236953135579824,0.0014846447156742215,-0.0016570142470300198,0.0016570142470300198,2.7456962148604633e-06
28,merged_z_p0p006_dedup_filtered,54,5.7405122788622975e-05,0.0013856397708877921,-0.0013282346480991691,0.0013282346480991691,1.7642072804111237e-06
28,merged_z_p0p006_dedup_filtered,55,0.00017929765454027802,0.00046105115325190127,-0.00028175349871162325,0.00028175349871162325,7.938503403624069e-08
28,merged_z_p0p006_dedup_filtered,56,0.0002050620096269995,0.0004815375432372093,-0.0002764755336102098,0.0002764755336102098,7.643872068505026e-08
28,merged_z_p0p006_dedup_filtered,57,0.0002145532052963972,0.0005020664539188147,-0.00028751324862241745,0.00028751324862241745,8.266386813341603e-08
28,merged_z_p0p006_dedup_filtered,58,-0.00043860069126822054,-8.765365322460639e-08,-0.00043851303761499594,0.00043851303761499594,1.9229368415833085e-07
28,merged_z_p0p006_dedup_filtered,59,-0.0004182904667686671,-8.278884422452393e-08,-0.0004182076779244426,0.0004182076779244426,1.748976618749543e-07
28,merged_z_p0p006_dedup_filtered,60,-0.0003803123254328966,-7.802069035278691e-08,-0.00038023430474254383,0.00038023430474254383,1.445781265030457e-07
28,merged_z_p0p006_dedup_filtered,61,-0.0003309889289084822,-7.334247698054241e-08,-0.00033091558643150165,0.00033091558643150165,1.0950512534330464e-07
28,merged_z_p0p006_dedup_filtered,62,-0.00027845794102177024,-6.88823433847574e-08,-0.0002783890586783855,0.0002783890586783855,7.750046799183756e-08
28,merged_z_p0p006_dedup_filtered,63,-0.00023126931046135724,-6.451631406889646e-08,-0.00023120479414728834,0.00023120479414728834,5.3455656836689975e-08
28,merged_z_p0p006_dedup_filtered,64,-0.00019695510854944587,-6.008493613762766e-08,-0.00019689502361330824,0.00019689502361330824,3.876765032368521e-08
28,merged_z_p0p006_dedup_filtered,65,-0.00018083756731357425,-5.5533046605660275e-08,-0.0001807820342669686,0.0001807820342669686,3.2682143913703404e-08
28,merged_z_p0p006_dedup_filtered,66,-0.00018528733926359564,-5.0840792908957155e-08,-0.00018523649847068668,0.00018523649847068668,3.431256036568071e-08
28,merged_z_p0p006_dedup_filtered,67,-0.0004504677781369537,-0.0003287561412435025,-0.00012171163689345121,0.00012171163689345121,1.4813722555283315e-08
28,merged_z_p0p006_dedup_filtered,68,-0.0004512948798947036,-0.0003491897659841925,-0.00010210511391051114,0.00010210511391051114,1.0425454286678455e-08
28,merged_z_p0p006_dedup_filtered,69,-0.0005079768598079681,-0.00036962368176318705,-0.0001383531780447811,0.0001383531780447811,1.9141601875090896e-08
28,merged_z_p0p006_dedup_filtered,70,-0.0006162946228869259,-0.00039005829603411257,-0.00022623632685281336,0.00022623632685281336,5.1182875587853e-08
28,merged_z_p0p006_dedup_filtered,71,-0.0007624368881806731,-0.00041049456922337413,-0.000351942318957299,0.000351942318957299,1.2386339587304118e-07
28,merged_z_p0p006_dedup_filtered,72,-0.0009249991271644831,-0.00043093538261018693,-0.0004940637445542961,0.0004940637445542961,2.440989836830128e-07
28,merged_z_p0p006_dedup_filtered,73,-0.001078580622561276,-0.00045138722634874284,-0.0006271933962125331,0.0006271933962125331,3.9337155625261155e-07
28,merged_z_p0p006_dedup_filtered,74,-0.0011983010917901993,-0.000471863808343187,-0.0007264372834470123,0.0007264372834470123,5.277111267818749e-07
28,merged_z_p0p006_dedup_filtered,75,-0.0012643539812415838,-0.0004923840169794858,-0.0007719699642620981,0.0007719699642620981,5.95937625722825e-07
28,merged_z_p0p006_dedup_filtered,76,-0.0014893119223415852,-0.0009862297447398305,-0.0005030821776017547,0.0005030821776017547,2.530916774205234e-07
28,merged_z_p0p006_dedup_filtered,77,-0.0014889563899487257,-0.0009451392688788474,-0.0005438171210698783,0.0005438171210698783,2.957370611687307e-07
28,merged_z_p0p006_dedup_filtered,78,0.0001407716772519052,0.0004405994259286672,-0.000299827748676762,0.000299827748676762,8.989667887657555e-08
28,merged_z_p0p006_dedup_filtered,79,9.452342055737972e-05,0.0004201637639198452,-0.0003256403433624655,0.0003256403433624655,1.0604163322522443e-07
28,merged_z_p0p006_dedup_filtered,80,4.61787567473948e-05,0.0003997348539996892,-0.0003535560972522944,0.0003535560972522944,1.2500191390427387e-07
28,merged_z_p0p006_dedup_filtered,81,9.268769645132124e-07,0.00037930873804725707,-0.00037838186108274385,0.00037838186108274385,1.4317283279644087e-07
28,merged_z_p0p006_dedup_filtered,82,-3.7376084947027266e-05,0.00035888361162506044,-0.0003962596965720877,0.0003962596965720877,1.5702174712740302e-07
28,merged_z_p0p006_dedup_filtered,83,-6.67967033223249e-05,0.0003384589799679816,-0.0004052556832903065,0.0004052556832903065,1.642321688390932e-07
28,merged_z_p0p006_dedup_filtered,84,-8.749526750762016e-05,0.0003180345520377159,-0.00040552981954533607,0.00040552981954533607,1.6445443454047283e-07
28,merged_z_p0p006_dedup_filtered,85,-0.00010145588021259755,0.00029760986217297614,-0.0003990657423855737,0.0003990657423855737,1.5925346674574906e-07
28,merged_z_p0p006_dedup_filtered,86,-0.00011184715549461544,0.00027718511410057545,-0.0003890322695951909,0.0003890322695951909,1.5134610678638528e-07
28,merged_z_p0p006_dedup_filtered,87,-0.00012216335744597018,0.00025676030782051384,-0.000378923665266484,0.000378923665266484,1.4358314409898643e-07
28,merged_z_p0p006_dedup_filtered,88,-0.00013533796300180256,0.00023633554519619793,-0.0003716735081980005,0.0003716735081980005,1.3814119669620914e-07
28,merged_z_p0p006_dedup_filtered,89,-0.00015302507381420583,0.0002159112336812541,-0.0003689363074954599,0.0003689363074954599,1.3611399898838455e-07
28,merged_z_p0p006_dedup_filtered,90,-0.0001752020325511694,0.0001954879699042067,-0.0003706900024553761,0.0003706900024553761,1.3741107792036673e-07
28,merged_z_p0p006_dedup_filtered,91,-0.0002001737739192322,0.0001750672236084938,-0.000375240997527726,0.000375240997527726,1.4080580622560287e-07
28,merged_z_p0p006_dedup_filtered,92,-0.0002249685931019485,0.0001546525745652616,-0.0003796211676672101,0.0003796211676672101,1.4411223094101604e-07
28,merged_z_p0p006_dedup_filtered,93,-0.0002460284740664065,0.00013425250654108822,-0.0003802809806074947,0.0003802809806074947,1.4461362421179777e-07
28,merged_z_p0p006_dedup_filtered,94,-0.000996516435407102,-0.0001346870994893834,-0.0008618293359177187,0.0008618293359177187,7.42749804248376e-07
28,merged_z_p0p006_dedup_filtered,95,-0.0009866474429145455,-0.00011431432358222082,-0.0008723331193323247,0.0008723331193323247,7.609650710840638e-07
28,merged_z_p0p006_dedup_filtered,96,-0.0013531564036384225,-0.00023012967722024769,-0.0011230267264181748,0.0011230267264181748,1.261189028249522e-06
28,merged_z_p0p006_dedup_filtered,97,-0.0015007918700575829,-0.00034439569571986794,-0.001156396174337715,0.001156396174337715,1.3372521120229027e-06
28,merged_z_p0p006_dedup_filtered,98,-0.0013750868383795023,-0.00040538940811529756,-0.0009696974302642047,0.0009696974302642047,9.403131062610022e-07
28,merged_z_p0p006_dedup_filtered,99,-0.0012879309942945838,-0.0002708356478251517,-0.0010170953464694321,0.0010170953464694321,1.0344829438097742e-06
28,merged_z_p0p006_dedup_filtered,100,-0.0011924110585823655,-0.000311625306494534,-0.0008807857520878315,0.0008807857520878315,7.75783541080927e-07
28,merged_z_p0p006_dedup_filtered,101,-0.0011955822119489312,-0.00046654770267196,-0.0007290345092769712,0.0007290345092769712,5.314913157167142e-07
28,merged_z_p0p006_dedup_filtered,102,-0.0010010923724621534,-0.0005277741001918912,-0.00047331827227026224,0.00047331827227026224,2.240301868649061e-07
28,merged_z_p0p006_dedup_filtered,103,-0.0010833113919943571,-0.0003524541389197111,-0.000730857253074646,0.000730857253074646,5.341523243718171e-07
28,merged_z_p0p006_dedup_filtered,104,-0.0009794710204005241,-0.00039330110303126276,-0.0005861699173692614,0.0005861699173692614,3.435951720286867e-07
28,merged_z_p0p006_dedup_filtered,105,-0.0008339957566931844,-0.0005890292231924832,-0.0002449665335007012,0.0002449665335007012,6.000860253535016e-08
28,merged_z_p0p006_dedup_filtered,106,-0.0007313619134947658,-0.0006503114709630609,-8.10504425317049e-05,8.10504425317049e-05,6.569174234585199e-09
28,merged_z_p0p006_dedup_filtered,107,-0.0008984419982880354,-0.000434155750554055,-0.0004642862477339804,0.0004642862477339804,2.1556171983489904e-07
28,merged_z_p0p006_dedup_filtered,108,-0.0009248320711776614,0.0007256130338646472,-0.0016504451050423086,0.0016504451050423086,2.723969044758117e-06
28,merged_z_p0p006_dedup_filtered,109,-0.00097780826035887,-0.000195943663129583,-0.000781864597229287,0.000781864597229287,6.113122484005152e-07
28,merged_z_p0p006_dedup_filtered,110,-0.0010018973844125867,-0.00017551530618220568,-0.000826382078230381,0.000826382078230381,6.829073392203636e-07
28,merged_z_p0p006_dedup_filtered,111,-0.001004917430691421,-0.0001550936867715791,-0.0008498237439198419,0.0008498237439198419,7.222003957299371e-07
28,merged_z_p0p006_dedup_filtered,112,-0.001376582426019013,-0.00018960496527142823,-0.0011869774607475847,0.0011869774607475847,1.408915492322784e-06
28,merged_z_p0p006_dedup_filtered,113,-0.0008534248918294907,-0.00047501467633992434,-0.0003784102154895663,0.0003784102154895663,1.4319429118686002e-07
28,merged_z_p0p006_dedup_filtered,114,-0.0007172569166868925,-0.0007115888292901218,-5.668087396770716e-06,5.668087396770716e-06,3.212721473743103e-11
28,merged_z_p0p006_dedup_filtered,115,-0.0007978628855198622,-0.0007728756172582507,-2.498726826161146e-05,2.498726826161146e-05,6.243635751777355e-10
28,merged_z_p0p006_dedup_filtered,116,-0.000851137621793896,-0.0005158754647709429,-0.00033526215702295303,0.00033526215702295303,1.1240071393168322e-07
28,merged_z_p0p006_dedup_filtered,117,-0.000890999857801944,-0.0005567368352785707,-0.00033426302252337337,0.00033426302252337337,1.1173176822646121e-07
28,merged_z_p0p006_dedup_filtered,118,-0.0009604198858141899,-0.0008341713109984994,-0.00012624857481569052,0.00012624857481569052,1.5938702642993006e-08
28,merged_z_p0p006_dedup_filtered,119,-0.0011761825298890471,-0.0008954599034041166,-0.0002807226264849305,0.0002807226264849305,7.880519302059781e-08
28,merged_z_p0p006_dedup_filtered,120,-0.0006385123124346137,-0.00027767239953391254,-0.00036083991290070117,0.00036083991290070117,1.302054427421856e-07
28,merged_z_p0p006_dedup_filtered,121,-0.0007468578405678272,-0.00025723950238898396,-0.0004896183381788433,0.0004896183381788433,2.397261170810121e-07
28,merged_z_p0p006_dedup_filtered,122,-0.0006846789037808776,0.000771452090702951,-0.0014561309944838285,0.0014561309944838285,2.1203174730964635e-06
28,merged_z_p0p006_dedup_filtered,123,-0.0003424455935601145,0.0008390358416363597,-0.0011814814351964742,0.0011814814351964742,1.3958983817139205e-06
28,merged_z_p0p006_dedup_filtered,124,0.00038906358531676233,0.0009618177427910268,-0.0005727541574742645,0.0005727541574742645,3.280473249040546e-07
28,merged_z_p0p006_dedup_filtered,125,0.0008323697838932276,0.0010490822605788708,-0.0002167124766856432,0.0002167124766856432,4.6964297551225446e-08
28,merged_z_p0p006_dedup_filtered,126,0.0008710715337656438,0.0033611138351261616,-0.0024900423013605177,0.0024900423013605177,6.2003106625647834e-06
28,merged_z_p0p006_dedup_filtered,127,0.0007676794193685055,0.0011778248008340597,-0.00041014538146555424,0.00041014538146555424,1.68219233937525e-07
29,merged_z_p0p008_dedup_filtered,0,-0.0014271173859015107,-0.001447714283131063,2.059689722955227e-05,2.059689722955227e-05,4.2423217548473793e-10
29,merged_z_p0p008_dedup_filtered,1,-0.0015314238844439387,-0.001375006278976798,-0.00015641760546714067,0.00015641760546714067,2.4466467300074076e-08
29,merged_z_p0p008_dedup_filtered,2,-0.0016757516423240304,-0.0013246310409158468,-0.0003511206014081836,0.0003511206014081836,1.2328567673324453e-07
29,merged_z_p0p008_dedup_filtered,3,-0.001467184629291296,-0.0008837009663693607,-0.0005834836629219353,0.0005834836629219353,3.4045318489679864e-07
29,merged_z_p0p008_dedup_filtered,4,-0.0014769691042602062,-0.0008428021101281047,-0.0006341669941321015,0.0006341669941321015,4.021677764465449e-07
29,merged_z_p0p008_dedup_filtered,5,-0.0018221387872472405,-0.001263270853087306,-0.0005588679341599345,0.0005588679341599345,3.123333678321929e-07
29,merged_z_p0p008_dedup_filtered,6,-0.0019304456654936075,-0.0012019394198432565,-0.000728506245650351,0.000728506245650351,5.307213499515696e-07
29,merged_z_p0p008_dedup_filtered,7,-0.0014653261750936508,-0.0008019231609068811,-0.0006634030141867697,0.0006634030141867697,4.401035592320914e-07
29,merged_z_p0p008_dedup_filtered,8,-0.0014235223643481731,-0.0007610530010424554,-0.0006624693633057177,0.0006624693633057177,4.38865657318683e-07
29,merged_z_p0p008_dedup_filtered,9,-0.0019669528119266033,-0.0011406324338167906,-0.0008263203781098127,0.0008263203781098127,6.828053672795439e-07
29,merged_z_p0p008_dedup_filtered,10,-0.0019122089724987745,-0.0010793345281854272,-0.0008328744443133473,0.0008328744443133473,6.936798399902671e-07
29,merged_z_p0p008_dedup_filtered,11,-0.0013486389070749283,-0.0007201872649602592,-0.0006284516421146691,0.0006284516421146691,3.949514664766241e-07
29,merged_z_p0p008_dedup_filtered,12,-0.0012450087815523148,-0.0006793235661461949,-0.0005656852154061198,0.0005656852154061198,3.199997629290682e-07
29,merged_z_p0p008_dedup_filtered,13,-0.0017656992422416806,-0.0010180397657677531,-0.0007476594764739275,0.0007476594764739275,5.589946927612673e-07
29,merged_z_p0p008_dedup_filtered,14,-0.0015463950112462044,-0.0009567463421262801,-0.0005896486691199243,0.0005896486691199243,3.47685552994898e-07
29,merged_z_p0p008_dedup_filtered,15,-0.0011240250896662474,-0.000638460973277688,-0.00048556411638855934,0.00048556411638855934,2.357725111242024e-07
29,merged_z_p0p008_dedup_filtered,16,-0.0010022936621680856,-0.0005975988460704684,-0.00040469481609761715,0.00040469481609761715,1.6377789417628416e-07
29,merged_z_p0p008_dedup_filtered,17,-0.0005011274479329586,0.0024895190726965666,-0.002990646520629525,0.002990646520629525,8.943966611353485e-06
29,merged_z_p0p008_dedup_filtered,18,-0.0002759688359219581,-4.381816864906796e-08,-0.000275925017753309,0.000275925017753309,7.61346154221639e-08
29,merged_z_p0p008_dedup_filtered,19,-0.00033372908364981413,-3.940547443903597e-08,-0.0003336896781753751,0.0003336896781753751,1.113488013207854e-07
29,merged_z_p0p008_dedup_filtered,20,-0.00039226983790285885,-3.528859693346931e-08,-0.0003922345493059254,0.0003922345493059254,1.538479416692224e-07
29,merged_z_p0p008_dedup_filtered,21,-0.00044355556019581854,-3.133590809056841e-08,-0.000443524224287728,0.000443524224287728,1.9671373753003084e-07
29,merged_z_p0p008_dedup_filtered,22,-0.00048189566587097943,-2.7436634297828277e-08,-0.0004818682292366816,0.0004818682292366816,2.3219699034769513e-07
29,merged_z_p0p008_dedup_filtered,23,-0.0005048661259934306,-2.3607100274603e-08,-0.000504842518893156,0.000504842518893156,2.548659688823866e-07
29,merged_z_p0p008_dedup_filtered,24,-0.0005134581588208675,-1.99208045614796e-08,-0.0005134382380163061,0.0005134382380163061,2.6361882425728895e-07
29,merged_z_p0p008_dedup_filtered,25,-0.0005114545347169042,-1.6569588368042787e-08,-0.0005114379651285361,0.0005114379651285361,2.6156879217481774e-07
29,merged_z_p0p008_dedup_filtered,26,-0.0005042045959271491,-1.3542215349104936e-08,-0.0005041910537118,0.0005041910537118,2.542086186430151e-07
29,merged_z_p0p008_dedup_filtered,27,-0.0004971007583662868,-1.0667145389220423e-08,-0.0004970900912208975,0.0004970900912208975,2.4709855879000025e-07
29,merged_z_p0p008_dedup_filtered,28,-0.0004941204097121954,-7.969680915209665e-09,-0.0004941124400312802,0.0004941124400312802,2.4414710339366544e-07
29,merged_z_p0p008_dedup_filtered,29,-0.0001413873687852174,9.47217849898152e-05,-0.0002361091537750326,0.0002361091537750326,5.5747532496361996e-08
29,merged_z_p0p008_dedup_filtered,30,-0.0001422260538674891,0.00021143874619156122,-0.0003536648000590503,0.0003536648000590503,1.2507879080080804e-07
29,merged_z_p0p008_dedup_filtered,31,-0.0002009497839026153,0.00025207229191437364,-0.00045302207581698895,0.00045302207581698895,2.0522900117753368e-07
29,merged_z_p0p008_dedup_filtered,32,-0.0003166149544995278,0.00037894511478953063,-0.0006955600692890584,0.0006955600692890584,4.838038099893998e-07
29,merged_z_p0p008_dedup_filtered,33,-0.00041552999755367637,0.00016234764188993722,-0.0005778776394436136,0.0005778776394436136,3.3394256616892307e-07
29,merged_z_p0p008_dedup_filtered,34,-0.0006230861763469875,0.0004891888820566237,-0.0011122750584036112,0.0011122750584036112,1.2371558055467567e-06
29,merged_z_p0p008_dedup_filtered,35,-0.0004172913613729179,0.0003336321096867323,-0.0007509234710596502,0.0007509234710596502,5.638860593882733e-07
29,merged_z_p0p008_dedup_filtered,36,-0.0005196611164137721,0.00037446481292136014,-0.0008941259293351322,0.0008941259293351322,7.994611775094139e-07
29,merged_z_p0p008_dedup_filtered,37,-0.0005794231547042727,0.0004153090703766793,-0.000994732225080952,0.000994732225080952,9.894921996145018e-07
29,merged_z_p0p008_dedup_filtered,38,-0.0008880544919520617,0.0006241575465537608,-0.0015122120385058224,0.0015122120385058224,2.286785249401935e-06
29,merged_z_p0p008_dedup_filtered,39,-0.0005757043254561722,0.0004561584210023284,-0.0010318627464585006,0.0010318627464585006,1.06474072752888e-06
29,merged_z_p0p008_dedup_filtered,40,-0.0005000746459700167,0.0004970102454535663,-0.000997084891423583,0.000997084891423583,9.941782807051784e-07
29,merged_z_p0p008_dedup_filtered,41,-0.0003585109952837229,0.0005378634086810052,-0.0008963744039647281,0.0008963744039647281,8.034870720831216e-07
29,merged_z_p0p008_dedup_filtered,42,-0.00017026459681801498,0.0005787170375697315,-0.0007489816343877465,0.0007489816343877465,5.609734886501399e-07
29,merged_z_p0p008_dedup_filtered,43,3.6112589441472664e-05,0.0006195716559886932,-0.0005834590665472206,0.0005834590665472206,3.4042448233615395e-07
29,merged_z_p0p008_dedup_filtered,44,0.0002287196839461103,0.0006604263326153159,-0.0004317066486692056,0.0004317066486692056,1.8637063050519692e-07
29,merged_z_p0p008_dedup_filtered,45,0.00037893946864642203,0.0007012812420725822,-0.0003223417734261602,0.0003223417734261602,1.0390421889552201e-07
29,merged_z_p0p008_dedup_filtered,46,0.00046731397742405534,0.0007421369664371014,-0.000274822989013046,0.000274822989013046,7.552767529006482e-08
29,merged_z_p0p008_dedup_filtered,47,0.0004873952711932361,0.0007829946698620915,-0.00029559939866885543,0.00029559939866885543,8.737900449338893e-08
29,merged_z_p0p008_dedup_filtered,48,0.0004467462422326207,0.0008238583686761558,-0.0003771121264435351,0.0003771121264435351,1.422135559107648e-07
29,merged_z_p0p008_dedup_filtered,49,0.00036489282501861453,0.0008647360373288393,-0.0004998432123102248,0.0004998432123102248,2.4984323689260444e-07
29,merged_z_p0p008_dedup_filtered,50,0.0002686940715648234,0.0009056436247192323,-0.0006369495531544089,0.0006369495531544089,4.057047332636012e-07
29,merged_z_p0p008_dedup_filtered,51,0.00018615899898577482,0.0009466128540225327,-0.0007604538550367579,0.0007604538550367579,5.782900656402664e-07
29,merged_z_p0p008_dedup_filtered,52,0.00014007804566062987,0.0009877001866698265,-0.0008476221410091966,0.0008476221410091966,7.184632939290144e-07
29,merged_z_p0p008_dedup_filtered,53,-2.487929305061698e-05,0.0014846447156742215,-0.0015095240087248385,0.0015095240087248385,2.2786627329167063e-06
29,merged_z_p0p008_dedup_filtered,54,0.0001713653327897191,0.0013856397708877921,-0.001214274438098073,0.001214274438098073,1.474462411018391e-06
29,merged_z_p0p008_dedup_filtered,55,0.00013196264626458287,0.00046105115325190127,-0.0003290885069873184,0.0003290885069873184,1.0829924543114231e-07
29,merged_z_p0p008_dedup_filtered,56,0.00015395467926282436,0.0004815375432372093,-0.00032758286397438496,0.00032758286397438496,1.073105327696604e-07
29,merged_z_p0p008_dedup_filtered,57,0.00016186189895961434,0.0005020664539188147,-0.0003402045549592003,0.0003402045549592003,1.1573913921498755e-07
29,merged_z_p0p008_dedup_filtered,58,-0.00044099133810959756,-8.765365322460639e-08,-0.00044090368445637296,0.00044090368445637296,1.943960589672049e-07
29,merged_z_p0p008_dedup_filtered,59,-0.00041800655890256166,-8.278884422452393e-08,-0.00041792377005833714,0.00041792377005833714,1.7466027757977386e-07
29,merged_z_p0p008_dedup_filtered,60,-0.00037560323835350573,-7.802069035278691e-08,-0.00037552521766315294,0.00037552521766315294,1.4101918910095838e-07
29,merged_z_p0p008_dedup_filtered,61,-0.00032192617072723806,-7.334247698054241e-08,-0.0003218528282502575,0.0003218528282502575,1.0358924305268976e-07
29,merged_z_p0p008_dedup_filtered,62,-0.0002672428381629288,-6.88823433847574e-08,-0.00026717395581954406,0.00026717395581954406,7.138192266826368e-08
29,merged_z_p0p008_dedup_filtered,63,-0.00022195081692188978,-6.451631406889646e-08,-0.00022188630060782089,0.00022188630060782089,4.923353039742426e-08
29,merged_z_p0p008_dedup_filtered,64,-0.00019459755276329815,-6.008493613762766e-08,-0.00019453746782716053,0.00019453746782716053,3.784482638860352e-08
29,merged_z_p0p008_dedup_filtered,65,-0.00019031239207834005,-5.5533046605660275e-08,-0.0001902568590317344,0.0001902568590317344,3.619767240862125e-08
29,merged_z_p0p008_dedup_filtered,66,-0.00020995987870264798,-5.0840792908957155e-08,-0.00020990903790973903,0.00020990903790973903,4.406180419619226e-08
29,merged_z_p0p008_dedup_filtered,67,-0.00042650531395338476,-0.0003287561412435025,-9.774917270988226e-05,9.774917270988226e-05,9.55490076546639e-09
29,merged_z_p0p008_dedup_filtered,68,-0.00043167563853785396,-0.0003491897659841925,-8.248587255366147e-05,8.248587255366147e-05,6.803919170938882e-09
29,merged_z_p0p008_dedup_filtered,69,-0.00048715484444983304,-0.00036962368176318705,-0.00011753116268664598,0.00011753116268664598,1.3813574202474845e-08
29,merged_z_p0p008_dedup_filtered,70,-0.000588308903388679,-0.00039005829603411257,-0.00019825060735456645,0.00019825060735456645,3.930330331645448e-08
29,merged_z_p0p008_dedup_filtered,71,-0.0007222774438560009,-0.00041049456922337413,-0.00031178287463262677,0.00031178287463262677,9.720856091418426e-08
29,merged_z_p0p008_dedup_filtered,72,-0.0008697788580320776,-0.00043093538261018693,-0.0004388434754218906,0.0004388434754218906,1.9258359592036351e-07
29,merged_z_p0p008_dedup_filtered,73,-0.0010082559892907739,-0.00045138722634874284,-0.000556868762942031,0.000556868762942031,3.1010281914058795e-07
29,merged_z_p0p008_dedup_filtered,74,-0.0011157830012962222,-0.000471863808343187,-0.0006439191929530352,0.0006439191929530352,4.146319270532882e-07
29,merged_z_p0p008_dedup_filtered,75,-0.0011749811237677932,-0.0004923840169794858,-0.0006825971067883074,0.0006825971067883074,4.65938810195768e-07
29,merged_z_p0p008_dedup_filtered,76,-0.001425660215318203,-0.0009862297447398305,-0.0004394304705783725,0.0004394304705783725,1.9309913847272988e-07
29,merged_z_p0p008_dedup_filtered,77,-0.0014383243396878242,-0.0009451392688788474,-0.0004931850708089769,0.0004931850708089769,2.4323151406885555e-07
29,merged_z_p0p008_dedup_filtered,78,9.74576105363667e-05,0.0004405994259286672,-0.0003431418153923005,0.0003431418153923005,1.1774630547072363e-07
29,merged_z_p0p008_dedup_filtered,79,5.290834087645635e-05,0.0004201637639198452,-0.0003672554230433889,0.0003672554230433889,1.3487654575477853e-07
29,merged_z_p0p008_dedup_filtered,80,1.502529926256102e-06,0.0003997348539996892,-0.0003982323240734331,0.0003982323240734331,1.5858898393692785e-07
29,merged_z_p0p008_dedup_filtered,81,-5.309224434313364e-05,0.00037930873804725707,-0.0004324009823903907,0.0004324009823903907,1.8697060957217496e-07
29,merged_z_p0p008_dedup_filtered,82,-0.00010701672727009282,0.00035888361162506044,-0.00046590033889515325,0.00046590033889515325,2.1706312578261865e-07
29,merged_z_p0p008_dedup_filtered,83,-0.00015653872105758637,0.0003384589799679816,-0.000494997701025568,0.000494997701025568,2.4502272402059755e-07
29,merged_z_p0p008_dedup_filtered,84,-0.0001983780093723908,0.0003180345520377159,-0.0005164125614101067,0.0005164125614101067,2.6668193358214724e-07
29,merged_z_p0p008_dedup_filtered,85,-0.00023000665532890707,0.00029760986217297614,-0.0005276165175018832,0.0005276165175018832,2.7837918954081503e-07
29,merged_z_p0p008_dedup_filtered,86,-0.0002498922112863511,0.00027718511410057545,-0.0005270773253869265,0.0005270773253869265,2.7781050693703603e-07
29,merged_z_p0p008_dedup_filtered,87,-0.0002576524275355041,0.00025676030782051384,-0.000514412735356018,0.000514412735356018,2.6462046229646056e-07
29,merged_z_p0p008_dedup_filtered,88,-0.0002540973073337227,0.00023633554519619793,-0.0004904328525299206,0.0004904328525299206,2.405243828406349e-07
29,merged_z_p0p008_dedup_filtered,89,-0.00024114410916808993,0.0002159112336812541,-0.000457055342849344,0.000457055342849344,2.088995864271314e-07
29,merged_z_p0p008_dedup_filtered,90,-0.00022160698426887393,0.0001954879699042067,-0.0004170949541730806,0.0004170949541730806,1.7396820079664423e-07
29,merged_z_p0p008_dedup_filtered,91,-0.00019887907546944916,0.0001750672236084938,-0.00037394629907794297,0.00037394629907794297,1.3983583459409037e-07
29,merged_z_p0p008_dedup_filtered,92,-0.00017653977556619793,0.0001546525745652616,-0.00033119235013145953,0.00033119235013145953,1.0968837278559928e-07
29,merged_z_p0p008_dedup_filtered,93,-0.0001579323288751766,0.00013425250654108822,-0.00029218483541626483,0.00029218483541626483,8.537197804722977e-08
29,merged_z_p0p008_dedup_filtered,94,-0.0010021505877375603,-0.0001346870994893834,-0.0008674634882481769,0.0008674634882481769,7.524929034436949e-07
29,merged_z_p0p008_dedup_filtered,95,-0.0010019337059929967,-0.00011431432358222082,-0.0008876193824107759,0.0008876193824107759,7.878681680312871e-07
29,merged_z_p0p008_dedup_filtered,96,-0.001293760258704424,-0.00023012967722024769,-0.0010636305814841762,0.0010636305814841762,1.1313100138683668e-06
29,merged_z_p0p008_dedup_filtered,97,-0.001358201028779149,-0.00034439569571986794,-0.0010138053330592811,0.0010138053330592811,1.02780125333944e-06
29,merged_z_p0p008_dedup_filtered,98,-0.0012391468044370413,-0.00040538940811529756,-0.0008337573963217437,0.0008337573963217437,6.951513959212132e-07
29,merged_z_p0p008_dedup_filtered,99,-0.0012233613524585962,-0.0002708356478251517,-0.0009525257046334445,0.0009525257046334445,9.0730521798744e-07
29,merged_z_p0p008_dedup_filtered,100,-0.0011217801366001368,-0.000311625306494534,-0.0008101548301056027,0.0008101548301056027,6.56350848743438e-07
29,merged_z_p0p008_dedup_filtered,101,-0.001071756356395781,-0.00046654770267196,-0.000605208653723821,0.000605208653723821,3.6627751454219993e-07
29,merged_z_p0p008_dedup_filtered,102,-0.0008959269616752863,-0.0005277741001918912,-0.0003681528614833951,0.0003681528614833951,1.355365294184119e-07
29,merged_z_p0p008_dedup_filtered,103,-0.0010088298004120588,-0.0003524541389197111,-0.0006563756614923477,0.0006563756614923477,4.3082900899951704e-07
29,merged_z_p0p008_dedup_filtered,104,-0.0009064751793630421,-0.00039330110303126276,-0.0005131740763317794,0.0005131740763317794,2.633476326189749e-07
29,merged_z_p0p008_dedup_filtered,105,-0.0007547845598310232,-0.0005890292231924832,-0.00016575533663854003,0.00016575533663854003,2.747483162415573e-08
29,merged_z_p0p008_dedup_filtered,106,-0.0006852913647890091,-0.0006503114709630609,-3.497989382594824e-05,3.497989382594824e-05,1.2235929720746117e-09
29,merged_z_p0p008_dedup_filtered,107,-0.0008345628157258034,-0.000434155750554055,-0.0004004070651717484,0.0004004070651717484,1.6032581783945277e-07
29,merged_z_p0p008_dedup_filtered,108,-0.0008758057374507189,0.0009674840257503092,-0.0018432897632010281,0.0018432897632010281,3.3977171511217023e-06
29,merged_z_p0p008_dedup_filtered,109,-0.0009393318905495107,-0.000195943663129583,-0.0007433882274199277,0.0007433882274199277,5.526260566665422e-07
29,merged_z_p0p008_dedup_filtered,110,-0.0009777650702744722,-0.00017551530618220568,-0.0008022497640922666,0.0008022497640922666,6.436046839860973e-07
29,merged_z_p0p008_dedup_filtered,111,-0.000996491638943553,-0.0001550936867715791,-0.0008413979521719739,0.0008413979521719739,7.079505139191913e-07
29,merged_z_p0p008_dedup_filtered,112,-0.0013192143524065614,-0.00018960496527142823,-0.0011296093871351331,0.0011296093871351331,1.2760173675038111e-06
29,merged_z_p0p008_dedup_filtered,113,-0.0008070584735833108,-0.00047501467633992434,-0.0003320437972433865,0.0003320437972433865,1.1025308328780717e-07
29,merged_z_p0p008_dedup_filtered,114,-0.0007101739756762981,-0.0007115888292901218,1.4148536138236523e-06,1.4148536138236523e-06,2.0018107485498485e-12
29,merged_z_p0p008_dedup_filtered,115,-0.0008329246193170547,-0.0007728756172582507,-6.0049002058804035e-05,6.0049002058804035e-05,3.6058826482582513e-09
29,merged_z_p0p008_dedup_filtered,116,-0.0008295489242300391,-0.0005158754647709429,-0.0003136734594590962,0.0003136734594590962,9.839103916903726e-08
29,merged_z_p0p008_dedup_filtered,117,-0.0008984874002635479,-0.0005567368352785707,-0.00034175056498497725,0.00034175056498497725,1.1679344866755116e-07
29,merged_z_p0p008_dedup_filtered,118,-0.0010369489900767803,-0.0008341713109984994,-0.00020277767907828093,0.00020277767907828093,4.111878713237429e-08
29,merged_z_p0p008_dedup_filtered,119,-0.0012890369398519397,-0.0008954599034041166,-0.00039357703644782305,0.00039357703644782305,1.5490288361905103e-07
29,merged_z_p0p008_dedup_filtered,120,-0.0005924329161643982,-0.00027767239953391254,-0.00031476051663048565,0.00031476051663048565,9.907418282949024e-08
29,merged_z_p0p008_dedup_filtered,121,-0.0006945297354832292,-0.00025723950238898396,-0.0004372902330942452,0.0004372902330942452,1.912227479596193e-07
29,merged_z_p0p008_dedup_filtered,122,-0.0006074288976378739,0.000771452090702951,-0.0013788809883408248,0.0013788809883408248,1.90131278000777e-06
29,merged_z_p0p008_dedup_filtered,123,-0.00028073674184270203,0.0008390358416363597,-0.0011197725834790617,0.0011197725834790617,1.2538906387113723e-06
29,merged_z_p0p008_dedup_filtered,124,0.0003963063645642251,0.0009618177427910268,-0.0005655113782268018,0.0005655113782268018,3.1980311890397683e-07
29,merged_z_p0p008_dedup_filtered,125,0.0008077984675765038,0.0010490822605788708,-0.00024128379300236702,0.00024128379300236702,5.8217868765609096e-08
29,merged_z_p0p008_dedup_filtered,126,0.0008525720331817865,0.004481485113501549,-0.0036289130803197622,0.0036289130803197622,1.3169010144515865e-05
29,merged_z_p0p008_dedup_filtered,127,0.0007711112266406417,0.0011778248008340597,-0.000406713574193418,0.000406713574193418,1.6541593143318495e-07
30,merged_z_p0p010_dedup_filtered,0,-0.0014227541396394372,-0.001447714283131063,2.4960143491625786e-05,2.4960143491625786e-05,6.230087631225491e-10
30,merged_z_p0p010_dedup_filtered,1,-0.0015427654143422842,-0.001375006278976798,-0.00016775913536548615,0.00016775913536548615,2.8143127498575504e-08
30,merged_z_p0p010_dedup_filtered,2,-0.001710234791971743,-0.0013246310409158468,-0.0003856037510558963,0.0003856037510558963,1.4869025282837763e-07
30,merged_z_p0p010_dedup_filtered,3,-0.0014596303226426244,-0.0008837009663693607,-0.0005759293562732637,0.0005759293562732637,3.316946234173359e-07
30,merged_z_p0p010_dedup_filtered,4,-0.001495137345045805,-0.0008428021101281047,-0.0006523352349177003,0.0006523352349177003,4.255412587151312e-07
30,merged_z_p0p010_dedup_filtered,5,-0.001882969168946147,-0.001263270853087306,-0.0006196983158588409,0.0006196983158588409,3.840260026782838e-07
30,merged_z_p0p010_dedup_filtered,6,-0.002016195096075535,-0.0012019394198432565,-0.0008142556762322783,0.0008142556762322783,6.630123062764849e-07
30,merged_z_p0p010_dedup_filtered,7,-0.0015070500085130334,-0.0008019231609068811,-0.0007051268476061523,0.0007051268476061523,4.972038712149899e-07
30,merged_z_p0p010_dedup_filtered,8,-0.0014821728691458702,-0.0007610530010424554,-0.0007211198681034148,0.0007211198681034148,5.200138641734863e-07
30,merged_z_p0p010_dedup_filtered,9,-0.0020717750303447247,-0.0011406324338167906,-0.0009311425965279341,0.0009311425965279341,8.67026535068783e-07
30,merged_z_p0p010_dedup_filtered,10,-0.00202684523537755,-0.0010793345281854272,-0.0009475107071921229,0.0009475107071921229,8.977765402437169e-07
30,merged_z_p0p010_dedup_filtered,11,-0.0014144507003948092,-0.0007201872649602592,-0.00069426343543455,0.00069426343543455,4.820017177813836e-07
30,merged_z_p0p010_dedup_filtered,12,-0.001306974678300321,-0.0006793235661461949,-0.0006276511121541262,0.0006276511121541262,3.9394591858831146e-07
30,merged_z_p0p010_dedup_filtered,13,-0.0018790200119838119,-0.0010180397657677531,-0.0008609802462160587,0.0008609802462160587,7.412869843742651e-07
30,merged_z_p0p010_dedup_filtered,14,-0.0016471700510010123,-0.0009567463421262801,-0.0006904237088747323,0.0006904237088747323,4.7668489777634104e-07
30,merged_z_p0p010_dedup_filtered,15,-0.0011719599133357406,-0.000638460973277688,-0.0005334989400580525,0.0005334989400580525,2.8462111904306554e-07
30,merged_z_p0p010_dedup_filtered,16,-0.0010286488104611635,-0.0005975988460704684,-0.0004310499643906951,0.0004310499643906951,1.858040718012195e-07
30,merged_z_p0p010_dedup_filtered,17,-0.0004786783829331398,0.003111898899078369,-0.003590577282011509,0.003590577282011509,1.2892245218097155e-05
30,merged_z_p0p010_dedup_filtered,18,-0.00031422002939507365,-4.381816864906796e-08,-0.0003141762112264246,0.0003141762112264246,9.870669170059096e-08
30,merged_z_p0p010_dedup_filtered,19,-0.0003812146605923772,-3.940547443903597e-08,-0.00038117525511793815,0.00038117525511793815,1.4529457511422522e-07
30,merged_z_p0p010_dedup_filtered,20,-0.00044323643669486046,-3.528859693346931e-08,-0.000443201148097927,0.000443201148097927,1.9642725767532062e-07
30,merged_z_p0p010_dedup_filtered,21,-0.000490768754389137,-3.133590809056841e-08,-0.0004907374184810465,0.0004907374184810465,2.408232138974417e-07
30,merged_z_p0p010_dedup_filtered,22,-0.0005178810097277164,-2.7436634297828277e-08,-0.0005178535730934186,0.0005178535730934186,2.681723231656207e-07
30,merged_z_p0p010_dedup_filtered,23,-0.0005232978728599846,-2.3607100274603e-08,-0.00052327426575971,0.00052327426575971,2.7381595720636364e-07
30,merged_z_p0p010_dedup_filtered,24,-0.0005104164010845125,-1.99208045614796e-08,-0.000510396480279951,0.000510396480279951,2.605045670821624e-07
30,merged_z_p0p010_dedup_filtered,25,-0.0004862903442699462,-1.6569588368042787e-08,-0.0004862737746815782,0.0004862737746815782,2.3646218394307025e-07
30,merged_z_p0p010_dedup_filtered,26,-0.00045982340816408396,-1.3542215349104936e-08,-0.00045980986594873485,0.00045980986594873485,2.1142511282379352e-07
30,merged_z_p0p010_dedup_filtered,27,-0.00043959065806120634,-1.0667145389220423e-08,-0.0004395799909158171,0.0004395799909158171,1.9323056841354987e-07
30,merged_z_p0p010_dedup_filtered,28,-0.00043178099440410733,-7.969680915209665e-09,-0.0004317730247231921,0.0004317730247231921,1.8642794487861427e-07
30,merged_z_p0p010_dedup_filtered,29,-4.491984873311594e-05,9.47217849898152e-05,-0.00013964163372293115,0.00013964163372293115,1.949978586880926e-08
30,merged_z_p0p010_dedup_filtered,30,-0.00018429840565659106,0.00021143874619156122,-0.0003957371518481523,0.0003957371518481523,1.5660789335288754e-07
30,merged_z_p0p010_dedup_filtered,31,-0.00023930944735184312,0.00025207229191437364,-0.0004913817392662168,0.0004913817392662168,2.414560136842922e-07
30,merged_z_p0p010_dedup_filtered,32,-0.00044392820564098656,0.00037894511478953063,-0.0008228733204305172,0.0008228733204305172,6.771205014763446e-07
30,merged_z_p0p010_dedup_filtered,33,-0.000496240274515003,0.00020293454872444272,-0.0006991748232394457,0.0006991748232394457,4.888454334519101e-07
30,merged_z_p0p010_dedup_filtered,34,-0.0006825553718954325,0.0004891888820566237,-0.0011717442539520562,0.0011717442539520562,1.3729845966696607e-06
30,merged_z_p0p010_dedup_filtered,35,-0.0004418314783833921,0.0003336321096867323,-0.0007754635880701244,0.0007754635880701244,6.013437764225916e-07
30,merged_z_p0p010_dedup_filtered,36,-0.0005374097963795066,0.00037446481292136014,-0.0009118746093008667,0.0009118746093008667,8.315153030876083e-07
30,merged_z_p0p010_dedup_filtered,37,-0.0005926870508119464,0.0004153090703766793,-0.0010079961211886257,0.0010079961211886257,1.0160561803313146e-06
30,merged_z_p0p010_dedup_filtered,38,-0.0008590950747020543,0.0006241575465537608,-0.001483252621255815,0.001483252621255815,2.2000383384622463e-06
30,merged_z_p0p010_dedup_filtered,39,-0.0005878536030650139,0.0004561584210023284,-0.0010440120240673423,0.0010440120240673423,1.0899611063971889e-06
30,merged_z_p0p010_dedup_filtered,40,-0.0005146962939761579,0.0004970102454535663,-0.0010117065394297242,0.0010117065394297242,1.0235501219248681e-06
30,merged_z_p0p010_dedup_filtered,41,-0.0003784710424952209,0.0005378634086810052,-0.0009163344511762261,0.0009163344511762261,8.396688264124356e-07
30,merged_z_p0p010_dedup_filtered,42,-0.000196895154658705,0.0005787170375697315,-0.0007756121922284365,0.0007756121922284365,6.015742727334011e-07
30,merged_z_p0p010_dedup_filtered,43,3.5096090869046748e-06,0.0006195716559886932,-0.0006160620469017886,0.0006160620469017886,3.7953244563282153e-07
30,merged_z_p0p010_dedup_filtered,44,0.0001929253339767456,0.0006604263326153159,-0.0004675009986385703,0.0004675009986385703,2.1855718372806052e-07
30,merged_z_p0p010_dedup_filtered,45,0.0003443962777964771,0.0007012812420725822,-0.00035688496427610517,0.00035688496427610517,1.2736687772635686e-07
30,merged_z_p0p010_dedup_filtered,46,0.000439303315943107,0.0007421369664371014,-0.00030283365049399436,0.00030283365049399436,9.170821987151873e-08
30,merged_z_p0p010_dedup_filtered,47,0.0004709763452410698,0.0007829946698620915,-0.00031201832462102175,0.00031201832462102175,9.73554348993093e-08
30,merged_z_p0p010_dedup_filtered,48,0.0004456759197637439,0.0008238583686761558,-0.00037818244891241193,0.00037818244891241193,1.4302196466538906e-07
30,merged_z_p0p010_dedup_filtered,49,0.0003807547327596694,0.0008647360373288393,-0.0004839813045691699,0.0004839813045691699,2.3423790317247558e-07
30,merged_z_p0p010_dedup_filtered,50,0.0003004262689501047,0.0009056436247192323,-0.0006052173557691276,0.0006052173557691276,3.662880477241748e-07
30,merged_z_p0p010_dedup_filtered,51,0.00023008885909803212,0.0009466128540225327,-0.0007165239949245006,0.0007165239949245006,5.134066353025657e-07
30,merged_z_p0p010_dedup_filtered,52,0.00019046850502490997,0.0009877001866698265,-0.0007972316816449165,0.0007972316816449165,6.355783542183815e-07
30,merged_z_p0p010_dedup_filtered,53,9.887784835882485e-05,0.0014846447156742215,-0.0013857668673153967,0.0013857668673153967,1.920349810549128e-06
30,merged_z_p0p010_dedup_filtered,54,0.0002684708742890507,0.0013856397708877921,-0.0011171688965987414,0.0011171688965987414,1.2480663435276494e-06
30,merged_z_p0p010_dedup_filtered,55,0.00010054780432255939,0.00046105115325190127,-0.0003605033489293419,0.0003605033489293419,1.2996266458927082e-07
30,merged_z_p0p010_dedup_filtered,56,0.00011734088184311986,0.0004815375432372093,-0.00036419666139408946,0.00036419666139408946,1.3263920817060105e-07
30,merged_z_p0p010_dedup_filtered,57,0.00012315608910284936,0.0005020664539188147,-0.0003789103648159653,0.0003789103648159653,1.435730645649679e-07
30,merged_z_p0p010_dedup_filtered,58,-0.0004373946285340935,-8.765365322460639e-08,-0.0004373069748808689,0.0004373069748808689,1.912373902794569e-07
30,merged_z_p0p010_dedup_filtered,59,-0.0004124597762711346,-8.278884422452393e-08,-0.0004123769874269101,0.0004123769874269101,1.7005477975929395e-07
30,merged_z_p0p010_dedup_filtered,60,-0.00036688806721940637,-7.802069035278691e-08,-0.0003668100465290536,0.0003668100465290536,1.3454961023464646e-07
30,merged_z_p0p010_dedup_filtered,61,-0.0003102547489106655,-7.334247698054241e-08,-0.00031018140643368497,0.00031018140643368497,9.621250489717886e-08
30,merged_z_p0p010_dedup_filtered,62,-0.00025449326494708657,-6.88823433847574e-08,-0.0002544243826037018,0.0002544243826037018,6.473176646327485e-08
30,merged_z_p0p010_dedup_filtered,63,-0.00021143558842595667,-6.451631406889646e-08,-0.00021137107211188777,0.00021137107211188777,4.467773012572886e-08
30,merged_z_p0p010_dedup_filtered,64,-0.00019039599283132702,-6.008493613762766e-08,-0.0001903359078951894,0.0001903359078951894,3.622775783428602e-08
30,merged_z_p0p010_dedup_filtered,65,-0.0001963065005838871,-5.5533046605660275e-08,-0.00019625096753728144,0.00019625096753728144,3.8514442259319096e-08
30,merged_z_p0p010_dedup_filtered,66,-0.00022879012976773083,-5.0840792908957155e-08,-0.00022873928897482187,0.00022873928897482187,5.232166232070707e-08
30,merged_z_p0p010_dedup_filtered,67,-0.0004182036209385842,-0.0003287561412435025,-8.944747969508171e-05,8.944747969508171e-05,8.000851623802055e-09
30,merged_z_p0p010_dedup_filtered,68,-0.00042802284588105977,-0.0003491897659841925,-7.883307989686728e-05,7.883307989686728e-05,6.214654486025859e-09
30,merged_z_p0p010_dedup_filtered,69,-0.0004821917391382158,-0.00036962368176318705,-0.00011256805737502873,0.00011256805737502873,1.267156754118776e-08
30,merged_z_p0p010_dedup_filtered,70,-0.0005757692852057517,-0.00039005829603411257,-0.00018571098917163908,0.00018571098917163908,3.448857149910865e-08
30,merged_z_p0p010_dedup_filtered,71,-0.000696967588737607,-0.00041049456922337413,-0.0002864730195142329,0.0002864730195142329,8.206679090960205e-08
30,merged_z_p0p010_dedup_filtered,72,-0.0008287508389912546,-0.00043093538261018693,-0.00039781545638106763,0.00039781545638106763,1.5825713733567713e-07
30,merged_z_p0p010_dedup_filtered,73,-0.0009515186538919806,-0.00045138722634874284,-0.0005001314275432378,0.0005001314275432378,2.5013144481643693e-07
30,merged_z_p0p010_dedup_filtered,74,-0.0010463919024914503,-0.000471863808343187,-0.0005745280941482633,0.0005745280941482633,3.3008253096563574e-07
30,merged_z_p0p010_dedup_filtered,75,-0.0010984850814566016,-0.0004923840169794858,-0.0006061010644771159,0.0006061010644771159,3.6735850036029297e-07
30,merged_z_p0p010_dedup_filtered,76,-0.001375243766233325,-0.0009862297447398305,-0.0003890140214934945,0.0003890140214934945,1.51331908918541e-07
30,merged_z_p0p010_dedup_filtered,77,-0.0013988025020807981,-0.0009451392688788474,-0.0004536632332019508,0.0004536632332019508,2.0581032915924758e-07
30,merged_z_p0p010_dedup_filtered,78,7.233799260575324e-05,0.0004405994259286672,-0.00036826143332291394,0.00036826143332291394,1.35616483273047e-07
30,merged_z_p0p010_dedup_filtered,79,3.247306449338794e-05,0.0004201637639198452,-0.0003876906994264573,0.0003876906994264573,1.5030407842177565e-07
30,merged_z_p0p010_dedup_filtered,80,-1.8519807781558484e-05,0.0003997348539996892,-0.0004182546617812477,0.0004182546617812477,1.749369621017459e-07
30,merged_z_p0p010_dedup_filtered,81,-7.881624333094805e-05,0.00037930873804725707,-0.0004581249813782051,0.0004581249813782051,2.098784985627808e-07
30,merged_z_p0p010_dedup_filtered,82,-0.00014497217489406466,0.00035888361162506044,-0.0005038557865191251,0.0005038557865191251,2.5387065360880617e-07
30,merged_z_p0p010_dedup_filtered,83,-0.00021194615692365915,0.0003384589799679816,-0.0005504051368916407,0.0005504051368916407,3.0294581471670576e-07
30,merged_z_p0p010_dedup_filtered,84,-0.00027352836332283914,0.0003180345520377159,-0.000591562915360555,0.000591562915360555,3.499466828298792e-07
30,merged_z_p0p010_dedup_filtered,85,-0.000323141401167959,0.00029760986217297614,-0.0006207512633409351,0.0006207512633409351,3.8533213093936697e-07
30,merged_z_p0p010_dedup_filtered,86,-0.0003548864624463022,0.00027718511410057545,-0.0006320715765468776,0.0006320715765468776,3.995144778784554e-07
30,merged_z_p0p010_dedup_filtered,87,-0.0003646372351795435,0.00025676030782051384,-0.0006213975430000573,0.0006213975430000573,3.861349064465081e-07
30,merged_z_p0p010_dedup_filtered,88,-0.0003509553789626807,0.00023633554519619793,-0.0005872909241588786,0.0005872909241588786,3.449106295993897e-07
30,merged_z_p0p010_dedup_filtered,89,-0.00031561864307150245,0.0002159112336812541,-0.0005315298767527565,0.0005315298767527565,2.8252400988080055e-07
30,merged_z_p0p010_dedup_filtered,90,-0.0002636186545714736,0.0001954879699042067,-0.0004591066244756803,0.0004591066244756803,2.1077889263745332e-07
30,merged_z_p0p010_dedup_filtered,91,-0.00020258458971511573,0.0001750672236084938,-0.00037765181332360953,0.00037765181332360953,1.4262089210661042e-07
30,merged_z_p0p010_dedup_filtered,92,-0.00014170282520353794,0.0001546525745652616,-0.00029635539976879954,0.00029635539976879954,8.782652297212499e-08
30,merged_z_p0p010_dedup_filtered,93,-9.030359069583938e-05,0.00013425250654108822,-0.0002245560972369276,0.0002245560972369276,5.042544080628048e-08
30,merged_z_p0p010_dedup_filtered,94,-0.0010032285936176777,-0.0001346870994893834,-0.0008685414941282943,0.0008685414941282943,7.543643270226099e-07
30,merged_z_p0p010_dedup_filtered,95,-0.001011486048810184,-0.00011431432358222082,-0.0008971717252279632,0.0008971717252279632,8.049171045485198e-07
30,merged_z_p0p010_dedup_filtered,96,-0.0012461146106943488,-0.00023012967722024769,-0.0010159849334741011,0.0010159849334741011,1.0322253850463737e-06
30,merged_z_p0p010_dedup_filtered,97,-0.0012472891248762608,-0.00034439569571986794,-0.0009028934291563928,0.0009028934291563928,8.152165444137901e-07
30,merged_z_p0p010_dedup_filtered,98,-0.0011323238722980022,-0.00040538940811529756,-0.0007269344641827047,0.0007269344641827047,5.28433715216596e-07
30,merged_z_p0p010_dedup_filtered,99,-0.0011704211356118321,-0.0002708356478251517,-0.0008995854877866805,0.0008995854877866805,8.092540498363998e-07
30,merged_z_p0p010_dedup_filtered,100,-0.0010623489506542683,-0.000311625306494534,-0.0007507236441597342,0.0007507236441597342,5.635859899004713e-07
30,merged_z_p0p010_dedup_filtered,101,-0.0009727266733534634,-0.00046654770267196,-0.0005061789706815034,0.0005061789706815034,2.562171503601863e-07
30,merged_z_p0p010_dedup_filtered,102,-0.0008094771765172482,-0.0005277741001918912,-0.00028170307632535696,0.00028170307632535696,7.935662321116989e-08
30,merged_z_p0p010_dedup_filtered,103,-0.0009445457835681736,-0.0003524541389197111,-0.0005920916446484625,0.0005920916446484625,3.5057251566252123e-07
30,merged_z_p0p010_dedup_filtered,104,-0.0008418643847107887,-0.00039330110303126276,-0.00044856328167952597,0.00044856328167952597,2.0120901767110576e-07
30,merged_z_p0p010_dedup_filtered,105,-0.0006865636678412557,-0.0005890292231924832,-9.753444464877248e-05,9.753444464877248e-05,9.512967892944462e-09
30,merged_z_p0p010_dedup_filtered,106,-0.0006411414360627532,-0.0006503114709630609,9.170034900307655e-06,9.170034900307655e-06,8.408954007286043e-11
30,merged_z_p0p010_dedup_filtered,107,-0.0007763259345665574,-0.000434155750554055,-0.00034217018401250243,0.00034217018401250243,1.1708043482714977e-07
30,merged_z_p0p010_dedup_filtered,108,-0.0008321361965499818,0.0012093549594283104,-0.0020414911559782922,0.0020414911559782922,4.167686139937584e-06
30,merged_z_p0p010_dedup_filtered,109,-0.0009032905800268054,-0.000195943663129583,-0.0007073469168972224,0.0007073469168972224,5.00339660844006e-07
30,merged_z_p0p010_dedup_filtered,110,-0.000953336653765291,-0.00017551530618220568,-0.0007778213475830853,0.0007778213475830853,6.050060487559668e-07
30,merged_z_p0p010_dedup_filtered,111,-0.000985374441370368,-0.0001550936867715791,-0.0008302807545987889,0.0008302807545987889,6.893661314571343e-07
30,merged_z_p0p010_dedup_filtered,112,-0.0012736120261251926,-0.00018960496527142823,-0.0010840070608537644,0.0010840070608537644,1.175071307980817e-06
30,merged_z_p0p010_dedup_filtered,113,-0.0007627293234691024,-0.00047501467633992434,-0.00028771464712917805,0.00028771464712917805,8.277971817266744e-08
30,merged_z_p0p010_dedup_filtered,114,-0.0006951270042918622,-0.0007115888292901218,1.6461824998259544e-05,1.6461824998259544e-05,2.7099168227332285e-10
30,merged_z_p0p010_dedup_filtered,115,-0.0008500757394358516,-0.0007728756172582507,-7.720012217760086e-05,7.720012217760086e-05,5.9598588642365e-09
30,merged_z_p0p010_dedup_filtered,116,-0.0008058154489845037,-0.0005158754647709429,-0.0002899399842135608,0.0002899399842135608,8.40651944457599e-08
30,merged_z_p0p010_dedup_filtered,117,-0.000899550854228437,-0.0005567368352785707,-0.0003428140189498663,0.0003428140189498663,1.1752145158855929e-07
30,merged_z_p0p010_dedup_filtered,118,-0.0010864726500585675,-0.0008341713109984994,-0.00025230133906006813,0.00025230133906006813,6.365596569150346e-08
30,merged_z_p0p010_dedup_filtered,119,-0.0013676021480932832,-0.0008954599034041166,-0.00047214224468916655,0.00047214224468916655,2.2291829922012482e-07
30,merged_z_p0p010_dedup_filtered,120,-0.0005590181099250913,-0.00027767239953391254,-0.00028134571039117873,0.00028134571039117873,7.915540875551701e-08
30,merged_z_p0p010_dedup_filtered,121,-0.0006527685909532011,-0.00025723950238898396,-0.0003955290885642171,0.0003955290885642171,1.564432599004403e-07
30,merged_z_p0p010_dedup_filtered,122,-0.000546380179002881,0.000771452090702951,-0.001317832269705832,0.001317832269705832,1.7366818910780247e-06
30,merged_z_p0p010_dedup_filtered,123,-0.00023215345572680235,0.0008390358416363597,-0.001071189297363162,0.001071189297363162,1.1474465107853848e-06
30,merged_z_p0p010_dedup_filtered,124,0.0004032362485304475,0.0009618177427910268,-0.0005585814942605793,0.0005585814942605793,3.1201328573038164e-07
30,merged_z_p0p010_dedup_filtered,125,0.0007919777417555451,0.0010490822605788708,-0.00025710451882332563,0.00025710451882332563,6.61027335993738e-08
30,merged_z_p0p010_dedup_filtered,126,0.0008426295826211572,0.005601856391876936,-0.004759226809255779,0.004759226809255779,2.265023982193894e-05
30,merged_z_p0p010_dedup_filtered,127,0.0007794792181812227,0.0011778248008340597,-0.00039834558265283704,0.00039834558265283704,1.5867920321902822e-07
31,merged_z_p0p012_dedup_filtered,0,-0.0014217335265129805,-0.001447714283131063,2.5980756618082523e-05,2.5980756618082523e-05,6.749997144480388e-10
31,merged_z_p0p012_dedup_filtered,1,-0.0015538103180006146,-0.001375006278976798,-0.00017880403902381659,0.00017880403902381659,3.1970884371230524e-08
31,merged_z_p0p012_dedup_filtered,2,-0.0017389858840033412,-0.0013246310409158468,-0.0004143548430874944,0.0004143548430874944,1.7168993599006208e-07
31,merged_z_p0p012_dedup_filtered,3,-0.0014553229557350278,-0.0008837009663693607,-0.0005716219893656671,0.0005716219893656671,3.2675169872636284e-07
31,merged_z_p0p012_dedup_filtered,4,-0.0015119564486667514,-0.0008428021101281047,-0.0006691543385386467,0.0006691543385386467,4.477675287850938e-07
31,merged_z_p0p012_dedup_filtered,5,-0.0019317216938361526,-0.001263270853087306,-0.0006684508407488465,0.0006684508407488465,4.468265264978398e-07
31,merged_z_p0p012_dedup_filtered,6,-0.002083600964397192,-0.0012019394198432565,-0.0008816615445539355,0.0008816615445539355,7.773270791452312e-07
31,merged_z_p0p012_dedup_filtered,7,-0.0015430937055498362,-0.0008019231609068811,-0.0007411705446429551,0.0007411705446429551,5.493337762463346e-07
31,merged_z_p0p012_dedup_filtered,8,-0.0015318334335461259,-0.0007610530010424554,-0.0007707804325036705,0.0007707804325036705,5.941024751305453e-07
31,merged_z_p0p012_dedup_filtered,9,-0.0021530436351895332,-0.0011406324338167906,-0.0010124112013727427,0.0010124112013727427,1.024976440665e-06
31,merged_z_p0p012_dedup_filtered,10,-0.0021145748905837536,-0.0010793345281854272,-0.0010352403623983264,0.0010352403623983264,1.0717226079386182e-06
31,merged_z_p0p012_dedup_filtered,11,-0.0014695352874696255,-0.0007201872649602592,-0.0007493480225093663,0.0007493480225093663,5.615224588386977e-07
31,merged_z_p0p012_dedup_filtered,12,-0.0013582995161414146,-0.0006793235661461949,-0.0006789759499952197,0.0006789759499952197,4.610083406719111e-07
31,merged_z_p0p012_dedup_filtered,13,-0.0019644517451524734,-0.0010180397657677531,-0.0009464119793847203,0.0009464119793847203,8.956956347229043e-07
31,merged_z_p0p012_dedup_filtered,14,-0.0017216111300513148,-0.0009567463421262801,-0.0007648647879250348,0.0007648647879250348,5.850181438076084e-07
31,merged_z_p0p012_dedup_filtered,15,-0.0012110843090340495,-0.000638460973277688,-0.0005726233357563615,0.0005726233357563615,3.278974846527427e-07
31,merged_z_p0p012_dedup_filtered,16,-0.0010493900626897812,-0.0005975988460704684,-0.00045179121661931276,0.00045179121661931276,2.041153034143588e-07
31,merged_z_p0p012_dedup_filtered,17,-0.00046707503497600555,0.003734278492629528,-0.004201353527605534,0.004201353527605534,1.765137146392346e-05
31,merged_z_p0p012_dedup_filtered,18,-0.0003452451201155782,-4.381816864906796e-08,-0.0003452013019469291,0.0003452013019469291,1.1916393886585493e-07
31,merged_z_p0p012_dedup_filtered,19,-0.0004197531088721007,-3.940547443903597e-08,-0.0004197137033976617,0.0004197137033976617,1.761595928197803e-07
31,merged_z_p0p012_dedup_filtered,20,-0.0004847330565098673,-3.528859693346931e-08,-0.00048469776791293384,0.00048469776791293384,2.3493192621978027e-07
31,merged_z_p0p012_dedup_filtered,21,-0.0005295096198096871,-3.133590809056841e-08,-0.0005294782839015966,0.0005294782839015966,2.803472531233797e-07
31,merged_z_p0p012_dedup_filtered,22,-0.0005479684914462268,-2.7436634297828277e-08,-0.000547941054811929,0.000547941054811929,3.002393995484094e-07
31,merged_z_p0p012_dedup_filtered,23,-0.0005397400818765163,-2.3607100274603e-08,-0.0005397164747762417,0.0005397164747762417,2.912938731448936e-07
31,merged_z_p0p012_dedup_filtered,24,-0.000510112673509866,-1.99208045614796e-08,-0.0005100927527053045,0.0005100927527053045,2.6019461636247496e-07
31,merged_z_p0p012_dedup_filtered,25,-0.00046870819642208517,-1.6569588368042787e-08,-0.0004686916268337171,0.0004686916268337171,2.1967184106403634e-07
31,merged_z_p0p012_dedup_filtered,26,-0.00042722030775621533,-1.3542215349104936e-08,-0.00042720676554086623,0.00042720676554086623,1.8250562052388864e-07
31,merged_z_p0p012_dedup_filtered,27,-0.00039672109414823353,-1.0667145389220423e-08,-0.0003967104270028443,0.0003967104270028443,1.5737916289277905e-07
31,merged_z_p0p012_dedup_filtered,28,-0.00038513424806296825,-7.969680915209665e-09,-0.00038512627838205304,0.00038512627838205304,1.4832225030041061e-07
31,merged_z_p0p012_dedup_filtered,29,2.609289367683232e-05,9.47217849898152e-05,-6.862889131298289e-05,6.862889131298289e-05,4.709924722849218e-09
31,merged_z_p0p012_dedup_filtered,30,-0.00021231657592579722,0.00021143874619156122,-0.00042375532211735845,0.00042375532211735845,1.7956857302278622e-07
31,merged_z_p0p012_dedup_filtered,31,-0.0002653110714163631,0.00025207229191437364,-0.0005173833633307368,0.0005173833633307368,2.6768554465142516e-07
31,merged_z_p0p012_dedup_filtered,32,-0.0005327191902324557,0.00037894511478953063,-0.0009116643050219864,0.0009116643050219864,8.311318050512214e-07
31,merged_z_p0p012_dedup_filtered,33,-0.0005521560669876635,0.00024352145555894822,-0.0007956775225466117,0.0007956775225466117,6.331027198859138e-07
31,merged_z_p0p012_dedup_filtered,34,-0.0007228171452879906,0.0004891888820566237,-0.0012120060273446143,0.0012120060273446143,1.4689586103196739e-06
31,merged_z_p0p012_dedup_filtered,35,-0.0004603626439347863,0.0003336321096867323,-0.0007939947536215186,0.0007939947536215186,6.30427668778496e-07
31,merged_z_p0p012_dedup_filtered,36,-0.000552301004063338,0.00037446481292136014,-0.0009267658169846982,0.0009267658169846982,8.588948795313151e-07
31,merged_z_p0p012_dedup_filtered,37,-0.0006051982054486871,0.0004153090703766793,-0.0010205072758253664,0.0010205072758253664,1.0414351000125104e-06
31,merged_z_p0p012_dedup_filtered,38,-0.0008363649249076843,0.0006241575465537608,-0.001460522471461445,0.001460522471461445,2.1331258896438477e-06
31,merged_z_p0p012_dedup_filtered,39,-0.0005997824482619762,0.0004561584210023284,-0.0010559408692643046,0.0010559408692643046,1.1150111193826553e-06
31,merged_z_p0p012_dedup_filtered,40,-0.0005278906901367009,0.0004970102454535663,-0.0010249009355902672,0.0010249009355902672,1.050421927773805e-06
31,merged_z_p0p012_dedup_filtered,41,-0.00039429799653589725,0.0005378634086810052,-0.0009321614052169025,0.0009321614052169025,8.689248853759503e-07
31,merged_z_p0p012_dedup_filtered,42,-0.00021578988526016474,0.0005787170375697315,-0.0007945069228298962,0.0007945069228298962,6.312412504246307e-07
31,merged_z_p0p012_dedup_filtered,43,-1.7696620489005e-05,0.0006195716559886932,-0.0006372682764776982,0.0006372682764776982,4.0611085620485604e-07
31,merged_z_p0p012_dedup_filtered,44,0.00017135328380391002,0.0006604263326153159,-0.0004890730488114059,0.0004890730488114059,2.391924470736838e-07
31,merged_z_p0p012_dedup_filtered,45,0.00032531440956518054,0.0007012812420725822,-0.0003759668325074017,0.0003759668325074017,1.4135105914564865e-07
31,merged_z_p0p012_dedup_filtered,46,0.0004259681445546448,0.0007421369664371014,-0.00031616882188245654,0.00031616882188245654,9.996272393054053e-08
31,merged_z_p0p012_dedup_filtered,47,0.00046640209620818496,0.0007829946698620915,-0.0003165925736539066,0.0003165925736539066,1.0023085769280427e-07
31,merged_z_p0p012_dedup_filtered,48,0.0004519897629506886,0.0008238583686761558,-0.0003718686057254672,0.0003718686057254672,1.3828625992420298e-07
31,merged_z_p0p012_dedup_filtered,49,0.00039868519525043666,0.0008647360373288393,-0.00046605084207840264,0.00046605084207840264,2.172033874019882e-07
31,merged_z_p0p012_dedup_filtered,50,0.0003290356835350394,0.0009056436247192323,-0.0005766079411841929,0.0005766079411841929,3.3247671783667365e-07
31,merged_z_p0p012_dedup_filtered,51,0.00026681332383304834,0.0009466128540225327,-0.0006797995301894844,0.0006797995301894844,4.6212740124584365e-07
31,merged_z_p0p012_dedup_filtered,52,0.00023146549938246608,0.0009877001866698265,-0.0007562346872873604,0.0007562346872873604,5.718909022566118e-07
31,merged_z_p0p012_dedup_filtered,53,0.00019925617380067706,0.0014846447156742215,-0.0012853885418735445,0.0012853885418735445,1.6522237035797967e-06
31,merged_z_p0p012_dedup_filtered,54,0.0003486974164843559,0.0013856397708877921,-0.0010369423544034362,0.0010369423544034362,1.0752494463557414e-06
31,merged_z_p0p012_dedup_filtered,55,7.763764006085694e-05,0.00046105115325190127,-0.00038341351319104433,0.00038341351319104433,1.4700592209749912e-07
31,merged_z_p0p012_dedup_filtered,56,8.889320451999083e-05,0.0004815375432372093,-0.0003926443387172185,0.0003926443387172185,1.541695767266818e-07
31,merged_z_p0p012_dedup_filtered,57,9.251798473997042e-05,0.0005020664539188147,-0.00040954846917884424,0.00040954846917884424,1.6772994860673473e-07
31,merged_z_p0p012_dedup_filtered,58,-0.00043265416752547026,-8.765365322460639e-08,-0.00043256651387224565,0.00043256651387224565,1.871137889235877e-07
31,merged_z_p0p012_dedup_filtered,59,-0.00040629098657518625,-8.278884422452393e-08,-0.00040620819773096173,0.00040620819773096173,1.650050999038361e-07
31,merged_z_p0p012_dedup_filtered,60,-0.000358432560460642,-7.802069035278691e-08,-0.0003583545397702892,0.0003583545397702892,1.2841797617397577e-07
31,merged_z_p0p012_dedup_filtered,61,-0.00029976083897054195,-7.334247698054241e-08,-0.0002996874964935614,0.0002996874964935614,8.981259555457838e-08
31,merged_z_p0p012_dedup_filtered,62,-0.00024349591694772243,-6.88823433847574e-08,-0.00024342703460433768,0.00024342703460433768,5.9256721176261415e-08
31,merged_z_p0p012_dedup_filtered,63,-0.00020257162395864725,-6.451631406889646e-08,-0.00020250710764457835,0.00020250710764457835,4.100912864657285e-08
31,merged_z_p0p012_dedup_filtered,64,-0.00018688039563130587,-6.008493613762766e-08,-0.00018682031069516825,0.00018682031069516825,3.4901828488239196e-08
31,merged_z_p0p012_dedup_filtered,65,-0.00020117839449085295,-5.5533046605660275e-08,-0.0002011228614442473,0.0002011228614442473,4.045040539552189e-08
31,merged_z_p0p012_dedup_filtered,66,-0.00024409790057688951,-5.0840792908957155e-08,-0.00024404705978398056,0.00024404705978398056,5.955896738920578e-08
31,merged_z_p0p012_dedup_filtered,67,-0.00041977717773988843,-0.0003287561412435025,-9.102103649638593e-05,9.102103649638593e-05,8.28482908487642e-09
31,merged_z_p0p012_dedup_filtered,68,-0.0004336523124948144,-0.0003491897659841925,-8.44625465106219e-05,8.44625465106219e-05,7.133921763058969e-09
31,merged_z_p0p012_dedup_filtered,69,-0.0004862550413236022,-0.00036962368176318705,-0.00011663135956041515,0.00011663135956041515,1.3602874032910842e-08
31,merged_z_p0p012_dedup_filtered,70,-0.0005724594811908901,-0.00039005829603411257,-0.0001824011851567775,0.0001824011851567775,3.327019234659703e-08
31,merged_z_p0p012_dedup_filtered,71,-0.000681536621414125,-0.00041049456922337413,-0.00027104205219075084,0.00027104205219075084,7.34637940557737e-08
31,merged_z_p0p012_dedup_filtered,72,-0.000798558525275439,-0.00043093538261018693,-0.0003676231426652521,0.0003676231426652521,1.351467750230763e-07
31,merged_z_p0p012_dedup_filtered,73,-0.000906658882740885,-0.00045138722634874284,-0.0004552716563921422,0.0004552716563921422,2.0727228111404477e-07
31,merged_z_p0p012_dedup_filtered,74,-0.0009897577110677958,-0.000471863808343187,-0.0005178939027246088,0.0005178939027246088,2.6821409447932654e-07
31,merged_z_p0p012_dedup_filtered,75,-0.0010352522367611527,-0.0004923840169794858,-0.000542868219781667,0.000542868219781667,2.947059040489163e-07
31,merged_z_p0p012_dedup_filtered,76,-0.0013355833943933249,-0.0009862297447398305,-0.00034935364965349436,0.00034935364965349436,1.2204797252621648e-07
31,merged_z_p0p012_dedup_filtered,77,-0.0013681405689567327,-0.0009451392688788474,-0.0004230013000778854,0.0004230013000778854,1.7893009986758124e-07
31,merged_z_p0p012_dedup_filtered,78,5.644651537295431e-05,0.0004405994259286672,-0.0003841529105557129,0.0003841529105557129,1.4757345868842554e-07
31,merged_z_p0p012_dedup_filtered,79,2.2546166292158887e-05,0.0004201637639198452,-0.00039761759762768634,0.00039761759762768634,1.5809975394321266e-07
31,merged_z_p0p012_dedup_filtered,80,-2.607710484880954e-05,0.0003997348539996892,-0.00042581195884849876,0.00042581195884849876,1.813158242983956e-07
31,merged_z_p0p012_dedup_filtered,81,-8.945308218244463e-05,0.00037930873804725707,-0.0004687618202297017,0.0004687618202297017,2.1973764410506317e-07
31,merged_z_p0p012_dedup_filtered,82,-0.00016474901349283755,0.00035888361162506044,-0.000523632625117898,0.000523632625117898,2.741911260878611e-07
31,merged_z_p0p012_dedup_filtered,83,-0.0002460084215272218,0.0003384589799679816,-0.0005844674014952034,0.0005844674014952034,3.4160214341055526e-07
31,merged_z_p0p012_dedup_filtered,84,-0.0003246472915634513,0.0003180345520377159,-0.0006426818436011672,0.0006426818436011672,4.1303995209459514e-07
31,merged_z_p0p012_dedup_filtered,85,-0.0003906701458618045,0.00029760986217297614,-0.0006882800080347806,0.0006882800080347806,4.737293694603577e-07
31,merged_z_p0p012_dedup_filtered,86,-0.00043440135777927935,0.00027718511410057545,-0.0007115864718798548,0.0007115864718798548,5.063553069624194e-07
31,merged_z_p0p012_dedup_filtered,87,-0.00044839049223810434,0.00025676030782051384,-0.0007051508000586182,0.0007051508000586182,4.972376508233093e-07
31,merged_z_p0p012_dedup_filtered,88,-0.0004290904907975346,0.00023633554519619793,-0.0006654260359937325,0.0006654260359937325,4.427918093783322e-07
31,merged_z_p0p012_dedup_filtered,89,-0.00037793084629811347,0.0002159112336812541,-0.0005938420799793676,0.0005938420799793676,3.5264841595422157e-07
31,merged_z_p0p012_dedup_filtered,90,-0.0003015162074007094,0.0001954879699042067,-0.0004970041773049161,0.0004970041773049161,2.4701315225853646e-07
31,merged_z_p0p012_dedup_filtered,91,-0.00021085122716613114,0.0001750672236084938,-0.00038591845077462494,0.00038591845077462494,1.4893305064828662e-07
31,merged_z_p0p012_dedup_filtered,92,-0.00011969089246122167,0.0001546525745652616,-0.00027434346702648327,0.00027434346702648327,7.526433790011111e-08
31,merged_z_p0p012_dedup_filtered,93,-4.229578553349711e-05,0.00013425250654108822,-0.00017654829207458533,0.00017654829207458533,3.116929943445309e-08
31,merged_z_p0p012_dedup_filtered,94,-0.0010004471987485886,-0.0001346870994893834,-0.0008657600992592052,0.0008657600992592052,7.495405494693088e-07
31,merged_z_p0p012_dedup_filtered,95,-0.0010154666379094124,-0.00011431432358222082,-0.0009011523143271916,0.0009011523143271916,8.120754936172534e-07
31,merged_z_p0p012_dedup_filtered,96,-0.0012082367902621627,-0.00023012967722024769,-0.000978107113041915,0.000978107113041915,9.566935245831895e-07
31,merged_z_p0p012_dedup_filtered,97,-0.0011638590367510915,-0.00034439569571986794,-0.0008194633410312235,0.0008194633410312235,6.715201672940554e-07
31,merged_z_p0p012_dedup_filtered,98,-0.0010511234868317842,-0.00040538940811529756,-0.0006457340787164867,0.0006457340787164867,4.1697250041582983e-07
31,merged_z_p0p012_dedup_filtered,99,-0.0011277722660452127,-0.0002708356478251517,-0.0008569366182200611,0.0008569366182200611,7.343403676464347e-07
31,merged_z_p0p012_dedup_filtered,100,-0.001013754983432591,-0.000311625306494534,-0.000702129676938057,0.000702129676938057,4.929860832371402e-07
31,merged_z_p0p012_dedup_filtered,101,-0.0008961682324297726,-0.00046654770267196,-0.0004296205297578126,0.0004296205297578126,1.8457379958938356e-07
31,merged_z_p0p012_dedup_filtered,102,-0.0007410338730551302,-0.0005277741001918912,-0.00021325977286323905,0.00021325977286323905,4.547973072168031e-08
31,merged_z_p0p012_dedup_filtered,103,-0.0008912740158848464,-0.0003524541389197111,-0.0005388198769651353,0.0005388198769651353,2.903268598127236e-07
31,merged_z_p0p012_dedup_filtered,104,-0.0007876810850575566,-0.00039330110303126276,-0.0003943799820262939,0.0003943799820262939,1.5553557022305988e-07
31,merged_z_p0p012_dedup_filtered,105,-0.0006306301802396774,-0.0005890292231924832,-4.160095704719424e-05,4.160095704719424e-05,1.7306396272425003e-09
31,merged_z_p0p012_dedup_filtered,106,-0.0006025044713169336,-0.0006503114709630609,4.7806999646127224e-05,4.7806999646127224e-05,2.2855092151648085e-09
31,merged_z_p0p012_dedup_filtered,107,-0.0007268989575095475,-0.000434155750554055,-0.0002927432069554925,0.0002927432069554925,8.569858521858631e-08
31,merged_z_p0p012_dedup_filtered,108,-0.0007960714865475893,0.0014512259513139725,-0.0022472974378615618,0.0022472974378615618,5.05034577421914e-06
31,merged_z_p0p012_dedup_filtered,109,-0.0008720959885977209,-0.000195943663129583,-0.0006761523254681379,0.0006761523254681379,4.5718196723597063e-07
31,merged_z_p0p012_dedup_filtered,110,-0.0009306746651418507,-0.00017551530618220568,-0.000755159358959645,0.000755159358959645,5.70265657424342e-07
31,merged_z_p0p012_dedup_filtered,111,-0.0009729744051583111,-0.0001550936867715791,-0.000817880718386732,0.000817880718386732,6.689288695087969e-07
31,merged_z_p0p012_dedup_filtered,112,-0.0012375647202134132,-0.00018960496527142823,-0.001047959754941985,0.001047959754941985,1.0982196479780653e-06
31,merged_z_p0p012_dedup_filtered,113,-0.0007244950975291431,-0.00047501467633992434,-0.00024948042118921876,0.00024948042118921876,6.224048055674999e-08
31,merged_z_p0p012_dedup_filtered,114,-0.0006781351403333247,-0.0007115888292901218,3.345368895679712e-05,3.345368895679712e-05,1.1191493048181298e-09
31,merged_z_p0p012_dedup_filtered,115,-0.0008576850523240864,-0.0007728756172582507,-8.480943506583571e-05,8.480943506583571e-05,7.1926402761862045e-09
31,merged_z_p0p012_dedup_filtered,116,-0.0007845523068681359,-0.0005158754647709429,-0.000268676842097193,0.000268676842097193,7.218724547931998e-08
31,merged_z_p0p012_dedup_filtered,117,-0.0008989808266051114,-0.0005567368352785707,-0.0003422439913265407,0.0003422439913265407,1.1713094959912127e-07
31,merged_z_p0p012_dedup_filtered,118,-0.001119391294196248,-0.0008341713109984994,-0.00028521998319774866,0.00028521998319774866,8.135043881532403e-08
31,merged_z_p0p012_dedup_filtered,119,-0.0014237487921491265,-0.0008954599034041166,-0.0005282888887450099,0.0005282888887450099,2.7908914997143745e-07
31,merged_z_p0p012_dedup_filtered,120,-0.0005367278354242444,-0.00027767239953391254,-0.00025905543589033186,0.00025905543589033186,6.710971886432984e-08
31,merged_z_p0p012_dedup_filtered,121,-0.0006217597983777523,-0.00025723950238898396,-0.00036452029598876834,0.00036452029598876834,1.3287504618773928e-07
31,merged_z_p0p012_dedup_filtered,122,-0.0005012794281356037,0.000771452090702951,-0.0012727315188385546,0.0012727315188385546,1.6198455190450941e-06
31,merged_z_p0p012_dedup_filtered,123,-0.00019613277981989086,0.0008390358416363597,-0.0010351686214562505,0.0010351686214562505,1.0715740748476341e-06
31,merged_z_p0p012_dedup_filtered,124,0.00040986493695527315,0.0009618177427910268,-0.0005519528058357537,0.0005519528058357537,3.046518998699612e-07
31,merged_z_p0p012_dedup_filtered,125,0.0007840160978958011,0.0010490822605788708,-0.0002650661626830697,0.0002650661626830697,7.026007059952758e-08
31,merged_z_p0p012_dedup_filtered,126,0.0008402040111832321,0.006722227670252323,-0.005882023659069091,0.005882023659069091,3.4598202325848536e-05
31,merged_z_p0p012_dedup_filtered,127,0.0007917402544990182,0.0011778248008340597,-0.0003860845463350415,0.0003860845463350415,1.4906127691873482e-07
32,merged_z_p0p014_dedup_filtered,0,-0.0014222492463886738,-0.001447714283131063,2.5465036742389202e-05,2.5465036742389202e-05,6.484680962912321e-10
32,merged_z_p0p014_dedup_filtered,1,-0.0015638088807463646,-0.001375006278976798,-0.00018880260176956654,0.00018880260176956654,3.564642243495753e-08
32,merged_z_p0p014_dedup_filtered,2,-0.0017628547502681613,-0.0013246310409158468,-0.00043822370935231447,0.00043822370935231447,1.920400194385018e-07
32,merged_z_p0p014_dedup_filtered,3,-0.0014529605396091938,-0.0008837009663693607,-0.0005692595732398331,0.0005692595732398331,3.240564617251969e-07
32,merged_z_p0p014_dedup_filtered,4,-0.0015269560972228646,-0.0008428021101281047,-0.0006841539870947599,0.0006841539870947599,4.6806667805765695e-07
32,merged_z_p0p014_dedup_filtered,5,-0.001971160527318716,-0.001263270853087306,-0.00070788967423141,0.00070788967423141,5.011077908834518e-07
32,merged_z_p0p014_dedup_filtered,6,-0.0021373960189521313,-0.0012019394198432565,-0.0009354565991088748,0.0009354565991088748,8.750790488163421e-07
32,merged_z_p0p014_dedup_filtered,7,-0.0015738410875201225,-0.0008019231609068811,-0.0007719179266132414,0.0007719179266132414,5.958572854268856e-07
32,merged_z_p0p014_dedup_filtered,8,-0.001573651796206832,-0.0007610530010424554,-0.0008125987951643765,0.0008125987951643765,6.603168019025963e-07
32,merged_z_p0p014_dedup_filtered,9,-0.002217247849330306,-0.0011406324338167906,-0.0010766154155135155,0.0010766154155135155,1.1591007529213396e-06
32,merged_z_p0p014_dedup_filtered,10,-0.002183200092986226,-0.0010793345281854272,-0.001103865564800799,0.001103865564800799,1.2185191851529867e-06
32,merged_z_p0p014_dedup_filtered,11,-0.0015156189911067486,-0.0007201872649602592,-0.0007954317261464894,0.0007954317261464894,6.327116309603837e-07
32,merged_z_p0p014_dedup_filtered,12,-0.0014010422164574265,-0.0006793235661461949,-0.0007217186503112316,0.0007217186503112316,5.208778102070658e-07
32,merged_z_p0p014_dedup_filtered,13,-0.0020304983481764793,-0.0010180397657677531,-0.0010124585824087262,0.0010124585824087262,1.0250723810930875e-06
32,merged_z_p0p014_dedup_filtered,14,-0.0017782291397452354,-0.0009567463421262801,-0.0008214827976189554,0.0008214827976189554,6.748339867838656e-07
32,merged_z_p0p014_dedup_filtered,15,-0.0012435188982635736,-0.000638460973277688,-0.0006050579249858856,0.0006050579249858856,3.660950925882256e-07
32,merged_z_p0p014_dedup_filtered,16,-0.0010664454894140363,-0.0005975988460704684,-0.00046884664334356785,0.00046884664334356785,2.1981717497453071e-07
32,merged_z_p0p014_dedup_filtered,17,-0.0004621273837983608,0.004356659483164549,-0.00481878686696291,0.00481878686696291,2.3220706869214215e-05
32,merged_z_p0p014_dedup_filtered,18,-0.0003704605042003095,-4.381816864906796e-08,-0.00037041668603166045,0.00037041668603166045,1.372085212906777e-07
32,merged_z_p0p014_dedup_filtered,19,-0.00045108917402103543,-3.940547443903597e-08,-0.0004510497685465964,0.0004510497685465964,2.0344589370593819e-07
32,merged_z_p0p014_dedup_filtered,20,-0.000518599699717015,-3.528859693346931e-08,-0.0005185644111200816,0.0005185644111200816,2.6890904848031695e-07
32,merged_z_p0p014_dedup_filtered,21,-0.000561400898732245,-3.133590809056841e-08,-0.0005613695628241544,0.0005613695628241544,3.151357860653822e-07
32,merged_z_p0p014_dedup_filtered,22,-0.0005732298013754189,-2.7436634297828277e-08,-0.0005732023647411211,0.0005732023647411211,3.285609509448132e-07
32,merged_z_p0p014_dedup_filtered,23,-0.0005544250598177314,-2.3607100274603e-08,-0.0005544014527174568,0.0005544014527174568,3.0736097077522646e-07
32,merged_z_p0p014_dedup_filtered,24,-0.0005117591354064643,-1.99208045614796e-08,-0.0005117392146019029,0.0005117392146019029,2.618770237613724e-07
32,merged_z_p0p014_dedup_filtered,25,-0.00045687140664085746,-1.6569588368042787e-08,-0.0004568548370524894,0.0004568548370524894,2.0871634213825666e-07
32,merged_z_p0p014_dedup_filtered,26,-0.0004036471655126661,-1.3542215349104936e-08,-0.000403633623297317,0.000403633623297317,1.629201018561204e-07
32,merged_z_p0p014_dedup_filtered,27,-0.0003651209990493953,-1.0667145389220423e-08,-0.0003651103319040061,0.0003651103319040061,1.333055544630535e-07
32,merged_z_p0p014_dedup_filtered,28,-0.0003505801141727716,-7.969680915209665e-09,-0.00035057214449185636,0.00035057214449185636,1.2290082849361902e-07
32,merged_z_p0p014_dedup_filtered,29,7.791975804138929e-05,9.47217849898152e-05,-1.680202694842592e-05,1.680202694842592e-05,2.823081095756308e-10
32,merged_z_p0p014_dedup_filtered,30,-0.00023111701011657715,0.00021143874619156122,-0.00044255575630813837,0.00044255575630813837,1.9585559744146836e-07
32,merged_z_p0p014_dedup_filtered,31,-0.0002831476740539074,0.00025207229191437364,-0.000535219965968281,0.000535219965968281,2.864604119710879e-07
32,merged_z_p0p014_dedup_filtered,32,-0.0005947259487584233,0.00037894511478953063,-0.000973671063547954,0.000973671063547954,9.480353399906038e-07
32,merged_z_p0p014_dedup_filtered,33,-0.0005910367472097278,0.00028410847880877554,-0.0008751452260185033,0.0008751452260185033,7.658791666229772e-07
32,merged_z_p0p014_dedup_filtered,34,-0.0007501563522964716,0.0004891888820566237,-0.0012393452343530953,0.0012393452343530953,1.5359766099137287e-06
32,merged_z_p0p014_dedup_filtered,35,-0.00047466615797020495,0.0003336321096867323,-0.0008082982676569372,0.0008082982676569372,6.533460894972058e-07
32,merged_z_p0p014_dedup_filtered,36,-0.000564918271265924,0.00037446481292136014,-0.0009393830841872841,0.0009393830841872841,8.824405788572141e-07
32,merged_z_p0p014_dedup_filtered,37,-0.0006167425308376551,0.0004153090703766793,-0.0010320516012143344,0.0010320516012143344,1.0651305075690715e-06
32,merged_z_p0p014_dedup_filtered,38,-0.000818864384200424,0.0006241575465537608,-0.0014430219307541847,0.0014430219307541847,2.082312292637535e-06
32,merged_z_p0p014_dedup_filtered,39,-0.0006110850372351706,0.0004561584210023284,-0.001067243458237499,0.001067243458237499,1.1390085991507363e-06
32,merged_z_p0p014_dedup_filtered,40,-0.0005397400818765163,0.0004970102454535663,-0.0010367503273300827,0.0010367503273300827,1.0748512412190335e-06
32,merged_z_p0p014_dedup_filtered,41,-0.0004071630537509918,0.0005378634086810052,-0.0009450264624319971,0.0009450264624319971,8.930750146967348e-07
32,merged_z_p0p014_dedup_filtered,42,-0.00022959485067985952,0.0005787170375697315,-0.000808311888249591,0.000808311888249591,6.533681086856193e-07
32,merged_z_p0p014_dedup_filtered,43,-3.1706091249361634e-05,0.0006195716559886932,-0.0006512777472380549,0.0006512777472380549,4.241627040474757e-07
32,merged_z_p0p014_dedup_filtered,44,0.00015850298223085701,0.0006604263326153159,-0.0005019233503844589,0.0005019233503844589,2.519270496611603e-07
32,merged_z_p0p014_dedup_filtered,45,0.0003154317964799702,0.0007012812420725822,-0.00038584944559261203,0.00038584944559261203,1.4887979466412607e-07
32,merged_z_p0p014_dedup_filtered,46,0.0004209994513075799,0.0007421369664371014,-0.0003211375151295215,0.0003211375151295215,1.0312930362356364e-07
32,merged_z_p0p014_dedup_filtered,47,0.00046805772581137717,0.0007829946698620915,-0.0003149369440507144,0.0003149369440507144,9.91852787280028e-08
32,merged_z_p0p014_dedup_filtered,48,0.0004613773198798299,0.0008238583686761558,-0.0003624810487963259,0.0003624810487963259,1.3139251073648441e-07
32,merged_z_p0p014_dedup_filtered,49,0.00041602604323998094,0.0008647360373288393,-0.00044870999408885837,0.00044870999408885837,2.013406587952233e-07
32,merged_z_p0p014_dedup_filtered,50,0.0003535257710609585,0.0009056436247192323,-0.0005521178536582738,0.0005521178536582738,3.0483412432821906e-07
32,merged_z_p0p014_dedup_filtered,51,0.00029666279442608356,0.0009466128540225327,-0.0006499500595964491,0.0006499500595964491,4.224350799694278e-07
32,merged_z_p0p014_dedup_filtered,52,0.0002641163009684533,0.0009877001866698265,-0.0007235838857013732,0.0007235838857013732,5.235736396466979e-07
32,merged_z_p0p014_dedup_filtered,53,0.00028005492640659213,0.0014846447156742215,-0.0012045897892676294,0.0012045897892676294,1.4510365604078318e-06
32,merged_z_p0p014_dedup_filtered,54,0.00041429803241044283,0.0013856397708877921,-0.0009713417384773493,0.0009713417384773493,9.435047729081992e-07
32,merged_z_p0p014_dedup_filtered,55,5.988173506921157e-05,0.00046105115325190127,-0.0004011694181826897,0.0004011694181826897,1.6093690208503776e-07
32,merged_z_p0p014_dedup_filtered,56,6.58296630717814e-05,0.0004815375432372093,-0.0004157078801654279,0.0004157078801654279,1.7281304163163378e-07
32,merged_z_p0p014_dedup_filtered,57,6.737405783496797e-05,0.0005020664539188147,-0.0004346923960838467,0.0004346923960838467,1.8895747921311585e-07
32,merged_z_p0p014_dedup_filtered,58,-0.0004283392336219549,-8.765365322460639e-08,-0.0004282515799687303,0.0004282515799687303,1.8339941574571381e-07
32,merged_z_p0p014_dedup_filtered,59,-0.0004008875403087586,-8.278884422452393e-08,-0.0004008047514645341,0.0004008047514645341,1.6064444879654695e-07
32,merged_z_p0p014_dedup_filtered,60,-0.0003513003757689148,-7.802069035278691e-08,-0.00035122235507856203,0.00035122235507856203,1.233571427069315e-07
32,merged_z_p0p014_dedup_filtered,61,-0.00029112823540344834,-7.334247698054241e-08,-0.0002910548929264678,0.0002910548929264678,8.471295069643764e-08
32,merged_z_p0p014_dedup_filtered,62,-0.00023459980729967356,-6.88823433847574e-08,-0.0002345309249562888,0.0002345309249562888,5.500475476085237e-08
32,merged_z_p0p014_dedup_filtered,63,-0.00019551180594135076,-6.451631406889646e-08,-0.00019544728962728186,0.00019544728962728186,3.81996430226506e-08
32,merged_z_p0p014_dedup_filtered,64,-0.00018420674314256757,-6.008493613762766e-08,-0.00018414665820642995,0.00018414665820642995,3.3909991728595736e-08
32,merged_z_p0p014_dedup_filtered,65,-0.00020529754692688584,-5.5533046605660275e-08,-0.00020524201388028018,0.00020524201388028018,4.2124284261633123e-08
32,merged_z_p0p014_dedup_filtered,66,-0.0002566319890320301,-5.0840792908957155e-08,-0.00025658114823912115,0.00025658114823912115,6.583388563170586e-08
32,merged_z_p0p014_dedup_filtered,67,-0.00042632181430235505,-0.0003287561412435025,-9.756567305885255e-05,9.756567305885255e-05,9.519060559426907e-09
32,merged_z_p0p014_dedup_filtered,68,-0.0004435306473169476,-0.0003491897659841925,-9.434088133275509e-05,9.434088133275509e-05,8.900201890640978e-09
32,merged_z_p0p014_dedup_filtered,69,-0.0004944762913510203,-0.00036962368176318705,-0.00012485260958783329,0.00012485260958783329,1.558817412089192e-08
32,merged_z_p0p014_dedup_filtered,70,-0.0005739319603890181,-0.00039005829603411257,-0.00018387366435490549,0.00018387366435490549,3.380952444330044e-08
32,merged_z_p0p014_dedup_filtered,71,-0.0006721386453136802,-0.00041049456922337413,-0.00026164407609030604,0.00026164407609030604,6.845762255314986e-08
32,merged_z_p0p014_dedup_filtered,72,-0.0007760365842841566,-0.00043093538261018693,-0.0003451012016739696,0.0003451012016739696,1.1909483939681786e-07
32,merged_z_p0p014_dedup_filtered,73,-0.0008711579139344394,-0.00045138722634874284,-0.0004197706875856966,0.0004197706875856966,1.7620743015616848e-07
32,merged_z_p0p014_dedup_filtered,74,-0.0009438659180887043,-0.000471863808343187,-0.0004720021097455174,0.0004720021097455174,2.2278599160421943e-07
32,merged_z_p0p014_dedup_filtered,75,-0.0009835455566644669,-0.0004923840169794858,-0.0004911615396849811,0.0004911615396849811,2.4123965806572127e-07
32,merged_z_p0p014_dedup_filtered,76,-0.0013041036436334252,-0.0009862297447398305,-0.00031787389889359474,0.00031787389889359474,1.0104381559781529e-07
32,merged_z_p0p014_dedup_filtered,77,-0.0013440774055197835,-0.0009451392688788474,-0.00039893813664093614,0.00039893813664093614,1.5915163686654223e-07
32,merged_z_p0p014_dedup_filtered,78,4.557632200885564e-05,0.0004405994259286672,-0.00039502310391981155,0.00039502310391981155,1.5604325263044223e-07
32,merged_z_p0p014_dedup_filtered,79,1.788590452633798e-05,0.0004201637639198452,-0.00040227785939350724,0.00040227785939350724,1.6182747615822238e-07
32,merged_z_p0p014_dedup_filtered,80,-2.748984843492508e-05,0.0003997348539996892,-0.0004272247024346143,0.0004272247024346143,1.8252094637034473e-07
32,merged_z_p0p014_dedup_filtered,81,-9.230116120306775e-05,0.00037930873804725707,-0.0004716098992503248,0.0004716098992503248,2.2241589707090152e-07
32,merged_z_p0p014_dedup_filtered,82,-0.00017438409850001335,0.00035888361162506044,-0.0005332677101250738,0.0005332677101250738,2.8437445066203973e-07
32,merged_z_p0p014_dedup_filtered,83,-0.00026714446721598506,0.0003384589799679816,-0.0006056034471839666,0.0006056034471839666,3.6675553524110347e-07
32,merged_z_p0p014_dedup_filtered,84,-0.0003600955824367702,0.0003180345520377159,-0.0006781301344744861,0.0006781301344744861,4.598604792823846e-07
32,merged_z_p0p014_dedup_filtered,85,-0.00044041493674740195,0.00029760986217297614,-0.0007380247989203781,0.0007380247989203781,5.446806038214645e-07
32,merged_z_p0p014_dedup_filtered,86,-0.0004952461458742619,0.00027718511410057545,-0.0007724312599748373,0.0007724312599748373,5.966500513863147e-07
32,merged_z_p0p014_dedup_filtered,87,-0.000514287268742919,0.00025676030782051384,-0.0007710475765634328,0.0007710475765634328,5.945143653243428e-07
32,merged_z_p0p014_dedup_filtered,88,-0.0004921164945699275,0.00023633554519619793,-0.0007284520397661254,0.0007284520397661254,5.306423742394287e-07
32,merged_z_p0p014_dedup_filtered,89,-0.0004297328705433756,0.0002159112336812541,-0.0006456441042246297,0.0006456441042246297,4.168563093200245e-07
32,merged_z_p0p014_dedup_filtered,90,-0.00033493697992525995,0.0001954879699042067,-0.0005304249498294666,0.0005304249498294666,2.813506274015922e-07
32,merged_z_p0p014_dedup_filtered,91,-0.00022140299552120268,0.0001750672236084938,-0.0003964702191296965,0.0003964702191296965,1.5718863465674955e-07
32,merged_z_p0p014_dedup_filtered,92,-0.00010656515951268375,0.0001546525745652616,-0.00026121773407794535,0.00026121773407794535,6.823470459681617e-08
32,merged_z_p0p014_dedup_filtered,93,-8.687726221978664e-06,0.00013425250654108822,-0.0001429402327630669,0.0001429402327630669,2.043191014235974e-08
32,merged_z_p0p014_dedup_filtered,94,-0.0009959329618141055,-0.0001346870994893834,-0.0008612458623247221,0.0008612458623247221,7.417444353714542e-07
32,merged_z_p0p014_dedup_filtered,95,-0.0010162515100091696,-0.00011431432358222082,-0.0009019371864269488,0.0009019371864269488,8.134906882597605e-07
32,merged_z_p0p014_dedup_filtered,96,-0.001178171718493104,-0.00023012967722024769,-0.0009480420412728563,0.0009480420412728563,8.987837120208042e-07
32,merged_z_p0p014_dedup_filtered,97,-0.0011009323643520474,-0.00034439569571986794,-0.0007565366686321795,0.0007565366686321795,5.723477309850762e-07
32,merged_z_p0p014_dedup_filtered,98,-0.0009892871603369713,-0.00040538940811529756,-0.0005838977522216737,0.0005838977522216737,3.409365850495231e-07
32,merged_z_p0p014_dedup_filtered,99,-0.0010935986647382379,-0.0002708356478251517,-0.0008227630169130862,0.0008227630169130862,6.769389819999233e-07
32,merged_z_p0p014_dedup_filtered,100,-0.0009744215058162808,-0.000311625306494534,-0.0006627961993217468,0.0006627961993217468,4.3929880183535275e-07
32,merged_z_p0p014_dedup_filtered,101,-0.0008369946153834462,-0.00046654770267196,-0.0003704469127114862,0.0003704469127114862,1.372309151374715e-07
32,merged_z_p0p014_dedup_filtered,102,-0.0006870863726362586,-0.0005277741001918912,-0.0001593122724443674,0.0001593122724443674,2.5380400151388347e-08
32,merged_z_p0p014_dedup_filtered,103,-0.0008477858500555158,-0.0003524541389197111,-0.0004953317111358047,0.0004953317111358047,2.453535040567242e-07
32,merged_z_p0p014_dedup_filtered,104,-0.0007431519334204495,-0.00039330110303126276,-0.00034985083038918674,0.00034985083038918674,1.223956035240035e-07
32,merged_z_p0p014_dedup_filtered,105,-0.0005853755865246058,-0.0005890292231924832,3.6536366678774357e-06,3.6536366678774357e-06,1.3349060900858531e-11
32,merged_z_p0p014_dedup_filtered,106,-0.0005698863533325493,-0.0006503114709630609,8.042511763051152e-05,8.042511763051152e-05,6.468199545881615e-09
32,merged_z_p0p014_dedup_filtered,107,-0.0006860562134534121,-0.000434155750554055,-0.0002519004628993571,0.0002519004628993571,6.345384320891037e-08
32,merged_z_p0p014_dedup_filtered,108,-0.0007670657359994948,0.0016930975252762437,-0.0024601632612757385,0.0024601632612757385,6.0524032721308775e-06
32,merged_z_p0p014_dedup_filtered,109,-0.0008461072575300932,-0.000195943663129583,-0.0006501635944005102,0.0006501635944005102,4.2271269948379113e-07
32,merged_z_p0p014_dedup_filtered,110,-0.000910889939405024,-0.00017551530618220568,-0.0007353746332228184,0.0007353746332228184,5.407758511875946e-07
32,merged_z_p0p014_dedup_filtered,111,-0.0009609955013729632,-0.0001550936867715791,-0.0008059018146013841,0.0008059018146013841,6.494777347778037e-07
32,merged_z_p0p014_dedup_filtered,112,-0.0012090717209503055,-0.00018960496527142823,-0.0010194667556788772,0.0010194667556788772,1.0393124659344156e-06
32,merged_z_p0p014_dedup_filtered,113,-0.0006927343783900142,-0.00047501467633992434,-0.00021771970205008984,0.00021771970205008984,4.740186866077989e-08
32,merged_z_p0p014_dedup_filtered,114,-0.000661882571876049,-0.0007115888292901218,4.970625741407275e-05,4.970625741407275e-05,2.4707120261140624e-09
32,merged_z_p0p014_dedup_filtered,115,-0.000860505155287683,-0.0007728756172582507,-8.76295380294323e-05,8.76295380294323e-05,7.678935935251721e-09
32,merged_z_p0p014_dedup_filtered,116,-0.000766745419241488,-0.0005158754647709429,-0.00025086995447054505,0.00025086995447054505,6.293573405605335e-08
32,merged_z_p0p014_dedup_filtered,117,-0.0008983049192465842,-0.0005567368352785707,-0.0003415680839680135,0.0003415680839680135,1.1666875598557994e-07
32,merged_z_p0p014_dedup_filtered,118,-0.0011422296520322561,-0.0008341713109984994,-0.00030805834103375673,0.00030805834103375673,9.489994148047037e-08
32,merged_z_p0p014_dedup_filtered,119,-0.0014653013786301017,-0.0008954599034041166,-0.000569841475225985,0.000569841475225985,3.2471930688772693e-07
32,merged_z_p0p014_dedup_filtered,120,-0.0005221632891334593,-0.00027767239953391254,-0.0002444908895995468,0.0002444908895995468,5.977579509717778e-08
32,merged_z_p0p014_dedup_filtered,121,-0.0005990273784846067,-0.00025723950238898396,-0.0003417878760956228,0.0003417878760956228,1.1681895224595679e-07
32,merged_z_p0p014_dedup_filtered,122,-0.0004681176505982876,0.000771452090702951,-0.0012395697413012385,0.0012395697413012385,1.5365331435496194e-06
32,merged_z_p0p014_dedup_filtered,123,-0.00016950350254774094,0.0008390358416363597,-0.0010085393441841006,0.0010085393441841006,1.0171516087672958e-06
32,merged_z_p0p014_dedup_filtered,124,0.00041594382491894066,0.0009618177427910268,-0.0005458739178720862,0.0005458739178720862,2.979783342130211e-07
32,merged_z_p0p014_dedup_filtered,125,0.0007810319075360894,0.0010490822605788708,-0.00026805035304278135,0.00026805035304278135,7.185099176635972e-08
32,merged_z_p0p014_dedup_filtered,126,0.0008422092068940401,0.007842599414288998,-0.0070003902073949575,0.0070003902073949575,4.900546305579122e-05
32,merged_z_p0p014_dedup_filtered,127,0.0008054390782490373,0.0011778248008340597,-0.00037238572258502245,0.00037238572258502245,1.386711263851693e-07
33,merged_z_p0p016_dedup_filtered,0,-0.0014234695117920637,-0.001447714283131063,2.424477133899927e-05,2.424477133899927e-05,5.878089372803605e-10
33,merged_z_p0p016_dedup_filtered,1,-0.0015726115088909864,-0.001375006278976798,-0.00019760522991418839,0.00019760522991418839,3.904782688943925e-08
33,merged_z_p0p016_dedup_filtered,2,-0.0017827169504016638,-0.0013246310409158468,-0.00045808590948581696,0.00045808590948581696,2.0984270046944808e-07
33,merged_z_p0p016_dedup_filtered,3,-0.0014517534291371703,-0.0008837009663693607,-0.0005680524627678096,0.0005680524627678096,3.2268360045657375e-07
33,merged_z_p0p016_dedup_filtered,4,-0.0015400702832266688,-0.0008428021101281047,-0.0006972681730985641,0.0006972681730985641,4.861829052162092e-07
33,merged_z_p0p016_dedup_filtered,5,-0.0020033731125295162,-0.001263270853087306,-0.0007401022594422102,0.0007401022594422102,5.477513544314646e-07
33,merged_z_p0p016_dedup_filtered,6,-0.0021808864548802376,-0.0012019394198432565,-0.000978947035036981,0.000978947035036981,9.583372974076963e-07
33,merged_z_p0p016_dedup_filtered,7,-0.001599919400177896,-0.0008019231609068811,-0.0007979962392710149,0.0007979962392710149,6.367979978906829e-07
33,merged_z_p0p016_dedup_filtered,8,-0.0016088029369711876,-0.0007610530010424554,-0.0008477499359287322,0.0008477499359287322,7.186799538671695e-07
33,merged_z_p0p016_dedup_filtered,9,-0.002268741372972727,-0.0011406324338167906,-0.0011281089391559362,0.0011281089391559362,1.2726297786035319e-06
33,merged_z_p0p016_dedup_filtered,10,-0.0022377995774149895,-0.0010793345281854272,-0.0011584650492295623,0.0011584650492295623,1.3420412702864522e-06
33,merged_z_p0p016_dedup_filtered,11,-0.0015541946049779654,-0.0007201872649602592,-0.0008340073400177062,0.0008340073400177062,6.955682432034097e-07
33,merged_z_p0p016_dedup_filtered,12,-0.0014367401599884033,-0.0006793235661461949,-0.0007574165938422084,0.0007574165938422084,5.736798966275329e-07
33,merged_z_p0p016_dedup_filtered,13,-0.002082535997033119,-0.0010180397657677531,-0.001064496231265366,0.001064496231265366,1.1331522263781677e-06
33,merged_z_p0p016_dedup_filtered,14,-0.0018222216749563813,-0.0009567463421262801,-0.0008654753328301013,0.0008654753328301013,7.490475517373745e-07
33,merged_z_p0p016_dedup_filtered,15,-0.0012705791741609573,-0.000638460973277688,-0.0006321182008832693,0.0006321182008832693,3.995734198879012e-07
33,merged_z_p0p016_dedup_filtered,16,-0.0010806926293298602,-0.0005975988460704684,-0.0004830937832593918,0.0004830937832593918,2.333796034238722e-07
33,merged_z_p0p016_dedup_filtered,17,-0.00046107545495033264,0.004979039076715708,-0.00544011453166604,0.00544011453166604,2.9594846117644022e-05
33,merged_z_p0p016_dedup_filtered,18,-0.00039101936272345483,-4.381816864906796e-08,-0.00039097554455480577,0.00039097554455480577,1.528618764399269e-07
33,merged_z_p0p016_dedup_filtered,19,-0.00047669466584920883,-3.940547443903597e-08,-0.0004766552603747698,0.0004766552603747698,2.272002372429396e-07
33,merged_z_p0p016_dedup_filtered,20,-0.0005464051500894129,-3.528859693346931e-08,-0.0005463698614924795,0.0005463698614924795,2.9852002554731117e-07
33,merged_z_p0p016_dedup_filtered,21,-0.0005878209485672414,-3.133590809056841e-08,-0.0005877896126591509,0.0005877896126591509,3.454966287499946e-07
33,merged_z_p0p016_dedup_filtered,22,-0.0005945515003986657,-2.7436634297828277e-08,-0.0005945240637643678,0.0005945240637643678,3.5345886239489813e-07
33,merged_z_p0p016_dedup_filtered,23,-0.0005674912827089429,-2.3607100274603e-08,-0.0005674676756086683,0.0005674676756086683,3.2201956286070477e-07
33,merged_z_p0p016_dedup_filtered,24,-0.0005145876202732325,-1.99208045614796e-08,-0.000514567699468671,0.000514567699468671,2.647799173364805e-07
33,merged_z_p0p016_dedup_filtered,25,-0.0004490806604735553,-1.6569588368042787e-08,-0.0004490640908851873,0.0004490640908851873,2.0165855772253975e-07
33,merged_z_p0p016_dedup_filtered,26,-0.00038659750134684145,-1.3542215349104936e-08,-0.00038658395913149235,0.00038658395913149235,1.4944715745777934e-07
33,merged_z_p0p016_dedup_filtered,27,-0.0003417326952330768,-1.0667145389220423e-08,-0.0003417220280876876,0.0003417220280876876,1.1677394448036234e-07
33,merged_z_p0p016_dedup_filtered,28,-0.00032485806150361896,-7.969680915209665e-09,-0.00032485009182270375,0.00032485009182270375,1.0552758215721905e-07
33,merged_z_p0p016_dedup_filtered,29,0.00011608356726355851,9.47217849898152e-05,2.13617822737433e-05,2.13617822737433e-05,4.5632574191081354e-10
33,merged_z_p0p016_dedup_filtered,30,-0.00024412885250058025,0.00021143874619156122,-0.0004555675986921415,0.0004555675986921415,2.0754183697812406e-07
33,merged_z_p0p016_dedup_filtered,31,-0.0002957813849207014,0.00025207229191437364,-0.000547853676835075,0.000547853676835075,3.001436512217108e-07
33,merged_z_p0p016_dedup_filtered,32,-0.0006389329209923744,0.00037894511478953063,-0.001017878035781905,0.001017878035781905,1.0360756957272292e-06
33,merged_z_p0p016_dedup_filtered,33,-0.0006186786922626197,0.0003246953710913658,-0.0009433740633539855,0.0009433740633539855,8.899546234090095e-07
33,merged_z_p0p016_dedup_filtered,34,-0.0007691221544519067,0.0004891888820566237,-0.0012583110365085304,0.0012583110365085304,1.583346664599172e-06
33,merged_z_p0p016_dedup_filtered,35,-0.00048594968393445015,0.0003336321096867323,-0.0008195817936211824,0.0008195817936211824,6.717143164353145e-07
33,merged_z_p0p016_dedup_filtered,36,-0.0005755891907028854,0.00037446481292136014,-0.0009500540036242455,0.0009500540036242455,9.026026098024579e-07
33,merged_z_p0p016_dedup_filtered,37,-0.00062704854644835,0.0004153090703766793,-0.0010423576168250293,0.0010423576168250293,1.0865094013531545e-06
33,merged_z_p0p016_dedup_filtered,38,-0.0008053071796894073,0.0006241575465537608,-0.0014294647262431681,0.0014294647262431681,2.0433694035734556e-06
33,merged_z_p0p016_dedup_filtered,39,-0.000621319399215281,0.0004561584210023284,-0.0010774778202176094,0.0010774778202176094,1.160958453060891e-06
33,merged_z_p0p016_dedup_filtered,40,-0.0005501114064827561,0.0004970102454535663,-0.0010471216519363225,0.0010471216519363225,1.0964637539538528e-06
33,merged_z_p0p016_dedup_filtered,41,-0.00041766505455598235,0.0005378634086810052,-0.0009555284632369876,0.0009555284632369876,9.130346440560391e-07
33,merged_z_p0p016_dedup_filtered,42,-0.00023990869522094727,0.0005787170375697315,-0.0008186257327906787,0.0008186257327906787,6.701480903870757e-07
33,merged_z_p0p016_dedup_filtered,43,-4.116497439099476e-05,0.0006195716559886932,-0.000660736630379688,0.000660736630379688,4.3657289472550443e-07
33,merged_z_p0p016_dedup_filtered,44,0.0001508704444859177,0.0006604263326153159,-0.0005095558881293982,0.0005095558881293982,2.596472031273398e-07
33,merged_z_p0p016_dedup_filtered,45,0.0003107794327661395,0.0007012812420725822,-0.00039050180930644274,0.00039050180930644274,1.5249166307160537e-07
33,merged_z_p0p016_dedup_filtered,46,0.0004204798606224358,0.0007421369664371014,-0.00032165710581466556,0.00032165710581466556,1.0346329372106695e-07
33,merged_z_p0p016_dedup_filtered,47,0.00047260895371437073,0.0007829946698620915,-0.0003103857161477208,0.0003103857161477208,9.633929278853352e-08
33,merged_z_p0p016_dedup_filtered,48,0.00047152081970125437,0.0008238583686761558,-0.00035233754897490144,0.00035233754897490144,1.2414174841764107e-07
33,merged_z_p0p016_dedup_filtered,49,0.0004317166458349675,0.0008647360373288393,-0.0004330193914938718,0.0004330193914938718,1.8750579340972302e-07
33,merged_z_p0p016_dedup_filtered,50,0.0003740861138794571,0.0009056436247192323,-0.0005315575108397752,0.0005315575108397752,2.8255338733017773e-07
33,merged_z_p0p016_dedup_filtered,51,0.00032081984682008624,0.0009466128540225327,-0.0006257930072024465,0.0006257930072024465,3.916168878634812e-07
33,merged_z_p0p016_dedup_filtered,52,0.0002901381812989712,0.0009877001866698265,-0.0006975620053708553,0.0006975620053708553,4.865927513370092e-07
33,merged_z_p0p016_dedup_filtered,53,0.0003454643301665783,0.0014846447156742215,-0.0011391803855076432,0.0011391803855076432,1.2977319507253426e-06
33,merged_z_p0p016_dedup_filtered,54,0.0004680418933276087,0.0013856397708877921,-0.0009175978775601834,0.0009175978775601834,8.419858649029533e-07
33,merged_z_p0p016_dedup_filtered,55,4.552737664198503e-05,0.00046105115325190127,-0.00041552377660991624,0.00041552377660991624,1.7266000892816757e-07
33,merged_z_p0p016_dedup_filtered,56,4.66188503196463e-05,0.0004815375432372093,-0.000434918692917563,0.000434918692917563,1.8915426944912148e-07
33,merged_z_p0p016_dedup_filtered,57,4.627082671504468e-05,0.0005020664539188147,-0.00045579562720377,0.00045579562720377,2.0774965377807806e-07
33,merged_z_p0p016_dedup_filtered,58,-0.0004248871118761599,-8.765365322460639e-08,-0.0004247994582229353,0.0004247994582229353,1.8045457970649935e-07
33,merged_z_p0p016_dedup_filtered,59,-0.00039656463195569813,-8.278884422452393e-08,-0.0003964818431114736,0.0003964818431114736,1.5719785191707118e-07
33,merged_z_p0p016_dedup_filtered,60,-0.00034559579216875136,-7.802069035278691e-08,-0.00034551777147839857,0.00034551777147839857,1.1938253040739886e-07
33,merged_z_p0p016_dedup_filtered,61,-0.00028422786272130907,-7.334247698054241e-08,-0.0002841545202443285,0.0002841545202443285,8.07437913752845e-08
33,merged_z_p0p016_dedup_filtered,62,-0.00022749986965209246,-6.88823433847574e-08,-0.0002274309873087077,0.0002274309873087077,5.1724853988213564e-08
33,merged_z_p0p016_dedup_filtered,63,-0.00018990266835317016,-6.451631406889646e-08,-0.00018983815203910126,0.00018983815203910126,3.603852396962093e-08
33,merged_z_p0p016_dedup_filtered,64,-0.0001821436162572354,-6.008493613762766e-08,-0.00018208353132109778,0.00018208353132109778,3.31544123783612e-08
33,merged_z_p0p016_dedup_filtered,65,-0.00020872557070106268,-5.5533046605660275e-08,-0.00020867003765445702,0.00020867003765445702,4.354318461471251e-08
33,merged_z_p0p016_dedup_filtered,66,-0.0002668729575816542,-5.0840792908957155e-08,-0.00026682211678874523,0.00026682211678874523,7.11940420076268e-08
33,merged_z_p0p016_dedup_filtered,67,-0.0004350136441644281,-0.0003287561412435025,-0.00010625750292092562,0.00010625750292092562,1.1290656926990516e-08
33,merged_z_p0p016_dedup_filtered,68,-0.0004549008735921234,-0.0003491897659841925,-0.0001057111076079309,0.0001057111076079309,1.1174838271695546e-08
33,merged_z_p0p016_dedup_filtered,69,-0.0005042146076448262,-0.00036962368176318705,-0.00013459092588163912,0.00013459092588163912,1.8114717329676876e-08
33,merged_z_p0p016_dedup_filtered,70,-0.0005776803009212017,-0.00039005829603411257,-0.00018762200488708913,0.00018762200488708913,3.52020167178509e-08
33,merged_z_p0p016_dedup_filtered,71,-0.0006663965177722275,-0.00041049456922337413,-0.0002559019485488534,0.0002559019485488534,6.548580727110001e-08
33,merged_z_p0p016_dedup_filtered,72,-0.0007589164306409657,-0.00043093538261018693,-0.00032798104803077877,0.00032798104803077877,1.0757156786736801e-07
33,merged_z_p0p016_dedup_filtered,73,-0.0008428276050835848,-0.00045138722634874284,-0.00039144037873484194,0.00039144037873484194,1.532255701040765e-07
33,merged_z_p0p016_dedup_filtered,74,-0.0009065805934369564,-0.000471863808343187,-0.00043471678509376943,0.00043471678509376943,1.8897868324226252e-07
33,merged_z_p0p016_dedup_filtered,75,-0.0009412544313818216,-0.0004923840169794858,-0.0004488704144023359,0.0004488704144023359,2.0148464892572474e-07
33,merged_z_p0p016_dedup_filtered,76,-0.0012788480380550027,-0.0009862297447398305,-0.0002926182933151722,0.0002926182933151722,8.562546558268415e-08
33,merged_z_p0p016_dedup_filtered,77,-0.0013249499024823308,-0.0009451392688788474,-0.00037981063360348344,0.00037981063360348344,1.4425611739827954e-07
33,merged_z_p0p016_dedup_filtered,78,3.761461266549304e-05,0.0004405994259286672,-0.00040298481326317415,0.00040298481326317415,1.6239675972075534e-07
33,merged_z_p0p016_dedup_filtered,79,1.5893801901256666e-05,0.0004201637639198452,-0.00040426996201858856,0.00040426996201858856,1.6343420219051102e-07
33,merged_z_p0p016_dedup_filtered,80,-2.5940214982256293e-05,0.0003997348539996892,-0.0004256750689819455,0.0004256750689819455,1.8119926435278407e-07
33,merged_z_p0p016_dedup_filtered,81,-9.11774841370061e-05,0.00037930873804725707,-0.00047048622218426317,0.00047048622218426317,2.2135728526521985e-07
33,merged_z_p0p016_dedup_filtered,82,-0.00017831232980825007,0.00035888361162506044,-0.0005371959414333105,0.0005371959414333105,2.885794794924208e-07
33,merged_z_p0p016_dedup_filtered,83,-0.00028030353132635355,0.0003384589799679816,-0.0006187625112943351,0.0006187625112943351,3.828670453832722e-07
33,merged_z_p0p016_dedup_filtered,84,-0.00038513849722221494,0.0003180345520377159,-0.0007031730492599308,0.0007031730492599308,4.944523372055091e-07
33,merged_z_p0p016_dedup_filtered,85,-0.0004776667628902942,0.00029760986217297614,-0.0007752766250632703,0.0007752766250632703,6.010538453694946e-07
33,merged_z_p0p016_dedup_filtered,86,-0.000542375841178,0.00027718511410057545,-0.0008195609552785754,0.0008195609552785754,6.716801594171311e-07
33,merged_z_p0p016_dedup_filtered,87,-0.000566549482755363,0.00025676030782051384,-0.0008233097905758768,0.0008233097905758768,6.778390112580942e-07
33,merged_z_p0p016_dedup_filtered,88,-0.0005431370809674263,0.00023633554519619793,-0.0007794726261636242,0.0007794726261636242,6.075775749384171e-07
33,merged_z_p0p016_dedup_filtered,89,-0.00047269120113924146,0.0002159112336812541,-0.0006886024348204955,0.0006886024348204955,4.741733132407148e-07
33,merged_z_p0p016_dedup_filtered,90,-0.00036390809691511095,0.0001954879699042067,-0.0005593960668193176,0.0005593960668193176,3.129239595729225e-07
33,merged_z_p0p016_dedup_filtered,91,-0.0002325816167285666,0.0001750672236084938,-0.0004076488403370604,0.0004076488403370604,1.6617757702815016e-07
33,merged_z_p0p016_dedup_filtered,92,-9.911222150549293e-05,0.0001546525745652616,-0.00025376479607075453,0.00025376479607075453,6.439657172483163e-08
33,merged_z_p0p016_dedup_filtered,93,1.4985940651968122e-05,0.00013425250654108822,-0.0001192665658891201,0.0001192665658891201,1.4224513738983827e-08
33,merged_z_p0p016_dedup_filtered,94,-0.000991032226011157,-0.0001346870994893834,-0.0008563451265217736,0.0008563451265217736,7.333269757175925e-07
33,merged_z_p0p016_dedup_filtered,95,-0.001015514018945396,-0.00011431432358222082,-0.0009011996953631751,0.0009011996953631751,8.121608909226796e-07
33,merged_z_p0p016_dedup_filtered,96,-0.001154194469563663,-0.00023012967722024769,-0.0009240647923434153,0.0009240647923434153,8.538957404486793e-07
33,merged_z_p0p016_dedup_filtered,97,-0.0010527793783694506,-0.00034439569571986794,-0.0007083836826495826,0.0007083836826495826,5.018074418441846e-07
33,merged_z_p0p016_dedup_filtered,98,-0.0009415423264726996,-0.00040538940811529756,-0.0005361529183574021,0.0005361529183574021,2.8745995186315907e-07
33,merged_z_p0p016_dedup_filtered,99,-0.0010661317501217127,-0.0002708356478251517,-0.000795296102296561,0.000795296102296561,6.32495890328102e-07
33,merged_z_p0p016_dedup_filtered,100,-0.000942551123443991,-0.000311625306494534,-0.0006309258169494569,0.0006309258169494569,3.9806738649333963e-07
33,merged_z_p0p016_dedup_filtered,101,-0.0007906869286671281,-0.00046654770267196,-0.0003241392259951681,0.0003241392259951681,1.0506623782874665e-07
33,merged_z_p0p016_dedup_filtered,102,-0.0006441448349505663,-0.0005277741001918912,-0.0001163707347586751,0.0001163707347586751,1.3542147908273913e-08
33,merged_z_p0p016_dedup_filtered,103,-0.0008123196894302964,-0.0003524541389197111,-0.0004598655505105853,0.0004598655505105853,2.114763245464037e-07
33,merged_z_p0p016_dedup_filtered,104,-0.0007066658581607044,-0.00039330110303126276,-0.0003133647551294416,0.0003133647551294416,9.819746975733491e-08
33,merged_z_p0p016_dedup_filtered,105,-0.0005485742003656924,-0.0005890292231924832,4.045502282679081e-05,4.045502282679081e-05,1.6366088719161655e-09
33,merged_z_p0p016_dedup_filtered,106,-0.0005424960982054472,-0.0006503114709630609,0.00010781537275761366,0.00010781537275761366,1.1624154602863182e-08
33,merged_z_p0p016_dedup_filtered,107,-0.000652483431622386,-0.000434155750554055,-0.000218327681068331,0.000218327681068331,4.766697632067486e-08
33,merged_z_p0p016_dedup_filtered,108,-0.0007439649780280888,0.001934968400746584,-0.0026789333787746727,0.0026789333787746727,7.176684047913084e-06
33,merged_z_p0p016_dedup_filtered,109,-0.0008248554659076035,-0.000195943663129583,-0.0006289118027780205,0.0006289118027780205,3.9553005567349976e-07
33,merged_z_p0p016_dedup_filtered,110,-0.0008941965061239898,-0.00017551530618220568,-0.0007186811999417841,0.0007186811999417841,5.165026671497627e-07
33,merged_z_p0p016_dedup_filtered,111,-0.0009502792381681502,-0.0001550936867715791,-0.0007951855513965711,0.0007951855513965711,6.323200611498688e-07
33,merged_z_p0p016_dedup_filtered,112,-0.0011864271946251392,-0.00018960496527142823,-0.000996822229353711,0.000996822229353711,9.936545569337024e-07
33,merged_z_p0p016_dedup_filtered,113,-0.0006665789987891912,-0.00047501467633992434,-0.0001915643224492669,0.0001915643224492669,3.6696889635446706e-08
33,merged_z_p0p016_dedup_filtered,114,-0.000647093984298408,-0.0007115888292901218,6.449484499171376e-05,6.449484499171376e-05,4.159585030505186e-09
33,merged_z_p0p016_dedup_filtered,115,-0.00086074264254421,-0.0007728756172582507,-8.786702528595924e-05,8.786702528595924e-05,7.720614132603401e-09
33,merged_z_p0p016_dedup_filtered,116,-0.0007520889048464596,-0.0005158754647709429,-0.0002362134400755167,0.0002362134400755167,5.579678927230972e-08
33,merged_z_p0p016_dedup_filtered,117,-0.000897828140296042,-0.0005567368352785707,-0.0003410913050174713,0.0003410913050174713,1.1634327835852165e-07
33,merged_z_p0p016_dedup_filtered,118,-0.0011585135944187641,-0.0008341713109984994,-0.0003243422834202647,0.0003243422834202647,1.0519791681427133e-07
33,merged_z_p0p016_dedup_filtered,119,-0.001496818265877664,-0.0008954599034041166,-0.0006013583624735475,0.0006013583624735475,3.616318801168665e-07
33,merged_z_p0p016_dedup_filtered,120,-0.0005127661279402673,-0.00027767239953391254,-0.00023509372840635478,0.00023509372840635478,5.526906113600091e-08
33,merged_z_p0p016_dedup_filtered,121,-0.0005823540268465877,-0.00025723950238898396,-0.0003251145244576037,0.0003251145244576037,1.0569945401329379e-07
33,merged_z_p0p016_dedup_filtered,122,-0.00044341327156871557,0.000771452090702951,-0.0012148653622716665,0.0012148653622716665,1.4758978484474676e-06
33,merged_z_p0p016_dedup_filtered,123,-0.00014960127009544522,0.0008390358416363597,-0.000988637111731805,0.000988637111731805,9.774033386934053e-07
33,merged_z_p0p016_dedup_filtered,124,0.0004211942432448268,0.0009618177427910268,-0.0005406234995462,0.0005406234995462,2.9227376826158015e-07
33,merged_z_p0p016_dedup_filtered,125,0.0007806805660948157,0.0010490822605788708,-0.00026840169448405504,0.00026840169448405504,7.203946960191202e-08
33,merged_z_p0p016_dedup_filtered,126,0.000846257375087589,0.008962971158325672,-0.008116713783238083,0.008116713783238083,6.588104263900707e-05
33,merged_z_p0p016_dedup_filtered,127,0.0008188942447304726,0.0011778248008340597,-0.00035893055610358715,0.00035893055610358715,1.2883114410483032e-07
34,merged_z_p0p018_dedup_filtered,0,-0.0014249717351049185,-0.001447714283131063,2.2742548026144505e-05,2.2742548026144505e-05,5.172234907214893e-10
34,merged_z_p0p018_dedup_filtered,1,-0.001580295036546886,-0.001375006278976798,-0.0002052887575700879,0.0002052887575700879,4.2143473984670326e-08
34,merged_z_p0p018_dedup_filtered,2,-0.001799398334696889,-0.0013246310409158468,-0.0004747672937810421,0.0004747672937810421,2.2540398324417434e-07
34,merged_z_p0p018_dedup_filtered,3,-0.0014512673951685429,-0.0008837009663693607,-0.0005675664287991822,0.0005675664287991822,3.2213165109985713e-07
34,merged_z_p0p018_dedup_filtered,4,-0.0015514831757172942,-0.0008428021101281047,-0.0007086810655891895,0.0007086810655891895,5.022288527246292e-07
34,merged_z_p0p018_dedup_filtered,5,-0.0020300638861954212,-0.001263270853087306,-0.0007667930331081152,0.0007667930331081152,5.87971555623143e-07
34,merged_z_p0p018_dedup_filtered,6,-0.002216651802882552,-0.0012019394198432565,-0.0010147123830392957,0.0010147123830392957,1.0296412202932863e-06
34,merged_z_p0p018_dedup_filtered,7,-0.001622092560864985,-0.0008019231609068811,-0.0008201693999581039,0.0008201693999581039,6.726778446276362e-07
34,merged_z_p0p018_dedup_filtered,8,-0.0016384879127144814,-0.0007610530010424554,-0.0008774349116720259,0.0008774349116720259,7.698920242208959e-07
34,merged_z_p0p018_dedup_filtered,9,-0.002310842275619507,-0.0011406324338167906,-0.0011702098418027163,0.0011702098418027163,1.3693910738519382e-06
34,merged_z_p0p018_dedup_filtered,10,-0.0022821789607405663,-0.0010793345281854272,-0.001202844432555139,0.001202844432555139,1.4468347289288945e-06
34,merged_z_p0p018_dedup_filtered,11,-0.0015866834437474608,-0.0007201872649602592,-0.0008664961787872016,0.0008664961787872016,7.508156278528221e-07
34,merged_z_p0p018_dedup_filtered,12,-0.0014667849754914641,-0.0006793235661461949,-0.0007874614093452692,0.0007874614093452692,6.200954712080376e-07
34,merged_z_p0p018_dedup_filtered,13,-0.0021245351526886225,-0.0010180397657677531,-0.0011064953869208694,0.0011064953869208694,1.2243320412771644e-06
34,merged_z_p0p018_dedup_filtered,14,-0.0018573726993054152,-0.0009567463421262801,-0.0009006263571791351,0.0009006263571791351,8.11127835245759e-07
34,merged_z_p0p018_dedup_filtered,15,-0.0012933898251503706,-0.000638460973277688,-0.0006549288518726826,0.0006549288518726826,4.289318010152702e-07
34,merged_z_p0p018_dedup_filtered,16,-0.0010928054107353091,-0.0005975988460704684,-0.0004952065646648407,0.0004952065646648407,2.4522954168715305e-07
34,merged_z_p0p018_dedup_filtered,17,-0.0004620733670890331,0.005601419135928154,-0.006063492503017187,0.006063492503017187,3.676594133414563e-05
34,merged_z_p0p018_dedup_filtered,18,-0.0004078962083440274,-4.381816864906796e-08,-0.00040785239017537833,0.00040785239017537833,1.6634357217176905e-07
34,merged_z_p0p018_dedup_filtered,19,-0.0004977813805453479,-3.940547443903597e-08,-0.0004977419750709089,0.0004977419750709089,2.4774707374748927e-07
34,merged_z_p0p018_dedup_filtered,20,-0.0005694163264706731,-3.528859693346931e-08,-0.0005693810378737396,0.0005693810378737396,3.241947662901769e-07
34,merged_z_p0p018_dedup_filtered,21,-0.0006098650628700852,-3.133590809056841e-08,-0.0006098337269619947,0.0006098337269619947,3.718971745403567e-07
34,merged_z_p0p018_dedup_filtered,22,-0.0006126245716586709,-2.7436634297828277e-08,-0.0006125971350243731,0.0006125971350243731,3.7527524984007e-07
34,merged_z_p0p018_dedup_filtered,23,-0.0005790302529931068,-2.3607100274603e-08,-0.0005790066458928322,0.0005790066458928322,3.352486959880676e-07
34,merged_z_p0p018_dedup_filtered,24,-0.0005179722211323678,-1.99208045614796e-08,-0.0005179523003278064,0.0005179523003278064,2.682745854148661e-07
34,merged_z_p0p018_dedup_filtered,25,-0.0004439799231477082,-1.6569588368042787e-08,-0.00044396335355934013,0.00044396335355934013,1.9710345930365566e-07
34,merged_z_p0p018_dedup_filtered,26,-0.00037408474599942565,-1.3542215349104936e-08,-0.00037407120378407654,0.00037407120378407654,1.399292655004681e-07
34,merged_z_p0p018_dedup_filtered,27,-0.00032414065208286047,-1.0667145389220423e-08,-0.00032412998493747125,0.00032412998493747125,1.0506024713556535e-07
34,merged_z_p0p018_dedup_filtered,28,-0.0003053949913010001,-7.969680915209665e-09,-0.0003053870216200849,0.0003053870216200849,9.32612329739862e-08
34,merged_z_p0p018_dedup_filtered,29,0.000144779565744102,9.47217849898152e-05,5.0057780754286796e-05,5.0057780754286796e-05,2.5057814140442455e-09
34,merged_z_p0p018_dedup_filtered,30,-0.0002533904043957591,0.00021143874619156122,-0.00046482915058732033,0.00046482915058732033,2.1606613923572972e-07
34,merged_z_p0p018_dedup_filtered,31,-0.00030498026171699166,0.00025207229191437364,-0.0005570525536313653,0.0005570525536313653,3.103075475072251e-07
34,merged_z_p0p018_dedup_filtered,32,-0.0006712563335895538,0.00037894511478953063,-0.0010502014483790845,0.0010502014483790845,1.1029230821775268e-06
34,merged_z_p0p018_dedup_filtered,33,-0.0006388279143720865,0.000365282321581617,-0.0010041102359537035,0.0010041102359537035,1.0082373659470022e-06
34,merged_z_p0p018_dedup_filtered,34,-0.0007825888460502028,0.0004891888820566237,-0.0012717777281068265,0.0012717777281068265,1.6174185897085612e-06
34,merged_z_p0p018_dedup_filtered,35,-0.0004949691938236356,0.0003336321096867323,-0.0008286013035103679,0.0008286013035103679,6.865801201790808e-07
34,merged_z_p0p018_dedup_filtered,36,-0.0005845681298524141,0.00037446481292136014,-0.0009590329427737743,0.0009590329427737743,9.197441853253254e-07
34,merged_z_p0p018_dedup_filtered,37,-0.0006360361585393548,0.0004153090703766793,-0.001051345228916034,0.001051345228916034,1.1053267903645081e-06
34,merged_z_p0p018_dedup_filtered,38,-0.0007945603574626148,0.0006241575465537608,-0.0014187179040163755,0.0014187179040163755,2.0127604911766178e-06
34,merged_z_p0p018_dedup_filtered,39,-0.0006303220288828015,0.0004561584210023284,-0.00108648044988513,0.00108648044988513,1.1804397679825943e-06
34,merged_z_p0p018_dedup_filtered,40,-0.0005590365035459399,0.0004970102454535663,-0.0010560467489995062,0.0010560467489995062,1.1152347360724261e-06
34,merged_z_p0p018_dedup_filtered,41,-0.0004262715228833258,0.0005378634086810052,-0.0009641349315643311,0.0009641349315643311,9.295561662625573e-07
34,merged_z_p0p018_dedup_filtered,42,-0.00024777979706414044,0.0005787170375697315,-0.0008264968346338719,0.0008264968346338719,6.830970176598098e-07
34,merged_z_p0p018_dedup_filtered,43,-4.771447129314765e-05,0.0006195716559886932,-0.0006672861272818409,0.0006672861272818409,4.4527077566279716e-07
34,merged_z_p0p018_dedup_filtered,44,0.00014635227853432298,0.0006604263326153159,-0.0005140740540809929,0.0005140740540809929,2.6427213307926765e-07
34,merged_z_p0p018_dedup_filtered,45,0.00030904225423000753,0.0007012812420725822,-0.0003922389878425747,0.0003922389878425747,1.5385142358376748e-07
34,merged_z_p0p018_dedup_filtered,46,0.00042220327304676175,0.0007421369664371014,-0.0003199336933903396,0.0003199336933903396,1.0235756816638384e-07
34,merged_z_p0p018_dedup_filtered,47,0.0004782835312653333,0.0007829946698620915,-0.00030471113859675825,0.00030471113859675825,9.284887798493281e-08
34,merged_z_p0p018_dedup_filtered,48,0.0004813416744582355,0.0008238583686761558,-0.0003425166942179203,0.0003425166942179203,1.1731768581797232e-07
34,merged_z_p0p018_dedup_filtered,49,0.0004455096204765141,0.0008647360373288393,-0.0004192264168523252,0.0004192264168523252,1.7575078858683954e-07
34,merged_z_p0p018_dedup_filtered,50,0.0003912834799848497,0.0009056436247192323,-0.0005143601447343826,0.0005143601447343826,2.6456635849117505e-07
34,merged_z_p0p018_dedup_filtered,51,0.00034049240639433265,0.0009466128540225327,-0.0006061204476282,0.0006061204476282,3.673819970330096e-07
34,merged_z_p0p018_dedup_filtered,52,0.00031108269467949867,0.0009877001866698265,-0.0006766174919903278,0.0006766174919903278,4.5781123046728135e-07
34,merged_z_p0p018_dedup_filtered,53,0.00039890941116027534,0.0014846447156742215,-0.0010857353045139462,0.0010857353045139462,1.1788211514679914e-06
34,merged_z_p0p018_dedup_filtered,54,0.0005123622249811888,0.0013856397708877921,-0.0008732775459066033,0.0008732775459066033,7.626136721846597e-07
34,merged_z_p0p018_dedup_filtered,55,3.365566226420924e-05,0.00046105115325190127,-0.00042739549098769203,0.00042739549098769203,1.8266690571661034e-07
34,merged_z_p0p018_dedup_filtered,56,3.042757452931255e-05,0.0004815375432372093,-0.00045110996870789677,0.00045110996870789677,2.035002038676396e-07
34,merged_z_p0p018_dedup_filtered,57,2.840270462911576e-05,0.0005020664539188147,-0.0004736637492896989,0.0004736637492896989,2.2435734739117473e-07
34,merged_z_p0p018_dedup_filtered,58,-0.0004222532734274864,-8.765365322460639e-08,-0.0004221656197742618,0.0004221656197742618,1.782238105193866e-07
34,merged_z_p0p018_dedup_filtered,59,-0.00039321009535342455,-8.278884422452393e-08,-0.0003931273065092,0.0003931273065092,1.545490791231785e-07
34,merged_z_p0p018_dedup_filtered,60,-0.0003410938079468906,-7.802069035278691e-08,-0.0003410157872565378,0.0003410157872565378,1.1629176715819625e-07
34,merged_z_p0p018_dedup_filtered,61,-0.0002787224075291306,-7.334247698054241e-08,-0.00027864906505215004,0.00027864906505215004,7.764530145443734e-08
34,merged_z_p0p018_dedup_filtered,62,-0.00022179915686137974,-6.88823433847574e-08,-0.00022173027451799499,0.00022173027451799499,4.9164314637825415e-08
34,merged_z_p0p018_dedup_filtered,63,-0.0001853860740084201,-6.451631406889646e-08,-0.0001853215576943512,0.0001853215576943512,3.4344079746260744e-08
34,merged_z_p0p018_dedup_filtered,64,-0.000180494345840998,-6.008493613762766e-08,-0.00018043426090486037,0.00018043426090486037,3.255652250828322e-08
34,merged_z_p0p018_dedup_filtered,65,-0.00021154453861527145,-5.5533046605660275e-08,-0.0002114890055686658,0.0002114890055686658,4.472759947642315e-08
34,merged_z_p0p018_dedup_filtered,66,-0.00027526033227331936,-5.0840792908957155e-08,-0.0002752094914804104,0.0002752094914804104,7.574026420090608e-08
34,merged_z_p0p018_dedup_filtered,67,-0.00044418880133889616,-0.0003287561412435025,-0.00011543266009539366,0.00011543266009539366,1.3324699016698687e-08
34,merged_z_p0p018_dedup_filtered,68,-0.00046622782247141004,-0.0003491897659841925,-0.00011703805648721755,0.00011703805648721755,1.3697906666305125e-08
34,merged_z_p0p018_dedup_filtered,69,-0.0005140205612406135,-0.00036962368176318705,-0.0001443968794774264,0.0001443968794774264,2.0850458802818408e-08
34,merged_z_p0p018_dedup_filtered,70,-0.0005822750390507281,-0.00039005829603411257,-0.0001922167430166155,0.0001922167430166155,3.694727629591561e-08
34,merged_z_p0p018_dedup_filtered,71,-0.0006628321134485304,-0.00041049456922337413,-0.0002523375442251563,0.0002523375442251563,6.367423622558272e-08
34,merged_z_p0p018_dedup_filtered,72,-0.0007456198800355196,-0.00043093538261018693,-0.00031468449742533267,0.00031468449742533267,9.90263329198342e-08
34,merged_z_p0p018_dedup_filtered,73,-0.0008199692820198834,-0.00045138722634874284,-0.00036858205567114055,0.00036858205567114055,1.3585273176276375e-07
34,merged_z_p0p018_dedup_filtered,74,-0.0008760959608480334,-0.000471863808343187,-0.00040423215250484645,0.00040423215250484645,1.6340363311870144e-07
34,merged_z_p0p018_dedup_filtered,75,-0.0009065103367902339,-0.0004923840169794858,-0.0004141263198107481,0.0004141263198107481,1.7150060875999401e-07
34,merged_z_p0p018_dedup_filtered,76,-0.0012583668576553464,-0.0009862297447398305,-0.0002721371129155159,0.0002721371129155159,7.405860822599225e-08
34,merged_z_p0p018_dedup_filtered,77,-0.0013095650356262922,-0.0009451392688788474,-0.00036442576674744487,0.00036442576674744487,1.328061394694631e-07
34,merged_z_p0p018_dedup_filtered,78,3.148145697196014e-05,0.0004405994259286672,-0.00040911796895670705,0.00040911796895670705,1.673775125232611e-07
34,merged_z_p0p018_dedup_filtered,79,1.523417085991241e-05,0.0004201637639198452,-0.0004049295930599328,0.0004049295930599328,1.6396797533568277e-07
34,merged_z_p0p018_dedup_filtered,80,-2.3124550352804363e-05,0.0003997348539996892,-0.0004228594043524936,0.0004228594043524936,1.7881007584934567e-07
34,merged_z_p0p018_dedup_filtered,81,-8.82344029378146e-05,0.00037930873804725707,-0.00046754314098507166,0.00046754314098507166,2.185965886821866e-07
34,merged_z_p0p018_dedup_filtered,82,-0.0001792009425116703,0.00035888361162506044,-0.0005380845541367307,0.0005380845541367307,2.895349874005243e-07
34,merged_z_p0p018_dedup_filtered,83,-0.0002886625879909843,0.0003384589799679816,-0.0006271215679589659,0.0006271215679589659,3.932814609993119e-07
34,merged_z_p0p018_dedup_filtered,84,-0.00040337094105780125,0.0003180345520377159,-0.0007214054930955172,0.0007214054930955172,5.204258854683863e-07
34,merged_z_p0p018_dedup_filtered,85,-0.0005062517011538148,0.00029760986217297614,-0.0008038615633267909,0.0008038615633267909,6.461934129941923e-07
34,merged_z_p0p018_dedup_filtered,86,-0.0005795741453766823,0.00027718511410057545,-0.0008567592594772577,0.0008567592594772577,7.34036428700019e-07
34,merged_z_p0p018_dedup_filtered,87,-0.0006085854256525636,0.00025676030782051384,-0.0008653457334730774,0.0008653457334730774,7.488232384400583e-07
34,merged_z_p0p018_dedup_filtered,88,-0.0005848360597155988,0.00023633554519619793,-0.0008211716049117967,0.0008211716049117967,6.74322804713416e-07
34,merged_z_p0p018_dedup_filtered,89,-0.0005084522999823093,0.0002159112336812541,-0.0007243635336635634,0.0007243635336635634,5.247025289015644e-07
34,merged_z_p0p018_dedup_filtered,90,-0.0003888154460582882,0.0001954879699042067,-0.0005843034159624949,0.0005843034159624949,3.4141048190544035e-07
34,merged_z_p0p018_dedup_filtered,91,-0.00024342266260646284,0.0001750672236084938,-0.00041848988621495664,0.00041848988621495664,1.7513378486420736e-07
34,merged_z_p0p018_dedup_filtered,92,-9.508691437076777e-05,0.0001546525745652616,-0.0002497394889360294,0.0002497394889360294,6.236981233402914e-08
34,merged_z_p0p018_dedup_filtered,93,3.202064544893801e-05,0.00013425250654108822,-0.00010223186109215021,0.00010223186109215021,1.0451353422364696e-08
34,merged_z_p0p018_dedup_filtered,94,-0.0009863885352388024,-0.0001346870994893834,-0.000851701435749419,0.000851701435749419,7.253953356576218e-07
34,merged_z_p0p018_dedup_filtered,95,-0.0010141818784177303,-0.00011431432358222082,-0.0008998675548355095,0.0008998675548355095,8.097616162456387e-07
34,merged_z_p0p018_dedup_filtered,96,-0.0011349554406479,-0.00023012967722024769,-0.0009048257634276524,0.0009048257634276524,8.18709662162434e-07
34,merged_z_p0p018_dedup_filtered,97,-0.0010153125040233135,-0.00034439569571986794,-0.0006709168083034456,0.0006709168083034456,4.5012936366408234e-07
34,merged_z_p0p018_dedup_filtered,98,-0.0009041032753884792,-0.00040538940811529756,-0.0004987138672731817,0.0004987138672731817,2.4871552141057267e-07
34,merged_z_p0p018_dedup_filtered,99,-0.0010439400793984532,-0.0002708356478251517,-0.0007731044315733016,0.0007731044315733016,5.976904621182777e-07
34,merged_z_p0p018_dedup_filtered,100,-0.0009166221716441214,-0.000311625306494534,-0.0006049968651495874,0.0006049968651495874,3.6602120684082803e-07
34,merged_z_p0p018_dedup_filtered,101,-0.0007539629004895687,-0.00046654770267196,-0.0002874151978176087,0.0002874151978176087,8.260749593653515e-08
34,merged_z_p0p018_dedup_filtered,102,-0.0006096252473071218,-0.0005277741001918912,-8.185114711523056e-05,8.185114711523056e-05,6.699610284079116e-09
34,merged_z_p0p018_dedup_filtered,103,-0.0007833120762370527,-0.0003524541389197111,-0.00043085793731734157,0.00043085793731734157,1.8563856214935423e-07
34,merged_z_p0p018_dedup_filtered,104,-0.0006767212762497365,-0.00039330110303126276,-0.0002834201732184738,0.0002834201732184738,8.032699458718969e-08
34,merged_z_p0p018_dedup_filtered,105,-0.0005185153568163514,-0.0005890292231924832,7.051386637613177e-05,7.051386637613177e-05,4.972205351310967e-09
34,merged_z_p0p018_dedup_filtered,106,-0.0005196345737203956,-0.0006503114709630609,0.0001306768972426653,0.0001306768972426653,1.7076451472970103e-08
34,merged_z_p0p018_dedup_filtered,107,-0.0006248852587305009,-0.000434155750554055,-0.00019072950817644596,0.00019072950817644596,3.6377745289228967e-08
34,merged_z_p0p018_dedup_filtered,108,-0.0007254884112626314,0.0021768396254628897,-0.002902328036725521,0.002902328036725521,8.423508032763018e-06
34,merged_z_p0p018_dedup_filtered,109,-0.0008075269288383424,-0.000195943663129583,-0.0006115832657087594,0.0006115832657087594,3.7403409089499103e-07
34,merged_z_p0p018_dedup_filtered,110,-0.000880298437550664,-0.00017551530618220568,-0.0007047831313684583,0.0007047831313684583,4.967192622615295e-07
34,merged_z_p0p018_dedup_filtered,111,-0.0009410396451130509,-0.0001550936867715791,-0.0007859459583414719,0.0007859459583414719,6.177110494332946e-07
34,merged_z_p0p018_dedup_filtered,112,-0.00116831436753273,-0.00018960496527142823,-0.0009787094022613019,0.0009787094022613019,9.578720940746748e-07
34,merged_z_p0p018_dedup_filtered,113,-0.0006450943183153868,-0.00047501467633992434,-0.00017007964197546244,0.00017007964197546244,2.8927084614501484e-08
34,merged_z_p0p018_dedup_filtered,114,-0.000634159310720861,-0.0007115888292901218,7.742951856926084e-05,7.742951856926084e-05,5.9953303458675086e-09
34,merged_z_p0p018_dedup_filtered,115,-0.0008598731365054846,-0.0007728756172582507,-8.699751924723387e-05,8.699751924723387e-05,7.568568355172827e-09
34,merged_z_p0p018_dedup_filtered,116,-0.0007401390466839075,-0.0005158754647709429,-0.00022426358191296458,0.00022426358191296458,5.0294154172432975e-08
34,merged_z_p0p018_dedup_filtered,117,-0.0008976711542345583,-0.0005567368352785707,-0.0003409343189559877,0.0003409343189559877,1.1623620984198315e-07
34,merged_z_p0p018_dedup_filtered,118,-0.0011707097291946411,-0.0008341713109984994,-0.0003365384181961417,0.0003365384181961417,1.1325810692196117e-07
34,merged_z_p0p018_dedup_filtered,119,-0.0015215629246085882,-0.0008954599034041166,-0.0006261030212044716,0.0006261030212044716,3.92004993161367e-07
34,merged_z_p0p018_dedup_filtered,120,-0.0005066434969194233,-0.00027767239953391254,-0.0002289710973855108,0.0002289710973855108,5.242776343792507e-08
34,merged_z_p0p018_dedup_filtered,121,-0.0005699155735783279,-0.00025723950238898396,-0.00031267607118934393,0.00031267607118934393,9.776632549440367e-08
34,merged_z_p0p018_dedup_filtered,122,-0.00042450905311852694,0.000771452090702951,-0.0011959611438214779,0.0011959611438214779,1.4303230575307777e-06
34,merged_z_p0p018_dedup_filtered,123,-0.00013431283878162503,0.0008390358416363597,-0.0009733486804179847,0.0009733486804179847,9.474076536714322e-07
34,merged_z_p0p018_dedup_filtered,124,0.0004257549881003797,0.0009618177427910268,-0.0005360627546906471,0.0005360627546906471,2.873632769665249e-07
34,merged_z_p0p018_dedup_filtered,125,0.0007817412842996418,0.0010490822605788708,-0.0002673409762792289,0.0002673409762792289,7.147119759793124e-08
34,merged_z_p0p018_dedup_filtered,126,0.0008511316264048219,0.010083342902362347,-0.009232211275957525,0.009232211275957525,8.523372504391727e-05
34,merged_z_p0p018_dedup_filtered,127,0.0008314070291817188,0.0011778248008340597,-0.0003464177716523409,0.0003464177716523409,1.200052725165734e-07
35,merged_z_p0p020_dedup_filtered,0,-0.0014265183126553893,-0.001447714283131063,2.1195970475673676e-05,2.1195970475673676e-05,4.4926916440563014e-10
35,merged_z_p0p020_dedup_filtered,1,-0.0015869493363425136,-0.001375006278976798,-0.0002119430573657155,0.0002119430573657155,4.491985956552697e-08
35,merged_z_p0p020_dedup_filtered,2,-0.0018134755082428455,-0.0013246310409158468,-0.0004888444673269987,0.0004888444673269987,2.389689132362171e-07
35,merged_z_p0p020_dedup_filtered,3,-0.0014511591289192438,-0.0008837009663693607,-0.0005674581625498831,0.0005674581625498831,3.220087662444896e-07
35,merged_z_p0p020_dedup_filtered,4,-0.0015613546129316092,-0.0008428021101281047,-0.0007185525028035045,0.0007185525028035045,5.163176992851803e-07
35,merged_z_p0p020_dedup_filtered,5,-0.0020523732528090477,-0.001263270853087306,-0.0007891023997217417,0.0007891023997217417,6.226825972466114e-07
35,merged_z_p0p020_dedup_filtered,6,-0.0022463828790932894,-0.0012019394198432565,-0.001044443459250033,0.001044443459250033,1.0908621395701751e-06
35,merged_z_p0p020_dedup_filtered,7,-0.0016409826930612326,-0.0008019231609068811,-0.0008390595321543515,0.0008390595321543515,7.040208984990792e-07
35,merged_z_p0p020_dedup_filtered,8,-0.0016636645887047052,-0.0007610530010424554,-0.0009026115876622498,0.0009026115876622498,8.147076781821673e-07
35,merged_z_p0p020_dedup_filtered,9,-0.0023456872440874577,-0.0011406324338167906,-0.001205054810270667,0.001205054810270667,1.4521570957564734e-06
35,merged_z_p0p020_dedup_filtered,10,-0.002318745944648981,-0.0010793345281854272,-0.001239411416463554,0.001239411416463554,1.536140659260193e-06
35,merged_z_p0p020_dedup_filtered,11,-0.0016141904052346945,-0.0007201872649602592,-0.0008940031402744353,0.0008940031402744353,7.992416148205516e-07
35,merged_z_p0p020_dedup_filtered,12,-0.0014922154368832707,-0.0006793235661461949,-0.0008128918707370758,0.0008128918707370758,6.607931935104228e-07
35,merged_z_p0p020_dedup_filtered,13,-0.0021589500829577446,-0.0010180397657677531,-0.0011409103171899915,0.0011409103171899915,1.301676351870567e-06
35,merged_z_p0p020_dedup_filtered,14,-0.0018859459087252617,-0.0009567463421262801,-0.0009291995665989816,0.0009291995665989816,8.634118345677353e-07
35,merged_z_p0p020_dedup_filtered,15,-0.0013127248967066407,-0.000638460973277688,-0.0006742639234289527,0.0006742639234289527,4.546318384378046e-07
35,merged_z_p0p020_dedup_filtered,16,-0.0011031444882974029,-0.0005975988460704684,-0.0005055456422269344,0.0005055456422269344,2.555763963746436e-07
35,merged_z_p0p020_dedup_filtered,17,-0.00046407943591475487,0.006223797798156738,-0.006687877234071493,0.006687877234071493,4.4727701898011766e-05
35,merged_z_p0p020_dedup_filtered,18,-0.0004218009707983583,-4.381816864906796e-08,-0.00042175715262970925,0.00042175715262970925,1.7787909579431986e-07
35,merged_z_p0p020_dedup_filtered,19,-0.0005152283702045679,-3.940547443903597e-08,-0.0005151889647301289,0.0005151889647301289,2.6541966937970197e-07
35,merged_z_p0p020_dedup_filtered,20,-0.0005885475547984242,-3.528859693346931e-08,-0.0005885122662014908,0.0005885122662014908,3.4634668746961436e-07
35,merged_z_p0p020_dedup_filtered,21,-0.0006283192778937519,-3.133590809056841e-08,-0.0006282879419856613,0.0006282879419856613,3.947457380445777e-07
35,merged_z_p0p020_dedup_filtered,22,-0.0006279413355514407,-2.7436634297828277e-08,-0.0006279138989171429,0.0006279138989171429,3.9427586445332794e-07
35,merged_z_p0p020_dedup_filtered,23,-0.0005891036707907915,-2.3607100274603e-08,-0.0005890800636905169,0.0005890800636905169,3.4701532143762345e-07
35,merged_z_p0p020_dedup_filtered,24,-0.0005214628763496876,-1.99208045614796e-08,-0.0005214429555451261,0.0005214429555451261,2.7190275588763635e-07
35,merged_z_p0p020_dedup_filtered,25,-0.00044059960055164993,-1.6569588368042787e-08,-0.0004405830309632819,0.0004405830309632819,1.941134071727922e-07
35,merged_z_p0p020_dedup_filtered,26,-0.0003646924742497504,-1.3542215349104936e-08,-0.00036467893203440127,0.00036467893203440127,1.3299072346975145e-07
35,merged_z_p0p020_dedup_filtered,27,-0.00031062454218044877,-1.0667145389220423e-08,-0.00031061387503505955,0.00031061387503505955,9.648097936429559e-08
35,merged_z_p0p020_dedup_filtered,28,-0.00029035922489129007,-7.969680915209665e-09,-0.00029035125521037486,0.00029035125521037486,8.430385140224024e-08
35,merged_z_p0p020_dedup_filtered,29,0.00016691720520611852,9.47217849898152e-05,7.219542021630332e-05,7.219542021630332e-05,5.212178700208618e-09
35,merged_z_p0p020_dedup_filtered,30,-0.0002601933665573597,0.00021143874619156122,-0.0004716321127489209,0.0004716321127489209,2.2243684977601085e-07
35,merged_z_p0p020_dedup_filtered,31,-0.0003118894819635898,0.00025207229191437364,-0.0005639617738779634,0.0005639617738779634,3.1805288239557915e-07
35,merged_z_p0p020_dedup_filtered,32,-0.0006956151919439435,0.00037894511478953063,-0.0010745603067334741,0.0010745603067334741,1.154679852807138e-06
35,merged_z_p0p020_dedup_filtered,33,-0.0006539839087054133,0.00040586909744888544,-0.0010598530061542988,0.0010598530061542988,1.123288394654304e-06
35,merged_z_p0p020_dedup_filtered,34,-0.0007924963720142841,0.0004891888820566237,-0.0012816852540709078,0.0012816852540709078,1.6427170905028076e-06
35,merged_z_p0p020_dedup_filtered,35,-0.0005023232661187649,0.0003336321096867323,-0.0008359553758054972,0.0008359553758054972,6.9882139033811e-07
35,merged_z_p0p020_dedup_filtered,36,-0.000592184136621654,0.00037446481292136014,-0.0009666489495430142,0.0009666489495430142,9.344101916526128e-07
35,merged_z_p0p020_dedup_filtered,37,-0.000643857114482671,0.0004153090703766793,-0.0010591661848593503,0.0010591661848593503,1.1218330071495115e-06
35,merged_z_p0p020_dedup_filtered,38,-0.0007859774632379413,0.0006241575465537608,-0.001410135009791702,0.001410135009791702,1.9884807458402436e-06
35,merged_z_p0p020_dedup_filtered,39,-0.000638204044662416,0.0004561584210023284,-0.0010943624656647444,0.0010943624656647444,1.1976292062558188e-06
35,merged_z_p0p020_dedup_filtered,40,-0.000566734466701746,0.0004970102454535663,-0.0010637447121553123,0.0010637447121553123,1.1315528126383882e-06
35,merged_z_p0p020_dedup_filtered,41,-0.000433435314334929,0.0005378634086810052,-0.0009712987230159342,0.0009712987230159342,9.434212093323845e-07
35,merged_z_p0p020_dedup_filtered,42,-0.00025396450655534863,0.0005787170375697315,-0.0008326815441250801,0.0008326815441250801,6.933585539265277e-07
35,merged_z_p0p020_dedup_filtered,43,-5.240853352006525e-05,0.0006195716559886932,-0.0006719801895087585,0.0006719801895087585,4.5155737509222697e-07
35,merged_z_p0p020_dedup_filtered,44,0.00014368208940140903,0.0006604263326153159,-0.0005167442432139069,0.0005167442432139069,2.6702461289471335e-07
35,merged_z_p0p020_dedup_filtered,45,0.0003088924568146467,0.0007012812420725822,-0.0003923887852579355,0.0003923887852579355,1.5396895879619824e-07
35,merged_z_p0p020_dedup_filtered,46,0.0004249682533554733,0.0007421369664371014,-0.0003171687130816281,0.0003171687130816281,1.0059599255785612e-07
35,merged_z_p0p020_dedup_filtered,47,0.0004841925692744553,0.0007829946698620915,-0.00029880210058763623,0.00029880210058763623,8.928269531558388e-08
35,merged_z_p0p020_dedup_filtered,48,0.0004904083907604218,0.0008238583686761558,-0.00033344997791573405,0.00033344997791573405,1.1118888777200353e-07
35,merged_z_p0p020_dedup_filtered,49,0.00045750237768515944,0.0008647360373288393,-0.00040723365964367986,0.00040723365964367986,1.658392535467845e-07
35,merged_z_p0p020_dedup_filtered,50,0.00040572340367361903,0.0009056436247192323,-0.0004999202210456133,0.0004999202210456133,2.4992022741029485e-07
35,merged_z_p0p020_dedup_filtered,51,0.00035668263444676995,0.0009466128540225327,-0.0005899302195757627,0.0005899302195757627,3.4801766396870765e-07
35,merged_z_p0p020_dedup_filtered,52,0.0003281637327745557,0.0009877001866698265,-0.0006595364538952708,0.0006595364538952708,4.349883340167487e-07
35,merged_z_p0p020_dedup_filtered,53,0.0004430703411344439,0.0014846447156742215,-0.0010415743745397776,0.0010415743745397776,1.084877177697929e-06
35,merged_z_p0p020_dedup_filtered,54,0.0005492274067364633,0.0013856397708877921,-0.0008364123641513288,0.0008364123641513288,6.995856429052151e-07
35,merged_z_p0p020_dedup_filtered,55,2.3748543753754348e-05,0.00046105115325190127,-0.0004373026094981469,0.0004373026094981469,1.9123357227388878e-07
35,merged_z_p0p020_dedup_filtered,56,1.671374775469303e-05,0.0004815375432372093,-0.0004648237954825163,0.0004648237954825163,2.1606116084677213e-07
35,merged_z_p0p020_dedup_filtered,57,1.3215074432082474e-05,0.0005020664539188147,-0.0004888513794867322,0.0004888513794867322,2.3897567122608104e-07
35,merged_z_p0p020_dedup_filtered,58,-0.00042014598147943616,-8.765365322460639e-08,-0.00042005832782621155,0.00042005832782621155,1.76448998776153e-07
35,merged_z_p0p020_dedup_filtered,59,-0.0003904987534042448,-8.278884422452393e-08,-0.00039041596456002026,0.00039041596456002026,1.52424625383331e-07
35,merged_z_p0p020_dedup_filtered,60,-0.0003374176740180701,-7.802069035278691e-08,-0.0003373396533277173,0.0003373396533277173,1.137980417072645e-07
35,merged_z_p0p020_dedup_filtered,61,-0.0002741933858487755,-7.334247698054241e-08,-0.00027412004337179496,0.00027412004337179496,7.514179817815475e-08
35,merged_z_p0p020_dedup_filtered,62,-0.00021708027634304017,-6.88823433847574e-08,-0.0002170113939996554,0.0002170113939996554,4.709394512567367e-08
35,merged_z_p0p020_dedup_filtered,63,-0.000181615847395733,-6.451631406889646e-08,-0.0001815513310816641,0.0001815513310816641,3.296088581752401e-08
35,merged_z_p0p020_dedup_filtered,64,-0.0001790670066839084,-6.008493613762766e-08,-0.00017900692174777078,0.00017900692174777078,3.204347803361253e-08
35,merged_z_p0p020_dedup_filtered,65,-0.0002137923875125125,-5.5533046605660275e-08,-0.00021373685446590684,0.00021373685446590684,4.568344295698024e-08
35,merged_z_p0p020_dedup_filtered,66,-0.000282108347164467,-5.0840792908957155e-08,-0.000282057506371558,0.000282057506371558,7.95564369005415e-08
35,merged_z_p0p020_dedup_filtered,67,-0.0004530940786935389,-0.0003287561412435025,-0.0001243379374500364,0.0001243379374500364,1.5459922689329166e-08
35,merged_z_p0p020_dedup_filtered,68,-0.00047688637278042734,-0.0003491897659841925,-0.00012769660679623485,0.00012769660679623485,1.630642338727221e-08
35,merged_z_p0p020_dedup_filtered,69,-0.0005232956609688699,-0.00036962368176318705,-0.00015367197920568287,0.00015367197920568287,2.361507719299183e-08
35,merged_z_p0p020_dedup_filtered,70,-0.0005870285094715655,-0.00039005829603411257,-0.0001969702134374529,0.0001969702134374529,3.8797264981595756e-08
35,merged_z_p0p020_dedup_filtered,71,-0.0006605674279853702,-0.00041049456922337413,-0.00025007285876199603,0.00025007285876199603,6.253643468939721e-08
35,merged_z_p0p020_dedup_filtered,72,-0.0007350154337473214,-0.00043093538261018693,-0.00030408005113713443,0.00030408005113713443,9.246467749956229e-08
35,merged_z_p0p020_dedup_filtered,73,-0.0008011874742805958,-0.00045138722634874284,-0.00034980024793185294,0.00034980024793185294,1.2236021345318578e-07
35,merged_z_p0p020_dedup_filtered,74,-0.0008507997845299542,-0.000471863808343187,-0.0003789359761867672,0.0003789359761867672,1.4359247404861821e-07
35,merged_z_p0p020_dedup_filtered,75,-0.0008775779278948903,-0.0004923840169794858,-0.00038519391091540456,0.00038519391091540456,1.4837434900630462e-07
35,merged_z_p0p020_dedup_filtered,76,-0.0012414809316396713,-0.0009862297447398305,-0.00025525118689984083,0.00025525118689984083,6.515316841377748e-08
35,merged_z_p0p020_dedup_filtered,77,-0.001296956092119217,-0.0009451392688788474,-0.00035181682324036956,0.00035181682324036956,1.2377507711494544e-07
35,merged_z_p0p020_dedup_filtered,78,2.6664400138542987e-05,0.0004405994259286672,-0.0004139350257901242,0.0004139350257901242,1.7134220557587078e-07
35,merged_z_p0p020_dedup_filtered,79,1.5343044651672244e-05,0.0004201637639198452,-0.000404820719268173,0.000404820719268173,1.6387981474880092e-07
35,merged_z_p0p020_dedup_filtered,80,-1.9750019419007003e-05,0.0003997348539996892,-0.0004194848734186962,0.0004194848734186962,1.759675590270996e-07
35,merged_z_p0p020_dedup_filtered,81,-8.443111437372863e-05,0.00037930873804725707,-0.0004637398524209857,0.0004637398524209857,2.150546507234376e-07
35,merged_z_p0p020_dedup_filtered,82,-0.00017836038023233414,0.00035888361162506044,-0.0005372439918573946,0.0005372439918573946,2.8863110678686825e-07
35,merged_z_p0p020_dedup_filtered,83,-0.00029394152807071805,0.0003384589799679816,-0.0006324005080386996,0.0006324005080386996,3.999304025676054e-07
35,merged_z_p0p020_dedup_filtered,84,-0.0004169122548773885,0.0003180345520377159,-0.0007349468069151044,0.0007349468069151044,5.401468089947077e-07
35,merged_z_p0p020_dedup_filtered,85,-0.0005285940133035183,0.00029760986217297614,-0.0008262038754764944,0.0008262038754764944,6.826128438523787e-07
35,merged_z_p0p020_dedup_filtered,86,-0.000609390961471945,0.00027718511410057545,-0.0008865760755725205,0.0008865760755725205,7.860171377775716e-07
35,merged_z_p0p020_dedup_filtered,87,-0.000642824568785727,0.00025676030782051384,-0.0008995848766062409,0.0008995848766062409,8.092529502186656e-07
35,merged_z_p0p020_dedup_filtered,88,-0.0006192435976117849,0.00023633554519619793,-0.0008555791428079829,0.0008555791428079829,7.320156696080427e-07
35,merged_z_p0p020_dedup_filtered,89,-0.0005383812822401524,0.0002159112336812541,-0.0007542925159214064,0.0007542925159214064,5.689571995750452e-07
35,merged_z_p0p020_dedup_filtered,90,-0.0004101537633687258,0.0001954879699042067,-0.0006056417332729325,0.0006056417332729325,3.668019090818419e-07
35,merged_z_p0p020_dedup_filtered,91,-0.00025344695313833654,0.0001750672236084938,-0.00042851417674683034,0.00042851417674683034,1.8362439967301376e-07
35,merged_z_p0p020_dedup_filtered,92,-9.306019637733698e-05,0.0001546525745652616,-0.0002477127709425986,0.0002477127709425986,6.136161688806031e-08
35,merged_z_p0p020_dedup_filtered,93,4.463818186195567e-05,0.00013425250654108822,-8.961432467913255e-05,8.961432467913255e-05,8.030727187696985e-09
35,merged_z_p0p020_dedup_filtered,94,-0.0009822230786085129,-0.0001346870994893834,-0.0008475359791191295,0.0008475359791191295,7.183172359014215e-07
35,merged_z_p0p020_dedup_filtered,95,-0.001012707012705505,-0.00011431432358222082,-0.0008983926891232841,0.0008983926891232841,8.071094238701657e-07
35,merged_z_p0p020_dedup_filtered,96,-0.0011192854726687074,-0.00023012967722024769,-0.0008891557954484597,0.0008891557954484597,7.905980285795831e-07
35,merged_z_p0p020_dedup_filtered,97,-0.000985480728559196,-0.00034439569571986794,-0.000641085032839328,0.000641085032839328,4.109900193306023e-07
35,merged_z_p0p020_dedup_filtered,98,-0.0008741006022319198,-0.00040538940811529756,-0.0004687111941166222,0.0004687111941166222,2.196901834902299e-07
35,merged_z_p0p020_dedup_filtered,99,-0.0010257611284032464,-0.0002708356478251517,-0.0007549254805780947,0.0007549254805780947,5.699124812260673e-07
35,merged_z_p0p020_dedup_filtered,100,-0.0008952602511271834,-0.000311625306494534,-0.0005836349446326494,0.0005836349446326494,3.4062974859635576e-07
35,merged_z_p0p020_dedup_filtered,101,-0.0007242604624480009,-0.00046654770267196,-0.0002577127597760409,0.0002577127597760409,6.641586655138337e-08
35,merged_z_p0p020_dedup_filtered,102,-0.0005814005853608251,-0.0005277741001918912,-5.362648516893387e-05,5.362648516893387e-05,2.875799911573884e-09
35,merged_z_p0p020_dedup_filtered,103,-0.0007593108457513154,-0.0003524541389197111,-0.00040685670683160424,0.00040685670683160424,1.6553237989385796e-07
35,merged_z_p0p020_dedup_filtered,104,-0.0006518771406263113,-0.00039330110303126276,-0.00025857603759504855,0.00025857603759504855,6.686156721835596e-08
35,merged_z_p0p020_dedup_filtered,105,-0.0004936297191306949,-0.0005890292231924832,9.539950406178832e-05,9.539950406178832e-05,9.101065375235166e-09
35,merged_z_p0p020_dedup_filtered,106,-0.0005003931000828743,-0.0006503114709630609,0.00014991837088018656,0.00014991837088018656,2.247551792736917e-08
35,merged_z_p0p020_dedup_filtered,107,-0.0006019594147801399,-0.000434155750554055,-0.00016780366422608495,0.00016780366422608495,2.815806972770066e-08
35,merged_z_p0p020_dedup_filtered,108,-0.0007104815449565649,0.002418709918856621,-0.0031291914638131857,0.0031291914638131857,9.791839217201308e-06
35,merged_z_p0p020_dedup_filtered,109,-0.0007932535372674465,-0.000195943663129583,-0.0005973098741378635,0.0005973098741378635,3.5677908574259036e-07
35,merged_z_p0p020_dedup_filtered,110,-0.0008686914225108922,-0.00017551530618220568,-0.0006931761163286865,0.0006931761163286865,4.804931282485207e-07
35,merged_z_p0p020_dedup_filtered,111,-0.0009331584442406893,-0.0001550936867715791,-0.0007780647574691102,0.0007780647574691102,6.053847668154653e-07
35,merged_z_p0p020_dedup_filtered,112,-0.0011536007514223456,-0.00018960496527142823,-0.0009639957861509174,0.0009639957861509174,9.292878757167253e-07
35,merged_z_p0p020_dedup_filtered,113,-0.0006272605387493968,-0.00047501467633992434,-0.00015224586240947247,0.00015224586240947247,2.317880262080402e-08
35,merged_z_p0p020_dedup_filtered,114,-0.0006228989223018289,-0.0007115888292901218,8.868990698829293e-05,8.868990698829293e-05,7.865899601592052e-09
35,merged_z_p0p020_dedup_filtered,115,-0.0008584639290347695,-0.0007728756172582507,-8.558831177651882e-05,8.558831177651882e-05,7.3253591127545904e-09
35,merged_z_p0p020_dedup_filtered,116,-0.000730284140445292,-0.0005158754647709429,-0.00021440867567434907,0.00021440867567434907,4.5971080204428206e-08
35,merged_z_p0p020_dedup_filtered,117,-0.0008977057295851409,-0.0005567368352785707,-0.0003409688943065703,0.0003409688943065703,1.162597868846451e-07
35,merged_z_p0p020_dedup_filtered,118,-0.0011800848878920078,-0.0008341713109984994,-0.00034591357689350843,0.00034591357689350843,1.1965620267926117e-07
35,merged_z_p0p020_dedup_filtered,119,-0.0015413884539157152,-0.0008954599034041166,-0.0006459285505115986,0.0006459285505115986,4.1722369236601477e-07
35,merged_z_p0p020_dedup_filtered,120,-0.0005025694845244288,-0.00027767239953391254,-0.0002248970849905163,0.0002248970849905163,5.0578698837231514e-08
35,merged_z_p0p020_dedup_filtered,121,-0.0005603855242952704,-0.00025723950238898396,-0.0003031460219062865,0.0003031460219062865,9.189751059760672e-08
35,merged_z_p0p020_dedup_filtered,122,-0.00040981429629027843,0.000771452090702951,-0.0011812663869932294,0.0011812663869932294,1.395390277040038e-06
35,merged_z_p0p020_dedup_filtered,123,-0.00012241941294632852,0.0008390358416363597,-0.0009614552545826882,0.0009614552545826882,9.243962065646618e-07
35,merged_z_p0p020_dedup_filtered,124,0.00042956965626217425,0.0009618177427910268,-0.0005322480865288526,0.0005322480865288526,2.8328802561362495e-07
35,merged_z_p0p020_dedup_filtered,125,0.0007833650452084839,0.0010490822605788708,-0.00026571721537038684,0.00026571721537038684,7.060563854419254e-08
35,merged_z_p0p020_dedup_filtered,126,0.0008560605929233134,0.011203712783753872,-0.010347652190830559,0.010347652190830559,0.00010707390586240045
35,merged_z_p0p020_dedup_filtered,127,0.0008426374988630414,0.0011778248008340597,-0.0003351873019710183,0.0003351873019710183,1.1235052740261062e-07
36,merged_z_p0p022_dedup_filtered,0,-0.001427935203537345,-0.001447714283131063,1.9779079593718052e-05,1.9779079593718052e-05,3.9121198957463386e-10
36,merged_z_p0p022_dedup_filtered,1,-0.0015926500782370567,-0.001375006278976798,-0.00021764379926025867,0.00021764379926025867,4.7368823356439774e-08
36,merged_z_p0p022_dedup_filtered,2,-0.0018253943417221308,-0.0013246310409158468,-0.000500763300806284,0.000500763300806284,2.507638834344048e-07
36,merged_z_p0p022_dedup_filtered,3,-0.0014512677444145083,-0.0008837009663693607,-0.0005675667780451477,0.0005675667780451477,3.221320475405499e-07
36,merged_z_p0p022_dedup_filtered,4,-0.0015699077630415559,-0.0008428021101281047,-0.0007271056529134512,0.0007271056529134512,5.286826304986962e-07
36,merged_z_p0p022_dedup_filtered,5,-0.0020711736287921667,-0.001263270853087306,-0.0008079027757048607,0.0008079027757048607,6.527068949916184e-07
36,merged_z_p0p022_dedup_filtered,6,-0.00227136118337512,-0.0012019394198432565,-0.0010694217635318637,0.0010694217635318637,1.1436629083156014e-06
36,merged_z_p0p022_dedup_filtered,7,-0.0016571659361943603,-0.0008019231609068811,-0.0008552427752874792,0.0008552427752874792,7.314402046814296e-07
36,merged_z_p0p022_dedup_filtered,8,-0.0016851648688316345,-0.0007610530010424554,-0.0009241118677891791,0.0009241118677891791,8.539827441888052e-07
36,merged_z_p0p022_dedup_filtered,9,-0.0023748804815113544,-0.0011406324338167906,-0.0012342480476945639,0.0012342480476945639,1.5233682432378424e-06
36,merged_z_p0p022_dedup_filtered,10,-0.0023492861073464155,-0.0010793345281854272,-0.0012699515791609883,0.0012699515791609883,1.612777013413488e-06
36,merged_z_p0p022_dedup_filtered,11,-0.0016376585699617863,-0.0007201872649602592,-0.0009174713050015271,0.0009174713050015271,8.417535955012051e-07
36,merged_z_p0p022_dedup_filtered,12,-0.0015139223542064428,-0.0006793235661461949,-0.0008345987880602479,0.0008345987880602479,6.965551370316346e-07
36,merged_z_p0p022_dedup_filtered,13,-0.0021875742822885513,-0.0010180397657677531,-0.0011695345165207982,0.0011695345165207982,1.3678109853335372e-06
36,merged_z_p0p022_dedup_filtered,14,-0.0019095627358183265,-0.0009567463421262801,-0.0009528163936920464,0.0009528163936920464,9.078590800883168e-07
36,merged_z_p0p022_dedup_filtered,15,-0.0013292712392285466,-0.000638460973277688,-0.0006908102659508586,0.0006908102659508586,4.77218823543096e-07
36,merged_z_p0p022_dedup_filtered,16,-0.0011120783165097237,-0.0005975988460704684,-0.0005144794704392552,0.0005144794704392552,2.646891255034565e-07
36,merged_z_p0p022_dedup_filtered,17,-0.0004666736349463463,0.0068461778573691845,-0.007312851492315531,0.007312851492315531,5.3477796948661485e-05
36,merged_z_p0p022_dedup_filtered,18,-0.00043353039654903114,-4.381816864906796e-08,-0.00043348657838038207,0.00043348657838038207,1.8791061363593113e-07
36,merged_z_p0p022_dedup_filtered,19,-0.0005299825570546091,-3.940547443903597e-08,-0.00052994315158017,0.00052994315158017,2.808397439067231e-07
36,merged_z_p0p022_dedup_filtered,20,-0.0006047917995601892,-3.528859693346931e-08,-0.0006047565109632558,0.0006047565109632558,3.657304375524505e-07
36,merged_z_p0p022_dedup_filtered,21,-0.0006440934957936406,-3.133590809056841e-08,-0.00064406215988555,0.00064406215988555,4.1481606579643985e-07
36,merged_z_p0p022_dedup_filtered,22,-0.0006411965005099773,-2.7436634297828277e-08,-0.0006411690638756795,0.0006411690638756795,4.110977684712152e-07
36,merged_z_p0p022_dedup_filtered,23,-0.0005980802234262228,-2.3607100274603e-08,-0.0005980566163259482,0.0005980566163259482,3.5767171633124243e-07
36,merged_z_p0p022_dedup_filtered,24,-0.0005250346730463207,-1.99208045614796e-08,-0.0005250147522417592,0.0005250147522417592,2.756404900714758e-07
36,merged_z_p0p022_dedup_filtered,25,-0.00043851250666193664,-1.6569588368042787e-08,-0.0004384959370735686,0.0004384959370735686,1.9227868683002704e-07
36,merged_z_p0p022_dedup_filtered,26,-0.0003576452727429569,-1.3542215349104936e-08,-0.00035763173052760777,0.00035763173052760777,1.2790045468017146e-07
36,merged_z_p0p022_dedup_filtered,27,-0.0003001716686412692,-1.0667145389220423e-08,-0.00030016100149588,0.00030016100149588,9.009662681900967e-08
36,merged_z_p0p022_dedup_filtered,28,-0.00027865072479471564,-7.969680915209665e-09,-0.00027864275511380043,0.00027864275511380043,7.764178497740936e-08
36,merged_z_p0p022_dedup_filtered,29,0.00018428964540362358,9.47217849898152e-05,8.956786041380838e-05,8.956786041380838e-05,8.022401619107461e-09
36,merged_z_p0p022_dedup_filtered,30,-0.0002653073752298951,0.00021143874619156122,-0.00047674612142145634,0.00047674612142145634,2.27286864290402e-07
36,merged_z_p0p022_dedup_filtered,31,-0.0003171891439706087,0.00025207229191437364,-0.0005692614358849823,0.0005692614358849823,3.2405858238583187e-07
36,merged_z_p0p022_dedup_filtered,32,-0.0007143627153709531,0.00037894511478953063,-0.0010933078301604837,0.0010933078301604837,1.1953220114902251e-06
36,merged_z_p0p022_dedup_filtered,33,-0.0006656043115071952,0.00044645601883530617,-0.0011120603303425014,0.0011120603303425014,1.2366781783214733e-06
36,merged_z_p0p022_dedup_filtered,34,-0.0007998900837264955,0.0004891888820566237,-0.0012890789657831192,0.0012890789657831192,1.6617245800244762e-06
36,merged_z_p0p022_dedup_filtered,35,-0.0005083568976260722,0.0003336321096867323,-0.0008419890073128045,0.0008419890073128045,7.089454884356019e-07
36,merged_z_p0p022_dedup_filtered,36,-0.0005986161413602531,0.00037446481292136014,-0.0009730809542816132,0.0009730809542816132,9.468865435856151e-07
36,merged_z_p0p022_dedup_filtered,37,-0.000650579109787941,0.0004153090703766793,-0.0010658881801646203,0.0010658881801646203,1.136117612614646e-06
36,merged_z_p0p022_dedup_filtered,38,-0.0007788923103362322,0.0006241575465537608,-0.001403049856889993,0.001403049856889993,1.9685489009190297e-06
36,merged_z_p0p022_dedup_filtered,39,-0.0006450035143643618,0.0004561584210023284,-0.0011011619353666902,0.0011011619353666902,1.2125576079005147e-06
36,merged_z_p0p022_dedup_filtered,40,-0.000573303026612848,0.0004970102454535663,-0.0010703132720664144,0.0010703132720664144,1.1455705003615143e-06
36,merged_z_p0p022_dedup_filtered,41,-0.0004393882118165493,0.0005378634086810052,-0.0009772516204975545,0.0009772516204975545,9.550207297650964e-07
36,merged_z_p0p022_dedup_filtered,42,-0.0002588698989711702,0.0005787170375697315,-0.0008375869365409017,0.0008375869365409017,7.015518762639724e-07
36,merged_z_p0p022_dedup_filtered,43,-5.582479207077995e-05,0.0006195716559886932,-0.0006753964480594732,0.0006753964480594732,4.5616036205135266e-07
36,merged_z_p0p022_dedup_filtered,44,0.00014216473209671676,0.0006604263326153159,-0.0005182616005185992,0.0005182616005185992,2.6859508657210005e-07
36,merged_z_p0p022_dedup_filtered,45,0.0003096097498200834,0.0007012812420725822,-0.00039167149225249887,0.00039167149225249887,1.5340655784329928e-07
36,merged_z_p0p022_dedup_filtered,46,0.0004281437140889466,0.0007421369664371014,-0.0003139932523481548,0.0003139932523481548,9.859176252017201e-08
36,merged_z_p0p022_dedup_filtered,47,0.000489907106384635,0.0007829946698620915,-0.00029308756347745657,0.00029308756347745657,8.590031986515213e-08
36,merged_z_p0p022_dedup_filtered,48,0.0004985812702216208,0.0008238583686761558,-0.000325277098454535,0.000325277098454535,1.0580519077900126e-07
36,merged_z_p0p022_dedup_filtered,49,0.0004678861005231738,0.0008647360373288393,-0.0003968499368056655,0.0003968499368056655,1.574898723426607e-07
36,merged_z_p0p022_dedup_filtered,50,0.0004179142997600138,0.0009056436247192323,-0.0004877293249592185,0.0004877293249592185,2.3787989442517496e-07
36,merged_z_p0p022_dedup_filtered,51,0.00037014472763985395,0.0009466128540225327,-0.0005764681263826787,0.0005764681263826787,3.323155007351561e-07
36,merged_z_p0p022_dedup_filtered,52,0.00034226669231429696,0.0009877001866698265,-0.0006454334943555295,0.0006454334943555295,4.165843956359894e-07
36,merged_z_p0p022_dedup_filtered,53,0.00047998488298617303,0.0014846447156742215,-0.0010046598326880485,0.0010046598326880485,1.0093413794167776e-06
36,merged_z_p0p022_dedup_filtered,54,0.0005802048253826797,0.0013856397708877921,-0.0008054349455051124,0.0008054349455051124,6.487254514408234e-07
36,merged_z_p0p022_dedup_filtered,55,1.5297373465728015e-05,0.00046105115325190127,-0.00044575377978617325,0.00044575377978617325,1.9869643219366024e-07
36,merged_z_p0p022_dedup_filtered,56,4.924644599668682e-06,0.0004815375432372093,-0.00047661289863754064,0.00047661289863754064,2.271598551476786e-07
36,merged_z_p0p022_dedup_filtered,57,1.3614771887660027e-07,0.0005020664539188147,-0.0005019303061999381,0.0005019303061999381,2.519340322819636e-07
36,merged_z_p0p022_dedup_filtered,58,-0.00041860691271722317,-8.765365322460639e-08,-0.00041851925906399856,0.00041851925906399856,1.7515837020747834e-07
36,merged_z_p0p022_dedup_filtered,59,-0.0003884409088641405,-8.278884422452393e-08,-0.000388358120019916,0.000388358120019916,1.5082202938540348e-07
36,merged_z_p0p022_dedup_filtered,60,-0.00033452699426561594,-7.802069035278691e-08,-0.00033444897357526315,0.00033444897357526315,1.1185611592554706e-07
36,merged_z_p0p022_dedup_filtered,61,-0.0002705550577957183,-7.334247698054241e-08,-0.00027048171531873777,0.00027048171531873777,7.31603583217667e-08
36,merged_z_p0p022_dedup_filtered,62,-0.000213245686609298,-6.88823433847574e-08,-0.00021317680426591323,0.00021317680426591323,4.5444349877027484e-08
36,merged_z_p0p022_dedup_filtered,63,-0.0001785399654181674,-6.451631406889646e-08,-0.00017847544910409852,0.00017847544910409852,3.185348593290966e-08
36,merged_z_p0p022_dedup_filtered,64,-0.00017792489961721003,-6.008493613762766e-08,-0.0001778648146810724,0.0001778648146810724,3.1635892301532226e-08
36,merged_z_p0p022_dedup_filtered,65,-0.00021571267279796302,-5.5533046605660275e-08,-0.00021565713975135736,0.00021565713975135736,4.650800192573648e-08
36,merged_z_p0p022_dedup_filtered,66,-0.0002878835948649794,-5.0840792908957155e-08,-0.00028783275407207043,0.00028783275407207043,8.284769431671298e-08
36,merged_z_p0p022_dedup_filtered,67,-0.00046149903209879994,-0.0003287561412435025,-0.00013274289085529745,0.00013274289085529745,1.762067507262141e-08
36,merged_z_p0p022_dedup_filtered,68,-0.0004867161042056978,-0.0003491897659841925,-0.00013752633822150528,0.00013752633822150528,1.8913493704615865e-08
36,merged_z_p0p022_dedup_filtered,69,-0.0005318729672580957,-0.00036962368176318705,-0.0001622492854949087,0.0001622492854949087,2.6324830643608388e-08
36,merged_z_p0p022_dedup_filtered,70,-0.0005916853551752865,-0.00039005829603411257,-0.00020162705914117396,0.00020162705914117396,4.065347097791846e-08
36,merged_z_p0p022_dedup_filtered,71,-0.0006591887795366347,-0.00041049456922337413,-0.00024869421031326056,0.00024869421031326056,6.184881024333627e-08
36,merged_z_p0p022_dedup_filtered,72,-0.000726489641238004,-0.00043093538261018693,-0.00029555425862781703,0.00029555425862781703,8.735231979303856e-08
36,merged_z_p0p022_dedup_filtered,73,-0.0007856670417822897,-0.00045138722634874284,-0.0003342798154335469,0.0003342798154335469,1.1174299500628618e-07
36,merged_z_p0p022_dedup_filtered,74,-0.0008297130116261542,-0.000471863808343187,-0.0003578492032829672,0.0003578492032829672,1.280560522902544e-07
36,merged_z_p0p022_dedup_filtered,75,-0.0008533860091120005,-0.0004923840169794858,-0.0003610019921325147,0.0003610019921325147,1.3032243832364422e-07
36,merged_z_p0p022_dedup_filtered,76,-0.001227390835992992,-0.0009862297447398305,-0.00024116109125316143,0.00024116109125316143,5.8158671934415655e-08
36,merged_z_p0p022_dedup_filtered,77,-0.0012864855816587806,-0.0009451392688788474,-0.0003413463127799332,0.0003413463127799332,1.16517305248456e-07
36,merged_z_p0p022_dedup_filtered,78,2.2697353415424004e-05,0.0004405994259286672,-0.0004179020725132432,0.0004179020725132432,1.7464214221086395e-07
36,merged_z_p0p022_dedup_filtered,79,1.576053909957409e-05,0.0004201637639198452,-0.00040440322482027113,0.00040440322482027113,1.6354196824503476e-07
36,merged_z_p0p022_dedup_filtered,80,-1.6339457943104208e-05,0.0003997348539996892,-0.00041607431194279343,0.00041607431194279343,1.7311783305866897e-07
36,merged_z_p0p022_dedup_filtered,81,-8.044257992878556e-05,0.00037930873804725707,-0.00045975131797604263,0.00045975131797604263,2.1137127438070826e-07
36,merged_z_p0p022_dedup_filtered,82,-0.0001767048961482942,0.00035888361162506044,-0.0005355885077733546,0.0005355885077733546,2.868550496588888e-07
36,merged_z_p0p022_dedup_filtered,83,-0.0002973544178530574,0.0003384589799679816,-0.000635813397821039,0.000635813397821039,4.0425867684873475e-07
36,merged_z_p0p022_dedup_filtered,84,-0.00042728756670840085,0.0003180345520377159,-0.0007453221187461168,0.0007453221187461168,5.555050606922006e-07
36,merged_z_p0p022_dedup_filtered,85,-0.0005464769201353192,0.00029760986217297614,-0.0008440867823082954,0.0008440867823082954,7.124824960675716e-07
36,merged_z_p0p022_dedup_filtered,86,-0.0006337479571811855,0.00027718511410057545,-0.0009109330712817609,0.0009109330712817609,8.297990603548217e-07
36,merged_z_p0p022_dedup_filtered,87,-0.0006711529567837715,0.00025676030782051384,-0.0009279132646042854,0.0009279132646042854,8.610230266285825e-07
36,merged_z_p0p022_dedup_filtered,88,-0.0006480070878751576,0.00023633554519619793,-0.0008843426330713555,0.0008843426330713555,7.820618926675781e-07
36,merged_z_p0p022_dedup_filtered,89,-0.0005636882269755006,0.0002159112336812541,-0.0007795994606567547,0.0007795994606567547,6.077753190563028e-07
36,merged_z_p0p022_dedup_filtered,90,-0.00042853824561461806,0.0001954879699042067,-0.0006240262155188248,0.0006240262155188248,3.894087176547467e-07
36,merged_z_p0p022_dedup_filtered,91,-0.0002625900087878108,0.0001750672236084938,-0.0004376572323963046,0.0004376572323963046,1.9154385306879298e-07
36,merged_z_p0p022_dedup_filtered,92,-9.229641000274569e-05,0.0001546525745652616,-0.0002469489845680073,0.0002469489845680073,6.09838009791699e-08
36,merged_z_p0p022_dedup_filtered,93,5.4138894483912736e-05,0.00013425250654108822,-8.011361205717549e-05,8.011361205717549e-05,6.418190836847614e-09
36,merged_z_p0p022_dedup_filtered,94,-0.0009786852169781923,-0.0001346870994893834,-0.0008439981174888089,0.0008439981174888089,7.123328223246533e-07
36,merged_z_p0p022_dedup_filtered,95,-0.0010113733587786555,-0.00011431432358222082,-0.0008970590351964347,0.0008970590351964347,8.047149126275582e-07
36,merged_z_p0p022_dedup_filtered,96,-0.0011063748970627785,-0.00023012967722024769,-0.0008762452198425308,0.0008762452198425308,7.678056852968851e-07
36,merged_z_p0p022_dedup_filtered,97,-0.0009612649446353316,-0.00034439569571986794,-0.0006168692489154637,0.0006168692489154637,3.805276702575283e-07
36,merged_z_p0p022_dedup_filtered,98,-0.0008496117079630494,-0.00040538940811529756,-0.00044422229984775186,0.00044422229984775186,1.9733345168202596e-07
36,merged_z_p0p022_dedup_filtered,99,-0.0010107136331498623,-0.0002708356478251517,-0.0007398779853247106,0.0007398779853247106,5.474194331681527e-07
36,merged_z_p0p022_dedup_filtered,100,-0.0008774984744377434,-0.000311625306494534,-0.0005658731679432094,0.0005658731679432094,3.202124421980837e-07
36,merged_z_p0p022_dedup_filtered,101,-0.0006998282624408603,-0.00046654770267196,-0.00023328055976890028,0.00023328055976890028,5.4419819566091454e-08
36,merged_z_p0p022_dedup_filtered,102,-0.0005579758435487747,-0.0005277741001918912,-3.0201743356883526e-05,3.0201743356883526e-05,9.121453017950582e-10
36,merged_z_p0p022_dedup_filtered,103,-0.0007392904371954501,-0.0003524541389197111,-0.00038683629827573895,0.00038683629827573895,1.4964232166367648e-07
36,merged_z_p0p022_dedup_filtered,104,-0.0006311165052466094,-0.00039330110303126276,-0.0002378154022153467,0.0002378154022153467,5.6556165530847125e-08
36,merged_z_p0p022_dedup_filtered,105,-0.0004727690538857132,-0.0005890292231924832,0.00011626016930676997,0.00011626016930676997,1.3516426967238818e-08
36,merged_z_p0p022_dedup_filtered,106,-0.0004840568290092051,-0.0006503114709630609,0.00016625464195385575,0.00016625464195385575,2.7640605971204773e-08
36,merged_z_p0p022_dedup_filtered,107,-0.0005827967543154955,-0.000434155750554055,-0.00014864100376144052,0.00014864100376144052,2.2094147999208573e-08
36,merged_z_p0p022_dedup_filtered,108,-0.0006983369239605963,0.0026605811435729265,-0.003358918067533523,0.003358918067533523,1.1282330584403136e-05
36,merged_z_p0p022_dedup_filtered,109,-0.0007815728895366192,-0.000195943663129583,-0.0005856292264070362,0.0005856292264070362,3.4296159082210365e-07
36,merged_z_p0p022_dedup_filtered,110,-0.0008591116638854146,-0.00017551530618220568,-0.0006835963577032089,0.0006835963577032089,4.6730398026509357e-07
36,merged_z_p0p022_dedup_filtered,111,-0.0009265896514989436,-0.0001550936867715791,-0.0007714959647273645,0.0007714959647273645,5.952060235906068e-07
36,merged_z_p0p022_dedup_filtered,112,-0.0011415042681619525,-0.00018960496527142823,-0.0009518993028905243,0.0009518993028905243,9.061122828434661e-07
36,merged_z_p0p022_dedup_filtered,113,-0.0006123852217569947,-0.00047501467633992434,-0.0001373705454170704,0.0001373705454170704,1.88706667481834e-08
36,merged_z_p0p022_dedup_filtered,114,-0.0006130983238108456,-0.0007115888292901218,9.849050547927618e-05,9.849050547927618e-05,9.700379669563331e-09
36,merged_z_p0p022_dedup_filtered,115,-0.0008568339399062097,-0.0007728756172582507,-8.3958322647959e-05,8.3958322647959e-05,7.048999941858784e-09
36,merged_z_p0p022_dedup_filtered,116,-0.00072214420652017,-0.0005158754647709429,-0.00020626874174922705,0.00020626874174922705,4.254679382280932e-08
36,merged_z_p0p022_dedup_filtered,117,-0.0008979245903901756,-0.0005567368352785707,-0.00034118775511160493,0.00034118775511160493,1.164090842380965e-07
36,merged_z_p0p022_dedup_filtered,118,-0.0011874774936586618,-0.0008341713109984994,-0.00035330618266016245,0.00035330618266016245,1.2482525870589607e-07
36,merged_z_p0p022_dedup_filtered,119,-0.0015575849683955312,-0.0008954599034041166,-0.0006621250649914145,0.0006621250649914145,4.3840960168988494e-07
36,merged_z_p0p022_dedup_filtered,120,-0.0004999879747629166,-0.00027767239953391254,-0.00022231557522900403,0.00022231557522900403,4.942421498940295e-08
36,merged_z_p0p022_dedup_filtered,121,-0.0005531160859391093,-0.00025723950238898396,-0.00029587658355012536,0.00029587658355012536,8.754295269329431e-08
36,merged_z_p0p022_dedup_filtered,122,-0.00039803344407118857,0.000771452090702951,-0.0011694855347741395,0.0011694855347741395,1.367696416045955e-06
36,merged_z_p0p022_dedup_filtered,123,-0.00011286766675766557,0.0008390358416363597,-0.0009519035083940253,0.0009519035083940253,9.061202892928541e-07
36,merged_z_p0p022_dedup_filtered,124,0.00043285556603223085,0.0009618177427910268,-0.000528962176758796,0.000528962176758796,2.798009844414037e-07
36,merged_z_p0p022_dedup_filtered,125,0.0007852496346458793,0.0010490822605788708,-0.0002638326259329915,0.0002638326259329915,6.960765450669782e-08
36,merged_z_p0p022_dedup_filtered,126,0.0008607970084995031,0.012324083596467972,-0.011463286587968469,0.011463286587968469,0.00013140693939789778
36,merged_z_p0p022_dedup_filtered,127,0.0008526245364919305,0.0011778248008340597,-0.00032520026434212923,0.00032520026434212923,1.0575521192819073e-07
37,merged_z_p0p024_dedup_filtered,0,-0.0014292577980086207,-0.001447714283131063,1.8456485122442245e-05,1.8456485122442245e-05,3.4064184307493195e-10
37,merged_z_p0p024_dedup_filtered,1,-0.0015976127469912171,-0.001375006278976798,-0.00022260646801441908,0.00022260646801441908,4.9553639601854584e-08
37,merged_z_p0p024_dedup_filtered,2,-0.0018356363289058208,-0.0013246310409158468,-0.000511005287989974,0.000511005287989974,2.611264043537163e-07
37,merged_z_p0p024_dedup_filtered,3,-0.0014514918439090252,-0.0008837009663693607,-0.0005677908775396645,0.0005677908775396645,3.223864806172623e-07
37,merged_z_p0p024_dedup_filtered,4,-0.001577354734763503,-0.0008428021101281047,-0.0007345526246353984,0.0007345526246353984,5.395675583587525e-07
37,merged_z_p0p024_dedup_filtered,5,-0.0020872459281235933,-0.001263270853087306,-0.0008239750750362873,0.0008239750750362873,6.789349242810553e-07
37,merged_z_p0p024_dedup_filtered,6,-0.0022926495876163244,-0.0012019394198432565,-0.001090710167773068,0.001090710167773068,1.189648670083554e-06
37,merged_z_p0p024_dedup_filtered,7,-0.0016711372882127762,-0.0008019231609068811,-0.0008692141273058951,0.0008692141273058951,7.555331991081488e-07
37,merged_z_p0p024_dedup_filtered,8,-0.0017036813078448176,-0.0007610530010424554,-0.0009426283068023622,0.0009426283068023622,8.885481247850883e-07
37,merged_z_p0p024_dedup_filtered,9,-0.0023996972013264894,-0.0011406324338167906,-0.0012590647675096989,0.0012590647675096989,1.585244088784252e-06
37,merged_z_p0p024_dedup_filtered,10,-0.002375175943598151,-0.0010793345281854272,-0.001295841415412724,0.001295841415412724,1.679204973898852e-06
37,merged_z_p0p024_dedup_filtered,11,-0.0016578545328229666,-0.0007201872649602592,-0.0009376672678627074,0.0009376672678627074,8.792199052211142e-07
37,merged_z_p0p024_dedup_filtered,12,-0.0015326081775128841,-0.0006793235661461949,-0.0008532846113666892,0.0008532846113666892,7.280946279952018e-07
37,merged_z_p0p024_dedup_filtered,13,-0.0022117551416158676,-0.0010180397657677531,-0.0011937153758481145,0.0011937153758481145,1.4249563985362052e-06
37,merged_z_p0p024_dedup_filtered,14,-0.0019294111989438534,-0.0009567463421262801,-0.0009726648568175733,0.0009726648568175733,9.460769236879504e-07
37,merged_z_p0p024_dedup_filtered,15,-0.0013435408473014832,-0.000638460973277688,-0.0007050798740237951,0.0007050798740237951,4.971376287534108e-07
37,merged_z_p0p024_dedup_filtered,16,-0.0011198377469554543,-0.0005975988460704684,-0.0005222389008849859,0.0005222389008849859,2.7273346959755815e-07
37,merged_z_p0p024_dedup_filtered,17,-0.00046940892934799194,0.007468559313565493,-0.007937968242913485,0.007937968242913485,6.3011339825503e-05
37,merged_z_p0p024_dedup_filtered,18,-0.00044337575673125684,-4.381816864906796e-08,-0.0004433319385626078,0.0004433319385626078,1.9654320774967982e-07
37,merged_z_p0p024_dedup_filtered,19,-0.000542428286280483,-3.940547443903597e-08,-0.000542388880806044,0.000542388880806044,2.94185698022033e-07
37,merged_z_p0p024_dedup_filtered,20,-0.0006185542442835867,-3.528859693346931e-08,-0.0006185189556866533,0.0006185189556866533,3.8256569854370815e-07
37,merged_z_p0p024_dedup_filtered,21,-0.0006575266015715897,-3.133590809056841e-08,-0.0006574952656634991,0.0006574952656634991,4.3230002436991534e-07
37,merged_z_p0p024_dedup_filtered,22,-0.0006525750504806638,-2.7436634297828277e-08,-0.000652547613846366,0.000652547613846366,4.258183883365859e-07
37,merged_z_p0p024_dedup_filtered,23,-0.0006059182924218476,-2.3607100274603e-08,-0.000605894685321573,0.000605894685321573,3.6710836970092794e-07
37,merged_z_p0p024_dedup_filtered,24,-0.0005283767241053283,-1.99208045614796e-08,-0.0005283568033007668,0.0005283568033007668,2.7916091159420525e-07
37,merged_z_p0p024_dedup_filtered,25,-0.0004371346440166235,-1.6569588368042787e-08,-0.00043711807442825545,0.00043711807442825545,1.9107221099186587e-07
37,merged_z_p0p024_dedup_filtered,26,-0.00035212404327467084,-1.3542215349104936e-08,-0.00035211050105932173,0.00035211050105932173,1.239818049562466e-07
37,merged_z_p0p024_dedup_filtered,27,-0.0002918032696470618,-1.0667145389220423e-08,-0.0002917926025016726,0.0002917926025016726,8.514292287469911e-08
37,merged_z_p0p024_dedup_filtered,28,-0.0002692322595976293,-7.969680915209665e-09,-0.0002692242899167141,0.0002692242899167141,7.248171828115892e-08
37,merged_z_p0p024_dedup_filtered,29,0.00019826393690891564,9.47217849898152e-05,0.00010354215191910043,0.00010354215191910043,1.0720977224038074e-08
37,merged_z_p0p024_dedup_filtered,30,-0.0002692426787689328,0.00021143874619156122,-0.00048068142496049404,0.00048068142496049404,2.3105463230205106e-07
37,merged_z_p0p024_dedup_filtered,31,-0.0003213472373317927,0.00025207229191437364,-0.0005734195292461663,0.0005734195292461663,3.28809956520895e-07
37,merged_z_p0p024_dedup_filtered,32,-0.000729140592738986,0.00037894511478953063,-0.0011080857075285167,0.0011080857075285167,1.2278539352289733e-06
37,merged_z_p0p024_dedup_filtered,33,-0.0006747390143573284,0.00048704311484470963,-0.001161782129202038,0.001161782129202038,1.349737715733221e-06
37,merged_z_p0p024_dedup_filtered,34,-0.000805573130492121,0.0004891888820566237,-0.0012947620125487447,0.0012947620125487447,1.6764086691392757e-06
37,merged_z_p0p024_dedup_filtered,35,-0.00051338248886168,0.0003336321096867323,-0.0008470145985484123,0.0008470145985484123,7.174337301541281e-07
37,merged_z_p0p024_dedup_filtered,36,-0.0006041014567017555,0.00037446481292136014,-0.0009785662696231157,0.0009785662696231157,9.575919440441003e-07
37,merged_z_p0p024_dedup_filtered,37,-0.000656391610391438,0.0004153090703766793,-0.0010717006807681173,0.0010717006807681173,1.148542349158846e-06
37,merged_z_p0p024_dedup_filtered,38,-0.0007730170618742704,0.0006241575465537608,-0.0013971746084280312,0.0013971746084280312,1.9520968864360223e-06
37,merged_z_p0p024_dedup_filtered,39,-0.0006509014638140798,0.0004561584210023284,-0.0011070598848164082,0.0011070598848164082,1.225581588569719e-06
37,merged_z_p0p024_dedup_filtered,40,-0.000578955456148833,0.0004970102454535663,-0.0010759657016023993,0.0010759657016023993,1.1577021910247435e-06
37,merged_z_p0p024_dedup_filtered,41,-0.00044440681813284755,0.0005378634086810052,-0.0009822702268138528,0.0009822702268138528,9.648547984849378e-07
37,merged_z_p0p024_dedup_filtered,42,-0.00026284801424480975,0.0005787170375697315,-0.0008415650518145412,0.0008415650518145412,7.082317364356114e-07
37,merged_z_p0p024_dedup_filtered,43,-5.837809294462204e-05,0.0006195716559886932,-0.0006779497489333153,0.0006779497489333153,4.596158620787452e-07
37,merged_z_p0p024_dedup_filtered,44,0.00014136009849607944,0.0006604263326153159,-0.0005190662341192365,0.0005190662341192365,2.69429755402726e-07
37,merged_z_p0p024_dedup_filtered,45,0.0003107859520241618,0.0007012812420725822,-0.00039049529004842043,0.00039049529004842043,1.5248657155e-07
37,merged_z_p0p024_dedup_filtered,46,0.0004314196412451565,0.0007421369664371014,-0.00031071732519194484,0.00031071732519194484,9.65452561744368e-08
37,merged_z_p0p024_dedup_filtered,47,0.0004952773451805115,0.0007829946698620915,-0.00028771732468158007,0.00028771732468158007,8.278125892192576e-08
37,merged_z_p0p024_dedup_filtered,48,0.0005059158429503441,0.0008238583686761558,-0.0003179425257258117,0.0003179425257258117,1.0108744966490845e-07
37,merged_z_p0p024_dedup_filtered,49,0.0004769393999595195,0.0008647360373288393,-0.0003877966373693198,0.0003877966373693198,1.5038623195495172e-07
37,merged_z_p0p024_dedup_filtered,50,0.00042834103805944324,0.0009056436247192323,-0.0004773025866597891,0.0004773025866597891,2.2781775923212547e-07
37,merged_z_p0p024_dedup_filtered,51,0.0003815219388343394,0.0009466128540225327,-0.0005650909151881933,0.0005650909151881933,3.193277424282299e-07
37,merged_z_p0p024_dedup_filtered,52,0.00035411829594522715,0.0009877001866698265,-0.0006335818907245994,0.0006335818907245994,4.0142601225415817e-07
37,merged_z_p0p024_dedup_filtered,53,0.0005112295038998127,0.0014846447156742215,-0.0009734152117744088,0.0009734152117744088,9.475371745138172e-07
37,merged_z_p0p024_dedup_filtered,54,0.0006065295310690999,0.0013856397708877921,-0.0007791102398186922,0.0007791102398186922,6.070127657903401e-07
37,merged_z_p0p024_dedup_filtered,55,8.130788046400994e-06,0.00046105115325190127,-0.0004529203652055003,0.0004529203652055003,2.0513685721788374e-07
37,merged_z_p0p024_dedup_filtered,56,-5.169349606148899e-06,0.0004815375432372093,-0.0004867068928433582,0.0004867068928433582,2.3688359954123618e-07
37,merged_z_p0p024_dedup_filtered,57,-1.1087380698882043e-05,0.0005020664539188147,-0.0005131538346176967,0.0005131538346176967,2.633268579828464e-07
37,merged_z_p0p024_dedup_filtered,58,-0.00041730666998773813,-8.765365322460639e-08,-0.0004172190163345135,0.0004172190163345135,1.7407170759113907e-07
37,merged_z_p0p024_dedup_filtered,59,-0.0003866935439873487,-8.278884422452393e-08,-0.00038661075514312415,0.00038661075514312415,1.494678759923367e-07
37,merged_z_p0p024_dedup_filtered,60,-0.00033205957151949406,-7.802069035278691e-08,-0.00033198155082914127,0.00033198155082914127,1.1021175009092171e-07
37,merged_z_p0p024_dedup_filtered,61,-0.00026743431226350367,-7.334247698054241e-08,-0.00026736096978652313,0.00026736096978652313,7.148188816519013e-08
37,merged_z_p0p024_dedup_filtered,62,-0.0002099356206599623,-6.88823433847574e-08,-0.00020986673831657754,0.00020986673831657754,4.4044047851638833e-08
37,merged_z_p0p024_dedup_filtered,63,-0.00017584956367500126,-6.451631406889646e-08,-0.00017578504736093237,0.00017578504736093237,3.0900382875685234e-08
37,merged_z_p0p024_dedup_filtered,64,-0.00017685322382021695,-6.008493613762766e-08,-0.00017679313888407933,0.00017679313888407933,3.125581395648536e-08
37,merged_z_p0p024_dedup_filtered,65,-0.00021722332166973501,-5.5533046605660275e-08,-0.00021716778862312935,0.00021716778862312935,4.716184841546019e-08
37,merged_z_p0p024_dedup_filtered,66,-0.0002926590386778116,-5.0840792908957155e-08,-0.00029260819788490267,0.00029260819788490267,8.561955746945036e-08
37,merged_z_p0p024_dedup_filtered,67,-0.0004691797657869756,-0.0003287561412435025,-0.00014042362454347312,0.00014042362454347312,1.9718794329926308e-08
37,merged_z_p0p024_dedup_filtered,68,-0.0004955729236826301,-0.0003491897659841925,-0.00014638315769843757,0.00014638315769843757,2.1428028857765643e-08
37,merged_z_p0p024_dedup_filtered,69,-0.0005396020133048296,-0.00036962368176318705,-0.00016997833154164255,0.00016997833154164255,2.8892633193680553e-08
37,merged_z_p0p024_dedup_filtered,70,-0.0005959973786957562,-0.00039005829603411257,-0.00020593908266164362,0.00020593908266164362,4.2410905767519286e-08
37,merged_z_p0p024_dedup_filtered,71,-0.0006582739879377186,-0.00041049456922337413,-0.0002477794187143445,0.0002477794187143445,6.139464033841845e-08
37,merged_z_p0p024_dedup_filtered,72,-0.0007194026838988066,-0.00043093538261018693,-0.00028846730128861964,0.00028846730128861964,8.321338391273926e-08
37,merged_z_p0p024_dedup_filtered,73,-0.0007725487230345607,-0.00045138722634874284,-0.00032116149668581784,0.00032116149668581784,1.0314470695347458e-07
37,merged_z_p0p024_dedup_filtered,74,-0.0008117991383187473,-0.000471863808343187,-0.0003399353299755603,0.0003399353299755603,1.1555602856559307e-07
37,merged_z_p0p024_dedup_filtered,75,-0.0008327980758622289,-0.0004923840169794858,-0.0003404140588827431,0.0003404140588827431,1.158817314850237e-07
37,merged_z_p0p024_dedup_filtered,76,-0.0012154695577919483,-0.0009862297447398305,-0.00022923981305211782,0.00022923981305211782,5.255089188816993e-08
37,merged_z_p0p024_dedup_filtered,77,-0.0012776607181876898,-0.0009451392688788474,-0.0003325214493088424,0.0003325214493088424,1.1057051425045306e-07
37,merged_z_p0p024_dedup_filtered,78,1.9477080059004948e-05,0.0004405994259286672,-0.00042112234586966224,0.00042112234586966224,1.7734403019076742e-07
37,merged_z_p0p024_dedup_filtered,79,1.6428253729827702e-05,0.0004201637639198452,-0.0004037355101900175,0.0004037355101900175,1.6300236218839374e-07
37,merged_z_p0p024_dedup_filtered,80,-1.2962002074345946e-05,0.0003997348539996892,-0.00041269685607403517,0.00041269685607403517,1.703186950133929e-07
37,merged_z_p0p024_dedup_filtered,81,-7.642596028745174e-05,0.00037930873804725707,-0.0004557346983347088,0.0004557346983347088,2.0769411526622804e-07
37,merged_z_p0p024_dedup_filtered,82,-0.00017456113710068166,0.00035888361162506044,-0.0005334447487257421,0.0005334447487257421,2.8456329994307013e-07
37,merged_z_p0p024_dedup_filtered,83,-0.00029946124413982034,0.0003384589799679816,-0.0006379202241078019,0.0006379202241078019,4.069422123257482e-07
37,merged_z_p0p024_dedup_filtered,84,-0.0004353160911705345,0.0003180345520377159,-0.0007533506432082504,0.0007533506432082504,5.675371916222846e-07
37,merged_z_p0p024_dedup_filtered,85,-0.0005609531071968377,0.00029760986217297614,-0.0008585629693698138,0.0008585629693698138,7.371303723731118e-07
37,merged_z_p0p024_dedup_filtered,86,-0.0006538506713695824,0.00027718511410057545,-0.0009310357854701579,0.0009310357854701579,8.668276338260338e-07
37,merged_z_p0p024_dedup_filtered,87,-0.0006948014488443732,0.00025676030782051384,-0.0009515617566648871,0.0009515617566648871,9.054697767471658e-07
37,merged_z_p0p024_dedup_filtered,88,-0.0006722272373735905,0.00023633554519619793,-0.0009085627825697884,0.0009085627825697884,8.254863298709566e-07
37,merged_z_p0p024_dedup_filtered,89,-0.0005851869937032461,0.0002159112336812541,-0.0008010982273845002,0.0008010982273845002,6.417583699185884e-07
37,merged_z_p0p024_dedup_filtered,90,-0.0004443677025847137,0.0001954879699042067,-0.0006398556724889204,0.0006398556724889204,4.0941528161624855e-07
37,merged_z_p0p024_dedup_filtered,91,-0.0002707614912651479,0.0001750672236084938,-0.00044582871487364173,0.00044582871487364173,1.9876324300588293e-07
37,merged_z_p0p024_dedup_filtered,92,-9.221355139743537e-05,0.0001546525745652616,-0.00024686612596269697,0.00024686612596269697,6.094288414783017e-08
37,merged_z_p0p024_dedup_filtered,93,6.152263085823506e-05,0.00013425250654108822,-7.272987568285316e-05,7.272987568285316e-05,5.289634816843276e-09
37,merged_z_p0p024_dedup_filtered,94,-0.0009755842620506883,-0.0001346870994893834,-0.0008408971625613049,0.0008408971625613049,7.071080380036536e-07
37,merged_z_p0p024_dedup_filtered,95,-0.001010108389891684,-0.00011431432358222082,-0.0008957940663094632,0.0008957940663094632,8.02447009235243e-07
37,merged_z_p0p024_dedup_filtered,96,-0.0010956284822896123,-0.00023012967722024769,-0.0008654988050693646,0.0008654988050693646,7.49088181576498e-07
37,merged_z_p0p024_dedup_filtered,97,-0.0009413846419192851,-0.00034439569571986794,-0.0005969889461994171,0.0005969889461994171,3.5639580188429054e-07
37,merged_z_p0p024_dedup_filtered,98,-0.0008293993305414915,-0.00040538940811529756,-0.00042400992242619395,0.00042400992242619395,1.7978441431586701e-07
37,merged_z_p0p024_dedup_filtered,99,-0.0009981249459087849,-0.0002708356478251517,-0.0007272892980836332,0.0007272892980836332,5.289497231069838e-07
37,merged_z_p0p024_dedup_filtered,100,-0.0008625661721453071,-0.000311625306494534,-0.000550940865650773,0.000550940865650773,3.0353583744402316e-07
37,merged_z_p0p024_dedup_filtered,101,-0.0006795135559514165,-0.00046654770267196,-0.0002129658532794565,0.0002129658532794565,4.535445466304699e-08
37,merged_z_p0p024_dedup_filtered,102,-0.0005383379175327718,-0.0005277741001918912,-1.0563817340880632e-05,1.0563817340880632e-05,1.1159423681149036e-10
37,merged_z_p0p024_dedup_filtered,103,-0.0007223992724902928,-0.0003524541389197111,-0.0003699451335705817,0.0003699451335705817,1.3685940185255552e-07
37,merged_z_p0p024_dedup_filtered,104,-0.0006135637522675097,-0.00039330110303126276,-0.00022026264923624694,0.00022026264923624694,4.8515634648569956e-08
37,merged_z_p0p024_dedup_filtered,105,-0.00045512657379731536,-0.0005890292231924832,0.00013390264939516783,0.00013390264939516783,1.792991951504524e-08
37,merged_z_p0p024_dedup_filtered,106,-0.0004700954305008054,-0.0006503114709630609,0.00018021604046225548,0.00018021604046225548,3.2477821239893304e-08
37,merged_z_p0p024_dedup_filtered,107,-0.0005665834760293365,-0.000434155750554055,-0.00013242772547528148,0.00013242772547528148,1.7537102474556515e-08
37,merged_z_p0p024_dedup_filtered,108,-0.0006882519810460508,0.002902453066781163,-0.003590705047827214,0.003590705047827214,1.2893162740491835e-05
37,merged_z_p0p024_dedup_filtered,109,-0.000771781662479043,-0.000195943663129583,-0.00057583799934946,0.00057583799934946,3.315894014947887e-07
37,merged_z_p0p024_dedup_filtered,110,-0.0008510142797604203,-0.00017551530618220568,-0.0006754989735782146,0.0006754989735782146,4.5629886330522153e-07
37,merged_z_p0p024_dedup_filtered,111,-0.000920972612220794,-0.0001550936867715791,-0.0007658789254492149,0.0007658789254492149,5.86570528447244e-07
37,merged_z_p0p024_dedup_filtered,112,-0.0011314591392874718,-0.00018960496527142823,-0.0009418541740160435,0.0009418541740160435,8.870892851114436e-07
37,merged_z_p0p024_dedup_filtered,113,-0.0005998155102133751,-0.00047501467633992434,-0.00012480083387345076,0.00012480083387345076,1.5575248135508654e-08
37,merged_z_p0p024_dedup_filtered,114,-0.0006045656045898795,-0.0007115888292901218,0.00010702322470024228,0.00010702322470024228,1.145397062523855e-08
37,merged_z_p0p024_dedup_filtered,115,-0.0008551692008040845,-0.0007728756172582507,-8.229358354583383e-05,8.229358354583383e-05,6.772233892815132e-09
37,merged_z_p0p024_dedup_filtered,116,-0.0007153175538405776,-0.0005158754647709429,-0.00019944208906963468,0.00019944208906963468,3.977714689246009e-08
37,merged_z_p0p024_dedup_filtered,117,-0.0008982355939224362,-0.0005567368352785707,-0.0003414987586438656,0.0003414987586438656,1.1662140215530116e-07
37,merged_z_p0p024_dedup_filtered,118,-0.0011934570502489805,-0.0008341713109984994,-0.00035928573925048113,0.00035928573925048113,1.2908624242876472e-07
37,merged_z_p0p024_dedup_filtered,119,-0.001571069355122745,-0.0008954599034041166,-0.0006756094517186284,0.0006756094517186284,4.564481312515457e-07
37,merged_z_p0p024_dedup_filtered,120,-0.0004982805694453418,-0.00027767239953391254,-0.00022060816991142929,0.00022060816991142929,4.8667964631670054e-08
37,merged_z_p0p024_dedup_filtered,121,-0.0005473557976074517,-0.00025723950238898396,-0.0002901162952184677,0.0002901162952184677,8.416746475128911e-08
37,merged_z_p0p024_dedup_filtered,122,-0.0003884860489051789,0.000771452090702951,-0.0011599381396081299,0.0011599381396081299,1.3454564877175694e-06
37,merged_z_p0p024_dedup_filtered,123,-0.00010513147572055459,0.0008390358416363597,-0.0009441673173569143,0.0009441673173569143,8.914519231649521e-07
37,merged_z_p0p024_dedup_filtered,124,0.00043563134386204183,0.0009618177427910268,-0.000526186398928985,0.000526186398928985,2.7687212641785295e-07
37,merged_z_p0p024_dedup_filtered,125,0.000787153490819037,0.0010490822605788708,-0.0002619287697598338,0.0002619287697598338,6.860668042790003e-08
37,merged_z_p0p024_dedup_filtered,126,0.0008651866228319705,0.013444457203149796,-0.012579270580317825,0.012579270580317825,0.00015823804833284955
37,merged_z_p0p024_dedup_filtered,127,0.0008614581311121583,0.0011778248008340597,-0.0003163666697219014,0.0003163666697219014,1.0008786971092665e-07
38,merged_z_p0p026_dedup_filtered,0,-0.0014305294025689363,-0.001447714283131063,1.7184880562126637e-05,1.7184880562126637e-05,2.953201199345579e-10
38,merged_z_p0p026_dedup_filtered,1,-0.0016020088223740458,-0.001375006278976798,-0.0002270025433972478,0.0002270025433972478,5.153015470881937e-08
38,merged_z_p0p026_dedup_filtered,2,-0.0018445586320012808,-0.0013246310409158468,-0.000519927591085434,0.000519927591085434,2.7032469997190223e-07
38,merged_z_p0p026_dedup_filtered,3,-0.0014518310781568289,-0.0008837009663693607,-0.0005681301117874682,0.0005681301117874682,3.227718239196411e-07
38,merged_z_p0p026_dedup_filtered,4,-0.0015839140396565199,-0.0008428021101281047,-0.0007411119295284152,0.0007411119295284152,5.492468920893307e-07
38,merged_z_p0p026_dedup_filtered,5,-0.002101159654557705,-0.001263270853087306,-0.0008378888014703989,0.0008378888014703989,7.020576436295015e-07
38,merged_z_p0p026_dedup_filtered,6,-0.002311014337465167,-0.0012019394198432565,-0.0011090749176219106,0.0011090749176219106,1.2300471728980477e-06
38,merged_z_p0p026_dedup_filtered,7,-0.0016833142144605517,-0.0008019231609068811,-0.0008813910535536706,0.0008813910535536706,7.768501892844495e-07
38,merged_z_p0p026_dedup_filtered,8,-0.001719767227768898,-0.0007610530010424554,-0.0009587142267264426,0.0009587142267264426,9.191329685276807e-07
38,merged_z_p0p026_dedup_filtered,9,-0.002421051263809204,-0.0011406324338167906,-0.0012804188299924135,0.0012804188299924135,1.6394723801991412e-06
38,merged_z_p0p026_dedup_filtered,10,-0.0023973998613655567,-0.0010793345281854272,-0.0013180653331801295,0.0013180653331801295,1.7372962225312459e-06
38,merged_z_p0p026_dedup_filtered,11,-0.0016753788804635406,-0.0007201872649602592,-0.0009551916155032814,0.0009551916155032814,9.123910223277685e-07
38,merged_z_p0p026_dedup_filtered,12,-0.0015488221542909741,-0.0006793235661461949,-0.0008694985881447792,0.0008694985881447792,7.560277947857644e-07
38,merged_z_p0p026_dedup_filtered,13,-0.0022324547171592712,-0.0010180397657677531,-0.0012144149513915181,0.0012144149513915181,1.4748036741632633e-06
38,merged_z_p0p026_dedup_filtered,14,-0.0019463365897536278,-0.0009567463421262801,-0.0009895902476273477,0.0009895902476273477,9.792888581991554e-07
38,merged_z_p0p026_dedup_filtered,15,-0.0013559414073824883,-0.000638460973277688,-0.0007174804341048002,0.0007174804341048002,5.147781733232126e-07
38,merged_z_p0p026_dedup_filtered,16,-0.0011266239453107119,-0.0005975988460704684,-0.0005290250992402434,0.0005290250992402434,2.798675556261494e-07
38,merged_z_p0p026_dedup_filtered,17,-0.00047211768105626106,0.00809093751013279,-0.00856305519118905,0.00856305519118905,7.332591420734975e-05
38,merged_z_p0p026_dedup_filtered,18,-0.0004517881025094539,-4.381816864906796e-08,-0.0004517442843408048,0.0004517442843408048,2.0407289843458593e-07
38,merged_z_p0p026_dedup_filtered,19,-0.0005531036294996738,-3.940547443903597e-08,-0.0005530642240252348,0.0005530642240252348,3.058800358966351e-07
38,merged_z_p0p026_dedup_filtered,20,-0.0006304077105596662,-3.528859693346931e-08,-0.0006303724219627327,0.0006303724219627327,3.973693903711615e-07
38,merged_z_p0p026_dedup_filtered,21,-0.0006691596354357898,-3.133590809056841e-08,-0.0006691282995276993,0.0006691282995276993,4.4773268122883043e-07
38,merged_z_p0p026_dedup_filtered,22,-0.0006625166861340404,-2.7436634297828277e-08,-0.0006624892494997425,0.0006624892494997425,4.388920057027321e-07
38,merged_z_p0p026_dedup_filtered,23,-0.0006128978566266596,-2.3607100274603e-08,-0.000612874249526385,0.000612874249526385,3.7561484573252967e-07
38,merged_z_p0p026_dedup_filtered,24,-0.0005315722082741559,-1.99208045614796e-08,-0.0005315522874695944,0.0005315522874695944,2.825478343141583e-07
38,merged_z_p0p026_dedup_filtered,25,-0.00043634569738060236,-1.6569588368042787e-08,-0.0004363291277922343,0.0004363291277922343,1.9038310775993195e-07
38,merged_z_p0p026_dedup_filtered,26,-0.0003478315775282681,-1.3542215349104936e-08,-0.000347818035312919,0.000347818035312919,1.2097738568893896e-07
38,merged_z_p0p026_dedup_filtered,27,-0.00028510100673884153,-1.0667145389220423e-08,-0.0002850903395934523,0.0002850903395934523,8.127650172950997e-08
38,merged_z_p0p026_dedup_filtered,28,-0.00026164090377278626,-7.969680915209665e-09,-0.00026163293409187105,0.00026163293409187105,6.845179220152134e-08
38,merged_z_p0p026_dedup_filtered,29,0.00020964659051969647,9.47217849898152e-05,0.00011492480552988127,0.00011492480552988127,1.3207710926081028e-08
38,merged_z_p0p026_dedup_filtered,30,-0.0002723681682255119,0.00021143874619156122,-0.00048380691441707313,0.00048380691441707313,2.3406913043776912e-07
38,merged_z_p0p026_dedup_filtered,31,-0.0003247030545026064,0.00025207229191437364,-0.00057677534641698,0.00057677534641698,3.326698002344273e-07
38,merged_z_p0p026_dedup_filtered,32,-0.0007410438265651464,0.00037894511478953063,-0.001119988941354677,0.001119988941354677,1.2543752287567703e-06
38,merged_z_p0p026_dedup_filtered,33,-0.0006820717826485634,0.0005276299198158085,-0.001209701702464372,0.001209701702464372,1.4633782089451998e-06
38,merged_z_p0p026_dedup_filtered,34,-0.0008100164704956114,0.0004891888820566237,-0.0012992053525522351,0.0012992053525522351,1.6879345481003776e-06
38,merged_z_p0p026_dedup_filtered,35,-0.0005176282138563693,0.0003336321096867323,-0.0008512603235431015,0.0008512603235431015,7.246441384387059e-07
38,merged_z_p0p026_dedup_filtered,36,-0.0006088121444918215,0.00037446481292136014,-0.0009832769574131817,0.0009832769574131817,9.668335749797239e-07
38,merged_z_p0p026_dedup_filtered,37,-0.0006614275043830276,0.0004153090703766793,-0.0010767365747597069,0.0010767365747597069,1.1593616514252658e-06
38,merged_z_p0p026_dedup_filtered,38,-0.0007680042181164026,0.0006241575465537608,-0.0013921617646701634,0.0013921617646701634,1.9381143790095434e-06
38,merged_z_p0p026_dedup_filtered,39,-0.0006560163456015289,0.0004561584210023284,-0.0011121747666038573,0.0011121747666038573,1.2369327114703444e-06
38,merged_z_p0p026_dedup_filtered,40,-0.0005838229553773999,0.0004970102454535663,-0.0010808332008309662,0.0010808332008309662,1.1682004080185118e-06
38,merged_z_p0p026_dedup_filtered,41,-0.0004486570251174271,0.0005378634086810052,-0.0009865204337984324,0.0009865204337984324,9.732225663018471e-07
38,merged_z_p0p026_dedup_filtered,42,-0.00026610965142026544,0.0005787170375697315,-0.0008448266889899969,0.0008448266889899969,7.13732134429801e-07
38,merged_z_p0p026_dedup_filtered,43,-6.0319245676510036e-05,0.0006195716559886932,-0.0006798909016652033,0.0006798909016652033,4.622516381671231e-07
38,merged_z_p0p026_dedup_filtered,44,0.00014099797408562154,0.0006604263326153159,-0.0005194283585296944,0.0005194283585296944,2.6980581964485273e-07
38,merged_z_p0p026_dedup_filtered,45,0.0003121645422652364,0.0007012812420725822,-0.00038911669980734587,0.00038911669980734587,1.5141180606896012e-07
38,merged_z_p0p026_dedup_filtered,46,0.0004345925699453801,0.0007421369664371014,-0.00030754439649172127,0.00030754439649172127,9.458355581345706e-08
38,merged_z_p0p026_dedup_filtered,47,0.0005001907702535391,0.0007829946698620915,-0.00028280389960855246,0.00028280389960855246,7.997804563380422e-08
38,merged_z_p0p026_dedup_filtered,48,0.0005124184535816312,0.0008238583686761558,-0.0003114399150945246,0.0003114399150945246,9.69948207140847e-08
38,merged_z_p0p026_dedup_filtered,49,0.0004847986565437168,0.0008647360373288393,-0.0003799373807851225,0.0003799373807851225,1.4435241331785918e-07
38,merged_z_p0p026_dedup_filtered,50,0.00043726200237870216,0.0009056436247192323,-0.00046838162234053016,0.00046838162234053016,2.1938134414634702e-07
38,merged_z_p0p026_dedup_filtered,51,0.0003911658423021436,0.0009466128540225327,-0.0005554470117203891,0.0005554470117203891,3.085213828291101e-07
38,merged_z_p0p026_dedup_filtered,52,0.00036411944893188775,0.0009877001866698265,-0.0006235807377379388,0.0006235807377379388,3.8885293647779196e-07
38,merged_z_p0p026_dedup_filtered,53,0.0005379158537834883,0.0014846447156742215,-0.0009467288618907332,0.0009467288618907332,8.962955379369231e-07
38,merged_z_p0p026_dedup_filtered,54,0.0006290830788202584,0.0013856397708877921,-0.0007565566920675337,0.0007565566920675337,5.723780283121691e-07
38,merged_z_p0p026_dedup_filtered,55,1.8582504708319902e-06,0.00046105115325190127,-0.0004591929027810693,0.0004591929027810693,2.1085812196450454e-07
38,merged_z_p0p026_dedup_filtered,56,-1.4022545656189322e-05,0.0004815375432372093,-0.0004955600888933986,0.0004955600888933986,2.4557980170403316e-07
38,merged_z_p0p026_dedup_filtered,57,-2.0935069187544286e-05,0.0005020664539188147,-0.0005230015231063589,0.0005230015231063589,2.735305931715713e-07
38,merged_z_p0p026_dedup_filtered,58,-0.0004163480189163238,-8.765365322460639e-08,-0.0004162603652630992,0.0004162603652630992,1.7327269168896875e-07
38,merged_z_p0p026_dedup_filtered,59,-0.0003853391681332141,-8.278884422452393e-08,-0.0003852563792889896,0.0003852563792889896,1.484224777828618e-07
38,merged_z_p0p026_dedup_filtered,60,-0.00033006398007273674,-7.802069035278691e-08,-0.00032998595938238395,0.00032998595938238395,1.0889073338951235e-07
38,merged_z_p0p026_dedup_filtered,61,-0.0002648462832439691,-7.334247698054241e-08,-0.00026477294076698854,0.00026477294076698854,7.010471016239922e-08
38,merged_z_p0p026_dedup_filtered,62,-0.00020714850688818842,-6.88823433847574e-08,-0.00020707962454480366,0.00020707962454480366,4.288197090161685e-08
38,merged_z_p0p026_dedup_filtered,63,-0.00017355724412482232,-6.451631406889646e-08,-0.00017349272781075342,0.00017349272781075342,3.009972660321617e-08
38,merged_z_p0p026_dedup_filtered,64,-0.0001759173028403893,-6.008493613762766e-08,-0.00017585721790425168,0.00017585721790425168,3.092576108902346e-08
38,merged_z_p0p026_dedup_filtered,65,-0.0002184796758228913,-5.5533046605660275e-08,-0.00021842414277628563,0.00021842414277628563,4.770910614755521e-08
38,merged_z_p0p026_dedup_filtered,66,-0.00029670633375644684,-5.0840792908957155e-08,-0.0002966554929635379,0.0002966554929635379,8.800448150543967e-08
38,merged_z_p0p026_dedup_filtered,67,-0.0004761297022923827,-0.0003287561412435025,-0.00014737356104888022,0.00014737356104888022,2.1718966496228025e-08
38,merged_z_p0p026_dedup_filtered,68,-0.0005035121575929224,-0.0003491897659841925,-0.00015432239160872996,0.00015432239160872996,2.3815400551838207e-08
38,merged_z_p0p026_dedup_filtered,69,-0.0005465412396006286,-0.00036962368176318705,-0.00017691755783744156,0.00017691755783744156,3.129982227116448e-08
38,merged_z_p0p026_dedup_filtered,70,-0.000599962892010808,-0.00039005829603411257,-0.00020990459597669542,0.00020990459597669542,4.405993941213974e-08
38,merged_z_p0p026_dedup_filtered,71,-0.0006577085005119443,-0.00041049456922337413,-0.00024721393128857017,0.00024721393128857017,6.111472782314989e-08
38,merged_z_p0p026_dedup_filtered,72,-0.0007134955376386642,-0.00043093538261018693,-0.0002825601550284773,0.0002825601550284773,7.984024120971713e-08
38,merged_z_p0p026_dedup_filtered,73,-0.0007614264031872153,-0.00045138722634874284,-0.0003100391768384725,0.0003100391768384725,9.612429117467761e-08
38,merged_z_p0p026_dedup_filtered,74,-0.0007965322583913803,-0.000471863808343187,-0.00032466845004819334,0.00032466845004819334,1.0540960245669621e-07
38,merged_z_p0p026_dedup_filtered,75,-0.0008152208174578846,-0.0004923840169794858,-0.0003228368004783988,0.0003228368004783988,1.0422359974312948e-07
38,merged_z_p0p026_dedup_filtered,76,-0.001205345382913947,-0.0009862297447398305,-0.0002191156381741166,0.0002191156381741166,4.801166289245039e-08
38,merged_z_p0p026_dedup_filtered,77,-0.0012702043168246746,-0.0009451392688788474,-0.00032506504794582725,0.00032506504794582725,1.0566728539602297e-07
38,merged_z_p0p026_dedup_filtered,78,1.6693493307684548e-05,0.0004405994259286672,-0.00042390593262098264,0.00042390593262098264,1.7969623971126507e-07
38,merged_z_p0p026_dedup_filtered,79,1.7103564459830523e-05,0.0004201637639198452,-0.0004030601994600147,0.0004030601994600147,1.6245752438874683e-07
38,merged_z_p0p026_dedup_filtered,80,-9.83533391263336e-06,0.0003997348539996892,-0.0004095701879123226,0.0004095701879123226,1.6774773882653523e-07
38,merged_z_p0p026_dedup_filtered,81,-7.26378639228642e-05,0.00037930873804725707,-0.00045194660197012126,0.00045194660197012126,2.0425573103233922e-07
38,merged_z_p0p026_dedup_filtered,82,-0.00017229524382855743,0.00035888361162506044,-0.0005311788554536179,0.0005311788554536179,2.8215097648101547e-07
38,merged_z_p0p026_dedup_filtered,83,-0.00030079676071181893,0.0003384589799679816,-0.0006392557406798005,0.0006392557406798005,4.0864790199208036e-07
38,merged_z_p0p026_dedup_filtered,84,-0.0004417319723870605,0.0003180345520377159,-0.0007597665244247764,0.0007597665244247764,5.772451716365044e-07
38,merged_z_p0p026_dedup_filtered,85,-0.0005729461554437876,0.00029760986217297614,-0.0008705560176167637,0.0008705560176167637,7.57867779808759e-07
38,merged_z_p0p026_dedup_filtered,86,-0.0006707574357278645,0.00027718511410057545,-0.00094794254982844,0.00094794254982844,8.985950777752444e-07
38,merged_z_p0p026_dedup_filtered,87,-0.0007148690056055784,0.00025676030782051384,-0.0009716293134260923,0.0009716293134260923,9.440635227088594e-07
38,merged_z_p0p026_dedup_filtered,88,-0.0006929252413101494,0.00023633554519619793,-0.0009292607865063474,0.0009292607865063474,8.635256093383953e-07
38,merged_z_p0p026_dedup_filtered,89,-0.0006036991835571826,0.0002159112336812541,-0.0008196104172384366,0.0008196104172384366,6.717612360457642e-07
38,merged_z_p0p026_dedup_filtered,90,-0.00045816219062544405,0.0001954879699042067,-0.0006536501605296507,0.0006536501605296507,4.272585323604382e-07
38,merged_z_p0p026_dedup_filtered,91,-0.000278118735877797,0.0001750672236084938,-0.0004531859594862908,0.0004531859594862908,2.0537751387551002e-07
38,merged_z_p0p026_dedup_filtered,92,-9.260020306101069e-05,0.0001546525745652616,-0.0002472527776262723,0.0002472527776262723,6.113393604390686e-08
38,merged_z_p0p026_dedup_filtered,93,6.73167232889682e-05,0.00013425250654108822,-6.693578325212002e-05,6.693578325212002e-05,4.480399079574791e-09
38,merged_z_p0p026_dedup_filtered,94,-0.0009729804587550461,-0.0001346870994893834,-0.0008382933592656627,0.0008382933592656627,7.027357561889095e-07
38,merged_z_p0p026_dedup_filtered,95,-0.0010090601863339543,-0.00011431432358222082,-0.0008947458627517335,0.0008947458627517335,8.005701589113439e-07
38,merged_z_p0p026_dedup_filtered,96,-0.0010866150259971619,-0.00023012967722024769,-0.0008564853487769142,0.0008564853487769142,7.335671526695123e-07
38,merged_z_p0p026_dedup_filtered,97,-0.0009248096612282097,-0.00034439569571986794,-0.0005804139655083418,0.0005804139655083418,3.3688037135711857e-07
38,merged_z_p0p026_dedup_filtered,98,-0.0008124721935018897,-0.00040538940811529756,-0.00040708278538659215,0.00040708278538659215,1.6571639415810624e-07
38,merged_z_p0p026_dedup_filtered,99,-0.0009875105461105704,-0.0002708356478251517,-0.0007166748982854187,0.0007166748982854187,5.136229098324153e-07
38,merged_z_p0p026_dedup_filtered,100,-0.0008499116520397365,-0.000311625306494534,-0.0005382863455452025,0.0005382863455452025,2.8975218980040914e-07
38,merged_z_p0p026_dedup_filtered,101,-0.0006623978260904551,-0.00046654770267196,-0.00019585012341849506,0.00019585012341849506,3.835727084303975e-08
38,merged_z_p0p026_dedup_filtered,102,-0.000521683192346245,-0.0005277741001918912,6.090907845646143e-06,6.090907845646143e-06,3.709915838415374e-11
38,merged_z_p0p026_dedup_filtered,103,-0.0007080321665853262,-0.0003524541389197111,-0.0003555780276656151,0.0003555780276656151,1.2643573375856892e-07
38,merged_z_p0p026_dedup_filtered,104,-0.0005986005999147892,-0.00039330110303126276,-0.00020529949688352644,0.00020529949688352644,4.2147883420629084e-08
38,merged_z_p0p026_dedup_filtered,105,-0.0004400622274260968,-0.0005890292231924832,0.0001489669957663864,0.0001489669957663864,2.219116582766258e-08
38,merged_z_p0p026_dedup_filtered,106,-0.0004580817185342312,-0.0006503114709630609,0.00019222975242882967,0.00019222975242882967,3.6952277718849146e-08
38,merged_z_p0p026_dedup_filtered,107,-0.0005527507746592164,-0.000434155750554055,-0.00011859502410516143,0.00011859502410516143,1.406477974250382e-08
38,merged_z_p0p026_dedup_filtered,108,-0.0006798259564675391,0.0031443233601748943,-0.0038241493166424334,0.0038241493166424334,1.462411799597679e-05
38,merged_z_p0p026_dedup_filtered,109,-0.0007635573856532574,-0.000195943663129583,-0.0005676137225236744,0.0005676137225236744,3.221853379971828e-07
38,merged_z_p0p026_dedup_filtered,110,-0.0008441961836069822,-0.00017551530618220568,-0.0006686808774247766,0.0006686808774247766,4.4713411583356905e-07
38,merged_z_p0p026_dedup_filtered,111,-0.000916241726372391,-0.0001550936867715791,-0.0007611480396008119,0.0007611480396008119,5.793463381881591e-07
38,merged_z_p0p026_dedup_filtered,112,-0.0011230551172047853,-0.00018960496527142823,-0.0009334501519333571,0.0009334501519333571,8.713291861444075e-07
38,merged_z_p0p026_dedup_filtered,113,-0.0005891032633371651,-0.00047501467633992434,-0.00011408858699724078,0.00011408858699724078,1.3016205683026978e-08
38,merged_z_p0p026_dedup_filtered,114,-0.0005971294012852013,-0.0007115888292901218,0.00011445942800492048,0.00011445942800492048,1.3100960659213575e-08
38,merged_z_p0p026_dedup_filtered,115,-0.0008535797242075205,-0.0007728756172582507,-8.070410694926977e-05,8.070410694926977e-05,6.5131528784791734e-09
38,merged_z_p0p026_dedup_filtered,116,-0.0007095412584021688,-0.0005158754647709429,-0.00019366579363122582,0.00019366579363122582,3.750643962281255e-08
38,merged_z_p0p026_dedup_filtered,117,-0.0008986034663394094,-0.0005567368352785707,-0.0003418666310608387,0.0003418666310608387,1.168727934328876e-07
38,merged_z_p0p026_dedup_filtered,118,-0.001198416342958808,-0.0008341713109984994,-0.00036424503196030855,0.00036424503196030855,1.326744433077662e-07
38,merged_z_p0p026_dedup_filtered,119,-0.0015824900474399328,-0.0008954599034041166,-0.0006870301440358162,0.0006870301440358162,4.7201041881387434e-07
38,merged_z_p0p026_dedup_filtered,120,-0.0004971596645191312,-0.00027767239953391254,-0.00021948726498521864,0.00021948726498521864,4.8174659490691586e-08
38,merged_z_p0p026_dedup_filtered,121,-0.0005427270079962909,-0.00025723950238898396,-0.00028548750560730696,0.00028548750560730696,8.150311585788212e-08
38,merged_z_p0p026_dedup_filtered,122,-0.00038051686715334654,0.000771452090702951,-0.0011519689578562975,0.0011519689578562975,1.3270324798645241e-06
38,merged_z_p0p026_dedup_filtered,123,-9.86648810794577e-05,0.0008390358416363597,-0.0009377007227158174,0.0009377007227158174,8.792826453817663e-07
38,merged_z_p0p026_dedup_filtered,124,0.00043806072790175676,0.0009618177427910268,-0.0005237570148892701,0.0005237570148892701,2.7432141064571907e-07
38,merged_z_p0p026_dedup_filtered,125,0.0007890138076618314,0.0010490822605788708,-0.0002600684529170394,0.0002600684529170394,6.763560020266234e-08
38,merged_z_p0p026_dedup_filtered,126,0.0008692048140801489,0.01456482708454132,-0.013695622270461172,0.013695622270461172,0.00018757006937515202
38,merged_z_p0p026_dedup_filtered,127,0.0008692624978721142,0.0011778248008340597,-0.00030856230296194553,0.00030856230296194553,9.521069480917946e-08
39,merged_z_p0p028_dedup_filtered,0,-0.0014316020533442497,-0.001447714283131063,1.611222978681326e-05,1.611222978681326e-05,2.5960394870307244e-10
39,merged_z_p0p028_dedup_filtered,1,-0.0016057919710874557,-0.001375006278976798,-0.0002307856921106577,0.0002307856921106577,5.326203568299529e-08
39,merged_z_p0p028_dedup_filtered,2,-0.0018522667232900858,-0.0013246310409158468,-0.000527635682374239,0.000527635682374239,2.783994133145288e-07
39,merged_z_p0p028_dedup_filtered,3,-0.0014521372504532337,-0.0008837009663693607,-0.000568436284083873,0.000568436284083873,3.231198090630816e-07
39,merged_z_p0p028_dedup_filtered,4,-0.001589638413861394,-0.0008428021101281047,-0.0007468363037332892,0.0007468363037332892,5.577644645740019e-07
39,merged_z_p0p028_dedup_filtered,5,-0.0021131911780685186,-0.001263270853087306,-0.0008499203249812126,0.0008499203249812126,7.223645588161701e-07
39,merged_z_p0p028_dedup_filtered,6,-0.002326894085854292,-0.0012019394198432565,-0.0011249546660110354,0.0011249546660110354,1.2655230005800003e-06
39,merged_z_p0p028_dedup_filtered,7,-0.0016939325723797083,-0.0008019231609068811,-0.0008920094114728272,0.0008920094114728272,7.956807901560995e-07
39,merged_z_p0p028_dedup_filtered,8,-0.0017337942263111472,-0.0007610530010424554,-0.0009727412252686918,0.0009727412252686918,9.462254913372358e-07
39,merged_z_p0p028_dedup_filtered,9,-0.0024395028594881296,-0.0011406324338167906,-0.001298870425671339,0.001298870425671339,1.6870643826836455e-06
39,merged_z_p0p028_dedup_filtered,10,-0.002416578121483326,-0.0010793345281854272,-0.0013372435932978988,0.0013372435932978988,1.788220427816276e-06
39,merged_z_p0p028_dedup_filtered,11,-0.0016906654927879572,-0.0007201872649602592,-0.000970478227827698,0.000970478227827698,9.418279906875893e-07
39,merged_z_p0p028_dedup_filtered,12,-0.0015629763947799802,-0.0006793235661461949,-0.0008836528286337852,0.0008836528286337852,7.808423215524898e-07
39,merged_z_p0p028_dedup_filtered,13,-0.002250279299914837,-0.0010180397657677531,-0.0012322395341470838,0.0012322395341470838,1.518414269515022e-06
39,merged_z_p0p028_dedup_filtered,14,-0.0019608584698289633,-0.0009567463421262801,-0.0010041121277026832,0.0010041121277026832,1.0082411649996096e-06
39,merged_z_p0p028_dedup_filtered,15,-0.0013667861931025982,-0.000638460973277688,-0.0007283252198249102,0.0007283252198249102,5.304576258330037e-07
39,merged_z_p0p028_dedup_filtered,16,-0.0011325920931994915,-0.0005975988460704684,-0.0005349932471290231,0.0005349932471290231,2.8621777447365596e-07
39,merged_z_p0p028_dedup_filtered,17,-0.0004747738130390644,0.008713317103683949,-0.009188090916723013,0.009188090916723013,8.442101469396794e-05
39,merged_z_p0p028_dedup_filtered,18,-0.00045903431600891054,-4.381816864906796e-08,-0.00045899049784026147,0.00045899049784026147,2.1067227710765108e-07
39,merged_z_p0p028_dedup_filtered,19,-0.0005623298930004239,-3.940547443903597e-08,-0.0005622904875259849,0.0005622904875259849,3.1617059236220975e-07
39,merged_z_p0p028_dedup_filtered,20,-0.0006406852044165134,-3.528859693346931e-08,-0.00064064991581958,0.00064064991581958,4.104323146396349e-07
39,merged_z_p0p028_dedup_filtered,21,-0.0006792867789044976,-3.133590809056841e-08,-0.0006792554429964071,0.0006792554429964071,4.6138795684024517e-07
39,merged_z_p0p028_dedup_filtered,22,-0.0006712268805131316,-2.7436634297828277e-08,-0.0006711994438788338,0.0006711994438788338,4.5050869346325576e-07
39,merged_z_p0p028_dedup_filtered,23,-0.0006190946442075074,-2.3607100274603e-08,-0.0006190710371072328,0.0006190710371072328,3.8324894898502477e-07
39,merged_z_p0p028_dedup_filtered,24,-0.000534543301910162,-1.99208045614796e-08,-0.0005345233811056005,0.0005345233811056005,2.8571524494856303e-07
39,merged_z_p0p028_dedup_filtered,25,-0.00043591263238340616,-1.6569588368042787e-08,-0.0004358960627950381,0.0004358960627950381,1.9000537756021582e-07
39,merged_z_p0p028_dedup_filtered,26,-0.0003444015746936202,-1.3542215349104936e-08,-0.0003443880324782711,0.0003443880324782711,1.186031169142547e-07
39,merged_z_p0p028_dedup_filtered,27,-0.0002796082408167422,-1.0667145389220423e-08,-0.00027959757367135296,0.00027959757367135296,7.817480320290765e-08
39,merged_z_p0p028_dedup_filtered,28,-0.0002553867525421083,-7.969680915209665e-09,-0.0002553787828611931,0.0002553787828611931,6.52183227356644e-08
39,merged_z_p0p028_dedup_filtered,29,0.0002191182429669425,9.47217849898152e-05,0.00012439645797712728,0.00012439645797712728,1.5474478757255194e-08
39,merged_z_p0p028_dedup_filtered,30,-0.00027490657521411777,0.00021143874619156122,-0.000486345321405679,0.000486345321405679,2.365317716531932e-07
39,merged_z_p0p028_dedup_filtered,31,-0.00032746652141213417,0.00025207229191437364,-0.0005795388133265078,0.0005795388133265078,3.3586523615189686e-07
39,merged_z_p0p028_dedup_filtered,32,-0.0007508556009270251,0.00037894511478953063,-0.0011298007157165557,0.0011298007157165557,1.2764496572336415e-06
39,merged_z_p0p028_dedup_filtered,33,-0.0006881047738716006,0.0005682167247869074,-0.001256321498658508,0.001256321498658508,1.5783437079915597e-06
39,merged_z_p0p028_dedup_filtered,34,-0.000813610793557018,0.0004891888820566237,-0.0013027996756136417,0.0013027996756136417,1.6972869947790101e-06
39,merged_z_p0p028_dedup_filtered,35,-0.0005212573450990021,0.0003336321096867323,-0.0008548894547857344,0.0008548894547857344,7.308359799038502e-07
39,merged_z_p0p028_dedup_filtered,36,-0.000612890173215419,0.00037446481292136014,-0.0009873549861367792,0.0009873549861367792,9.748698686491594e-07
39,merged_z_p0p028_dedup_filtered,37,-0.0006658163038082421,0.0004153090703766793,-0.0010811253741849214,0.0010811253741849214,1.1688320747064863e-06
39,merged_z_p0p028_dedup_filtered,38,-0.0007637398666702211,0.0006241575465537608,-0.0013878974132239819,0.0013878974132239819,1.9262592296338202e-06
39,merged_z_p0p028_dedup_filtered,39,-0.0006604777299799025,0.0004561584210023284,-0.001116636150982231,0.001116636150982231,1.2468762936804116e-06
39,merged_z_p0p028_dedup_filtered,40,-0.0005880462704226375,0.0004970102454535663,-0.0010850565158762038,0.0010850565158762038,1.1773476426454065e-06
39,merged_z_p0p028_dedup_filtered,41,-0.0004522975941654295,0.0005378634086810052,-0.0009901610028464347,0.0009901610028464347,9.804188115578573e-07
39,merged_z_p0p028_dedup_filtered,42,-0.0002688307431526482,0.0005787170375697315,-0.0008475477807223797,0.0008475477807223797,7.18337240607431e-07
39,merged_z_p0p028_dedup_filtered,43,-6.183117511682212e-05,0.0006195716559886932,-0.0006814028311055154,0.0006814028311055154,4.643098182386115e-07
39,merged_z_p0p028_dedup_filtered,44,0.00014090749027673155,0.0006604263326153159,-0.0005195188423385844,0.0005195188423385844,2.698998275448229e-07
39,merged_z_p0p028_dedup_filtered,45,0.0003136120503768325,0.0007012812420725822,-0.00038766919169574976,0.00038766919169574976,1.5028740219003597e-07
39,merged_z_p0p028_dedup_filtered,46,0.00043759396066889167,0.0007421369664371014,-0.0003045430057682097,0.0003045430057682097,9.27464423623358e-08
39,merged_z_p0p028_dedup_filtered,47,0.0005046680453233421,0.0007829946698620915,-0.00027832662453874946,0.00027832662453874946,7.746570992713401e-08
39,merged_z_p0p028_dedup_filtered,48,0.0005182148306630552,0.0008238583686761558,-0.0003056435380131006,0.0003056435380131006,9.341797232916569e-08
39,merged_z_p0p028_dedup_filtered,49,0.0004916982725262642,0.0008647360373288393,-0.0003730377648025751,0.0003730377648025751,1.3915717396890135e-07
39,merged_z_p0p028_dedup_filtered,50,0.0004450095002539456,0.0009056436247192323,-0.00046063412446528673,0.00046063412446528673,2.1218379662190127e-07
39,merged_z_p0p028_dedup_filtered,51,0.0003994824073743075,0.0009466128540225327,-0.0005471304466482252,0.0005471304466482252,2.993517256494864e-07
39,merged_z_p0p028_dedup_filtered,52,0.00037271471228450537,0.0009877001866698265,-0.0006149854743853211,0.0006149854743853211,3.782071337049385e-07
39,merged_z_p0p028_dedup_filtered,53,0.0005609793588519096,0.0014846447156742215,-0.0009236653568223119,0.0009236653568223119,8.531576913936887e-07
39,merged_z_p0p028_dedup_filtered,54,0.0006486165802925825,0.0013856397708877921,-0.0007370231905952096,0.0007370231905952096,5.432031834751427e-07
39,merged_z_p0p028_dedup_filtered,55,-3.5913835745304823e-06,0.00046105115325190127,-0.00046464253682643175,0.00046464253682643175,2.1589268702850199e-07
39,merged_z_p0p028_dedup_filtered,56,-2.1752421162091196e-05,0.0004815375432372093,-0.0005032899643993005,0.0005032899643993005,2.533007882650492e-07
39,merged_z_p0p028_dedup_filtered,57,-2.954286173917353e-05,0.0005020664539188147,-0.0005316093156579882,0.0005316093156579882,2.8260846449435453e-07
39,merged_z_p0p028_dedup_filtered,58,-0.00041554798372089863,-8.765365322460639e-08,-0.000415460330067674,0.000415460330067674,1.7260728585994065e-07
39,merged_z_p0p028_dedup_filtered,59,-0.00038419198244810104,-8.278884422452393e-08,-0.0003841091936038765,0.0003841091936038765,1.475398726110203e-07
39,merged_z_p0p028_dedup_filtered,60,-0.0003283529367763549,-7.802069035278691e-08,-0.0003282749160860021,0.0003282749160860021,1.0776442053127173e-07
39,merged_z_p0p028_dedup_filtered,61,-0.0002626101195346564,-7.334247698054241e-08,-0.00026253677705767586,0.00026253677705767586,6.89255593078318e-08
39,merged_z_p0p028_dedup_filtered,62,-0.00020472571486607194,-6.88823433847574e-08,-0.00020465683252268718,0.00020465683252268718,4.188441909821923e-08
39,merged_z_p0p028_dedup_filtered,63,-0.0001715480611892417,-6.451631406889646e-08,-0.0001714835448751728,0.0001714835448751728,2.9406606162955408e-08
39,merged_z_p0p028_dedup_filtered,64,-0.00017506946460343897,-6.008493613762766e-08,-0.00017500937966730135,0.00017500937966730135,3.062828297153363e-08
39,merged_z_p0p028_dedup_filtered,65,-0.00021952087990939617,-5.5533046605660275e-08,-0.0002194653468627905,0.0002194653468627905,4.8165038473604953e-08
39,merged_z_p0p028_dedup_filtered,66,-0.00030016113305464387,-5.0840792908957155e-08,-0.0003001102922617349,0.0003001102922617349,9.006618752142395e-08
39,merged_z_p0p028_dedup_filtered,67,-0.00048244581557810307,-0.0003287561412435025,-0.00015368967433460057,0.00015368967433460057,2.362051599707558e-08
39,merged_z_p0p028_dedup_filtered,68,-0.0005106573225930333,-0.0003491897659841925,-0.00016146755660884082,0.00016146755660884082,2.6071771837229216e-08
39,merged_z_p0p028_dedup_filtered,69,-0.0005527795874513686,-0.00036962368176318705,-0.00018315590568818152,0.00018315590568818152,3.3546085788458043e-08
39,merged_z_p0p028_dedup_filtered,70,-0.0006035759579390287,-0.00039005829603411257,-0.00021351766190491617,0.00021351766190491617,4.558979194534209e-08
39,merged_z_p0p028_dedup_filtered,71,-0.0006573433056473732,-0.00041049456922337413,-0.00024684873642399907,0.00024684873642399907,6.093429867412497e-08
39,merged_z_p0p028_dedup_filtered,72,-0.0007084514945745468,-0.00043093538261018693,-0.0002775161119643599,0.0002775161119643599,7.701519239981513e-08
39,merged_z_p0p028_dedup_filtered,73,-0.0007518199854530394,-0.00045138722634874284,-0.00030043275910429657,0.00030043275910429657,9.025984274302029e-08
39,merged_z_p0p028_dedup_filtered,74,-0.0007833027630113065,-0.000471863808343187,-0.00031143895466811955,0.00031143895466811955,9.699422248477102e-08
39,merged_z_p0p028_dedup_filtered,75,-0.0007999722729437053,-0.0004923840169794858,-0.00030758825596421957,0.00030758825596421957,9.461053520711026e-08
39,merged_z_p0p028_dedup_filtered,76,-0.0011965392623096704,-0.0009862297447398305,-0.00021030951756983995,0.00021030951756983995,4.423009318045882e-08
39,merged_z_p0p028_dedup_filtered,77,-0.0012637213803827763,-0.0009451392688788474,-0.0003185821115039289,0.0003185821115039289,1.0149456177030179e-07
39,merged_z_p0p028_dedup_filtered,78,1.4333571016322821e-05,0.0004405994259286672,-0.00042626585491234437,0.00042626585491234437,1.8170257906415182e-07
39,merged_z_p0p028_dedup_filtered,79,1.7821403162088245e-05,0.0004201637639198452,-0.000402342360757757,0.000402342360757757,1.6187937526012506e-07
39,merged_z_p0p028_dedup_filtered,80,-6.908754585310817e-06,0.0003997348539996892,-0.00040664360858500004,0.00040664360858500004,1.6535902440303072e-07
39,merged_z_p0p028_dedup_filtered,81,-6.906014459673315e-05,0.00037930873804725707,-0.0004483688826439902,0.0004483688826439902,2.0103465492342027e-07
39,merged_z_p0p028_dedup_filtered,82,-0.00016997470811475068,0.00035888361162506044,-0.0005288583197398111,0.0005288583197398111,2.796911223580163e-07
39,merged_z_p0p028_dedup_filtered,83,-0.00030155933927744627,0.0003384589799679816,-0.0006400183192454278,0.0006400183192454278,4.096234489697424e-07
39,merged_z_p0p028_dedup_filtered,84,-0.0004468884435482323,0.0003180345520377159,-0.0007649229955859482,0.0007649229955859482,5.851071891761806e-07
39,merged_z_p0p028_dedup_filtered,85,-0.0005829582805745304,0.00029760986217297614,-0.0008805681427475065,0.0008805681427475065,7.75400254021793e-07
39,merged_z_p0p028_dedup_filtered,86,-0.0006850803620181978,0.00027718511410057545,-0.0009622654761187732,0.0009622654761187732,9.259548465300893e-07
39,merged_z_p0p028_dedup_filtered,87,-0.0007320096483454108,0.00025676030782051384,-0.0009887699561659247,0.0009887699561659247,9.776660262163646e-07
39,merged_z_p0p028_dedup_filtered,88,-0.000710710184648633,0.00023633554519619793,-0.0009470457298448309,0.0009470457298448309,8.968956144173285e-07
39,merged_z_p0p028_dedup_filtered,89,-0.0006196993053890765,0.0002159112336812541,-0.0008356105390703306,0.0008356105390703306,6.982449730054084e-07
39,merged_z_p0p028_dedup_filtered,90,-0.0004701857396867126,0.0001954879699042067,-0.0006656737095909193,0.0006656737095909193,4.431214876405356e-07
39,merged_z_p0p028_dedup_filtered,91,-0.00028466939693316817,0.0001750672236084938,-0.000459736620541662,0.000459736620541662,2.113577602670681e-07
39,merged_z_p0p028_dedup_filtered,92,-9.320121898781508e-05,0.0001546525745652616,-0.0002478537935530767,0.0002478537935530767,6.143150297865116e-08
39,merged_z_p0p028_dedup_filtered,93,7.200213440228254e-05,0.00013425250654108822,-6.225037213880569e-05,6.225037213880569e-05,3.875108831419795e-09
39,merged_z_p0p028_dedup_filtered,94,-0.0009707703720778227,-0.0001346870994893834,-0.0008360832725884393,0.0008360832725884393,6.990352387021945e-07
39,merged_z_p0p028_dedup_filtered,95,-0.0010081788059324026,-0.00011431432358222082,-0.0008938644823501818,0.0008938644823501818,7.989937128071584e-07
39,merged_z_p0p028_dedup_filtered,96,-0.0010789174120873213,-0.00023012967722024769,-0.0008487877348670736,0.0008487877348670736,7.204406188607776e-07
39,merged_z_p0p028_dedup_filtered,97,-0.0009107219520956278,-0.00034439569571986794,-0.0005663262563757598,0.0005663262563757598,3.2072542866058286e-07
39,merged_z_p0p028_dedup_filtered,98,-0.0007980335503816605,-0.00040538940811529756,-0.0003926441422663629,0.0003926441422663629,1.5416942245608783e-07
39,merged_z_p0p028_dedup_filtered,99,-0.0009784153662621975,-0.0002708356478251517,-0.0007075797184370458,0.0007075797184370458,5.00669057943449e-07
39,merged_z_p0p028_dedup_filtered,100,-0.0008390345028601587,-0.000311625306494534,-0.0005274091963656247,0.0005274091963656247,2.7816046041103404e-07
39,merged_z_p0p028_dedup_filtered,101,-0.0006477269344031811,-0.00046654770267196,-0.00018117923173122108,0.00018117923173122108,3.282591401071551e-08
39,merged_z_p0p028_dedup_filtered,102,-0.000507329823449254,-0.0005277741001918912,2.0444276742637157e-05,2.0444276742637157e-05,4.179684515295346e-10
39,merged_z_p0p028_dedup_filtered,103,-0.0006956559955142438,-0.0003524541389197111,-0.00034320185659453273,0.00034320185659453273,1.1778751436993421e-07
39,merged_z_p0p028_dedup_filtered,104,-0.0005856957286596298,-0.00039330110303126276,-0.00019239462562836707,0.00019239462562836707,3.701569197067952e-08
39,merged_z_p0p028_dedup_filtered,105,-0.00042700330959632993,-0.0005890292231924832,0.00016202591359615326,0.00016202591359615326,2.625239667666812e-08
39,merged_z_p0p028_dedup_filtered,106,-0.0004475921159610152,-0.0006503114709630609,0.00020271935500204563,0.00020271935500204563,4.10951368924454e-08
39,merged_z_p0p028_dedup_filtered,107,-0.0005408187862485647,-0.000434155750554055,-0.00010666303569450974,0.00010666303569450974,1.137700318356826e-08
39,merged_z_p0p028_dedup_filtered,108,-0.0006727285799570382,0.003386193886399269,-0.004058922466356307,0.004058922466356307,1.647485158789197e-05
39,merged_z_p0p028_dedup_filtered,109,-0.0007565892883576453,-0.000195943663129583,-0.0005606456252280623,0.0005606456252280623,3.1432351708736486e-07
39,merged_z_p0p028_dedup_filtered,110,-0.0008384030661545694,-0.00017551530618220568,-0.0006628877599723637,0.0006628877599723637,4.394201823211781e-07
39,merged_z_p0p028_dedup_filtered,111,-0.0009122185292653739,-0.0001550936867715791,-0.0007571248424937949,0.0007571248424937949,5.732380271212537e-07
39,merged_z_p0p028_dedup_filtered,112,-0.0011158891720697284,-0.00018960496527142823,-0.0009262842067983001,0.0009262842067983001,8.580024317639561e-07
39,merged_z_p0p028_dedup_filtered,113,-0.000579875719267875,-0.00047501467633992434,-0.00010486104292795062,0.00010486104292795062,1.0995838323937503e-08
39,merged_z_p0p028_dedup_filtered,114,-0.0005905496655032039,-0.0007115888292901218,0.00012103916378691792,0.00012103916378691792,1.4650479170236344e-08
39,merged_z_p0p028_dedup_filtered,115,-0.0008520326227881014,-0.0007728756172582507,-7.915700552985072e-05,7.915700552985072e-05,6.265831524452818e-09
39,merged_z_p0p028_dedup_filtered,116,-0.0007045980892144144,-0.0005158754647709429,-0.00018872262444347143,0.00018872262444347143,3.561622897683156e-08
39,merged_z_p0p028_dedup_filtered,117,-0.0008989963680505753,-0.0005567368352785707,-0.0003422595327720046,0.0003422595327720046,1.171415877733109e-07
39,merged_z_p0p028_dedup_filtered,118,-0.001202533720061183,-0.0008341713109984994,-0.0003683624090626836,0.0003683624090626836,1.3569086441046383e-07
39,merged_z_p0p028_dedup_filtered,119,-0.0015922163147479296,-0.0008954599034041166,-0.0006967564113438129,0.0006967564113438129,4.854694967487087e-07
39,merged_z_p0p028_dedup_filtered,120,-0.0004964884137734771,-0.00027767239953391254,-0.00021881601423956454,0.00021881601423956454,4.788044808768931e-08
39,merged_z_p0p028_dedup_filtered,121,-0.000538993626832962,-0.00025723950238898396,-0.00028175412444397807,0.00028175412444397807,7.938538664119268e-08
39,merged_z_p0p028_dedup_filtered,122,-0.00037384143797680736,0.000771452090702951,-0.0011452935286797583,0.0011452935286797583,1.3116972668357324e-06
39,merged_z_p0p028_dedup_filtered,123,-9.325941937277094e-05,0.0008390358416363597,-0.0009322952610091306,0.0009322952610091306,8.69174453700083e-07
39,merged_z_p0p028_dedup_filtered,124,0.00044012346188537776,0.0009618177427910268,-0.0005216942809056491,0.0005216942809056491,2.721649227296623e-07
39,merged_z_p0p028_dedup_filtered,125,0.0007907258695922792,0.0010490822605788708,-0.0002583563909865916,0.0002583563909865916,6.674802476361658e-08
39,merged_z_p0p028_dedup_filtered,126,0.0008728172979317605,0.015685196965932846,-0.014812379668001086,0.014812379668001086,0.00021940659142901195
39,merged_z_p0p028_dedup_filtered,127,0.0008761527133174241,0.0011778248008340597,-0.00030167208751663566,0.00030167208751663566,9.100604838664468e-08
40,merged_z_p0p030_dedup_filtered,0,-0.0014326436212286353,-0.001447714283131063,1.5070661902427673e-05,1.5070661902427673e-05,2.271248501772849e-10
40,merged_z_p0p030_dedup_filtered,1,-0.0016091926954686642,-0.001375006278976798,-0.0002341864164918661,0.0002341864164918661,5.484327766930178e-08
40,merged_z_p0p030_dedup_filtered,2,-0.0018590810941532254,-0.0013246310409158468,-0.0005344500532373786,0.0005344500532373786,2.856368594054368e-07
40,merged_z_p0p030_dedup_filtered,3,-0.001452504307962954,-0.0008837009663693607,-0.0005688033415935934,0.0005688033415935934,3.2353724140803805e-07
40,merged_z_p0p030_dedup_filtered,4,-0.0015947375213727355,-0.0008428021101281047,-0.0007519354112446308,0.0007519354112446308,5.654068626836321e-07
40,merged_z_p0p030_dedup_filtered,5,-0.0021237607579678297,-0.001263270853087306,-0.0008604899048805237,0.0008604899048805237,7.404428764012927e-07
40,merged_z_p0p030_dedup_filtered,6,-0.00234079547226429,-0.0012019394198432565,-0.0011388560524210334,0.0011388560524210334,1.2969931081360195e-06
40,merged_z_p0p030_dedup_filtered,7,-0.0017033038893714547,-0.0008019231609068811,-0.0009013807284645736,0.0009013807284645736,8.124872176473254e-07
40,merged_z_p0p030_dedup_filtered,8,-0.0017461377428844571,-0.0007610530010424554,-0.0009850847418420017,0.0009850847418420017,9.70391948609923e-07
40,merged_z_p0p030_dedup_filtered,9,-0.002455614972859621,-0.0011406324338167906,-0.0013149825390428305,0.0013149825390428305,1.7291790779875292e-06
40,merged_z_p0p030_dedup_filtered,10,-0.0024332855828106403,-0.0010793345281854272,-0.0013539510546252131,0.0013539510546252131,1.833183458320727e-06
40,merged_z_p0p030_dedup_filtered,11,-0.0017041011014953256,-0.0007201872649602592,-0.0009839138365350664,0.0009839138365350664,9.680864377251533e-07
40,merged_z_p0p030_dedup_filtered,12,-0.0015754136256873608,-0.0006793235661461949,-0.0008960900595411658,0.0008960900595411658,8.029773948084901e-07
40,merged_z_p0p030_dedup_filtered,13,-0.002265764167532325,-0.0010180397657677531,-0.0012477244017645717,0.0012477244017645717,1.5568161827587583e-06
40,merged_z_p0p030_dedup_filtered,14,-0.0019734238740056753,-0.0009567463421262801,-0.0010166775318793952,0.0010166775318793952,1.0336332038283787e-06
40,merged_z_p0p030_dedup_filtered,15,-0.0013763223541900516,-0.000638460973277688,-0.0007378613809123635,0.0007378613809123635,5.444394174419e-07
40,merged_z_p0p030_dedup_filtered,16,-0.001137860119342804,-0.0005975988460704684,-0.0005402612732723355,0.0005402612732723355,2.918822433978452e-07
40,merged_z_p0p030_dedup_filtered,17,-0.00047732191160321236,0.009335696697235107,-0.00981301860883832,0.00981301860883832,9.629533421740715e-05
40,merged_z_p0p030_dedup_filtered,18,-0.00046532845590263605,-4.381816864906796e-08,-0.000465284637733987,0.000465284637733987,2.164897941112475e-07
40,merged_z_p0p030_dedup_filtered,19,-0.0005703719798475504,-3.940547443903597e-08,-0.0005703325743731114,0.0005703325743731114,3.252792453910606e-07
40,merged_z_p0p030_dedup_filtered,20,-0.0006496752030216157,-3.528859693346931e-08,-0.0006496399144246823,0.0006496399144246823,4.220320184137085e-07
40,merged_z_p0p030_dedup_filtered,21,-0.0006881847511976957,-3.133590809056841e-08,-0.0006881534152896052,0.0006881534152896052,4.735551229747478e-07
40,merged_z_p0p030_dedup_filtered,22,-0.0006789332255721092,-2.7436634297828277e-08,-0.0006789057889378114,0.0006789057889378114,4.609130702532721e-07
40,merged_z_p0p030_dedup_filtered,23,-0.0006246545817703009,-2.3607100274603e-08,-0.0006246309746700263,0.0006246309746700263,3.90163854517227e-07
40,merged_z_p0p030_dedup_filtered,24,-0.0005373336607590318,-1.99208045614796e-08,-0.0005373137399544703,0.0005373137399544703,2.887060551438601e-07
40,merged_z_p0p030_dedup_filtered,25,-0.00043577226460911334,-1.6569588368042787e-08,-0.0004357556950207453,0.0004357556950207453,1.898830257430128e-07
40,merged_z_p0p030_dedup_filtered,26,-0.0003416771942283958,-1.3542215349104936e-08,-0.0003416636520130467,0.0003416636520130467,1.1673405110689228e-07
40,merged_z_p0p030_dedup_filtered,27,-0.0002751037245616317,-1.0667145389220423e-08,-0.00027509305741624246,0.00027509305741624246,7.567619023861607e-08
40,merged_z_p0p030_dedup_filtered,28,-0.00025022501358762383,-7.969680915209665e-09,-0.0002502170439067086,0.0002502170439067086,6.260856906141175e-08
40,merged_z_p0p030_dedup_filtered,29,0.0002270420955028385,9.47217849898152e-05,0.0001323203105130233,0.0001323203105130233,1.75086645742629e-08
40,merged_z_p0p030_dedup_filtered,30,-0.00027699890779331326,0.00021143874619156122,-0.0004884376539848745,0.0004884376539848745,2.38571341830248e-07
40,merged_z_p0p030_dedup_filtered,31,-0.00032977352384477854,0.00025207229191437364,-0.0005818458157591522,0.0005818458157591522,3.3854455331643326e-07
40,merged_z_p0p030_dedup_filtered,32,-0.0007590175373479724,0.00037894511478953063,-0.001137962652137503,0.001137962652137503,1.2949589976598197e-06
40,merged_z_p0p030_dedup_filtered,33,-0.0006931122625246644,0.0006088036461733282,-0.0013019159086979926,0.0013019159086979926,1.6949850333209197e-06
40,merged_z_p0p030_dedup_filtered,34,-0.0008165328181348741,0.0004891888820566237,-0.0013057217001914978,0.0013057217001914978,1.7049091583509757e-06
40,merged_z_p0p030_dedup_filtered,35,-0.000524386705365032,0.0003336321096867323,-0.0008580188150517642,0.0008580188150517642,7.361962869828336e-07
40,merged_z_p0p030_dedup_filtered,36,-0.0006164420046843588,0.00037446481292136014,-0.000990906817605719,0.000990906817605719,9.818963211774936e-07
40,merged_z_p0p030_dedup_filtered,37,-0.0006696563796140254,0.0004153090703766793,-0.0010849654499907047,0.0010849654499907047,1.1771500276735322e-06
40,merged_z_p0p030_dedup_filtered,38,-0.0007600527023896575,0.0006241575465537608,-0.0013842102489434183,0.0013842102489434183,1.91603801328e-06
40,merged_z_p0p030_dedup_filtered,39,-0.0006643783417530358,0.0004561584210023284,-0.0011205367627553642,0.0011205367627553642,1.2556026366862713e-06
40,merged_z_p0p030_dedup_filtered,40,-0.0005917152157053351,0.0004970102454535663,-0.0010887254611589015,0.0010887254611589015,1.1853231297756626e-06
40,merged_z_p0p030_dedup_filtered,41,-0.00045541650615632534,0.0005378634086810052,-0.0009932799148373306,0.0009932799148373306,9.866049892192547e-07
40,merged_z_p0p030_dedup_filtered,42,-0.0002710959524847567,0.0005787170375697315,-0.0008498129900544882,0.0008498129900544882,7.221821180653496e-07
40,merged_z_p0p030_dedup_filtered,43,-6.299070082604885e-05,0.0006195716559886932,-0.0006825623568147421,0.0006825623568147421,4.658913709404953e-07
40,merged_z_p0p030_dedup_filtered,44,0.00014102685963734984,0.0006604263326153159,-0.0005193994729779661,0.0005193994729779661,2.697758125297889e-07
40,merged_z_p0p030_dedup_filtered,45,0.0003150908160023391,0.0007012812420725822,-0.0003861904260702431,0.0003861904260702431,1.4914304518831592e-07
40,merged_z_p0p030_dedup_filtered,46,0.00044041944784112275,0.0007421369664371014,-0.0003017175185959786,0.0003017175185959786,9.10334610277147e-08
40,merged_z_p0p030_dedup_filtered,47,0.0005087456665933132,0.0007829946698620915,-0.0002742490032687783,0.0002742490032687783,7.521251579391838e-08
40,merged_z_p0p030_dedup_filtered,48,0.0005233869887888432,0.0008238583686761558,-0.00030047137988731265,0.00030047137988731265,9.028305013138575e-08
40,merged_z_p0p030_dedup_filtered,49,0.0004977657226845622,0.0008647360373288393,-0.0003669703146442771,0.0003669703146442771,1.3466721183011973e-07
40,merged_z_p0p030_dedup_filtered,50,0.0004517508205026388,0.0009056436247192323,-0.0004538928042165935,0.0004538928042165935,2.0601867771960288e-07
40,merged_z_p0p030_dedup_filtered,51,0.0004066684050485492,0.0009466128540225327,-0.0005399444489739835,0.0005399444489739835,2.915400079778187e-07
40,merged_z_p0p030_dedup_filtered,52,0.00038011616561561823,0.0009877001866698265,-0.0006075840210542083,0.0006075840210542083,3.691583426404006e-07
40,merged_z_p0p030_dedup_filtered,53,0.0005810392322018743,0.0014846447156742215,-0.0009036054834723473,0.0009036054834723473,8.165028697612944e-07
40,merged_z_p0p030_dedup_filtered,54,0.0006656436016783118,0.0013856397708877921,-0.0007199961692094803,0.0007199961692094803,5.183944836763266e-07
40,merged_z_p0p030_dedup_filtered,55,-8.433402399532497e-06,0.00046105115325190127,-0.00046948455565143377,0.00046948455565143377,2.204157479952242e-07
40,merged_z_p0p030_dedup_filtered,56,-2.8625509003177285e-05,0.0004815375432372093,-0.0005101630522403866,0.0005101630522403866,2.6026633987122743e-07
40,merged_z_p0p030_dedup_filtered,57,-3.7197183701209724e-05,0.0005020664539188147,-0.0005392636376200244,0.0005392636376200244,2.90805270859181e-07
40,merged_z_p0p030_dedup_filtered,58,-0.00041497108759358525,-8.765365322460639e-08,-0.00041488343394036065,0.00041488343394036065,1.721282637581456e-07
40,merged_z_p0p030_dedup_filtered,59,-0.00038330283132381737,-8.278884422452393e-08,-0.00038322004247959285,0.00038322004247959285,1.4685760095806095e-07
40,merged_z_p0p030_dedup_filtered,60,-0.00032695377012714744,-7.802069035278691e-08,-0.00032687574943679465,0.00032687574943679465,1.0684775556986615e-07
40,merged_z_p0p030_dedup_filtered,61,-0.0002607283531688154,-7.334247698054241e-08,-0.00026065501069183483,0.00026065501069183483,6.794103459876053e-08
40,merged_z_p0p030_dedup_filtered,62,-0.00020265312923584133,-6.88823433847574e-08,-0.00020258424689245658,0.00020258424689245658,4.10403770889838e-08
40,merged_z_p0p030_dedup_filtered,63,-0.00016980848158709705,-6.451631406889646e-08,-0.00016974396527302815,0.00016974396527302815,2.8813013746610986e-08
40,merged_z_p0p030_dedup_filtered,64,-0.00017431874584872276,-6.008493613762766e-08,-0.00017425866091258513,0.00017425866091258513,3.036608090304732e-08
40,merged_z_p0p030_dedup_filtered,65,-0.000220400674152188,-5.5533046605660275e-08,-0.00022034514110558234,0.00022034514110558234,4.855198120883899e-08
40,merged_z_p0p030_dedup_filtered,66,-0.00030313862953335047,-5.0840792908957155e-08,-0.0003030877887404415,0.0003030877887404415,9.18622076835705e-08
40,merged_z_p0p030_dedup_filtered,67,-0.00048817493370734155,-0.0003287561412435025,-0.00015941879246383905,0.00015941879246383905,2.5414351390628588e-08
40,merged_z_p0p030_dedup_filtered,68,-0.00051709363469854,-0.0003491897659841925,-0.00016790386871434748,0.00016790386871434748,2.8191709129244835e-08
40,merged_z_p0p030_dedup_filtered,69,-0.0005584044265560806,-0.00036962368176318705,-0.00018878074479289353,0.00018878074479289353,3.56381696045596e-08
40,merged_z_p0p030_dedup_filtered,70,-0.0006068881484679878,-0.00039005829603411257,-0.0002168298524338752,0.0002168298524338752,4.7015184906496096e-08
40,merged_z_p0p030_dedup_filtered,71,-0.0006571623380295932,-0.00041049456922337413,-0.0002466677688062191,0.0002466677688062191,6.084498816783836e-08
40,merged_z_p0p030_dedup_filtered,72,-0.0007041680510155857,-0.00043093538261018693,-0.0002732326684053987,0.0002732326684053987,7.465609108393458e-08
40,merged_z_p0p030_dedup_filtered,73,-0.0007435394218191504,-0.00045138722634874284,-0.0002921521954704076,0.0002921521954704076,8.535290531817925e-08
40,merged_z_p0p030_dedup_filtered,74,-0.0007718492997810245,-0.000471863808343187,-0.0002999854914378375,0.0002999854914378375,8.999129507320086e-08
40,merged_z_p0p030_dedup_filtered,75,-0.000786751217674464,-0.0004923840169794858,-0.00029436720069497824,0.00029436720069497824,8.66520488449976e-08
40,merged_z_p0p030_dedup_filtered,76,-0.0011889459565281868,-0.0009862297447398305,-0.0002027162117883563,0.0002027162117883563,4.109386252182173e-08
40,merged_z_p0p030_dedup_filtered,77,-0.0012581576593220234,-0.0009451392688788474,-0.00031301839044317603,0.00031301839044317603,9.79805127556366e-08
40,merged_z_p0p030_dedup_filtered,78,1.2249820429133251e-05,0.0004405994259286672,-0.00042834960549953394,0.00042834960549953394,1.8348338453160634e-07
40,merged_z_p0p030_dedup_filtered,79,1.849863474490121e-05,0.0004201637639198452,-0.000401665129174944,0.000401665129174944,1.6133487599512446e-07
40,merged_z_p0p030_dedup_filtered,80,-4.225075826980174e-06,0.0003997348539996892,-0.0004039599298266694,0.0004039599298266694,1.6318362490556766e-07
40,merged_z_p0p030_dedup_filtered,81,-6.573509017471224e-05,0.00037930873804725707,-0.0004450438282219693,0.0004450438282219693,1.9806400903846572e-07
40,merged_z_p0p030_dedup_filtered,82,-0.00016768835484981537,0.00035888361162506044,-0.0005265719664748758,0.0005265719664748758,2.7727803587721773e-07
40,merged_z_p0p030_dedup_filtered,83,-0.00030192668782547116,0.0003384589799679816,-0.0006403856677934527,0.0006403856677934527,4.100938035152664e-07
40,merged_z_p0p030_dedup_filtered,84,-0.0004510795115493238,0.0003180345520377159,-0.0007691140635870397,0.0007691140635870397,5.91536442807369e-07
40,merged_z_p0p030_dedup_filtered,85,-0.0005914035718888044,0.00029760986217297614,-0.0008890134340617806,0.0008890134340617806,7.903448859423199e-07
40,merged_z_p0p030_dedup_filtered,86,-0.0006973305717110634,0.00027718511410057545,-0.0009745156858116388,0.0009745156858116388,9.496808218929288e-07
40,merged_z_p0p030_dedup_filtered,87,-0.0007467837422154844,0.00025676030782051384,-0.0010035440500359982,0.0010035440500359982,1.0071006603626541e-06
40,merged_z_p0p030_dedup_filtered,88,-0.0007261278806254268,0.00023633554519619793,-0.0009624634258216247,0.0009624634258216247,9.263358460442981e-07
40,merged_z_p0p030_dedup_filtered,89,-0.0006336498190648854,0.0002159112336812541,-0.0008495610527461395,0.0008495610527461395,7.217539823431288e-07
40,merged_z_p0p030_dedup_filtered,90,-0.0004807580844499171,0.0001954879699042067,-0.0006762460543541238,0.0006762460543541238,4.573087260295205e-07
40,merged_z_p0p030_dedup_filtered,91,-0.0002905518049374223,0.0001750672236084938,-0.0004656190285459161,0.0004656190285459161,2.1680107974404261e-07
40,merged_z_p0p030_dedup_filtered,92,-9.396547102369368e-05,0.0001546525745652616,-0.0002486180455889553,0.0002486180455889553,6.181093259247185e-08
40,merged_z_p0p030_dedup_filtered,93,7.579474186059088e-05,0.00013425250654108822,-5.845776468049735e-05,5.845776468049735e-05,3.4173102514404032e-09
40,merged_z_p0p030_dedup_filtered,94,-0.0009689145372249186,-0.0001346870994893834,-0.0008342274377355352,0.0008342274377355352,6.959354178707963e-07
40,merged_z_p0p030_dedup_filtered,95,-0.001007468206807971,-0.00011431432358222082,-0.0008931538832257502,0.0008931538832257502,7.977238591212369e-07
40,merged_z_p0p030_dedup_filtered,96,-0.0010723263258114457,-0.00023012967722024769,-0.000842196648591198,0.000842196648591198,7.092951948982459e-07
40,merged_z_p0p030_dedup_filtered,97,-0.0008986843167804182,-0.00034439569571986794,-0.0005542886210605502,0.0005542886210605502,3.0723587543720623e-07
40,merged_z_p0p030_dedup_filtered,98,-0.0007856497541069984,-0.00040538940811529756,-0.0003802603459917009,0.0003802603459917009,1.4459793073372807e-07
40,merged_z_p0p030_dedup_filtered,99,-0.0009705940028652549,-0.0002708356478251517,-0.0006997583550401032,0.0006997583550401032,4.896617554484311e-07
40,merged_z_p0p030_dedup_filtered,100,-0.0008296422893181443,-0.000311625306494534,-0.0005180169828236103,0.0005180169828236103,2.683415944936766e-07
40,merged_z_p0p030_dedup_filtered,101,-0.0006350802723318338,-0.00046654770267196,-0.00016853256965987384,0.00016853256965987384,2.840322703616023e-08
40,merged_z_p0p030_dedup_filtered,102,-0.0004948882851749659,-0.0005277741001918912,3.2885815016925335e-05,3.2885815016925335e-05,1.0814768293274319e-09
40,merged_z_p0p030_dedup_filtered,103,-0.0006849378114566207,-0.0003524541389197111,-0.0003324836725369096,0.0003324836725369096,1.1054539250363092e-07
40,merged_z_p0p030_dedup_filtered,104,-0.0005744993104599416,-0.00039330110303126276,-0.00018119820742867887,0.00018119820742867887,3.2832790375366535e-08
40,merged_z_p0p030_dedup_filtered,105,-0.0004156177747063339,-0.0005890292231924832,0.0001734114484861493,0.0001734114484861493,3.0071530466064416e-08
40,merged_z_p0p030_dedup_filtered,106,-0.00043838232522830367,-0.0006503114709630609,0.00021192914573475718,0.00021192914573475718,4.491396281186395e-08
40,merged_z_p0p030_dedup_filtered,107,-0.0005304582882672548,-0.000434155750554055,-9.630253771319985e-05,9.630253771319985e-05,9.27417877000228e-09
40,merged_z_p0p030_dedup_filtered,108,-0.0006667145644314587,0.003628064878284931,-0.00429477944271639,0.00429477944271639,1.8445130461579305e-05
40,merged_z_p0p030_dedup_filtered,109,-0.0007506596157327294,-0.000195943663129583,-0.0005547159526031464,0.0005547159526031464,3.077097880724162e-07
40,merged_z_p0p030_dedup_filtered,110,-0.0008334696176461875,-0.00017551530618220568,-0.0006579543114639819,0.0006579543114639819,4.3290387597404246e-07
40,merged_z_p0p030_dedup_filtered,111,-0.0009088024962693453,-0.0001550936867715791,-0.0007537088094977662,0.0007537088094977662,5.6807696951454e-07
40,merged_z_p0p030_dedup_filtered,112,-0.0011097658425569534,-0.00018960496527142823,-0.0009201608772855252,0.0009201608772855252,8.466960400868674e-07
40,merged_z_p0p030_dedup_filtered,113,-0.0005718678003177047,-0.00047501467633992434,-9.685312397778034e-05,9.685312397778034e-05,9.38052762425529e-09
40,merged_z_p0p030_dedup_filtered,114,-0.0005847010179422796,-0.0007115888292901218,0.00012688781134784222,0.00012688781134784222,1.6100516668645596e-08
40,merged_z_p0p030_dedup_filtered,115,-0.000850545009598136,-0.0007728756172582507,-7.766939233988523e-05,7.766939233988523e-05,6.032534506447023e-09
40,merged_z_p0p030_dedup_filtered,116,-0.000700328208040446,-0.0005158754647709429,-0.00018445274326950312,0.00018445274326950312,3.402281449964523e-08
40,merged_z_p0p030_dedup_filtered,117,-0.0008993887458927929,-0.0005567368352785707,-0.0003426519106142223,0.0003426519106142223,1.1741033184757698e-07
40,merged_z_p0p030_dedup_filtered,118,-0.0012059808941558003,-0.0008341713109984994,-0.00037180958315730095,0.00037180958315730095,1.382423661276059e-07
40,merged_z_p0p030_dedup_filtered,119,-0.001600569812580943,-0.0008954599034041166,-0.0007051099091768265,0.0007051099091768265,4.971799840193525e-07
40,merged_z_p0p030_dedup_filtered,120,-0.0004961320664733648,-0.00027767239953391254,-0.0002184596669394523,0.0002184596669394523,4.7724626079296424e-08
40,merged_z_p0p030_dedup_filtered,121,-0.0005359555943869054,-0.00025723950238898396,-0.00027871609199792147,0.00027871609199792147,7.768265993859382e-08
40,merged_z_p0p030_dedup_filtered,122,-0.0003681525122374296,0.000771452090702951,-0.0011396046029403806,0.0011396046029403806,1.2986986510429025e-06
40,merged_z_p0p030_dedup_filtered,123,-8.864884148351848e-05,0.0008390358416363597,-0.0009276846831198782,0.0009276846831198782,8.605988712952288e-07
40,merged_z_p0p030_dedup_filtered,124,0.0004419396282173693,0.0009618177427910268,-0.0005198781145736575,0.0005198781145736575,2.7027325401266097e-07
40,merged_z_p0p030_dedup_filtered,125,0.0007923369994387031,0.0010490822605788708,-0.0002567452611401677,0.0002567452611401677,6.591812911793291e-08
40,merged_z_p0p030_dedup_filtered,126,0.0008761017234064639,0.01680556870996952,-0.015929466986563057,0.015929466986563057,0.0002537479184760023
40,merged_z_p0p030_dedup_filtered,127,0.000882284133695066,0.0011778248008340597,-0.00029554066713899374,0.00029554066713899374,8.73442859329615e-08
41,merged_z_p0p032_dedup_filtered,0,-0.001433652127161622,-0.001447714283131063,1.4062155969440937e-05,1.4062155969440937e-05,1.9774423050888338e-10
41,merged_z_p0p032_dedup_filtered,1,-0.0016122760716825724,-0.001375006278976798,-0.0002372697927057743,0.0002372697927057743,5.629695453064111e-08
41,merged_z_p0p032_dedup_filtered,2,-0.0018651655409485102,-0.0013246310409158468,-0.0005405345000326633,0.0005405345000326633,2.9217754572556133e-07
41,merged_z_p0p032_dedup_filtered,3,-0.0014528788160532713,-0.0008837009663693607,-0.0005691778496839106,0.0005691778496839106,3.2396342457080034e-07
41,merged_z_p0p032_dedup_filtered,4,-0.0015992872649803758,-0.0008428021101281047,-0.0007564851548522711,0.0007564851548522711,5.722697895118646e-07
41,merged_z_p0p032_dedup_filtered,5,-0.002133144298568368,-0.001263270853087306,-0.0008698734454810619,0.0008698734454810619,7.56679811153094e-07
41,merged_z_p0p032_dedup_filtered,6,-0.0023531042970716953,-0.0012019394198432565,-0.0011511648772284389,0.0011511648772284389,1.3251805745643667e-06
41,merged_z_p0p032_dedup_filtered,7,-0.0017116240924224257,-0.0008019231609068811,-0.0009097009315155447,0.0009097009315155447,8.275557848002497e-07
41,merged_z_p0p032_dedup_filtered,8,-0.001757082063704729,-0.0007610530010424554,-0.0009960290626622736,0.0009960290626622736,9.920738936678874e-07
41,merged_z_p0p032_dedup_filtered,9,-0.0024698597844690084,-0.0011406324338167906,-0.0013292273506522179,0.0013292273506522179,1.7668453497219141e-06
41,merged_z_p0p032_dedup_filtered,10,-0.0024480423890054226,-0.0010793345281854272,-0.0013687078608199954,0.0013687078608199954,1.873361208270448e-06
41,merged_z_p0p032_dedup_filtered,11,-0.001716012367978692,-0.0007201872649602592,-0.0009958251030184329,0.0009958251030184329,9.916676358016724e-07
41,merged_z_p0p032_dedup_filtered,12,-0.0015864478191360831,-0.0006793235661461949,-0.0009071242529898882,0.0009071242529898882,8.228744103624627e-07
41,merged_z_p0p032_dedup_filtered,13,-0.0022794334217906,-0.0010180397657677531,-0.0012613936560228467,0.0012613936560228467,1.5911139554546837e-06
41,merged_z_p0p032_dedup_filtered,14,-0.001984512899070978,-0.0009567463421262801,-0.001027766556944698,0.001027766556944698,1.0563040955739594e-06
41,merged_z_p0p032_dedup_filtered,15,-0.0013848015805706382,-0.000638460973277688,-0.0007463406072929502,0.0007463406072929502,5.570243020944096e-07
41,merged_z_p0p032_dedup_filtered,16,-0.0011425778502598405,-0.0005975988460704684,-0.0005449790041893721,0.0005449790041893721,2.970021150072396e-07
41,merged_z_p0p032_dedup_filtered,17,-0.00047965534031391144,0.009958076290786266,-0.010437731631100178,0.010437731631100178,0.00010894624160286918
41,merged_z_p0p032_dedup_filtered,18,-0.0004707885964307934,-4.381816864906796e-08,-0.00047074477826214434,0.00047074477826214434,2.2160064626107545e-07
41,merged_z_p0p032_dedup_filtered,19,-0.0005773729644715786,-3.940547443903597e-08,-0.0005773335589971396,0.0005773335589971396,3.3331403834430364e-07
41,merged_z_p0p032_dedup_filtered,20,-0.0006575195002369583,-3.528859693346931e-08,-0.0006574842116400248,0.0006574842116400248,4.322854885559049e-07
41,merged_z_p0p032_dedup_filtered,21,-0.0006959642632864416,-3.133590809056841e-08,-0.000695932927378351,0.000695932927378351,4.843226394094011e-07
41,merged_z_p0p032_dedup_filtered,22,-0.0006856877007521689,-2.7436634297828277e-08,-0.0006856602641178711,0.0006856602641178711,4.701299977901887e-07
41,merged_z_p0p032_dedup_filtered,23,-0.0006295491475611925,-2.3607100274603e-08,-0.0006295255404609179,0.0006295255404609179,3.963024060926108e-07
41,merged_z_p0p032_dedup_filtered,24,-0.0005398227367550135,-1.99208045614796e-08,-0.000539802815950452,0.000539802815950452,2.9138708010803753e-07
41,merged_z_p0p032_dedup_filtered,25,-0.00043571306741796434,-1.6569588368042787e-08,-0.0004356964978295963,0.0004356964978295963,1.898314382209754e-07
41,merged_z_p0p032_dedup_filtered,26,-0.0003393696970306337,-1.3542215349104936e-08,-0.0003393561548152846,0.0003393561548152846,1.151625998110154e-07
41,merged_z_p0p032_dedup_filtered,27,-0.00027124700136482716,-1.0667145389220423e-08,-0.00027123633421943794,0.00027123633421943794,7.356914900079863e-08
41,merged_z_p0p032_dedup_filtered,28,-0.00024579616729170084,-7.969680915209665e-09,-0.00024578819761078563,0.00024578819761078563,6.041183808475861e-08
41,merged_z_p0p032_dedup_filtered,29,0.00023386141401715577,9.47217849898152e-05,0.00013913962902734056,0.00013913962902734056,1.9359836365865952e-08
41,merged_z_p0p032_dedup_filtered,30,-0.000278738618362695,0.00021143874619156122,-0.0004901773645542562,0.0004901773645542562,2.402738487213562e-07
41,merged_z_p0p032_dedup_filtered,31,-0.000331720570102334,0.00025207229191437364,-0.0005837928620167077,0.0005837928620167077,3.4081410574165867e-07
41,merged_z_p0p032_dedup_filtered,32,-0.0007659521652385592,0.00037894511478953063,-0.0011448972800280899,0.0011448972800280899,1.3107897818157185e-06
41,merged_z_p0p032_dedup_filtered,33,-0.0006973672425374389,0.0006493905675597489,-0.0013467578100971878,0.0013467578100971878,1.8137565990577728e-06
41,merged_z_p0p032_dedup_filtered,34,-0.0008189990767277777,0.0004891888820566237,-0.0013081879587844014,0.0013081879587844014,1.7113557355084987e-06
41,merged_z_p0p032_dedup_filtered,35,-0.0005271260743029416,0.0003336321096867323,-0.0008607581839896739,0.0008607581839896739,7.409046513052012e-07
41,merged_z_p0p032_dedup_filtered,36,-0.0006195880123414099,0.00037446481292136014,-0.00099405282526277,0.00099405282526277,9.881410194128953e-07
41,merged_z_p0p032_dedup_filtered,37,-0.0006730804452672601,0.0004153090703766793,-0.0010883895156439394,0.0010883895156439394,1.184591737763649e-06
41,merged_z_p0p032_dedup_filtered,38,-0.0007568910950794816,0.0006241575465537608,-0.0013810486416332424,0.0013810486416332424,1.907295350557024e-06
41,merged_z_p0p032_dedup_filtered,39,-0.0006678637582808733,0.0004561584210023284,-0.0011240221792832017,0.0011240221792832017,1.263425859520558e-06
41,merged_z_p0p032_dedup_filtered,40,-0.0005949862534180284,0.0004970102454535663,-0.0010919964988715947,0.0010919964988715947,1.1924563535478207e-06
41,merged_z_p0p032_dedup_filtered,41,-0.00045817613136023283,0.0005378634086810052,-0.000996039540041238,0.000996039540041238,9.92094765325561e-07
41,merged_z_p0p032_dedup_filtered,42,-0.0002730659325607121,0.0005787170375697315,-0.0008517829701304436,0.0008517829701304436,7.255342282042401e-07
41,merged_z_p0p032_dedup_filtered,43,-6.394624506356195e-05,0.0006195716559886932,-0.0006835179010522552,0.0006835179010522552,4.671967210588805e-07
41,merged_z_p0p032_dedup_filtered,44,0.00014123236178420484,0.0006604263326153159,-0.0005191939708311111,0.0005191939708311111,2.695623793473766e-07
41,merged_z_p0p032_dedup_filtered,45,0.000316514604492113,0.0007012812420725822,-0.00038476663758046925,0.00038476663758046925,1.4804536539498017e-07
41,merged_z_p0p032_dedup_filtered,46,0.0004430319822859019,0.0007421369664371014,-0.00029910498415119946,0.00029910498415119946,8.946379154408928e-08
41,merged_z_p0p032_dedup_filtered,47,0.0005124442977830768,0.0007829946698620915,-0.0002705503720790148,0.0002705503720790148,7.319750383209334e-08
41,merged_z_p0p032_dedup_filtered,48,0.0005280168843455613,0.0008238583686761558,-0.00029584148433059454,0.00029584148433059454,8.752218385092941e-08
41,merged_z_p0p032_dedup_filtered,49,0.0005031420732848346,0.0008647360373288393,-0.0003615939640440047,0.0003615939640440047,1.3075019483305695e-07
41,merged_z_p0p032_dedup_filtered,50,0.00045767822302877903,0.0009056436247192323,-0.0004479654016904533,0.0004479654016904533,2.0067300111168917e-07
41,merged_z_p0p032_dedup_filtered,51,0.00041295349365100265,0.0009466128540225327,-0.0005336593603715301,0.0005336593603715301,2.847923129121506e-07
41,merged_z_p0p032_dedup_filtered,52,0.00038657235563732684,0.0009877001866698265,-0.0006011278310324997,0.0006011278310324997,3.613546692418375e-07
41,merged_z_p0p032_dedup_filtered,53,0.00059859873726964,0.0014846447156742215,-0.0008860459784045815,0.0008860459784045815,7.850774758469322e-07
41,merged_z_p0p032_dedup_filtered,54,0.0006805728771723807,0.0013856397708877921,-0.0007050668937154114,0.0007050668937154114,4.971193246134993e-07
41,merged_z_p0p032_dedup_filtered,55,-1.264395541511476e-05,0.00046105115325190127,-0.00047369510866701603,0.00047369510866701603,2.2438705597505612e-07
41,merged_z_p0p032_dedup_filtered,56,-3.463974280748516e-05,0.0004815375432372093,-0.0005161772860446945,0.0005161772860446945,2.6643899062846635e-07
41,merged_z_p0p032_dedup_filtered,57,-4.390490357764065e-05,0.0005020664539188147,-0.0005459713574964553,0.0005459713574964553,2.980847232065222e-07
41,merged_z_p0p032_dedup_filtered,58,-0.00041436648461967707,-8.765365322460639e-08,-0.00041427883096645246,0.00041427883096645246,1.7162694978693049e-07
41,merged_z_p0p032_dedup_filtered,59,-0.0003824265440925956,-8.278884422452393e-08,-0.00038234375524837105,0.00038234375524837105,1.4618674717742626e-07
41,merged_z_p0p032_dedup_filtered,60,-0.00032563420245423913,-7.802069035278691e-08,-0.00032555618176388634,0.00032555618176388634,1.059868274846806e-07
41,merged_z_p0p032_dedup_filtered,61,-0.00025899059255607426,-7.334247698054241e-08,-0.0002589172500790937,0.0002589172500790937,6.703814238851995e-08
41,merged_z_p0p032_dedup_filtered,62,-0.0002007534058066085,-6.88823433847574e-08,-0.00020068452346322374,0.00020068452346322374,4.02742779576612e-08
41,merged_z_p0p032_dedup_filtered,63,-0.00016820558812469244,-6.451631406889646e-08,-0.00016814107181062354,0.00016814107181062354,2.8271420029625262e-08
41,merged_z_p0p032_dedup_filtered,64,-0.00017358707555104047,-6.008493613762766e-08,-0.00017352699061490284,0.00017352699061490284,3.011161647186458e-08
41,merged_z_p0p032_dedup_filtered,65,-0.00022110225108917803,-5.5533046605660275e-08,-0.00022104671804257237,0.00022104671804257237,4.886165155739249e-08
41,merged_z_p0p032_dedup_filtered,66,-0.0003056829737033695,-5.0840792908957155e-08,-0.00030563213291046054,0.00030563213291046054,9.341100066739742e-08
41,merged_z_p0p032_dedup_filtered,67,-0.0004933089367114007,-0.0003287561412435025,-0.00016455279546789825,0.00016455279546789825,2.7077622496299955e-08
41,merged_z_p0p032_dedup_filtered,68,-0.000522840884514153,-0.0003491897659841925,-0.0001736511185299605,0.0001736511185299605,3.0154710966706395e-08
41,merged_z_p0p032_dedup_filtered,69,-0.0005634203553199768,-0.00036962368176318705,-0.00019379667355678976,0.00019379667355678976,3.7557150681676934e-08
41,merged_z_p0p032_dedup_filtered,70,-0.0006098452140577137,-0.00039005829603411257,-0.00021978691802360117,0.00021978691802360117,4.830628933431318e-08
41,merged_z_p0p032_dedup_filtered,71,-0.0006570176337845623,-0.00041049456922337413,-0.0002465230645611882,0.0002465230645611882,6.077362136063978e-08
41,merged_z_p0p032_dedup_filtered,72,-0.000700384727679193,-0.00043093538261018693,-0.0002694493450690061,0.0002694493450690061,7.260294955811631e-08
41,merged_z_p0p032_dedup_filtered,73,-0.0007362128817476332,-0.00045138722634874284,-0.0002848256553988904,0.0002848256553988904,8.112565397340745e-08
41,merged_z_p0p032_dedup_filtered,74,-0.000761711155064404,-0.000471863808343187,-0.00028984734672121704,0.00028984734672121704,8.40114844013294e-08
41,merged_z_p0p032_dedup_filtered,75,-0.0007750469376333058,-0.0004923840169794858,-0.00028266292065382004,0.00028266292065382004,7.989832671254776e-08
41,merged_z_p0p032_dedup_filtered,76,-0.001182297128252685,-0.0009862297447398305,-0.00019606738351285458,0.00019606738351285458,3.84424188775768e-08
41,merged_z_p0p032_dedup_filtered,77,-0.0012532997643575072,-0.0009451392688788474,-0.00030816049547865987,0.00030816049547865987,9.496289097365315e-08
41,merged_z_p0p032_dedup_filtered,78,1.0491188731975853e-05,0.0004405994259286672,-0.00043010823719669133,0.00043010823719669133,1.849930957044453e-07
41,merged_z_p0p032_dedup_filtered,79,1.919928763527423e-05,0.0004201637639198452,-0.000400964476284571,0.000400964476284571,1.607725112421603e-07
41,merged_z_p0p032_dedup_filtered,80,-1.7279817257076502e-06,0.0003997348539996892,-0.00040146283572539687,0.00040146283572539687,1.61172408468677e-07
41,merged_z_p0p032_dedup_filtered,81,-6.264580588322133e-05,0.00037930873804725707,-0.0004419545439304784,0.0004419545439304784,1.9532381890079716e-07
41,merged_z_p0p032_dedup_filtered,82,-0.00016549206338822842,0.00035888361162506044,-0.0005243756750132889,0.0005243756750132889,2.7496984854564233e-07
41,merged_z_p0p032_dedup_filtered,83,-0.0003020544536411762,0.0003384589799679816,-0.0006405134336091578,0.0006405134336091578,4.10257458633793e-07
41,merged_z_p0p032_dedup_filtered,84,-0.0004545726114884019,0.0003180345520377159,-0.0007726071635261178,0.0007726071635261178,5.969218291318733e-07
41,merged_z_p0p032_dedup_filtered,85,-0.0005986535106785595,0.00029760986217297614,-0.0008962633728515357,0.0008962633728515357,8.032880335152109e-07
41,merged_z_p0p032_dedup_filtered,86,-0.0007079538190737367,0.00027718511410057545,-0.0009851389331743121,0.0009851389331743121,9.704987176558218e-07
41,merged_z_p0p032_dedup_filtered,87,-0.0007596634677611291,0.00025676030782051384,-0.001016423775581643,0.001016423775581643,1.0331172915676421e-06
41,merged_z_p0p032_dedup_filtered,88,-0.0007396168075501919,0.00023633554519619793,-0.0009759523527463898,0.0009759523527463898,9.524829948312137e-07
41,merged_z_p0p032_dedup_filtered,89,-0.0006458949064835906,0.0002159112336812541,-0.0008618061401648447,0.0008618061401648447,7.427098232258279e-07
41,merged_z_p0p032_dedup_filtered,90,-0.0004900781787000597,0.0001954879699042067,-0.0006855661486042663,0.0006855661486042663,4.70000944112087e-07
41,merged_z_p0p032_dedup_filtered,91,-0.00029578973772004247,0.0001750672236084938,-0.00047085696132853627,0.00047085696132853627,2.217062780315427e-07
41,merged_z_p0p032_dedup_filtered,92,-9.473817772231996e-05,0.0001546525745652616,-0.00024939075228758156,0.00024939075228758156,6.219574732656587e-08
41,merged_z_p0p032_dedup_filtered,93,7.900258060544729e-05,0.00013425250654108822,-5.524992593564093e-05,5.524992593564093e-05,3.0525543158938084e-09
41,merged_z_p0p032_dedup_filtered,94,-0.000967267551459372,-0.0001346870994893834,-0.0008325804519699886,0.0008325804519699886,6.931902090025506e-07
41,merged_z_p0p032_dedup_filtered,95,-0.0010068248957395554,-0.00011431432358222082,-0.0008925105721573345,0.0008925105721573345,7.965751214126126e-07
41,merged_z_p0p032_dedup_filtered,96,-0.0010665799491107464,-0.00023012967722024769,-0.0008364502718904987,0.0008364502718904987,6.996490573456892e-07
41,merged_z_p0p032_dedup_filtered,97,-0.0008882395341061056,-0.00034439569571986794,-0.0005438438383862376,0.0005438438383862376,2.9576612055067614e-07
41,merged_z_p0p032_dedup_filtered,98,-0.0007748877396807075,-0.00040538940811529756,-0.0003694983315654099,0.0003694983315654099,1.365290170296216e-07
41,merged_z_p0p032_dedup_filtered,99,-0.0009637637995183468,-0.0002708356478251517,-0.0006929281516931951,0.0006929281516931951,4.801494234089476e-07
41,merged_z_p0p032_dedup_filtered,100,-0.0008214286644943058,-0.000311625306494534,-0.0005098033579997718,0.0005098033579997718,2.598994638278435e-07
41,merged_z_p0p032_dedup_filtered,101,-0.0006240678485482931,-0.00046654770267196,-0.00015752014587633312,0.00015752014587633312,2.4812596356901265e-08
41,merged_z_p0p032_dedup_filtered,102,-0.00048403366236016154,-0.0005277741001918912,4.374043783172965e-05,4.374043783172965e-05,1.9132259017114064e-09
41,merged_z_p0p032_dedup_filtered,103,-0.0006755567155778408,-0.0003524541389197111,-0.0003231025766581297,0.0003231025766581297,1.0439527504312257e-07
41,merged_z_p0p032_dedup_filtered,104,-0.0005646982463076711,-0.00039330110303126276,-0.00017139714327640831,0.00017139714327640831,2.937698072331364e-08
41,merged_z_p0p032_dedup_filtered,105,-0.00040566868847236037,-0.0005890292231924832,0.00018336053472012281,0.00018336053472012281,3.3621085692849364e-08
41,merged_z_p0p032_dedup_filtered,106,-0.000430326908826828,-0.0006503114709630609,0.00021998456213623285,0.00021998456213623285,4.839320757827009e-08
41,merged_z_p0p032_dedup_filtered,107,-0.0005213959375396371,-0.000434155750554055,-8.724018698558211e-05,8.724018698558211e-05,7.61085022527933e-09
41,merged_z_p0p032_dedup_filtered,108,-0.0006614558515138924,0.003869936103001237,-0.004531391954515129,0.004531391954515129,2.0533513045444444e-05
41,merged_z_p0p032_dedup_filtered,109,-0.000745458819437772,-0.000195943663129583,-0.000549515156308189,0.000549515156308189,3.0196690701241343e-07
41,merged_z_p0p032_dedup_filtered,110,-0.000829131982754916,-0.00017551530618220568,-0.0006536166765727103,0.0006536166765727103,4.2721475989395495e-07
41,merged_z_p0p032_dedup_filtered,111,-0.0009057899587787688,-0.0001550936867715791,-0.0007506962720071897,0.0007506962720071897,5.635448928054925e-07
41,merged_z_p0p032_dedup_filtered,112,-0.0011044315760955215,-0.00018960496527142823,-0.0009148266108240932,0.0009148266108240932,8.369077278718969e-07
41,merged_z_p0p032_dedup_filtered,113,-0.0005648810183629394,-0.00047501467633992434,-8.986634202301502e-05,8.986634202301502e-05,8.075959428597516e-09
41,merged_z_p0p032_dedup_filtered,114,-0.0005795872421003878,-0.0007115888292901218,0.00013200158718973398,0.00013200158718973398,1.7424419020608943e-08
41,merged_z_p0p032_dedup_filtered,115,-0.0008492592023685575,-0.0007728756172582507,-7.638358511030674e-05,7.638358511030674e-05,5.8344520743034735e-09
41,merged_z_p0p032_dedup_filtered,116,-0.0006966377259232104,-0.0005158754647709429,-0.00018076226115226746,0.00018076226115226746,3.267499505688054e-08
41,merged_z_p0p032_dedup_filtered,117,-0.0008998089469969273,-0.0005567368352785707,-0.0003430721117183566,0.0003430721117183566,1.1769847383889256e-07
41,merged_z_p0p032_dedup_filtered,118,-0.0012090341188013554,-0.0008341713109984994,-0.00037486280780285597,0.00037486280780285597,1.4052212467384093e-07
41,merged_z_p0p032_dedup_filtered,119,-0.0016079439083114266,-0.0008954599034041166,-0.00071248400490731,0.00071248400490731,5.076334572487598e-07
41,merged_z_p0p032_dedup_filtered,120,-0.0004958998179063201,-0.00027767239953391254,-0.00021822741837240756,0.00021822741837240756,4.76232061294858e-08
41,merged_z_p0p032_dedup_filtered,121,-0.0005333492299541831,-0.00025723950238898396,-0.00027610972756519914,0.00027610972756519914,7.623658165612849e-08
41,merged_z_p0p032_dedup_filtered,122,-0.00036329973954707384,0.000771452090702951,-0.0011347518302500248,0.0011347518302500248,1.287661716255781e-06
41,merged_z_p0p032_dedup_filtered,123,-8.471706678392366e-05,0.0008390358416363597,-0.0009237529084202833,0.0009237529084202833,8.533194358149323e-07
41,merged_z_p0p032_dedup_filtered,124,0.0004435149021446705,0.0009618177427910268,-0.0005183028406463563,0.0005183028406463563,2.6863783462208226e-07
41,merged_z_p0p032_dedup_filtered,125,0.0007938134949654341,0.0010490822605788708,-0.0002552687656134367,0.0002552687656134367,6.516214269780768e-08
41,merged_z_p0p032_dedup_filtered,126,0.0008790623396635056,0.017925940454006195,-0.01704687811434269,0.01704687811434269,0.00029059605344525577
41,merged_z_p0p032_dedup_filtered,127,0.0008877386571839452,0.0011778248008340597,-0.00029008614365011454,0.00029008614365011454,8.414997073779489e-08
42,merged_z_p0p034_dedup_filtered,0,-0.0014345189556479454,-0.001447714283131063,1.319532748311758e-05,1.319532748311758e-05,1.7411666738671814e-10
42,merged_z_p0p034_dedup_filtered,1,-0.001614981098100543,-0.001375006278976798,-0.00023997481912374496,0.00023997481912374496,5.758791381347411e-08
42,merged_z_p0p034_dedup_filtered,2,-0.0018705283291637897,-0.0013246310409158468,-0.0005458972882479429,0.0005458972882479429,2.980038493164577e-07
42,merged_z_p0p034_dedup_filtered,3,-0.0014532064087688923,-0.0008837009663693607,-0.0005695054423995316,0.0005695054423995316,3.243364489226862e-07
42,merged_z_p0p034_dedup_filtered,4,-0.0016033222200348973,-0.0008428021101281047,-0.0007605201099067926,0.0007605201099067926,5.7839083757264e-07
42,merged_z_p0p034_dedup_filtered,5,-0.0021414258517324924,-0.001263270853087306,-0.0008781549986451864,0.0008781549986451864,7.711562016455274e-07
42,merged_z_p0p034_dedup_filtered,6,-0.0023639679420739412,-0.0012019394198432565,-0.0011620285222306848,0.0011620285222306848,1.350310286477629e-06
42,merged_z_p0p034_dedup_filtered,7,-0.0017190056387335062,-0.0008019231609068811,-0.0009170824778266251,0.0009170824778266251,8.410402711366223e-07
42,merged_z_p0p034_dedup_filtered,8,-0.0017667905194684863,-0.0007610530010424554,-0.0010057375184260309,0.0010057375184260309,1.0115079559697508e-06
42,merged_z_p0p034_dedup_filtered,9,-0.002482423558831215,-0.0011406324338167906,-0.0013417911250144243,0.0013417911250144243,1.8004034231674745e-06
42,merged_z_p0p034_dedup_filtered,10,-0.0024610401596874,-0.0010793345281854272,-0.0013817056315019727,0.0013817056315019727,1.909110452124265e-06
42,merged_z_p0p034_dedup_filtered,11,-0.0017265742644667625,-0.0007201872649602592,-0.0010063869995065033,0.0010063869995065033,1.0128147927757028e-06
42,merged_z_p0p034_dedup_filtered,12,-0.0015962254256010056,-0.0006793235661461949,-0.0009169018594548106,0.0009169018594548106,8.407090198716893e-07
42,merged_z_p0p034_dedup_filtered,13,-0.0022914456203579903,-0.0010180397657677531,-0.0012734058545902371,0.0012734058545902371,1.6215624705046922e-06
42,merged_z_p0p034_dedup_filtered,14,-0.0019942179787904024,-0.0009567463421262801,-0.0010374716366641223,0.0010374716366641223,1.0763473968825327e-06
42,merged_z_p0p034_dedup_filtered,15,-0.0013923051301389933,-0.000638460973277688,-0.0007538441568613052,0.0007538441568613052,5.682810128339322e-07
42,merged_z_p0p034_dedup_filtered,16,-0.0011467387666925788,-0.0005975988460704684,-0.0005491399206221104,0.0005491399206221104,3.015546524208577e-07
42,merged_z_p0p034_dedup_filtered,17,-0.0004818262532353401,0.010580457746982574,-0.011062284000217915,0.011062284000217915,0.00012237412730147727
42,merged_z_p0p034_dedup_filtered,18,-0.00047561406972818077,-4.381816864906796e-08,-0.0004755702515595317,0.0004755702515595317,2.2616706416839627e-07
42,merged_z_p0p034_dedup_filtered,19,-0.0005835828487761319,-3.940547443903597e-08,-0.0005835434433016928,0.0005835434433016928,3.40522950220396e-07
42,merged_z_p0p034_dedup_filtered,20,-0.0006645021494477987,-3.528859693346931e-08,-0.0006644668608508653,0.0006644668608508653,4.4151620916900315e-07
42,merged_z_p0p034_dedup_filtered,21,-0.0007029192056506872,-3.133590809056841e-08,-0.0007028878697425966,0.0007028878697425966,4.940513574312855e-07
42,merged_z_p0p034_dedup_filtered,22,-0.0006917647551745176,-2.7436634297828277e-08,-0.0006917373185402198,0.0006917373185402198,4.785005178612135e-07
42,merged_z_p0p034_dedup_filtered,23,-0.0006340073887258768,-2.3607100274603e-08,-0.0006339837816256022,0.0006339837816256022,4.0193543536429926e-07
42,merged_z_p0p034_dedup_filtered,24,-0.0005421751993708313,-1.99208045614796e-08,-0.0005421552785662698,0.0005421552785662698,2.939323460772696e-07
42,merged_z_p0p034_dedup_filtered,25,-0.00043582834769040346,-1.6569588368042787e-08,-0.0004358117781020354,0.0004358117781020354,1.8993190593245776e-07
42,merged_z_p0p034_dedup_filtered,26,-0.0003375081578269601,-1.3542215349104936e-08,-0.000337494615611611,0.000337494615611611,1.1390261556682905e-07
42,merged_z_p0p034_dedup_filtered,27,-0.0002680221223272383,-1.0667145389220423e-08,-0.0002680114551818491,0.0002680114551818491,7.183014010869231e-08
42,merged_z_p0p034_dedup_filtered,28,-0.00024206760281231254,-7.969680915209665e-09,-0.00024205963313139733,0.00024205963313139733,5.859286599170667e-08
42,merged_z_p0p034_dedup_filtered,29,0.0002397268544882536,9.47217849898152e-05,0.0001450050694984384,0.0001450050694984384,2.1026470180246947e-08
42,merged_z_p0p034_dedup_filtered,30,-0.00028018601005896926,0.00021143874619156122,-0.0004916247562505305,0.0004916247562505305,2.416949009583935e-07
42,merged_z_p0p034_dedup_filtered,31,-0.00033335285843349993,0.00025207229191437364,-0.0005854251503478736,0.0005854251503478736,3.4272260665983037e-07
42,merged_z_p0p034_dedup_filtered,32,-0.0007718356791883707,0.00037894511478953063,-0.0011507807939779013,0.0011507807939779013,1.324296435788409e-06
42,merged_z_p0p034_dedup_filtered,33,-0.0007009335095062852,0.0006899776635691524,-0.0013909111730754375,0.0013909111730754375,1.9346338913860898e-06
42,merged_z_p0p034_dedup_filtered,34,-0.0008209699881263077,0.0004891888820566237,-0.0013101588701829314,0.0013101588701829314,1.7165162651190154e-06
42,merged_z_p0p034_dedup_filtered,35,-0.0005294632283039391,0.0003336321096867323,-0.0008630953379906714,0.0008630953379906714,7.449335624612313e-07
42,merged_z_p0p034_dedup_filtered,36,-0.0006222843076102436,0.00037446481292136014,-0.0009967491205316037,0.0009967491205316037,9.935088092805254e-07
42,merged_z_p0p034_dedup_filtered,37,-0.0006760186515748501,0.0004153090703766793,-0.0010913277219515294,0.0010913277219515294,1.1909961966999146e-06
42,merged_z_p0p034_dedup_filtered,38,-0.0007539477082900703,0.0006241575465537608,-0.001378105254843831,0.001378105254843831,1.8991740934281806e-06
42,merged_z_p0p034_dedup_filtered,39,-0.0006708484143018723,0.0004561584210023284,-0.0011270068353042006,0.0011270068353042006,1.2701444068223896e-06
42,merged_z_p0p034_dedup_filtered,40,-0.0005977700930088758,0.0004970102454535663,-0.0010947803384624422,0.0010947803384624422,1.1985439894839394e-06
42,merged_z_p0p034_dedup_filtered,41,-0.0004604948335327208,0.0005378634086810052,-0.000998358242213726,0.000998358242213726,9.967191797960809e-07
42,merged_z_p0p034_dedup_filtered,42,-0.0002746738027781248,0.0005787170375697315,-0.0008533908403478563,0.0008533908403478563,7.282759263896203e-07
42,merged_z_p0p034_dedup_filtered,43,-6.464790931204334e-05,0.0006195716559886932,-0.0006842195653007366,0.0006842195653007366,4.681564135403289e-07
42,merged_z_p0p034_dedup_filtered,44,0.00014156059478409588,0.0006604263326153159,-0.00051886573783122,0.00051886573783122,2.6922165389513636e-07
42,merged_z_p0p034_dedup_filtered,45,0.00031791560468263924,0.0007012812420725822,-0.000383365637389943,0.000383365637389943,1.4696921193139727e-07
42,merged_z_p0p034_dedup_filtered,46,0.00044547117431648076,0.0007421369664371014,-0.0002966657921206206,0.0002966657921206206,8.801059221455528e-08
42,merged_z_p0p034_dedup_filtered,47,0.000515823601745069,0.0007829946698620915,-0.0002671710681170225,0.0002671710681170225,7.138037963879068e-08
42,merged_z_p0p034_dedup_filtered,48,0.0005321939243003726,0.0008238583686761558,-0.0002916644443757832,0.0002916644443757832,8.506814811303434e-08
42,merged_z_p0p034_dedup_filtered,49,0.0005079518305137753,0.0008647360373288393,-0.00035678420681506395,0.00035678420681506395,1.2729497023265433e-07
42,merged_z_p0p034_dedup_filtered,50,0.00046295003267005086,0.0009056436247192323,-0.00044269359204918146,0.00044269359204918146,1.959776164414071e-07
42,merged_z_p0p034_dedup_filtered,51,0.00041852242429740727,0.0009466128540225327,-0.0005280904297251254,0.0005280904297251254,2.7887950196726764e-07
42,merged_z_p0p034_dedup_filtered,52,0.0003922827891074121,0.0009877001866698265,-0.0005954173975624144,0.0005954173975624144,3.5452187731999825e-07
42,merged_z_p0p034_dedup_filtered,53,0.0006142372731119394,0.0014846447156742215,-0.0008704074425622821,0.0008704074425622821,7.576091160678124e-07
42,merged_z_p0p034_dedup_filtered,54,0.0006938840379007161,0.0013856397708877921,-0.000691755732987076,0.000691755732987076,4.785259941204868e-07
42,merged_z_p0p034_dedup_filtered,55,-1.647960743866861e-05,0.00046105115325190127,-0.0004775307606905699,0.0004775307606905699,2.2803562740571432e-07
42,merged_z_p0p034_dedup_filtered,56,-4.010465636383742e-05,0.0004815375432372093,-0.0005216421996010467,0.0005216421996010467,2.721105844046183e-07
42,merged_z_p0p034_dedup_filtered,57,-4.999575321562588e-05,0.0005020664539188147,-0.0005520622071344405,0.0005520622071344405,3.0477268054614993e-07
42,merged_z_p0p034_dedup_filtered,58,-0.0004139729426242411,-8.765365322460639e-08,-0.0004138852889710165,0.0004138852889710165,1.7130103242662185e-07
42,merged_z_p0p034_dedup_filtered,59,-0.00038178119575604796,-8.278884422452393e-08,-0.00038169840691182344,0.00038169840691182344,1.4569367383902395e-07
42,merged_z_p0p034_dedup_filtered,60,-0.00032457514316774905,-7.802069035278691e-08,-0.00032449712247739626,0.00032449712247739626,1.0529838249611031e-07
42,merged_z_p0p034_dedup_filtered,61,-0.0002575332473497838,-7.334247698054241e-08,-0.00025745990487280324,0.00025745990487280324,6.62856026171129e-08
42,merged_z_p0p034_dedup_filtered,62,-0.00019912167044822127,-6.88823433847574e-08,-0.0001990527881048365,0.0001990527881048365,3.962201245230894e-08
42,merged_z_p0p034_dedup_filtered,63,-0.0001668074110057205,-6.451631406889646e-08,-0.0001667428946916516,0.0001667428946916516,2.7803192930151214e-08
42,merged_z_p0p034_dedup_filtered,64,-0.00017293657583650202,-6.008493613762766e-08,-0.0001728764909003644,0.0001728764909003644,2.988628110602377e-08
42,merged_z_p0p034_dedup_filtered,65,-0.00022170576266944408,-5.5533046605660275e-08,-0.00022165022962283842,0.00022165022962283842,4.9128824291857e-08
42,merged_z_p0p034_dedup_filtered,66,-0.0003079136658925563,-5.0840792908957155e-08,-0.00030786282509964735,0.00030786282509964735,9.477951907833605e-08
42,merged_z_p0p034_dedup_filtered,67,-0.0004979579243808985,-0.0003287561412435025,-0.00016920178313739598,0.00016920178313739598,2.8629243416874378e-08
42,merged_z_p0p034_dedup_filtered,68,-0.0005280280602164567,-0.0003491897659841925,-0.00017883829423226416,0.00017883829423226416,3.198313548390589e-08
42,merged_z_p0p034_dedup_filtered,69,-0.0005679524037986994,-0.00036962368176318705,-0.00019832872203551233,0.00019832872203551233,3.9334281984239513e-08
42,merged_z_p0p034_dedup_filtered,70,-0.0006125442450866103,-0.00039005829603411257,-0.00022248594905249774,0.00022248594905249774,4.949999752579062e-08
42,merged_z_p0p034_dedup_filtered,71,-0.0006569585530087352,-0.00041049456922337413,-0.00024646398378536105,0.00024646398378536105,6.074449530335072e-08
42,merged_z_p0p034_dedup_filtered,72,-0.0006970919785089791,-0.00043093538261018693,-0.00026615659589879215,0.00026615659589879215,7.083933354043294e-08
42,merged_z_p0p034_dedup_filtered,73,-0.0007297723786905408,-0.00045138722634874284,-0.00027838515234179795,0.00027838515234179795,7.749829304436605e-08
42,merged_z_p0p034_dedup_filtered,74,-0.0007527731941081583,-0.000471863808343187,-0.0002809093857649714,0.0002809093857649714,7.89100830108535e-08
42,merged_z_p0p034_dedup_filtered,75,-0.0007647179299965501,-0.0004923840169794858,-0.00027233391301706433,0.00027233391301706433,7.416576017918596e-08
42,merged_z_p0p034_dedup_filtered,76,-0.0011763867223635316,-0.0009862297447398305,-0.0001901569776237011,0.0001901569776237011,3.615967613898076e-08
42,merged_z_p0p034_dedup_filtered,77,-0.0012489801738411188,-0.0009451392688788474,-0.00030384090496227145,0.00030384090496227145,9.231929552829207e-08
42,merged_z_p0p034_dedup_filtered,78,8.874725608620793e-06,0.0004405994259286672,-0.0004317247003200464,0.0004317247003200464,1.8638621686643387e-07
42,merged_z_p0p034_dedup_filtered,79,1.981793320737779e-05,0.0004201637639198452,-0.00040034583071246743,0.00040034583071246743,1.6027678416885563e-07
42,merged_z_p0p034_dedup_filtered,80,5.405454430729151e-07,0.0003997348539996892,-0.0003991943085566163,0.0003991943085566163,1.5935609598399499e-07
42,merged_z_p0p034_dedup_filtered,81,-5.979953857604414e-05,0.00037930873804725707,-0.0004391082766233012,0.0004391082766233012,1.9281607859908561e-07
42,merged_z_p0p034_dedup_filtered,82,-0.00016339545254595578,0.00035888361162506044,-0.0005222790641710162,0.0005222790641710162,2.727754208713525e-07
42,merged_z_p0p034_dedup_filtered,83,-0.0003019915020558983,0.0003384589799679816,-0.0006404504820238799,0.0006404504820238799,4.101768199246201e-07
42,merged_z_p0p034_dedup_filtered,84,-0.0004574843915179372,0.0003180345520377159,-0.0007755189435556531,0.0007755189435556531,6.014296318136763e-07
42,merged_z_p0p034_dedup_filtered,85,-0.0006049051880836487,0.00029760986217297614,-0.0009025150502566248,0.0009025150502566248,8.14533415939718e-07
42,merged_z_p0p034_dedup_filtered,86,-0.0007172218756750226,0.00027718511410057545,-0.000994406989775598,0.000994406989775598,9.888452613145664e-07
42,merged_z_p0p034_dedup_filtered,87,-0.0007709709461778402,0.00025676030782051384,-0.001027731253998354,0.001027731253998354,1.0562315304450294e-06
42,merged_z_p0p034_dedup_filtered,88,-0.0007515123579651117,0.00023633554519619793,-0.0009878479031613097,0.0009878479031613097,9.758434797801962e-07
42,merged_z_p0p034_dedup_filtered,89,-0.0006567396339960396,0.0002159112336812541,-0.0008726508676772937,0.0008726508676772937,7.615195368579336e-07
42,merged_z_p0p034_dedup_filtered,90,-0.000498381326906383,0.0001954879699042067,-0.0006938692968105897,0.0006938692968105897,4.814546010564223e-07
42,merged_z_p0p034_dedup_filtered,91,-0.00030052103102207184,0.0001750672236084938,-0.00047558825463056564,0.00047558825463056564,2.2618418794254774e-07
42,merged_z_p0p034_dedup_filtered,92,-9.555032011121511e-05,0.0001546525745652616,-0.0002502028946764767,0.0002502028946764767,6.26014885044881e-08
42,merged_z_p0p034_dedup_filtered,93,8.168975182343274e-05,0.00013425250654108822,-5.256275471765548e-05,5.256275471765548e-05,2.7628431835084134e-09
42,merged_z_p0p034_dedup_filtered,94,-0.0009658946073614061,-0.0001346870994893834,-0.0008312075078720227,0.0008312075078720227,6.909059211428187e-07
42,merged_z_p0p034_dedup_filtered,95,-0.0010063402587547898,-0.00011431432358222082,-0.000892025935172569,0.000892025935172569,7.957102690204962e-07
42,merged_z_p0p034_dedup_filtered,96,-0.0010615815408527851,-0.00023012967722024769,-0.0008314518636325374,0.0008314518636325374,6.913122015380196e-07
42,merged_z_p0p034_dedup_filtered,97,-0.0008791257278062403,-0.00034439569571986794,-0.0005347300320863724,0.0005347300320863724,2.8593620721509283e-07
42,merged_z_p0p034_dedup_filtered,98,-0.0007654649671167135,-0.00040538940811529756,-0.00036007555900141597,0.00036007555900141597,1.296544081901822e-07
42,merged_z_p0p034_dedup_filtered,99,-0.0009577908786013722,-0.0002708356478251517,-0.0006869552307762206,0.0006869552307762206,4.7190748909081045e-07
42,merged_z_p0p034_dedup_filtered,100,-0.0008142089936882257,-0.000311625306494534,-0.0005025836871936917,0.0005025836871936917,2.525903626332066e-07
42,merged_z_p0p034_dedup_filtered,101,-0.0006143812788650393,-0.00046654770267196,-0.00014783357619307935,0.00014783357619307935,2.1854766250034998e-08
42,merged_z_p0p034_dedup_filtered,102,-0.0004744365578517318,-0.0005277741001918912,5.3337542340159416e-05,5.3337542340159416e-05,2.8448934228882984e-09
42,merged_z_p0p034_dedup_filtered,103,-0.0006672783638350666,-0.0003524541389197111,-0.00031482422491535544,0.00031482422491535544,9.911429259355431e-08
42,merged_z_p0p034_dedup_filtered,104,-0.000556024257093668,-0.00039330110303126276,-0.00016272315406240523,0.00016272315406240523,2.6478824868017267e-08
42,merged_z_p0p034_dedup_filtered,105,-0.0003968227538280189,-0.0005890292231924832,0.00019220646936446428,0.00019220646936446428,3.694332686555275e-08
42,merged_z_p0p034_dedup_filtered,106,-0.00042311265133321285,-0.0006503114709630609,0.000227198819629848,0.000227198819629848,5.1619303641196206e-08
42,merged_z_p0p034_dedup_filtered,107,-0.0005133565282449126,-0.000434155750554055,-7.920077769085765e-05,7.920077769085765e-05,6.272763186836655e-09
42,merged_z_p0p034_dedup_filtered,108,-0.0006568920216523111,0.00411180779337883,-0.004768699815031141,0.004768699815031141,2.274049792587804e-05
42,merged_z_p0p034_dedup_filtered,109,-0.000740943243727088,-0.000195943663129583,-0.000544999580597505,0.000544999580597505,2.970245428514563e-07
42,merged_z_p0p034_dedup_filtered,110,-0.0008253785781562328,-0.00017551530618220568,-0.0006498632719740272,0.0006498632719740272,4.223222722607884e-07
42,merged_z_p0p034_dedup_filtered,111,-0.0009032084490172565,-0.0001550936867715791,-0.0007481147622456774,0.0007481147622456774,5.596756974899064e-07
42,merged_z_p0p034_dedup_filtered,112,-0.0010998034849762917,-0.00018960496527142823,-0.0009101985197048634,0.0009101985197048634,8.284613452729247e-07
42,merged_z_p0p034_dedup_filtered,113,-0.0005586675833910704,-0.00047501467633992434,-8.365290705114603e-05,8.365290705114603e-05,6.997808858107677e-09
42,merged_z_p0p034_dedup_filtered,114,-0.0005749437841586769,-0.0007115888292901218,0.00013664504513144493,0.00013664504513144493,1.8671868358974622e-08
42,merged_z_p0p034_dedup_filtered,115,-0.0008479856769554317,-0.0007728756172582507,-7.511005969718099e-05,7.511005969718099e-05,5.6415210677140915e-09
42,merged_z_p0p034_dedup_filtered,116,-0.0006933396216481924,-0.0005158754647709429,-0.00017746415687724948,0.00017746415687724948,3.1493526976153014e-08
42,merged_z_p0p034_dedup_filtered,117,-0.0009001544676721096,-0.0005567368352785707,-0.00034341763239353895,0.00034341763239353895,1.1793567023878385e-07
42,merged_z_p0p034_dedup_filtered,118,-0.001211598515510559,-0.0008341713109984994,-0.0003774272045120597,0.0003774272045120597,1.4245129470578813e-07
42,merged_z_p0p034_dedup_filtered,119,-0.0016143423272296786,-0.0008954599034041166,-0.000718882423825562,0.000718882423825562,5.16791939285315e-07
42,merged_z_p0p034_dedup_filtered,120,-0.0004957971395924687,-0.00027767239953391254,-0.0002181247400585562,0.0002181247400585562,4.757840222561271e-08
42,merged_z_p0p034_dedup_filtered,121,-0.0005311412969604135,-0.00025723950238898396,-0.0002739017945714295,0.0002739017945714295,7.502219306944956e-08
42,merged_z_p0p034_dedup_filtered,122,-0.0003589143743738532,0.000771452090702951,-0.0011303664650768042,0.0011303664650768042,1.27772834537023e-06
42,merged_z_p0p034_dedup_filtered,123,-8.115922537399456e-05,0.0008390358416363597,-0.0009201950670103543,0.0009201950670103543,8.467589613501903e-07
42,merged_z_p0p034_dedup_filtered,124,0.0004449837142601609,0.0009618177427910268,-0.0005168340285308659,0.0005168340285308659,2.671174130474439e-07
42,merged_z_p0p034_dedup_filtered,125,0.0007952045416459441,0.0010490822605788708,-0.00025387771893292665,0.00025387771893292665,6.44538961705861e-08
42,merged_z_p0p034_dedup_filtered,126,0.0008817721391096711,0.01904631219804287,-0.0181645400589332,0.0181645400589332,0.00032995051555258887
42,merged_z_p0p034_dedup_filtered,127,0.0008926601731218398,0.0011778248008340597,-0.00028516462771221995,0.00028516462771221995,8.1318864898249e-08
43,merged_z_p0p036_dedup_filtered,0,-0.001435271929949522,-0.001447714283131063,1.2442353181540966e-05,1.2442353181540966e-05,1.548121526942026e-10
43,merged_z_p0p036_dedup_filtered,1,-0.0016173789044842124,-0.001375006278976798,-0.00024237262550741434,0.00024237262550741434,5.874448959535732e-08
43,merged_z_p0p036_dedup_filtered,2,-0.0018753042677417397,-0.0013246310409158468,-0.0005506732268258929,0.0005506732268258929,3.032410027428413e-07
43,merged_z_p0p036_dedup_filtered,3,-0.0014535370282828808,-0.0008837009663693607,-0.0005698360619135201,0.0005698360619135201,3.247131374571091e-07
43,merged_z_p0p036_dedup_filtered,4,-0.001606964971870184,-0.0008428021101281047,-0.0007641628617420793,0.0007641628617420793,5.839448792658441e-07
43,merged_z_p0p036_dedup_filtered,5,-0.002148812636733055,-0.001263270853087306,-0.0008855417836457491,0.0008855417836457491,7.841842505824947e-07
43,merged_z_p0p036_dedup_filtered,6,-0.002373663941398263,-0.0012019394198432565,-0.0011717245215550065,0.0011717245215550065,1.372938354413309e-06
43,merged_z_p0p036_dedup_filtered,7,-0.0017256385181099176,-0.0008019231609068811,-0.0009237153572030365,0.0009237153572030365,8.532500611327334e-07
43,merged_z_p0p036_dedup_filtered,8,-0.0017755043227225542,-0.0007610530010424554,-0.0010144513216800988,0.0010144513216800988,1.0291114840584992e-06
43,merged_z_p0p036_dedup_filtered,9,-0.002493639010936022,-0.0011406324338167906,-0.0013530065771192312,0.0013530065771192312,1.8306267977278982e-06
43,merged_z_p0p036_dedup_filtered,10,-0.002472642809152603,-0.0010793345281854272,-0.001393308280967176,0.001393308280967176,1.941307965811707e-06
43,merged_z_p0p036_dedup_filtered,11,-0.0017360539641231298,-0.0007201872649602592,-0.0010158666991628706,0.0010158666991628706,1.0319851504680663e-06
43,merged_z_p0p036_dedup_filtered,12,-0.0016050090780481696,-0.0006793235661461949,-0.0009256855119019747,0.0009256855119019747,8.568936669452209e-07
43,merged_z_p0p036_dedup_filtered,13,-0.002302165376022458,-0.0010180397657677531,-0.001284125610254705,0.001284125610254705,1.6489785829120184e-06
43,merged_z_p0p036_dedup_filtered,14,-0.0020028746221214533,-0.0009567463421262801,-0.0010461282799951732,0.0010461282799951732,1.0943843782056595e-06
43,merged_z_p0p036_dedup_filtered,15,-0.0013990638544782996,-0.000638460973277688,-0.0007606028812006116,0.0007606028812006116,5.785167428906717e-07
43,merged_z_p0p036_dedup_filtered,16,-0.001150518306531012,-0.0005975988460704684,-0.0005529194604605436,0.0005529194604605436,3.0571992975597867e-07
43,merged_z_p0p036_dedup_filtered,17,-0.00048387330025434494,0.011202835477888584,-0.011686708778142929,0.011686708778142929,0.000136579162065123
43,merged_z_p0p036_dedup_filtered,18,-0.0004798910522367805,-4.381816864906796e-08,-0.00047984723406813146,0.00047984723406813146,2.3025336804283613e-07
43,merged_z_p0p036_dedup_filtered,19,-0.0005890961620025337,-3.940547443903597e-08,-0.0005890567565280946,0.0005890567565280946,3.4698786241139896e-07
43,merged_z_p0p036_dedup_filtered,20,-0.0006707124412059784,-3.528859693346931e-08,-0.0006706771526090449,0.0006706771526090449,4.498078430317761e-07
43,merged_z_p0p036_dedup_filtered,21,-0.0007091195438988507,-3.133590809056841e-08,-0.0007090882079907601,0.0007090882079907601,5.028060867115475e-07
43,merged_z_p0p036_dedup_filtered,22,-0.000697203679010272,-2.7436634297828277e-08,-0.0006971762423759742,0.0006971762423759742,4.860547129334831e-07
43,merged_z_p0p036_dedup_filtered,23,-0.0006380291888490319,-2.3607100274603e-08,-0.0006380055817487573,0.0006380055817487573,4.070511223425703e-07
43,merged_z_p0p036_dedup_filtered,24,-0.0005443478003144264,-1.99208045614796e-08,-0.0005443278795098649,0.0005443278795098649,2.96292840411706e-07
43,merged_z_p0p036_dedup_filtered,25,-0.00043603379162959754,-1.6569588368042787e-08,-0.0004360172220412295,0.0004360172220412295,1.9011101791655083e-07
43,merged_z_p0p036_dedup_filtered,26,-0.000335973862092942,-1.3542215349104936e-08,-0.0003359603198775929,0.0003359603198775929,1.1286933653225454e-07
43,merged_z_p0p036_dedup_filtered,27,-0.0002652874100022018,-1.0667145389220423e-08,-0.0002652767428568126,0.0002652767428568126,7.037175030071946e-08
43,merged_z_p0p036_dedup_filtered,28,-0.00023888937721494585,-7.969680915209665e-09,-0.00023888140753403064,0.00023888140753403064,5.7064326865439634e-08
43,merged_z_p0p036_dedup_filtered,29,0.0002448156592436135,9.47217849898152e-05,0.00015009387425379828,0.00015009387425379828,2.252817108851501e-08
43,merged_z_p0p036_dedup_filtered,30,-0.0002814721956383437,0.00021143874619156122,-0.0004929109418299049,0.0004929109418299049,2.429611965756439e-07
43,merged_z_p0p036_dedup_filtered,31,-0.00033481151331216097,0.00025207229191437364,-0.0005868838052265346,0.0005868838052265346,3.44432600837177e-07
43,merged_z_p0p036_dedup_filtered,32,-0.0007770053343847394,0.00037894511478953063,-0.00115595044917427,0.00115595044917427,1.3362214409461966e-06
43,merged_z_p0p036_dedup_filtered,33,-0.0007040894124656916,0.0007305643521249294,-0.001434653764590621,0.001434653764590621,2.058231424254041e-06
43,merged_z_p0p036_dedup_filtered,34,-0.0008227392681874335,0.0004891888820566237,-0.0013119281502440572,0.0013119281502440572,1.7211554714027935e-06
43,merged_z_p0p036_dedup_filtered,35,-0.0005315789021551609,0.0003336321096867323,-0.0008652110118418932,0.0008652110118418932,7.485900950124726e-07
43,merged_z_p0p036_dedup_filtered,36,-0.0006247343262657523,0.00037446481292136014,-0.0009991991391871125,0.0009991991391871125,9.983989197522665e-07
43,merged_z_p0p036_dedup_filtered,37,-0.0006786937010474503,0.0004153090703766793,-0.0010940027714241296,0.0010940027714241296,1.1968420638836764e-06
43,merged_z_p0p036_dedup_filtered,38,-0.0007514510652981699,0.0006241575465537608,-0.0013756086118519306,0.0013756086118519306,1.8922990530011955e-06
43,merged_z_p0p036_dedup_filtered,39,-0.000673566828481853,0.0004561584210023284,-0.0011297252494841814,0.0011297252494841814,1.276279139322096e-06
43,merged_z_p0p036_dedup_filtered,40,-0.0006003034068271518,0.0004970102454535663,-0.001097313652280718,0.001097313652280718,1.2040972514816487e-06
43,merged_z_p0p036_dedup_filtered,41,-0.0004626002337317914,0.0005378634086810052,-0.0010004636424127966,0.0010004636424127966,1.0009274997898802e-06
43,merged_z_p0p036_dedup_filtered,42,-0.0002761281211860478,0.0005787170375697315,-0.0008548451587557793,0.0008548451587557793,7.307602454481935e-07
43,merged_z_p0p036_dedup_filtered,43,-6.527641380671412e-05,0.0006195716559886932,-0.0006848480697954074,0.0006848480697954074,4.6901687870249514e-07
43,merged_z_p0p036_dedup_filtered,44,0.000141864555189386,0.0006604263326153159,-0.0005185617774259299,0.0005185617774259299,2.6890631700713966e-07
43,merged_z_p0p036_dedup_filtered,45,0.00031918316381052136,0.0007012812420725822,-0.0003820980782620609,0.0003820980782620609,1.4599894141156e-07
43,merged_z_p0p036_dedup_filtered,46,0.00044766245991922915,0.0007421369664371014,-0.0002944745065178722,0.0002944745065178722,8.671523498894437e-08
43,merged_z_p0p036_dedup_filtered,47,0.0005188416689634323,0.0007829946698620915,-0.00026415300089865923,0.00026415300089865923,6.977680788376706e-08
43,merged_z_p0p036_dedup_filtered,48,0.0005359047208912671,0.0008238583686761558,-0.00028795364778488874,0.00028795364778488874,8.291730327262376e-08
43,merged_z_p0p036_dedup_filtered,49,0.0005122038419358432,0.0008647360373288393,-0.00035253219539299607,0.00035253219539299607,1.2427894878860556e-07
43,merged_z_p0p036_dedup_filtered,50,0.00046759151155129075,0.0009056436247192323,-0.00043805211316794157,0.00043805211316794157,1.918896538508991e-07
43,merged_z_p0p036_dedup_filtered,51,0.00042341111111454666,0.0009466128540225327,-0.000523201742907986,0.000523201742907986,2.737400637819543e-07
43,merged_z_p0p036_dedup_filtered,52,0.0003972879203502089,0.0009877001866698265,-0.0005904122663196176,0.0005904122663196176,3.485866442206671e-07
43,merged_z_p0p036_dedup_filtered,53,0.0006279941881075501,0.0014846447156742215,-0.0008566505275666714,0.0008566505275666714,7.338501263802564e-07
43,merged_z_p0p036_dedup_filtered,54,0.0007055943133309484,0.0013856397708877921,-0.0006800454575568438,0.0006800454575568438,4.62461824343697e-07
43,merged_z_p0p036_dedup_filtered,55,-1.9850136595778167e-05,0.00046105115325190127,-0.00048090128984767944,0.00048090128984767944,2.312660505771618e-07
43,merged_z_p0p036_dedup_filtered,56,-4.492996959015727e-05,0.0004815375432372093,-0.0005264675128273666,0.0005264675128273666,2.771680420626334e-07
43,merged_z_p0p036_dedup_filtered,57,-5.537978722713888e-05,0.0005020664539188147,-0.0005574462411459535,0.0005574462411459535,3.107463117677526e-07
43,merged_z_p0p036_dedup_filtered,58,-0.0004136043135076761,-8.765365322460639e-08,-0.0004135166598544515,0.0004135166598544515,1.7099602797718215e-07
43,merged_z_p0p036_dedup_filtered,59,-0.0003811896312981844,-8.278884422452393e-08,-0.00038110684245395987,0.00038110684245395987,1.452424253652274e-07
43,merged_z_p0p036_dedup_filtered,60,-0.0003236173652112484,-7.802069035278691e-08,-0.0003235393445208956,0.0003235393445208956,1.0467770745301078e-07
43,merged_z_p0p036_dedup_filtered,61,-0.0002562230220064521,-7.334247698054241e-08,-0.00025614967952947154,0.00025614967952947154,6.561265832305098e-08
43,merged_z_p0p036_dedup_filtered,62,-0.00019765773322433233,-6.88823433847574e-08,-0.00019758885088094758,0.00019758885088094758,3.904135399245334e-08
43,merged_z_p0p036_dedup_filtered,63,-0.00016555143520236015,-6.451631406889646e-08,-0.00016548691888829126,0.00016548691888829126,2.738592032313989e-08
43,merged_z_p0p036_dedup_filtered,64,-0.0001723447785479948,-6.008493613762766e-08,-0.00017228469361185716,0.00017228469361185716,2.9682015652931498e-08
43,merged_z_p0p036_dedup_filtered,65,-0.0002222277835244313,-5.5533046605660275e-08,-0.00022217225047782563,0.00022217225047782563,4.936050888238169e-08
43,merged_z_p0p036_dedup_filtered,66,-0.00030988157959654927,-5.0840792908957155e-08,-0.0003098307388036403,0.0003098307388036403,9.599508670760959e-08
43,merged_z_p0p036_dedup_filtered,67,-0.0005022039986215532,-0.0003287561412435025,-0.00017344785737805068,0.00017344785737805068,3.008415922903661e-08
43,merged_z_p0p036_dedup_filtered,68,-0.000532745907548815,-0.0003491897659841925,-0.00018355614156462252,0.00018355614156462252,3.3692857106091744e-08
43,merged_z_p0p036_dedup_filtered,69,-0.0005720782792195678,-0.00036962368176318705,-0.00020245459745638072,0.00020245459745638072,4.098786403122516e-08
43,merged_z_p0p036_dedup_filtered,70,-0.0006150284316390753,-0.00039005829603411257,-0.0002249701356049627,0.0002249701356049627,5.061156191411531e-08
43,merged_z_p0p036_dedup_filtered,71,-0.0006569778197444975,-0.00041049456922337413,-0.0002464832505211234,0.0002464832505211234,6.075399278745888e-08
43,merged_z_p0p036_dedup_filtered,72,-0.0006942235049791634,-0.00043093538261018693,-0.0002632881223689765,0.0002632881223689765,6.932063538058113e-08
43,merged_z_p0p036_dedup_filtered,73,-0.0007240941049531102,-0.00045138722634874284,-0.0002727068786043674,0.0002727068786043674,7.436904163813716e-08
43,merged_z_p0p036_dedup_filtered,74,-0.000744866207242012,-0.000471863808343187,-0.00027300239889882505,0.00027300239889882505,7.453030980451319e-08
43,merged_z_p0p036_dedup_filtered,75,-0.000755569722969085,-0.0004923840169794858,-0.00026318570598959923,0.00026318570598959923,6.926671583724377e-08
43,merged_z_p0p036_dedup_filtered,76,-0.0011711455881595612,-0.0009862297447398305,-0.00018491584341973066,0.00018491584341973066,3.419386914763035e-08
43,merged_z_p0p036_dedup_filtered,77,-0.0012451595393940806,-0.0009451392688788474,-0.0003000202705152333,0.0003000202705152333,9.001216272003375e-08
43,merged_z_p0p036_dedup_filtered,78,7.486818503821269e-06,0.0004405994259286672,-0.0004331126074248459,0.0004331126074248459,1.8758653071034868e-07
43,merged_z_p0p036_dedup_filtered,79,2.0429266442079097e-05,0.0004201637639198452,-0.0003997344974777661,0.0003997344974777661,1.5978766847380221e-07
43,merged_z_p0p036_dedup_filtered,80,2.632063115015626e-06,0.0003997348539996892,-0.0003971027908846736,0.0003971027908846736,1.576906265283968e-07
43,merged_z_p0p036_dedup_filtered,81,-5.718140164390206e-05,0.00037930873804725707,-0.00043649013969115913,0.00043649013969115913,1.905236420476076e-07
43,merged_z_p0p036_dedup_filtered,82,-0.00016143295215442777,0.00035888361162506044,-0.0005203165637794882,0.0005203165637794882,2.707293265432942e-07
43,merged_z_p0p036_dedup_filtered,83,-0.000301829946693033,0.0003384589799679816,-0.0006402889266610146,0.0006402889266610146,4.099699096047141e-07
43,merged_z_p0p036_dedup_filtered,84,-0.0004599659296218306,0.0003180345520377159,-0.0007780004816595465,0.0007780004816595465,6.052847494624863e-07
43,merged_z_p0p036_dedup_filtered,85,-0.0006103612249717116,0.00029760986217297614,-0.0009079710871446878,0.0009079710871446878,8.244114950907062e-07
43,merged_z_p0p036_dedup_filtered,86,-0.0007253720541484654,0.00027718511410057545,-0.0010025571682490408,0.0010025571682490408,1.0051208756075356e-06
43,merged_z_p0p036_dedup_filtered,87,-0.0007809540838934481,0.00025676030782051384,-0.001037714391713962,0.001037714391713962,1.076851158770278e-06
43,merged_z_p0p036_dedup_filtered,88,-0.0007620443357154727,0.00023633554519619793,-0.0009983798809116706,0.0009983798809116706,9.967623866092016e-07
43,merged_z_p0p036_dedup_filtered,89,-0.0006663684616796672,0.0002159112336812541,-0.0008822796953609213,0.0008822796953609213,7.784174608461601e-07
43,merged_z_p0p036_dedup_filtered,90,-0.0005057840025983751,0.0001954879699042067,-0.0007012719725025818,0.0007012719725025818,4.917823794176618e-07
43,merged_z_p0p036_dedup_filtered,91,-0.00030478110420517623,0.0001750672236084938,-0.00047984832781367004,0.00047984832781367004,2.3025441770557534e-07
43,merged_z_p0p036_dedup_filtered,92,-9.635565220378339e-05,0.0001546525745652616,-0.000251008226769045,0.000251008226769045,6.300512990574032e-08
43,merged_z_p0p036_dedup_filtered,93,8.397219062317163e-05,0.00013425250654108822,-5.0280315917916596e-05,5.0280315917916596e-05,2.528110168805497e-09
43,merged_z_p0p036_dedup_filtered,94,-0.0009647615370340645,-0.0001346870994893834,-0.0008300744375446811,0.0008300744375446811,6.890235718651187e-07
43,merged_z_p0p036_dedup_filtered,95,-0.0010059955529868603,-0.00011431432358222082,-0.0008916812294046395,0.0008916812294046395,7.950954148725692e-07
43,merged_z_p0p036_dedup_filtered,96,-0.001057226094417274,-0.00023012967722024769,-0.0008270964171970263,0.0008270964171970263,6.840884833401574e-07
43,merged_z_p0p036_dedup_filtered,97,-0.0008711310219950974,-0.00034439569571986794,-0.0005267353262752295,0.0005267353262752295,2.7745010394627243e-07
43,merged_z_p0p036_dedup_filtered,98,-0.0007571805035695434,-0.00040538940811529756,-0.0003517910954542458,0.0003517910954542458,1.2375697484089828e-07
43,merged_z_p0p036_dedup_filtered,99,-0.0009525634814053774,-0.0002708356478251517,-0.0006817278335802257,0.0006817278335802257,4.647528390779879e-07
43,merged_z_p0p036_dedup_filtered,100,-0.0008078655228018761,-0.000311625306494534,-0.000496240216307342,0.000496240216307342,2.4625435228075763e-07
43,merged_z_p0p036_dedup_filtered,101,-0.0006058401195332408,-0.00046654770267196,-0.0001392924168612808,0.0001392924168612808,1.9402377395056823e-08
43,merged_z_p0p036_dedup_filtered,102,-0.0004659501137211919,-0.0005277741001918912,6.182398647069931e-05,6.182398647069931e-05,3.822205303129211e-09
43,merged_z_p0p036_dedup_filtered,103,-0.0006599858170375228,-0.0003524541389197111,-0.0003075316781178117,0.0003075316781178117,9.457573304595733e-08
43,merged_z_p0p036_dedup_filtered,104,-0.0005483735585585237,-0.00039330110303126276,-0.0001550724555272609,0.0001550724555272609,2.404746646325431e-08
43,merged_z_p0p036_dedup_filtered,105,-0.0003889806102961302,-0.0005890292231924832,0.000200048612896353,0.000200048612896353,4.0019447521754894e-08
43,merged_z_p0p036_dedup_filtered,106,-0.00041670334758237004,-0.0006503114709630609,0.0002336081233806908,0.0002336081233806908,5.457275530944806e-08
43,merged_z_p0p036_dedup_filtered,107,-0.0005062673008069396,-0.000434155750554055,-7.211155025288463e-05,7.211155025288463e-05,5.200075679874305e-09
43,merged_z_p0p036_dedup_filtered,108,-0.0006529384991154075,0.004353677853941917,-0.005006616353057325,0.005006616353057325,2.5066207306701028e-05
43,merged_z_p0p036_dedup_filtered,109,-0.0007370273815467954,-0.000195943663129583,-0.0005410837184172124,0.0005410837184172124,2.9277159033619716e-07
43,merged_z_p0p036_dedup_filtered,110,-0.0008221357711590827,-0.00017551530618220568,-0.000646620464976877,0.000646620464976877,4.181180257269126e-07
43,merged_z_p0p036_dedup_filtered,111,-0.0009010036592371762,-0.0001550936867715791,-0.0007459099724655971,0.0007459099724655971,5.563816870236278e-07
43,merged_z_p0p036_dedup_filtered,112,-0.0010957792401313782,-0.00018960496527142823,-0.00090617427485995,0.00090617427485995,8.211518164179561e-07
43,merged_z_p0p036_dedup_filtered,113,-0.0005532026407308877,-0.00047501467633992434,-7.818796439096332e-05,7.818796439096332e-05,6.1133577756025475e-09
43,merged_z_p0p036_dedup_filtered,114,-0.0005708105163648725,-0.0007115888292901218,0.00014077831292524934,0.00014077831292524934,1.9818533390079425e-08
43,merged_z_p0p036_dedup_filtered,115,-0.0008468477753922343,-0.0007728756172582507,-7.397215813398361e-05,7.397215813398361e-05,5.471880178999078e-09
43,merged_z_p0p036_dedup_filtered,116,-0.0006904715555720031,-0.0005158754647709429,-0.0001745960908010602,0.0001745960908010602,3.048379492301206e-08
43,merged_z_p0p036_dedup_filtered,117,-0.0009005336323752999,-0.0005567368352785707,-0.0003437967970967293,0.0003437967970967293,1.1819623769396964e-07
43,merged_z_p0p036_dedup_filtered,118,-0.0012138799065724015,-0.0008341713109984994,-0.00037970859557390213,0.00037970859557390213,1.4417861755270517e-07
43,merged_z_p0p036_dedup_filtered,119,-0.001620044931769371,-0.0008954599034041166,-0.0007245850283652544,0.0007245850283652544,5.250234633310765e-07
43,merged_z_p0p036_dedup_filtered,120,-0.0004958221106790006,-0.00027767239953391254,-0.00021814971114508808,0.00021814971114508808,4.7589296472685365e-08
43,merged_z_p0p036_dedup_filtered,121,-0.0005292915739119053,-0.00025723950238898396,-0.0002720520715229213,0.0002720520715229213,7.40123296199127e-08
43,merged_z_p0p036_dedup_filtered,122,-0.0003551748814061284,0.000771452090702951,-0.0011266269721090794,0.0011266269721090794,1.2692883342836723e-06
43,merged_z_p0p036_dedup_filtered,123,-7.814090349711478e-05,0.0008390358416363597,-0.0009171767451334745,0.0009171767451334745,8.412131818136344e-07
43,merged_z_p0p036_dedup_filtered,124,0.0004461984499357641,0.0009618177427910268,-0.0005156192928552628,0.0005156192928552628,2.658632551645612e-07
43,merged_z_p0p036_dedup_filtered,125,0.0007963913958519697,0.0010490822605788708,-0.00025269086472690105,0.00025269086472690105,6.385267311642901e-08
43,merged_z_p0p036_dedup_filtered,126,0.0008841349044814706,0.020166682079434395,-0.019282547174952924,0.019282547174952924,0.000371816625554285
43,merged_z_p0p036_dedup_filtered,127,0.00089698052033782,0.0011778248008340597,-0.00028084428049623966,0.00028084428049623966,7.887350988745054e-08
44,merged_z_p0p038_dedup_filtered,0,-0.0014360144268721342,-0.001447714283131063,1.1699856258928776e-05,1.1699856258928776e-05,1.3688663647959485e-10
44,merged_z_p0p038_dedup_filtered,1,-0.0016195977805182338,-0.001375006278976798,-0.0002445915015414357,0.0002445915015414357,5.982500262629415e-08
44,merged_z_p0p038_dedup_filtered,2,-0.0018796548247337341,-0.0013246310409158468,-0.0005550237838178873,0.0005550237838178873,3.080514006035249e-07
44,merged_z_p0p038_dedup_filtered,3,-0.001453842967748642,-0.0008837009663693607,-0.0005701420013792813,0.0005701420013792813,3.250619017367724e-07
44,merged_z_p0p038_dedup_filtered,4,-0.0016102463705465198,-0.0008428021101281047,-0.0007674442604184151,0.0007674442604184151,5.889706928491681e-07
44,merged_z_p0p038_dedup_filtered,5,-0.002155501628294587,-0.001263270853087306,-0.0008922307752072811,0.0008922307752072811,7.960757562269858e-07
44,merged_z_p0p038_dedup_filtered,6,-0.0023824165109544992,-0.0012019394198432565,-0.0011804770911112428,0.0011804770911112428,1.3935261626384614e-06
44,merged_z_p0p038_dedup_filtered,7,-0.001731606898829341,-0.0008019231609068811,-0.0009296837379224598,0.0009296837379224598,8.64311852557477e-07
44,merged_z_p0p038_dedup_filtered,8,-0.00178334244992584,-0.0007610530010424554,-0.0010222894488833845,0.0010222894488833845,1.045075717298294e-06
44,merged_z_p0p038_dedup_filtered,9,-0.0025037419982254505,-0.0011406324338167906,-0.00136310956440866,0.00136310956440866,1.8580676845823666e-06
44,merged_z_p0p038_dedup_filtered,10,-0.002483074553310871,-0.0010793345281854272,-0.001403740025125444,0.001403740025125444,1.970486058139182e-06
44,merged_z_p0p038_dedup_filtered,11,-0.0017445808043703437,-0.0007201872649602592,-0.0010243935394100845,0.0010243935394100845,1.0493821235851203e-06
44,merged_z_p0p038_dedup_filtered,12,-0.0016129112336784601,-0.0006793235661461949,-0.0009335876675322652,0.0009335876675322652,8.715859329683353e-07
44,merged_z_p0p038_dedup_filtered,13,-0.002311783842742443,-0.0010180397657677531,-0.00129374407697469,0.00129374407697469,1.6737737367070925e-06
44,merged_z_p0p038_dedup_filtered,14,-0.0020106195006519556,-0.0009567463421262801,-0.0010538731585256755,0.0010538731585256755,1.1106486342608836e-06
44,merged_z_p0p038_dedup_filtered,15,-0.0014051469042897224,-0.000638460973277688,-0.0007666859310120344,0.0007666859310120344,5.8780731681179e-07
44,merged_z_p0p038_dedup_filtered,16,-0.0011539242696017027,-0.0005975988460704684,-0.0005563254235312343,0.0005563254235312343,3.094979768672072e-07
44,merged_z_p0p038_dedup_filtered,17,-0.0004857797175645828,0.011825218796730042,-0.012310998514294624,0.012310998514294624,0.00015156068441896445
44,merged_z_p0p038_dedup_filtered,18,-0.0004837261512875557,-4.381816864906796e-08,-0.0004836823331189066,0.0004836823331189066,2.3394859937134896e-07
44,merged_z_p0p038_dedup_filtered,19,-0.0005940567934885621,-3.940547443903597e-08,-0.0005940173880141231,0.0005940173880141231,3.5285665726312125e-07
44,merged_z_p0p038_dedup_filtered,20,-0.0006763134151697159,-3.528859693346931e-08,-0.0006762781265727824,0.0006762781265727824,4.573521044807923e-07
44,merged_z_p0p038_dedup_filtered,21,-0.0007147229043766856,-3.133590809056841e-08,-0.000714691568468595,0.000714691568468595,5.107840380401005e-07
44,merged_z_p0p038_dedup_filtered,22,-0.0007021303754299879,-2.7436634297828277e-08,-0.0007021029387956901,0.0007021029387956901,4.929485366655446e-07
44,merged_z_p0p038_dedup_filtered,23,-0.0006416852120310068,-2.3607100274603e-08,-0.0006416616049307322,0.0006416616049307322,4.1172961524228306e-07
44,merged_z_p0p038_dedup_filtered,24,-0.0005463414127007127,-1.99208045614796e-08,-0.0005463214918961512,0.0005463214918961512,2.984671725076364e-07
44,merged_z_p0p038_dedup_filtered,25,-0.0004362562031019479,-1.6569588368042787e-08,-0.00043623963351357986,0.00043623963351357986,1.9030501784806248e-07
44,merged_z_p0p038_dedup_filtered,26,-0.0003346287412568927,-1.3542215349104936e-08,-0.0003346151990415436,0.0003346151990415436,1.1196733142961182e-07
44,merged_z_p0p038_dedup_filtered,27,-0.0002628602087497711,-1.0667145389220423e-08,-0.0002628495416043819,0.0002628495416043819,6.908988152163368e-08
44,merged_z_p0p038_dedup_filtered,28,-0.00023606217291671783,-7.969680915209665e-09,-0.00023605420323580262,0.00023605420323580262,5.5721586865289606e-08
44,merged_z_p0p038_dedup_filtered,29,0.0002492904895916581,9.47217849898152e-05,0.0001545687046018429,0.0001545687046018429,2.3891484442291774e-08
44,merged_z_p0p038_dedup_filtered,30,-0.0002825332630891353,0.00021143874619156122,-0.0004939720092806965,0.0004939720092806965,2.440083459528085e-07
44,merged_z_p0p038_dedup_filtered,31,-0.000336035736836493,0.00025207229191437364,-0.0005881080287508667,0.0005881080287508667,3.458710534812302e-07
44,merged_z_p0p038_dedup_filtered,32,-0.0007814264390617609,0.00037894511478953063,-0.0011603715538512915,0.0011603715538512915,1.3464621429872608e-06
44,merged_z_p0p038_dedup_filtered,33,-0.0007067655096761882,0.0007711516809649765,-0.0014779171906411648,0.0014779171906411648,2.184239222392673e-06
44,merged_z_p0p038_dedup_filtered,34,-0.000824184447992593,0.0004891888820566237,-0.0013133733300492167,0.0013133733300492167,1.7249495040845688e-06
44,merged_z_p0p038_dedup_filtered,35,-0.000533423968590796,0.0003336321096867323,-0.0008670560782775283,0.0008670560782775283,7.517862428780073e-07
44,merged_z_p0p038_dedup_filtered,36,-0.0006268947618082166,0.00037446481292136014,-0.0010013595747295767,0.0010013595747295767,1.0027209979025987e-06
44,merged_z_p0p038_dedup_filtered,37,-0.0006810658378526568,0.0004153090703766793,-0.0010963749082293361,0.0010963749082293361,1.2020379393948852e-06
44,merged_z_p0p038_dedup_filtered,38,-0.0007491689175367355,0.0006241575465537608,-0.0013733264640904963,0.0013733264640904963,1.8860255769713052e-06
44,merged_z_p0p038_dedup_filtered,39,-0.0006759796524420381,0.0004561584210023284,-0.0011321380734443665,0.0011321380734443665,1.2817366173423217e-06
44,merged_z_p0p038_dedup_filtered,40,-0.0006025430047884583,0.0004970102454535663,-0.0010995532502420247,0.0010995532502420247,1.2090173501178005e-06
44,merged_z_p0p038_dedup_filtered,41,-0.0004644409636966884,0.0005378634086810052,-0.0010023043723776937,0.0010023043723776937,1.0046140548874424e-06
44,merged_z_p0p038_dedup_filtered,42,-0.0002773650921881199,0.0005787170375697315,-0.0008560821297578514,0.0008560821297578514,7.328766128907387e-07
44,merged_z_p0p038_dedup_filtered,43,-6.575242878170684e-05,0.0006195716559886932,-0.0006853240847704001,0.0006853240847704001,4.696691011663865e-07
44,merged_z_p0p038_dedup_filtered,44,0.00014224110054783523,0.0006604263326153159,-0.0005181852320674807,0.0005181852320674807,2.685159347328288e-07
44,merged_z_p0p038_dedup_filtered,45,0.00032043224200606346,0.0007012812420725822,-0.0003808490000665188,0.0003808490000665188,1.4504596085166722e-07
44,merged_z_p0p038_dedup_filtered,46,0.00044973805779591203,0.0007421369664371014,-0.00029239890864118934,0.00029239890864118934,8.549712177455859e-08
44,merged_z_p0p038_dedup_filtered,47,0.0005216465215198696,0.0007829946698620915,-0.000261348148342222,0.000261348148342222,6.830285464190806e-08
44,merged_z_p0p038_dedup_filtered,48,0.0005393099854700267,0.0008238583686761558,-0.0002845483832061291,0.0002845483832061291,8.096778238522208e-08
44,merged_z_p0p038_dedup_filtered,49,0.0005160693544894457,0.0008647360373288393,-0.0003486666828393936,0.0003486666828393936,1.215684557222263e-07
44,merged_z_p0p038_dedup_filtered,50,0.0004717812698800117,0.0009056436247192323,-0.00043386235483922064,0.00043386235483922064,1.882365429466338e-07
44,merged_z_p0p038_dedup_filtered,51,0.0004278027336113155,0.0009466128540225327,-0.0005188101204112172,0.0005188101204112172,2.691639410411017e-07
44,merged_z_p0p038_dedup_filtered,52,0.0004017734609078616,0.0009877001866698265,-0.0005859267257619649,0.0005859267257619649,3.4331012796213684e-07
44,merged_z_p0p038_dedup_filtered,53,0.0006404125597327948,0.0014846447156742215,-0.0008442321559414268,0.0008442321559414268,7.127279331255095e-07
44,merged_z_p0p038_dedup_filtered,54,0.0007161925313994288,0.0013856397708877921,-0.0006694472394883633,0.0006694472394883633,4.4815960645859e-07
44,merged_z_p0p038_dedup_filtered,55,-2.2943713702261448e-05,0.00046105115325190127,-0.0004839948669541627,0.0004839948669541627,2.3425103123797767e-07
44,merged_z_p0p038_dedup_filtered,56,-4.934764001518488e-05,0.0004815375432372093,-0.0005308851832523942,0.0005308851832523942,2.8183907779692817e-07
44,merged_z_p0p038_dedup_filtered,57,-6.030572694726288e-05,0.0005020664539188147,-0.0005623721808660775,0.0005623721808660775,3.1626246981206823e-07
44,merged_z_p0p038_dedup_filtered,58,-0.0004133019829168916,-8.765365322460639e-08,-0.00041321432926366697,0.00041321432926366697,1.707460819088222e-07
44,merged_z_p0p038_dedup_filtered,59,-0.00038068118738010526,-8.278884422452393e-08,-0.00038059839853588073,0.00038059839853588073,1.448551409680771e-07
44,merged_z_p0p038_dedup_filtered,60,-0.00032276916317641735,-7.802069035278691e-08,-0.00032269114248606456,0.00032269114248606456,1.0412957343896162e-07
44,merged_z_p0p038_dedup_filtered,61,-0.00025504466611891985,-7.334247698054241e-08,-0.0002549713236419393,0.0002549713236419393,6.501037587972256e-08
44,merged_z_p0p038_dedup_filtered,62,-0.00019632776093203574,-6.88823433847574e-08,-0.000196258878588651,0.000196258878588651,3.851754742487485e-08
44,merged_z_p0p038_dedup_filtered,63,-0.00016439751198049635,-6.451631406889646e-08,-0.00016433299566642745,0.00016433299566642745,2.7005333464702064e-08
44,merged_z_p0p038_dedup_filtered,64,-0.0001717815757729113,-6.008493613762766e-08,-0.00017172149083677368,0.00017172149083677368,2.9488270415204148e-08
44,merged_z_p0p038_dedup_filtered,65,-0.00022266525775194168,-5.5533046605660275e-08,-0.00022260972470533602,0.00022260972470533602,4.955508953338549e-08
44,merged_z_p0p038_dedup_filtered,66,-0.00031162414234131575,-5.0840792908957155e-08,-0.0003115733015484068,0.0003115733015484068,9.707792223777443e-08
44,merged_z_p0p038_dedup_filtered,67,-0.0005060554249212146,-0.0003287561412435025,-0.00017729928367771208,0.00017729928367771208,3.143503599262982e-08
44,merged_z_p0p038_dedup_filtered,68,-0.0005369982100091875,-0.0003491897659841925,-0.00018780844402499497,0.00018780844402499497,3.527201164708967e-08
44,merged_z_p0p038_dedup_filtered,69,-0.000575777783524245,-0.00036962368176318705,-0.00020615410176105797,0.00020615410176105797,4.2499513672908646e-08
44,merged_z_p0p038_dedup_filtered,70,-0.0006172365974634886,-0.00039005829603411257,-0.000227178301429376,0.000227178301429376,5.1609980640336424e-08
44,merged_z_p0p038_dedup_filtered,71,-0.0006569603574462235,-0.00041049456922337413,-0.00024646578822284937,0.00024646578822284937,6.074538476431043e-08
44,merged_z_p0p038_dedup_filtered,72,-0.000691605790052563,-0.00043093538261018693,-0.000260670407442376,0.000260670407442376,6.794906131617432e-08
44,merged_z_p0p038_dedup_filtered,73,-0.0007189497700892389,-0.00045138722634874284,-0.00026756254374049604,0.00026756254374049604,7.158971481288486e-08
44,merged_z_p0p038_dedup_filtered,74,-0.0007377195288427174,-0.000471863808343187,-0.00026585572049953043,0.00026585572049953043,7.067926412232445e-08
44,merged_z_p0p038_dedup_filtered,75,-0.0007473084842786193,-0.0004923840169794858,-0.00025492446729913354,0.00025492446729913354,6.4986484027747e-08
44,merged_z_p0p038_dedup_filtered,76,-0.0011664459016174078,-0.0009862297447398305,-0.0001802161568775773,0.0001802161568775773,3.2477863199723554e-08
44,merged_z_p0p038_dedup_filtered,77,-0.001241736114025116,-0.0009451392688788474,-0.0002965968451462686,0.0002965968451462686,8.796968855071964e-08
44,merged_z_p0p038_dedup_filtered,78,6.20017817709595e-06,0.0004405994259286672,-0.00043439924775157124,0.00043439924775157124,1.8870270644713097e-07
44,merged_z_p0p038_dedup_filtered,79,2.096997923217714e-05,0.0004201637639198452,-0.0003991937846876681,0.0003991937846876681,1.593556777332643e-07
44,merged_z_p0p038_dedup_filtered,80,4.53536631539464e-06,0.0003997348539996892,-0.0003951994876842946,0.0003951994876842946,1.561826350659289e-07
44,merged_z_p0p038_dedup_filtered,81,-5.477445665746927e-05,0.00037930873804725707,-0.00043408319470472634,0.00043408319470472634,1.8842821992506136e-07
44,merged_z_p0p038_dedup_filtered,82,-0.00015959021402522922,0.00035888361162506044,-0.0005184738256502897,0.0005184738256502897,2.6881510788444695e-07
44,merged_z_p0p038_dedup_filtered,83,-0.0003015888505615294,0.0003384589799679816,-0.000640047830529511,0.000640047830529511,4.096612253655336e-07
44,merged_z_p0p038_dedup_filtered,84,-0.0004620929539669305,0.0003180345520377159,-0.0007801275060046464,0.0007801275060046464,6.085989256250296e-07
44,merged_z_p0p038_dedup_filtered,85,-0.0006151641136966646,0.00029760986217297614,-0.0009127739758696407,0.0009127739758696407,8.331563310248714e-07
44,merged_z_p0p038_dedup_filtered,86,-0.0007326084887608886,0.00027718511410057545,-0.001009793602861464,0.001009793602861464,1.0196831203799361e-06
44,merged_z_p0p038_dedup_filtered,87,-0.0007898578187450767,0.00025676030782051384,-0.0010466181265655905,0.0010466181265655905,1.0954095028556664e-06
44,merged_z_p0p038_dedup_filtered,88,-0.0007714672829024494,0.00023633554519619793,-0.0010078028280986473,0.0010078028280986473,1.0156665403236316e-06
44,merged_z_p0p038_dedup_filtered,89,-0.0006750084576196969,0.0002159112336812541,-0.0008909196913009509,0.0008909196913009509,7.937378963477817e-07
44,merged_z_p0p038_dedup_filtered,90,-0.0005124526214785874,0.0001954879699042067,-0.0007079405913827941,0.0007079405913827941,5.011798809274202e-07
44,merged_z_p0p038_dedup_filtered,91,-0.0003086528740823269,0.0001750672236084938,-0.0004837200976908207,0.0004837200976908207,2.3398513291001712e-07
44,merged_z_p0p038_dedup_filtered,92,-9.714587940834463e-05,0.0001546525745652616,-0.00025179845397360623,0.00025179845397360623,6.34024614234983e-08
44,merged_z_p0p038_dedup_filtered,93,8.593920210842043e-05,0.00013425250654108822,-4.831330443266779e-05,4.831330443266779e-05,2.3341753852036373e-09
44,merged_z_p0p038_dedup_filtered,94,-0.000963669503107667,-0.0001346870994893834,-0.0008289824036182836,0.0008289824036182836,6.872118255087468e-07
44,merged_z_p0p038_dedup_filtered,95,-0.0010055918246507645,-0.00011431432358222082,-0.0008912775010685436,0.0008912775010685436,7.943755839109878e-07
44,merged_z_p0p038_dedup_filtered,96,-0.0010532863670960069,-0.00023012967722024769,-0.0008231566898757592,0.0008231566898757592,6.775869360872168e-07
44,merged_z_p0p038_dedup_filtered,97,-0.0008640096639283001,-0.00034439569571986794,-0.0005196139682084322,0.0005196139682084322,2.699986759573136e-07
44,merged_z_p0p038_dedup_filtered,98,-0.0007497844053432345,-0.00040538940811529756,-0.000344394997227937,0.000344394997227937,1.1860791411563072e-07
44,merged_z_p0p038_dedup_filtered,99,-0.0009478432475589216,-0.0002708356478251517,-0.0006770075997337699,0.0006770075997337699,4.583392900972804e-07
44,merged_z_p0p038_dedup_filtered,100,-0.0008021468529477715,-0.000311625306494534,-0.0004905215464532375,0.0004905215464532375,2.4061138753487567e-07
44,merged_z_p0p038_dedup_filtered,101,-0.0005981919821351767,-0.00046654770267196,-0.00013164427946321666,0.00013164427946321666,1.7330216315389488e-08
44,merged_z_p0p038_dedup_filtered,102,-0.0004583260742947459,-0.0005277741001918912,6.944802589714527e-05,6.944802589714527e-05,4.82302830101056e-09
44,merged_z_p0p038_dedup_filtered,103,-0.0006534199346788228,-0.0003524541389197111,-0.00030096579575911164,0.00030096579575911164,9.05804102169153e-08
44,merged_z_p0p038_dedup_filtered,104,-0.0005414918414317071,-0.00039330110303126276,-0.0001481907384004444,0.0001481907384004444,2.1960494947668943e-08
44,merged_z_p0p038_dedup_filtered,105,-0.00038191070780158043,-0.0005890292231924832,0.00020711851539090276,0.00020711851539090276,4.289807941773162e-08
44,merged_z_p0p038_dedup_filtered,106,-0.00041089998558163643,-0.0006503114709630609,0.00023941148538142443,0.00023941148538142443,5.731785933254e-08
44,merged_z_p0p038_dedup_filtered,107,-0.0004998954245820642,-0.000434155750554055,-6.573967402800918e-05,6.573967402800918e-05,4.321704741308904e-09
44,merged_z_p0p038_dedup_filtered,108,-0.0006494417320936918,0.004595550708472729,-0.0052449924405664206,0.0052449924405664206,2.7509945701598897e-05
44,merged_z_p0p038_dedup_filtered,109,-0.0007335343980230391,-0.000195943663129583,-0.0005375907348934561,0.0005375907348934561,2.890037982432862e-07
44,merged_z_p0p038_dedup_filtered,110,-0.000819212815258652,-0.00017551530618220568,-0.0006436975090764463,0.0006436975090764463,4.1434648319122166e-07
44,merged_z_p0p038_dedup_filtered,111,-0.0008989784400910139,-0.0001550936867715791,-0.0007438847533194348,0.0007438847533194348,5.533645262211164e-07
44,merged_z_p0p038_dedup_filtered,112,-0.0010921359062194824,-0.00018960496527142823,-0.0009025309409480542,0.0009025309409480542,8.145620993685801e-07
44,merged_z_p0p038_dedup_filtered,113,-0.0005482949782162905,-0.00047501467633992434,-7.328030187636614e-05,7.328030187636614e-05,5.370002643091351e-09
44,merged_z_p0p038_dedup_filtered,114,-0.0005670380196534097,-0.0007115888292901218,0.00014455080963671207,0.00014455080963671207,2.0894936566628972e-08
44,merged_z_p0p038_dedup_filtered,115,-0.0008457610383629799,-0.0007728756172582507,-7.288542110472918e-05,7.288542110472918e-05,5.312284609613701e-09
44,merged_z_p0p038_dedup_filtered,116,-0.0006879007560200989,-0.0005158754647709429,-0.000172025291249156,0.000172025291249156,2.9592700829356947e-08
44,merged_z_p0p038_dedup_filtered,117,-0.0009008829947561026,-0.0005567368352785707,-0.0003441461594775319,0.0003441461594775319,1.1843657908313483e-07
44,merged_z_p0p038_dedup_filtered,118,-0.001215868629515171,-0.0008341713109984994,-0.00038169731851667166,0.00038169731851667166,1.456928429628175e-07
44,merged_z_p0p038_dedup_filtered,119,-0.001625118893571198,-0.0008954599034041166,-0.0007296589901670814,0.0007296589901670814,5.324022419316449e-07
44,merged_z_p0p038_dedup_filtered,120,-0.0004959251382388175,-0.00027767239953391254,-0.00021825273870490491,0.00021825273870490491,4.76342579521915e-08
44,merged_z_p0p038_dedup_filtered,121,-0.0005277132149785757,-0.00025723950238898396,-0.00027047371258959174,0.00027047371258959174,7.315602920199708e-08
44,merged_z_p0p038_dedup_filtered,122,-0.00035181728890165687,0.000771452090702951,-0.0011232693796046078,0.0011232693796046078,1.2617340991573205e-06
44,merged_z_p0p038_dedup_filtered,123,-7.541643572039902e-05,0.0008390358416363597,-0.0009144522773567587,0.0009144522773567587,8.362229675629624e-07
44,merged_z_p0p038_dedup_filtered,124,0.00044736010022461414,0.0009618177427910268,-0.0005144576425664127,0.0005144576425664127,2.6466666599499084e-07
44,merged_z_p0p038_dedup_filtered,125,0.0007975770276971161,0.0010490822605788708,-0.00025150523288175464,0.00025150523288175464,6.325488216690563e-08
44,merged_z_p0p038_dedup_filtered,126,0.0008863875409588218,0.021287057548761368,-0.020400670007802546,0.020400670007802546,0.0004161873367672543
44,merged_z_p0p038_dedup_filtered,127,0.0009009895147755742,0.0011778248008340597,-0.0002768352860584855,0.0002768352860584855,7.66377756070835e-08
45,merged_z_p0p040_dedup_filtered,0,-0.0014366412069648504,-0.001447714283131063,1.1073076166212559e-05,1.1073076166212559e-05,1.2261301578274462e-10
45,merged_z_p0p040_dedup_filtered,1,-0.001621556468307972,-0.001375006278976798,-0.0002465501893311739,0.0002465501893311739,6.07869958592377e-08
45,merged_z_p0p040_dedup_filtered,2,-0.0018835383234545588,-0.0013246310409158468,-0.000558907282538712,0.000558907282538712,3.1237735047480767e-07
45,merged_z_p0p040_dedup_filtered,3,-0.0014541539130732417,-0.0008837009663693607,-0.000570452946703881,0.000570452946703881,3.254165644031409e-07
45,merged_z_p0p040_dedup_filtered,4,-0.0016132424352690578,-0.0008428021101281047,-0.0007704403251409531,0.0007704403251409531,5.935782946032975e-07
45,merged_z_p0p040_dedup_filtered,5,-0.0021614967845380306,-0.001263270853087306,-0.0008982259314507246,0.0008982259314507246,8.068098239305218e-07
45,merged_z_p0p040_dedup_filtered,6,-0.0023902771063148975,-0.0012019394198432565,-0.001188337686471641,0.001188337686471641,1.4121464570887723e-06
45,merged_z_p0p040_dedup_filtered,7,-0.0017370283603668213,-0.0008019231609068811,-0.0009351051994599402,0.0009351051994599402,8.744217340570145e-07
45,merged_z_p0p040_dedup_filtered,8,-0.0017904535634443164,-0.0007610530010424554,-0.001029400562401861,0.001029400562401861,1.0596655178732676e-06
45,merged_z_p0p040_dedup_filtered,9,-0.0025128263514488935,-0.0011406324338167906,-0.001372193917632103,0.001372193917632103,1.8829161475865386e-06
45,merged_z_p0p040_dedup_filtered,10,-0.0024924634490162134,-0.0010793345281854272,-0.0014131289208307862,0.0014131289208307862,1.9969333468883825e-06
45,merged_z_p0p040_dedup_filtered,11,-0.0017523170681670308,-0.0007201872649602592,-0.0010321298032067716,0.0010321298032067716,1.065291930667649e-06
45,merged_z_p0p040_dedup_filtered,12,-0.001620089286006987,-0.0006793235661461949,-0.0009407657198607922,0.0009407657198607922,8.850401396651945e-07
45,merged_z_p0p040_dedup_filtered,13,-0.002320448402315378,-0.0010180397657677531,-0.001302408636547625,0.001302408636547625,1.6962682565538437e-06
45,merged_z_p0p040_dedup_filtered,14,-0.0020176058169454336,-0.0009567463421262801,-0.0010608594748191535,0.0010608594748191535,1.1254228253135703e-06
45,merged_z_p0p040_dedup_filtered,15,-0.0014106897870078683,-0.000638460973277688,-0.0007722288137301803,0.0007722288137301803,5.963373407551214e-07
45,merged_z_p0p040_dedup_filtered,16,-0.0011570596834644675,-0.0005975988460704684,-0.0005594608373939991,0.0005594608373939991,3.129964285775947e-07
45,merged_z_p0p040_dedup_filtered,17,-0.00048758694902062416,0.012447596527636051,-0.012935183476656675,0.012935183476656675,0.00016731897157477187
45,merged_z_p0p040_dedup_filtered,18,-0.00048716479795984924,-4.381816864906796e-08,-0.00048712097979120017,0.00048712097979120017,2.3728684895273885e-07
45,merged_z_p0p040_dedup_filtered,19,-0.0005985157913528383,-3.940547443903597e-08,-0.0005984763858783992,0.0005984763858783992,3.5817398445407063e-07
45,merged_z_p0p040_dedup_filtered,20,-0.0006813600193709135,-3.528859693346931e-08,-0.00068132473077398,0.00068132473077398,4.6420338876423637e-07
45,merged_z_p0p040_dedup_filtered,21,-0.0007197863887995481,-3.133590809056841e-08,-0.0007197550528914576,0.0007197550528914576,5.180473361627849e-07
45,merged_z_p0p040_dedup_filtered,22,-0.0007066019461490214,-2.7436634297828277e-08,-0.0007065745095147236,0.0007065745095147236,4.992475374959722e-07
45,merged_z_p0p040_dedup_filtered,23,-0.0006450319779105484,-2.3607100274603e-08,-0.0006450083708102738,0.0006450083708102738,4.160357984153237e-07
45,merged_z_p0p040_dedup_filtered,24,-0.0005482102278620005,-1.99208045614796e-08,-0.000548190307057439,0.000548190307057439,3.0051261275172923e-07
45,merged_z_p0p040_dedup_filtered,25,-0.00043654744513332844,-1.6569588368042787e-08,-0.0004365308755449604,0.0004365308755449604,1.905592053040497e-07
45,merged_z_p0p040_dedup_filtered,26,-0.0003335223300382495,-1.3542215349104936e-08,-0.0003335087878229004,0.0003335087878229004,1.112281115551004e-07
45,merged_z_p0p040_dedup_filtered,27,-0.000260788481682539,-1.0667145389220423e-08,-0.00026077781453714977,0.00026077781453714977,6.800506855477208e-08
45,merged_z_p0p040_dedup_filtered,28,-0.0002336336183361709,-7.969680915209665e-09,-0.0002336256486552557,0.0002336256486552557,5.458094370958898e-08
45,merged_z_p0p040_dedup_filtered,29,0.00025326813920401037,9.47217849898152e-05,0.00015854635421419516,0.00015854635421419516,2.513694643461304e-08
45,merged_z_p0p040_dedup_filtered,30,-0.00028346606995910406,0.00021143874619156122,-0.0004949048161506653,0.0004949048161506653,2.449307770491238e-07
45,merged_z_p0p040_dedup_filtered,31,-0.00033712037838995457,0.00025207229191437364,-0.0005891926703043282,0.0005891926703043282,3.471480027403448e-07
45,merged_z_p0p040_dedup_filtered,32,-0.0007853637216612697,0.00037894511478953063,-0.0011643088364508003,0.0011643088364508003,1.3556150666374164e-06
45,merged_z_p0p040_dedup_filtered,33,-0.0007091519073583186,0.0008117383695207536,-0.0015208902768790722,0.0015208902768790722,2.313107234305301e-06
45,merged_z_p0p040_dedup_filtered,34,-0.0008254804997704923,0.0004891888820566237,-0.001314669381827116,0.001314669381827116,1.7283555835136914e-06
45,merged_z_p0p040_dedup_filtered,35,-0.0005350868450477719,0.0003336321096867323,-0.0008687189547345042,0.0008687189547345042,7.546726223150096e-07
45,merged_z_p0p040_dedup_filtered,36,-0.0006288518779911101,0.00037446481292136014,-0.0010033166909124702,0.0010033166909124702,1.0066443822635493e-06
45,merged_z_p0p040_dedup_filtered,37,-0.0006832218496128917,0.0004153090703766793,-0.001098530919989571,0.001098530919989571,1.2067701821731332e-06
45,merged_z_p0p040_dedup_filtered,38,-0.000747165409848094,0.0006241575465537608,-0.0013713229564018548,0.0013713229564018548,1.8805266507547232e-06
45,merged_z_p0p040_dedup_filtered,39,-0.0006781767588108778,0.0004561584210023284,-0.0011343351798132062,0.0011343351798132062,1.2867163001618588e-06
45,merged_z_p0p040_dedup_filtered,40,-0.00060458411462605,0.0004970102454535663,-0.0011015943600796163,0.0011015943600796163,1.2135101341592194e-06
45,merged_z_p0p040_dedup_filtered,41,-0.00046611885773018,0.0005378634086810052,-0.0010039822664111853,0.0010039822664111853,1.0079803912681402e-06
45,merged_z_p0p040_dedup_filtered,42,-0.00027849210891872644,0.0005787170375697315,-0.0008572091464884579,0.0008572091464884579,7.348075208234705e-07
45,merged_z_p0p040_dedup_filtered,43,-6.618577754124999e-05,0.0006195716559886932,-0.0006857574335299432,0.0006857574335299432,4.702632576415745e-07
45,merged_z_p0p040_dedup_filtered,44,0.00014258318697102368,0.0006604263326153159,-0.0005178431456442922,0.0005178431456442922,2.6816152349077566e-07
45,merged_z_p0p040_dedup_filtered,45,0.0003215653414372355,0.0007012812420725822,-0.00037971590063534677,0.00037971590063534677,1.4418416519531254e-07
45,merged_z_p0p040_dedup_filtered,46,0.0004516169719863683,0.0007421369664371014,-0.00029051999445073307,0.00029051999445073307,8.440186717565397e-08
45,merged_z_p0p040_dedup_filtered,47,0.0005241796025075018,0.0007829946698620915,-0.0002588150673545897,0.0002588150673545897,6.69852390897608e-08
45,merged_z_p0p040_dedup_filtered,48,0.0005423778784461319,0.0008238583686761558,-0.00028148049023002386,0.00028148049023002386,7.923126638013456e-08
45,merged_z_p0p040_dedup_filtered,49,0.0005195435369387269,0.0008647360373288393,-0.0003451925003901124,0.0003451925003901124,1.1915786232557775e-07
45,merged_z_p0p040_dedup_filtered,50,0.0004755391855724156,0.0009056436247192323,-0.00043010443914681673,0.00043010443914681673,1.8498982857379778e-07
45,merged_z_p0p040_dedup_filtered,51,0.0004317356215324253,0.0009466128540225327,-0.0005148772324901074,0.0005148772324901074,2.650985645366721e-07
45,merged_z_p0p040_dedup_filtered,52,0.0004057871410623193,0.0009877001866698265,-0.0005819130456075072,0.0005819130456075072,3.386227926482048e-07
45,merged_z_p0p040_dedup_filtered,53,0.0006514934357255697,0.0014846447156742215,-0.0008331512799486518,0.0008331512799486518,6.941410552800767e-07
45,merged_z_p0p040_dedup_filtered,54,0.0007256405078805983,0.0013856397708877921,-0.0006599992630071938,0.0006599992630071938,4.35599027170039e-07
45,merged_z_p0p040_dedup_filtered,55,-2.5668050511740148e-05,0.00046105115325190127,-0.0004867192037636414,0.0004867192037636414,2.368955833123131e-07
45,merged_z_p0p040_dedup_filtered,56,-5.327032704371959e-05,0.0004815375432372093,-0.0005348078702809289,0.0005348078702809289,2.860194581144229e-07
45,merged_z_p0p040_dedup_filtered,57,-6.468826904892921e-05,0.0005020664539188147,-0.0005667547229677439,0.0005667547229677439,3.212109160062441e-07
45,merged_z_p0p040_dedup_filtered,58,-0.0004130466259084642,-8.765365322460639e-08,-0.0004129589722552396,0.0004129589722552396,1.7053511276610373e-07
45,merged_z_p0p040_dedup_filtered,59,-0.0003802384017035365,-8.278884422452393e-08,-0.000380155612859312,0.000380155612859312,1.445182899884391e-07
45,merged_z_p0p040_dedup_filtered,60,-0.00032201691647060215,-7.802069035278691e-08,-0.00032193889578024937,0.00032193889578024937,1.0364465261620626e-07
45,merged_z_p0p040_dedup_filtered,61,-0.00025399026344530284,-7.334247698054241e-08,-0.0002539169209683223,0.0002539169209683223,6.447380275403324e-08
45,merged_z_p0p040_dedup_filtered,62,-0.0001951309386640787,-6.88823433847574e-08,-0.00019506205632069396,0.00019506205632069396,3.804920581605758e-08
45,merged_z_p0p040_dedup_filtered,63,-0.00016335300460923463,-6.451631406889646e-08,-0.00016328848829516573,0.00016328848829516573,2.6663130409720478e-08
45,merged_z_p0p040_dedup_filtered,64,-0.00017126322200056165,-6.008493613762766e-08,-0.00017120313706442403,0.00017120313706442403,2.931051414069996e-08
45,merged_z_p0p040_dedup_filtered,65,-0.00022304360754787922,-5.5533046605660275e-08,-0.00022298807450127356,0.00022298807450127356,4.9723681369785524e-08
45,merged_z_p0p040_dedup_filtered,66,-0.0003131756093353033,-5.0840792908957155e-08,-0.00031312476854239435,0.00031312476854239435,9.804712067472804e-08
45,merged_z_p0p040_dedup_filtered,67,-0.0005096183158457279,-0.0003287561412435025,-0.00018086217460222542,0.00018086217460222542,3.2711126201845875e-08
45,merged_z_p0p040_dedup_filtered,68,-0.0005409248406067491,-0.0003491897659841925,-0.00019173507462255657,0.00019173507462255657,3.6762338840517335e-08
45,merged_z_p0p040_dedup_filtered,69,-0.0005792086012661457,-0.00036962368176318705,-0.00020958491950295866,0.00020958491950295866,4.392583848306166e-08
45,merged_z_p0p040_dedup_filtered,70,-0.0006193253211677074,-0.00039005829603411257,-0.00022926702513359487,0.00022926702513359487,5.256336881360842e-08
45,merged_z_p0p040_dedup_filtered,71,-0.0006570444093085825,-0.00041049456922337413,-0.0002465498400852084,0.0002465498400852084,6.078682364604184e-08
45,merged_z_p0p040_dedup_filtered,72,-0.0006893468089401722,-0.00043093538261018693,-0.00025841142632998526,0.00025841142632998526,6.67764652578974e-08
45,merged_z_p0p040_dedup_filtered,73,-0.0007144138216972351,-0.00045138722634874284,-0.00026302659534849226,0.00026302659534849226,6.918298986061949e-08
45,merged_z_p0p040_dedup_filtered,74,-0.0007313786773011088,-0.000471863808343187,-0.00025951486895792186,0.00025951486895792186,6.734796721024736e-08
45,merged_z_p0p040_dedup_filtered,75,-0.0007399629103019834,-0.0004923840169794858,-0.0002475788933224976,0.0002475788933224976,6.129530841879265e-08
45,merged_z_p0p040_dedup_filtered,76,-0.0011622407473623753,-0.0009862297447398305,-0.00017601100262254477,0.00017601100262254477,3.097987304419346e-08
45,merged_z_p0p040_dedup_filtered,77,-0.0012386823073029518,-0.0009451392688788474,-0.00029354303842410445,0.00029354303842410445,8.616751540725526e-08
45,merged_z_p0p040_dedup_filtered,78,5.111804057378322e-06,0.0004405994259286672,-0.00043548762187128887,0.00043548762187128887,1.8964946880311067e-07
45,merged_z_p0p040_dedup_filtered,79,2.1537154680117965e-05,0.0004201637639198452,-0.00039862660923972726,0.00039862660923972726,1.589031735939622e-07
45,merged_z_p0p040_dedup_filtered,80,6.3391635194420815e-06,0.0003997348539996892,-0.00039339569048024714,0.00039339569048024714,1.547601692884304e-07
45,merged_z_p0p040_dedup_filtered,81,-5.250971298664808e-05,0.00037930873804725707,-0.00043181845103390515,0.00043181845103390515,1.8646717465332114e-07
45,merged_z_p0p040_dedup_filtered,82,-0.00015782981063239276,0.00035888361162506044,-0.0005167134222574532,0.0005167134222574532,2.6699276074100914e-07
45,merged_z_p0p040_dedup_filtered,83,-0.0003012715606018901,0.0003384589799679816,-0.0006397305405698717,0.0006397305405698717,4.092551645378202e-07
45,merged_z_p0p040_dedup_filtered,84,-0.0004639139515347779,0.0003180345520377159,-0.0007819485035724938,0.0007819485035724938,6.114434622392623e-07
45,merged_z_p0p040_dedup_filtered,85,-0.0006194054731167853,0.00029760986217297614,-0.0009170153352897614,0.0009170153352897614,8.409171251565936e-07
45,merged_z_p0p040_dedup_filtered,86,-0.0007390559185296297,0.00027718511410057545,-0.0010162410326302052,0.0010162410326302052,1.0327458364013057e-06
45,merged_z_p0p040_dedup_filtered,87,-0.0007978242356330156,0.00025676030782051384,-0.0010545845434535295,0.0010545845434535295,1.1121485592910892e-06
45,merged_z_p0p040_dedup_filtered,88,-0.0007799203740432858,0.00023633554519619793,-0.0010162559192394838,0.0010162559192394838,1.0327760933892882e-06
45,merged_z_p0p040_dedup_filtered,89,-0.0006827759789302945,0.0002159112336812541,-0.0008986872126115486,0.0008986872126115486,8.076387061115148e-07
45,merged_z_p0p040_dedup_filtered,90,-0.000518463202752173,0.0001954879699042067,-0.0007139511726563796,0.0007139511726563796,5.097262769374196e-07
45,merged_z_p0p040_dedup_filtered,91,-0.00031216093339025974,0.0001750672236084938,-0.00048722815699875355,0.00048722815699875355,2.3739127697240204e-07
45,merged_z_p0p040_dedup_filtered,92,-9.789224714040756e-05,0.0001546525745652616,-0.00025254482170566916,0.00025254482170566916,6.377888697034823e-08
45,merged_z_p0p040_dedup_filtered,93,8.766610699240118e-05,0.00013425250654108822,-4.658639954868704e-05,4.658639954868704e-05,2.170292622909908e-09
45,merged_z_p0p040_dedup_filtered,94,-0.0009628111147321761,-0.0001346870994893834,-0.0008281240152427927,0.0008281240152427927,6.857893846218451e-07
45,merged_z_p0p040_dedup_filtered,95,-0.0010053575970232487,-0.00011431432358222082,-0.0008910432734410278,0.0008910432734410278,7.939581151445023e-07
45,merged_z_p0p040_dedup_filtered,96,-0.0010498407064005733,-0.00023012967722024769,-0.0008197110291803256,0.0008197110291803256,6.719261713598686e-07
45,merged_z_p0p040_dedup_filtered,97,-0.000857679988257587,-0.00034439569571986794,-0.000513284292537719,0.000513284292537719,2.634607649659467e-07
45,merged_z_p0p040_dedup_filtered,98,-0.0007432043203152716,-0.00040538940811529756,-0.00033781491219997406,0.00033781491219997406,1.1411891490467618e-07
45,merged_z_p0p040_dedup_filtered,99,-0.0009436923428438604,-0.0002708356478251517,-0.0006728566950187087,0.0006728566950187087,4.527361320314996e-07
45,merged_z_p0p040_dedup_filtered,100,-0.0007970930892042816,-0.000311625306494534,-0.00048546778270974755,0.00048546778270974755,2.3567896804911867e-07
45,merged_z_p0p040_dedup_filtered,101,-0.0005913803470321,-0.00046654770267196,-0.00012483264436013997,0.00012483264436013997,1.5583189097945184e-08
45,merged_z_p0p040_dedup_filtered,102,-0.0004515298642218113,-0.0005277741001918912,7.62442359700799e-05,7.62442359700799e-05,5.8131835186612255e-09
45,merged_z_p0p040_dedup_filtered,103,-0.0006475987029261887,-0.0003524541389197111,-0.0002951445640064776,0.0002951445640064776,8.711031366257375e-08
45,merged_z_p0p040_dedup_filtered,104,-0.0005353812593966722,-0.00039330110303126276,-0.0001420801563654095,0.0001420801563654095,2.0186770832819212e-08
45,merged_z_p0p040_dedup_filtered,105,-0.0003756063524633646,-0.0005890292231924832,0.00021342287072911859,0.00021342287072911859,4.554932175025806e-08
45,merged_z_p0p040_dedup_filtered,106,-0.000405728118494153,-0.0006503114709630609,0.00024458335246890783,0.00024458335246890783,5.982101630493e-08
45,merged_z_p0p040_dedup_filtered,107,-0.0004942393861711025,-0.000434155750554055,-6.008363561704755e-05,6.008363561704755e-05,3.6100432689621447e-09
45,merged_z_p0p040_dedup_filtered,108,-0.0006463888566941023,0.004837420769035816,-0.0054838096257299185,0.0054838096257299185,3.007216801124811e-05
45,merged_z_p0p040_dedup_filtered,109,-0.0007304918253794312,-0.000195943663129583,-0.0005345481622498482,0.0005345481622498482,2.857417377646901e-07
45,merged_z_p0p040_dedup_filtered,110,-0.0008166912593878806,-0.00017551530618220568,-0.0006411759532056749,0.0006411759532056749,4.111066029692058e-07
45,merged_z_p0p040_dedup_filtered,111,-0.0008972730138339102,-0.0001550936867715791,-0.0007421793270623311,0.0007421793270623311,5.508301535186947e-07
45,merged_z_p0p040_dedup_filtered,112,-0.0010889582335948944,-0.00018960496527142823,-0.0008993532683234662,0.0008993532683234662,8.088363012441006e-07
45,merged_z_p0p040_dedup_filtered,113,-0.0005439534434117377,-0.00047501467633992434,-6.893876707181334e-05,6.893876707181334e-05,4.752553605381736e-09
45,merged_z_p0p040_dedup_filtered,114,-0.0005636866553686559,-0.0007115888292901218,0.00014790217392146587,0.00014790217392146587,2.187505305069554e-08
45,merged_z_p0p040_dedup_filtered,115,-0.0008448200533166528,-0.0007728756172582507,-7.194443605840206e-05,7.194443605840206e-05,5.176001879761503e-09
45,merged_z_p0p040_dedup_filtered,116,-0.0006856598192825913,-0.0005158754647709429,-0.00016978435451164842,0.00016978435451164842,2.8826727036937108e-08
45,merged_z_p0p040_dedup_filtered,117,-0.0009012686787173152,-0.0005567368352785707,-0.00034453184343874454,0.00034453184343874454,1.1870219114329958e-07
45,merged_z_p0p040_dedup_filtered,118,-0.0012176883174106479,-0.0008341713109984994,-0.0003835170064121485,0.0003835170064121485,1.4708529420733593e-07
45,merged_z_p0p040_dedup_filtered,119,-0.0016297083348035812,-0.0008954599034041166,-0.0007342484313994646,0.0007342484313994646,5.391207590125743e-07
45,merged_z_p0p040_dedup_filtered,120,-0.0004961066297255456,-0.00027767239953391254,-0.0002184342301916331,0.0002184342301916331,4.771351291941136e-08
45,merged_z_p0p040_dedup_filtered,121,-0.0005263808416202664,-0.00025723950238898396,-0.00026914133923128247,0.00026914133923128247,7.243706048320827e-08
45,merged_z_p0p040_dedup_filtered,122,-0.00034888344816863537,0.000771452090702951,-0.0011203355388715863,0.0011203355388715863,1.2551517196586877e-06
45,merged_z_p0p040_dedup_filtered,123,-7.305734470719472e-05,0.0008390358416363597,-0.0009120931863435544,0.0009120931863435544,8.319139805743378e-07
45,merged_z_p0p040_dedup_filtered,124,0.00044831825653091073,0.0009618177427910268,-0.0005134994862601161,0.0005134994862601161,2.6368172238940316e-07
45,merged_z_p0p040_dedup_filtered,125,0.0007985671982169151,0.0010490822605788708,-0.00025051506236195564,0.00025051506236195564,6.275779647021452e-08
45,merged_z_p0p040_dedup_filtered,126,0.0008883392438292503,0.022407425567507744,-0.021519086323678493,0.021519086323678493,0.0004630710762059268
45,merged_z_p0p040_dedup_filtered,127,0.0009045214974321425,0.0011778248008340597,-0.0002733033034019172,0.0002733033034019172,7.469469565040042e-08
46,merged_z_p0p042_dedup_filtered,0,-0.0014372614677995443,-0.001447714283131063,1.045281533151865e-05,1.045281533151865e-05,1.0926134835483135e-10
46,merged_z_p0p042_dedup_filtered,1,-0.0016233808128163218,-0.001375006278976798,-0.0002483745338395238,0.0002483745338395238,6.168990906000075e-08
46,merged_z_p0p042_dedup_filtered,2,-0.0018871016800403595,-0.0013246310409158468,-0.0005624706391245127,0.0005624706391245127,3.1637321987713777e-07
46,merged_z_p0p042_dedup_filtered,3,-0.0014544216683134437,-0.0008837009663693607,-0.000570720701944083,0.000570720701944083,3.257221196275468e-07
46,merged_z_p0p042_dedup_filtered,4,-0.0016159462975338101,-0.0008428021101281047,-0.0007731441874057055,0.0007731441874057055,5.977519345192286e-07
46,merged_z_p0p042_dedup_filtered,5,-0.0021669655106961727,-0.001263270853087306,-0.0009036946576088667,0.0009036946576088667,8.166640341908068e-07
46,merged_z_p0p042_dedup_filtered,6,-0.0023974240757524967,-0.0012019394198432565,-0.0011954846559092402,0.0011954846559092402,1.4291835625144345e-06
46,merged_z_p0p042_dedup_filtered,7,-0.0017419313080608845,-0.0008019231609068811,-0.0009400081471540034,0.0009400081471540034,8.836153167159025e-07
46,merged_z_p0p042_dedup_filtered,8,-0.0017968863248825073,-0.0007610530010424554,-0.0010358333238400519,0.0010358333238400519,1.0729506747775298e-06
46,merged_z_p0p042_dedup_filtered,9,-0.0025210659950971603,-0.0011406324338167906,-0.0013804335612803698,0.0013804335612803698,1.9055968171092044e-06
46,merged_z_p0p042_dedup_filtered,10,-0.002500960137695074,-0.0010793345281854272,-0.001421625609509647,0.001421625609509647,2.021019373613675e-06
46,merged_z_p0p042_dedup_filtered,11,-0.0017593121156096458,-0.0007201872649602592,-0.0010391248506493866,0.0010391248506493866,1.07978045523711e-06
46,merged_z_p0p042_dedup_filtered,12,-0.0016265716403722763,-0.0006793235661461949,-0.0009472480742260814,0.0009472480742260814,8.972789141250198e-07
46,merged_z_p0p042_dedup_filtered,13,-0.0023282680194824934,-0.0010180397657677531,-0.0013102282537147403,0.0013102282537147403,1.7166980768323778e-06
46,merged_z_p0p042_dedup_filtered,14,-0.002023883629590273,-0.0009567463421262801,-0.0010671372874639928,0.0010671372874639928,1.1387819902960085e-06
46,merged_z_p0p042_dedup_filtered,15,-0.0014156820252537727,-0.000638460973277688,-0.0007772210519760847,0.0007772210519760847,6.040725636348118e-07
46,merged_z_p0p042_dedup_filtered,16,-0.0011598606361076236,-0.0005975988460704684,-0.0005622617900371552,0.0005622617900371552,3.1613832053578594e-07
46,merged_z_p0p042_dedup_filtered,17,-0.0004892186261713505,0.013069978915154934,-0.013559197541326284,0.013559197541326284,0.00018385183796470876
46,merged_z_p0p042_dedup_filtered,18,-0.0004902505897916853,-4.381816864906796e-08,-0.0004902067716230363,0.0004902067716230363,2.4030267894507963e-07
46,merged_z_p0p042_dedup_filtered,19,-0.0006025204202160239,-3.940547443903597e-08,-0.0006024810147415849,0.0006024810147415849,3.629833731240498e-07
46,merged_z_p0p042_dedup_filtered,20,-0.0006858952692709863,-3.528859693346931e-08,-0.0006858599806740528,0.0006858599806740528,4.7040391309021217e-07
46,merged_z_p0p042_dedup_filtered,21,-0.0007243400323204696,-3.133590809056841e-08,-0.000724308696412379,0.000724308696412379,5.246230876985999e-07
46,merged_z_p0p042_dedup_filtered,22,-0.0007106275297701359,-2.7436634297828277e-08,-0.000710600093135838,0.000710600093135838,5.049524923646617e-07
46,merged_z_p0p042_dedup_filtered,23,-0.0006480509182438254,-2.3607100274603e-08,-0.0006480273111435508,0.0006480273111435508,4.1993939598794044e-07
46,merged_z_p0p042_dedup_filtered,24,-0.0005499053513631225,-1.99208045614796e-08,-0.000549885430558561,0.000549885430558561,3.02373986740574e-07
46,merged_z_p0p042_dedup_filtered,25,-0.0004368288500700146,-1.6569588368042787e-08,-0.00043681228048164655,0.00043681228048164655,1.9080496837957665e-07
46,merged_z_p0p042_dedup_filtered,26,-0.00033255101880058646,-1.3542215349104936e-08,-0.00033253747658523736,0.00033253747658523736,1.1058117333367728e-07
46,merged_z_p0p042_dedup_filtered,27,-0.00025895179715007544,-1.0667145389220423e-08,-0.0002589411300046862,0.0002589411300046862,6.705050880810381e-08
46,merged_z_p0p042_dedup_filtered,28,-0.00023147698084358126,-7.969680915209665e-09,-0.00023146901116266605,0.00023146901116266605,5.357790312862242e-08
46,merged_z_p0p042_dedup_filtered,29,0.00025677355006337166,9.47217849898152e-05,0.00016205176507355645,0.00016205176507355645,2.626077456345513e-08
46,merged_z_p0p042_dedup_filtered,30,-0.00028434969135560095,0.00021143874619156122,-0.0004957884375471622,0.0004957884375471622,2.4580617480545633e-07
46,merged_z_p0p042_dedup_filtered,31,-0.0003381357528269291,0.00025207229191437364,-0.0005902080447413027,0.0005902080447413027,3.483455360773516e-07
46,merged_z_p0p042_dedup_filtered,32,-0.0007889147382229567,0.00037894511478953063,-0.0011678598530124873,0.0011678598530124873,1.3638966362783484e-06
46,merged_z_p0p042_dedup_filtered,33,-0.0007113077444955707,0.0008523255819454789,-0.0015636333264410496,0.0015636333264410496,2.444949179557102e-06
46,merged_z_p0p042_dedup_filtered,34,-0.0008266379591077566,0.0004891888820566237,-0.0013158268411643803,0.0013158268411643803,1.7314002759286313e-06
46,merged_z_p0p042_dedup_filtered,35,-0.0005366011755540967,0.0003336321096867323,-0.000870233285240829,0.000870233285240829,7.57305970741046e-07
46,merged_z_p0p042_dedup_filtered,36,-0.0006306172581389546,0.00037446481292136014,-0.0010050820710603148,0.0010050820710603148,1.0101899695668916e-06
46,merged_z_p0p042_dedup_filtered,37,-0.0006851522484794259,0.0004153090703766793,-0.0011004613188561052,0.0011004613188561052,1.2110151142985185e-06
46,merged_z_p0p042_dedup_filtered,38,-0.0007453318103216588,0.0006241575465537608,-0.0013694893568754196,0.0013694893568754196,1.8755010985950504e-06
46,merged_z_p0p042_dedup_filtered,39,-0.0006801316048949957,0.0004561584210023284,-0.001136290025897324,0.001136290025897324,1.2911550229537414e-06
46,merged_z_p0p042_dedup_filtered,40,-0.0006063884356990457,0.0004970102454535663,-0.001103398681152612,0.001103398681152612,1.2174886495693235e-06
46,merged_z_p0p042_dedup_filtered,41,-0.0004675890668295324,0.0005378634086810052,-0.0010054524755105376,0.0010054524755105376,1.0109346805102683e-06
46,merged_z_p0p042_dedup_filtered,42,-0.0002794624597299844,0.0005787170375697315,-0.0008581794972997159,0.0008581794972997159,7.36472049585593e-07
46,merged_z_p0p042_dedup_filtered,43,-6.653050513705239e-05,0.0006195716559886932,-0.0006861021611257456,0.0006861021611257456,4.707361755014186e-07
46,merged_z_p0p042_dedup_filtered,44,0.00014293554704636335,0.0006604263326153159,-0.0005174907855689526,0.0005174907855689526,2.6779671314877164e-07
46,merged_z_p0p042_dedup_filtered,45,0.00032262731110677123,0.0007012812420725822,-0.000378653930965811,0.000378653930965811,1.4337879943586117e-07
46,merged_z_p0p042_dedup_filtered,46,0.0004533473984338343,0.0007421369664371014,-0.00028878956800326705,0.00028878956800326705,8.33994145875136e-08
46,merged_z_p0p042_dedup_filtered,47,0.0005264960345812142,0.0007829946698620915,-0.00025649863528087735,0.00025649863528087735,6.579154990095254e-08
46,merged_z_p0p042_dedup_filtered,48,0.0005451732431538403,0.0008238583686761558,-0.0002786851255223155,0.0002786851255223155,7.766539918738875e-08
46,merged_z_p0p042_dedup_filtered,49,0.0005227029323577881,0.0008647360373288393,-0.0003420331049710512,0.0003420331049710512,1.1698664489613814e-07
46,merged_z_p0p042_dedup_filtered,50,0.0004789528320543468,0.0009056436247192323,-0.0004266907926648855,0.0004266907926648855,1.8206503254498832e-07
46,merged_z_p0p042_dedup_filtered,51,0.00043530622497200966,0.0009466128540225327,-0.000511306629050523,0.000511306629050523,2.614344689110092e-07
46,merged_z_p0p042_dedup_filtered,52,0.0004094302130397409,0.0009877001866698265,-0.0005782699736300856,0.0005782699736300856,3.343961624021399e-07
46,merged_z_p0p042_dedup_filtered,53,0.0006616143509745598,0.0014846447156742215,-0.0008230303646996617,0.0008230303646996617,6.773789812176582e-07
46,merged_z_p0p042_dedup_filtered,54,0.0007342780590988696,0.0013856397708877921,-0.0006513617117889225,0.0006513617117889225,4.242720795845954e-07
46,merged_z_p0p042_dedup_filtered,55,-2.8197551728226244e-05,0.00046105115325190127,-0.0004892487049801275,0.0004892487049801275,2.3936429532473185e-07
46,merged_z_p0p042_dedup_filtered,56,-5.688978126272559e-05,0.0004815375432372093,-0.0005384273244999349,0.0005384273244999349,2.899039837681582e-07
46,merged_z_p0p042_dedup_filtered,57,-6.872585800010711e-05,0.0005020664539188147,-0.0005707923119189218,0.0005707923119189218,3.258038633457477e-07
46,merged_z_p0p042_dedup_filtered,58,-0.0004128029104322195,-8.765365322460639e-08,-0.0004127152567789949,0.0004127152567789949,1.703338831781517e-07
46,merged_z_p0p042_dedup_filtered,59,-0.00037982669891789556,-8.278884422452393e-08,-0.00037974391007367103,0.00037974391007367103,1.4420543723804036e-07
46,merged_z_p0p042_dedup_filtered,60,-0.0003213279414921999,-7.802069035278691e-08,-0.0003212499208018471,0.0003212499208018471,1.0320151161519304e-07
46,merged_z_p0p042_dedup_filtered,61,-0.0002530307974666357,-7.334247698054241e-08,-0.00025295745498965516,0.00025295745498965516,6.398747403484342e-08
46,merged_z_p0p042_dedup_filtered,62,-0.0001940446818480268,-6.88823433847574e-08,-0.00019397579950464205,0.00019397579950464205,3.762661079346509e-08
46,merged_z_p0p042_dedup_filtered,63,-0.00016240474360529333,-6.451631406889646e-08,-0.00016234022729122444,0.00016234022729122444,2.6354349396966412e-08
46,merged_z_p0p042_dedup_filtered,64,-0.00017078885866794735,-6.008493613762766e-08,-0.00017072877373180972,0.00017072877373180972,2.9148314179967484e-08
46,merged_z_p0p042_dedup_filtered,65,-0.00022337608970701694,-5.5533046605660275e-08,-0.00022332055666041128,0.00022332055666041128,4.9872071027115964e-08
46,merged_z_p0p042_dedup_filtered,66,-0.0003145634545944631,-5.0840792908957155e-08,-0.00031451261380155415,0.00031451261380155415,9.891818424028556e-08
46,merged_z_p0p042_dedup_filtered,67,-0.000512840342707932,-0.0003287561412435025,-0.0001840842014644295,0.0001840842014644295,3.388699322879667e-08
46,merged_z_p0p042_dedup_filtered,68,-0.0005444714915938675,-0.0003491897659841925,-0.00019528172560967505,0.00019528172560967505,3.8134952357092416e-08
46,merged_z_p0p042_dedup_filtered,69,-0.0005822970415465534,-0.00036962368176318705,-0.00021267335978336632,0.00021267335978336632,4.5229957961545176e-08
46,merged_z_p0p042_dedup_filtered,70,-0.0006211852305568755,-0.00039005829603411257,-0.0002311269345227629,0.0002311269345227629,5.3419659861889526e-08
46,merged_z_p0p042_dedup_filtered,71,-0.0006570734549313784,-0.00041049456922337413,-0.00024657888570800424,0.00024657888570800424,6.080114687700102e-08
46,merged_z_p0p042_dedup_filtered,72,-0.0006872379453852773,-0.00043093538261018693,-0.00025630256277509034,0.00025630256277509034,6.569100368507912e-08
46,merged_z_p0p042_dedup_filtered,73,-0.0007102281088009477,-0.00045138722634874284,-0.0002588408824522048,0.0002588408824522048,6.699860242863611e-08
46,merged_z_p0p042_dedup_filtered,74,-0.0007255473756231368,-0.000471863808343187,-0.0002536835672799498,0.0002536835672799498,6.435535230788081e-08
46,merged_z_p0p042_dedup_filtered,75,-0.000733215594664216,-0.0004923840169794858,-0.0002408315776847303,0.0002408315776847303,5.799984881011628e-08
46,merged_z_p0p042_dedup_filtered,76,-0.0011584099847823381,-0.0009862297447398305,-0.00017218024004250765,0.00017218024004250765,2.9646035061095554e-08
46,merged_z_p0p042_dedup_filtered,77,-0.001235896721482277,-0.0009451392688788474,-0.00029075745260342956,0.00029075745260342956,8.453989624443558e-08
46,merged_z_p0p042_dedup_filtered,78,4.071942385053262e-06,0.0004405994259286672,-0.0004365274835436139,0.0004365274835436139,1.9055624388892011e-07
46,merged_z_p0p042_dedup_filtered,79,2.200832386733964e-05,0.0004201637639198452,-0.0003981554400525056,0.0003981554400525056,1.5852775444340437e-07
46,merged_z_p0p042_dedup_filtered,80,7.945563993416727e-06,0.0003997348539996892,-0.0003917892900062725,0.0003917892900062725,1.534988477636191e-07
46,merged_z_p0p042_dedup_filtered,81,-5.046746809966862e-05,0.00037930873804725707,-0.0004297762061469257,0.0004297762061469257,1.8470758737004477e-07
46,merged_z_p0p042_dedup_filtered,82,-0.00015622400678694248,0.00035888361162506044,-0.0005151076184120029,0.0005151076184120029,2.653358585460856e-07
46,merged_z_p0p042_dedup_filtered,83,-0.0003009523788932711,0.0003384589799679816,-0.0006394113588612527,0.0006394113588612527,4.0884688584079364e-07
46,merged_z_p0p042_dedup_filtered,84,-0.0004655132652260363,0.0003180345520377159,-0.0007835478172637522,0.0007835478172637522,6.139471819387904e-07
46,merged_z_p0p042_dedup_filtered,85,-0.0006231836741790175,0.00029760986217297614,-0.0009207935363519937,0.0009207935363519937,8.478607365876103e-07
46,merged_z_p0p042_dedup_filtered,86,-0.0007448261021636426,0.00027718511410057545,-0.001022011216264218,0.001022011216264218,1.0445069261698664e-06
46,merged_z_p0p042_dedup_filtered,87,-0.000804973125923425,0.00025676030782051384,-0.0010617334337439388,0.0010617334337439388,1.1272778843296949e-06
46,merged_z_p0p042_dedup_filtered,88,-0.0007875221781432629,0.00023633554519619793,-0.0010238577233394608,0.0010238577233394608,1.0482846376418638e-06
46,merged_z_p0p042_dedup_filtered,89,-0.0006897773710079491,0.0002159112336812541,-0.0009056886046892032,0.0009056886046892032,8.202718486638758e-07
46,merged_z_p0p042_dedup_filtered,90,-0.0005239002639427781,0.0001954879699042067,-0.0007193882338469848,0.0007193882338469848,5.175194309974841e-07
46,merged_z_p0p042_dedup_filtered,91,-0.000315361307002604,0.0001750672236084938,-0.0004904285306110978,0.0004904285306110978,2.405201436373605e-07
46,merged_z_p0p042_dedup_filtered,92,-9.862036677077413e-05,0.0001546525745652616,-0.00025327294133603573,0.00025327294133603573,6.4147182813007e-08
46,merged_z_p0p042_dedup_filtered,93,8.915395301301032e-05,0.00013425250654108822,-4.50985535280779e-05,4.50985535280779e-05,2.0338795303249076e-09
46,merged_z_p0p042_dedup_filtered,94,-0.0009620000491850078,-0.0001346870994893834,-0.0008273129496956244,0.0008273129496956244,6.844467167340748e-07
46,merged_z_p0p042_dedup_filtered,95,-0.0010051120771095157,-0.00011431432358222082,-0.0008907977535272948,0.0008907977535272948,7.935206376892751e-07
46,merged_z_p0p042_dedup_filtered,96,-0.0010466980747878551,-0.00023012967722024769,-0.0008165683975676075,0.0008165683975676075,6.667839479061302e-07
46,merged_z_p0p042_dedup_filtered,97,-0.0008519554394297302,-0.00034439569571986794,-0.0005075597437098622,0.0005075597437098622,2.5761689343482103e-07
46,merged_z_p0p042_dedup_filtered,98,-0.0007372406544163823,-0.00040538940811529756,-0.00033185124630108476,0.00033185124630108476,1.1012524967158322e-07
46,merged_z_p0p042_dedup_filtered,99,-0.0009399050613865256,-0.0002708356478251517,-0.000669069413561374,0.000669069413561374,4.4765388016336085e-07
46,merged_z_p0p042_dedup_filtered,100,-0.0007924799574539065,-0.000311625306494534,-0.0004808546509593725,0.0004808546509593725,2.3122119534925998e-07
46,merged_z_p0p042_dedup_filtered,101,-0.0005851887399330735,-0.00046654770267196,-0.00011864103726111352,0.00011864103726111352,1.4075695722392928e-08
46,merged_z_p0p042_dedup_filtered,102,-0.00044533159234561026,-0.0005277741001918912,8.244250784628093e-05,8.244250784628093e-05,6.796767099984093e-09
46,merged_z_p0p042_dedup_filtered,103,-0.0006422812584787607,-0.0003524541389197111,-0.0002898271195590496,0.0002898271195590496,8.399975923189563e-08
46,merged_z_p0p042_dedup_filtered,104,-0.0005297939060255885,-0.00039330110303126276,-0.00013649280299432576,0.00013649280299432576,1.8630285269247822e-08
46,merged_z_p0p042_dedup_filtered,105,-0.00036983334575779736,-0.0005890292231924832,0.00021919587743468583,0.00021919587743468583,4.804683268436181e-08
46,merged_z_p0p042_dedup_filtered,106,-0.00040096492739394307,-0.0006503114709630609,0.0002493465435691178,0.0002493465435691178,6.217369878986595e-08
46,merged_z_p0p042_dedup_filtered,107,-0.0004890587879344821,-0.000434155750554055,-5.490303738042712e-05,5.490303738042712e-05,3.014343513596578e-09
46,merged_z_p0p042_dedup_filtered,108,-0.0006435979157686234,0.00507929315790534,-0.0057228910736739635,0.0057228910736739635,3.275148224113713e-05
46,merged_z_p0p042_dedup_filtered,109,-0.0007277061813510954,-0.000195943663129583,-0.0005317625182215124,0.0005317625182215124,2.8277137578528435e-07
46,merged_z_p0p042_dedup_filtered,110,-0.0008143751183524728,-0.00017551530618220568,-0.0006388598121702671,0.0006388598121702671,4.0814185960622897e-07
46,merged_z_p0p042_dedup_filtered,111,-0.000895695120561868,-0.0001550936867715791,-0.0007406014337902889,0.0007406014337902889,5.484904837322316e-07
46,merged_z_p0p042_dedup_filtered,112,-0.0010860604234039783,-0.00018960496527142823,-0.0008964554581325501,0.0008964554581325501,8.036323884156403e-07
46,merged_z_p0p042_dedup_filtered,113,-0.0005399624351412058,-0.00047501467633992434,-6.494775880128145e-05,6.494775880128145e-05,4.218211373309432e-09
46,merged_z_p0p042_dedup_filtered,114,-0.0005605628830380738,-0.0007115888292901218,0.00015102594625204802,0.00015102594625204802,2.2808836441326496e-08
46,merged_z_p0p042_dedup_filtered,115,-0.0008438779041171074,-0.0007728756172582507,-7.100228685885668e-05,7.100228685885668e-05,5.041324739187372e-09
46,merged_z_p0p042_dedup_filtered,116,-0.0006835749954916537,-0.0005158754647709429,-0.00016769953072071075,0.00016769953072071075,2.812313260394661e-08
46,merged_z_p0p042_dedup_filtered,117,-0.0009015698451548815,-0.0005567368352785707,-0.0003448330098763108,0.0003448330098763108,1.1890980470035588e-07
46,merged_z_p0p042_dedup_filtered,118,-0.0012192538706585765,-0.0008341713109984994,-0.0003850825596600771,0.0003850825596600771,1.4828857775435684e-07
46,merged_z_p0p042_dedup_filtered,119,-0.0016337964916601777,-0.0008954599034041166,-0.0007383365882560611,0.0007383365882560611,5.451409175576003e-07
46,merged_z_p0p042_dedup_filtered,120,-0.000496261811349541,-0.00027767239953391254,-0.0002185894118156284,0.0002185894118156284,4.778133095790239e-08
46,merged_z_p0p042_dedup_filtered,121,-0.0005251592374406755,-0.00025723950238898396,-0.00026791973505169153,0.00026791973505169153,7.178098443016859e-08
46,merged_z_p0p042_dedup_filtered,122,-0.0003462029853835702,0.000771452090702951,-0.0011176550760865211,0.0011176550760865211,1.2491528691019674e-06
46,merged_z_p0p042_dedup_filtered,123,-7.089425344020128e-05,0.0008390358416363597,-0.000909930095076561,0.000909930095076561,8.279727779260393e-07
46,merged_z_p0p042_dedup_filtered,124,0.0004492209991440177,0.0009618177427910268,-0.0005125967436470091,0.0005125967436470091,2.627554215975176e-07
46,merged_z_p0p042_dedup_filtered,125,0.0007995105115696788,0.0010490822605788708,-0.000249571749009192,0.000249571749009192,6.228605790350712e-08
46,merged_z_p0p042_dedup_filtered,126,0.00089016102720052,0.023527801036834717,-0.022637640009634197,0.022637640009634197,0.0005124627452057909
46,merged_z_p0p042_dedup_filtered,127,0.0009077818249352276,0.0011778248008340597,-0.0002700429758988321,0.0002700429758988321,7.29232088322972e-08
47,merged_z_p0p044_dedup_filtered,0,-0.0014377753250300884,-0.001447714283131063,9.93895810097456e-06,9.93895810097456e-06,9.878288813292783e-11
47,merged_z_p0p044_dedup_filtered,1,-0.0016249995678663254,-0.001375006278976798,-0.0002499932888895273,0.0002499932888895273,6.249664448980266e-08
47,merged_z_p0p044_dedup_filtered,2,-0.0018903157906606793,-0.0013246310409158468,-0.0005656847497448325,0.0005656847497448325,3.199992360938738e-07
47,merged_z_p0p044_dedup_filtered,3,-0.0014546767342835665,-0.0008837009663693607,-0.0005709757679142058,0.0005709757679142058,3.26013327545217e-07
47,merged_z_p0p044_dedup_filtered,4,-0.0016184195410460234,-0.0008428021101281047,-0.0007756174309179187,0.0007756174309179187,6.015823991437124e-07
47,merged_z_p0p044_dedup_filtered,5,-0.0021719299256801605,-0.001263270853087306,-0.0009086590725928545,0.0009086590725928545,8.256613102053064e-07
47,merged_z_p0p044_dedup_filtered,6,-0.0024039323907345533,-0.0012019394198432565,-0.0012019929708912969,0.0012019929708912969,1.444787102072086e-06
47,merged_z_p0p044_dedup_filtered,7,-0.0017464080592617393,-0.0008019231609068811,-0.0009444848983548582,0.0009444848983548582,8.920517232203868e-07
47,merged_z_p0p044_dedup_filtered,8,-0.001802758313715458,-0.0007610530010424554,-0.0010417053126730025,0.0010417053126730025,1.0851499584511579e-06
47,merged_z_p0p044_dedup_filtered,9,-0.0025285843294113874,-0.0011406324338167906,-0.0013879518955945969,0.0013879518955945969,1.9264104644846347e-06
47,merged_z_p0p044_dedup_filtered,10,-0.002508724108338356,-0.0010793345281854272,-0.0014293895801529288,0.0014293895801529288,2.043154571849766e-06
47,merged_z_p0p044_dedup_filtered,11,-0.0017657000571489334,-0.0007201872649602592,-0.0010455127921886742,0.0010455127921886742,1.0930969986301579e-06
47,merged_z_p0p044_dedup_filtered,12,-0.0016324976459145546,-0.0006793235661461949,-0.0009531740797683597,0.0009531740797683597,9.085408263422593e-07
47,merged_z_p0p044_dedup_filtered,13,-0.0023354238364845514,-0.0010180397657677531,-0.0013173840707167983,0.0013173840707167983,1.7355007897783622e-06
47,merged_z_p0p044_dedup_filtered,14,-0.0020296399015933275,-0.0009567463421262801,-0.0010728935594670475,0.0010728935594670475,1.1511005899458709e-06
47,merged_z_p0p044_dedup_filtered,15,-0.0014202570309862494,-0.000638460973277688,-0.0007817960577085614,0.0007817960577085614,6.112050758486483e-07
47,merged_z_p0p044_dedup_filtered,16,-0.001162446686066687,-0.0005975988460704684,-0.0005648478399962187,0.0005648478399962187,3.1905308234839386e-07
47,merged_z_p0p044_dedup_filtered,17,-0.000490718986839056,0.013692355714738369,-0.014183074701577425,0.014183074701577425,0.00020115960799052556
47,merged_z_p0p044_dedup_filtered,18,-0.000493041065055877,-4.381816864906796e-08,-0.0004929972468872279,0.0004929972468872279,2.430462854383863e-07
47,merged_z_p0p044_dedup_filtered,19,-0.0006061581079848111,-3.940547443903597e-08,-0.000606118702510372,0.000606118702510372,3.673798815328569e-07
47,merged_z_p0p044_dedup_filtered,20,-0.0006900268490426242,-3.528859693346931e-08,-0.0006899915604456908,0.0006899915604456908,4.760883534862793e-07
47,merged_z_p0p044_dedup_filtered,21,-0.0007284979801625013,-3.133590809056841e-08,-0.0007284666442544108,0.0007284666442544108,5.306636517912822e-07
47,merged_z_p0p044_dedup_filtered,22,-0.000714312307536602,-2.7436634297828277e-08,-0.0007142848709023042,0.0007142848709023042,5.102028767999214e-07
47,merged_z_p0p044_dedup_filtered,23,-0.0006508241640403867,-2.3607100274603e-08,-0.0006508005569401121,0.0006508005569401121,4.2354136491356004e-07
47,merged_z_p0p044_dedup_filtered,24,-0.0005514759104698896,-1.99208045614796e-08,-0.0005514559896653282,0.0005514559896653282,3.0410370853776653e-07
47,merged_z_p0p044_dedup_filtered,25,-0.0004371130489744246,-1.6569588368042787e-08,-0.00043709647938605656,0.00043709647938605656,1.9105333229168537e-07
47,merged_z_p0p044_dedup_filtered,26,-0.0003316942020319402,-1.3542215349104936e-08,-0.0003316806598165911,0.0003316806598165911,1.1001206009636924e-07
47,merged_z_p0p044_dedup_filtered,27,-0.00025730644119903445,-1.0667145389220423e-08,-0.00025729577405364523,0.00025729577405364523,6.620111534586446e-08
47,merged_z_p0p044_dedup_filtered,28,-0.00022954006271902472,-7.969680915209665e-09,-0.0002295320930381095,0.0002295320930381095,5.268498173445536e-08
47,merged_z_p0p044_dedup_filtered,29,0.0002600197331048548,9.47217849898152e-05,0.00016529794811503962,0.00016529794811503962,2.732341165104233e-08
47,merged_z_p0p044_dedup_filtered,30,-0.00028505458612926304,0.00021143874619156122,-0.0004964933323208243,0.0004964933323208243,2.4650562903903644e-07
47,merged_z_p0p044_dedup_filtered,31,-0.00033896841341629624,0.00025207229191437364,-0.0005910407053306699,0.0005910407053306699,3.4932911535777574e-07
47,merged_z_p0p044_dedup_filtered,32,-0.000792051840107888,0.00037894511478953063,-0.0011709969548974186,0.0011709969548974186,1.371233868379027e-06
47,merged_z_p0p044_dedup_filtered,33,-0.0007131918100640178,0.0008929120958782732,-0.001606103905942291,0.001606103905942291,2.5795697566830836e-06
47,merged_z_p0p044_dedup_filtered,34,-0.0008276359876617789,0.0004891888820566237,-0.0013168248697184026,0.0013168248697184026,1.734027737508888e-06
47,merged_z_p0p044_dedup_filtered,35,-0.0005379191716201603,0.0003336321096867323,-0.0008715512813068926,0.0008715512813068926,7.596016359476863e-07
47,merged_z_p0p044_dedup_filtered,36,-0.0006321813561953604,0.00037446481292136014,-0.0010066461691167206,0.0010066461691167206,1.0133365097973692e-06
47,merged_z_p0p044_dedup_filtered,37,-0.0006868812488391995,0.0004153090703766793,-0.0011021903192158788,0.0011021903192158788,1.214823499773201e-06
47,merged_z_p0p044_dedup_filtered,38,-0.0007436558371409774,0.0006241575465537608,-0.0013678133836947381,0.0013678133836947381,1.870913452614449e-06
47,merged_z_p0p044_dedup_filtered,39,-0.0006818922702223063,0.0004561584210023284,-0.0011380506912246346,0.0011380506912246346,1.2951593757968687e-06
47,merged_z_p0p044_dedup_filtered,40,-0.0006080151069909334,0.0004970102454535663,-0.0011050253524444997,0.0011050253524444997,1.2210810295450908e-06
47,merged_z_p0p044_dedup_filtered,41,-0.00046890866360627115,0.0005378634086810052,-0.0010067720722872764,0.0010067720722872764,1.0135900055376169e-06
47,merged_z_p0p044_dedup_filtered,42,-0.0002803197712637484,0.0005787170375697315,-0.0008590368088334799,0.0008590368088334799,7.379442389308087e-07
47,merged_z_p0p044_dedup_filtered,43,-6.680923252133653e-05,0.0006195716559886932,-0.0006863808885100298,0.0006863808885100298,4.711187241118179e-07
47,merged_z_p0p044_dedup_filtered,44,0.00014329931582324207,0.0006604263326153159,-0.0005171270167920738,0.0005171270167920738,2.674203514962698e-07
47,merged_z_p0p044_dedup_filtered,45,0.00032364134676754475,0.0007012812420725822,-0.0003776398953050375,0.0003776398953050375,1.4261189052599968e-07
47,merged_z_p0p044_dedup_filtered,46,0.00045496883103623986,0.0007421369664371014,-0.0002871681354008615,0.0002871681354008615,8.246553798960752e-08
47,merged_z_p0p044_dedup_filtered,47,0.0005286440718919039,0.0007829946698620915,-0.00025435059797018766,0.00025435059797018766,6.469422668779203e-08
47,merged_z_p0p044_dedup_filtered,48,0.0005477455561049283,0.0008238583686761558,-0.00027611281257122755,0.00027611281257122755,7.623828526599383e-08
47,merged_z_p0p044_dedup_filtered,49,0.0005255920113995671,0.0008647360373288393,-0.0003391440259292722,0.0003391440259292722,1.1501867032351484e-07
47,merged_z_p0p044_dedup_filtered,50,0.00048205905477516353,0.0009056436247192323,-0.0004235845699440688,0.0004235845699440688,1.794238878947017e-07
47,merged_z_p0p044_dedup_filtered,51,0.00043854385148733854,0.0009466128540225327,-0.0005080690025351942,0.0005080690025351942,2.5813411133710713e-07
47,merged_z_p0p044_dedup_filtered,52,0.0004127277061343193,0.0009877001866698265,-0.0005749724805355072,0.0005749724805355072,3.305933533731542e-07
47,merged_z_p0p044_dedup_filtered,53,0.0006707325810566545,0.0014846447156742215,-0.0008139121346175671,0.0008139121346175671,6.624529628777246e-07
47,merged_z_p0p044_dedup_filtered,54,0.0007420693291351199,0.0013856397708877921,-0.0006435704417526722,0.0006435704417526722,4.1418291349772964e-07
47,merged_z_p0p044_dedup_filtered,55,-3.0436975066550076e-05,0.00046105115325190127,-0.0004914881283184513,0.0004914881283184513,2.415605802779745e-07
47,merged_z_p0p044_dedup_filtered,56,-6.012122321408242e-05,0.0004815375432372093,-0.0005416587664512917,0.0005416587664512917,2.93394219273535e-07
47,merged_z_p0p044_dedup_filtered,57,-7.233789074234664e-05,0.0005020664539188147,-0.0005744043446611613,0.0005744043446611613,3.299403511656182e-07
47,merged_z_p0p044_dedup_filtered,58,-0.0004125792474951595,-8.765365322460639e-08,-0.0004124915938419349,0.0004124915938419349,1.7014931499025978e-07
47,merged_z_p0p044_dedup_filtered,59,-0.0003794466610997915,-8.278884422452393e-08,-0.000379363872255567,0.000379363872255567,1.4391694757273816e-07
47,merged_z_p0p044_dedup_filtered,60,-0.00032068919972516596,-7.802069035278691e-08,-0.0003206111790348132,0.0003206111790348132,1.0279152812209303e-07
47,merged_z_p0p044_dedup_filtered,61,-0.00025213792105205357,-7.334247698054241e-08,-0.00025206457857507303,0.00025206457857507303,6.353655177222916e-08
47,merged_z_p0p044_dedup_filtered,62,-0.00019302847795188427,-6.88823433847574e-08,-0.0001929595956084995,0.0001929595956084995,3.7233405537395666e-08
47,merged_z_p0p044_dedup_filtered,63,-0.00016150799638126045,-6.451631406889646e-08,-0.00016144348006719156,0.00016144348006719156,2.606399725620568e-08
47,merged_z_p0p044_dedup_filtered,64,-0.00017032038886100054,-6.008493613762766e-08,-0.0001702603039248629,0.0001702603039248629,2.8988571092586688e-08
47,merged_z_p0p044_dedup_filtered,65,-0.00022364281176123768,-5.5533046605660275e-08,-0.00022358727871463202,0.00022358727871463202,4.999127120301454e-08
47,merged_z_p0p044_dedup_filtered,66,-0.00031579541973769665,-5.0840792908957155e-08,-0.0003157445789447877,0.0003157445789447877,9.969463913302126e-08
47,merged_z_p0p044_dedup_filtered,67,-0.0005157715640962124,-0.0003287561412435025,-0.0001870154228527099,0.0001870154228527099,3.4974768384777884e-08
47,merged_z_p0p044_dedup_filtered,68,-0.0005476936348713934,-0.0003491897659841925,-0.00019850386888720095,0.00019850386888720095,3.9403785963187066e-08
47,merged_z_p0p044_dedup_filtered,69,-0.0005851041642017663,-0.00036962368176318705,-0.0002154804824385792,0.0002154804824385792,4.643183831196284e-08
47,merged_z_p0p044_dedup_filtered,70,-0.0006228828569874167,-0.00039005829603411257,-0.00023282456095330417,0.00023282456095330417,5.420727618309885e-08
47,merged_z_p0p044_dedup_filtered,71,-0.000657118100207299,-0.00041049456922337413,-0.00024662353098392487,0.00024662353098392487,6.082316603497895e-08
47,merged_z_p0p044_dedup_filtered,72,-0.0006853528320789337,-0.00043093538261018693,-0.0002544174494687468,0.0002544174494687468,6.472823859418232e-08
47,merged_z_p0p044_dedup_filtered,73,-0.0007064687088131905,-0.00045138722634874284,-0.0002550814824644476,0.0002550814824644476,6.50665626962603e-08
47,merged_z_p0p044_dedup_filtered,74,-0.0007203027489595115,-0.000471863808343187,-0.00024843894061632454,0.00024843894061632454,6.172190721456163e-08
47,merged_z_p0p044_dedup_filtered,75,-0.0007271443028002977,-0.0004923840169794858,-0.000234760285820812,0.000234760285820812,5.511239179866934e-08
47,merged_z_p0p044_dedup_filtered,76,-0.0011549340561032295,-0.0009862297447398305,-0.00016870431136339903,0.00016870431136339903,2.8461144672598687e-08
47,merged_z_p0p044_dedup_filtered,77,-0.001233372138813138,-0.0009451392688788474,-0.00028823286993429065,0.00028823286993429065,8.307818731055771e-08
47,merged_z_p0p044_dedup_filtered,78,3.188004484400153e-06,0.0004405994259286672,-0.00043741142144426703,0.00043741142144426703,1.913287516098942e-07
47,merged_z_p0p044_dedup_filtered,79,2.2498694306705147e-05,0.0004201637639198452,-0.0003976650696131401,0.0003976650696131401,1.5813750759042354e-07
47,merged_z_p0p044_dedup_filtered,80,9.467199561186135e-06,0.0003997348539996892,-0.0003902676544385031,0.0003902676544385031,1.5230884210093086e-07
47,merged_z_p0p044_dedup_filtered,81,-4.855229053646326e-05,0.00037930873804725707,-0.0004278610285837203,0.0004278610285837203,1.8306505978071914e-07
47,merged_z_p0p044_dedup_filtered,82,-0.00015471031656488776,0.00035888361162506044,-0.0005135939281899482,0.0005135939281899482,2.6377872307358167e-07
47,merged_z_p0p044_dedup_filtered,83,-0.00030061480356380343,0.0003384589799679816,-0.000639073783531785,0.000639073783531785,4.084153007976308e-07
47,merged_z_p0p044_dedup_filtered,84,-0.00046692739124409854,0.0003180345520377159,-0.0007849619432818145,0.0007849619432818145,6.161652524007625e-07
47,merged_z_p0p044_dedup_filtered,85,-0.0006265859119594097,0.00029760986217297614,-0.0009241957741323858,0.0009241957741323858,8.5413782892416e-07
47,merged_z_p0p044_dedup_filtered,86,-0.0007500454084947705,0.00027718511410057545,-0.001027230522595346,0.001027230522595346,1.0552025465515076e-06
47,merged_z_p0p044_dedup_filtered,87,-0.0008114493684843183,0.00025676030782051384,-0.001068209676304832,0.001068209676304832,1.1410719125512742e-06
47,merged_z_p0p044_dedup_filtered,88,-0.0007944105891510844,0.00023633554519619793,-0.0010307461343472824,0.0010307461343472824,1.0624375934718658e-06
47,merged_z_p0p044_dedup_filtered,89,-0.0006961172912269831,0.0002159112336812541,-0.0009120285249082372,0.0009120285249082372,8.31796030246295e-07
47,merged_z_p0p044_dedup_filtered,90,-0.0005288124084472656,0.0001954879699042067,-0.0007243003783514723,0.0007243003783514723,5.24611038080086e-07
47,merged_z_p0p044_dedup_filtered,91,-0.00031823283643461764,0.0001750672236084938,-0.0004933000600431114,0.0004933000600431114,2.4334494923853736e-07
47,merged_z_p0p044_dedup_filtered,92,-9.923640755005181e-05,0.0001546525745652616,-0.0002538889821153134,0.0002538889821153134,6.445961523954993e-08
47,merged_z_p0p044_dedup_filtered,93,9.055943519342691e-05,0.00013425250654108822,-4.3693071347661316e-05,4.3693071347661316e-05,1.9090844837918223e-09
47,merged_z_p0p044_dedup_filtered,94,-0.0009613343863748014,-0.0001346870994893834,-0.000826647286885418,0.000826647286885418,6.833457369150226e-07
47,merged_z_p0p044_dedup_filtered,95,-0.0010049589909613132,-0.00011431432358222082,-0.0008906446673790924,0.0008906446673790924,7.932479235308141e-07
47,merged_z_p0p044_dedup_filtered,96,-0.0010438773315399885,-0.00023012967722024769,-0.0008137476543197408,0.0008137476543197408,6.621852449108804e-07
47,merged_z_p0p044_dedup_filtered,97,-0.00084675382822752,-0.00034439569571986794,-0.000502358132507652,0.000502358132507652,2.523636932965757e-07
47,merged_z_p0p044_dedup_filtered,98,-0.0007318219286389649,-0.00040538940811529756,-0.00032643252052366734,0.00032643252052366734,1.065581904554345e-07
47,merged_z_p0p044_dedup_filtered,99,-0.0009364992147311568,-0.0002708356478251517,-0.0006656635669060051,0.0006656635669060051,4.431079843060256e-07
47,merged_z_p0p044_dedup_filtered,100,-0.0007883243961259723,-0.000311625306494534,-0.00047669908963143826,0.00047669908963143826,2.27242022055442e-07
47,merged_z_p0p044_dedup_filtered,101,-0.000579563551582396,-0.00046654770267196,-0.00011301584891043603,0.00011301584891043603,1.2772582104946506e-08
47,merged_z_p0p044_dedup_filtered,102,-0.00043970224214717746,-0.0005277741001918912,8.807185804471374e-05,8.807185804471374e-05,7.756652179448208e-09
47,merged_z_p0p044_dedup_filtered,103,-0.0006374870426952839,-0.0003524541389197111,-0.0002850329037755728,0.0002850329037755728,8.124375623473493e-08
47,merged_z_p0p044_dedup_filtered,104,-0.0005247558001428843,-0.00039330110303126276,-0.0001314546971116215,0.0001314546971116215,1.728033739270815e-08
47,merged_z_p0p044_dedup_filtered,105,-0.00036459448165260255,-0.0005890292231924832,0.00022443474153988063,0.00022443474153988063,5.037095321007302e-08
47,merged_z_p0p044_dedup_filtered,106,-0.00039664999349042773,-0.0006503114709630609,0.0002536614774726331,0.0002536614774726331,6.434414515359916e-08
47,merged_z_p0p044_dedup_filtered,107,-0.0004843916103709489,-0.000434155750554055,-5.0235859816893935e-05,5.0235859816893935e-05,2.5236416115426188e-09
47,merged_z_p0p044_dedup_filtered,108,-0.0006411263602785766,0.005321162287145853,-0.00596228864742443,0.00596228864742443,3.554888591520623e-05
47,merged_z_p0p044_dedup_filtered,109,-0.0007252451032400131,-0.000195943663129583,-0.0005293014401104301,0.0005293014401104301,2.8016001450297524e-07
47,merged_z_p0p044_dedup_filtered,110,-0.0008123429724946618,-0.00017551530618220568,-0.0006368276663124561,0.0006368276663124561,4.0554947658096897e-07
47,merged_z_p0p044_dedup_filtered,111,-0.0008943337597884238,-0.0001550936867715791,-0.0007392400730168447,0.0007392400730168447,5.464758855539499e-07
47,merged_z_p0p044_dedup_filtered,112,-0.0010834616841748357,-0.00018960496527142823,-0.0008938567189034075,0.0008938567189034075,7.989798339287652e-07
47,merged_z_p0p044_dedup_filtered,113,-0.0005363771924749017,-0.00047501467633992434,-6.136251613497734e-05,6.136251613497734e-05,3.7653583864153545e-09
47,merged_z_p0p044_dedup_filtered,114,-0.0005577460979111493,-0.0007115888292901218,0.00015384273137897253,0.00015384273137897253,2.36675859981427e-08
47,merged_z_p0p044_dedup_filtered,115,-0.0008430531015619636,-0.0007728756172582507,-7.017748430371284e-05,7.017748430371284e-05,4.924879303197863e-09
47,merged_z_p0p044_dedup_filtered,116,-0.0006817224202677608,-0.0005158754647709429,-0.00016584695549681783,0.00016584695549681783,2.7505212647563473e-08
47,merged_z_p0p044_dedup_filtered,117,-0.0009018852142617106,-0.0005567368352785707,-0.00034514837898314,0.00034514837898314,1.1912740351468923e-07
47,merged_z_p0p044_dedup_filtered,118,-0.0012207168620079756,-0.0008341713109984994,-0.0003865455510094762,0.0003865455510094762,1.4941746300521956e-07
47,merged_z_p0p044_dedup_filtered,119,-0.0016375590348616242,-0.0008954599034041166,-0.0007420991314575076,0.0007420991314575076,5.507111209099872e-07
47,merged_z_p0p044_dedup_filtered,120,-0.0004964336985722184,-0.00027767239953391254,-0.00021876129903830588,0.00021876129903830588,4.785650595692709e-08
47,merged_z_p0p044_dedup_filtered,121,-0.0005240932805463672,-0.00025723950238898396,-0.0002668537781573832,0.0002668537781573832,7.121093891686989e-08
47,merged_z_p0p044_dedup_filtered,122,-0.000343766383593902,0.000771452090702951,-0.001115218474296853,0.001115218474296853,1.2437122454130005e-06
47,merged_z_p0p044_dedup_filtered,123,-6.891728116897866e-05,0.0008390358416363597,-0.0009079531228053384,0.0009079531228053384,8.243788732119658e-07
47,merged_z_p0p044_dedup_filtered,124,0.0004500781069509685,0.0009618177427910268,-0.0005117396358400583,0.0005117396358400583,2.618774548897155e-07
47,merged_z_p0p044_dedup_filtered,125,0.0008004111587069929,0.0010490822605788708,-0.0002486711018718779,0.0002486711018718779,6.183731690617388e-08
47,merged_z_p0p044_dedup_filtered,126,0.0008918502135202289,0.024648169055581093,-0.023756318842060864,0.023756318842060864,0.000564362684925656
47,merged_z_p0p044_dedup_filtered,127,0.0009107601945288479,0.0011778248008340597,-0.0002670646063052118,0.0002670646063052118,7.132350394095776e-08
48,merged_z_p0p046_dedup_filtered,0,-0.0014383519301190972,-0.001447714283131063,9.362353011965752e-06,9.362353011965752e-06,8.765365392066418e-11
48,merged_z_p0p046_dedup_filtered,1,-0.0016265705926343799,-0.001375006278976798,-0.0002515643136575818,0.0002515643136575818,6.32846039060102e-08
48,merged_z_p0p046_dedup_filtered,2,-0.0018933223327621818,-0.0013246310409158468,-0.0005686912918463349,0.0005686912918463349,3.234097854218533e-07
48,merged_z_p0p046_dedup_filtered,3,-0.0014549404149875045,-0.0008837009663693607,-0.0005712394486181438,0.0005712394486181438,3.2631450765756095e-07
48,merged_z_p0p046_dedup_filtered,4,-0.0016207059379667044,-0.0008428021101281047,-0.0007779038278385997,0.0007779038278385997,6.051343653659457e-07
48,merged_z_p0p046_dedup_filtered,5,-0.0021765073761343956,-0.001263270853087306,-0.0009132365230470896,0.0009132365230470896,8.340009470271374e-07
48,merged_z_p0p046_dedup_filtered,6,-0.0024098907597362995,-0.0012019394198432565,-0.001207951339893043,0.001207951339893043,1.459146439549398e-06
48,merged_z_p0p046_dedup_filtered,7,-0.0017505200812593102,-0.0008019231609068811,-0.0009485969203524292,0.0009485969203524292,8.998361173021128e-07
48,merged_z_p0p046_dedup_filtered,8,-0.0018081399612128735,-0.0007610530010424554,-0.001047086960170418,0.001047086960170418,1.0963911021589266e-06
48,merged_z_p0p046_dedup_filtered,9,-0.002535437699407339,-0.0011406324338167906,-0.0013948052655905485,0.0013948052655905485,1.9454817289191206e-06
48,merged_z_p0p046_dedup_filtered,10,-0.002515779109671712,-0.0010793345281854272,-0.0014364445814862847,0.0014364445814862847,2.0633730356813077e-06
48,merged_z_p0p046_dedup_filtered,11,-0.001771547831594944,-0.0007201872649602592,-0.0010513605666346848,0.0010513605666346848,1.1053590410744055e-06
48,merged_z_p0p046_dedup_filtered,12,-0.0016379188746213913,-0.0006793235661461949,-0.0009585953084751964,0.0009585953084751964,9.189049654306569e-07
48,merged_z_p0p046_dedup_filtered,13,-0.0023419074714183807,-0.0010180397657677531,-0.0013238677056506276,0.0013238677056506276,1.7526257020646568e-06
48,merged_z_p0p046_dedup_filtered,14,-0.002034838078543544,-0.0009567463421262801,-0.0010780917364172637,0.0010780917364172637,1.1622817921311909e-06
48,merged_z_p0p046_dedup_filtered,15,-0.001424440648406744,-0.000638460973277688,-0.000785979675129056,0.000785979675129056,6.177640497159764e-07
48,merged_z_p0p046_dedup_filtered,16,-0.0011648115469142795,-0.0005975988460704684,-0.000567212700843811,0.000567212700843811,3.2173024799853067e-07
48,merged_z_p0p046_dedup_filtered,17,-0.0004921485669910908,0.014314737170934677,-0.014806885737925768,0.014806885737925768,0.0002192438652559895
48,merged_z_p0p046_dedup_filtered,18,-0.0004955789190717041,-4.381816864906796e-08,-0.0004955351009030551,0.0004955351009030551,2.45555036227001e-07
48,merged_z_p0p046_dedup_filtered,19,-0.0006094761192798615,-3.940547443903597e-08,-0.0006094367138054224,0.0006094367138054224,3.7141310813395234e-07
48,merged_z_p0p046_dedup_filtered,20,-0.0006938049918971956,-3.528859693346931e-08,-0.0006937697033002621,0.0006937697033002621,4.813164012173337e-07
48,merged_z_p0p046_dedup_filtered,21,-0.0007323110476136208,-3.133590809056841e-08,-0.0007322797117055302,0.0007322797117055302,5.362335761755344e-07
48,merged_z_p0p046_dedup_filtered,22,-0.0007177048828452826,-2.7436634297828277e-08,-0.0007176774462109847,0.0007176774462109847,5.150609167999209e-07
48,merged_z_p0p046_dedup_filtered,23,-0.0006533957784995437,-2.3607100274603e-08,-0.0006533721713992691,0.0006533721713992691,4.2689519435899583e-07
48,merged_z_p0p046_dedup_filtered,24,-0.0005529596237465739,-1.99208045614796e-08,-0.0005529397029420124,0.0005529397029420124,3.0574231508960096e-07
48,merged_z_p0p046_dedup_filtered,25,-0.0004374307463876903,-1.6569588368042787e-08,-0.00043741417679932226,0.00043741417679932226,1.9133116206502874e-07
48,merged_z_p0p046_dedup_filtered,26,-0.0003309765597805381,-1.3542215349104936e-08,-0.000330963017565189,0.000330963017565189,1.0953651899585559e-07
48,merged_z_p0p046_dedup_filtered,27,-0.00025587278651073575,-1.0667145389220423e-08,-0.00025586211936534653,0.00025586211936534653,6.546542412612683e-08
48,merged_z_p0p046_dedup_filtered,28,-0.00022784157772548497,-7.969680915209665e-09,-0.00022783360804456976,0.00022783360804456976,5.190815295460664e-08
48,merged_z_p0p046_dedup_filtered,29,0.00026285724015906453,9.47217849898152e-05,0.00016813545516924933,0.00016813545516924933,2.826953128497065e-08
48,merged_z_p0p046_dedup_filtered,30,-0.0002857237996067852,0.00021143874619156122,-0.0004971625457983464,0.0004971625457983464,2.471705969446929e-07
48,merged_z_p0p046_dedup_filtered,31,-0.00033975549740716815,0.00025207229191437364,-0.0005918277893215418,0.0005918277893215418,3.5026013221322325e-07
48,merged_z_p0p046_dedup_filtered,32,-0.0007948618731461465,0.00037894511478953063,-0.0011738069879356772,0.0011738069879356772,1.377822844926627e-06
48,merged_z_p0p046_dedup_filtered,33,-0.0007148862932808697,0.0009334991918876767,-0.0016483854851685464,0.0016483854851685464,2.7171747077143442e-06
48,merged_z_p0p046_dedup_filtered,34,-0.0008285163785330951,0.0004891888820566237,-0.0013177052605897188,0.0013177052605897188,1.7363471537858188e-06
48,merged_z_p0p046_dedup_filtered,35,-0.0005391524755395949,0.0003336321096867323,-0.0008727845852263272,0.0008727845852263272,7.61752932208692e-07
48,merged_z_p0p046_dedup_filtered,36,-0.0006336385849863291,0.00037446481292136014,-0.0010081033979076892,0.0010081033979076892,1.0162724608730288e-06
48,merged_z_p0p046_dedup_filtered,37,-0.0006884854519739747,0.0004153090703766793,-0.001103794522350654,0.001103794522350654,1.2183623475713084e-06
48,merged_z_p0p046_dedup_filtered,38,-0.0007421317277476192,0.0006241575465537608,-0.00136628927430138,0.00136628927430138,1.8667463810709914e-06
48,merged_z_p0p046_dedup_filtered,39,-0.0006835184758529067,0.0004561584210023284,-0.001139676896855235,0.001139676896855235,1.2988634292255782e-06
48,merged_z_p0p046_dedup_filtered,40,-0.0006095090066082776,0.0004970102454535663,-0.0011065192520618439,0.0011065192520618439,1.2243848551835024e-06
48,merged_z_p0p046_dedup_filtered,41,-0.00047011024435050786,0.0005378634086810052,-0.001007973653031513,0.001007973653031513,1.0160108852056931e-06
48,merged_z_p0p046_dedup_filtered,42,-0.00028108697733841836,0.0005787170375697315,-0.0008598040149081498,0.0008598040149081498,7.39262944052174e-07
48,merged_z_p0p046_dedup_filtered,43,-6.703771941829473e-05,0.0006195716559886932,-0.000686609375406988,0.000686609375406988,4.7143243439677413e-07
48,merged_z_p0p046_dedup_filtered,44,0.0001436640741303563,0.0006604263326153159,-0.0005167622584849596,0.0005167622584849596,2.670432317944762e-07
48,merged_z_p0p046_dedup_filtered,45,0.0003246011328883469,0.0007012812420725822,-0.00037668010918423533,0.00037668010918423533,1.4188790465504745e-07
48,merged_z_p0p046_dedup_filtered,46,0.00045647844672203064,0.0007421369664371014,-0.0002856585197150707,0.0002856585197150707,8.160078988580545e-08
48,merged_z_p0p046_dedup_filtered,47,0.0005306240636855364,0.0007829946698620915,-0.00025237060617655516,0.00025237060617655516,6.36909228619219e-08
48,merged_z_p0p046_dedup_filtered,48,0.0005500984843820333,0.0008238583686761558,-0.00027375988429412246,0.00027375988429412246,7.494447424873132e-08
48,merged_z_p0p046_dedup_filtered,49,0.0005282180500216782,0.0008647360373288393,-0.0003365179873071611,0.0003365179873071611,1.1324435578126263e-07
48,merged_z_p0p046_dedup_filtered,50,0.00048486783634871244,0.0009056436247192323,-0.0004207757883705199,0.0004207757883705199,1.7705226407883253e-07
48,merged_z_p0p046_dedup_filtered,51,0.0004414606955833733,0.0009466128540225327,-0.0005051521584391594,0.0005051521584391594,2.551787031757416e-07
48,merged_z_p0p046_dedup_filtered,52,0.00041569280438125134,0.0009877001866698265,-0.0005720073822885752,0.0005720073822885752,3.271924453926282e-07
48,merged_z_p0p046_dedup_filtered,53,0.0006790939369238913,0.0014846447156742215,-0.0008055507787503302,0.0008055507787503302,6.489120571452635e-07
48,merged_z_p0p046_dedup_filtered,54,0.0007492139702662826,0.0013856397708877921,-0.0006364258006215096,0.0006364258006215096,4.0503779969672943e-07
48,merged_z_p0p046_dedup_filtered,55,-3.2579395337961614e-05,0.00046105115325190127,-0.0004936305485898629,0.0004936305485898629,2.43671118501129e-07
48,merged_z_p0p046_dedup_filtered,56,-6.319207022897899e-05,0.0004815375432372093,-0.0005447296134661883,0.0005447296134661883,2.967303517870229e-07
48,merged_z_p0p046_dedup_filtered,57,-7.576461939606816e-05,0.0005020664539188147,-0.0005778310733148828,0.0005778310733148828,3.338887492882295e-07
48,merged_z_p0p046_dedup_filtered,58,-0.00041242007864639163,-8.765365322460639e-08,-0.000412332424993167,0.000412332424993167,1.700180287007457e-07
48,merged_z_p0p046_dedup_filtered,59,-0.00037914098356850445,-8.278884422452393e-08,-0.00037905819472427993,0.00037905819472427993,1.4368511498763012e-07
48,merged_z_p0p046_dedup_filtered,60,-0.00032014003954827785,-7.802069035278691e-08,-0.00032006201885792507,0.00032006201885792507,1.0243969591541078e-07
48,merged_z_p0p046_dedup_filtered,61,-0.0002513471117708832,-7.334247698054241e-08,-0.00025127376929390266,0.00025127376929390266,6.313850713516542e-08
48,merged_z_p0p046_dedup_filtered,62,-0.00019211441394872963,-6.88823433847574e-08,-0.00019204553160534488,0.00019204553160534488,3.6881486209579516e-08
48,merged_z_p0p046_dedup_filtered,63,-0.0001606926671229303,-6.451631406889646e-08,-0.0001606281508088614,0.0001606281508088614,2.5801402832274318e-08
48,merged_z_p0p046_dedup_filtered,64,-0.00016988742572721094,-6.008493613762766e-08,-0.0001698273407910733,0.0001698273407910733,2.8841325680167352e-08
48,merged_z_p0p046_dedup_filtered,65,-0.00022387519129551947,-5.5533046605660275e-08,-0.0002238196582489138,0.0002238196582489138,5.009523941866057e-08
48,merged_z_p0p046_dedup_filtered,66,-0.0003169067786075175,-5.0840792908957155e-08,-0.0003168559378146085,0.0003168559378146085,1.0039768532837507e-07
48,merged_z_p0p046_dedup_filtered,67,-0.000518513610586524,-0.0003287561412435025,-0.0001897574693430215,0.0001897574693430215,3.600789717146775e-08
48,merged_z_p0p046_dedup_filtered,68,-0.0005506981397047639,-0.0003491897659841925,-0.0002015083737205714,0.0002015083737205714,4.060562467950947e-08
48,merged_z_p0p046_dedup_filtered,69,-0.000587720365729183,-0.00036962368176318705,-0.0002180966839659959,0.0002180966839659959,4.7566163556963496e-08
48,merged_z_p0p046_dedup_filtered,70,-0.0006244710530154407,-0.00039005829603411257,-0.00023441275698132813,0.00023441275698132813,5.49493406355872e-08
48,merged_z_p0p046_dedup_filtered,71,-0.0006571785779669881,-0.00041049456922337413,-0.00024668400874361396,0.00024668400874361396,6.085300016981941e-08
48,merged_z_p0p046_dedup_filtered,72,-0.0006836313987150788,-0.00043093538261018693,-0.0002526960161048919,0.0002526960161048919,6.385527655528378e-08
48,merged_z_p0p046_dedup_filtered,73,-0.0007030176348052919,-0.00045138722634874284,-0.00025163040845654905,0.00025163040845654905,6.331786246000971e-08
48,merged_z_p0p046_dedup_filtered,74,-0.0007154815248213708,-0.000471863808343187,-0.00024361771647818387,0.00024361771647818387,5.934959178204478e-08
48,merged_z_p0p046_dedup_filtered,75,-0.0007215605583041906,-0.0004923840169794858,-0.00022917654132470489,0.00022917654132470489,5.2521887093554166e-08
48,merged_z_p0p046_dedup_filtered,76,-0.0011517942184582353,-0.0009862297447398305,-0.00016556447371840477,0.00016556447371840477,2.7411594957652344e-08
48,merged_z_p0p046_dedup_filtered,77,-0.0012311000609770417,-0.0009451392688788474,-0.00028596079209819436,0.00028596079209819436,8.177357461742674e-08
48,merged_z_p0p046_dedup_filtered,78,2.316839527338743e-06,0.0004405994259286672,-0.00043828258640132844,0.00043828258640132844,1.9209162554263793e-07
48,merged_z_p0p046_dedup_filtered,79,2.292200952069834e-05,0.0004201637639198452,-0.0003972417543991469,0.0003972417543991469,1.5780101143811213e-07
48,merged_z_p0p046_dedup_filtered,80,1.0872288839891553e-05,0.0003997348539996892,-0.00038886256515979767,0.00038886256515979767,1.512140945826579e-07
48,merged_z_p0p046_dedup_filtered,81,-4.6752713387832046e-05,0.00037930873804725707,-0.0004260614514350891,0.0004260614514350891,1.815283603989748e-07
48,merged_z_p0p046_dedup_filtered,82,-0.00015325166168622673,0.00035888361162506044,-0.0005121352733112872,0.0005121352733112872,2.622825381696268e-07
48,merged_z_p0p046_dedup_filtered,83,-0.00030021672137081623,0.0003384589799679816,-0.0006386757013387978,0.0006386757013387978,4.0790665148060526e-07
48,merged_z_p0p046_dedup_filtered,84,-0.00046812850632704794,0.0003180345520377159,-0.0007861630583647639,0.0007861630583647639,6.180523543374391e-07
48,merged_z_p0p046_dedup_filtered,85,-0.000629614747595042,0.00029760986217297614,-0.0009272246097680181,0.0009272246097680181,8.597454769594535e-07
48,merged_z_p0p046_dedup_filtered,86,-0.0007547553977929056,0.00027718511410057545,-0.001031940511893481,0.001031940511893481,1.0649012200869796e-06
48,merged_z_p0p046_dedup_filtered,87,-0.0008173358510248363,0.00025676030782051384,-0.0010740961588453501,0.0010740961588453501,1.1536825584463357e-06
48,merged_z_p0p046_dedup_filtered,88,-0.0008007051656022668,0.00023633554519619793,-0.0010370407107984647,0.0010370407107984647,1.075453435853385e-06
48,merged_z_p0p046_dedup_filtered,89,-0.0007019423646852374,0.0002159112336812541,-0.0009178535983664915,0.0009178535983664915,8.424552280343167e-07
48,merged_z_p0p046_dedup_filtered,90,-0.0005333619192242622,0.0001954879699042067,-0.0007288498891284689,0.0007288498891284689,5.312221608825815e-07
48,merged_z_p0p046_dedup_filtered,91,-0.00032094225753098726,0.0001750672236084938,-0.0004960094811394811,0.0004960094811394811,2.460254053802572e-07
48,merged_z_p0p046_dedup_filtered,92,-9.990407852455974e-05,0.0001546525745652616,-0.00025455665308982134,0.00025455665308982134,6.479908963229165e-08
48,merged_z_p0p046_dedup_filtered,93,9.17254074010998e-05,0.00013425250654108822,-4.252709913998842e-05,4.252709913998842e-05,1.808554161262404e-09
48,merged_z_p0p046_dedup_filtered,94,-0.0009607216343283653,-0.0001346870994893834,-0.0008260345348389819,0.0008260345348389819,6.823330527466532e-07
48,merged_z_p0p046_dedup_filtered,95,-0.0010048134718090296,-0.00011431432358222082,-0.0008904991482268088,0.0008904991482268088,7.929887329926719e-07
48,merged_z_p0p046_dedup_filtered,96,-0.0010413560084998608,-0.00023012967722024769,-0.0008112263312796131,0.0008112263312796131,6.580881605613805e-07
48,merged_z_p0p046_dedup_filtered,97,-0.0008421245729550719,-0.00034439569571986794,-0.000497728877235204,0.000497728877235204,2.4773403523381676e-07
48,merged_z_p0p046_dedup_filtered,98,-0.0007269838242791593,-0.00040538940811529756,-0.00032159441616386175,0.00032159441616386175,1.034229685077751e-07
48,merged_z_p0p046_dedup_filtered,99,-0.0009334386559203267,-0.0002708356478251517,-0.000662603008095175,0.000662603008095175,4.390427463367746e-07
48,merged_z_p0p046_dedup_filtered,100,-0.0007845720974728465,-0.000311625306494534,-0.0004729467909783125,0.0004729467909783125,2.236786670966836e-07
48,merged_z_p0p046_dedup_filtered,101,-0.0005745203816331923,-0.00046654770267196,-0.0001079726789612323,0.0001079726789612323,1.1658099402065337e-08
48,merged_z_p0p046_dedup_filtered,102,-0.00043463369365781546,-0.0005277741001918912,9.314040653407574e-05,9.314040653407574e-05,8.675135329332898e-09
48,merged_z_p0p046_dedup_filtered,103,-0.0006331427721306682,-0.0003524541389197111,-0.00028068863321095705,0.00028068863321095705,7.878610881383518e-08
48,merged_z_p0p046_dedup_filtered,104,-0.0005201796302571893,-0.00039330110303126276,-0.00012687852722592652,0.00012687852722592652,1.6098160671020177e-08
48,merged_z_p0p046_dedup_filtered,105,-0.00035985728027299047,-0.0005890292231924832,0.00022917194291949272,0.00022917194291949272,5.251977942149523e-08
48,merged_z_p0p046_dedup_filtered,106,-0.0003927297075279057,-0.0006503114709630609,0.00025758176343515515,0.00025758176343515515,6.634836485436423e-08
48,merged_z_p0p046_dedup_filtered,107,-0.0004801456816494465,-0.000434155750554055,-4.598993109539151e-05,4.598993109539151e-05,2.115073762158859e-09
48,merged_z_p0p046_dedup_filtered,108,-0.0006388854817487299,0.00556303421035409,-0.00620191969210282,0.00620191969210282,3.846380786729273e-05
48,merged_z_p0p046_dedup_filtered,109,-0.0007230049232020974,-0.000195943663129583,-0.0005270612600725144,0.0005270612600725144,2.777935718692267e-07
48,merged_z_p0p046_dedup_filtered,110,-0.0008104883600026369,-0.00017551530618220568,-0.0006349730538204312,0.0006349730538204312,4.0319077907804426e-07
48,merged_z_p0p046_dedup_filtered,111,-0.000893087824806571,-0.0001550936867715791,-0.0007379941380349919,0.0007379941380349919,5.446353477740107e-07
48,merged_z_p0p046_dedup_filtered,112,-0.0010811451356858015,-0.00018960496527142823,-0.0008915401704143733,0.0008915401704143733,7.948438754624897e-07
48,merged_z_p0p046_dedup_filtered,113,-0.0005331125576049089,-0.00047501467633992434,-5.809788126498461e-05,5.809788126498461e-05,3.3753638074802495e-09
48,merged_z_p0p046_dedup_filtered,114,-0.000555167905986309,-0.0007115888292901218,0.00015642092330381274,0.00015642092330381274,2.4467505247217268e-08
48,merged_z_p0p046_dedup_filtered,115,-0.000842271139845252,-0.0007728756172582507,-6.939552258700132e-05,6.939552258700132e-05,4.815738555123011e-09
48,merged_z_p0p046_dedup_filtered,116,-0.0006800354458391666,-0.0005158754647709429,-0.00016415998106822371,0.00016415998106822371,2.694849938431957e-08
48,merged_z_p0p046_dedup_filtered,117,-0.0009021759033203125,-0.0005567368352785707,-0.00034543906804174185,0.00034543906804174185,1.1932814972954715e-07
48,merged_z_p0p046_dedup_filtered,118,-0.0012220065109431744,-0.0008341713109984994,-0.00038783519994467497,0.00038783519994467497,1.50416142316126e-07
48,merged_z_p0p046_dedup_filtered,119,-0.0016409385716542602,-0.0008954599034041166,-0.0007454786682501435,0.0007454786682501435,5.557384448160076e-07
48,merged_z_p0p046_dedup_filtered,120,-0.0004966406850144267,-0.00027767239953391254,-0.00021896828548051417,0.00021896828548051417,4.794711004627595e-08
48,merged_z_p0p046_dedup_filtered,121,-0.000523158407304436,-0.00025723950238898396,-0.000265918904915452,0.000265918904915452,7.07128639914332e-08
48,merged_z_p0p046_dedup_filtered,122,-0.0003415771061554551,0.000771452090702951,-0.001113029196858406,0.001113029196858406,1.2388339930592684e-06
48,merged_z_p0p046_dedup_filtered,123,-6.71526140649803e-05,0.0008390358416363597,-0.00090618845570134,0.00090618845570134,8.211775172463794e-07
48,merged_z_p0p046_dedup_filtered,124,0.00045082575525157154,0.0009618177427910268,-0.0005109919875394553,0.0005109919875394553,2.6111281132952284e-07
48,merged_z_p0p046_dedup_filtered,125,0.0008012168109416962,0.0010490822605788708,-0.0002478654496371746,0.0002478654496371746,6.143728112383874e-08
48,merged_z_p0p046_dedup_filtered,126,0.0008933867793530226,0.025768540799617767,-0.024875154020264745,0.024875154020264745,0.0006187732875318932
48,merged_z_p0p046_dedup_filtered,127,0.0009134853025898337,0.0011778248008340597,-0.000264339498244226,0.000264339498244226,6.987537033200915e-08
49,merged_z_p0p048_dedup_filtered,0,-0.0014388367999345064,-0.001447714283131063,8.877483196556568e-06,8.877483196556568e-06,7.880970790514422e-11
49,merged_z_p0p048_dedup_filtered,1,-0.0016279735136777163,-0.001375006278976798,-0.0002529672347009182,0.0002529672347009182,6.399242183222943e-08
49,merged_z_p0p048_dedup_filtered,2,-0.0018960511079058051,-0.0013246310409158468,-0.0005714200669899583,0.0005714200669899583,3.265208929588084e-07
49,merged_z_p0p048_dedup_filtered,3,-0.0014551870990544558,-0.0008837009663693607,-0.0005714861326850951,0.0005714861326850951,3.265963998513661e-07
49,merged_z_p0p048_dedup_filtered,4,-0.0016228078166022897,-0.0008428021101281047,-0.000780005706474185,0.000780005706474185,6.084089021322924e-07
49,merged_z_p0p048_dedup_filtered,5,-0.002180688548833132,-0.001263270853087306,-0.0009174176957458258,0.0009174176957458258,8.416552284675805e-07
49,merged_z_p0p048_dedup_filtered,6,-0.00241535110399127,-0.0012019394198432565,-0.0012134116841480136,0.0012134116841480136,1.4723679152269187e-06
49,merged_z_p0p048_dedup_filtered,7,-0.0017542976420372725,-0.0008019231609068811,-0.0009523744811303914,0.0009523744811303914,9.070171523083822e-07
49,merged_z_p0p048_dedup_filtered,8,-0.0018130848184227943,-0.0007610530010424554,-0.001052031817380339,0.001052031817380339,1.1067709447805788e-06
49,merged_z_p0p048_dedup_filtered,9,-0.0025417308788746595,-0.0011406324338167906,-0.001401098445057869,0.001401098445057869,1.9630768527435782e-06
49,merged_z_p0p048_dedup_filtered,10,-0.0025222674012184143,-0.0010793345281854272,-0.0014429328730329871,0.0014429328730329871,2.0820552760792305e-06
49,merged_z_p0p048_dedup_filtered,11,-0.0017769245896488428,-0.0007201872649602592,-0.0010567373246885836,0.0010567373246885836,1.116693773389985e-06
49,merged_z_p0p048_dedup_filtered,12,-0.0016429100651293993,-0.0006793235661461949,-0.0009635864989832044,0.0009635864989832044,9.284989410227089e-07
49,merged_z_p0p048_dedup_filtered,13,-0.0023478795774281025,-0.0010180397657677531,-0.0013298398116603494,0.0013298398116603494,1.7684739246768335e-06
49,merged_z_p0p048_dedup_filtered,14,-0.002039635321125388,-0.0009567463421262801,-0.001082888978999108,0.001082888978999108,1.1726485408377307e-06
49,merged_z_p0p048_dedup_filtered,15,-0.0014283029595389962,-0.000638460973277688,-0.0007898419862613082,0.0007898419862613082,6.238503632612086e-07
49,merged_z_p0p048_dedup_filtered,16,-0.001167010748758912,-0.0005975988460704684,-0.0005694119026884437,0.0005694119026884437,3.2422991492327363e-07
49,merged_z_p0p048_dedup_filtered,17,-0.0004934817552566528,0.014937114901840687,-0.01543059665709734,0.01543059665709734,0.0002381033131940236
49,merged_z_p0p048_dedup_filtered,18,-0.000497909844852984,-4.381816864906796e-08,-0.0004978660266843349,0.0004978660266843349,2.4787058052644685e-07
49,merged_z_p0p048_dedup_filtered,19,-0.0006125162472017109,-3.940547443903597e-08,-0.0006124768417272719,0.0006124768417272719,3.7512788165221366e-07
49,merged_z_p0p048_dedup_filtered,20,-0.0006972616538405418,-3.528859693346931e-08,-0.0006972263652436084,0.0006972263652436084,4.861246043908136e-07
49,merged_z_p0p048_dedup_filtered,21,-0.0007357964059337974,-3.133590809056841e-08,-0.0007357650700257068,0.0007357650700257068,5.413502382699332e-07
49,merged_z_p0p048_dedup_filtered,22,-0.0007208038005046546,-2.7436634297828277e-08,-0.0007207763638703568,0.0007207763638703568,5.19518566714173e-07
49,merged_z_p0p048_dedup_filtered,23,-0.0006557437591254711,-2.3607100274603e-08,-0.0006557201520251965,0.0006557201520251965,4.2996891777194683e-07
49,merged_z_p0p048_dedup_filtered,24,-0.0005543141742236912,-1.99208045614796e-08,-0.0005542942534191297,0.0005542942534191297,3.0724211937347043e-07
49,merged_z_p0p048_dedup_filtered,25,-0.0004377210862003267,-1.6569588368042787e-08,-0.00043770451661195864,0.00043770451661195864,1.9158524386250838e-07
49,merged_z_p0p048_dedup_filtered,26,-0.00033032248029485345,-1.3542215349104936e-08,-0.00033030893807950434,0.00033030893807950434,1.0910399457520983e-07
49,merged_z_p0p048_dedup_filtered,27,-0.0002545657043810934,-1.0667145389220423e-08,-0.00025455503723570416,0.00025455503723570416,6.479826698207073e-08
49,merged_z_p0p048_dedup_filtered,28,-0.00022629296290688217,-7.969680915209665e-09,-0.00022628499322596696,0.00022628499322596696,5.120489815927591e-08
49,merged_z_p0p048_dedup_filtered,29,0.000265461829258129,9.47217849898152e-05,0.0001707400442683138,0.0001707400442683138,2.9152162716745755e-08
49,merged_z_p0p048_dedup_filtered,30,-0.00028634845511987805,0.00021143874619156122,-0.0004977872013114393,0.0004977872013114393,2.4779209778947537e-07
49,merged_z_p0p048_dedup_filtered,31,-0.00034048716770485044,0.00025207229191437364,-0.0005925594596192241,0.0005925594596192241,3.5112671318422684e-07
49,merged_z_p0p048_dedup_filtered,32,-0.0007974671898409724,0.00037894511478953063,-0.001176412304630503,0.001176412304630503,1.3839459104860515e-06
49,merged_z_p0p048_dedup_filtered,33,-0.0007164668058976531,0.0009740858222357929,-0.001690552628133446,0.001690552628133446,2.8579681884889013e-06
49,merged_z_p0p048_dedup_filtered,34,-0.0008293617866002023,0.0004891888820566237,-0.001318550668656826,0.001318550668656826,1.738575865815363e-06
49,merged_z_p0p048_dedup_filtered,35,-0.0005402897950261831,0.0003336321096867323,-0.0008739219047129154,0.0008739219047129154,7.6373949553705e-07
49,merged_z_p0p048_dedup_filtered,36,-0.0006349803879857063,0.00037446481292136014,-0.0010094452009070665,0.0010094452009070665,1.0189796136343078e-06
49,merged_z_p0p048_dedup_filtered,37,-0.0006899625295773149,0.0004153090703766793,-0.0011052715999539942,0.0011052715999539942,1.221625309664862e-06
49,merged_z_p0p048_dedup_filtered,38,-0.0007407837547361851,0.0006241575465537608,-0.0013649413012899458,0.0013649413012899458,1.8630647559670907e-06
49,merged_z_p0p048_dedup_filtered,39,-0.0006850180216133595,0.0004561584210023284,-0.0011411764426156878,0.0011411764426156878,1.3022836731809963e-06
49,merged_z_p0p048_dedup_filtered,40,-0.0006108913221396506,0.0004970102454535663,-0.001107901567593217,0.001107901567593217,1.2274458834755073e-06
49,merged_z_p0p048_dedup_filtered,41,-0.00047122989781200886,0.0005378634086810052,-0.001009093306493014,0.001009093306493014,1.018269301209004e-06
49,merged_z_p0p048_dedup_filtered,42,-0.0002818142529577017,0.0005787170375697315,-0.0008605312905274332,0.0008605312905274332,7.405141019768096e-07
49,merged_z_p0p048_dedup_filtered,43,-6.727641448378563e-05,0.0006195716559886932,-0.0006868480704724789,0.0006868480704724789,4.717602719117673e-07
49,merged_z_p0p048_dedup_filtered,44,0.00014396556071005762,0.0006604263326153159,-0.0005164607719052583,0.0005164607719052583,2.6673172891697524e-07
49,merged_z_p0p048_dedup_filtered,45,0.00032544677378609776,0.0007012812420725822,-0.0003758344682864845,0.0003758344682864845,1.412515475521845e-07
49,merged_z_p0p048_dedup_filtered,46,0.0004578296502586454,0.0007421369664371014,-0.00028430731617845595,0.00028430731617845595,8.083065003259652e-08
49,merged_z_p0p048_dedup_filtered,47,0.0005324108060449362,0.0007829946698620915,-0.00025058386381715536,0.00025058386381715536,6.279227280553466e-08
49,merged_z_p0p048_dedup_filtered,48,0.0005522333085536957,0.0008238583686761558,-0.0002716250601224601,0.0002716250601224601,7.378017328653008e-08
49,merged_z_p0p048_dedup_filtered,49,0.0005306104430928826,0.0008647360373288393,-0.00033412559423595667,0.00033412559423595667,1.1163991272353116e-07
49,merged_z_p0p048_dedup_filtered,50,0.000487434706883505,0.0009056436247192323,-0.00041820891783572733,0.00041820891783572733,1.7489869895733014e-07
49,merged_z_p0p048_dedup_filtered,51,0.00044413201976567507,0.0009466128540225327,-0.0005024808342568576,0.0005024808342568576,2.5248698879546763e-07
49,merged_z_p0p048_dedup_filtered,52,0.00041841130587272346,0.0009877001866698265,-0.000569288880797103,0.000569288880797103,3.240898297992182e-07
49,merged_z_p0p048_dedup_filtered,53,0.0006866898038424551,0.0014846447156742215,-0.0007979549118317664,0.0007979549118317664,6.36732041316442e-07
49,merged_z_p0p048_dedup_filtered,54,0.0007557000499218702,0.0013856397708877921,-0.0006299397209659219,0.0006299397209659219,3.968240520506235e-07
49,merged_z_p0p048_dedup_filtered,55,-3.448322240728885e-05,0.00046105115325190127,-0.0004955343756591901,0.0004955343756591901,2.4555431745994335e-07
49,merged_z_p0p048_dedup_filtered,56,-6.5933185396716e-05,0.0004815375432372093,-0.0005474707286339253,0.0005474707286339253,2.997241987109611e-07
49,merged_z_p0p048_dedup_filtered,57,-7.882679346948862e-05,0.0005020664539188147,-0.0005808932473883033,0.0005808932473883033,3.374369648613285e-07
49,merged_z_p0p048_dedup_filtered,58,-0.00041224886081181467,-8.765365322460639e-08,-0.00041216120715859006,0.00041216120715859006,1.6987686068642618e-07
49,merged_z_p0p048_dedup_filtered,59,-0.00037883882760070264,-8.278884422452393e-08,-0.0003787560387564781,0.0003787560387564781,1.4345613689449874e-07
49,merged_z_p0p048_dedup_filtered,60,-0.0003196211764588952,-7.802069035278691e-08,-0.0003195431557685424,0.0003195431557685424,1.0210782839851896e-07
49,merged_z_p0p048_dedup_filtered,61,-0.0002506148302927613,-7.334247698054241e-08,-0.0002505414878157808,0.0002505414878157808,6.277103711694504e-08
49,merged_z_p0p048_dedup_filtered,62,-0.00019127738778479397,-6.88823433847574e-08,-0.00019120850544140922,0.00019120850544140922,3.6560692553137416e-08
49,merged_z_p0p048_dedup_filtered,63,-0.000159953095135279,-6.451631406889646e-08,-0.0001598885788212101,0.0001598885788212101,2.5564357637466317e-08
49,merged_z_p0p048_dedup_filtered,64,-0.00016950278950389475,-6.008493613762766e-08,-0.00016944270456775712,0.00016944270456775712,2.8710830131236218e-08
49,merged_z_p0p048_dedup_filtered,65,-0.00022410177916754037,-5.5533046605660275e-08,-0.0002240462461209347,0.0002240462461209347,5.019672040088245e-08
49,merged_z_p0p048_dedup_filtered,66,-0.0003179371706210077,-5.0840792908957155e-08,-0.0003178863298280987,0.0003178863298280987,1.0105171869157877e-07
49,merged_z_p0p048_dedup_filtered,67,-0.0005210407543927431,-0.0003287561412435025,-0.0001922846131492406,0.0001922846131492406,3.6973372453953116e-08
49,merged_z_p0p048_dedup_filtered,68,-0.0005534624215215445,-0.0003491897659841925,-0.00020427265553735197,0.00020427265553735197,4.172731780028165e-08
49,merged_z_p0p048_dedup_filtered,69,-0.0005901286494918168,-0.00036962368176318705,-0.0002205049677286297,0.0002205049677286297,4.862244079300403e-08
49,merged_z_p0p048_dedup_filtered,70,-0.0006259403889998794,-0.00039005829603411257,-0.0002358820929657668,0.0002358820929657668,5.5640361781910645e-08
49,merged_z_p0p048_dedup_filtered,71,-0.0006572534912265837,-0.00041049456922337413,-0.0002467589220032096,0.0002467589220032096,6.088996558818607e-08
49,merged_z_p0p048_dedup_filtered,72,-0.0006820809212513268,-0.00043093538261018693,-0.00025114553864113986,0.00025114553864113986,6.307408157934828e-08
49,merged_z_p0p048_dedup_filtered,73,-0.0006998895551078022,-0.00045138722634874284,-0.0002485023287590593,0.0002485023287590593,6.17534073986756e-08
49,merged_z_p0p048_dedup_filtered,74,-0.0007111040176823735,-0.000471863808343187,-0.00023924020933918655,0.00023924020933918655,5.72358777646578e-08
49,merged_z_p0p048_dedup_filtered,75,-0.000716487702447921,-0.0004923840169794858,-0.0002241036854684353,0.0002241036854684353,5.0222461840535373e-08
49,merged_z_p0p048_dedup_filtered,76,-0.0011489212047308683,-0.0009862297447398305,-0.00016269145999103785,0.00016269145999103785,2.6468511154015468e-08
49,merged_z_p0p048_dedup_filtered,77,-0.0012290225131437182,-0.0009451392688788474,-0.0002838832442648709,0.0002838832442648709,8.058969637434835e-08
49,merged_z_p0p048_dedup_filtered,78,1.5585428627673537e-06,0.0004405994259286672,-0.00043904088306589983,0.00043904088306589983,1.9275689700328512e-07
49,merged_z_p0p048_dedup_filtered,79,2.3328218958340585e-05,0.0004201637639198452,-0.00039683554496150464,0.00039683554496150464,1.5747844974489437e-07
49,merged_z_p0p048_dedup_filtered,80,1.2158023309893906e-05,0.0003997348539996892,-0.0003875768306897953,0.0003875768306897953,1.5021579968754626e-07
49,merged_z_p0p048_dedup_filtered,81,-4.512054147198796e-05,0.00037930873804725707,-0.00042442927951924503,0.00042442927951924503,1.8014021331322543e-07
49,merged_z_p0p048_dedup_filtered,82,-0.0001519395154900849,0.00035888361162506044,-0.0005108231271151453,0.0005108231271151453,2.609402671956959e-07
49,merged_z_p0p048_dedup_filtered,83,-0.00029987574089318514,0.0003384589799679816,-0.0006383347208611667,0.0006383347208611667,4.0747121585690363e-07
49,merged_z_p0p048_dedup_filtered,84,-0.0004692450165748596,0.0003180345520377159,-0.0007872795686125755,0.0007872795686125755,6.19809119154803e-07
49,merged_z_p0p048_dedup_filtered,85,-0.000632392824627459,0.00029760986217297614,-0.0009300026868004352,0.0009300026868004352,8.649049974560283e-07
49,merged_z_p0p048_dedup_filtered,86,-0.0007590590394102037,0.00027718511410057545,-0.0010362441535107791,0.0010362441535107791,1.0738019456852712e-06
49,merged_z_p0p048_dedup_filtered,87,-0.0008227035868912935,0.00025676030782051384,-0.0010794638947118074,0.0010794638947118074,1.165242299986384e-06
49,merged_z_p0p048_dedup_filtered,88,-0.0008064371068030596,0.00023633554519619793,-0.0010427726519992575,0.0010427726519992575,1.0873748037575646e-06
49,merged_z_p0p048_dedup_filtered,89,-0.0007072396692819893,0.0002159112336812541,-0.0009231509029632434,0.0009231509029632434,8.522075896418517e-07
49,merged_z_p0p048_dedup_filtered,90,-0.0005374922184273601,0.0001954879699042067,-0.0007329801883315668,0.0007329801883315668,5.372599564865791e-07
49,merged_z_p0p048_dedup_filtered,91,-0.00032339306198991835,0.0001750672236084938,-0.0004984602855984122,0.0004984602855984122,2.484626563188506e-07
49,merged_z_p0p048_dedup_filtered,92,-0.00010049328557215631,0.0001546525745652616,-0.0002551458601374179,0.0002551458601374179,6.509940994526282e-08
49,merged_z_p0p048_dedup_filtered,93,9.280713857151568e-05,0.00013425250654108822,-4.1445367969572544e-05,4.1445367969572544e-05,1.7177185261332698e-09
49,merged_z_p0p048_dedup_filtered,94,-0.0009601755882613361,-0.0001346870994893834,-0.0008254884887719527,0.0008254884887719527,6.814312450950023e-07
49,merged_z_p0p048_dedup_filtered,95,-0.0010046913521364331,-0.00011431432358222082,-0.0008903770285542123,0.0008903770285542123,7.927712529770285e-07
49,merged_z_p0p048_dedup_filtered,96,-0.0010390207171440125,-0.00023012967722024769,-0.0008088910399237648,0.0008088910399237648,6.543047144689496e-07
49,merged_z_p0p048_dedup_filtered,97,-0.0008378308266401291,-0.00034439569571986794,-0.0004934351309202611,0.0004934351309202611,2.4347822842629526e-07
49,merged_z_p0p048_dedup_filtered,98,-0.0007225037552416325,-0.00040538940811529756,-0.0003171143471263349,0.0003171143471263349,1.0056150915336163e-07
49,merged_z_p0p048_dedup_filtered,99,-0.0009306154097430408,-0.0002708356478251517,-0.0006597797619178891,0.0006597797619178891,4.3530933423642645e-07
49,merged_z_p0p048_dedup_filtered,100,-0.0007811238756403327,-0.000311625306494534,-0.0004694985691457987,0.0004694985691457987,2.204289064299523e-07
49,merged_z_p0p048_dedup_filtered,101,-0.0005698599852621555,-0.00046654770267196,-0.00010331228259019554,0.00010331228259019554,1.067342773399642e-08
49,merged_z_p0p048_dedup_filtered,102,-0.0004299600550439209,-0.0005277741001918912,9.781404514797032e-05,9.781404514797032e-05,9.567587428209176e-09
49,merged_z_p0p048_dedup_filtered,103,-0.0006291626486927271,-0.0003524541389197111,-0.000276708509773016,0.000276708509773016,7.656759938080328e-08
49,merged_z_p0p048_dedup_filtered,104,-0.000515997875481844,-0.00039330110303126276,-0.0001226967724505812,0.0001226967724505812,1.50544979697897e-08
49,merged_z_p0p048_dedup_filtered,105,-0.0003554991853889078,-0.0005890292231924832,0.0002335300378035754,0.0002335300378035754,5.4536278556539354e-08
49,merged_z_p0p048_dedup_filtered,106,-0.0003891328233294189,-0.0006503114709630609,0.00026117864763364196,0.00026117864763364196,6.821428597973811e-08
49,merged_z_p0p048_dedup_filtered,107,-0.0004762762109749019,-0.000434155750554055,-4.212046042084694e-05,4.212046042084694e-05,1.7741331860641335e-09
49,merged_z_p0p048_dedup_filtered,108,-0.0006368689937517047,0.00580490380525589,-0.006441772799007595,0.006441772799007595,4.149643679403414e-05
49,merged_z_p0p048_dedup_filtered,109,-0.0007209856412373483,-0.000195943663129583,-0.0005250419781077653,0.0005250419781077653,2.756690787753151e-07
49,merged_z_p0p048_dedup_filtered,110,-0.0008088169270195067,-0.00017551530618220568,-0.000633301620837301,0.000633301620837301,4.010709429551526e-07
49,merged_z_p0p048_dedup_filtered,111,-0.0008919676765799522,-0.0001550936867715791,-0.0007368739898083732,0.0007368739898083732,5.429832768561104e-07
49,merged_z_p0p048_dedup_filtered,112,-0.0010789952939376235,-0.00018960496527142823,-0.0008893903286661953,0.0008893903286661953,7.910151567249628e-07
49,merged_z_p0p048_dedup_filtered,113,-0.0005301495548337698,-0.00047501467633992434,-5.513487849384546e-05,5.513487849384546e-05,3.039854826531103e-09
49,merged_z_p0p048_dedup_filtered,114,-0.0005528131150640547,-0.0007115888292901218,0.00015877571422606707,0.00015877571422606707,2.5209727427997716e-08
49,merged_z_p0p048_dedup_filtered,115,-0.0008415732299908996,-0.0007728756172582507,-6.869761273264885e-05,6.869761273264885e-05,4.719361995164997e-09
49,merged_z_p0p048_dedup_filtered,116,-0.0006785224541090429,-0.0005158754647709429,-0.00016264698933809996,0.00016264698933809996,2.6454043140748e-08
49,merged_z_p0p048_dedup_filtered,117,-0.0009024764294736087,-0.0005567368352785707,-0.0003457395941950381,0.0003457395941950381,1.195358669941496e-07
49,merged_z_p0p048_dedup_filtered,118,-0.0012232157168909907,-0.0008341713109984994,-0.00038904440589249134,0.00038904440589249134,1.5135554975624155e-07
49,merged_z_p0p048_dedup_filtered,119,-0.0016440678155049682,-0.0008954599034041166,-0.0007486079121008515,0.0007486079121008515,5.604138060599963e-07
49,merged_z_p0p048_dedup_filtered,120,-0.0004968600696884096,-0.00027767239953391254,-0.00021918767015449703,0.00021918767015449703,4.804323474775659e-08
49,merged_z_p0p048_dedup_filtered,121,-0.0005223364569246769,-0.00025723950238898396,-0.00026509695453569293,0.00026509695453569293,7.027639530409924e-08
49,merged_z_p0p048_dedup_filtered,122,-0.0003396204556338489,0.000771452090702951,-0.0011110725463367999,0.0011110725463367999,1.2344822032233403e-06
49,merged_z_p0p048_dedup_filtered,123,-6.55816838843748e-05,0.0008390358416363597,-0.0009046175255207345,0.0009046175255207345,8.183328674792567e-07
49,merged_z_p0p048_dedup_filtered,124,0.00045147212222218513,0.0009618177427910268,-0.0005103456205688417,0.0005103456205688417,2.6045265243379614e-07
49,merged_z_p0p048_dedup_filtered,125,0.0008019187953323126,0.0010490822605788708,-0.0002471634652465582,0.0002471634652465582,6.108977855268658e-08
49,merged_z_p0p048_dedup_filtered,126,0.0008947564638219774,0.026888910681009293,-0.025994154217187315,0.025994154217187315,0.0006756960534669171
49,merged_z_p0p048_dedup_filtered,127,0.0009159395704045892,0.0011778248008340597,-0.00026188523042947054,0.00026188523042947054,6.858387391709688e-08
50,merged_z_p0p050_dedup_filtered,0,-0.0014392619486898184,-0.001447714283131063,8.452334441244602e-06,8.452334441244602e-06,7.14419575066497e-11
50,merged_z_p0p050_dedup_filtered,1,-0.001629248377867043,-0.001375006278976798,-0.00025424209889024496,0.00025424209889024496,6.46390448481171e-08
50,merged_z_p0p050_dedup_filtered,2,-0.0018985522910952568,-0.0013246310409158468,-0.00057392125017941,0.00057392125017941,3.293856014074969e-07
50,merged_z_p0p050_dedup_filtered,3,-0.0014553900109604,-0.0008837009663693607,-0.0005716890445910394,0.0005716890445910394,3.2682836370541546e-07
50,merged_z_p0p050_dedup_filtered,4,-0.0016247275052592158,-0.0008428021101281047,-0.0007819253951311111,0.0007819253951311111,6.114073235509443e-07
50,merged_z_p0p050_dedup_filtered,5,-0.0021845323499292135,-0.001263270853087306,-0.0009212614968419075,0.0009212614968419075,8.487227455633919e-07
50,merged_z_p0p050_dedup_filtered,6,-0.002420376054942608,-0.0012019394198432565,-0.0012184366350993514,0.0012184366350993514,1.48458783375223e-06
50,merged_z_p0p050_dedup_filtered,7,-0.0017577684484422207,-0.0008019231609068811,-0.0009558452875353396,0.0009558452875353396,9.13640213703516e-07
50,merged_z_p0p050_dedup_filtered,8,-0.0018176364246755838,-0.0007610530010424554,-0.0010565834236331284,0.0010565834236331284,1.1163685310963029e-06
50,merged_z_p0p050_dedup_filtered,9,-0.0025475220754742622,-0.0011406324338167906,-0.0014068896416574717,0.0014068896416574717,1.979338463803089e-06
50,merged_z_p0p050_dedup_filtered,10,-0.002528234152123332,-0.0010793345281854272,-0.0014488996239379048,0.0014488996239379048,2.099310120247402e-06
50,merged_z_p0p050_dedup_filtered,11,-0.0017818775959312916,-0.0007201872649602592,-0.0010616903309710324,0.0010616903309710324,1.1271863588773803e-06
50,merged_z_p0p050_dedup_filtered,12,-0.0016475082375109196,-0.0006793235661461949,-0.0009681846713647246,0.0009681846713647246,9.373815578656198e-07
50,merged_z_p0p050_dedup_filtered,13,-0.002353362739086151,-0.0010180397657677531,-0.001335322973318398,0.001335322973318398,1.783087443071887e-06
50,merged_z_p0p050_dedup_filtered,14,-0.0020440262742340565,-0.0009567463421262801,-0.0010872799321077764,0.0010872799321077764,1.1821776507642909e-06
50,merged_z_p0p050_dedup_filtered,15,-0.0014318590983748436,-0.000638460973277688,-0.0007933981250971556,0.0007933981250971556,6.294805849076817e-07
50,merged_z_p0p050_dedup_filtered,16,-0.0011690323008224368,-0.0005975988460704684,-0.0005714334547519684,0.0005714334547519684,3.265361932097699e-07
50,merged_z_p0p050_dedup_filtered,17,-0.0004947432316839695,0.015559496358036995,-0.016054239589720964,0.016054239589720964,0.00025773860880416396
50,merged_z_p0p050_dedup_filtered,18,-0.0005000599776394665,-4.381816864906796e-08,-0.0005000161594708175,0.0005000161594708175,2.5001615973194595e-07
50,merged_z_p0p050_dedup_filtered,19,-0.0006153275608085096,-3.940547443903597e-08,-0.0006152881553340706,0.0006152881553340706,3.7857951409440333e-07
50,merged_z_p0p050_dedup_filtered,20,-0.0007004652870818973,-3.528859693346931e-08,-0.0007004299984849638,0.0007004299984849638,4.906021827776463e-07
50,merged_z_p0p050_dedup_filtered,21,-0.0007390349055640399,-3.133590809056841e-08,-0.0007390035696559494,0.0007390035696559494,5.461262759642356e-07
50,merged_z_p0p050_dedup_filtered,22,-0.0007236938690766692,-2.7436634297828277e-08,-0.0007236664324423714,0.0007236664324423714,5.236931054438692e-07
50,merged_z_p0p050_dedup_filtered,23,-0.0006579480832442641,-2.3607100274603e-08,-0.0006579244761439895,0.0006579244761439895,4.3286461630934304e-07
50,merged_z_p0p050_dedup_filtered,24,-0.0005556076066568494,-1.99208045614796e-08,-0.0005555876858522879,0.0005555876858522879,3.0867767667070056e-07
50,merged_z_p0p050_dedup_filtered,25,-0.00043803718290291727,-1.6569588368042787e-08,-0.0004380206133145492,0.0004380206133145492,1.9186205768845384e-07
50,merged_z_p0p050_dedup_filtered,26,-0.00032977008959278464,-1.3542215349104936e-08,-0.00032975654737743554,0.00032975654737743554,1.0873938053828689e-07
50,merged_z_p0p050_dedup_filtered,27,-0.00025341258151456714,-1.0667145389220423e-08,-0.0002534019143691779,0.0002534019143691779,6.421253020596418e-08
50,merged_z_p0p050_dedup_filtered,28,-0.00022491758863907307,-7.969680915209665e-09,-0.00022490961895815786,0.00022490961895815786,5.058433669990376e-08
50,merged_z_p0p050_dedup_filtered,29,0.0002678301534615457,9.47217849898152e-05,0.0001731083684717305,0.0001731083684717305,2.996650723494442e-08
50,merged_z_p0p050_dedup_filtered,30,-0.00028686760924756527,0.00021143874619156122,-0.0004983063554391265,0.0004983063554391265,2.4830922387102507e-07
50,merged_z_p0p050_dedup_filtered,31,-0.0003411068464629352,0.00025207229191437364,-0.0005931791383773088,0.0005931791383773088,3.518614902060465e-07
50,merged_z_p0p050_dedup_filtered,32,-0.000799762608949095,0.00037894511478953063,-0.0011787077237386256,0.0011787077237386256,1.3893518980010922e-06
50,merged_z_p0p050_dedup_filtered,33,-0.0007178382948040962,0.0010146729182451963,-0.0017325112130492926,0.0017325112130492926,3.001595103341531e-06
50,merged_z_p0p050_dedup_filtered,34,-0.0008300574263557792,0.0004891888820566237,-0.0013192463084124029,0.0013192463084124029,1.7404108222597528e-06
50,merged_z_p0p050_dedup_filtered,35,-0.0005412906175479293,0.0003336321096867323,-0.0008749227272346616,0.0008749227272346616,7.65489778631738e-07
50,merged_z_p0p050_dedup_filtered,36,-0.000636173237580806,0.00037446481292136014,-0.0010106380505021662,0.0010106380505021662,1.021389269122819e-06
50,merged_z_p0p050_dedup_filtered,37,-0.0006912826793268323,0.0004153090703766793,-0.0011065917497035116,0.0011065917497035116,1.2245453005118793e-06
50,merged_z_p0p050_dedup_filtered,38,-0.0007394903223030269,0.0006241575465537608,-0.0013636478688567877,0.0013636478688567877,1.8595355102376588e-06
50,merged_z_p0p050_dedup_filtered,39,-0.0006863597081974149,0.0004561584210023284,-0.0011425181291997433,0.0011425181291997433,1.3053476755500813e-06
50,merged_z_p0p050_dedup_filtered,40,-0.000612124043982476,0.0004970102454535663,-0.0011091342894360423,0.0011091342894360423,1.2301788720027945e-06
50,merged_z_p0p050_dedup_filtered,41,-0.0004722182056866586,0.0005378634086810052,-0.0010100816143676639,0.0010100816143676639,1.020264867683586e-06
50,merged_z_p0p050_dedup_filtered,42,-0.00028243783162906766,0.0005787170375697315,-0.0008611548691987991,0.0008611548691987991,7.415877087448008e-07
50,merged_z_p0p050_dedup_filtered,43,-6.74468174111098e-05,0.0006195716559886932,-0.000687018473399803,0.000687018473399803,4.719943827925959e-07
50,merged_z_p0p050_dedup_filtered,44,0.00014429462316911668,0.0006604263326153159,-0.0005161317094461992,0.0005161317094461992,2.6639194149585583e-07
50,merged_z_p0p050_dedup_filtered,45,0.00032627693144604564,0.0007012812420725822,-0.0003750043106265366,0.0003750043106265366,1.4062823298848396e-07
50,merged_z_p0p050_dedup_filtered,46,0.0004591228498611599,0.0007421369664371014,-0.00028301411657594144,0.00028301411657594144,8.009699018126057e-08
50,merged_z_p0p050_dedup_filtered,47,0.000534099992364645,0.0007829946698620915,-0.00024889467749744654,0.00024889467749744654,6.194856048655792e-08
50,merged_z_p0p050_dedup_filtered,48,0.0005542361759580672,0.0008238583686761558,-0.0002696221927180886,0.0002696221927180886,7.269612680611012e-08
50,merged_z_p0p050_dedup_filtered,49,0.000532842765096575,0.0008647360373288393,-0.0003318932722322643,0.0003318932722322643,1.1015314415303989e-07
50,merged_z_p0p050_dedup_filtered,50,0.0004898203769698739,0.0009056436247192323,-0.0004158232477493584,0.0004158232477493584,1.729089733688243e-07
50,merged_z_p0p050_dedup_filtered,51,0.0004466082318685949,0.0009466128540225327,-0.0005000046221539378,0.0005000046221539378,2.500046221753021e-07
50,merged_z_p0p050_dedup_filtered,52,0.0004209279140923172,0.0009877001866698265,-0.0005667722725775093,0.0005667722725775093,3.212308089626745e-07
50,merged_z_p0p050_dedup_filtered,53,0.0006937514990568161,0.0014846447156742215,-0.0007908932166174054,0.0007908932166174054,6.255120800914262e-07
50,merged_z_p0p050_dedup_filtered,54,0.0007617397932335734,0.0013856397708877921,-0.0006238999776542187,0.0006238999776542187,3.8925118211693456e-07
50,merged_z_p0p050_dedup_filtered,55,-3.627943806350231e-05,0.00046105115325190127,-0.0004973305913154036,0.0004973305913154036,2.47337717058129e-07
50,merged_z_p0p050_dedup_filtered,56,-6.850996578577906e-05,0.0004815375432372093,-0.0005500475090229884,0.0005500475090229884,3.025522621823945e-07
50,merged_z_p0p050_dedup_filtered,57,-8.170271757990122e-05,0.0005020664539188147,-0.0005837691714987159,0.0005837691714987159,3.4078644559229715e-07
50,merged_z_p0p050_dedup_filtered,58,-0.0004121212987229228,-8.765365322460639e-08,-0.0004120336450696982,0.0004120336450696982,1.6977172466942202e-07
50,merged_z_p0p050_dedup_filtered,59,-0.0003785876906476915,-8.278884422452393e-08,-0.00037850490180346696,0.00037850490180346696,1.4326596068925217e-07
50,merged_z_p0p050_dedup_filtered,60,-0.00031916459556668997,-7.802069035278691e-08,-0.0003190865748763372,0.0003190865748763372,1.0181624226631233e-07
50,merged_z_p0p050_dedup_filtered,61,-0.00024995431886054575,-7.334247698054241e-08,-0.0002498809763835652,0.0002498809763835652,6.244050235840388e-08
50,merged_z_p0p050_dedup_filtered,62,-0.00019051271374337375,-6.88823433847574e-08,-0.000190443831399989,0.000190443831399989,3.626885291830743e-08
50,merged_z_p0p050_dedup_filtered,63,-0.0001592714834259823,-6.451631406889646e-08,-0.0001592069671119134,0.0001592069671119134,2.5346858376973876e-08
50,merged_z_p0p050_dedup_filtered,64,-0.00016914364823605865,-6.008493613762766e-08,-0.00016908356329992102,0.00016908356329992102,2.85892513781984e-08
50,merged_z_p0p050_dedup_filtered,65,-0.00022430405078921467,-5.5533046605660275e-08,-0.000224248517742609,0.000224248517742609,5.0287397709757226e-08
50,merged_z_p0p050_dedup_filtered,66,-0.0003188815317116678,-5.0840792908957155e-08,-0.0003188306909187588,0.0003188306909187588,1.0165300947173312e-07
50,merged_z_p0p050_dedup_filtered,67,-0.0005233917036093771,-0.0003287561412435025,-0.00019463556236587465,0.00019463556236587465,3.788300213748028e-08
50,merged_z_p0p050_dedup_filtered,68,-0.0005560233839787543,-0.0003491897659841925,-0.0002068336179945618,0.0002068336179945618,4.2780145532720315e-08
50,merged_z_p0p050_dedup_filtered,69,-0.0005923525895923376,-0.00036962368176318705,-0.00022272890782915056,0.00022272890782915056,4.9608166382766245e-08
50,merged_z_p0p050_dedup_filtered,70,-0.0006272904574871063,-0.00039005829603411257,-0.00023723216145299375,0.00023723216145299375,5.6279098427659294e-08
50,merged_z_p0p050_dedup_filtered,71,-0.0006573109421879053,-0.00041049456922337413,-0.0002468163729645312,0.0002468163729645312,6.091832196336656e-08
50,merged_z_p0p050_dedup_filtered,72,-0.0006806337041780353,-0.00043093538261018693,-0.0002496983215678483,0.0002496983215678483,6.234925179380059e-08
50,merged_z_p0p050_dedup_filtered,73,-0.0006969833630137146,-0.00045138722634874284,-0.0002455961366649717,0.0002455961366649717,6.031746234475946e-08
50,merged_z_p0p050_dedup_filtered,74,-0.00070704281097278,-0.000471863808343187,-0.00023517900262959301,0.00023517900262959301,5.530916327785012e-08
50,merged_z_p0p050_dedup_filtered,75,-0.0007117839413695037,-0.0004923840169794858,-0.00021939992439001799,0.00021939992439001799,4.813632682234561e-08
50,merged_z_p0p050_dedup_filtered,76,-0.0011462366674095392,-0.0009862297447398305,-0.00016000692266970873,0.00016000692266970873,2.560221530223015e-08
50,merged_z_p0p050_dedup_filtered,77,-0.0012270741863176227,-0.0009451392688788474,-0.0002819349174387753,0.0002819349174387753,7.948729767120905e-08
50,merged_z_p0p050_dedup_filtered,78,8.315037121064961e-07,0.0004405994259286672,-0.0004397679222165607,0.0004397679222165607,1.9339582541067097e-07
50,merged_z_p0p050_dedup_filtered,79,2.3690728994552046e-05,0.0004201637639198452,-0.0003964730349252932,0.0003964730349252932,1.5719086742287274e-07
50,merged_z_p0p050_dedup_filtered,80,1.3348282664082944e-05,0.0003997348539996892,-0.0003863865713356063,0.0003863865713356063,1.4929458250848556e-07
50,merged_z_p0p050_dedup_filtered,81,-4.359491867944598e-05,0.00037930873804725707,-0.00042290365672670305,0.00042290365672670305,1.788475028728171e-07
50,merged_z_p0p050_dedup_filtered,82,-0.00015069555956870317,0.00035888361162506044,-0.0005095791711937636,0.0005095791711937636,2.5967093171452304e-07
50,merged_z_p0p050_dedup_filtered,83,-0.00029951782198622823,0.0003384589799679816,-0.0006379768019542098,0.0006379768019542098,4.0701439983172104e-07
50,merged_z_p0p050_dedup_filtered,84,-0.0004702259902842343,0.0003180345520377159,-0.0007882605423219502,0.0007882605423219502,6.21354682581695e-07
50,merged_z_p0p050_dedup_filtered,85,-0.0006349057075567544,0.00029760986217297614,-0.0009325155697297305,0.0009325155697297305,8.695852877883638e-07
50,merged_z_p0p050_dedup_filtered,86,-0.0007629828178323805,0.00027718511410057545,-0.001040167931932956,0.001040167931932956,1.0819493266216825e-06
50,merged_z_p0p050_dedup_filtered,87,-0.0008276166627183557,0.00025676030782051384,-0.0010843769705388695,0.0010843769705388695,1.1758734142350563e-06
50,merged_z_p0p050_dedup_filtered,88,-0.000811696401797235,0.00023633554519619793,-0.001048031946993433,0.001048031946993433,1.0983709619188458e-06
50,merged_z_p0p050_dedup_filtered,89,-0.0007121104863472283,0.0002159112336812541,-0.0009280217200284824,0.0009280217200284824,8.612243128446229e-07
50,merged_z_p0p050_dedup_filtered,90,-0.0005412992322817445,0.0001954879699042067,-0.0007367872021859512,0.0007367872021859512,5.428553813050017e-07
50,merged_z_p0p050_dedup_filtered,91,-0.00032566304435022175,0.0001750672236084938,-0.0005007302679587156,0.0005007302679587156,2.507308012500071e-07
50,merged_z_p0p050_dedup_filtered,92,-0.0001010565465549007,0.0001546525745652616,-0.0002557091211201623,0.0002557091211201623,6.538715462404584e-08
50,merged_z_p0p050_dedup_filtered,93,9.37772128963843e-05,0.00013425250654108822,-4.0475293644703925e-05,4.0475293644703925e-05,1.63824939562501e-09
50,merged_z_p0p050_dedup_filtered,94,-0.0009597050957381725,-0.0001346870994893834,-0.0008250179962487891,0.0008250179962487891,6.80654694134367e-07
50,merged_z_p0p050_dedup_filtered,95,-0.0010046095121651888,-0.00011431432358222082,-0.000890295188582968,0.000890295188582968,7.926255228139824e-07
50,merged_z_p0p050_dedup_filtered,96,-0.0010369031224399805,-0.00023012967722024769,-0.0008067734452197328,0.0008067734452197328,6.508833919117172e-07
50,merged_z_p0p050_dedup_filtered,97,-0.0008339209598489106,-0.00034439569571986794,-0.0004895252641290426,0.0004895252641290426,2.3963498422060895e-07
50,merged_z_p0p050_dedup_filtered,98,-0.0007184109417721629,-0.00040538940811529756,-0.00031302153365686536,0.00031302153365686536,9.798248053289609e-08
50,merged_z_p0p050_dedup_filtered,99,-0.0009280428057536483,-0.0002708356478251517,-0.0006572071579284966,0.0006572071579284966,4.3192124843245187e-07
50,merged_z_p0p050_dedup_filtered,100,-0.0007779677398502827,-0.000311625306494534,-0.00046634243335574865,0.00046634243335574865,2.1747526514816087e-07
50,merged_z_p0p050_dedup_filtered,101,-0.0005655846907757223,-0.00046654770267196,-9.903698810376227e-05,9.903698810376227e-05,9.80832501266475e-09
50,merged_z_p0p050_dedup_filtered,102,-0.00042565353214740753,-0.0005277741001918912,0.00010212056804448366,0.00010212056804448366,1.0428610417728018e-08
50,merged_z_p0p050_dedup_filtered,103,-0.0006255076732486486,-0.0003524541389197111,-0.00027305353432893753,0.00027305353432893753,7.455823260952427e-08
50,merged_z_p0p050_dedup_filtered,104,-0.0005121487774886191,-0.00039330110303126276,-0.00011884767445735633,0.00011884767445735633,1.4124769723921749e-08
50,merged_z_p0p050_dedup_filtered,105,-0.000351464725099504,-0.0005890292231924832,0.0002375644980929792,0.0002375644980929792,5.6436890754169115e-08
50,merged_z_p0p050_dedup_filtered,106,-0.0003857844858430326,-0.0006503114709630609,0.00026452698512002826,0.00026452698512002826,6.997452585669165e-08
50,merged_z_p0p050_dedup_filtered,107,-0.0004727081104647368,-0.000434155750554055,-3.8552359910681844e-05,3.8552359910681844e-05,1.4862844546827486e-09
50,merged_z_p0p050_dedup_filtered,108,-0.000635053962469101,0.006046776194125414,-0.006681830156594515,0.006681830156594515,4.464685424157588e-05
50,merged_z_p0p050_dedup_filtered,109,-0.0007191662443801761,-0.000195943663129583,-0.0005232225812505931,0.0005232225812505931,2.7376186953053346e-07
50,merged_z_p0p050_dedup_filtered,110,-0.0008073151693679392,-0.00017551530618220568,-0.0006317998631857336,0.0006317998631857336,3.9917106712151164e-07
50,merged_z_p0p050_dedup_filtered,111,-0.0008909706957638264,-0.0001550936867715791,-0.0007358770089922473,0.0007358770089922473,5.41514972363376e-07
50,merged_z_p0p050_dedup_filtered,112,-0.0010770504595711827,-0.00018960496527142823,-0.0008874454942997545,0.0008874454942997545,7.875595053529356e-07
50,merged_z_p0p050_dedup_filtered,113,-0.0005274125142022967,-0.00047501467633992434,-5.23978378623724e-05,5.23978378623724e-05,2.7455334126514665e-09
50,merged_z_p0p050_dedup_filtered,114,-0.0005505993030965328,-0.0007115888292901218,0.00016098952619358897,0.00016098952619358897,2.591762754403627e-08
50,merged_z_p0p050_dedup_filtered,115,-0.0008408823632635176,-0.0007728756172582507,-6.80067460052669e-05,6.80067460052669e-05,4.624917502224886e-09
50,merged_z_p0p050_dedup_filtered,116,-0.0006771200569346547,-0.0005158754647709429,-0.00016124459216371179,0.00016124459216371179,2.5999818502041744e-08
50,merged_z_p0p050_dedup_filtered,117,-0.0009027458727359772,-0.0005567368352785707,-0.0003460090374574065,0.0003460090374574065,1.1972225400220095e-07
50,merged_z_p0p050_dedup_filtered,118,-0.0012242842931300402,-0.0008341713109984994,-0.0003901129821315408,0.0003901129821315408,1.5218813882756385e-07
50,merged_z_p0p050_dedup_filtered,119,-0.0016469124238938093,-0.0008954599034041166,-0.0007514525204896927,0.0007514525204896927,5.64680890550312e-07
50,merged_z_p0p050_dedup_filtered,120,-0.0004971006419509649,-0.00027767239953391254,-0.0002194282424170524,0.0002194282424170524,4.814875357023671e-08
50,merged_z_p0p050_dedup_filtered,121,-0.0005216210265643895,-0.00025723950238898396,-0.0002643815241754055,0.0002643815241754055,6.989759032531052e-08
50,merged_z_p0p050_dedup_filtered,122,-0.00033778607030399144,0.000771452090702951,-0.0011092381610069424,0.0011092381610069424,1.2304092978340635e-06
50,merged_z_p0p050_dedup_filtered,123,-6.410360219888389e-05,0.0008390358416363597,-0.0009031394438352436,0.0009031394438352436,8.156608550110331e-07
50,merged_z_p0p050_dedup_filtered,124,0.0004521072842180729,0.0009618177427910268,-0.0005097104585729539,0.0005097104585729539,2.59804751578651e-07
50,merged_z_p0p050_dedup_filtered,125,0.000802618102170527,0.0010490822605788708,-0.0002464641584083438,0.0002464641584083438,6.074458137993318e-08
50,merged_z_p0p050_dedup_filtered,126,0.0008960763807408512,0.028009284287691116,-0.027113207906950265,0.027113207906950265,0.0007351260430055104
50,merged_z_p0p050_dedup_filtered,127,0.0009182627545669675,0.0011778248008340597,-0.00025956204626709223,0.00025956204626709223,6.737245586236013e-08
